# https://github.com/mikedh/trimesh
v -11.97389666 -6.30404443 5.61440746
v -11.67774816 -6.60019293 5.61440746
v -11.67774816 -6.30404443 5.31825896
v -11.97389666 -6.30404443 6.20670445
v -11.67774816 -6.60019293 6.20670445
v -11.67774816 -6.30404443 6.50285295
v -11.97389666 -5.71174744 5.61440746
v -11.67774816 -5.71174744 5.31825896
v -11.97389666 -5.71174744 6.20670445
v -11.67774816 -5.71174744 6.50285295
v -11.97389666 -5.11945045 5.61440746
v -11.67774816 -5.11945045 5.31825896
v -11.97389666 -5.11945045 6.20670445
v -11.67774816 -5.41559894 6.79900144
v -11.97389666 -5.11945045 6.79900144
v -11.67774816 -5.11945045 7.09514994
v -11.97389666 -4.52715346 5.02211047
v -11.67774816 -4.82330195 5.02211047
v -11.67774816 -4.52715346 4.72596197
v -11.97389666 -4.52715346 5.61440746
v -11.97389666 -4.52715346 6.20670445
v -11.97389666 -4.52715346 6.79900144
v -11.67774816 -4.52715346 7.09514994
v -11.67774816 -4.23100496 5.02211047
v -11.67774816 -3.93485647 5.31825896
v -11.97389666 -3.93485647 5.61440746
v -11.97389666 -3.93485647 6.20670445
v -11.67774816 -3.93485647 6.50285295
v -11.67774816 -4.23100496 6.79900144
v -11.97389666 -3.34255947 4.42981348
v -11.67774816 -3.63870797 4.42981348
v -11.67774816 -3.34255947 4.13366498
v -11.97389666 -3.34255947 5.02211047
v -11.67774816 -3.63870797 5.02211047
v -11.67774816 -3.63870797 5.61440746
v -11.67774816 -3.34255947 5.31825896
v -11.67774816 -3.63870797 6.20670445
v -11.97389666 -2.75026248 3.83751649
v -11.67774816 -3.04641098 3.83751649
v -11.67774816 -2.75026248 3.54136799
v -11.97389666 -2.75026248 4.42981348
v -11.97389666 -2.75026248 5.02211047
v -11.67774816 -2.75026248 5.31825896
v -11.97389666 -2.15796549 3.83751649
v -11.67774816 -2.15796549 3.54136799
v -11.97389666 -2.15796549 4.42981348
v -11.97389666 -2.15796549 5.02211047
v -11.67774816 -2.15796549 5.31825896
v -11.97389666 -1.56566850 3.83751649
v -11.67774816 -1.56566850 3.54136799
v -11.97389666 -1.56566850 4.42981348
v -11.97389666 -1.56566850 5.02211047
v -11.67774816 -1.56566850 5.31825896
v -11.67774816 -1.26952000 3.83751649
v -11.67774816 -1.26952000 4.42981348
v -11.67774816 -1.26952000 5.02211047
v -11.38159967 -7.48863841 6.20670445
v -11.08545117 -7.78478691 6.20670445
v -11.08545117 -7.48863841 5.91055596
v -11.38159967 -7.48863841 6.79900144
v -11.08545117 -7.78478691 6.79900144
v -11.08545117 -7.48863841 7.09514994
v -11.38159967 -6.89634142 5.61440746
v -11.08545117 -7.19248992 5.61440746
v -11.08545117 -6.89634142 5.31825896
v -11.38159967 -6.89634142 6.20670445
v -11.38159967 -6.89634142 6.79900144
v -11.08545117 -7.19248992 7.39129843
v -11.38159967 -6.89634142 7.39129843
v -11.08545117 -6.89634142 7.68744693
v -11.08545117 -6.30404443 5.31825896
v -11.38159967 -6.30404443 6.79900144
v -11.38159967 -6.30404443 7.39129843
v -11.08545117 -6.30404443 7.68744693
v -11.38159967 -5.71174744 5.02211047
v -11.08545117 -6.00789593 5.02211047
v -11.08545117 -5.71174744 4.72596197
v -11.38159967 -5.71174744 6.79900144
v -11.38159967 -5.71174744 7.39129843
v -11.08545117 -5.71174744 7.68744693
v -11.38159967 -5.11945045 5.02211047
v -11.08545117 -5.11945045 4.72596197
v -11.38159967 -5.11945045 5.61440746
v -11.08545117 -5.41559894 5.61440746
v -11.08545117 -5.11945045 5.31825896
v -11.08545117 -5.41559894 6.20670445
v -11.38159967 -5.11945045 6.20670445
v -11.08545117 -5.11945045 6.50285295
v -11.38159967 -5.11945045 7.39129843
v -11.08545117 -5.41559894 7.98359542
v -11.38159967 -5.11945045 7.98359542
v -11.08545117 -5.11945045 8.27974392
v -11.38159967 -4.52715346 4.42981348
v -11.08545117 -4.82330195 4.42981348
v -11.08545117 -4.52715346 4.13366498
v -11.08545117 -4.52715346 5.31825896
v -11.38159967 -4.52715346 5.61440746
v -11.38159967 -4.52715346 6.20670445
v -11.08545117 -4.52715346 6.50285295
v -11.38159967 -4.52715346 7.39129843
v -11.38159967 -4.52715346 7.98359542
v -11.08545117 -4.52715346 8.27974392
v -11.38159967 -3.93485647 3.83751649
v -11.08545117 -4.23100496 3.83751649
v -11.08545117 -3.93485647 3.54136799
v -11.38159967 -3.93485647 4.42981348
v -11.38159967 -3.93485647 5.02211047
v -11.08545117 -4.23100496 5.61440746
v -11.08545117 -4.23100496 6.20670445
v -11.38159967 -3.93485647 6.79900144
v -11.38159967 -3.93485647 7.39129843
v -11.08545117 -3.93485647 7.68744693
v -11.08545117 -4.23100496 7.98359542
v -11.38159967 -3.34255947 3.24521949
v -11.08545117 -3.63870797 3.24521949
v -11.08545117 -3.34255947 2.94907100
v -11.38159967 -3.34255947 3.83751649
v -11.38159967 -3.34255947 5.61440746
v -11.38159967 -3.34255947 6.20670445
v -11.38159967 -3.34255947 6.79900144
v -11.08545117 -3.34255947 7.09514994
v -11.08545117 -3.63870797 7.39129843
v -11.38159967 -2.75026248 3.24521949
v -11.08545117 -2.75026248 2.94907100
v -11.38159967 -2.75026248 5.61440746
v -11.38159967 -2.75026248 6.20670445
v -11.08545117 -2.75026248 6.50285295
v -11.08545117 -3.04641098 6.79900144
v -11.38159967 -2.15796549 3.24521949
v -11.08545117 -2.15796549 2.94907100
v -11.38159967 -2.15796549 4.42981348
v -11.08545117 -2.15796549 4.13366498
v -11.08545117 -2.45411399 4.42981348
v -11.08545117 -2.15796549 4.72596197
v -11.38159967 -2.15796549 5.61440746
v -11.38159967 -2.15796549 6.20670445
v -11.08545117 -2.15796549 6.50285295
v -11.38159967 -1.56566850 3.24521949
v -11.08545117 -1.56566850 2.94907100
v -11.08545117 -1.86181700 4.42981348
v -11.38159967 -1.56566850 5.61440746
v -11.38159967 -1.56566850 6.20670445
v -11.08545117 -1.56566850 6.50285295
v -11.38159967 -0.97337151 3.24521949
v -11.08545117 -0.97337151 2.94907100
v -11.38159967 -0.97337151 3.83751649
v -11.38159967 -0.97337151 4.42981348
v -11.38159967 -0.97337151 5.02211047
v -11.38159967 -0.97337151 5.61440746
v -11.08545117 -0.97337151 5.91055596
v -11.08545117 -1.26952000 6.20670445
v -11.08545117 -0.67722301 3.24521949
v -11.08545117 -0.67722301 3.83751649
v -11.08545117 -0.38107452 4.13366498
v -11.38159967 -0.38107452 4.42981348
v -11.38159967 -0.38107452 5.02211047
v -11.08545117 -0.38107452 5.31825896
v -11.08545117 -0.67722301 5.61440746
v -11.08545117 -0.08492602 4.42981348
v -11.08545117 -0.08492602 5.02211047
v -10.49315418 -7.78478691 6.20670445
v -10.49315418 -7.48863841 5.91055596
v -10.49315418 -7.78478691 6.79900144
v -10.78930268 -7.48863841 7.39129843
v -10.49315418 -7.78478691 7.39129843
v -10.49315418 -7.48863841 7.68744693
v -10.78930268 -6.89634142 5.61440746
v -10.49315418 -6.89634142 5.91055596
v -10.78930268 -6.89634142 7.98359542
v -10.49315418 -7.19248992 7.98359542
v -10.49315418 -6.89634142 8.27974392
v -10.49315418 -6.60019293 5.61440746
v -10.49315418 -6.30404443 5.31825896
v -10.78930268 -6.30404443 7.98359542
v -10.49315418 -6.60019293 8.57589242
v -10.78930268 -6.30404443 8.57589242
v -10.49315418 -6.30404443 8.87204091
v -10.49315418 -6.00789593 5.02211047
v -10.49315418 -5.71174744 4.72596197
v -10.78930268 -5.71174744 6.79900144
v -10.49315418 -5.71174744 6.50285295
v -10.49315418 -6.00789593 6.79900144
v -10.49315418 -5.71174744 7.09514994
v -10.78930268 -5.71174744 7.98359542
v -10.78930268 -5.71174744 8.57589242
v -10.49315418 -5.71174744 8.87204091
v -10.49315418 -5.11945045 4.72596197
v -10.78930268 -5.11945045 5.61440746
v -10.49315418 -5.11945045 5.91055596
v -10.49315418 -5.41559894 6.20670445
v -10.78930268 -5.11945045 6.79900144
v -10.49315418 -5.11945045 7.09514994
v -10.78930268 -5.11945045 8.57589242
v -10.49315418 -5.11945045 8.87204091
v -10.78930268 -4.52715346 3.83751649
v -10.49315418 -4.82330195 3.83751649
v -10.49315418 -4.52715346 3.54136799
v -10.49315418 -4.82330195 4.42981348
v -10.49315418 -4.52715346 5.31825896
v -10.49315418 -4.82330195 5.61440746
v -10.78930268 -4.52715346 6.79900144
v -10.49315418 -4.82330195 7.39129843
v -10.78930268 -4.52715346 7.39129843
v -10.49315418 -4.52715346 7.68744693
v -10.78930268 -4.52715346 8.57589242
v -10.49315418 -4.52715346 8.87204091
v -10.78930268 -3.93485647 3.24521949
v -10.49315418 -4.23100496 3.24521949
v -10.49315418 -3.93485647 2.94907100
v -10.78930268 -3.93485647 5.02211047
v -10.49315418 -3.93485647 4.72596197
v -10.49315418 -4.23100496 5.02211047
v -10.78930268 -3.93485647 5.61440746
v -10.78930268 -3.93485647 6.20670445
v -10.78930268 -3.93485647 6.79900144
v -10.49315418 -3.93485647 7.09514994
v -10.49315418 -4.23100496 7.39129843
v -10.78930268 -3.93485647 7.98359542
v -10.49315418 -3.93485647 8.27974392
v -10.49315418 -4.23100496 8.57589242
v -10.78930268 -3.34255947 2.65292250
v -10.49315418 -3.63870797 2.65292250
v -10.49315418 -3.34255947 2.35677401
v -10.78930268 -3.34255947 4.42981348
v -10.49315418 -3.34255947 4.13366498
v -10.49315418 -3.63870797 4.42981348
v -10.78930268 -3.34255947 5.02211047
v -10.78930268 -3.34255947 5.61440746
v -10.49315418 -3.34255947 5.91055596
v -10.49315418 -3.63870797 6.20670445
v -10.49315418 -3.63870797 6.79900144
v -10.78930268 -3.34255947 7.39129843
v -10.78930268 -3.34255947 7.98359542
v -10.49315418 -3.34255947 8.27974392
v -10.78930268 -2.75026248 2.65292250
v -10.49315418 -2.75026248 2.35677401
v -10.78930268 -2.75026248 3.83751649
v -10.49315418 -2.75026248 3.54136799
v -10.49315418 -3.04641098 3.83751649
v -10.78930268 -2.75026248 4.42981348
v -10.78930268 -2.75026248 5.02211047
v -10.78930268 -2.75026248 5.61440746
v -10.49315418 -2.75026248 5.91055596
v -10.78930268 -2.75026248 6.79900144
v -10.78930268 -2.75026248 7.39129843
v -10.49315418 -2.75026248 7.68744693
v -10.49315418 -3.04641098 7.98359542
v -10.78930268 -2.15796549 2.65292250
v -10.49315418 -2.15796549 2.35677401
v -10.78930268 -2.15796549 3.83751649
v -10.49315418 -2.15796549 3.54136799
v -10.78930268 -2.15796549 5.02211047
v -10.78930268 -2.15796549 5.61440746
v -10.49315418 -2.15796549 5.91055596
v -10.78930268 -2.15796549 6.79900144
v -10.49315418 -2.15796549 7.09514994
v -10.49315418 -2.45411399 7.39129843
v -10.78930268 -1.56566850 2.65292250
v -10.49315418 -1.56566850 2.35677401
v -10.78930268 -1.56566850 3.83751649
v -10.49315418 -1.56566850 3.54136799
v -10.78930268 -1.56566850 4.42981348
v -10.78930268 -1.56566850 5.02211047
v -10.78930268 -1.56566850 5.61440746
v -10.49315418 -1.56566850 5.91055596
v -10.49315418 -1.56566850 6.50285295
v -10.49315418 -1.86181700 6.79900144
v -10.78930268 -0.97337151 2.65292250
v -10.49315418 -0.97337151 2.35677401
v -10.49315418 -1.26952000 3.83751649
v -10.78930268 -0.97337151 4.42981348
v -10.49315418 -0.97337151 4.13366498
v -10.78930268 -0.97337151 5.02211047
v -10.49315418 -0.97337151 5.31825896
v -10.49315418 -1.26952000 5.61440746
v -10.49315418 -0.97337151 5.91055596
v -10.49315418 -1.26952000 6.20670445
v -10.49315418 -0.67722301 2.65292250
v -10.78930268 -0.38107452 3.24521949
v -10.49315418 -0.38107452 2.94907100
v -10.78930268 -0.38107452 3.83751649
v -10.49315418 -0.67722301 4.42981348
v -10.49315418 -0.67722301 5.02211047
v -10.78930268 -0.38107452 5.61440746
v -10.49315418 -0.38107452 5.91055596
v -10.49315418 -0.08492602 3.24521949
v -10.49315418 -0.08492602 3.83751649
v -10.49315418 -0.08492602 4.42981348
v -10.49315418 -0.08492602 5.02211047
v -10.49315418 -0.08492602 5.61440746
v -10.19700569 -7.48863841 6.20670445
v -10.19700569 -7.48863841 6.79900144
v -9.90085719 -7.48863841 7.09514994
v -9.90085719 -7.78478691 7.39129843
v -10.19700569 -7.48863841 7.98359542
v -9.90085719 -7.78478691 7.98359542
v -9.90085719 -7.48863841 8.27974392
v -10.19700569 -6.89634142 6.20670445
v -10.19700569 -6.89634142 6.79900144
v -9.90085719 -6.89634142 7.09514994
v -10.19700569 -6.89634142 8.57589242
v -9.90085719 -7.19248992 8.57589242
v -9.90085719 -6.89634142 8.87204091
v -10.19700569 -6.30404443 5.61440746
v -10.19700569 -6.30404443 6.20670445
v -9.90085719 -6.30404443 6.50285295
v -9.90085719 -6.60019293 6.79900144
v -9.90085719 -6.30404443 8.87204091
v -10.19700569 -5.71174744 5.02211047
v -9.90085719 -5.71174744 5.31825896
v -9.90085719 -6.00789593 5.61440746
v -9.90085719 -6.00789593 6.20670445
v -10.19700569 -5.71174744 6.79900144
v -9.90085719 -5.71174744 8.87204091
v -9.90085719 -5.41559894 5.02211047
v -9.90085719 -5.11945045 4.72596197
v -10.19700569 -5.11945045 6.20670445
v -10.19700569 -5.11945045 6.79900144
v -9.90085719 -5.41559894 9.16818941
v -10.19700569 -5.11945045 9.16818941
v -9.90085719 -5.11945045 9.46433790
v -10.19700569 -4.52715346 3.24521949
v -9.90085719 -4.82330195 3.24521949
v -9.90085719 -4.52715346 2.94907100
v -9.90085719 -4.82330195 3.83751649
v -9.90085719 -4.82330195 4.42981348
v -10.19700569 -4.52715346 5.61440746
v -10.19700569 -4.52715346 6.20670445
v -10.19700569 -4.52715346 6.79900144
v -9.90085719 -4.82330195 7.39129843
v -9.90085719 -4.52715346 7.09514994
v -9.90085719 -4.52715346 7.68744693
v -10.19700569 -4.52715346 9.16818941
v -9.90085719 -4.52715346 9.46433790
v -10.19700569 -3.93485647 2.65292250
v -9.90085719 -4.23100496 2.65292250
v -9.90085719 -3.93485647 2.35677401
v -9.90085719 -4.23100496 3.83751649
v -10.19700569 -3.93485647 3.83751649
v -9.90085719 -3.93485647 3.54136799
v -9.90085719 -4.23100496 4.42981348
v -10.19700569 -3.93485647 4.42981348
v -9.90085719 -4.23100496 5.02211047
v -9.90085719 -4.23100496 5.61440746
v -9.90085719 -4.23100496 6.20670445
v -9.90085719 -4.23100496 6.79900144
v -10.19700569 -3.93485647 7.39129843
v -9.90085719 -3.93485647 7.68744693
v -10.19700569 -3.93485647 8.57589242
v -9.90085719 -3.93485647 8.87204091
v -9.90085719 -4.23100496 9.16818941
v -9.90085719 -3.34255947 2.35677401
v -10.19700569 -3.34255947 3.83751649
v -9.90085719 -3.34255947 3.54136799
v -10.19700569 -3.34255947 6.20670445
v -10.19700569 -3.34255947 6.79900144
v -9.90085719 -3.34255947 7.09514994
v -9.90085719 -3.63870797 7.39129843
v -9.90085719 -3.34255947 8.27974392
v -9.90085719 -3.63870797 8.57589242
v -10.19700569 -2.75026248 2.06062551
v -9.90085719 -3.04641098 2.06062551
v -9.90085719 -2.75026248 1.76447702
v -10.19700569 -2.75026248 3.24521949
v -9.90085719 -2.75026248 2.94907100
v -9.90085719 -3.04641098 3.24521949
v -10.19700569 -2.75026248 6.20670445
v -9.90085719 -2.75026248 6.50285295
v -9.90085719 -3.04641098 6.79900144
v -9.90085719 -2.75026248 7.68744693
v -9.90085719 -3.04641098 7.98359542
v -10.19700569 -2.15796549 2.06062551
v -9.90085719 -2.15796549 1.76447702
v -10.19700569 -2.15796549 3.24521949
v -9.90085719 -2.15796549 2.94907100
v -9.90085719 -2.45411399 6.20670445
v -9.90085719 -2.15796549 5.91055596
v -9.90085719 -2.15796549 7.09514994
v -9.90085719 -2.45411399 7.39129843
v -10.19700569 -1.56566850 2.06062551
v -9.90085719 -1.56566850 1.76447702
v -10.19700569 -1.56566850 3.24521949
v -9.90085719 -1.56566850 2.94907100
v -9.90085719 -1.56566850 5.91055596
v -9.90085719 -1.56566850 6.50285295
v -9.90085719 -1.86181700 6.79900144
v -9.90085719 -1.26952000 2.06062551
v -9.90085719 -0.97337151 2.35677401
v -9.90085719 -1.26952000 3.24521949
v -10.19700569 -0.97337151 3.83751649
v -9.90085719 -0.97337151 3.54136799
v -10.19700569 -0.97337151 5.02211047
v -9.90085719 -1.26952000 5.02211047
v -9.90085719 -0.97337151 4.72596197
v -9.90085719 -1.26952000 5.61440746
v -9.90085719 -0.97337151 5.91055596
v -9.90085719 -1.26952000 6.20670445
v -10.19700569 -0.38107452 2.65292250
v -9.90085719 -0.38107452 2.35677401
v -9.90085719 -0.67722301 3.83751649
v -9.90085719 -0.67722301 4.42981348
v -9.90085719 -0.38107452 5.91055596
v -9.90085719 -0.08492602 2.65292250
v -9.90085719 -0.08492602 3.24521949
v -10.19700569 0.21122247 3.83751649
v -9.90085719 0.21122247 3.54136799
v -10.19700569 0.21122247 4.42981348
v -9.90085719 0.21122247 4.72596197
v -9.90085719 -0.08492602 5.02211047
v -9.90085719 -0.08492602 5.61440746
v -9.90085719 0.50737097 3.83751649
v -9.90085719 0.50737097 4.42981348
v -9.60470869 -7.48863841 7.39129843
v -9.60470869 -7.48863841 7.98359542
v -9.60470869 -6.89634142 7.39129843
v -9.60470869 -6.89634142 7.98359542
v -9.30856020 -7.19248992 8.57589242
v -9.30856020 -6.89634142 8.27974392
v -9.60470869 -6.89634142 9.16818941
v -9.30856020 -7.19248992 9.16818941
v -9.30856020 -6.89634142 9.46433790
v -9.60470869 -6.30404443 6.79900144
v -9.60470869 -6.30404443 7.39129843
v -9.30856020 -6.30404443 7.68744693
v -9.30856020 -6.60019293 7.98359542
v -9.60470869 -6.30404443 9.16818941
v -9.30856020 -6.30404443 9.46433790
v -9.60470869 -5.71174744 5.61440746
v -9.60470869 -5.71174744 6.20670445
v -9.60470869 -5.71174744 6.79900144
v -9.30856020 -5.71174744 7.09514994
v -9.30856020 -6.00789593 7.39129843
v -9.60470869 -5.71174744 9.16818941
v -9.30856020 -5.71174744 9.46433790
v -9.60470869 -5.11945045 5.02211047
v -9.60470869 -5.11945045 5.61440746
v -9.60470869 -5.11945045 6.20670445
v -9.30856020 -5.11945045 6.50285295
v -9.30856020 -5.41559894 6.79900144
v -9.30856020 -5.11945045 9.46433790
v -9.30856020 -4.82330195 3.24521949
v -9.30856020 -4.52715346 2.94907100
v -9.30856020 -4.82330195 3.83751649
v -9.30856020 -4.82330195 4.42981348
v -9.30856020 -4.82330195 5.02211047
v -9.30856020 -4.82330195 5.61440746
v -9.30856020 -4.82330195 6.20670445
v -9.60470869 -4.52715346 7.39129843
v -9.30856020 -4.52715346 9.46433790
v -9.30856020 -4.23100496 2.65292250
v -9.30856020 -3.93485647 2.35677401
v -9.60470869 -3.93485647 3.83751649
v -9.60470869 -3.93485647 4.42981348
v -9.60470869 -3.93485647 5.02211047
v -9.60470869 -3.93485647 5.61440746
v -9.60470869 -3.93485647 6.20670445
v -9.60470869 -3.93485647 6.79900144
v -9.60470869 -3.93485647 7.39129843
v -9.30856020 -3.93485647 8.87204091
v -9.30856020 -4.23100496 9.16818941
v -9.60470869 -3.34255947 2.06062551
v -9.30856020 -3.63870797 2.06062551
v -9.30856020 -3.34255947 1.76447702
v -9.60470869 -3.34255947 3.24521949
v -9.30856020 -3.34255947 2.94907100
v -9.30856020 -3.63870797 3.24521949
v -9.30856020 -3.63870797 3.83751649
v -9.30856020 -3.63870797 4.42981348
v -9.30856020 -3.63870797 5.02211047
v -9.30856020 -3.63870797 5.61440746
v -9.30856020 -3.63870797 6.20670445
v -9.30856020 -3.34255947 6.50285295
v -9.60470869 -3.34255947 6.79900144
v -9.30856020 -3.34255947 8.27974392
v -9.30856020 -3.63870797 8.57589242
v -9.30856020 -2.75026248 1.76447702
v -9.30856020 -3.04641098 2.65292250
v -9.60470869 -2.75026248 2.65292250
v -9.30856020 -2.75026248 2.35677401
v -9.30856020 -2.75026248 6.50285295
v -9.30856020 -3.04641098 7.39129843
v -9.60470869 -2.75026248 7.39129843
v -9.30856020 -2.75026248 7.09514994
v -9.30856020 -3.04641098 7.98359542
v -9.30856020 -2.15796549 1.76447702
v -9.60470869 -2.15796549 2.65292250
v -9.30856020 -2.15796549 2.35677401
v -9.30856020 -2.45411399 6.20670445
v -9.30856020 -2.15796549 5.91055596
v -9.30856020 -2.15796549 7.09514994
v -9.30856020 -1.56566850 1.76447702
v -9.60470869 -1.56566850 2.65292250
v -9.30856020 -1.56566850 2.35677401
v -9.30856020 -1.56566850 5.91055596
v -9.30856020 -1.56566850 6.50285295
v -9.30856020 -1.86181700 6.79900144
v -9.60470869 -0.97337151 2.06062551
v -9.30856020 -0.97337151 1.76447702
v -9.30856020 -1.26952000 2.65292250
v -9.60470869 -0.97337151 3.24521949
v -9.30856020 -0.97337151 2.94907100
v -9.30856020 -1.26952000 5.02211047
v -9.30856020 -0.97337151 4.72596197
v -9.30856020 -1.26952000 5.61440746
v -9.60470869 -0.97337151 6.20670445
v -9.30856020 -0.97337151 6.50285295
v -9.30856020 -0.67722301 2.06062551
v -9.30856020 -0.38107452 2.35677401
v -9.30856020 -0.67722301 3.24521949
v -9.30856020 -0.67722301 3.83751649
v -9.30856020 -0.67722301 4.42981348
v -9.60470869 -0.38107452 5.61440746
v -9.30856020 -0.38107452 5.31825896
v -9.30856020 -0.67722301 5.61440746
v -9.30856020 -0.67722301 6.20670445
v -9.30856020 -0.08492602 2.65292250
v -9.60470869 0.21122247 3.24521949
v -9.30856020 0.21122247 2.94907100
v -9.30856020 0.21122247 4.72596197
v -9.30856020 -0.08492602 5.02211047
v -9.30856020 0.50737097 3.24521949
v -9.30856020 0.50737097 3.83751649
v -9.30856020 0.50737097 4.42981348
v -9.01241170 -6.89634142 8.57589242
v -9.01241170 -6.89634142 9.16818941
v -9.01241170 -6.30404443 7.98359542
v -9.01241170 -6.30404443 8.57589242
v -9.01241170 -6.30404443 9.16818941
v -9.01241170 -5.71174744 7.39129843
v -9.01241170 -5.71174744 7.98359542
v -9.01241170 -5.71174744 8.57589242
v -9.01241170 -5.71174744 9.16818941
v -9.01241170 -5.11945045 6.79900144
v -9.01241170 -5.11945045 7.39129843
v -9.01241170 -5.11945045 7.98359542
v -9.01241170 -5.11945045 8.57589242
v -9.01241170 -5.11945045 9.16818941
v -9.01241170 -4.52715346 3.24521949
v -8.71626321 -4.52715346 3.54136799
v -8.71626321 -4.82330195 3.83751649
v -9.01241170 -4.52715346 4.42981348
v -8.71626321 -4.52715346 4.13366498
v -9.01241170 -4.52715346 5.02211047
v -9.01241170 -4.52715346 5.61440746
v -9.01241170 -4.52715346 6.20670445
v -9.01241170 -4.52715346 6.79900144
v -9.01241170 -4.52715346 7.39129843
v -9.01241170 -4.52715346 7.98359542
v -9.01241170 -4.52715346 8.57589242
v -9.01241170 -4.52715346 9.16818941
v -8.71626321 -4.23100496 2.65292250
v -8.71626321 -3.93485647 2.35677401
v -8.71626321 -4.23100496 3.24521949
v -8.71626321 -4.23100496 4.42981348
v -8.71626321 -4.23100496 5.02211047
v -8.71626321 -4.23100496 5.61440746
v -8.71626321 -4.23100496 6.20670445
v -9.01241170 -3.93485647 6.79900144
v -8.71626321 -3.93485647 6.50285295
v -9.01241170 -3.93485647 7.39129843
v -8.71626321 -3.93485647 7.68744693
v -8.71626321 -4.23100496 7.98359542
v -9.01241170 -3.93485647 8.57589242
v -8.71626321 -3.93485647 8.27974392
v -8.71626321 -3.63870797 2.06062551
v -8.71626321 -3.34255947 1.76447702
v -9.01241170 -3.34255947 3.24521949
v -9.01241170 -3.34255947 3.83751649
v -9.01241170 -3.34255947 4.42981348
v -9.01241170 -3.34255947 5.02211047
v -9.01241170 -3.34255947 5.61440746
v -9.01241170 -3.34255947 6.20670445
v -8.71626321 -3.63870797 6.79900144
v -9.01241170 -3.34255947 7.39129843
v -8.71626321 -3.34255947 7.09514994
v -8.71626321 -3.63870797 7.98359542
v -9.01241170 -3.34255947 7.98359542
v -8.71626321 -2.75026248 1.76447702
v -8.71626321 -2.75026248 2.35677401
v -8.71626321 -3.04641098 2.65292250
v -8.71626321 -3.04641098 3.24521949
v -8.71626321 -3.04641098 3.83751649
v -8.71626321 -3.04641098 4.42981348
v -8.71626321 -3.04641098 5.02211047
v -8.71626321 -2.75026248 5.31825896
v -9.01241170 -2.75026248 5.61440746
v -9.01241170 -2.75026248 6.20670445
v -8.71626321 -2.75026248 7.09514994
v -8.71626321 -2.15796549 1.76447702
v -8.71626321 -2.15796549 2.35677401
v -8.71626321 -2.45411399 5.61440746
v -8.71626321 -2.15796549 5.91055596
v -8.71626321 -2.15796549 7.09514994
v -8.71626321 -1.56566850 1.76447702
v -8.71626321 -1.56566850 2.35677401
v -9.01241170 -1.56566850 5.61440746
v -8.71626321 -1.86181700 5.61440746
v -8.71626321 -1.56566850 5.31825896
v -8.71626321 -1.56566850 6.50285295
v -8.71626321 -1.86181700 6.79900144
v -8.71626321 -0.97337151 1.76447702
v -9.01241170 -0.97337151 2.65292250
v -8.71626321 -0.97337151 2.35677401
v -8.71626321 -1.26952000 5.02211047
v -8.71626321 -0.97337151 4.72596197
v -8.71626321 -1.26952000 6.20670445
v -9.01241170 -0.97337151 6.20670445
v -8.71626321 -0.97337151 5.91055596
v -9.01241170 -0.38107452 2.06062551
v -8.71626321 -0.38107452 1.76447702
v -8.71626321 -0.67722301 2.65292250
v -8.71626321 -0.67722301 3.24521949
v -9.01241170 -0.38107452 3.83751649
v -8.71626321 -0.38107452 3.54136799
v -8.71626321 -0.38107452 4.13366498
v -8.71626321 -0.67722301 4.42981348
v -8.71626321 -0.38107452 5.31825896
v -8.71626321 -0.67722301 5.61440746
v -9.01241170 0.21122247 2.06062551
v -8.71626321 0.21122247 1.76447702
v -9.01241170 0.21122247 2.65292250
v -8.71626321 -0.08492602 3.83751649
v -8.71626321 0.21122247 4.72596197
v -8.71626321 -0.08492602 5.02211047
v -9.01241170 0.80351947 2.06062551
v -8.71626321 0.80351947 1.76447702
v -9.01241170 0.80351947 2.65292250
v -9.01241170 0.80351947 3.24521949
v -9.01241170 0.80351947 3.83751649
v -8.71626321 0.80351947 4.13366498
v -8.71626321 0.50737097 4.42981348
v -8.71626321 1.09966796 2.06062551
v -8.71626321 1.39581646 2.35677401
v -9.01241170 1.39581646 2.65292250
v -9.01241170 1.39581646 3.24521949
v -8.71626321 1.39581646 3.54136799
v -8.71626321 1.09966796 3.83751649
v -8.71626321 1.69196495 2.65292250
v -8.71626321 1.69196495 3.24521949
v -8.42011471 -4.52715346 3.83751649
v -8.42011471 -3.93485647 2.65292250
v -8.12396622 -3.93485647 2.94907100
v -8.12396622 -4.23100496 3.24521949
v -8.42011471 -3.93485647 3.83751649
v -8.12396622 -3.93485647 3.54136799
v -8.42011471 -3.93485647 4.42981348
v -8.42011471 -3.93485647 5.02211047
v -8.42011471 -3.93485647 5.61440746
v -8.42011471 -3.93485647 6.20670445
v -8.42011471 -3.93485647 7.98359542
v -8.42011471 -3.34255947 2.06062551
v -8.12396622 -3.34255947 2.35677401
v -8.12396622 -3.63870797 2.65292250
v -8.12396622 -3.63870797 3.83751649
v -8.12396622 -3.63870797 4.42981348
v -8.12396622 -3.63870797 5.02211047
v -8.12396622 -3.63870797 5.61440746
v -8.12396622 -3.63870797 6.20670445
v -8.42011471 -3.34255947 6.79900144
v -8.12396622 -3.34255947 6.50285295
v -8.12396622 -3.04641098 2.06062551
v -8.12396622 -2.75026248 1.76447702
v -8.42011471 -2.75026248 2.65292250
v -8.42011471 -2.75026248 3.24521949
v -8.42011471 -2.75026248 3.83751649
v -8.42011471 -2.75026248 4.42981348
v -8.42011471 -2.75026248 5.02211047
v -8.42011471 -2.75026248 6.79900144
v -8.12396622 -2.75026248 6.50285295
v -8.12396622 -2.15796549 1.76447702
v -8.12396622 -2.15796549 2.35677401
v -8.12396622 -2.45411399 2.65292250
v -8.12396622 -2.45411399 3.24521949
v -8.12396622 -2.15796549 3.54136799
v -8.42011471 -2.15796549 3.83751649
v -8.42011471 -2.15796549 4.42981348
v -8.42011471 -2.15796549 5.02211047
v -8.42011471 -2.15796549 5.61440746
v -8.42011471 -2.15796549 6.79900144
v -8.12396622 -2.15796549 6.50285295
v -8.42011471 -1.56566850 1.46832852
v -8.12396622 -1.86181700 1.46832852
v -8.12396622 -1.56566850 1.17218002
v -8.12396622 -1.56566850 2.35677401
v -8.12396622 -1.86181700 3.83751649
v -8.12396622 -1.86181700 4.42981348
v -8.12396622 -1.56566850 4.72596197
v -8.42011471 -1.56566850 5.02211047
v -8.12396622 -1.56566850 6.50285295
v -8.42011471 -0.97337151 1.46832852
v -8.12396622 -0.97337151 1.17218002
v -8.12396622 -0.97337151 2.35677401
v -8.42011471 -0.97337151 4.42981348
v -8.12396622 -1.26952000 4.42981348
v -8.12396622 -0.97337151 4.13366498
v -8.12396622 -0.97337151 5.91055596
v -8.12396622 -1.26952000 6.20670445
v -8.42011471 -0.38107452 1.46832852
v -8.12396622 -0.38107452 1.17218002
v -8.42011471 -0.38107452 2.65292250
v -8.12396622 -0.38107452 2.35677401
v -8.42011471 -0.38107452 3.24521949
v -8.12396622 -0.38107452 4.13366498
v -8.12396622 -0.38107452 5.31825896
v -8.12396622 -0.67722301 5.61440746
v -8.42011471 0.21122247 1.46832852
v -8.12396622 0.21122247 1.17218002
v -8.12396622 -0.08492602 2.65292250
v -8.42011471 0.21122247 3.24521949
v -8.12396622 0.21122247 2.94907100
v -8.12396622 -0.08492602 3.83751649
v -8.12396622 0.21122247 3.54136799
v -8.12396622 0.21122247 4.72596197
v -8.12396622 -0.08492602 5.02211047
v -8.42011471 0.80351947 1.46832852
v -8.12396622 0.80351947 1.17218002
v -8.42011471 0.80351947 2.65292250
v -8.12396622 0.80351947 2.35677401
v -8.12396622 0.50737097 2.65292250
v -8.12396622 0.50737097 3.24521949
v -8.12396622 0.80351947 2.94907100
v -8.42011471 0.80351947 4.42981348
v -8.12396622 0.80351947 4.72596197
v -8.12396622 1.09966796 1.46832852
v -8.42011471 1.39581646 2.06062551
v -8.12396622 1.39581646 1.76447702
v -8.12396622 1.09966796 2.65292250
v -8.42011471 1.39581646 3.83751649
v -8.12396622 1.39581646 4.13366498
v -8.12396622 1.09966796 4.42981348
v -8.12396622 1.69196495 2.06062551
v -8.12396622 1.69196495 2.65292250
v -8.12396622 1.69196495 3.24521949
v -8.12396622 1.69196495 3.83751649
v -7.82781772 -3.93485647 3.24521949
v -7.53166922 -3.63870797 2.65292250
v -7.53166922 -3.34255947 2.35677401
v -7.53166922 -3.63870797 3.24521949
v -7.82781772 -3.34255947 3.83751649
v -7.53166922 -3.34255947 3.54136799
v -7.82781772 -3.34255947 4.42981348
v -7.82781772 -3.34255947 5.02211047
v -7.82781772 -3.34255947 5.61440746
v -7.82781772 -3.34255947 6.20670445
v -7.53166922 -3.04641098 2.06062551
v -7.53166922 -2.75026248 1.76447702
v -7.53166922 -3.04641098 3.83751649
v -7.82781772 -2.75026248 4.42981348
v -7.53166922 -2.75026248 4.13366498
v -7.53166922 -2.75026248 4.72596197
v -7.53166922 -3.04641098 5.02211047
v -7.53166922 -3.04641098 5.61440746
v -7.82781772 -2.75026248 6.20670445
v -7.53166922 -2.75026248 5.91055596
v -7.53166922 -2.15796549 1.76447702
v -7.82781772 -2.15796549 2.65292250
v -7.82781772 -2.15796549 3.24521949
v -7.53166922 -2.45411399 4.42981348
v -7.82781772 -2.15796549 6.20670445
v -7.53166922 -2.15796549 5.91055596
v -7.53166922 -1.86181700 1.46832852
v -7.53166922 -1.56566850 1.17218002
v -7.82781772 -1.56566850 2.65292250
v -7.82781772 -1.56566850 3.24521949
v -7.82781772 -1.56566850 3.83751649
v -7.82781772 -1.56566850 4.42981348
v -7.82781772 -1.56566850 6.20670445
v -7.53166922 -1.56566850 5.91055596
v -7.53166922 -0.97337151 1.17218002
v -7.82781772 -0.97337151 2.06062551
v -7.53166922 -0.97337151 1.76447702
v -7.53166922 -1.26952000 2.06062551
v -7.53166922 -1.26952000 2.65292250
v -7.53166922 -1.26952000 3.24521949
v -7.53166922 -0.97337151 3.54136799
v -7.82781772 -0.97337151 3.83751649
v -7.82781772 -0.97337151 5.61440746
v -7.53166922 -0.97337151 5.31825896
v -7.53166922 -1.26952000 5.61440746
v -7.53166922 -0.38107452 1.17218002
v -7.82781772 -0.38107452 2.06062551
v -7.53166922 -0.38107452 1.76447702
v -7.53166922 -0.67722301 3.83751649
v -7.53166922 -0.38107452 4.13366498
v -7.82781772 -0.38107452 5.02211047
v -7.53166922 -0.38107452 4.72596197
v -7.53166922 -0.67722301 5.02211047
v -7.53166922 0.21122247 1.17218002
v -7.82781772 0.21122247 2.06062551
v -7.53166922 0.21122247 1.76447702
v -7.82781772 0.21122247 2.65292250
v -7.82781772 0.21122247 3.83751649
v -7.53166922 0.21122247 4.13366498
v -7.53166922 0.21122247 4.72596197
v -7.53166922 0.80351947 1.17218002
v -7.53166922 0.50737097 2.06062551
v -7.53166922 0.80351947 2.35677401
v -7.82781772 0.80351947 3.24521949
v -7.53166922 0.80351947 3.54136799
v -7.53166922 0.50737097 3.83751649
v -7.53166922 0.80351947 4.72596197
v -7.82781772 1.39581646 -16.30058122
v -7.53166922 1.09966796 -16.30058122
v -7.53166922 1.39581646 -16.59672971
v -7.82781772 1.39581646 -15.70828423
v -7.53166922 1.09966796 -15.70828423
v -7.53166922 1.39581646 -15.41213573
v -7.82781772 1.39581646 1.46832852
v -7.53166922 1.39581646 1.17218002
v -7.53166922 1.09966796 2.65292250
v -7.53166922 1.09966796 3.24521949
v -7.82781772 1.39581646 4.42981348
v -7.53166922 1.39581646 4.72596197
v -7.82781772 1.98811345 -16.30058122
v -7.53166922 1.98811345 -16.59672971
v -7.82781772 1.98811345 -15.70828423
v -7.53166922 1.98811345 -15.41213573
v -7.53166922 1.69196495 1.46832852
v -7.82781772 1.98811345 2.06062551
v -7.53166922 1.98811345 1.76447702
v -7.82781772 1.98811345 2.65292250
v -7.82781772 1.98811345 3.24521949
v -7.82781772 1.98811345 3.83751649
v -7.53166922 1.98811345 4.13366498
v -7.53166922 1.69196495 4.42981348
v -7.53166922 2.28426194 -16.30058122
v -7.53166922 2.28426194 -15.70828423
v -7.53166922 2.28426194 2.06062551
v -7.53166922 2.28426194 2.65292250
v -7.53166922 2.28426194 3.24521949
v -7.53166922 2.28426194 3.83751649
v -7.23552073 -3.34255947 2.65292250
v -7.23552073 -3.34255947 3.24521949
v -7.23552073 -2.75026248 2.06062551
v -7.23552073 -2.75026248 2.65292250
v -7.23552073 -2.75026248 3.24521949
v -7.23552073 -2.75026248 3.83751649
v -7.23552073 -2.75026248 5.02211047
v -7.23552073 -2.75026248 5.61440746
v -7.23552073 -2.15796549 2.06062551
v -7.23552073 -2.15796549 2.65292250
v -7.23552073 -2.15796549 3.24521949
v -6.93937223 -2.15796549 3.54136799
v -6.93937223 -2.45411399 3.83751649
v -6.93937223 -2.45411399 4.42981348
v -7.23552073 -2.15796549 5.02211047
v -6.93937223 -2.15796549 4.72596197
v -7.23552073 -2.15796549 5.61440746
v -6.93937223 -1.86181700 1.46832852
v -6.93937223 -1.56566850 1.17218002
v -6.93937223 -1.86181700 2.06062551
v -6.93937223 -1.86181700 2.65292250
v -6.93937223 -1.86181700 3.24521949
v -7.23552073 -1.56566850 4.42981348
v -6.93937223 -1.56566850 4.13366498
v -6.93937223 -1.86181700 4.42981348
v -7.23552073 -1.56566850 5.02211047
v -7.23552073 -1.56566850 5.61440746
v -6.93937223 -0.97337151 1.17218002
v -7.23552073 -0.97337151 2.06062551
v -6.93937223 -0.97337151 2.35677401
v -6.93937223 -1.26952000 2.65292250
v -7.23552073 -0.97337151 3.24521949
v -6.93937223 -0.97337151 2.94907100
v -6.93937223 -1.26952000 4.42981348
v -7.23552073 -0.97337151 5.02211047
v -6.93937223 -0.97337151 4.72596197
v -7.23552073 -0.38107452 -16.30058122
v -6.93937223 -0.67722301 -16.30058122
v -6.93937223 -0.38107452 -16.59672971
v -7.23552073 -0.38107452 -15.70828423
v -6.93937223 -0.67722301 -15.70828423
v -6.93937223 -0.38107452 -15.41213573
v -7.23552073 -0.38107452 0.87603153
v -6.93937223 -0.67722301 0.87603153
v -6.93937223 -0.38107452 0.57988303
v -6.93937223 -0.38107452 1.76447702
v -6.93937223 -0.67722301 2.06062551
v -6.93937223 -0.67722301 3.24521949
v -7.23552073 -0.38107452 3.83751649
v -6.93937223 -0.38107452 3.54136799
v -6.93937223 -0.38107452 4.72596197
v -7.23552073 0.21122247 -16.30058122
v -6.93937223 0.21122247 -16.59672971
v -7.23552073 0.21122247 -15.70828423
v -6.93937223 0.21122247 -15.41213573
v -7.23552073 0.21122247 0.87603153
v -6.93937223 0.21122247 0.57988303
v -6.93937223 0.21122247 1.76447702
v -6.93937223 -0.08492602 3.83751649
v -6.93937223 0.21122247 4.13366498
v -6.93937223 0.21122247 4.72596197
v -7.23552073 0.80351947 -16.30058122
v -6.93937223 0.80351947 -16.59672971
v -7.23552073 0.80351947 -15.70828423
v -6.93937223 0.80351947 -15.41213573
v -6.93937223 0.50737097 0.87603153
v -6.93937223 0.80351947 1.17218002
v -7.23552073 0.80351947 2.06062551
v -6.93937223 0.80351947 1.76447702
v -7.23552073 0.80351947 3.83751649
v -6.93937223 0.80351947 4.13366498
v -6.93937223 0.80351947 4.72596197
v -6.93937223 1.39581646 -16.59672971
v -6.93937223 1.39581646 -15.41213573
v -7.23552073 1.39581646 -8.00842334
v -6.93937223 1.09966796 -8.00842334
v -6.93937223 1.39581646 -8.30457184
v -7.23552073 1.39581646 -7.41612635
v -6.93937223 1.09966796 -7.41612635
v -7.23552073 1.39581646 -6.82382936
v -6.93937223 1.09966796 -6.82382936
v -6.93937223 1.39581646 -6.52768086
v -6.93937223 1.39581646 1.17218002
v -6.93937223 1.09966796 2.06062551
v -7.23552073 1.39581646 2.65292250
v -6.93937223 1.39581646 2.35677401
v -7.23552073 1.39581646 3.24521949
v -6.93937223 1.39581646 3.54136799
v -6.93937223 1.09966796 3.83751649
v -6.93937223 1.39581646 4.72596197
v -6.93937223 1.98811345 -16.59672971
v -6.93937223 1.69196495 -15.11598724
v -7.23552073 1.98811345 -15.11598724
v -6.93937223 1.98811345 -14.81983874
v -7.23552073 1.98811345 -8.00842334
v -6.93937223 1.98811345 -8.30457184
v -7.23552073 1.98811345 -7.41612635
v -7.23552073 1.98811345 -6.82382936
v -6.93937223 1.98811345 -6.52768086
v -7.23552073 1.98811345 1.46832852
v -6.93937223 1.98811345 1.17218002
v -6.93937223 1.69196495 2.65292250
v -6.93937223 1.69196495 3.24521949
v -7.23552073 1.98811345 4.42981348
v -6.93937223 1.98811345 4.72596197
v -7.23552073 2.58041044 -16.30058122
v -6.93937223 2.58041044 -16.59672971
v -7.23552073 2.58041044 -15.70828423
v -7.23552073 2.58041044 -15.11598724
v -6.93937223 2.58041044 -14.81983874
v -6.93937223 2.28426194 -8.00842334
v -6.93937223 2.28426194 -7.41612635
v -6.93937223 2.28426194 -6.82382936
v -6.93937223 2.28426194 1.46832852
v -7.23552073 2.58041044 2.06062551
v -6.93937223 2.58041044 1.76447702
v -7.23552073 2.58041044 2.65292250
v -7.23552073 2.58041044 3.24521949
v -7.23552073 2.58041044 3.83751649
v -6.93937223 2.58041044 4.13366498
v -6.93937223 2.28426194 4.42981348
v -7.23552073 3.17270743 -16.30058122
v -6.93937223 3.17270743 -16.59672971
v -7.23552073 3.17270743 -15.70828423
v -6.93937223 3.17270743 -15.41213573
v -6.93937223 2.87655893 -15.11598724
v -6.93937223 2.87655893 2.06062551
v -6.93937223 2.87655893 2.65292250
v -6.93937223 2.87655893 3.24521949
v -6.93937223 2.87655893 3.83751649
v -6.93937223 3.46885593 -16.30058122
v -6.93937223 3.46885593 -15.70828423
v -6.64322374 -2.15796549 3.83751649
v -6.64322374 -2.15796549 4.42981348
v -6.64322374 -1.56566850 1.46832852
v -6.34707524 -1.56566850 1.76447702
v -6.34707524 -1.86181700 2.06062551
v -6.34707524 -1.86181700 2.65292250
v -6.34707524 -1.86181700 3.24521949
v -6.64322374 -1.56566850 3.83751649
v -6.34707524 -1.56566850 3.54136799
v -6.34707524 -1.26952000 1.46832852
v -6.34707524 -0.97337151 1.17218002
v -6.64322374 -0.97337151 2.65292250
v -6.34707524 -1.26952000 3.83751649
v -6.64322374 -0.97337151 4.42981348
v -6.34707524 -0.97337151 4.13366498
v -6.34707524 -0.67722301 -16.30058122
v -6.34707524 -0.38107452 -16.59672971
v -6.34707524 -0.67722301 -15.70828423
v -6.34707524 -0.38107452 -15.41213573
v -6.34707524 -0.67722301 0.87603153
v -6.34707524 -0.38107452 0.57988303
v -6.34707524 -0.38107452 1.76447702
v -6.34707524 -0.67722301 2.06062551
v -6.34707524 -0.67722301 2.65292250
v -6.34707524 -0.67722301 3.24521949
v -6.34707524 -0.38107452 3.54136799
v -6.34707524 -0.67722301 4.42981348
v -6.34707524 -0.38107452 4.72596197
v -6.34707524 0.21122247 -16.59672971
v -6.34707524 -0.08492602 -15.11598724
v -6.64322374 0.21122247 -15.11598724
v -6.34707524 0.21122247 -14.81983874
v -6.64322374 0.21122247 -10.37761131
v -6.34707524 -0.08492602 -10.37761131
v -6.34707524 0.21122247 -10.67375980
v -6.64322374 0.21122247 -9.78531431
v -6.34707524 -0.08492602 -9.78531431
v -6.64322374 0.21122247 -9.19301732
v -6.34707524 -0.08492602 -9.19301732
v -6.64322374 0.21122247 -8.60072033
v -6.34707524 -0.08492602 -8.60072033
v -6.64322374 0.21122247 -8.00842334
v -6.34707524 -0.08492602 -8.00842334
v -6.64322374 0.21122247 -7.41612635
v -6.34707524 -0.08492602 -7.41612635
v -6.64322374 0.21122247 -6.82382936
v -6.34707524 -0.08492602 -6.82382936
v -6.34707524 0.21122247 -6.52768086
v -6.34707524 0.21122247 0.57988303
v -6.34707524 0.21122247 1.76447702
v -6.34707524 -0.08492602 3.83751649
v -6.34707524 0.21122247 4.13366498
v -6.34707524 0.21122247 4.72596197
v -6.34707524 0.80351947 -16.59672971
v -6.64322374 0.80351947 -15.11598724
v -6.34707524 0.80351947 -14.81983874
v -6.64322374 0.80351947 -10.37761131
v -6.34707524 0.80351947 -10.67375980
v -6.64322374 0.80351947 -9.78531431
v -6.64322374 0.80351947 -9.19301732
v -6.64322374 0.80351947 -8.60072033
v -6.64322374 0.80351947 -8.00842334
v -6.64322374 0.80351947 -7.41612635
v -6.64322374 0.80351947 -6.82382936
v -6.34707524 0.50737097 -6.23153237
v -6.64322374 0.80351947 -6.23153237
v -6.34707524 0.80351947 -5.93538387
v -6.64322374 0.80351947 0.87603153
v -6.34707524 0.80351947 0.57988303
v -6.34707524 0.80351947 1.76447702
v -6.34707524 0.80351947 4.13366498
v -6.34707524 0.80351947 4.72596197
v -6.34707524 1.39581646 -16.59672971
v -6.64322374 1.39581646 -15.11598724
v -6.34707524 1.39581646 -14.81983874
v -6.64322374 1.39581646 -11.56220529
v -6.34707524 1.09966796 -11.56220529
v -6.34707524 1.39581646 -11.85835378
v -6.64322374 1.39581646 -10.96990830
v -6.34707524 1.09966796 -10.96990830
v -6.64322374 1.39581646 -10.37761131
v -6.64322374 1.39581646 -9.78531431
v -6.64322374 1.39581646 -9.19301732
v -6.64322374 1.39581646 -8.60072033
v -6.64322374 1.39581646 -6.23153237
v -6.34707524 1.09966796 -5.63923537
v -6.64322374 1.39581646 -5.63923537
v -6.64322374 1.39581646 -5.04693838
v -6.34707524 1.09966796 -5.04693838
v -6.34707524 1.39581646 -4.75078989
v -6.64322374 1.39581646 0.87603153
v -6.34707524 1.39581646 0.57988303
v -6.64322374 1.39581646 2.06062551
v -6.34707524 1.39581646 1.76447702
v -6.64322374 1.39581646 3.83751649
v -6.34707524 1.39581646 4.13366498
v -6.34707524 1.09966796 5.02211047
v -6.64322374 1.39581646 5.02211047
v -6.34707524 1.39581646 5.31825896
v -6.34707524 1.98811345 -16.59672971
v -6.34707524 1.98811345 -14.81983874
v -6.64322374 1.98811345 -12.15450228
v -6.34707524 1.69196495 -12.15450228
v -6.34707524 1.98811345 -12.45065077
v -6.64322374 1.98811345 -11.56220529
v -6.64322374 1.98811345 -10.96990830
v -6.64322374 1.98811345 -10.37761131
v -6.64322374 1.98811345 -9.78531431
v -6.64322374 1.98811345 -9.19301732
v -6.64322374 1.98811345 -8.60072033
v -6.64322374 1.98811345 -6.23153237
v -6.64322374 1.98811345 -5.63923537
v -6.64322374 1.98811345 -5.04693838
v -6.34707524 1.98811345 -4.75078989
v -6.34707524 1.69196495 0.87603153
v -6.34707524 1.98811345 1.17218002
v -6.34707524 1.69196495 2.06062551
v -6.64322374 1.98811345 2.65292250
v -6.34707524 1.98811345 2.35677401
v -6.64322374 1.98811345 3.24521949
v -6.34707524 1.98811345 3.54136799
v -6.34707524 1.69196495 3.83751649
v -6.34707524 1.98811345 4.72596197
v -6.34707524 1.69196495 5.02211047
v -6.34707524 2.58041044 -16.59672971
v -6.64322374 2.58041044 -15.70828423
v -6.34707524 2.58041044 -16.00443272
v -6.34707524 2.28426194 -15.70828423
v -6.34707524 2.58041044 -15.41213573
v -6.34707524 2.58041044 -14.81983874
v -6.64322374 2.58041044 -12.15450228
v -6.34707524 2.58041044 -12.45065077
v -6.64322374 2.58041044 -11.56220529
v -6.64322374 2.58041044 -10.96990830
v -6.64322374 2.58041044 -10.37761131
v -6.64322374 2.58041044 -9.78531431
v -6.64322374 2.58041044 -9.19301732
v -6.64322374 2.58041044 -8.60072033
v -6.64322374 2.58041044 -8.00842334
v -6.64322374 2.58041044 -7.41612635
v -6.64322374 2.58041044 -6.82382936
v -6.64322374 2.58041044 -6.23153237
v -6.64322374 2.58041044 -5.63923537
v -6.64322374 2.58041044 -5.04693838
v -6.34707524 2.58041044 -4.75078989
v -6.64322374 2.58041044 1.46832852
v -6.34707524 2.58041044 1.17218002
v -6.34707524 2.28426194 2.65292250
v -6.34707524 2.28426194 3.24521949
v -6.34707524 2.58041044 4.13366498
v -6.34707524 2.28426194 4.42981348
v -6.34707524 3.17270743 -16.59672971
v -6.34707524 2.87655893 -15.70828423
v -6.64322374 3.17270743 -15.11598724
v -6.34707524 3.17270743 -14.81983874
v -6.64322374 3.17270743 -12.74679927
v -6.34707524 2.87655893 -12.74679927
v -6.34707524 3.17270743 -13.04294777
v -6.64322374 3.17270743 -12.15450228
v -6.64322374 3.17270743 -11.56220529
v -6.64322374 3.17270743 -10.96990830
v -6.64322374 3.17270743 -10.37761131
v -6.64322374 3.17270743 -9.78531431
v -6.34707524 3.17270743 -9.48916582
v -6.34707524 2.87655893 -9.19301732
v -6.34707524 2.87655893 -8.60072033
v -6.34707524 3.17270743 -8.30457184
v -6.64322374 3.17270743 -8.00842334
v -6.64322374 3.17270743 -7.41612635
v -6.64322374 3.17270743 -6.82382936
v -6.64322374 3.17270743 -6.23153237
v -6.64322374 3.17270743 -5.63923537
v -6.64322374 3.17270743 -5.04693838
v -6.34707524 3.17270743 -4.75078989
v -6.34707524 2.87655893 1.46832852
v -6.34707524 2.87655893 2.06062551
v -6.34707524 2.87655893 2.65292250
v -6.34707524 2.87655893 3.24521949
v -6.34707524 2.87655893 3.83751649
v -6.64322374 3.76500442 -16.30058122
v -6.34707524 3.76500442 -16.59672971
v -6.64322374 3.76500442 -15.70828423
v -6.34707524 3.76500442 -15.41213573
v -6.34707524 3.46885593 -15.11598724
v -6.64322374 3.76500442 -12.74679927
v -6.34707524 3.76500442 -13.04294777
v -6.64322374 3.76500442 -12.15450228
v -6.64322374 3.76500442 -11.56220529
v -6.64322374 3.76500442 -10.96990830
v -6.64322374 3.76500442 -10.37761131
v -6.34707524 3.76500442 -10.08146281
v -6.34707524 3.46885593 -9.78531431
v -6.34707524 3.46885593 -8.00842334
v -6.34707524 3.46885593 -7.41612635
v -6.34707524 3.46885593 -6.82382936
v -6.34707524 3.46885593 -6.23153237
v -6.34707524 3.46885593 -5.63923537
v -6.34707524 3.46885593 -5.04693838
v -6.34707524 4.06115292 -16.30058122
v -6.34707524 4.06115292 -15.70828423
v -6.64322374 4.35730141 -12.74679927
v -6.34707524 4.35730141 -13.04294777
v -6.64322374 4.35730141 -12.15450228
v -6.64322374 4.35730141 -11.56220529
v -6.64322374 4.35730141 -10.96990830
v -6.34707524 4.35730141 -10.67375980
v -6.34707524 4.06115292 -10.37761131
v -6.34707524 4.65344991 -12.74679927
v -6.34707524 4.65344991 -12.15450228
v -6.34707524 4.65344991 -11.56220529
v -6.34707524 4.65344991 -10.96990830
v -6.05092675 -1.56566850 2.06062551
v -6.05092675 -1.56566850 2.65292250
v -6.05092675 -1.56566850 3.24521949
v -6.05092675 -0.97337151 -16.30058122
v -5.75477825 -1.26952000 -16.30058122
v -5.75477825 -0.97337151 -16.59672971
v -6.05092675 -0.97337151 -15.70828423
v -5.75477825 -1.26952000 -15.70828423
v -5.75477825 -0.97337151 -15.41213573
v -5.75477825 -1.26952000 1.46832852
v -5.75477825 -0.97337151 1.17218002
v -5.75477825 -1.26952000 2.06062551
v -5.75477825 -1.26952000 2.65292250
v -5.75477825 -1.26952000 3.24521949
v -5.75477825 -1.26952000 3.83751649
v -5.75477825 -0.97337151 4.13366498
v -5.75477825 -0.38107452 -16.59672971
v -5.75477825 -0.38107452 -15.41213573
v -6.05092675 -0.38107452 -9.19301732
v -5.75477825 -0.67722301 -9.19301732
v -5.75477825 -0.38107452 -9.48916582
v -5.75477825 -0.38107452 -8.89686883
v -6.05092675 -0.38107452 -8.00842334
v -5.75477825 -0.67722301 -8.00842334
v -5.75477825 -0.38107452 -8.30457184
v -6.05092675 -0.38107452 -7.41612635
v -5.75477825 -0.67722301 -7.41612635
v -5.75477825 -0.38107452 -7.11997785
v -6.05092675 -0.38107452 0.87603153
v -5.75477825 -0.38107452 1.17218002
v -5.75477825 -0.38107452 1.76447702
v -5.75477825 -0.67722301 2.06062551
v -5.75477825 -0.67722301 2.65292250
v -5.75477825 -0.67722301 3.24521949
v -5.75477825 -0.38107452 3.54136799
v -5.75477825 -0.67722301 4.42981348
v -5.75477825 -0.38107452 4.72596197
v -5.75477825 0.21122247 -16.59672971
v -6.05092675 0.21122247 -15.11598724
v -5.75477825 0.21122247 -15.41213573
v -5.75477825 -0.08492602 -10.37761131
v -5.75477825 0.21122247 -10.67375980
v -5.75477825 -0.08492602 -9.78531431
v -5.75477825 -0.08492602 -8.60072033
v -5.75477825 -0.08492602 -6.82382936
v -6.05092675 0.21122247 -6.23153237
v -5.75477825 -0.08492602 -6.23153237
v -6.05092675 0.21122247 -5.63923537
v -5.75477825 -0.08492602 -5.63923537
v -5.75477825 0.21122247 -5.34308688
v -5.75477825 -0.08492602 0.87603153
v -5.75477825 0.21122247 0.57988303
v -5.75477825 0.21122247 1.76447702
v -5.75477825 -0.08492602 3.83751649
v -5.75477825 0.21122247 4.13366498
v -5.75477825 0.21122247 4.72596197
v -5.75477825 0.80351947 -16.59672971
v -5.75477825 0.50737097 -15.11598724
v -5.75477825 0.80351947 -14.81983874
v -6.05092675 0.80351947 -11.56220529
v -5.75477825 0.50737097 -11.56220529
v -5.75477825 0.80351947 -11.85835378
v -6.05092675 0.80351947 -10.96990830
v -5.75477825 0.50737097 -10.96990830
v -6.05092675 0.80351947 -9.78531431
v -5.75477825 0.80351947 -10.08146281
v -5.75477825 0.50737097 -9.78531431
v -5.75477825 0.50737097 -9.19301732
v -6.05092675 0.80351947 -9.19301732
v -5.75477825 0.50737097 -8.60072033
v -6.05092675 0.80351947 -8.60072033
v -5.75477825 0.50737097 -8.00842334
v -6.05092675 0.80351947 -8.00842334
v -5.75477825 0.50737097 -7.41612635
v -6.05092675 0.80351947 -7.41612635
v -5.75477825 0.80351947 -7.11997785
v -6.05092675 0.80351947 -5.63923537
v -5.75477825 0.50737097 -5.04693838
v -6.05092675 0.80351947 -5.04693838
v -5.75477825 0.80351947 -4.75078989
v -5.75477825 0.80351947 0.57988303
v -6.05092675 0.80351947 1.46832852
v -5.75477825 0.80351947 1.17218002
v -5.75477825 0.50737097 1.46832852
v -5.75477825 0.80351947 4.13366498
v -5.75477825 0.50737097 5.02211047
v -6.05092675 0.80351947 5.02211047
v -5.75477825 0.80351947 5.31825896
v -5.75477825 1.39581646 -16.59672971
v -6.05092675 1.39581646 -15.70828423
v -5.75477825 1.39581646 -16.00443272
v -5.75477825 1.09966796 -15.70828423
v -5.75477825 1.39581646 -15.41213573
v -5.75477825 1.09966796 -14.52369024
v -6.05092675 1.39581646 -14.52369024
v -5.75477825 1.39581646 -14.22754175
v -6.05092675 1.39581646 -12.15450228
v -5.75477825 1.09966796 -12.15450228
v -5.75477825 1.39581646 -12.45065077
v -6.05092675 1.39581646 -9.78531431
v -5.75477825 1.39581646 -10.08146281
v -6.05092675 1.39581646 -9.19301732
v -6.05092675 1.39581646 -8.60072033
v -6.05092675 1.39581646 -8.00842334
v -6.05092675 1.39581646 -7.41612635
v -5.75477825 1.09966796 -6.82382936
v -6.05092675 1.39581646 -6.82382936
v -5.75477825 1.09966796 -6.23153237
v -6.05092675 1.39581646 -6.23153237
v -5.75477825 1.39581646 -5.93538387
v -6.05092675 1.39581646 -4.45464139
v -5.75477825 1.09966796 -4.45464139
v -5.75477825 1.39581646 -4.15849290
v -5.75477825 1.39581646 0.57988303
v -5.75477825 1.09966796 1.46832852
v -5.75477825 1.39581646 1.76447702
v -5.75477825 1.39581646 4.13366498
v -5.75477825 1.39581646 5.31825896
v -5.75477825 1.98811345 -16.59672971
v -6.05092675 1.98811345 -15.70828423
v -5.75477825 1.98811345 -16.00443272
v -5.75477825 1.98811345 -15.41213573
v -6.05092675 1.98811345 -14.52369024
v -5.75477825 1.98811345 -14.22754175
v -6.05092675 1.98811345 -12.74679927
v -5.75477825 1.69196495 -12.74679927
v -5.75477825 1.98811345 -13.04294777
v -6.05092675 1.98811345 -10.96990830
v -5.75477825 1.98811345 -11.26605679
v -5.75477825 1.69196495 -10.96990830
v -5.75477825 1.69196495 -10.37761131
v -6.05092675 1.98811345 -10.37761131
v -6.05092675 1.98811345 -9.78531431
v -6.05092675 1.98811345 -9.19301732
v -5.75477825 1.98811345 -8.89686883
v -5.75477825 1.69196495 -8.60072033
v -6.05092675 1.98811345 -8.00842334
v -5.75477825 1.98811345 -8.30457184
v -6.05092675 1.98811345 -7.41612635
v -6.05092675 1.98811345 -6.82382936
v -6.05092675 1.98811345 -6.23153237
v -5.75477825 1.69196495 -5.63923537
v -6.05092675 1.98811345 -5.63923537
v -5.75477825 1.98811345 -5.34308688
v -6.05092675 1.98811345 -4.45464139
v -5.75477825 1.98811345 -4.15849290
v -5.75477825 1.69196495 0.87603153
v -5.75477825 1.98811345 1.17218002
v -6.05092675 1.98811345 2.06062551
v -5.75477825 1.98811345 1.76447702
v -6.05092675 1.98811345 3.83751649
v -5.75477825 1.98811345 4.13366498
v -6.05092675 1.98811345 5.02211047
v -5.75477825 1.98811345 5.31825896
v -5.75477825 2.58041044 -16.59672971
v -5.75477825 2.58041044 -16.00443272
v -5.75477825 2.58041044 -15.41213573
v -6.05092675 2.58041044 -14.52369024
v -5.75477825 2.28426194 -13.93139325
v -6.05092675 2.58041044 -13.93139325
v -6.05092675 2.58041044 -13.33909626
v -5.75477825 2.28426194 -13.33909626
v -6.05092675 2.58041044 -12.74679927
v -6.05092675 2.58041044 -11.56220529
v -5.75477825 2.58041044 -11.85835378
v -5.75477825 2.28426194 -11.56220529
v -6.05092675 2.58041044 -10.96990830
v -6.05092675 2.58041044 -10.37761131
v -5.75477825 2.58041044 -10.08146281
v -5.75477825 2.28426194 -9.78531431
v -5.75477825 2.28426194 -9.19301732
v -5.75477825 2.28426194 -8.00842334
v -6.05092675 2.58041044 -7.41612635
v -5.75477825 2.58041044 -7.71227484
v -6.05092675 2.58041044 -6.82382936
v -6.05092675 2.58041044 -6.23153237
v -6.05092675 2.58041044 -5.63923537
v -5.75477825 2.58041044 -5.34308688
v -6.05092675 2.58041044 -4.45464139
v -5.75477825 2.58041044 -4.15849290
v -5.75477825 2.58041044 1.17218002
v -5.75477825 2.28426194 2.06062551
v -5.75477825 2.28426194 2.65292250
v -5.75477825 2.28426194 3.24521949
v -5.75477825 2.28426194 3.83751649
v -6.05092675 2.58041044 4.42981348
v -5.75477825 2.58041044 4.72596197
v -5.75477825 2.28426194 5.02211047
v -5.75477825 3.17270743 -16.59672971
v -6.05092675 3.17270743 -15.70828423
v -5.75477825 3.17270743 -16.00443272
v -5.75477825 3.17270743 -15.41213573
v -6.05092675 3.17270743 -14.52369024
v -6.05092675 3.17270743 -13.93139325
v -6.05092675 3.17270743 -13.33909626
v -6.05092675 3.17270743 -11.56220529
v -5.75477825 3.17270743 -11.85835378
v -6.05092675 3.17270743 -10.96990830
v -6.05092675 3.17270743 -10.37761131
v -5.75477825 3.17270743 -10.08146281
v -6.05092675 3.17270743 -9.19301732
v -6.05092675 3.17270743 -8.60072033
v -5.75477825 2.87655893 -7.41612635
v -5.75477825 2.87655893 -6.82382936
v -5.75477825 2.87655893 -6.23153237
v -5.75477825 2.87655893 -5.63923537
v -6.05092675 3.17270743 -4.45464139
v -5.75477825 3.17270743 -4.15849290
v -5.75477825 2.87655893 1.46832852
v -5.75477825 2.87655893 2.06062551
v -6.05092675 3.17270743 2.65292250
v -5.75477825 3.17270743 2.35677401
v -6.05092675 3.17270743 3.24521949
v -6.05092675 3.17270743 3.83751649
v -5.75477825 3.17270743 4.13366498
v -5.75477825 2.87655893 4.42981348
v -5.75477825 3.76500442 -16.59672971
v -5.75477825 3.46885593 -15.70828423
v -6.05092675 3.76500442 -15.11598724
v -6.05092675 3.76500442 -14.52369024
v -6.05092675 3.76500442 -13.93139325
v -6.05092675 3.76500442 -13.33909626
v -6.05092675 3.76500442 -12.15450228
v -5.75477825 3.76500442 -12.45065077
v -5.75477825 3.46885593 -12.15450228
v -6.05092675 3.76500442 -11.56220529
v -6.05092675 3.76500442 -10.96990830
v -5.75477825 3.76500442 -10.67375980
v -5.75477825 3.46885593 -10.37761131
v -6.05092675 3.76500442 -9.78531431
v -5.75477825 3.76500442 -9.48916582
v -5.75477825 3.46885593 -9.19301732
v -5.75477825 3.46885593 -8.60072033
v -6.05092675 3.76500442 -8.00842334
v -5.75477825 3.76500442 -8.30457184
v -6.05092675 3.76500442 -7.41612635
v -6.05092675 3.76500442 -6.82382936
v -6.05092675 3.76500442 -6.23153237
v -6.05092675 3.76500442 -5.63923537
v -6.05092675 3.76500442 -5.04693838
v -6.05092675 3.76500442 -4.45464139
v -5.75477825 3.76500442 -4.15849290
v -5.75477825 3.46885593 2.65292250
v -5.75477825 3.46885593 3.24521949
v -5.75477825 3.46885593 3.83751649
v -6.05092675 4.35730141 -16.30058122
v -5.75477825 4.35730141 -16.59672971
v -6.05092675 4.35730141 -15.70828423
v -6.05092675 4.35730141 -15.11598724
v -6.05092675 4.35730141 -14.52369024
v -6.05092675 4.35730141 -13.93139325
v -6.05092675 4.35730141 -13.33909626
v -5.75477825 4.06115292 -12.15450228
v -5.75477825 4.06115292 -11.56220529
v -5.75477825 4.06115292 -10.96990830
v -6.05092675 4.35730141 -10.37761131
v -6.05092675 4.35730141 -9.78531431
v -5.75477825 4.35730141 -9.48916582
v -5.75477825 4.06115292 -8.00842334
v -5.75477825 4.06115292 -7.41612635
v -5.75477825 4.06115292 -6.82382936
v -5.75477825 4.06115292 -6.23153237
v -5.75477825 4.06115292 -5.63923537
v -5.75477825 4.06115292 -5.04693838
v -5.75477825 4.06115292 -4.45464139
v -5.75477825 4.65344991 -16.30058122
v -5.75477825 4.65344991 -15.70828423
v -5.75477825 4.65344991 -15.11598724
v -5.75477825 4.65344991 -14.52369024
v -5.75477825 4.94959840 -14.22754175
v -6.05092675 4.94959840 -13.93139325
v -6.05092675 4.94959840 -13.33909626
v -6.05092675 4.94959840 -12.74679927
v -6.05092675 4.94959840 -12.15450228
v -6.05092675 4.94959840 -11.56220529
v -6.05092675 4.94959840 -10.96990830
v -5.75477825 4.94959840 -10.67375980
v -5.75477825 4.65344991 -10.37761131
v -5.75477825 4.65344991 -9.78531431
v -5.75477825 5.24574690 -13.93139325
v -5.75477825 5.24574690 -13.33909626
v -5.75477825 5.24574690 -12.74679927
v -5.75477825 5.24574690 -12.15450228
v -5.75477825 5.24574690 -11.56220529
v -5.75477825 5.24574690 -10.96990830
v -5.16248126 -1.26952000 -16.30058122
v -5.16248126 -0.97337151 -16.59672971
v -5.16248126 -1.26952000 -15.70828423
v -5.16248126 -0.97337151 -15.41213573
v -5.16248126 -1.26952000 1.46832852
v -5.16248126 -0.97337151 1.17218002
v -5.16248126 -1.26952000 2.06062551
v -5.16248126 -1.26952000 2.65292250
v -5.16248126 -1.26952000 3.24521949
v -5.16248126 -1.26952000 3.83751649
v -5.16248126 -0.97337151 4.13366498
v -5.16248126 -0.38107452 -16.59672971
v -5.16248126 -0.38107452 -15.41213573
v -5.45862976 -0.38107452 -9.19301732
v -5.16248126 -0.67722301 -8.60072033
v -5.16248126 -0.38107452 -8.89686883
v -5.45862976 -0.38107452 -8.60072033
v -5.16248126 -0.67722301 -8.00842334
v -5.16248126 -0.67722301 -7.41612635
v -5.45862976 -0.38107452 -6.82382936
v -5.16248126 -0.67722301 -6.82382936
v -5.45862976 -0.38107452 -6.23153237
v -5.16248126 -0.67722301 -6.23153237
v -5.16248126 -0.38107452 -5.93538387
v -5.16248126 -0.38107452 1.17218002
v -5.45862976 -0.38107452 2.06062551
v -5.16248126 -0.38107452 2.35677401
v -5.16248126 -0.67722301 2.65292250
v -5.16248126 -0.67722301 3.24521949
v -5.16248126 -0.38107452 3.54136799
v -5.16248126 -0.67722301 4.42981348
v -5.45862976 -0.38107452 5.02211047
v -5.16248126 -0.67722301 5.02211047
v -5.16248126 -0.38107452 5.31825896
v -5.16248126 0.21122247 -16.59672971
v -5.16248126 -0.08492602 -15.11598724
v -5.45862976 0.21122247 -15.11598724
v -5.16248126 0.21122247 -14.81983874
v -5.16248126 -0.08492602 -10.37761131
v -5.16248126 0.21122247 -10.67375980
v -5.16248126 -0.08492602 -9.78531431
v -5.16248126 -0.08492602 -9.19301732
v -5.16248126 -0.08492602 -8.00842334
v -5.45862976 0.21122247 -8.00842334
v -5.16248126 0.21122247 -8.30457184
v -5.16248126 -0.08492602 -7.41612635
v -5.45862976 0.21122247 -7.41612635
v -5.16248126 0.21122247 -7.11997785
v -5.16248126 -0.08492602 -5.63923537
v -5.45862976 0.21122247 -5.04693838
v -5.16248126 -0.08492602 -5.04693838
v -5.16248126 0.21122247 -4.75078989
v -5.16248126 -0.08492602 0.87603153
v -5.16248126 0.21122247 0.57988303
v -5.16248126 0.21122247 1.76447702
v -5.16248126 -0.08492602 2.06062551
v -5.16248126 -0.08492602 3.83751649
v -5.16248126 0.21122247 4.13366498
v -5.45862976 0.21122247 5.02211047
v -5.16248126 0.21122247 5.31825896
v -5.16248126 0.80351947 -16.59672971
v -5.16248126 0.80351947 -14.81983874
v -5.16248126 0.50737097 -11.56220529
v -5.16248126 0.80351947 -11.85835378
v -5.16248126 0.50737097 -10.96990830
v -5.16248126 0.80351947 -10.08146281
v -5.16248126 0.50737097 -9.78531431
v -5.16248126 0.50737097 -9.19301732
v -5.16248126 0.50737097 -8.60072033
v -5.16248126 0.50737097 -6.82382936
v -5.45862976 0.80351947 -6.82382936
v -5.16248126 0.50737097 -6.23153237
v -5.45862976 0.80351947 -6.23153237
v -5.16248126 0.80351947 -5.93538387
v -5.45862976 0.80351947 -4.45464139
v -5.16248126 0.50737097 -4.45464139
v -5.16248126 0.80351947 -4.15849290
v -5.16248126 0.80351947 0.57988303
v -5.16248126 0.80351947 1.17218002
v -5.16248126 0.50737097 1.46832852
v -5.16248126 0.50737097 4.42981348
v -5.45862976 0.80351947 4.42981348
v -5.16248126 0.80351947 4.72596197
v -5.45862976 0.80351947 5.61440746
v -5.16248126 0.50737097 5.61440746
v -5.16248126 0.80351947 5.91055596
v -5.16248126 1.39581646 -16.59672971
v -5.16248126 1.39581646 -16.00443272
v -5.16248126 1.09966796 -15.70828423
v -5.16248126 1.39581646 -15.41213573
v -5.16248126 1.09966796 -14.52369024
v -5.16248126 1.39581646 -14.22754175
v -5.45862976 1.39581646 -12.74679927
v -5.16248126 1.09966796 -12.74679927
v -5.16248126 1.39581646 -13.04294777
v -5.16248126 1.09966796 -12.15450228
v -5.45862976 1.39581646 -10.96990830
v -5.16248126 1.39581646 -11.26605679
v -5.16248126 1.09966796 -10.96990830
v -5.16248126 1.09966796 -10.37761131
v -5.45862976 1.39581646 -10.37761131
v -5.16248126 1.09966796 -5.63923537
v -5.45862976 1.39581646 -5.63923537
v -5.16248126 1.09966796 -5.04693838
v -5.45862976 1.39581646 -5.04693838
v -5.16248126 1.39581646 -4.75078989
v -5.45862976 1.39581646 -3.86234440
v -5.16248126 1.09966796 -3.86234440
v -5.16248126 1.39581646 -3.56619591
v -5.16248126 1.39581646 0.57988303
v -5.16248126 1.09966796 1.46832852
v -5.16248126 1.39581646 1.76447702
v -5.45862976 1.39581646 4.42981348
v -5.16248126 1.39581646 4.72596197
v -5.45862976 1.39581646 5.61440746
v -5.16248126 1.39581646 5.91055596
v -5.16248126 1.98811345 -16.59672971
v -5.16248126 1.98811345 -16.00443272
v -5.16248126 1.69196495 -15.11598724
v -5.45862976 1.98811345 -15.11598724
v -5.16248126 1.98811345 -14.81983874
v -5.16248126 1.98811345 -14.22754175
v -5.45862976 1.98811345 -13.33909626
v -5.16248126 1.69196495 -13.33909626
v -5.16248126 1.98811345 -13.63524476
v -5.16248126 1.69196495 -12.15450228
v -5.45862976 1.98811345 -12.15450228
v -5.16248126 1.98811345 -12.45065077
v -5.16248126 1.69196495 -11.56220529
v -5.45862976 1.98811345 -11.56220529
v -5.45862976 1.98811345 -8.60072033
v -5.45862976 1.98811345 -5.04693838
v -5.16248126 1.98811345 -4.75078989
v -5.45862976 1.98811345 -3.86234440
v -5.16248126 1.98811345 -3.56619591
v -5.45862976 1.98811345 0.87603153
v -5.16248126 1.98811345 0.57988303
v -5.16248126 1.98811345 1.76447702
v -5.45862976 1.98811345 4.42981348
v -5.16248126 1.98811345 4.72596197
v -5.45862976 1.98811345 5.61440746
v -5.16248126 1.98811345 5.91055596
v -5.16248126 2.58041044 -16.59672971
v -5.16248126 2.58041044 -16.00443272
v -5.45862976 2.58041044 -15.11598724
v -5.16248126 2.58041044 -14.81983874
v -5.16248126 2.28426194 -13.93139325
v -5.16248126 2.28426194 -12.74679927
v -5.45862976 2.58041044 -12.74679927
v -5.16248126 2.58041044 -13.04294777
v -5.45862976 2.58041044 -12.15450228
v -5.45862976 2.58041044 -9.78531431
v -5.45862976 2.58041044 -9.19301732
v -5.45862976 2.58041044 -8.60072033
v -5.45862976 2.58041044 -8.00842334
v -5.45862976 2.58041044 -5.04693838
v -5.16248126 2.58041044 -4.75078989
v -5.45862976 2.58041044 -3.86234440
v -5.16248126 2.58041044 -3.56619591
v -5.16248126 2.28426194 0.87603153
v -5.16248126 2.58041044 1.17218002
v -5.16248126 2.28426194 2.06062551
v -5.45862976 2.58041044 2.65292250
v -5.16248126 2.58041044 2.35677401
v -5.45862976 2.58041044 3.24521949
v -5.45862976 2.58041044 3.83751649
v -5.16248126 2.58041044 4.13366498
v -5.16248126 2.28426194 4.42981348
v -5.45862976 2.58041044 5.02211047
v -5.45862976 2.58041044 5.61440746
v -5.16248126 2.58041044 5.91055596
v -5.16248126 3.17270743 -16.59672971
v -5.16248126 3.17270743 -16.00443272
v -5.45862976 3.17270743 -15.11598724
v -5.16248126 3.17270743 -14.81983874
v -5.45862976 3.17270743 -13.33909626
v -5.16248126 3.17270743 -13.63524476
v -5.16248126 2.87655893 -13.33909626
v -5.45862976 3.17270743 -12.74679927
v -5.45862976 3.17270743 -12.15450228
v -5.16248126 2.87655893 -9.78531431
v -5.16248126 3.17270743 -10.08146281
v -5.16248126 2.87655893 -9.19301732
v -5.16248126 2.87655893 -8.60072033
v -5.16248126 2.87655893 -8.00842334
v -5.45862976 3.17270743 -7.41612635
v -5.16248126 3.17270743 -7.71227484
v -5.45862976 3.17270743 -6.82382936
v -5.45862976 3.17270743 -6.23153237
v -5.45862976 3.17270743 -5.63923537
v -5.45862976 3.17270743 -5.04693838
v -5.16248126 3.17270743 -4.75078989
v -5.45862976 3.17270743 -3.86234440
v -5.16248126 3.17270743 -3.56619591
v -5.16248126 2.87655893 1.46832852
v -5.45862976 3.17270743 2.06062551
v -5.16248126 3.17270743 1.76447702
v -5.16248126 2.87655893 2.65292250
v -5.16248126 2.87655893 3.24521949
v -5.16248126 2.87655893 3.83751649
v -5.45862976 3.17270743 4.42981348
v -5.45862976 3.17270743 5.02211047
v -5.45862976 3.17270743 5.61440746
v -5.16248126 3.17270743 5.91055596
v -5.16248126 3.76500442 -16.59672971
v -5.45862976 3.76500442 -15.70828423
v -5.16248126 3.76500442 -16.00443272
v -5.45862976 3.76500442 -15.11598724
v -5.16248126 3.76500442 -14.81983874
v -5.45862976 3.76500442 -13.93139325
v -5.16248126 3.76500442 -14.22754175
v -5.16248126 3.46885593 -13.93139325
v -5.45862976 3.76500442 -13.33909626
v -5.45862976 3.76500442 -12.74679927
v -5.45862976 3.76500442 -10.37761131
v -5.16248126 3.76500442 -10.08146281
v -5.45862976 3.76500442 -9.19301732
v -5.45862976 3.76500442 -8.60072033
v -5.16248126 3.46885593 -7.41612635
v -5.16248126 3.46885593 -6.82382936
v -5.16248126 3.46885593 -6.23153237
v -5.16248126 3.46885593 -5.63923537
v -5.16248126 3.46885593 -5.04693838
v -5.16248126 3.76500442 -4.15849290
v -5.16248126 3.46885593 -3.86234440
v -5.16248126 3.46885593 2.06062551
v -5.45862976 3.76500442 2.65292250
v -5.16248126 3.76500442 2.35677401
v -5.45862976 3.76500442 3.24521949
v -5.45862976 3.76500442 3.83751649
v -5.45862976 3.76500442 4.42981348
v -5.45862976 3.76500442 5.02211047
v -5.16248126 3.76500442 5.31825896
v -5.16248126 3.46885593 5.61440746
v -5.16248126 4.35730141 -16.59672971
v -5.16248126 4.06115292 -15.70828423
v -5.16248126 4.06115292 -15.11598724
v -5.16248126 4.06115292 -13.93139325
v -5.45862976 4.35730141 -13.33909626
v -5.16248126 4.35730141 -13.63524476
v -5.45862976 4.35730141 -12.74679927
v -5.45862976 4.35730141 -12.15450228
v -5.45862976 4.35730141 -11.56220529
v -5.45862976 4.35730141 -10.96990830
v -5.16248126 4.35730141 -10.67375980
v -5.16248126 4.06115292 -10.37761131
v -5.16248126 4.35730141 -9.48916582
v -5.16248126 4.06115292 -9.19301732
v -5.16248126 4.06115292 -8.60072033
v -5.16248126 4.06115292 -8.00842334
v -5.45862976 4.35730141 -7.41612635
v -5.16248126 4.35730141 -7.71227484
v -5.45862976 4.35730141 -6.82382936
v -5.45862976 4.35730141 -6.23153237
v -5.45862976 4.35730141 -5.63923537
v -5.45862976 4.35730141 -5.04693838
v -5.16248126 4.35730141 -4.75078989
v -5.16248126 4.06115292 -4.45464139
v -5.16248126 4.06115292 2.65292250
v -5.16248126 4.35730141 2.94907100
v -5.45862976 4.35730141 3.24521949
v -5.45862976 4.35730141 3.83751649
v -5.45862976 4.35730141 4.42981348
v -5.16248126 4.35730141 4.72596197
v -5.16248126 4.06115292 5.02211047
v -5.45862976 4.94959840 -16.30058122
v -5.16248126 4.94959840 -16.59672971
v -5.45862976 4.94959840 -15.70828423
v -5.45862976 4.94959840 -15.11598724
v -5.45862976 4.94959840 -14.52369024
v -5.16248126 4.65344991 -13.33909626
v -5.16248126 4.65344991 -12.74679927
v -5.16248126 4.65344991 -12.15450228
v -5.16248126 4.65344991 -11.56220529
v -5.16248126 4.65344991 -10.96990830
v -5.45862976 4.94959840 -10.37761131
v -5.16248126 4.94959840 -10.08146281
v -5.16248126 4.65344991 -9.78531431
v -5.16248126 4.65344991 -7.41612635
v -5.16248126 4.65344991 -6.82382936
v -5.16248126 4.65344991 -6.23153237
v -5.16248126 4.65344991 -5.63923537
v -5.16248126 4.65344991 -5.04693838
v -5.16248126 4.65344991 3.24521949
v -5.16248126 4.65344991 3.83751649
v -5.16248126 4.65344991 4.42981348
v -5.16248126 5.24574690 -16.30058122
v -5.16248126 5.24574690 -15.70828423
v -5.16248126 5.24574690 -15.11598724
v -5.16248126 5.24574690 -14.52369024
v -5.45862976 5.54189540 -13.93139325
v -5.16248126 5.54189540 -14.22754175
v -5.45862976 5.54189540 -13.33909626
v -5.45862976 5.54189540 -12.74679927
v -5.45862976 5.54189540 -12.15450228
v -5.16248126 5.54189540 -11.85835378
v -5.16248126 5.24574690 -11.56220529
v -5.16248126 5.24574690 -10.96990830
v -5.16248126 5.24574690 -10.37761131
v -5.16248126 5.83804389 -13.93139325
v -5.16248126 5.83804389 -13.33909626
v -5.16248126 5.83804389 -12.74679927
v -5.16248126 5.83804389 -12.15450228
v -4.86633276 -4.52715346 9.76048640
v -4.57018427 -4.82330195 9.76048640
v -4.57018427 -4.52715346 9.46433790
v -4.86633276 -4.52715346 10.35278339
v -4.57018427 -4.82330195 10.35278339
v -4.57018427 -4.52715346 10.64893189
v -4.86633276 -3.93485647 9.76048640
v -4.57018427 -3.93485647 9.46433790
v -4.86633276 -3.93485647 10.35278339
v -4.57018427 -3.93485647 10.64893189
v -4.57018427 -3.63870797 9.76048640
v -4.57018427 -3.63870797 10.35278339
v -4.86633276 -1.56566850 3.24521949
v -4.57018427 -1.86181700 3.24521949
v -4.57018427 -1.56566850 2.94907100
v -4.86633276 -1.56566850 3.83751649
v -4.57018427 -1.86181700 3.83751649
v -4.86633276 -1.56566850 4.42981348
v -4.57018427 -1.86181700 4.42981348
v -4.57018427 -1.56566850 4.72596197
v -4.86633276 -0.97337151 -16.30058122
v -4.86633276 -0.97337151 -15.70828423
v -4.57018427 -1.26952000 1.46832852
v -4.57018427 -0.97337151 1.17218002
v -4.57018427 -1.26952000 2.06062551
v -4.57018427 -1.26952000 2.65292250
v -4.86633276 -0.97337151 4.42981348
v -4.57018427 -1.26952000 5.02211047
v -4.86633276 -0.97337151 5.02211047
v -4.57018427 -0.97337151 5.31825896
v -4.57018427 -0.67722301 -16.30058122
v -4.57018427 -0.38107452 -16.59672971
v -4.57018427 -0.67722301 -15.70828423
v -4.57018427 -0.38107452 -15.41213573
v -4.57018427 -0.67722301 -8.60072033
v -4.57018427 -0.38107452 -8.89686883
v -4.57018427 -0.67722301 -8.00842334
v -4.57018427 -0.67722301 -7.41612635
v -4.57018427 -0.67722301 -6.82382936
v -4.57018427 -0.67722301 -6.23153237
v -4.86633276 -0.38107452 -5.63923537
v -4.57018427 -0.67722301 -5.63923537
v -4.57018427 -0.38107452 -5.34308688
v -4.86633276 -0.38107452 0.87603153
v -4.57018427 -0.67722301 0.87603153
v -4.57018427 -0.38107452 0.57988303
v -4.57018427 -0.38107452 2.35677401
v -4.57018427 -0.67722301 2.65292250
v -4.57018427 -0.67722301 3.24521949
v -4.57018427 -0.67722301 3.83751649
v -4.86633276 -0.38107452 3.83751649
v -4.57018427 -0.38107452 4.13366498
v -4.57018427 -0.38107452 5.31825896
v -4.57018427 0.21122247 -16.59672971
v -4.57018427 -0.08492602 -15.11598724
v -4.57018427 0.21122247 -14.81983874
v -4.57018427 -0.08492602 -10.37761131
v -4.57018427 0.21122247 -10.67375980
v -4.57018427 -0.08492602 -9.78531431
v -4.57018427 -0.08492602 -9.19301732
v -4.86633276 0.21122247 -8.00842334
v -4.57018427 0.21122247 -7.71227484
v -4.57018427 -0.08492602 -7.41612635
v -4.57018427 -0.08492602 -6.82382936
v -4.86633276 0.21122247 -6.82382936
v -4.57018427 0.21122247 -6.52768086
v -4.57018427 -0.08492602 -5.04693838
v -4.57018427 0.21122247 -4.75078989
v -4.57018427 0.21122247 0.57988303
v -4.57018427 0.21122247 1.76447702
v -4.57018427 -0.08492602 2.06062551
v -4.57018427 -0.08492602 4.42981348
v -4.86633276 0.21122247 4.42981348
v -4.57018427 0.21122247 4.72596197
v -4.57018427 -0.08492602 5.61440746
v -4.86633276 0.21122247 5.61440746
v -4.86633276 0.21122247 6.20670445
v -4.57018427 -0.08492602 6.20670445
v -4.57018427 0.21122247 6.50285295
v -4.57018427 0.80351947 -16.59672971
v -4.57018427 0.80351947 -14.81983874
v -4.57018427 0.50737097 -11.56220529
v -4.57018427 0.80351947 -11.85835378
v -4.57018427 0.50737097 -10.96990830
v -4.86633276 0.80351947 -9.78531431
v -4.57018427 0.80351947 -9.48916582
v -4.57018427 0.50737097 -9.19301732
v -4.57018427 0.50737097 -8.60072033
v -4.57018427 0.50737097 -8.00842334
v -4.57018427 0.50737097 -6.23153237
v -4.57018427 0.50737097 -5.63923537
v -4.86633276 0.80351947 -5.63923537
v -4.57018427 0.80351947 -5.34308688
v -4.57018427 0.50737097 -4.45464139
v -4.86633276 0.80351947 -3.86234440
v -4.57018427 0.50737097 -3.86234440
v -4.57018427 0.80351947 -3.56619591
v -4.86633276 0.80351947 0.28373454
v -4.57018427 0.50737097 0.28373454
v -4.57018427 0.80351947 -0.01241396
v -4.57018427 0.80351947 1.17218002
v -4.57018427 0.50737097 1.46832852
v -4.57018427 0.80351947 4.72596197
v -4.86633276 0.80351947 6.20670445
v -4.57018427 0.80351947 6.50285295
v -4.57018427 1.39581646 -16.59672971
v -4.57018427 1.39581646 -16.00443272
v -4.57018427 1.09966796 -15.70828423
v -4.57018427 1.39581646 -15.41213573
v -4.57018427 1.09966796 -14.52369024
v -4.57018427 1.39581646 -14.22754175
v -4.57018427 1.09966796 -12.74679927
v -4.57018427 1.39581646 -13.04294777
v -4.57018427 1.09966796 -12.15450228
v -4.57018427 1.39581646 -11.26605679
v -4.57018427 1.09966796 -10.96990830
v -4.57018427 1.09966796 -10.37761131
v -4.57018427 1.09966796 -9.78531431
v -4.57018427 1.09966796 -5.04693838
v -4.57018427 1.39581646 -4.75078989
v -4.86633276 1.39581646 -3.27004741
v -4.57018427 1.09966796 -3.27004741
v -4.57018427 1.39581646 -2.97389891
v -4.86633276 1.39581646 0.28373454
v -4.57018427 1.39581646 -0.01241396
v -4.86633276 1.39581646 1.46832852
v -4.57018427 1.39581646 1.17218002
v -4.57018427 1.09966796 5.02211047
v -4.86633276 1.39581646 5.02211047
v -4.57018427 1.39581646 5.31825896
v -4.86633276 1.39581646 6.20670445
v -4.57018427 1.39581646 6.50285295
v -4.57018427 1.98811345 -16.59672971
v -4.57018427 1.98811345 -16.00443272
v -4.57018427 1.69196495 -15.11598724
v -4.57018427 1.98811345 -14.81983874
v -4.57018427 1.98811345 -14.22754175
v -4.57018427 1.69196495 -13.33909626
v -4.57018427 1.98811345 -13.63524476
v -4.86633276 1.98811345 -12.15450228
v -4.57018427 1.98811345 -11.85835378
v -4.57018427 1.69196495 -11.56220529
v -4.57018427 1.69196495 -4.45464139
v -4.86633276 1.98811345 -4.45464139
v -4.57018427 1.98811345 -4.15849290
v -4.86633276 1.98811345 -3.27004741
v -4.57018427 1.98811345 -2.97389891
v -4.86633276 1.98811345 0.28373454
v -4.57018427 1.98811345 -0.01241396
v -4.86633276 1.98811345 1.46832852
v -4.57018427 1.98811345 1.17218002
v -4.86633276 1.98811345 5.02211047
v -4.57018427 1.98811345 5.31825896
v -4.86633276 1.98811345 6.20670445
v -4.57018427 1.98811345 6.50285295
v -4.57018427 2.58041044 -16.59672971
v -4.57018427 2.58041044 -16.00443272
v -4.57018427 2.58041044 -14.81983874
v -4.57018427 2.28426194 -13.93139325
v -4.57018427 2.58041044 -13.04294777
v -4.57018427 2.28426194 -12.74679927
v -4.57018427 2.28426194 -12.15450228
v -4.86633276 2.58041044 -4.45464139
v -4.57018427 2.58041044 -4.15849290
v -4.86633276 2.58041044 -3.27004741
v -4.57018427 2.58041044 -2.97389891
v -4.86633276 2.58041044 0.28373454
v -4.57018427 2.58041044 -0.01241396
v -4.86633276 2.58041044 0.87603153
v -4.57018427 2.28426194 1.46832852
v -4.86633276 2.58041044 2.06062551
v -4.57018427 2.58041044 1.76447702
v -4.86633276 2.58041044 4.42981348
v -4.86633276 2.58041044 5.02211047
v -4.57018427 2.58041044 5.31825896
v -4.86633276 2.58041044 6.20670445
v -4.57018427 2.28426194 6.79900144
v -4.86633276 2.58041044 6.79900144
v -4.57018427 2.58041044 7.09514994
v -4.57018427 3.17270743 -16.59672971
v -4.57018427 3.17270743 -16.00443272
v -4.57018427 2.87655893 -14.52369024
v -4.86633276 3.17270743 -14.52369024
v -4.57018427 2.87655893 -13.93139325
v -4.86633276 3.17270743 -13.93139325
v -4.57018427 2.87655893 -13.33909626
v -4.86633276 3.17270743 -9.78531431
v -4.86633276 3.17270743 -9.19301732
v -4.86633276 3.17270743 -8.60072033
v -4.86633276 3.17270743 -8.00842334
v -4.57018427 2.87655893 -4.45464139
v -4.57018427 3.17270743 -4.75078989
v -4.57018427 3.17270743 -3.56619591
v -4.57018427 2.87655893 -3.27004741
v -4.86633276 3.17270743 0.28373454
v -4.57018427 3.17270743 -0.01241396
v -4.86633276 3.17270743 0.87603153
v -4.86633276 3.17270743 1.46832852
v -4.57018427 2.87655893 2.06062551
v -4.57018427 2.87655893 2.65292250
v -4.86633276 3.17270743 3.24521949
v -4.57018427 3.17270743 2.94907100
v -4.86633276 3.17270743 3.83751649
v -4.86633276 3.17270743 4.42981348
v -4.57018427 3.17270743 4.72596197
v -4.57018427 2.87655893 5.02211047
v -4.86633276 3.17270743 6.20670445
v -4.86633276 3.17270743 6.79900144
v -4.57018427 3.17270743 7.09514994
v -4.57018427 3.76500442 -16.59672971
v -4.57018427 3.76500442 -16.00443272
v -4.86633276 3.76500442 -14.52369024
v -4.57018427 3.46885593 -9.78531431
v -4.57018427 3.76500442 -10.08146281
v -4.57018427 3.46885593 -9.19301732
v -4.57018427 3.46885593 -8.60072033
v -4.57018427 3.46885593 -8.00842334
v -4.57018427 3.46885593 -7.41612635
v -4.86633276 3.76500442 -6.82382936
v -4.57018427 3.76500442 -7.11997785
v -4.86633276 3.76500442 -6.23153237
v -4.86633276 3.76500442 -5.63923537
v -4.86633276 3.76500442 -5.04693838
v -4.57018427 3.76500442 -4.75078989
v -4.86633276 3.76500442 -3.86234440
v -4.57018427 3.76500442 -3.56619591
v -4.86633276 3.76500442 0.28373454
v -4.57018427 3.76500442 -0.01241396
v -4.86633276 3.76500442 0.87603153
v -4.86633276 3.76500442 1.46832852
v -4.86633276 3.76500442 2.06062551
v -4.57018427 3.46885593 3.24521949
v -4.86633276 3.76500442 3.83751649
v -4.57018427 3.76500442 3.54136799
v -4.57018427 3.76500442 4.13366498
v -4.57018427 3.46885593 4.42981348
v -4.86633276 3.76500442 5.61440746
v -4.86633276 3.76500442 6.20670445
v -4.57018427 3.76500442 6.50285295
v -4.57018427 3.46885593 6.79900144
v -4.57018427 4.35730141 -16.59672971
v -4.86633276 4.35730141 -15.70828423
v -4.57018427 4.35730141 -16.00443272
v -4.86633276 4.35730141 -15.11598724
v -4.86633276 4.35730141 -14.52369024
v -4.86633276 4.35730141 -13.93139325
v -4.57018427 4.06115292 -10.37761131
v -4.57018427 4.35730141 -10.67375980
v -4.57018427 4.35730141 -9.48916582
v -4.57018427 4.06115292 -9.19301732
v -4.57018427 4.06115292 -8.60072033
v -4.86633276 4.35730141 -8.00842334
v -4.57018427 4.35730141 -8.30457184
v -4.57018427 4.06115292 -6.82382936
v -4.57018427 4.06115292 -6.23153237
v -4.57018427 4.06115292 -5.63923537
v -4.57018427 4.06115292 -5.04693838
v -4.86633276 4.35730141 -4.45464139
v -4.57018427 4.35730141 -4.15849290
v -4.57018427 4.06115292 -3.86234440
v -4.86633276 4.35730141 0.28373454
v -4.57018427 4.35730141 -0.01241396
v -4.86633276 4.35730141 0.87603153
v -4.86633276 4.35730141 1.46832852
v -4.86633276 4.35730141 2.06062551
v -4.86633276 4.35730141 2.65292250
v -4.57018427 4.06115292 3.83751649
v -4.86633276 4.35730141 5.02211047
v -4.86633276 4.35730141 5.61440746
v -4.86633276 4.35730141 6.20670445
v -4.57018427 4.35730141 6.50285295
v -4.57018427 4.94959840 -16.59672971
v -4.57018427 4.65344991 -15.70828423
v -4.57018427 4.65344991 -15.11598724
v -4.57018427 4.65344991 -14.52369024
v -4.57018427 4.65344991 -13.93139325
v -4.86633276 4.94959840 -13.33909626
v -4.57018427 4.94959840 -13.63524476
v -4.86633276 4.94959840 -12.74679927
v -4.57018427 4.94959840 -12.45065077
v -4.57018427 4.65344991 -12.15450228
v -4.57018427 4.65344991 -11.56220529
v -4.57018427 4.65344991 -10.96990830
v -4.57018427 4.94959840 -10.08146281
v -4.57018427 4.65344991 -9.78531431
v -4.57018427 4.65344991 -8.00842334
v -4.57018427 4.65344991 -7.41612635
v -4.57018427 4.65344991 -6.82382936
v -4.57018427 4.65344991 -6.23153237
v -4.86633276 4.94959840 -5.63923537
v -4.57018427 4.94959840 -5.93538387
v -4.57018427 4.94959840 -5.34308688
v -4.57018427 4.65344991 -5.04693838
v -4.57018427 4.65344991 -4.45464139
v -4.57018427 4.65344991 0.28373454
v -4.57018427 4.65344991 0.87603153
v -4.57018427 4.94959840 1.17218002
v -4.86633276 4.94959840 1.46832852
v -4.86633276 4.94959840 2.06062551
v -4.86633276 4.94959840 2.65292250
v -4.86633276 4.94959840 3.24521949
v -4.86633276 4.94959840 3.83751649
v -4.86633276 4.94959840 4.42981348
v -4.86633276 4.94959840 5.02211047
v -4.57018427 4.94959840 5.31825896
v -4.57018427 4.65344991 5.61440746
v -4.57018427 4.65344991 6.20670445
v -4.86633276 5.54189540 -16.30058122
v -4.57018427 5.54189540 -16.59672971
v -4.86633276 5.54189540 -15.70828423
v -4.86633276 5.54189540 -15.11598724
v -4.86633276 5.54189540 -14.52369024
v -4.57018427 5.24574690 -13.33909626
v -4.57018427 5.24574690 -12.74679927
v -4.57018427 5.54189540 -11.85835378
v -4.57018427 5.24574690 -11.56220529
v -4.57018427 5.24574690 -10.96990830
v -4.57018427 5.24574690 -10.37761131
v -4.57018427 5.24574690 -5.63923537
v -4.57018427 5.24574690 1.46832852
v -4.57018427 5.24574690 2.06062551
v -4.57018427 5.54189540 2.35677401
v -4.86633276 5.54189540 2.65292250
v -4.86633276 5.54189540 3.24521949
v -4.86633276 5.54189540 3.83751649
v -4.57018427 5.54189540 4.13366498
v -4.57018427 5.24574690 4.42981348
v -4.57018427 5.24574690 5.02211047
v -4.57018427 5.83804389 -16.30058122
v -4.57018427 5.83804389 -15.70828423
v -4.57018427 5.83804389 -15.11598724
v -4.57018427 5.83804389 -14.52369024
v -4.57018427 5.83804389 -13.93139325
v -4.57018427 5.83804389 -13.33909626
v -4.57018427 5.83804389 -12.74679927
v -4.57018427 5.83804389 -12.15450228
v -4.57018427 5.83804389 2.65292250
v -4.57018427 5.83804389 3.24521949
v -4.57018427 5.83804389 3.83751649
v -4.27403577 -5.11945045 9.76048640
v -3.97788728 -5.41559894 9.76048640
v -3.97788728 -5.11945045 9.46433790
v -3.97788728 -5.11945045 10.05663489
v -3.97788728 -4.52715346 9.46433790
v -3.97788728 -4.82330195 10.35278339
v -3.97788728 -4.52715346 10.64893189
v -4.27403577 -3.93485647 8.57589242
v -3.97788728 -4.23100496 8.57589242
v -3.97788728 -3.93485647 8.27974392
v -4.27403577 -3.93485647 9.16818941
v -3.97788728 -4.23100496 9.16818941
v -3.97788728 -3.93485647 10.64893189
v -4.27403577 -3.34255947 8.57589242
v -3.97788728 -3.34255947 8.27974392
v -4.27403577 -3.34255947 9.16818941
v -4.27403577 -3.34255947 9.76048640
v -3.97788728 -3.34255947 10.05663489
v -3.97788728 -3.63870797 10.35278339
v -3.97788728 -3.04641098 8.57589242
v -3.97788728 -3.04641098 9.16818941
v -3.97788728 -3.04641098 9.76048640
v -4.27403577 -2.15796549 4.42981348
v -3.97788728 -2.45411399 4.42981348
v -3.97788728 -2.15796549 4.13366498
v -4.27403577 -2.15796549 5.02211047
v -3.97788728 -2.45411399 5.02211047
v -3.97788728 -2.15796549 5.31825896
v -4.27403577 -1.56566850 0.87603153
v -3.97788728 -1.86181700 0.87603153
v -3.97788728 -1.56566850 0.57988303
v -4.27403577 -1.56566850 1.46832852
v -3.97788728 -1.86181700 1.46832852
v -4.27403577 -1.56566850 2.06062551
v -3.97788728 -1.86181700 2.06062551
v -4.27403577 -1.56566850 2.65292250
v -3.97788728 -1.86181700 2.65292250
v -3.97788728 -1.86181700 3.24521949
v -3.97788728 -1.86181700 3.83751649
v -4.27403577 -1.56566850 5.02211047
v -3.97788728 -1.86181700 5.61440746
v -4.27403577 -1.56566850 5.61440746
v -3.97788728 -1.56566850 5.91055596
v -4.27403577 -0.97337151 0.28373454
v -3.97788728 -1.26952000 0.28373454
v -3.97788728 -0.97337151 -0.01241396
v -4.27403577 -0.97337151 0.87603153
v -4.27403577 -0.97337151 3.83751649
v -3.97788728 -0.97337151 3.54136799
v -3.97788728 -1.26952000 3.83751649
v -3.97788728 -1.26952000 4.42981348
v -4.27403577 -0.97337151 4.42981348
v -3.97788728 -0.97337151 4.72596197
v -4.27403577 -0.97337151 5.61440746
v -3.97788728 -0.97337151 5.91055596
v -4.27403577 -0.38107452 -16.30058122
v -4.27403577 -0.38107452 -15.70828423
v -4.27403577 -0.38107452 -8.60072033
v -3.97788728 -0.38107452 -8.30457184
v -3.97788728 -0.67722301 -8.00842334
v -3.97788728 -0.67722301 -7.41612635
v -3.97788728 -0.67722301 -6.82382936
v -3.97788728 -0.67722301 -6.23153237
v -3.97788728 -0.67722301 -5.63923537
v -3.97788728 -0.38107452 -5.34308688
v -4.27403577 -0.38107452 0.28373454
v -3.97788728 -0.38107452 -0.01241396
v -4.27403577 -0.38107452 2.06062551
v -3.97788728 -0.38107452 1.76447702
v -3.97788728 -0.67722301 2.06062551
v -3.97788728 -0.67722301 2.65292250
v -3.97788728 -0.67722301 3.24521949
v -4.27403577 -0.38107452 4.42981348
v -3.97788728 -0.38107452 4.72596197
v -4.27403577 -0.38107452 5.61440746
v -3.97788728 -0.67722301 6.20670445
v -4.27403577 -0.38107452 6.20670445
v -4.27403577 -0.38107452 6.79900144
v -3.97788728 -0.67722301 6.79900144
v -3.97788728 -0.38107452 7.09514994
v -4.27403577 0.21122247 -16.30058122
v -4.27403577 0.21122247 -15.70828423
v -4.27403577 0.21122247 -15.11598724
v -4.27403577 0.21122247 -10.37761131
v -4.27403577 0.21122247 -9.78531431
v -3.97788728 0.21122247 -9.48916582
v -3.97788728 -0.08492602 -9.19301732
v -3.97788728 -0.08492602 -8.60072033
v -4.27403577 0.21122247 -7.41612635
v -4.27403577 0.21122247 -6.82382936
v -3.97788728 -0.08492602 -5.04693838
v -4.27403577 0.21122247 -4.45464139
v -3.97788728 -0.08492602 -4.45464139
v -3.97788728 0.21122247 -4.15849290
v -4.27403577 0.21122247 -0.30856245
v -3.97788728 -0.08492602 -0.30856245
v -3.97788728 0.21122247 -0.60471095
v -4.27403577 0.21122247 0.28373454
v -4.27403577 0.21122247 1.46832852
v -3.97788728 0.21122247 1.17218002
v -3.97788728 -0.08492602 1.46832852
v -3.97788728 -0.08492602 5.02211047
v -4.27403577 0.21122247 5.02211047
v -3.97788728 0.21122247 5.31825896
v -4.27403577 0.21122247 6.79900144
v -3.97788728 0.21122247 7.09514994
v -3.97788728 0.50737097 -16.30058122
v -3.97788728 0.80351947 -16.59672971
v -3.97788728 0.50737097 -15.70828423
v -3.97788728 0.50737097 -15.11598724
v -3.97788728 0.80351947 -14.81983874
v -3.97788728 0.50737097 -11.56220529
v -3.97788728 0.80351947 -11.85835378
v -3.97788728 0.50737097 -10.96990830
v -3.97788728 0.50737097 -10.37761131
v -3.97788728 0.50737097 -9.78531431
v -4.27403577 0.80351947 -9.19301732
v -4.27403577 0.80351947 -8.60072033
v -3.97788728 0.80351947 -8.30457184
v -3.97788728 0.50737097 -8.00842334
v -3.97788728 0.50737097 -7.41612635
v -3.97788728 0.50737097 -6.82382936
v -3.97788728 0.50737097 -6.23153237
v -3.97788728 0.50737097 -5.63923537
v -3.97788728 0.50737097 -5.04693838
v -4.27403577 0.80351947 -5.04693838
v -3.97788728 0.80351947 -4.75078989
v -3.97788728 0.50737097 -3.86234440
v -4.27403577 0.80351947 -3.27004741
v -3.97788728 0.50737097 -3.27004741
v -3.97788728 0.80351947 -2.97389891
v -4.27403577 0.80351947 -0.90085944
v -3.97788728 0.50737097 -0.90085944
v -3.97788728 0.80351947 -1.19700794
v -4.27403577 0.80351947 -0.30856245
v -3.97788728 0.80351947 1.17218002
v -4.27403577 0.80351947 5.02211047
v -3.97788728 0.50737097 5.61440746
v -4.27403577 0.80351947 5.61440746
v -3.97788728 0.80351947 5.91055596
v -4.27403577 0.80351947 6.79900144
v -3.97788728 0.80351947 7.09514994
v -3.97788728 1.39581646 -16.59672971
v -4.27403577 1.39581646 -15.70828423
v -3.97788728 1.09966796 -14.52369024
v -3.97788728 1.39581646 -14.22754175
v -4.27403577 1.39581646 -12.74679927
v -3.97788728 1.39581646 -12.45065077
v -3.97788728 1.09966796 -12.15450228
v -4.27403577 1.39581646 -10.96990830
v -4.27403577 1.39581646 -10.37761131
v -4.27403577 1.39581646 -9.78531431
v -3.97788728 1.39581646 -9.48916582
v -3.97788728 1.09966796 -9.19301732
v -3.97788728 1.09966796 -8.60072033
v -3.97788728 1.09966796 -4.45464139
v -4.27403577 1.39581646 -4.45464139
v -3.97788728 1.39581646 -4.15849290
v -4.27403577 1.39581646 -2.67775042
v -3.97788728 1.09966796 -2.67775042
v -3.97788728 1.39581646 -2.38160192
v -4.27403577 1.39581646 -0.90085944
v -3.97788728 1.39581646 -1.19700794
v -4.27403577 1.39581646 -0.30856245
v -4.27403577 1.39581646 0.87603153
v -3.97788728 1.39581646 0.57988303
v -3.97788728 1.09966796 0.87603153
v -4.27403577 1.39581646 5.61440746
v -3.97788728 1.39581646 5.91055596
v -4.27403577 1.39581646 6.79900144
v -3.97788728 1.39581646 7.09514994
v -3.97788728 1.98811345 -16.59672971
v -4.27403577 1.98811345 -15.70828423
v -4.27403577 1.98811345 -15.11598724
v -3.97788728 1.98811345 -14.22754175
v -3.97788728 1.69196495 -13.33909626
v -3.97788728 1.98811345 -13.63524476
v -3.97788728 1.69196495 -12.74679927
v -3.97788728 1.98811345 -11.85835378
v -3.97788728 1.69196495 -11.56220529
v -3.97788728 1.69196495 -10.96990830
v -3.97788728 1.69196495 -10.37761131
v -3.97788728 1.69196495 -9.78531431
v -3.97788728 1.69196495 -3.86234440
v -4.27403577 1.98811345 -3.86234440
v -3.97788728 1.98811345 -3.56619591
v -4.27403577 1.98811345 -2.67775042
v -3.97788728 1.69196495 -2.08545343
v -4.27403577 1.98811345 -2.08545343
v -4.27403577 1.98811345 -1.49315644
v -3.97788728 1.69196495 -1.49315644
v -4.27403577 1.98811345 -0.90085944
v -4.27403577 1.98811345 -0.30856245
v -4.27403577 1.98811345 0.87603153
v -3.97788728 1.98811345 0.57988303
v -4.27403577 1.98811345 5.61440746
v -3.97788728 1.98811345 5.91055596
v -4.27403577 1.98811345 6.79900144
v -3.97788728 1.69196495 7.39129843
v -4.27403577 1.98811345 7.39129843
v -3.97788728 1.98811345 7.68744693
v -3.97788728 2.58041044 -16.59672971
v -3.97788728 2.58041044 -16.00443272
v -3.97788728 2.28426194 -15.70828423
v -3.97788728 2.58041044 -15.41213573
v -4.27403577 2.58041044 -15.11598724
v -3.97788728 2.28426194 -13.93139325
v -3.97788728 2.58041044 -13.04294777
v -3.97788728 2.28426194 -12.74679927
v -3.97788728 2.28426194 -12.15450228
v -3.97788728 2.28426194 -3.86234440
v -3.97788728 2.58041044 -4.15849290
v -4.27403577 2.58041044 -2.67775042
v -4.27403577 2.58041044 -2.08545343
v -4.27403577 2.58041044 -1.49315644
v -4.27403577 2.58041044 -0.90085944
v -4.27403577 2.58041044 -0.30856245
v -4.27403577 2.58041044 0.87603153
v -3.97788728 2.58041044 0.57988303
v -4.27403577 2.58041044 1.46832852
v -4.27403577 2.58041044 5.61440746
v -3.97788728 2.28426194 6.20670445
v -4.27403577 2.58041044 6.20670445
v -3.97788728 2.58041044 6.50285295
v -4.27403577 2.58041044 7.39129843
v -3.97788728 2.58041044 7.68744693
v -3.97788728 3.17270743 -16.59672971
v -3.97788728 3.17270743 -16.00443272
v -3.97788728 2.87655893 -15.11598724
v -4.27403577 3.17270743 -14.52369024
v -3.97788728 3.17270743 -14.81983874
v -4.27403577 3.17270743 -13.93139325
v -3.97788728 3.17270743 -13.63524476
v -3.97788728 2.87655893 -13.33909626
v -4.27403577 3.17270743 -4.45464139
v -3.97788728 3.17270743 -4.15849290
v -4.27403577 3.17270743 -3.27004741
v -4.27403577 3.17270743 -2.67775042
v -4.27403577 3.17270743 -2.08545343
v -4.27403577 3.17270743 -1.49315644
v -4.27403577 3.17270743 -0.90085944
v -4.27403577 3.17270743 -0.30856245
v -4.27403577 3.17270743 0.87603153
v -3.97788728 3.17270743 0.57988303
v -4.27403577 3.17270743 1.46832852
v -4.27403577 3.17270743 2.06062551
v -4.27403577 3.17270743 2.65292250
v -4.27403577 3.17270743 5.02211047
v -4.27403577 3.17270743 5.61440746
v -4.27403577 3.17270743 6.20670445
v -3.97788728 3.17270743 6.50285295
v -4.27403577 3.17270743 7.39129843
v -3.97788728 3.17270743 7.68744693
v -3.97788728 3.76500442 -16.59672971
v -3.97788728 3.76500442 -16.00443272
v -3.97788728 3.46885593 -14.52369024
v -3.97788728 3.46885593 -13.93139325
v -4.27403577 3.76500442 -10.37761131
v -3.97788728 3.46885593 -10.37761131
v -3.97788728 3.76500442 -10.67375980
v -3.97788728 3.46885593 -9.78531431
v -3.97788728 3.46885593 -9.19301732
v -3.97788728 3.46885593 -8.60072033
v -3.97788728 3.46885593 -8.00842334
v -4.27403577 3.76500442 -7.41612635
v -3.97788728 3.76500442 -7.71227484
v -3.97788728 3.46885593 -4.45464139
v -3.97788728 3.76500442 -4.75078989
v -4.27403577 3.76500442 -3.27004741
v -4.27403577 3.76500442 -2.67775042
v -3.97788728 3.76500442 -2.38160192
v -3.97788728 3.46885593 -2.08545343
v -3.97788728 3.46885593 -1.49315644
v -3.97788728 3.76500442 -1.19700794
v -4.27403577 3.76500442 -0.90085944
v -4.27403577 3.76500442 -0.30856245
v -4.27403577 3.76500442 0.87603153
v -3.97788728 3.76500442 0.57988303
v -4.27403577 3.76500442 1.46832852
v -4.27403577 3.76500442 2.06062551
v -4.27403577 3.76500442 2.65292250
v -4.27403577 3.76500442 3.24521949
v -4.27403577 3.76500442 4.42981348
v -4.27403577 3.76500442 5.02211047
v -4.27403577 3.76500442 5.61440746
v -3.97788728 3.76500442 5.91055596
v -3.97788728 3.46885593 6.20670445
v -4.27403577 3.76500442 6.79900144
v -4.27403577 3.76500442 7.39129843
v -3.97788728 3.76500442 7.68744693
v -3.97788728 4.35730141 -16.59672971
v -3.97788728 4.35730141 -16.00443272
v -4.27403577 4.35730141 -10.96990830
v -3.97788728 4.06115292 -10.96990830
v -3.97788728 4.35730141 -11.26605679
v -3.97788728 4.35730141 -9.48916582
v -3.97788728 4.06115292 -9.19301732
v -3.97788728 4.06115292 -8.60072033
v -3.97788728 4.35730141 -8.30457184
v -3.97788728 4.06115292 -7.41612635
v -3.97788728 4.06115292 -6.82382936
v -3.97788728 4.06115292 -6.23153237
v -3.97788728 4.06115292 -5.63923537
v -3.97788728 4.06115292 -5.04693838
v -4.27403577 4.35730141 -3.86234440
v -4.27403577 4.35730141 -3.27004741
v -3.97788728 4.35730141 -2.97389891
v -3.97788728 4.06115292 -2.67775042
v -3.97788728 4.06115292 -0.90085944
v -3.97788728 4.06115292 -0.30856245
v -3.97788728 4.35730141 -0.01241396
v -3.97788728 4.06115292 0.87603153
v -3.97788728 4.06115292 1.46832852
v -4.27403577 4.35730141 2.06062551
v -3.97788728 4.35730141 1.76447702
v -4.27403577 4.35730141 2.65292250
v -4.27403577 4.35730141 3.24521949
v -4.27403577 4.35730141 3.83751649
v -4.27403577 4.35730141 4.42981348
v -3.97788728 4.35730141 4.72596197
v -3.97788728 4.06115292 5.02211047
v -3.97788728 4.06115292 5.61440746
v -4.27403577 4.35730141 6.79900144
v -3.97788728 4.35730141 7.09514994
v -3.97788728 4.06115292 7.39129843
v -3.97788728 4.94959840 -16.59672971
v -4.27403577 4.94959840 -15.70828423
v -3.97788728 4.94959840 -16.00443272
v -4.27403577 4.94959840 -15.11598724
v -4.27403577 4.94959840 -14.52369024
v -4.27403577 4.94959840 -13.93139325
v -4.27403577 4.94959840 -12.74679927
v -3.97788728 4.65344991 -12.74679927
v -3.97788728 4.94959840 -13.04294777
v -3.97788728 4.65344991 -12.15450228
v -3.97788728 4.65344991 -11.56220529
v -3.97788728 4.94959840 -10.08146281
v -3.97788728 4.65344991 -9.78531431
v -3.97788728 4.65344991 -8.00842334
v -3.97788728 4.65344991 -7.41612635
v -3.97788728 4.65344991 -6.82382936
v -4.27403577 4.94959840 -6.23153237
v -3.97788728 4.94959840 -6.52768086
v -4.27403577 4.94959840 -5.04693838
v -3.97788728 4.94959840 -4.75078989
v -3.97788728 4.65344991 -4.45464139
v -3.97788728 4.65344991 -3.86234440
v -3.97788728 4.65344991 -3.27004741
v -4.27403577 4.94959840 0.28373454
v -3.97788728 4.94959840 -0.01241396
v -4.27403577 4.94959840 0.87603153
v -3.97788728 4.65344991 2.06062551
v -3.97788728 4.65344991 2.65292250
v -4.27403577 4.94959840 3.24521949
v -3.97788728 4.94959840 2.94907100
v -4.27403577 4.94959840 3.83751649
v -3.97788728 4.94959840 4.13366498
v -3.97788728 4.65344991 4.42981348
v -4.27403577 4.94959840 5.61440746
v -4.27403577 4.94959840 6.20670445
v -4.27403577 4.94959840 6.79900144
v -3.97788728 4.94959840 7.09514994
v -3.97788728 5.54189540 -16.59672971
v -3.97788728 5.24574690 -15.70828423
v -3.97788728 5.24574690 -15.11598724
v -3.97788728 5.24574690 -14.52369024
v -3.97788728 5.24574690 -13.93139325
v -3.97788728 5.24574690 -13.33909626
v -3.97788728 5.54189540 -11.85835378
v -3.97788728 5.24574690 -11.56220529
v -3.97788728 5.24574690 -10.96990830
v -3.97788728 5.24574690 -10.37761131
v -3.97788728 5.24574690 -6.23153237
v -3.97788728 5.24574690 -5.63923537
v -3.97788728 5.24574690 -5.04693838
v -3.97788728 5.24574690 0.28373454
v -3.97788728 5.24574690 0.87603153
v -4.27403577 5.54189540 1.46832852
v -3.97788728 5.54189540 1.17218002
v -4.27403577 5.54189540 2.06062551
v -3.97788728 5.24574690 3.24521949
v -3.97788728 5.24574690 3.83751649
v -4.27403577 5.54189540 4.42981348
v -4.27403577 5.54189540 5.02211047
v -4.27403577 5.54189540 5.61440746
v -3.97788728 5.54189540 5.91055596
v -3.97788728 5.24574690 6.20670445
v -3.97788728 5.24574690 6.79900144
v -4.27403577 6.13419239 -16.30058122
v -3.97788728 6.13419239 -16.59672971
v -4.27403577 6.13419239 -15.70828423
v -3.97788728 6.13419239 -15.41213573
v -3.97788728 5.83804389 -15.11598724
v -3.97788728 5.83804389 -14.52369024
v -3.97788728 5.83804389 -13.93139325
v -3.97788728 5.83804389 -13.33909626
v -3.97788728 5.83804389 -12.74679927
v -3.97788728 5.83804389 -12.15450228
v -3.97788728 5.83804389 1.46832852
v -3.97788728 5.83804389 2.06062551
v -3.97788728 5.83804389 2.65292250
v -3.97788728 5.83804389 3.24521949
v -4.27403577 6.13419239 3.83751649
v -3.97788728 6.13419239 3.54136799
v -3.97788728 6.13419239 4.13366498
v -3.97788728 5.83804389 4.42981348
v -3.97788728 5.83804389 5.02211047
v -3.97788728 5.83804389 5.61440746
v -3.97788728 6.43034088 -16.30058122
v -3.97788728 6.43034088 -15.70828423
v -3.97788728 6.43034088 3.83751649
v -3.68173878 -5.11945045 9.16818941
v -3.38559029 -5.41559894 9.16818941
v -3.38559029 -5.11945045 8.87204091
v -3.38559029 -5.41559894 9.76048640
v -3.38559029 -5.11945045 10.05663489
v -3.68173878 -4.52715346 9.16818941
v -3.38559029 -4.52715346 8.87204091
v -3.38559029 -4.82330195 10.35278339
v -3.38559029 -4.52715346 10.64893189
v -3.38559029 -4.23100496 8.57589242
v -3.38559029 -3.93485647 8.27974392
v -3.38559029 -3.93485647 10.64893189
v -3.68173878 -3.34255947 7.39129843
v -3.38559029 -3.63870797 7.39129843
v -3.38559029 -3.34255947 7.09514994
v -3.68173878 -3.34255947 7.98359542
v -3.38559029 -3.63870797 7.98359542
v -3.38559029 -3.34255947 10.05663489
v -3.38559029 -3.63870797 10.35278339
v -3.68173878 -2.75026248 5.61440746
v -3.38559029 -3.04641098 5.61440746
v -3.38559029 -2.75026248 5.31825896
v -3.38559029 -2.75026248 5.91055596
v -3.38559029 -3.04641098 7.39129843
v -3.38559029 -2.75026248 7.68744693
v -3.68173878 -2.75026248 7.98359542
v -3.68173878 -2.75026248 8.57589242
v -3.38559029 -2.75026248 8.87204091
v -3.38559029 -3.04641098 9.16818941
v -3.38559029 -3.04641098 9.76048640
v -3.68173878 -2.15796549 0.87603153
v -3.38559029 -2.45411399 0.87603153
v -3.38559029 -2.15796549 0.57988303
v -3.68173878 -2.15796549 1.46832852
v -3.38559029 -2.45411399 1.46832852
v -3.68173878 -2.15796549 2.06062551
v -3.38559029 -2.45411399 2.06062551
v -3.68173878 -2.15796549 2.65292250
v -3.38559029 -2.45411399 2.65292250
v -3.38559029 -2.15796549 2.94907100
v -3.38559029 -2.45411399 4.42981348
v -3.38559029 -2.15796549 4.13366498
v -3.38559029 -2.45411399 5.02211047
v -3.68173878 -2.15796549 5.61440746
v -3.38559029 -2.45411399 6.20670445
v -3.68173878 -2.15796549 6.20670445
v -3.38559029 -2.15796549 6.50285295
v -3.38559029 -2.45411399 7.98359542
v -3.38559029 -2.45411399 8.57589242
v -3.68173878 -1.56566850 0.28373454
v -3.38559029 -1.86181700 0.28373454
v -3.38559029 -1.56566850 -0.01241396
v -3.38559029 -1.86181700 3.24521949
v -3.38559029 -1.86181700 3.83751649
v -3.68173878 -1.56566850 6.20670445
v -3.38559029 -1.56566850 6.50285295
v -3.68173878 -0.97337151 -0.30856245
v -3.38559029 -1.26952000 -0.30856245
v -3.38559029 -0.97337151 -0.60471095
v -3.68173878 -0.97337151 1.46832852
v -3.38559029 -0.97337151 1.17218002
v -3.38559029 -1.26952000 1.46832852
v -3.38559029 -1.26952000 2.06062551
v -3.68173878 -0.97337151 2.06062551
v -3.38559029 -1.26952000 2.65292250
v -3.68173878 -0.97337151 2.65292250
v -3.38559029 -1.26952000 3.24521949
v -3.68173878 -0.97337151 3.24521949
v -3.38559029 -1.26952000 3.83751649
v -3.38559029 -1.26952000 4.42981348
v -3.38559029 -1.26952000 5.02211047
v -3.68173878 -0.97337151 5.02211047
v -3.38559029 -0.97337151 5.31825896
v -3.68173878 -0.97337151 6.20670445
v -3.38559029 -1.26952000 6.79900144
v -3.68173878 -0.97337151 6.79900144
v -3.68173878 -0.97337151 7.39129843
v -3.38559029 -1.26952000 7.39129843
v -3.38559029 -0.97337151 7.68744693
v -3.68173878 -0.38107452 -8.00842334
v -3.68173878 -0.38107452 -7.41612635
v -3.38559029 -0.38107452 -7.11997785
v -3.38559029 -0.67722301 -6.82382936
v -3.68173878 -0.38107452 -6.23153237
v -3.38559029 -0.38107452 -6.52768086
v -3.68173878 -0.38107452 -5.63923537
v -3.68173878 -0.38107452 -0.90085944
v -3.38559029 -0.67722301 -0.90085944
v -3.38559029 -0.38107452 -1.19700794
v -3.68173878 -0.38107452 -0.30856245
v -3.68173878 -0.38107452 0.87603153
v -3.38559029 -0.38107452 0.57988303
v -3.38559029 -0.67722301 0.87603153
v -3.68173878 -0.38107452 1.46832852
v -3.68173878 -0.38107452 5.02211047
v -3.38559029 -0.38107452 5.31825896
v -3.68173878 -0.38107452 7.39129843
v -3.38559029 -0.38107452 7.68744693
v -3.68173878 0.21122247 -9.19301732
v -3.38559029 0.21122247 -8.89686883
v -3.38559029 -0.08492602 -8.60072033
v -3.38559029 -0.08492602 -8.00842334
v -3.38559029 -0.08492602 -7.41612635
v -3.38559029 -0.08492602 -6.23153237
v -3.38559029 -0.08492602 -5.63923537
v -3.38559029 -0.08492602 -5.04693838
v -3.38559029 -0.08492602 -4.45464139
v -3.68173878 0.21122247 -3.86234440
v -3.38559029 -0.08492602 -3.86234440
v -3.68173878 0.21122247 -3.27004741
v -3.38559029 -0.08492602 -3.27004741
v -3.38559029 0.21122247 -2.97389891
v -3.68173878 0.21122247 -0.90085944
v -3.38559029 0.21122247 -1.19700794
v -3.38559029 -0.08492602 0.28373454
v -3.68173878 0.21122247 0.28373454
v -3.38559029 0.21122247 -0.01241396
v -3.68173878 0.21122247 0.87603153
v -3.38559029 -0.08492602 5.61440746
v -3.68173878 0.21122247 5.61440746
v -3.38559029 -0.08492602 6.20670445
v -3.68173878 0.21122247 6.20670445
v -3.38559029 0.21122247 6.50285295
v -3.68173878 0.21122247 7.39129843
v -3.38559029 0.21122247 7.68744693
v -3.68173878 0.80351947 -16.30058122
v -3.68173878 0.80351947 -15.70828423
v -3.68173878 0.80351947 -15.11598724
v -3.68173878 0.80351947 -11.56220529
v -3.68173878 0.80351947 -10.96990830
v -3.68173878 0.80351947 -10.37761131
v -3.68173878 0.80351947 -9.78531431
v -3.38559029 0.80351947 -9.48916582
v -3.38559029 0.50737097 -9.19301732
v -3.68173878 0.80351947 -8.00842334
v -3.38559029 0.80351947 -7.71227484
v -3.38559029 0.50737097 -7.41612635
v -3.38559029 0.50737097 -6.82382936
v -3.38559029 0.50737097 -6.23153237
v -3.38559029 0.50737097 -5.63923537
v -3.38559029 0.50737097 -5.04693838
v -3.38559029 0.80351947 -4.75078989
v -3.68173878 0.80351947 -2.67775042
v -3.38559029 0.50737097 -2.67775042
v -3.38559029 0.80351947 -2.38160192
v -3.68173878 0.80351947 -1.49315644
v -3.38559029 0.50737097 -1.49315644
v -3.38559029 0.80351947 -1.78930493
v -3.68173878 0.80351947 0.28373454
v -3.38559029 0.80351947 -0.01241396
v -3.68173878 0.80351947 0.87603153
v -3.68173878 0.80351947 6.20670445
v -3.38559029 0.80351947 6.50285295
v -3.68173878 0.80351947 7.39129843
v -3.38559029 0.80351947 7.68744693
v -3.68173878 1.39581646 -16.30058122
v -3.68173878 1.39581646 -15.70828423
v -3.68173878 1.39581646 -15.11598724
v -3.68173878 1.39581646 -14.52369024
v -3.38559029 1.09966796 -12.15450228
v -3.38559029 1.39581646 -12.45065077
v -3.38559029 1.09966796 -11.56220529
v -3.38559029 1.09966796 -10.96990830
v -3.38559029 1.09966796 -10.37761131
v -3.38559029 1.09966796 -9.78531431
v -3.68173878 1.39581646 -9.19301732
v -3.68173878 1.39581646 -8.60072033
v -3.68173878 1.39581646 -8.00842334
v -3.38559029 1.39581646 -7.71227484
v -3.38559029 1.09966796 -4.45464139
v -3.38559029 1.09966796 -3.86234440
v -3.68173878 1.39581646 -3.86234440
v -3.38559029 1.09966796 -3.27004741
v -3.68173878 1.39581646 -3.27004741
v -3.38559029 1.39581646 -2.97389891
v -3.68173878 1.39581646 -2.08545343
v -3.38559029 1.09966796 -2.08545343
v -3.68173878 1.39581646 -1.49315644
v -3.68173878 1.39581646 0.28373454
v -3.38559029 1.39581646 -0.01241396
v -3.68173878 1.39581646 6.20670445
v -3.38559029 1.39581646 6.50285295
v -3.68173878 1.39581646 7.39129843
v -3.38559029 1.39581646 7.68744693
v -3.38559029 1.69196495 -16.30058122
v -3.38559029 1.98811345 -16.59672971
v -3.38559029 1.69196495 -15.70828423
v -3.68173878 1.98811345 -15.11598724
v -3.38559029 1.98811345 -15.41213573
v -3.68173878 1.98811345 -14.52369024
v -3.38559029 1.69196495 -13.33909626
v -3.38559029 1.98811345 -13.63524476
v -3.38559029 1.69196495 -12.74679927
v -3.68173878 1.98811345 -11.56220529
v -3.68173878 1.98811345 -10.96990830
v -3.68173878 1.98811345 -10.37761131
v -3.68173878 1.98811345 -9.78531431
v -3.68173878 1.98811345 -9.19301732
v -3.68173878 1.98811345 -8.60072033
v -3.38559029 1.98811345 -8.30457184
v -3.38559029 1.69196495 -8.00842334
v -3.68173878 1.98811345 -3.27004741
v -3.38559029 1.98811345 -2.97389891
v -3.68173878 1.98811345 -0.30856245
v -3.38559029 1.98811345 -0.60471095
v -3.38559029 1.69196495 -0.30856245
v -3.68173878 1.98811345 0.28373454
v -3.68173878 1.98811345 6.20670445
v -3.38559029 1.69196495 6.79900144
v -3.68173878 1.98811345 6.79900144
v -3.38559029 1.98811345 7.09514994
v -3.68173878 1.98811345 7.98359542
v -3.38559029 1.69196495 7.98359542
v -3.38559029 1.98811345 8.27974392
v -3.38559029 2.58041044 -16.59672971
v -3.68173878 2.58041044 -15.70828423
v -3.38559029 2.28426194 -15.11598724
v -3.38559029 2.28426194 -14.52369024
v -3.38559029 2.28426194 -13.93139325
v -3.68173878 2.58041044 -12.74679927
v -3.38559029 2.58041044 -12.45065077
v -3.38559029 2.28426194 -12.15450228
v -3.38559029 2.28426194 -11.56220529
v -3.38559029 2.28426194 -10.96990830
v -3.38559029 2.58041044 -10.67375980
v -3.68173878 2.58041044 -10.37761131
v -3.68173878 2.58041044 -9.78531431
v -3.68173878 2.58041044 -9.19301732
v -3.68173878 2.58041044 -8.60072033
v -3.38559029 2.58041044 -8.30457184
v -3.68173878 2.58041044 -3.86234440
v -3.68173878 2.58041044 -3.27004741
v -3.38559029 2.58041044 -2.97389891
v -3.68173878 2.58041044 -0.30856245
v -3.38559029 2.58041044 -0.60471095
v -3.68173878 2.58041044 0.28373454
v -3.68173878 2.58041044 6.79900144
v -3.38559029 2.58041044 7.09514994
v -3.68173878 2.58041044 7.98359542
v -3.38559029 2.58041044 8.27974392
v -3.38559029 3.17270743 -16.59672971
v -3.68173878 3.17270743 -15.70828423
v -3.68173878 3.17270743 -15.11598724
v -3.68173878 3.17270743 -13.33909626
v -3.38559029 3.17270743 -13.04294777
v -3.38559029 2.87655893 -12.74679927
v -3.68173878 3.17270743 -10.37761131
v -3.38559029 3.17270743 -10.67375980
v -3.68173878 3.17270743 -9.78531431
v -3.68173878 3.17270743 -9.19301732
v -3.68173878 3.17270743 -8.60072033
v -3.38559029 3.17270743 -8.30457184
v -3.68173878 3.17270743 -3.86234440
v -3.68173878 3.17270743 -3.27004741
v -3.38559029 2.87655893 -2.67775042
v -3.68173878 3.17270743 -2.67775042
v -3.38559029 3.17270743 -2.38160192
v -3.38559029 2.87655893 -0.30856245
v -3.68173878 3.17270743 0.28373454
v -3.38559029 3.17270743 -0.01241396
v -3.68173878 3.17270743 6.79900144
v -3.38559029 3.17270743 7.09514994
v -3.68173878 3.17270743 7.98359542
v -3.38559029 3.17270743 8.27974392
v -3.38559029 3.76500442 -16.59672971
v -3.38559029 3.76500442 -16.00443272
v -3.38559029 3.46885593 -15.70828423
v -3.38559029 3.76500442 -15.41213573
v -3.68173878 3.76500442 -15.11598724
v -3.68173878 3.76500442 -14.52369024
v -3.68173878 3.76500442 -13.93139325
v -3.38559029 3.76500442 -13.63524476
v -3.38559029 3.46885593 -13.33909626
v -3.68173878 3.76500442 -10.96990830
v -3.38559029 3.46885593 -10.96990830
v -3.38559029 3.76500442 -11.26605679
v -3.68173878 3.76500442 -9.19301732
v -3.38559029 3.76500442 -9.48916582
v -3.38559029 3.46885593 -9.19301732
v -3.38559029 3.76500442 -8.89686883
v -3.38559029 3.46885593 -8.00842334
v -3.68173878 3.76500442 -7.41612635
v -3.38559029 3.46885593 -7.41612635
v -3.38559029 3.76500442 -7.11997785
v -3.68173878 3.76500442 -4.45464139
v -3.68173878 3.76500442 -3.86234440
v -3.38559029 3.76500442 -3.56619591
v -3.38559029 3.46885593 -3.27004741
v -3.38559029 3.46885593 -2.67775042
v -3.68173878 3.76500442 -2.08545343
v -3.68173878 3.76500442 -1.49315644
v -3.38559029 3.46885593 0.28373454
v -3.38559029 3.76500442 0.57988303
v -3.68173878 3.76500442 6.20670445
v -3.68173878 3.76500442 6.79900144
v -3.38559029 3.76500442 7.09514994
v -3.68173878 3.76500442 7.98359542
v -3.38559029 3.76500442 8.27974392
v -3.38559029 4.35730141 -16.59672971
v -3.38559029 4.35730141 -16.00443272
v -3.38559029 4.06115292 -15.11598724
v -3.38559029 4.35730141 -14.81983874
v -3.68173878 4.35730141 -14.52369024
v -3.68173878 4.35730141 -13.93139325
v -3.38559029 4.35730141 -13.63524476
v -3.68173878 4.35730141 -12.15450228
v -3.38559029 4.06115292 -12.15450228
v -3.38559029 4.35730141 -12.45065077
v -3.68173878 4.35730141 -11.56220529
v -3.38559029 4.06115292 -11.56220529
v -3.68173878 4.35730141 -9.78531431
v -3.38559029 4.35730141 -10.08146281
v -3.38559029 4.06115292 -9.78531431
v -3.38559029 4.06115292 -8.60072033
v -3.38559029 4.06115292 -8.00842334
v -3.68173878 4.35730141 -8.00842334
v -3.38559029 4.35730141 -7.71227484
v -3.38559029 4.06115292 -6.82382936
v -3.38559029 4.06115292 -6.23153237
v -3.38559029 4.06115292 -5.63923537
v -3.38559029 4.06115292 -5.04693838
v -3.38559029 4.06115292 -4.45464139
v -3.38559029 4.06115292 -3.86234440
v -3.68173878 4.35730141 -2.67775042
v -3.68173878 4.35730141 -2.08545343
v -3.68173878 4.35730141 -1.49315644
v -3.68173878 4.35730141 -0.90085944
v -3.68173878 4.35730141 -0.30856245
v -3.68173878 4.35730141 0.87603153
v -3.38559029 4.35730141 0.57988303
v -3.68173878 4.35730141 1.46832852
v -3.68173878 4.35730141 5.02211047
v -3.68173878 4.35730141 5.61440746
v -3.68173878 4.35730141 6.20670445
v -3.38559029 4.35730141 6.50285295
v -3.38559029 4.06115292 6.79900144
v -3.68173878 4.35730141 7.39129843
v -3.38559029 4.35730141 7.68744693
v -3.38559029 4.06115292 7.98359542
v -3.38559029 4.94959840 -16.59672971
v -3.38559029 4.94959840 -16.00443272
v -3.68173878 4.94959840 -14.52369024
v -3.38559029 4.94959840 -14.81983874
v -3.68173878 4.94959840 -13.93139325
v -3.38559029 4.65344991 -13.33909626
v -3.68173878 4.94959840 -13.33909626
v -3.38559029 4.65344991 -12.74679927
v -3.68173878 4.94959840 -10.37761131
v -3.38559029 4.94959840 -10.67375980
v -3.38559029 4.65344991 -10.37761131
v -3.38559029 4.65344991 -7.41612635
v -3.38559029 4.65344991 -6.82382936
v -3.38559029 4.94959840 -6.52768086
v -3.68173878 4.94959840 -4.45464139
v -3.68173878 4.94959840 -3.86234440
v -3.38559029 4.94959840 -3.56619591
v -3.38559029 4.65344991 -3.27004741
v -3.38559029 4.65344991 -2.67775042
v -3.38559029 4.94959840 -2.38160192
v -3.68173878 4.94959840 -2.08545343
v -3.68173878 4.94959840 -1.49315644
v -3.68173878 4.94959840 -0.90085944
v -3.68173878 4.94959840 -0.30856245
v -3.38559029 4.65344991 0.87603153
v -3.68173878 4.94959840 1.46832852
v -3.38559029 4.94959840 1.17218002
v -3.68173878 4.94959840 2.06062551
v -3.68173878 4.94959840 2.65292250
v -3.68173878 4.94959840 4.42981348
v -3.68173878 4.94959840 5.02211047
v -3.68173878 4.94959840 5.61440746
v -3.38559029 4.94959840 5.91055596
v -3.38559029 4.65344991 6.20670445
v -3.68173878 4.94959840 7.39129843
v -3.38559029 4.94959840 7.68744693
v -3.38559029 5.54189540 -16.59672971
v -3.38559029 5.24574690 -15.70828423
v -3.38559029 5.24574690 -15.11598724
v -3.68173878 5.54189540 -12.15450228
v -3.38559029 5.54189540 -12.45065077
v -3.38559029 5.24574690 -12.15450228
v -3.38559029 5.24574690 -11.56220529
v -3.38559029 5.24574690 -10.96990830
v -3.38559029 5.24574690 -6.23153237
v -3.38559029 5.24574690 -5.63923537
v -3.38559029 5.24574690 -5.04693838
v -3.38559029 5.24574690 -4.45464139
v -3.38559029 5.24574690 -3.86234440
v -3.38559029 5.24574690 -2.08545343
v -3.38559029 5.24574690 -1.49315644
v -3.38559029 5.24574690 -0.90085944
v -3.38559029 5.24574690 -0.30856245
v -3.68173878 5.54189540 0.28373454
v -3.38559029 5.54189540 -0.01241396
v -3.68173878 5.54189540 0.87603153
v -3.38559029 5.24574690 1.46832852
v -3.38559029 5.24574690 2.06062551
v -3.38559029 5.24574690 2.65292250
v -3.38559029 5.24574690 3.24521949
v -3.68173878 5.54189540 3.83751649
v -3.38559029 5.54189540 3.54136799
v -3.38559029 5.54189540 4.13366498
v -3.38559029 5.24574690 4.42981348
v -3.38559029 5.24574690 5.02211047
v -3.38559029 5.24574690 5.61440746
v -3.68173878 5.54189540 6.20670445
v -3.68173878 5.54189540 6.79900144
v -3.38559029 5.54189540 7.09514994
v -3.38559029 5.24574690 7.39129843
v -3.38559029 6.13419239 -16.59672971
v -3.38559029 6.13419239 -15.41213573
v -3.38559029 5.83804389 -15.11598724
v -3.38559029 5.83804389 -14.52369024
v -3.38559029 5.83804389 -13.93139325
v -3.38559029 5.83804389 -13.33909626
v -3.38559029 5.83804389 -12.74679927
v -3.38559029 5.83804389 0.28373454
v -3.38559029 5.83804389 0.87603153
v -3.68173878 6.13419239 1.46832852
v -3.38559029 6.13419239 1.17218002
v -3.68173878 6.13419239 2.06062551
v -3.68173878 6.13419239 2.65292250
v -3.68173878 6.13419239 3.24521949
v -3.38559029 5.83804389 3.83751649
v -3.68173878 6.13419239 4.42981348
v -3.68173878 6.13419239 5.02211047
v -3.68173878 6.13419239 5.61440746
v -3.38559029 6.13419239 5.91055596
v -3.38559029 5.83804389 6.20670445
v -3.38559029 5.83804389 6.79900144
v -3.38559029 6.43034088 -16.30058122
v -3.38559029 6.43034088 -15.70828423
v -3.38559029 6.43034088 1.46832852
v -3.38559029 6.43034088 2.06062551
v -3.38559029 6.43034088 2.65292250
v -3.38559029 6.72648938 2.94907100
v -3.68173878 6.72648938 3.24521949
v -3.68173878 6.72648938 3.83751649
v -3.38559029 6.72648938 4.13366498
v -3.38559029 6.43034088 4.42981348
v -3.38559029 6.43034088 5.02211047
v -3.38559029 6.43034088 5.61440746
v -3.38559029 7.02263787 3.24521949
v -3.38559029 7.02263787 3.83751649
v -3.08944179 -5.11945045 7.98359542
v -2.79329329 -5.41559894 7.98359542
v -2.79329329 -5.11945045 7.68744693
v -3.08944179 -5.11945045 8.57589242
v -2.79329329 -5.41559894 8.57589242
v -2.79329329 -5.41559894 9.16818941
v -2.79329329 -5.41559894 9.76048640
v -2.79329329 -5.11945045 10.05663489
v -3.08944179 -4.52715346 7.98359542
v -2.79329329 -4.52715346 7.68744693
v -3.08944179 -4.52715346 8.57589242
v -3.08944179 -4.52715346 10.35278339
v -2.79329329 -4.52715346 10.05663489
v -3.08944179 -3.93485647 4.42981348
v -2.79329329 -4.23100496 4.42981348
v -2.79329329 -3.93485647 4.13366498
v -3.08944179 -3.93485647 5.02211047
v -2.79329329 -4.23100496 5.02211047
v -3.08944179 -3.93485647 5.61440746
v -2.79329329 -4.23100496 5.61440746
v -3.08944179 -3.93485647 6.20670445
v -2.79329329 -4.23100496 6.20670445
v -3.08944179 -3.93485647 6.79900144
v -2.79329329 -4.23100496 6.79900144
v -2.79329329 -3.93485647 7.09514994
v -3.08944179 -3.93485647 7.98359542
v -2.79329329 -3.93485647 7.68744693
v -3.08944179 -3.93485647 10.35278339
v -2.79329329 -3.93485647 10.05663489
v -3.08944179 -3.34255947 4.42981348
v -2.79329329 -3.34255947 4.13366498
v -3.08944179 -3.34255947 5.02211047
v -3.08944179 -3.34255947 5.61440746
v -3.08944179 -3.34255947 6.20670445
v -3.08944179 -3.34255947 6.79900144
v -2.79329329 -3.63870797 7.39129843
v -2.79329329 -3.34255947 10.05663489
v -2.79329329 -3.04641098 4.42981348
v -2.79329329 -2.75026248 4.72596197
v -3.08944179 -2.75026248 5.02211047
v -3.08944179 -2.75026248 6.20670445
v -3.08944179 -2.75026248 6.79900144
v -3.08944179 -2.75026248 7.39129843
v -3.08944179 -2.75026248 9.16818941
v -2.79329329 -2.75026248 9.46433790
v -2.79329329 -3.04641098 9.76048640
v -3.08944179 -2.15796549 0.28373454
v -2.79329329 -2.45411399 0.28373454
v -2.79329329 -2.15796549 -0.01241396
v -2.79329329 -2.45411399 0.87603153
v -2.79329329 -2.45411399 1.46832852
v -2.79329329 -2.45411399 2.06062551
v -2.79329329 -2.45411399 2.65292250
v -3.08944179 -2.15796549 3.24521949
v -2.79329329 -2.45411399 3.24521949
v -3.08944179 -2.15796549 3.83751649
v -2.79329329 -2.45411399 3.83751649
v -3.08944179 -2.15796549 4.42981348
v -2.79329329 -2.15796549 4.13366498
v -2.79329329 -2.15796549 4.72596197
v -3.08944179 -2.15796549 6.79900144
v -2.79329329 -2.15796549 7.09514994
v -2.79329329 -2.45411399 7.39129843
v -2.79329329 -2.45411399 7.98359542
v -2.79329329 -2.45411399 8.57589242
v -2.79329329 -2.45411399 9.16818941
v -3.08944179 -1.56566850 -0.90085944
v -2.79329329 -1.86181700 -0.90085944
v -2.79329329 -1.56566850 -1.19700794
v -3.08944179 -1.56566850 -0.30856245
v -2.79329329 -1.86181700 -0.30856245
v -3.08944179 -1.56566850 1.46832852
v -2.79329329 -1.56566850 1.17218002
v -2.79329329 -1.86181700 1.46832852
v -2.79329329 -1.86181700 2.06062551
v -3.08944179 -1.56566850 2.06062551
v -2.79329329 -1.56566850 2.35677401
v -2.79329329 -1.86181700 4.42981348
v -3.08944179 -1.56566850 5.61440746
v -2.79329329 -1.56566850 5.31825896
v -2.79329329 -1.86181700 5.61440746
v -2.79329329 -1.56566850 5.91055596
v -3.08944179 -1.56566850 6.79900144
v -2.79329329 -1.56566850 7.09514994
v -3.08944179 -0.97337151 -0.90085944
v -2.79329329 -0.97337151 -1.19700794
v -2.79329329 -1.26952000 0.28373454
v -3.08944179 -0.97337151 0.28373454
v -2.79329329 -0.97337151 -0.01241396
v -2.79329329 -1.26952000 0.87603153
v -3.08944179 -0.97337151 0.87603153
v -2.79329329 -1.26952000 2.65292250
v -2.79329329 -1.26952000 3.24521949
v -2.79329329 -1.26952000 3.83751649
v -2.79329329 -1.26952000 4.42981348
v -2.79329329 -1.26952000 5.02211047
v -3.08944179 -0.97337151 5.61440746
v -2.79329329 -0.97337151 5.91055596
v -2.79329329 -1.26952000 7.39129843
v -3.08944179 -0.97337151 7.98359542
v -2.79329329 -1.26952000 7.98359542
v -2.79329329 -0.97337151 8.27974392
v -3.08944179 -0.38107452 -6.82382936
v -3.08944179 -0.38107452 -1.49315644
v -2.79329329 -0.67722301 -1.49315644
v -2.79329329 -0.38107452 -1.78930493
v -2.79329329 -0.67722301 -0.30856245
v -3.08944179 -0.38107452 -0.30856245
v -2.79329329 -0.38107452 -0.60471095
v -3.08944179 -0.38107452 0.28373454
v -3.08944179 -0.38107452 5.61440746
v -2.79329329 -0.38107452 5.91055596
v -3.08944179 -0.38107452 6.79900144
v -2.79329329 -0.38107452 6.50285295
v -2.79329329 -0.67722301 6.79900144
v -2.79329329 -0.38107452 7.09514994
v -3.08944179 -0.38107452 7.98359542
v -2.79329329 -0.38107452 8.27974392
v -3.08944179 0.21122247 -8.60072033
v -3.08944179 0.21122247 -8.00842334
v -2.79329329 0.21122247 -7.71227484
v -2.79329329 -0.08492602 -7.41612635
v -2.79329329 -0.08492602 -6.82382936
v -2.79329329 -0.08492602 -6.23153237
v -2.79329329 -0.08492602 -5.63923537
v -2.79329329 -0.08492602 -5.04693838
v -2.79329329 -0.08492602 -4.45464139
v -2.79329329 -0.08492602 -3.86234440
v -2.79329329 -0.08492602 -3.27004741
v -3.08944179 0.21122247 -2.67775042
v -2.79329329 -0.08492602 -2.67775042
v -3.08944179 0.21122247 -2.08545343
v -2.79329329 -0.08492602 -2.08545343
v -3.08944179 0.21122247 -1.49315644
v -3.08944179 0.21122247 -0.30856245
v -2.79329329 0.21122247 -0.60471095
v -2.79329329 -0.08492602 6.20670445
v -3.08944179 0.21122247 6.79900144
v -2.79329329 0.21122247 7.09514994
v -3.08944179 0.21122247 7.98359542
v -2.79329329 0.21122247 8.27974392
v -3.08944179 0.80351947 -9.19301732
v -3.08944179 0.80351947 -8.60072033
v -2.79329329 0.80351947 -8.30457184
v -2.79329329 0.50737097 -8.00842334
v -3.08944179 0.80351947 -7.41612635
v -3.08944179 0.80351947 -6.82382936
v -2.79329329 0.80351947 -6.52768086
v -2.79329329 0.50737097 -6.23153237
v -2.79329329 0.50737097 -5.63923537
v -2.79329329 0.50737097 -5.04693838
v -2.79329329 0.50737097 -4.45464139
v -3.08944179 0.80351947 -4.45464139
v -2.79329329 0.50737097 -3.86234440
v -3.08944179 0.80351947 -3.86234440
v -2.79329329 0.80351947 -3.56619591
v -3.08944179 0.80351947 -2.08545343
v -2.79329329 0.50737097 -0.90085944
v -3.08944179 0.80351947 -0.90085944
v -2.79329329 0.80351947 -1.19700794
v -3.08944179 0.80351947 -0.30856245
v -3.08944179 0.80351947 6.79900144
v -2.79329329 0.80351947 7.09514994
v -3.08944179 0.80351947 7.98359542
v -2.79329329 0.80351947 8.27974392
v -3.08944179 1.39581646 -12.15450228
v -3.08944179 1.39581646 -11.56220529
v -2.79329329 1.39581646 -11.26605679
v -2.79329329 1.09966796 -10.96990830
v -3.08944179 1.39581646 -10.37761131
v -2.79329329 1.39581646 -10.67375980
v -3.08944179 1.39581646 -9.78531431
v -3.08944179 1.39581646 -9.19301732
v -2.79329329 1.39581646 -8.89686883
v -2.79329329 1.09966796 -8.60072033
v -3.08944179 1.39581646 -7.41612635
v -2.79329329 1.39581646 -7.11997785
v -2.79329329 1.09966796 -6.82382936
v -2.79329329 1.09966796 -3.27004741
v -2.79329329 1.39581646 -2.97389891
v -3.08944179 1.39581646 -0.90085944
v -2.79329329 1.39581646 -1.19700794
v -3.08944179 1.39581646 -0.30856245
v -3.08944179 1.39581646 6.79900144
v -2.79329329 1.39581646 7.09514994
v -3.08944179 1.39581646 7.98359542
v -2.79329329 1.09966796 8.57589242
v -3.08944179 1.39581646 8.57589242
v -2.79329329 1.39581646 8.87204091
v -3.08944179 1.98811345 -16.30058122
v -3.08944179 1.98811345 -15.70828423
v -3.08944179 1.98811345 -13.33909626
v -2.79329329 1.98811345 -13.04294777
v -2.79329329 1.69196495 -12.74679927
v -2.79329329 1.69196495 -12.15450228
v -2.79329329 1.69196495 -11.56220529
v -2.79329329 1.69196495 -10.37761131
v -3.08944179 1.98811345 -9.78531431
v -2.79329329 1.98811345 -10.08146281
v -3.08944179 1.98811345 -9.19301732
v -2.79329329 1.98811345 -8.89686883
v -3.08944179 1.98811345 -8.00842334
v -2.79329329 1.98811345 -7.71227484
v -2.79329329 1.69196495 -7.41612635
v -2.79329329 1.69196495 -2.67775042
v -3.08944179 1.98811345 -2.67775042
v -2.79329329 1.69196495 -2.08545343
v -3.08944179 1.98811345 -2.08545343
v -2.79329329 1.69196495 -1.49315644
v -3.08944179 1.98811345 -1.49315644
v -3.08944179 1.98811345 -0.90085944
v -2.79329329 1.69196495 7.39129843
v -3.08944179 1.98811345 7.39129843
v -2.79329329 1.98811345 7.68744693
v -3.08944179 1.98811345 8.57589242
v -2.79329329 1.98811345 8.87204091
v -3.08944179 2.58041044 -16.30058122
v -3.08944179 2.58041044 -15.70828423
v -3.08944179 2.58041044 -15.11598724
v -3.08944179 2.58041044 -14.52369024
v -3.08944179 2.58041044 -13.93139325
v -3.08944179 2.58041044 -13.33909626
v -2.79329329 2.58041044 -13.04294777
v -3.08944179 2.58041044 -12.15450228
v -3.08944179 2.58041044 -11.56220529
v -3.08944179 2.58041044 -10.96990830
v -3.08944179 2.58041044 -9.78531431
v -2.79329329 2.58041044 -10.08146281
v -3.08944179 2.58041044 -9.19301732
v -2.79329329 2.58041044 -8.89686883
v -3.08944179 2.58041044 -8.00842334
v -2.79329329 2.58041044 -7.71227484
v -3.08944179 2.58041044 -2.67775042
v -3.08944179 2.58041044 -2.08545343
v -3.08944179 2.58041044 -1.49315644
v -3.08944179 2.58041044 -0.90085944
v -3.08944179 2.58041044 7.39129843
v -2.79329329 2.58041044 7.68744693
v -3.08944179 2.58041044 8.57589242
v -2.79329329 2.58041044 8.87204091
v -3.08944179 3.17270743 -16.30058122
v -2.79329329 3.17270743 -16.00443272
v -2.79329329 2.87655893 -15.70828423
v -3.08944179 3.17270743 -15.11598724
v -2.79329329 3.17270743 -15.41213573
v -3.08944179 3.17270743 -14.52369024
v -2.79329329 3.17270743 -14.22754175
v -2.79329329 2.87655893 -13.93139325
v -2.79329329 2.87655893 -13.33909626
v -3.08944179 3.17270743 -12.74679927
v -3.08944179 3.17270743 -12.15450228
v -3.08944179 3.17270743 -11.56220529
v -3.08944179 3.17270743 -10.96990830
v -3.08944179 3.17270743 -9.78531431
v -2.79329329 3.17270743 -10.08146281
v -3.08944179 3.17270743 -9.19301732
v -2.79329329 3.17270743 -8.89686883
v -3.08944179 3.17270743 -8.00842334
v -2.79329329 2.87655893 -7.41612635
v -3.08944179 3.17270743 -7.41612635
v -2.79329329 3.17270743 -7.11997785
v -3.08944179 3.17270743 -2.08545343
v -3.08944179 3.17270743 -1.49315644
v -3.08944179 3.17270743 -0.90085944
v -3.08944179 3.17270743 -0.30856245
v -3.08944179 3.17270743 7.39129843
v -2.79329329 3.17270743 7.68744693
v -3.08944179 3.17270743 8.57589242
v -2.79329329 3.17270743 8.87204091
v -2.79329329 3.46885593 -16.30058122
v -2.79329329 3.76500442 -16.59672971
v -3.08944179 3.76500442 -15.70828423
v -2.79329329 3.46885593 -15.11598724
v -2.79329329 3.46885593 -14.52369024
v -3.08944179 3.76500442 -13.33909626
v -3.08944179 3.76500442 -12.74679927
v -3.08944179 3.76500442 -12.15450228
v -3.08944179 3.76500442 -11.56220529
v -3.08944179 3.76500442 -9.78531431
v -2.79329329 3.76500442 -10.08146281
v -2.79329329 3.46885593 -8.60072033
v -3.08944179 3.76500442 -8.60072033
v -2.79329329 3.76500442 -8.30457184
v -3.08944179 3.76500442 -6.82382936
v -2.79329329 3.46885593 -6.82382936
v -2.79329329 3.76500442 -6.52768086
v -3.08944179 3.76500442 -3.27004741
v -3.08944179 3.76500442 -2.67775042
v -3.08944179 3.76500442 -2.08545343
v -3.08944179 3.76500442 -1.49315644
v -3.08944179 3.76500442 -0.90085944
v -3.08944179 3.76500442 -0.30856245
v -3.08944179 3.76500442 0.28373454
v -3.08944179 3.76500442 7.39129843
v -2.79329329 3.76500442 7.68744693
v -2.79329329 3.76500442 8.27974392
v -2.79329329 3.46885593 8.57589242
v -2.79329329 4.35730141 -16.59672971
v -3.08944179 4.35730141 -15.70828423
v -3.08944179 4.35730141 -15.11598724
v -3.08944179 4.35730141 -13.33909626
v -3.08944179 4.35730141 -12.74679927
v -3.08944179 4.35730141 -10.37761131
v -2.79329329 4.35730141 -10.67375980
v -2.79329329 4.06115292 -10.37761131
v -2.79329329 4.06115292 -8.00842334
v -2.79329329 4.35730141 -7.71227484
v -2.79329329 4.06115292 -6.23153237
v -2.79329329 4.06115292 -5.63923537
v -3.08944179 4.35730141 -5.04693838
v -2.79329329 4.35730141 -5.34308688
v -3.08944179 4.35730141 -4.45464139
v -2.79329329 4.35730141 -4.15849290
v -2.79329329 4.06115292 -3.86234440
v -2.79329329 4.06115292 -3.27004741
v -2.79329329 4.06115292 -2.67775042
v -2.79329329 4.06115292 -2.08545343
v -2.79329329 4.06115292 -1.49315644
v -3.08944179 4.35730141 -0.90085944
v -2.79329329 4.35730141 -1.19700794
v -3.08944179 4.35730141 -0.30856245
v -3.08944179 4.35730141 0.28373454
v -3.08944179 4.35730141 6.79900144
v -2.79329329 4.35730141 7.09514994
v -2.79329329 4.06115292 7.39129843
v -3.08944179 4.35730141 7.98359542
v -2.79329329 4.35730141 8.27974392
v -2.79329329 4.94959840 -16.59672971
v -3.08944179 4.94959840 -15.70828423
v -3.08944179 4.94959840 -15.11598724
v -2.79329329 4.65344991 -12.15450228
v -3.08944179 4.94959840 -12.15450228
v -2.79329329 4.94959840 -12.45065077
v -2.79329329 4.65344991 -11.56220529
v -3.08944179 4.94959840 -11.56220529
v -2.79329329 4.65344991 -10.96990830
v -3.08944179 4.94959840 -10.96990830
v -2.79329329 4.65344991 -7.41612635
v -2.79329329 4.65344991 -6.82382936
v -2.79329329 4.65344991 -6.23153237
v -3.08944179 4.94959840 -6.23153237
v -2.79329329 4.94959840 -5.93538387
v -2.79329329 4.65344991 -5.04693838
v -2.79329329 4.65344991 -4.45464139
v -3.08944179 4.94959840 -3.27004741
v -3.08944179 4.94959840 -2.67775042
v -2.79329329 4.65344991 -0.90085944
v -2.79329329 4.65344991 -0.30856245
v -2.79329329 4.65344991 0.28373454
v -3.08944179 4.94959840 0.87603153
v -2.79329329 4.94959840 0.57988303
v -3.08944179 4.94959840 6.20670445
v -2.79329329 4.94959840 6.50285295
v -2.79329329 4.65344991 6.79900144
v -2.79329329 4.94959840 7.68744693
v -2.79329329 4.65344991 7.98359542
v -2.79329329 5.54189540 -16.59672971
v -2.79329329 5.24574690 -14.52369024
v -3.08944179 5.54189540 -14.52369024
v -2.79329329 5.54189540 -14.81983874
v -2.79329329 5.24574690 -13.93139325
v -3.08944179 5.54189540 -13.93139325
v -2.79329329 5.24574690 -13.33909626
v -3.08944179 5.54189540 -13.33909626
v -2.79329329 5.24574690 -12.74679927
v -3.08944179 5.54189540 -12.74679927
v -2.79329329 5.24574690 -5.63923537
v -2.79329329 5.24574690 -5.04693838
v -2.79329329 5.24574690 -4.45464139
v -2.79329329 5.24574690 -3.86234440
v -2.79329329 5.24574690 -3.27004741
v -2.79329329 5.54189540 -2.97389891
v -3.08944179 5.54189540 -2.67775042
v -3.08944179 5.54189540 -2.08545343
v -3.08944179 5.54189540 -1.49315644
v -3.08944179 5.54189540 -0.90085944
v -3.08944179 5.54189540 -0.30856245
v -2.79329329 5.24574690 0.87603153
v -3.08944179 5.54189540 1.46832852
v -2.79329329 5.54189540 1.17218002
v -3.08944179 5.54189540 2.06062551
v -3.08944179 5.54189540 2.65292250
v -3.08944179 5.54189540 3.24521949
v -3.08944179 5.54189540 4.42981348
v -3.08944179 5.54189540 5.02211047
v -3.08944179 5.54189540 5.61440746
v -2.79329329 5.54189540 5.91055596
v -2.79329329 5.24574690 6.20670445
v -3.08944179 5.54189540 7.39129843
v -2.79329329 5.54189540 7.68744693
v -2.79329329 5.83804389 -16.30058122
v -3.08944179 6.13419239 -16.30058122
v -2.79329329 5.83804389 -15.70828423
v -3.08944179 6.13419239 -15.70828423
v -2.79329329 5.83804389 -15.11598724
v -2.79329329 5.83804389 -2.67775042
v -2.79329329 5.83804389 -2.08545343
v -2.79329329 5.83804389 -1.49315644
v -2.79329329 5.83804389 -0.90085944
v -2.79329329 5.83804389 -0.30856245
v -3.08944179 6.13419239 0.28373454
v -2.79329329 6.13419239 -0.01241396
v -3.08944179 6.13419239 0.87603153
v -2.79329329 5.83804389 1.46832852
v -2.79329329 5.83804389 2.06062551
v -2.79329329 5.83804389 2.65292250
v -2.79329329 5.83804389 3.24521949
v -3.08944179 6.13419239 3.83751649
v -2.79329329 6.13419239 3.54136799
v -2.79329329 6.13419239 4.13366498
v -2.79329329 5.83804389 4.42981348
v -2.79329329 5.83804389 5.02211047
v -2.79329329 5.83804389 5.61440746
v -3.08944179 6.13419239 6.20670445
v -2.79329329 6.13419239 6.50285295
v -2.79329329 5.83804389 6.79900144
v -2.79329329 5.83804389 7.39129843
v -2.79329329 6.43034088 0.28373454
v -2.79329329 6.43034088 0.87603153
v -2.79329329 6.43034088 1.46832852
v -3.08944179 6.72648938 2.06062551
v -2.79329329 6.72648938 1.76447702
v -3.08944179 6.72648938 2.65292250
v -2.79329329 6.43034088 3.83751649
v -3.08944179 6.72648938 4.42981348
v -3.08944179 6.72648938 5.02211047
v -2.79329329 6.72648938 5.31825896
v -2.79329329 6.43034088 5.61440746
v -2.79329329 6.43034088 6.20670445
v -2.79329329 7.02263787 2.06062551
v -2.79329329 7.02263787 2.65292250
v -2.79329329 7.02263787 3.24521949
v -2.79329329 7.02263787 3.83751649
v -2.79329329 7.02263787 4.42981348
v -2.79329329 7.02263787 5.02211047
v -2.49714480 -6.30404443 3.83751649
v -2.20099630 -6.60019293 3.83751649
v -2.20099630 -6.30404443 3.54136799
v -2.20099630 -6.30404443 4.13366498
v -2.49714480 -5.71174744 3.83751649
v -2.20099630 -5.71174744 3.54136799
v -2.20099630 -6.00789593 4.42981348
v -2.49714480 -5.71174744 4.42981348
v -2.20099630 -5.71174744 4.72596197
v -2.49714480 -5.11945045 3.83751649
v -2.20099630 -5.11945045 3.54136799
v -2.49714480 -5.11945045 4.42981348
v -2.20099630 -5.41559894 5.02211047
v -2.49714480 -5.11945045 5.02211047
v -2.49714480 -5.11945045 5.61440746
v -2.20099630 -5.41559894 5.61440746
v -2.49714480 -5.11945045 6.20670445
v -2.20099630 -5.41559894 6.20670445
v -2.20099630 -5.11945045 6.50285295
v -2.20099630 -5.41559894 7.98359542
v -2.20099630 -5.11945045 7.68744693
v -2.20099630 -5.41559894 8.57589242
v -2.49714480 -5.11945045 9.16818941
v -2.20099630 -5.11945045 8.87204091
v -2.49714480 -5.11945045 9.76048640
v -2.20099630 -4.82330195 3.83751649
v -2.20099630 -4.52715346 4.13366498
v -2.49714480 -4.52715346 4.42981348
v -2.49714480 -4.52715346 5.02211047
v -2.49714480 -4.52715346 5.61440746
v -2.49714480 -4.52715346 6.20670445
v -2.20099630 -4.82330195 6.79900144
v -2.49714480 -4.52715346 6.79900144
v -2.49714480 -4.52715346 7.39129843
v -2.20099630 -4.82330195 7.39129843
v -2.20099630 -4.82330195 9.16818941
v -2.49714480 -4.52715346 9.76048640
v -2.20099630 -4.52715346 9.46433790
v -2.20099630 -3.93485647 4.13366498
v -2.49714480 -3.93485647 7.39129843
v -2.20099630 -4.23100496 9.76048640
v -2.20099630 -3.93485647 10.05663489
v -2.20099630 -3.34255947 4.13366498
v -2.49714480 -3.34255947 5.61440746
v -2.20099630 -3.34255947 5.31825896
v -2.20099630 -3.63870797 5.61440746
v -2.20099630 -3.34255947 5.91055596
v -2.20099630 -3.63870797 7.98359542
v -2.49714480 -3.34255947 7.98359542
v -2.20099630 -3.34255947 7.68744693
v -2.20099630 -3.34255947 8.27974392
v -2.49714480 -3.34255947 9.76048640
v -2.20099630 -3.34255947 9.46433790
v -2.20099630 -3.63870797 9.76048640
v -2.49714480 -2.75026248 3.83751649
v -2.20099630 -3.04641098 3.83751649
v -2.20099630 -2.75026248 3.54136799
v -2.49714480 -2.75026248 4.42981348
v -2.49714480 -2.75026248 5.61440746
v -2.20099630 -2.75026248 5.31825896
v -2.20099630 -3.04641098 6.20670445
v -2.49714480 -2.75026248 6.20670445
v -2.20099630 -2.75026248 6.50285295
v -2.20099630 -3.04641098 7.98359542
v -2.20099630 -2.75026248 9.46433790
v -2.49714480 -2.15796549 -0.30856245
v -2.20099630 -2.45411399 -0.30856245
v -2.20099630 -2.15796549 -0.60471095
v -2.20099630 -2.45411399 0.28373454
v -2.20099630 -2.45411399 0.87603153
v -2.20099630 -2.45411399 1.46832852
v -2.20099630 -2.45411399 2.06062551
v -2.20099630 -2.45411399 2.65292250
v -2.20099630 -2.45411399 3.24521949
v -2.49714480 -2.15796549 4.42981348
v -2.49714480 -2.15796549 5.61440746
v -2.20099630 -2.15796549 5.31825896
v -2.49714480 -2.15796549 6.20670445
v -2.20099630 -2.15796549 6.50285295
v -2.49714480 -2.15796549 7.39129843
v -2.49714480 -2.15796549 7.98359542
v -2.20099630 -2.15796549 8.27974392
v -2.20099630 -2.45411399 8.57589242
v -2.20099630 -2.45411399 9.16818941
v -2.20099630 -1.86181700 -0.90085944
v -2.20099630 -1.56566850 -1.19700794
v -2.20099630 -1.86181700 0.28373454
v -2.49714480 -1.56566850 0.28373454
v -2.20099630 -1.56566850 -0.01241396
v -2.20099630 -1.86181700 0.87603153
v -2.49714480 -1.56566850 0.87603153
v -2.20099630 -1.86181700 1.46832852
v -2.20099630 -1.86181700 2.06062551
v -2.20099630 -1.56566850 2.35677401
v -2.20099630 -1.56566850 5.31825896
v -2.49714480 -1.56566850 6.20670445
v -2.20099630 -1.56566850 6.50285295
v -2.49714480 -1.56566850 7.39129843
v -2.20099630 -1.56566850 7.68744693
v -2.20099630 -1.86181700 7.98359542
v -2.49714480 -0.97337151 -1.49315644
v -2.20099630 -1.26952000 -1.49315644
v -2.20099630 -0.97337151 -1.78930493
v -2.49714480 -0.97337151 -0.30856245
v -2.20099630 -0.97337151 -0.60471095
v -2.20099630 -1.26952000 -0.30856245
v -2.20099630 -1.26952000 2.65292250
v -2.20099630 -1.26952000 3.24521949
v -2.20099630 -1.26952000 3.83751649
v -2.20099630 -1.26952000 4.42981348
v -2.20099630 -1.26952000 5.02211047
v -2.49714480 -0.97337151 6.20670445
v -2.20099630 -0.97337151 6.50285295
v -2.20099630 -1.26952000 7.98359542
v -2.49714480 -0.97337151 8.57589242
v -2.20099630 -1.26952000 8.57589242
v -2.20099630 -0.97337151 8.87204091
v -2.49714480 -0.38107452 -2.08545343
v -2.20099630 -0.67722301 -2.08545343
v -2.20099630 -0.38107452 -2.38160192
v -2.20099630 -0.38107452 -0.60471095
v -2.49714480 -0.38107452 6.20670445
v -2.20099630 -0.67722301 6.79900144
v -2.20099630 -0.67722301 7.39129843
v -2.49714480 -0.38107452 7.39129843
v -2.20099630 -0.38107452 7.68744693
v -2.49714480 -0.38107452 8.57589242
v -2.20099630 -0.38107452 8.87204091
v -2.49714480 0.21122247 -7.41612635
v -2.20099630 0.21122247 -7.11997785
v -2.20099630 -0.08492602 -6.82382936
v -2.20099630 -0.08492602 -6.23153237
v -2.20099630 -0.08492602 -5.63923537
v -2.20099630 -0.08492602 -5.04693838
v -2.20099630 -0.08492602 -4.45464139
v -2.20099630 -0.08492602 -3.86234440
v -2.20099630 -0.08492602 -3.27004741
v -2.20099630 -0.08492602 -2.67775042
v -2.49714480 0.21122247 -0.90085944
v -2.20099630 0.21122247 -1.19700794
v -2.20099630 -0.08492602 -0.90085944
v -2.49714480 0.21122247 7.39129843
v -2.20099630 0.21122247 7.68744693
v -2.49714480 0.21122247 8.57589242
v -2.20099630 0.21122247 8.87204091
v -2.49714480 0.80351947 -8.00842334
v -2.20099630 0.80351947 -7.71227484
v -2.20099630 0.50737097 -7.41612635
v -2.49714480 0.80351947 -6.23153237
v -2.49714480 0.80351947 -5.63923537
v -2.20099630 0.80351947 -5.34308688
v -2.20099630 0.50737097 -5.04693838
v -2.20099630 0.50737097 -4.45464139
v -2.20099630 0.50737097 -3.86234440
v -2.20099630 0.50737097 -3.27004741
v -2.49714480 0.80351947 -3.27004741
v -2.20099630 0.50737097 -2.67775042
v -2.49714480 0.80351947 -2.67775042
v -2.20099630 0.50737097 -2.08545343
v -2.49714480 0.80351947 -2.08545343
v -2.20099630 0.50737097 -1.49315644
v -2.49714480 0.80351947 -1.49315644
v -2.49714480 0.80351947 7.39129843
v -2.20099630 0.80351947 7.68744693
v -2.49714480 0.80351947 8.57589242
v -2.20099630 0.80351947 8.87204091
v -2.49714480 1.39581646 -10.96990830
v -2.49714480 1.39581646 -8.60072033
v -2.49714480 1.39581646 -8.00842334
v -2.20099630 1.39581646 -7.71227484
v -2.49714480 1.39581646 -6.82382936
v -2.49714480 1.39581646 -6.23153237
v -2.20099630 1.39581646 -5.93538387
v -2.20099630 1.09966796 -5.63923537
v -2.49714480 1.39581646 -2.67775042
v -2.49714480 1.39581646 -2.08545343
v -2.49714480 1.39581646 -1.49315644
v -2.49714480 1.39581646 7.39129843
v -2.20099630 1.09966796 7.98359542
v -2.49714480 1.39581646 7.98359542
v -2.20099630 1.39581646 8.27974392
v -2.20099630 1.39581646 8.87204091
v -2.49714480 1.98811345 -12.74679927
v -2.49714480 1.98811345 -12.15450228
v -2.49714480 1.98811345 -11.56220529
v -2.49714480 1.98811345 -10.96990830
v -2.49714480 1.98811345 -10.37761131
v -2.49714480 1.98811345 -8.60072033
v -2.20099630 1.98811345 -8.30457184
v -2.20099630 1.69196495 -8.00842334
v -2.49714480 1.98811345 -7.41612635
v -2.49714480 1.98811345 -6.82382936
v -2.20099630 1.98811345 -6.52768086
v -2.20099630 1.69196495 -6.23153237
v -2.49714480 1.98811345 7.98359542
v -2.20099630 1.98811345 8.27974392
v -2.20099630 1.98811345 8.87204091
v -2.49714480 2.58041044 -12.74679927
v -2.49714480 2.58041044 -12.15450228
v -2.49714480 2.58041044 -11.56220529
v -2.49714480 2.58041044 -10.96990830
v -2.49714480 2.58041044 -10.37761131
v -2.49714480 2.58041044 -8.60072033
v -2.20099630 2.58041044 -8.30457184
v -2.49714480 2.58041044 -7.41612635
v -2.49714480 2.58041044 -6.82382936
v -2.20099630 2.58041044 -6.52768086
v -2.49714480 2.58041044 7.98359542
v -2.20099630 2.58041044 8.27974392
v -2.20099630 2.58041044 8.87204091
v -2.49714480 3.17270743 -15.70828423
v -2.49714480 3.17270743 -13.93139325
v -2.49714480 3.17270743 -13.33909626
v -2.49714480 3.17270743 -12.74679927
v -2.49714480 3.17270743 -12.15450228
v -2.49714480 3.17270743 -11.56220529
v -2.49714480 3.17270743 -10.96990830
v -2.49714480 3.17270743 -10.37761131
v -2.49714480 3.17270743 -8.60072033
v -2.20099630 3.17270743 -8.30457184
v -2.49714480 3.17270743 -6.82382936
v -2.20099630 3.17270743 -6.52768086
v -2.49714480 3.17270743 7.98359542
v -2.20099630 3.17270743 8.27974392
v -2.20099630 3.17270743 8.87204091
v -2.49714480 3.76500442 -16.30058122
v -2.49714480 3.76500442 -15.70828423
v -2.49714480 3.76500442 -15.11598724
v -2.49714480 3.76500442 -14.52369024
v -2.49714480 3.76500442 -13.93139325
v -2.49714480 3.76500442 -13.33909626
v -2.49714480 3.76500442 -12.74679927
v -2.49714480 3.76500442 -12.15450228
v -2.49714480 3.76500442 -11.56220529
v -2.49714480 3.76500442 -10.96990830
v -2.49714480 3.76500442 -10.37761131
v -2.20099630 3.46885593 -8.00842334
v -2.49714480 3.76500442 -8.00842334
v -2.20099630 3.76500442 -7.71227484
v -2.49714480 3.76500442 -6.23153237
v -2.20099630 3.46885593 -6.23153237
v -2.20099630 3.76500442 -5.93538387
v -2.20099630 3.46885593 7.98359542
v -2.20099630 3.76500442 7.68744693
v -2.49714480 3.76500442 8.57589242
v -2.20099630 3.76500442 8.87204091
v -2.49714480 4.35730141 -16.30058122
v -2.49714480 4.35730141 -15.70828423
v -2.49714480 4.35730141 -15.11598724
v -2.49714480 4.35730141 -14.52369024
v -2.49714480 4.35730141 -13.93139325
v -2.49714480 4.35730141 -13.33909626
v -2.49714480 4.35730141 -12.74679927
v -2.49714480 4.35730141 -12.15450228
v -2.49714480 4.35730141 -11.56220529
v -2.49714480 4.35730141 -10.96990830
v -2.20099630 4.06115292 -7.41612635
v -2.49714480 4.35730141 -7.41612635
v -2.20099630 4.06115292 -6.82382936
v -2.49714480 4.35730141 -6.82382936
v -2.20099630 4.35730141 -6.52768086
v -2.20099630 4.06115292 -5.63923537
v -2.20099630 4.35730141 -5.34308688
v -2.49714480 4.35730141 -3.86234440
v -2.49714480 4.35730141 -3.27004741
v -2.49714480 4.35730141 -2.67775042
v -2.49714480 4.35730141 -2.08545343
v -2.49714480 4.35730141 -1.49315644
v -2.49714480 4.35730141 7.39129843
v -2.20099630 4.35730141 7.68744693
v -2.49714480 4.35730141 8.57589242
v -2.20099630 4.35730141 8.87204091
v -2.49714480 4.94959840 -16.30058122
v -2.49714480 4.94959840 -15.70828423
v -2.49714480 4.94959840 -15.11598724
v -2.49714480 4.94959840 -14.52369024
v -2.49714480 4.94959840 -13.93139325
v -2.49714480 4.94959840 -13.33909626
v -2.49714480 4.94959840 -12.74679927
v -2.20099630 4.65344991 -6.23153237
v -2.20099630 4.94959840 -5.93538387
v -2.20099630 4.65344991 -5.04693838
v -2.20099630 4.65344991 -4.45464139
v -2.20099630 4.65344991 -3.86234440
v -2.20099630 4.65344991 -3.27004741
v -2.20099630 4.65344991 -2.67775042
v -2.49714480 4.94959840 -2.08545343
v -2.20099630 4.94959840 -2.38160192
v -2.49714480 4.94959840 -1.49315644
v -2.49714480 4.94959840 -0.90085944
v -2.49714480 4.94959840 -0.30856245
v -2.49714480 4.94959840 0.28373454
v -2.49714480 4.94959840 6.79900144
v -2.20099630 4.94959840 7.09514994
v -2.20099630 4.65344991 7.39129843
v -2.49714480 4.94959840 7.98359542
v -2.20099630 4.94959840 8.27974392
v -2.20099630 4.65344991 8.57589242
v -2.49714480 5.54189540 -16.30058122
v -2.49714480 5.54189540 -15.70828423
v -2.49714480 5.54189540 -15.11598724
v -2.20099630 5.24574690 -5.63923537
v -2.20099630 5.24574690 -5.04693838
v -2.20099630 5.24574690 -4.45464139
v -2.20099630 5.24574690 -3.86234440
v -2.49714480 5.54189540 -3.27004741
v -2.20099630 5.54189540 -3.56619591
v -2.20099630 5.24574690 -2.08545343
v -2.20099630 5.24574690 -1.49315644
v -2.20099630 5.24574690 -0.90085944
v -2.20099630 5.24574690 -0.30856245
v -2.20099630 5.24574690 0.28373454
v -2.49714480 5.54189540 0.87603153
v -2.20099630 5.54189540 0.57988303
v -2.20099630 5.24574690 6.20670445
v -2.20099630 5.54189540 5.91055596
v -2.20099630 5.24574690 6.79900144
v -2.20099630 5.54189540 7.68744693
v -2.20099630 5.24574690 7.98359542
v -2.20099630 5.83804389 -3.27004741
v -2.20099630 5.83804389 -2.67775042
v -2.20099630 5.83804389 -2.08545343
v -2.20099630 5.83804389 -1.49315644
v -2.49714480 6.13419239 -0.90085944
v -2.20099630 6.13419239 -1.19700794
v -2.49714480 6.13419239 -0.30856245
v -2.20099630 5.83804389 0.87603153
v -2.20099630 5.83804389 1.46832852
v -2.49714480 6.13419239 2.06062551
v -2.20099630 6.13419239 1.76447702
v -2.49714480 6.13419239 2.65292250
v -2.49714480 6.13419239 3.24521949
v -2.49714480 6.13419239 4.42981348
v -2.49714480 6.13419239 5.02211047
v -2.20099630 6.13419239 5.31825896
v -2.20099630 5.83804389 5.61440746
v -2.49714480 6.13419239 6.79900144
v -2.20099630 6.13419239 7.09514994
v -2.20099630 5.83804389 7.39129843
v -2.20099630 6.43034088 -0.90085944
v -2.20099630 6.43034088 -0.30856245
v -2.20099630 6.43034088 0.28373454
v -2.20099630 6.43034088 0.87603153
v -2.49714480 6.72648938 1.46832852
v -2.20099630 6.72648938 1.17218002
v -2.20099630 6.43034088 2.06062551
v -2.20099630 6.43034088 2.65292250
v -2.20099630 6.43034088 3.24521949
v -2.20099630 6.43034088 3.83751649
v -2.20099630 6.43034088 4.42981348
v -2.20099630 6.43034088 5.02211047
v -2.49714480 6.72648938 5.61440746
v -2.49714480 6.72648938 6.20670445
v -2.20099630 6.72648938 6.50285295
v -2.20099630 6.43034088 6.79900144
v -2.20099630 7.02263787 1.46832852
v -2.20099630 7.02263787 2.06062551
v -2.20099630 7.02263787 2.65292250
v -2.20099630 7.02263787 3.24521949
v -2.20099630 7.02263787 3.83751649
v -2.20099630 7.02263787 4.42981348
v -2.20099630 7.02263787 5.02211047
v -2.20099630 7.02263787 5.61440746
v -2.20099630 7.02263787 6.20670445
v -1.90484781 -7.48863841 3.24521949
v -1.60869931 -7.78478691 3.24521949
v -1.60869931 -7.48863841 2.94907100
v -1.90484781 -7.48863841 3.83751649
v -1.60869931 -7.78478691 3.83751649
v -1.60869931 -7.48863841 4.13366498
v -1.90484781 -6.89634142 2.65292250
v -1.60869931 -7.19248992 2.65292250
v -1.60869931 -6.89634142 2.35677401
v -1.90484781 -6.89634142 3.24521949
v -1.90484781 -6.89634142 3.83751649
v -1.60869931 -7.19248992 4.42981348
v -1.90484781 -6.89634142 4.42981348
v -1.60869931 -6.89634142 4.72596197
v -1.60869931 -6.60019293 2.65292250
v -1.60869931 -6.30404443 2.94907100
v -1.90484781 -6.30404443 3.24521949
v -1.90484781 -6.30404443 4.42981348
v -1.60869931 -6.30404443 4.72596197
v -1.90484781 -5.71174744 3.24521949
v -1.60869931 -5.71174744 2.94907100
v -1.90484781 -5.71174744 5.02211047
v -1.60869931 -6.00789593 5.02211047
v -1.90484781 -5.71174744 5.61440746
v -1.60869931 -6.00789593 5.61440746
v -1.90484781 -5.71174744 6.20670445
v -1.60869931 -6.00789593 6.20670445
v -1.60869931 -5.71174744 6.50285295
v -1.90484781 -5.11945045 2.65292250
v -1.60869931 -5.41559894 2.65292250
v -1.60869931 -5.11945045 2.35677401
v -1.90484781 -5.11945045 3.24521949
v -1.90484781 -5.11945045 6.79900144
v -1.60869931 -5.41559894 6.79900144
v -1.60869931 -5.11945045 7.09514994
v -1.90484781 -5.11945045 7.98359542
v -1.90484781 -5.11945045 8.57589242
v -1.60869931 -4.82330195 2.65292250
v -1.60869931 -4.52715346 2.94907100
v -1.90484781 -4.52715346 3.24521949
v -1.90484781 -4.52715346 3.83751649
v -1.90484781 -4.52715346 5.02211047
v -1.60869931 -4.52715346 4.72596197
v -1.60869931 -4.82330195 5.02211047
v -1.60869931 -4.82330195 5.61440746
v -1.90484781 -4.52715346 5.61440746
v -1.60869931 -4.52715346 5.91055596
v -1.60869931 -4.82330195 7.39129843
v -1.60869931 -4.82330195 7.98359542
v -1.60869931 -4.82330195 8.57589242
v -1.90484781 -4.52715346 9.16818941
v -1.60869931 -4.52715346 8.87204091
v -1.90484781 -3.93485647 3.24521949
v -1.60869931 -3.93485647 2.94907100
v -1.90484781 -3.93485647 3.83751649
v -1.90484781 -3.93485647 5.02211047
v -1.60869931 -3.93485647 4.72596197
v -1.90484781 -3.93485647 5.61440746
v -1.60869931 -4.23100496 6.20670445
v -1.90484781 -3.93485647 6.20670445
v -1.60869931 -3.93485647 6.50285295
v -1.90484781 -3.93485647 9.16818941
v -1.60869931 -3.93485647 8.87204091
v -1.90484781 -3.93485647 9.76048640
v -1.90484781 -3.34255947 3.24521949
v -1.60869931 -3.34255947 2.94907100
v -1.90484781 -3.34255947 3.83751649
v -1.90484781 -3.34255947 5.02211047
v -1.60869931 -3.34255947 4.72596197
v -1.90484781 -3.34255947 6.20670445
v -1.60869931 -3.63870797 6.79900144
v -1.90484781 -3.34255947 6.79900144
v -1.60869931 -3.63870797 7.39129843
v -1.90484781 -3.34255947 7.39129843
v -1.60869931 -3.34255947 7.68744693
v -1.90484781 -3.34255947 7.98359542
v -1.90484781 -3.34255947 9.16818941
v -1.60869931 -3.34255947 8.87204091
v -1.90484781 -2.75026248 3.24521949
v -1.60869931 -2.75026248 2.94907100
v -1.90484781 -2.75026248 5.02211047
v -1.60869931 -2.75026248 4.72596197
v -1.90484781 -2.75026248 6.79900144
v -1.90484781 -2.75026248 7.39129843
v -1.60869931 -2.75026248 7.68744693
v -1.90484781 -2.75026248 9.16818941
v -1.60869931 -2.75026248 8.87204091
v -1.60869931 -2.45411399 -0.30856245
v -1.60869931 -2.15796549 -0.60471095
v -1.60869931 -2.45411399 0.28373454
v -1.60869931 -2.45411399 0.87603153
v -1.60869931 -2.45411399 1.46832852
v -1.60869931 -2.45411399 2.06062551
v -1.60869931 -2.45411399 2.65292250
v -1.90484781 -2.15796549 4.42981348
v -1.60869931 -2.15796549 4.13366498
v -1.60869931 -2.45411399 4.42981348
v -1.90484781 -2.15796549 5.02211047
v -1.90484781 -2.15796549 6.79900144
v -1.90484781 -2.15796549 7.39129843
v -1.60869931 -2.15796549 7.68744693
v -1.60869931 -2.15796549 8.27974392
v -1.60869931 -2.45411399 8.57589242
v -1.60869931 -1.86181700 -0.90085944
v -1.60869931 -1.56566850 -1.19700794
v -1.60869931 -1.56566850 -0.01241396
v -1.60869931 -1.86181700 0.28373454
v -1.60869931 -1.86181700 0.87603153
v -1.60869931 -1.86181700 1.46832852
v -1.60869931 -1.86181700 2.06062551
v -1.60869931 -1.86181700 2.65292250
v -1.90484781 -1.56566850 2.65292250
v -1.60869931 -1.86181700 3.24521949
v -1.90484781 -1.56566850 3.24521949
v -1.60869931 -1.86181700 3.83751649
v -1.90484781 -1.56566850 3.83751649
v -1.90484781 -1.56566850 4.42981348
v -1.90484781 -1.56566850 5.02211047
v -1.90484781 -1.56566850 6.79900144
v -1.60869931 -1.56566850 7.09514994
v -1.60869931 -1.86181700 7.39129843
v -1.90484781 -1.56566850 7.98359542
v -1.60869931 -1.56566850 8.27974392
v -1.90484781 -0.97337151 -2.67775042
v -1.60869931 -1.26952000 -2.67775042
v -1.60869931 -0.97337151 -2.97389891
v -1.90484781 -0.97337151 -2.08545343
v -1.60869931 -1.26952000 -2.08545343
v -1.60869931 -1.26952000 -1.49315644
v -1.90484781 -0.97337151 -0.30856245
v -1.60869931 -0.97337151 -0.01241396
v -1.90484781 -0.97337151 6.79900144
v -1.60869931 -1.26952000 7.39129843
v -1.90484781 -0.97337151 7.39129843
v -1.60869931 -0.97337151 7.68744693
v -1.60869931 -1.26952000 8.57589242
v -1.90484781 -0.97337151 9.16818941
v -1.60869931 -1.26952000 9.16818941
v -1.60869931 -0.97337151 9.46433790
v -1.90484781 -0.38107452 -3.27004741
v -1.60869931 -0.67722301 -3.27004741
v -1.60869931 -0.38107452 -3.56619591
v -1.90484781 -0.38107452 -2.67775042
v -1.60869931 -0.67722301 -1.49315644
v -1.90484781 -0.38107452 -1.49315644
v -1.60869931 -0.38107452 -1.78930493
v -1.60869931 -0.67722301 -0.90085944
v -1.90484781 -0.38107452 -0.90085944
v -1.60869931 -0.67722301 -0.30856245
v -1.60869931 -0.67722301 7.98359542
v -1.90484781 -0.38107452 7.98359542
v -1.60869931 -0.38107452 8.27974392
v -1.60869931 -0.38107452 8.87204091
v -1.60869931 -0.67722301 9.16818941
v -1.90484781 0.21122247 -6.82382936
v -1.90484781 0.21122247 -6.23153237
v -1.60869931 0.21122247 -5.93538387
v -1.60869931 -0.08492602 -5.63923537
v -1.60869931 -0.08492602 -5.04693838
v -1.60869931 -0.08492602 -4.45464139
v -1.60869931 -0.08492602 -3.86234440
v -1.90484781 0.21122247 -1.49315644
v -1.60869931 0.21122247 -1.78930493
v -1.90484781 0.21122247 7.98359542
v -1.60869931 0.21122247 8.27974392
v -1.60869931 -0.08492602 9.16818941
v -1.90484781 0.21122247 9.16818941
v -1.60869931 0.21122247 9.46433790
v -1.90484781 0.80351947 -7.41612635
v -1.90484781 0.80351947 -6.82382936
v -1.60869931 0.80351947 -6.52768086
v -1.60869931 0.50737097 -6.23153237
v -1.60869931 0.80351947 -5.34308688
v -1.60869931 0.50737097 -5.04693838
v -1.60869931 0.50737097 -4.45464139
v -1.60869931 0.50737097 -3.86234440
v -1.60869931 0.50737097 -3.27004741
v -1.60869931 0.50737097 -2.67775042
v -1.60869931 0.50737097 -2.08545343
v -1.90484781 0.80351947 7.98359542
v -1.60869931 0.80351947 8.27974392
v -1.90484781 0.80351947 9.16818941
v -1.60869931 0.80351947 9.46433790
v -1.90484781 1.39581646 -7.41612635
v -1.60869931 1.39581646 -7.11997785
v -1.60869931 1.09966796 -6.82382936
v -1.60869931 1.39581646 -5.93538387
v -1.60869931 1.09966796 -5.63923537
v -1.60869931 1.39581646 8.27974392
v -1.90484781 1.39581646 9.16818941
v -1.60869931 1.39581646 9.46433790
v -1.90484781 1.98811345 -8.00842334
v -1.90484781 1.98811345 -7.41612635
v -1.60869931 1.98811345 -7.11997785
v -1.90484781 1.98811345 -6.23153237
v -1.60869931 1.98811345 -5.93538387
v -1.60869931 1.98811345 8.27974392
v -1.90484781 1.98811345 9.16818941
v -1.60869931 1.98811345 9.46433790
v -1.90484781 2.58041044 -8.00842334
v -1.90484781 2.58041044 -7.41612635
v -1.60869931 2.58041044 -7.11997785
v -1.90484781 2.58041044 -6.23153237
v -1.60869931 2.58041044 -5.93538387
v -1.60869931 2.58041044 8.27974392
v -1.90484781 2.58041044 9.16818941
v -1.60869931 2.58041044 9.46433790
v -1.90484781 3.17270743 -8.00842334
v -1.90484781 3.17270743 -7.41612635
v -1.60869931 3.17270743 -7.11997785
v -1.90484781 3.17270743 -6.23153237
v -1.60869931 3.17270743 -5.93538387
v -1.60869931 3.17270743 8.27974392
v -1.60869931 3.17270743 8.87204091
v -1.60869931 2.87655893 9.16818941
v -1.90484781 3.76500442 -7.41612635
v -1.60869931 3.46885593 -6.82382936
v -1.90484781 3.76500442 -6.82382936
v -1.60869931 3.76500442 -6.52768086
v -1.60869931 3.76500442 -5.93538387
v -1.90484781 3.76500442 7.98359542
v -1.60869931 3.76500442 8.27974392
v -1.60869931 3.76500442 8.87204091
v -1.60869931 4.35730141 -6.52768086
v -1.60869931 4.06115292 -5.63923537
v -1.60869931 4.35730141 -5.34308688
v -1.60869931 4.06115292 7.98359542
v -1.60869931 4.35730141 7.68744693
v -1.60869931 4.35730141 8.87204091
v -1.60869931 4.65344991 -6.23153237
v -1.60869931 4.94959840 -5.93538387
v -1.60869931 4.65344991 -5.04693838
v -1.60869931 4.65344991 -4.45464139
v -1.60869931 4.65344991 -3.86234440
v -1.90484781 4.94959840 -3.27004741
v -1.60869931 4.94959840 -3.56619591
v -1.90484781 4.94959840 -2.67775042
v -1.90484781 4.94959840 7.39129843
v -1.60869931 4.94959840 7.68744693
v -1.60869931 4.94959840 8.27974392
v -1.60869931 4.65344991 8.57589242
v -1.60869931 5.24574690 -5.63923537
v -1.60869931 5.24574690 -5.04693838
v -1.90484781 5.54189540 -4.45464139
v -1.60869931 5.54189540 -4.75078989
v -1.90484781 5.54189540 -3.86234440
v -1.60869931 5.24574690 -3.27004741
v -1.60869931 5.24574690 -2.67775042
v -1.60869931 5.24574690 -2.08545343
v -1.60869931 5.24574690 -1.49315644
v -1.60869931 5.24574690 -0.90085944
v -1.60869931 5.24574690 -0.30856245
v -1.60869931 5.24574690 0.28373454
v -1.60869931 5.54189540 0.57988303
v -1.90484781 5.54189540 6.20670445
v -1.90484781 5.54189540 6.79900144
v -1.60869931 5.54189540 7.09514994
v -1.60869931 5.24574690 7.39129843
v -1.90484781 5.54189540 7.98359542
v -1.60869931 5.54189540 8.27974392
v -1.60869931 5.83804389 -4.45464139
v -1.60869931 5.83804389 -3.86234440
v -1.60869931 5.83804389 -3.27004741
v -1.60869931 5.83804389 -2.67775042
v -1.90484781 6.13419239 -2.08545343
v -1.60869931 6.13419239 -2.38160192
v -1.90484781 6.13419239 -1.49315644
v -1.60869931 5.83804389 0.87603153
v -1.90484781 6.13419239 1.46832852
v -1.60869931 6.13419239 1.17218002
v -1.90484781 6.13419239 5.61440746
v -1.60869931 6.13419239 5.91055596
v -1.60869931 5.83804389 6.20670445
v -1.60869931 5.83804389 6.79900144
v -1.90484781 6.13419239 7.39129843
v -1.60869931 6.13419239 7.68744693
v -1.60869931 5.83804389 7.98359542
v -1.60869931 6.43034088 -2.08545343
v -1.60869931 6.43034088 -1.49315644
v -1.60869931 6.43034088 -0.90085944
v -1.60869931 6.43034088 -0.30856245
v -1.60869931 6.43034088 0.28373454
v -1.90484781 6.72648938 0.87603153
v -1.60869931 6.72648938 0.57988303
v -1.60869931 6.43034088 1.46832852
v -1.60869931 6.43034088 2.06062551
v -1.60869931 6.43034088 2.65292250
v -1.60869931 6.43034088 3.24521949
v -1.60869931 6.43034088 3.83751649
v -1.60869931 6.43034088 4.42981348
v -1.60869931 6.43034088 5.02211047
v -1.60869931 6.43034088 5.61440746
v -1.60869931 6.72648938 6.50285295
v -1.60869931 6.43034088 6.79900144
v -1.60869931 6.43034088 7.39129843
v -1.60869931 7.02263787 0.87603153
v -1.60869931 7.02263787 1.46832852
v -1.60869931 7.02263787 2.06062551
v -1.90484781 7.31878637 2.65292250
v -1.60869931 7.31878637 2.35677401
v -1.90484781 7.31878637 3.24521949
v -1.90484781 7.31878637 3.83751649
v -1.90484781 7.31878637 4.42981348
v -1.60869931 7.31878637 4.72596197
v -1.60869931 7.02263787 5.02211047
v -1.60869931 7.02263787 5.61440746
v -1.60869931 7.02263787 6.20670445
v -1.60869931 7.61493486 2.65292250
v -1.60869931 7.61493486 3.24521949
v -1.60869931 7.61493486 3.83751649
v -1.60869931 7.61493486 4.42981348
v -1.31255082 -8.67323240 3.83751649
v -1.01640232 -8.96938089 3.83751649
v -1.01640232 -8.67323240 3.54136799
v -1.01640232 -8.67323240 4.13366498
v -1.31255082 -8.08093540 3.24521949
v -1.01640232 -8.37708390 3.24521949
v -1.01640232 -8.08093540 2.94907100
v -1.31255082 -8.08093540 3.83751649
v -1.01640232 -8.08093540 4.13366498
v -1.01640232 -7.48863841 2.94907100
v -1.31255082 -7.48863841 4.42981348
v -1.01640232 -7.78478691 4.42981348
v -1.01640232 -7.48863841 4.72596197
v -1.01640232 -7.19248992 2.65292250
v -1.01640232 -6.89634142 2.35677401
v -1.31255082 -6.89634142 3.83751649
v -1.01640232 -6.89634142 3.54136799
v -1.01640232 -7.19248992 3.83751649
v -1.01640232 -6.89634142 4.13366498
v -1.31255082 -6.89634142 5.02211047
v -1.01640232 -7.19248992 5.02211047
v -1.01640232 -6.89634142 5.31825896
v -1.31255082 -6.30404443 2.65292250
v -1.01640232 -6.30404443 2.35677401
v -1.31255082 -6.30404443 3.83751649
v -1.01640232 -6.30404443 3.54136799
v -1.01640232 -6.30404443 4.13366498
v -1.31255082 -6.30404443 5.02211047
v -1.01640232 -6.30404443 5.31825896
v -1.31255082 -5.71174744 2.65292250
v -1.01640232 -5.71174744 2.35677401
v -1.31255082 -5.71174744 3.83751649
v -1.01640232 -5.71174744 3.54136799
v -1.01640232 -5.71174744 4.13366498
v -1.01640232 -6.00789593 5.61440746
v -1.31255082 -5.71174744 6.20670445
v -1.01640232 -5.71174744 5.91055596
v -1.31255082 -5.11945045 2.06062551
v -1.01640232 -5.41559894 2.06062551
v -1.01640232 -5.11945045 1.76447702
v -1.31255082 -5.11945045 3.83751649
v -1.01640232 -5.11945045 3.54136799
v -1.01640232 -5.41559894 4.42981348
v -1.31255082 -5.11945045 4.42981348
v -1.01640232 -5.41559894 5.02211047
v -1.31255082 -5.11945045 5.02211047
v -1.01640232 -5.11945045 5.31825896
v -1.01640232 -5.41559894 6.20670445
v -1.01640232 -5.41559894 6.79900144
v -1.01640232 -5.11945045 7.09514994
v -1.01640232 -4.82330195 2.06062551
v -1.31255082 -4.52715346 2.65292250
v -1.01640232 -4.52715346 2.35677401
v -1.31255082 -4.52715346 3.83751649
v -1.01640232 -4.52715346 3.54136799
v -1.31255082 -4.52715346 4.42981348
v -1.01640232 -4.82330195 5.61440746
v -1.01640232 -4.82330195 6.20670445
v -1.31255082 -4.52715346 6.20670445
v -1.01640232 -4.52715346 6.50285295
v -1.01640232 -4.82330195 7.39129843
v -1.31255082 -4.52715346 7.98359542
v -1.01640232 -4.52715346 7.68744693
v -1.31255082 -4.52715346 8.57589242
v -1.31255082 -3.93485647 2.65292250
v -1.01640232 -3.93485647 2.35677401
v -1.31255082 -3.93485647 3.83751649
v -1.01640232 -3.93485647 3.54136799
v -1.31255082 -3.93485647 4.42981348
v -1.01640232 -4.23100496 6.79900144
v -1.31255082 -3.93485647 6.79900144
v -1.01640232 -3.93485647 7.09514994
v -1.01640232 -4.23100496 7.98359542
v -1.31255082 -3.93485647 8.57589242
v -1.01640232 -3.93485647 8.27974392
v -1.31255082 -3.34255947 2.65292250
v -1.01640232 -3.34255947 2.35677401
v -1.31255082 -3.34255947 3.83751649
v -1.01640232 -3.34255947 3.54136799
v -1.31255082 -3.34255947 4.42981348
v -1.01640232 -3.63870797 7.39129843
v -1.01640232 -3.34255947 7.68744693
v -1.31255082 -3.34255947 8.57589242
v -1.01640232 -3.34255947 8.27974392
v -1.31255082 -2.75026248 2.65292250
v -1.01640232 -2.75026248 2.35677401
v -1.31255082 -2.75026248 3.83751649
v -1.01640232 -2.75026248 3.54136799
v -1.31255082 -2.75026248 4.42981348
v -1.01640232 -2.75026248 7.68744693
v -1.31255082 -2.75026248 8.57589242
v -1.01640232 -2.75026248 8.27974392
v -1.01640232 -2.45411399 -0.30856245
v -1.01640232 -2.15796549 -0.60471095
v -1.01640232 -2.45411399 0.28373454
v -1.01640232 -2.45411399 0.87603153
v -1.01640232 -2.45411399 1.46832852
v -1.01640232 -2.45411399 2.06062551
v -1.31255082 -2.15796549 3.83751649
v -1.01640232 -2.15796549 3.54136799
v -1.01640232 -2.15796549 7.68744693
v -1.01640232 -2.15796549 8.27974392
v -1.31255082 -1.56566850 -1.49315644
v -1.01640232 -1.86181700 -1.49315644
v -1.01640232 -1.56566850 -1.78930493
v -1.01640232 -1.86181700 -0.90085944
v -1.31255082 -1.56566850 0.28373454
v -1.01640232 -1.56566850 0.57988303
v -1.01640232 -1.86181700 0.87603153
v -1.01640232 -1.86181700 1.46832852
v -1.01640232 -1.86181700 2.06062551
v -1.01640232 -1.86181700 2.65292250
v -1.01640232 -1.86181700 3.24521949
v -1.31255082 -1.56566850 7.39129843
v -1.01640232 -1.56566850 7.68744693
v -1.01640232 -1.86181700 8.57589242
v -1.31255082 -1.56566850 8.57589242
v -1.01640232 -1.56566850 8.87204091
v -1.31255082 -0.97337151 -3.27004741
v -1.01640232 -1.26952000 -3.27004741
v -1.01640232 -0.97337151 -3.56619591
v -1.01640232 -1.26952000 -2.67775042
v -1.01640232 -1.26952000 -2.08545343
v -1.31255082 -0.97337151 -0.30856245
v -1.01640232 -0.97337151 -0.60471095
v -1.01640232 -1.26952000 -0.30856245
v -1.01640232 -1.26952000 0.28373454
v -1.01640232 -0.97337151 7.68744693
v -1.01640232 -1.26952000 9.16818941
v -1.01640232 -0.97337151 9.46433790
v -1.31255082 -0.38107452 -4.45464139
v -1.01640232 -0.67722301 -4.45464139
v -1.01640232 -0.38107452 -4.75078989
v -1.31255082 -0.38107452 -3.86234440
v -1.01640232 -0.67722301 -3.86234440
v -1.31255082 -0.38107452 -2.08545343
v -1.01640232 -0.38107452 -2.38160192
v -1.01640232 -0.67722301 -2.08545343
v -1.01640232 -0.67722301 -1.49315644
v -1.01640232 -0.67722301 -0.90085944
v -1.01640232 -0.67722301 7.98359542
v -1.01640232 -0.38107452 8.27974392
v -1.31255082 -0.38107452 9.16818941
v -1.01640232 -0.38107452 9.46433790
v -1.31255082 0.21122247 -5.63923537
v -1.01640232 0.21122247 -5.34308688
v -1.01640232 -0.08492602 -5.04693838
v -1.01640232 -0.08492602 -3.27004741
v -1.31255082 0.21122247 -3.27004741
v -1.01640232 0.21122247 -3.56619591
v -1.01640232 -0.08492602 -2.67775042
v -1.31255082 0.21122247 -2.67775042
v -1.31255082 0.21122247 -2.08545343
v -1.01640232 0.21122247 8.27974392
v -1.01640232 0.21122247 9.46433790
v -1.31255082 0.80351947 -6.23153237
v -1.01640232 0.80351947 -5.93538387
v -1.01640232 0.50737097 -5.63923537
v -1.31255082 0.80351947 -5.04693838
v -1.01640232 0.80351947 -4.75078989
v -1.01640232 0.50737097 -4.45464139
v -1.01640232 0.50737097 -3.86234440
v -1.01640232 0.50737097 8.57589242
v -1.31255082 0.80351947 8.57589242
v -1.01640232 0.80351947 8.87204091
v -1.01640232 0.80351947 9.46433790
v -1.31255082 1.39581646 -6.82382936
v -1.01640232 1.39581646 -6.52768086
v -1.01640232 1.09966796 -6.23153237
v -1.31255082 1.39581646 -5.63923537
v -1.01640232 1.39581646 -5.34308688
v -1.01640232 1.09966796 -5.04693838
v -1.31255082 1.39581646 8.57589242
v -1.01640232 1.39581646 8.87204091
v -1.01640232 1.39581646 9.46433790
v -1.31255082 1.98811345 -6.82382936
v -1.01640232 1.98811345 -6.52768086
v -1.01640232 1.98811345 -5.93538387
v -1.01640232 1.69196495 -5.63923537
v -1.31255082 1.98811345 8.57589242
v -1.01640232 1.98811345 8.87204091
v -1.01640232 1.98811345 9.46433790
v -1.31255082 2.58041044 -6.82382936
v -1.01640232 2.58041044 -6.52768086
v -1.01640232 2.58041044 -5.93538387
v -1.31255082 2.58041044 8.57589242
v -1.01640232 2.58041044 8.87204091
v -1.01640232 2.58041044 9.46433790
v -1.31255082 3.17270743 -6.82382936
v -1.01640232 3.17270743 -6.52768086
v -1.01640232 3.17270743 -5.93538387
v -1.01640232 2.87655893 8.57589242
v -1.01640232 3.17270743 8.27974392
v -1.31255082 3.17270743 9.16818941
v -1.01640232 3.17270743 9.46433790
v -1.01640232 3.76500442 -6.52768086
v -1.01640232 3.46885593 -5.63923537
v -1.31255082 3.76500442 -5.63923537
v -1.01640232 3.76500442 -5.34308688
v -1.01640232 3.76500442 8.27974392
v -1.31255082 3.76500442 9.16818941
v -1.01640232 3.76500442 9.46433790
v -1.01640232 4.35730141 -6.52768086
v -1.01640232 4.35730141 -5.34308688
v -1.31255082 4.35730141 7.98359542
v -1.01640232 4.35730141 8.27974392
v -1.01640232 4.35730141 8.87204091
v -1.01640232 4.06115292 9.16818941
v -1.31255082 4.94959840 -6.23153237
v -1.01640232 4.94959840 -6.52768086
v -1.01640232 4.65344991 -5.04693838
v -1.01640232 4.65344991 -4.45464139
v -1.31255082 4.94959840 -3.86234440
v -1.01640232 4.94959840 -4.15849290
v -1.01640232 4.65344991 7.98359542
v -1.01640232 4.94959840 7.68744693
v -1.31255082 4.94959840 8.57589242
v -1.01640232 4.94959840 8.87204091
v -1.31255082 5.54189540 -6.82382936
v -1.01640232 5.24574690 -6.82382936
v -1.01640232 5.54189540 -7.11997785
v -1.31255082 5.54189540 -6.23153237
v -1.31255082 5.54189540 -5.63923537
v -1.31255082 5.54189540 -5.04693838
v -1.01640232 5.24574690 -3.86234440
v -1.01640232 5.24574690 -3.27004741
v -1.01640232 5.24574690 -2.67775042
v -1.01640232 5.24574690 -2.08545343
v -1.01640232 5.24574690 -1.49315644
v -1.31255082 5.54189540 -0.90085944
v -1.01640232 5.54189540 -1.19700794
v -1.31255082 5.54189540 -0.30856245
v -1.31255082 5.54189540 0.28373454
v -1.01640232 5.24574690 7.39129843
v -1.01640232 5.54189540 7.09514994
v -1.01640232 5.54189540 8.27974392
v -1.01640232 5.24574690 8.57589242
v -1.31255082 6.13419239 -7.41612635
v -1.01640232 5.83804389 -7.41612635
v -1.01640232 6.13419239 -7.71227484
v -1.31255082 6.13419239 -6.82382936
v -1.31255082 6.13419239 -6.23153237
v -1.31255082 6.13419239 -5.63923537
v -1.01640232 6.13419239 -5.34308688
v -1.01640232 5.83804389 -5.04693838
v -1.01640232 5.83804389 -4.45464139
v -1.01640232 5.83804389 -3.86234440
v -1.01640232 5.83804389 -3.27004741
v -1.01640232 5.83804389 -2.67775042
v -1.01640232 6.13419239 -2.38160192
v -1.01640232 5.83804389 -0.90085944
v -1.01640232 5.83804389 -0.30856245
v -1.01640232 5.83804389 0.28373454
v -1.01640232 5.83804389 0.87603153
v -1.31255082 6.13419239 1.46832852
v -1.01640232 5.83804389 1.46832852
v -1.01640232 6.13419239 1.76447702
v -1.31255082 6.13419239 6.20670445
v -1.01640232 6.13419239 6.50285295
v -1.01640232 5.83804389 6.79900144
v -1.01640232 6.13419239 7.68744693
v -1.01640232 5.83804389 7.98359542
v -1.31255082 6.72648938 -7.41612635
v -1.01640232 6.72648938 -7.71227484
v -1.31255082 6.72648938 -6.82382936
v -1.31255082 6.72648938 -6.23153237
v -1.01640232 6.72648938 -5.93538387
v -1.01640232 6.43034088 -5.63923537
v -1.01640232 6.43034088 -2.08545343
v -1.01640232 6.43034088 -1.49315644
v -1.01640232 6.43034088 -0.90085944
v -1.01640232 6.43034088 -0.30856245
v -1.01640232 6.43034088 0.28373454
v -1.01640232 6.72648938 0.57988303
v -1.01640232 6.43034088 2.06062551
v -1.01640232 6.43034088 2.65292250
v -1.31255082 6.72648938 3.24521949
v -1.01640232 6.72648938 2.94907100
v -1.31255082 6.72648938 3.83751649
v -1.31255082 6.72648938 4.42981348
v -1.01640232 6.72648938 4.72596197
v -1.01640232 6.43034088 5.02211047
v -1.01640232 6.43034088 5.61440746
v -1.01640232 6.43034088 6.20670445
v -1.31255082 6.72648938 6.79900144
v -1.01640232 6.72648938 7.09514994
v -1.01640232 6.43034088 7.39129843
v -1.31255082 7.31878637 -7.41612635
v -1.01640232 7.31878637 -7.71227484
v -1.31255082 7.31878637 -6.82382936
v -1.01640232 7.31878637 -6.52768086
v -1.01640232 7.02263787 -6.23153237
v -1.01640232 7.02263787 0.87603153
v -1.01640232 7.02263787 1.46832852
v -1.31255082 7.31878637 2.06062551
v -1.01640232 7.31878637 1.76447702
v -1.01640232 7.02263787 3.24521949
v -1.01640232 7.02263787 3.83751649
v -1.01640232 7.02263787 4.42981348
v -1.31255082 7.31878637 5.02211047
v -1.01640232 7.31878637 5.31825896
v -1.01640232 7.02263787 5.61440746
v -1.01640232 7.02263787 6.20670445
v -1.01640232 7.02263787 6.79900144
v -1.31255082 7.91108336 -7.41612635
v -1.01640232 7.91108336 -7.71227484
v -1.01640232 7.91108336 -7.11997785
v -1.01640232 7.61493486 -6.82382936
v -1.01640232 7.61493486 2.06062551
v -1.01640232 7.61493486 2.65292250
v -1.01640232 7.61493486 3.24521949
v -1.01640232 7.61493486 3.83751649
v -1.01640232 7.61493486 4.42981348
v -1.01640232 7.61493486 5.02211047
v -1.01640232 8.20723186 -7.41612635
v -0.42410533 -8.96938089 3.83751649
v -0.42410533 -8.67323240 3.54136799
v -0.42410533 -8.67323240 4.13366498
v -0.42410533 -8.37708390 3.24521949
v -0.42410533 -8.08093540 2.94907100
v -0.42410533 -8.37708390 4.42981348
v -0.72025383 -8.08093540 4.42981348
v -0.42410533 -8.08093540 4.72596197
v -0.72025383 -7.48863841 2.65292250
v -0.42410533 -7.78478691 2.65292250
v -0.42410533 -7.48863841 2.35677401
v -0.72025383 -7.48863841 3.83751649
v -0.42410533 -7.48863841 3.54136799
v -0.42410533 -7.78478691 3.83751649
v -0.42410533 -7.48863841 4.13366498
v -0.42410533 -7.48863841 4.72596197
v -0.42410533 -6.89634142 2.35677401
v -0.42410533 -6.89634142 3.54136799
v -0.42410533 -6.89634142 4.13366498
v -0.42410533 -7.19248992 5.02211047
v -0.42410533 -6.89634142 5.31825896
v -0.42410533 -6.30404443 2.35677401
v -0.72025383 -6.30404443 3.24521949
v -0.42410533 -6.30404443 2.94907100
v -0.42410533 -6.60019293 3.24521949
v -0.42410533 -6.60019293 4.42981348
v -0.72025383 -6.30404443 4.42981348
v -0.42410533 -6.30404443 4.72596197
v -0.42410533 -6.30404443 5.31825896
v -0.72025383 -5.71174744 2.06062551
v -0.42410533 -6.00789593 2.06062551
v -0.42410533 -5.71174744 1.76447702
v -0.72025383 -5.71174744 3.24521949
v -0.42410533 -5.71174744 2.94907100
v -0.72025383 -5.71174744 4.42981348
v -0.42410533 -5.71174744 4.72596197
v -0.42410533 -6.00789593 5.61440746
v -0.42410533 -5.71174744 5.91055596
v -0.42410533 -5.11945045 1.76447702
v -0.72025383 -5.11945045 3.24521949
v -0.42410533 -5.11945045 2.94907100
v -0.42410533 -5.41559894 5.02211047
v -0.42410533 -5.11945045 5.31825896
v -0.42410533 -5.41559894 6.20670445
v -0.42410533 -5.41559894 6.79900144
v -0.42410533 -5.11945045 7.09514994
v -0.42410533 -4.82330195 2.06062551
v -0.42410533 -4.52715346 2.35677401
v -0.72025383 -4.52715346 3.24521949
v -0.42410533 -4.52715346 2.94907100
v -0.42410533 -4.82330195 5.61440746
v -0.42410533 -4.82330195 6.20670445
v -0.42410533 -4.52715346 6.50285295
v -0.42410533 -4.82330195 7.39129843
v -0.42410533 -4.52715346 7.68744693
v -0.42410533 -3.93485647 2.35677401
v -0.72025383 -3.93485647 3.24521949
v -0.42410533 -3.93485647 2.94907100
v -0.42410533 -4.23100496 6.79900144
v -0.42410533 -3.93485647 7.09514994
v -0.42410533 -4.23100496 7.98359542
v -0.42410533 -3.93485647 8.27974392
v -0.42410533 -3.34255947 2.35677401
v -0.72025383 -3.34255947 3.24521949
v -0.42410533 -3.34255947 2.94907100
v -0.42410533 -3.63870797 7.39129843
v -0.42410533 -3.34255947 7.68744693
v -0.42410533 -3.34255947 8.27974392
v -0.42410533 -2.75026248 2.35677401
v -0.72025383 -2.75026248 3.24521949
v -0.42410533 -2.75026248 2.94907100
v -0.42410533 -2.75026248 7.68744693
v -0.42410533 -3.04641098 8.57589242
v -0.72025383 -2.75026248 8.57589242
v -0.42410533 -2.75026248 8.87204091
v -0.72025383 -2.15796549 -0.30856245
v -0.42410533 -2.15796549 -0.01241396
v -0.42410533 -2.45411399 0.28373454
v -0.42410533 -2.45411399 0.87603153
v -0.42410533 -2.45411399 1.46832852
v -0.42410533 -2.45411399 2.06062551
v -0.72025383 -2.15796549 3.24521949
v -0.42410533 -2.15796549 2.94907100
v -0.42410533 -2.45411399 7.98359542
v -0.72025383 -2.15796549 7.98359542
v -0.42410533 -2.15796549 8.27974392
v -0.72025383 -2.15796549 8.57589242
v -0.42410533 -2.15796549 8.87204091
v -0.42410533 -1.86181700 -1.49315644
v -0.42410533 -1.56566850 -1.78930493
v -0.42410533 -1.86181700 -0.90085944
v -0.42410533 -1.86181700 -0.30856245
v -0.42410533 -1.56566850 0.57988303
v -0.42410533 -1.86181700 0.87603153
v -0.72025383 -1.56566850 1.46832852
v -0.42410533 -1.56566850 1.17218002
v -0.42410533 -1.56566850 1.76447702
v -0.42410533 -1.86181700 2.06062551
v -0.42410533 -1.86181700 2.65292250
v -0.72025383 -1.56566850 7.98359542
v -0.42410533 -1.56566850 8.27974392
v -0.72025383 -1.56566850 9.16818941
v -0.42410533 -1.86181700 9.16818941
v -0.42410533 -1.56566850 9.46433790
v -0.42410533 -1.26952000 -3.27004741
v -0.42410533 -0.97337151 -3.56619591
v -0.42410533 -1.26952000 -2.67775042
v -0.42410533 -1.26952000 -2.08545343
v -0.72025383 -0.97337151 -0.90085944
v -0.42410533 -0.97337151 -1.19700794
v -0.42410533 -1.26952000 -0.90085944
v -0.42410533 -1.26952000 -0.30856245
v -0.42410533 -1.26952000 0.28373454
v -0.42410533 -1.26952000 1.46832852
v -0.72025383 -0.97337151 7.98359542
v -0.42410533 -0.97337151 8.27974392
v -0.42410533 -0.97337151 9.46433790
v -0.72025383 -0.38107452 -5.04693838
v -0.42410533 -0.67722301 -5.04693838
v -0.42410533 -0.38107452 -5.34308688
v -0.42410533 -0.67722301 -4.45464139
v -0.42410533 -0.67722301 -3.86234440
v -0.72025383 -0.38107452 -2.67775042
v -0.42410533 -0.38107452 -2.97389891
v -0.42410533 -0.67722301 -2.67775042
v -0.42410533 -0.67722301 -2.08545343
v -0.42410533 -0.67722301 -1.49315644
v -0.42410533 -0.67722301 8.57589242
v -0.72025383 -0.38107452 8.57589242
v -0.42410533 -0.38107452 8.87204091
v -0.42410533 -0.38107452 9.46433790
v -0.72025383 0.21122247 -5.63923537
v -0.42410533 -0.08492602 -5.63923537
v -0.42410533 0.21122247 -5.93538387
v -0.42410533 -0.08492602 -4.45464139
v -0.72025383 0.21122247 -4.45464139
v -0.42410533 0.21122247 -4.75078989
v -0.42410533 -0.08492602 -3.86234440
v -0.72025383 0.21122247 -3.86234440
v -0.42410533 -0.08492602 -3.27004741
v -0.72025383 0.21122247 8.57589242
v -0.42410533 0.21122247 8.87204091
v -0.42410533 0.21122247 9.46433790
v -0.42410533 0.80351947 -5.93538387
v -0.42410533 0.50737097 -5.04693838
v -0.72025383 0.80351947 -5.04693838
v -0.42410533 0.80351947 -5.34308688
v -0.42410533 0.80351947 8.87204091
v -0.42410533 0.80351947 9.46433790
v -0.42410533 1.09966796 -6.23153237
v -0.42410533 1.39581646 -6.52768086
v -0.42410533 1.39581646 -5.34308688
v -0.42410533 1.39581646 8.87204091
v -0.42410533 1.39581646 9.46433790
v -0.42410533 1.98811345 -6.52768086
v -0.72025383 1.98811345 -5.63923537
v -0.42410533 1.98811345 -5.34308688
v -0.42410533 1.98811345 8.87204091
v -0.42410533 1.98811345 9.46433790
v -0.42410533 2.58041044 -6.52768086
v -0.72025383 2.58041044 -5.63923537
v -0.42410533 2.58041044 -5.34308688
v -0.42410533 2.58041044 8.87204091
v -0.42410533 2.58041044 9.46433790
v -0.42410533 3.17270743 -6.52768086
v -0.72025383 3.17270743 -5.63923537
v -0.42410533 3.17270743 -5.34308688
v -0.72025383 3.17270743 8.57589242
v -0.42410533 3.17270743 8.87204091
v -0.42410533 3.17270743 9.46433790
v -0.42410533 3.46885593 -6.23153237
v -0.72025383 3.76500442 -6.23153237
v -0.42410533 3.76500442 -5.93538387
v -0.42410533 3.76500442 -5.34308688
v -0.42410533 3.46885593 8.57589242
v -0.42410533 3.76500442 8.27974392
v -0.42410533 3.76500442 9.46433790
v -0.42410533 4.06115292 -6.23153237
v -0.42410533 4.35730141 -6.52768086
v -0.42410533 4.35730141 -5.34308688
v -0.42410533 4.35730141 8.27974392
v -0.42410533 4.35730141 8.87204091
v -0.42410533 4.06115292 9.16818941
v -0.42410533 4.94959840 -6.52768086
v -0.72025383 4.94959840 -5.63923537
v -0.42410533 4.94959840 -5.93538387
v -0.42410533 4.65344991 -5.63923537
v -0.72025383 4.94959840 -5.04693838
v -0.72025383 4.94959840 -4.45464139
v -0.42410533 4.65344991 7.98359542
v -0.42410533 4.94959840 7.68744693
v -0.42410533 4.94959840 8.87204091
v -0.72025383 5.54189540 -7.41612635
v -0.42410533 5.24574690 -7.41612635
v -0.42410533 5.54189540 -7.71227484
v -0.42410533 5.24574690 -6.82382936
v -0.72025383 5.54189540 -5.63923537
v -0.42410533 5.54189540 -5.93538387
v -0.42410533 5.54189540 -5.34308688
v -0.42410533 5.24574690 -5.04693838
v -0.42410533 5.24574690 -4.45464139
v -0.42410533 5.24574690 -3.86234440
v -0.42410533 5.24574690 -3.27004741
v -0.42410533 5.24574690 -2.67775042
v -0.42410533 5.24574690 -2.08545343
v -0.42410533 5.24574690 -1.49315644
v -0.42410533 5.54189540 -1.19700794
v -0.42410533 5.24574690 7.39129843
v -0.42410533 5.54189540 7.09514994
v -0.42410533 5.54189540 8.27974392
v -0.42410533 5.24574690 8.57589242
v -0.42410533 6.13419239 -7.71227484
v -0.72025383 6.13419239 -6.23153237
v -0.42410533 6.13419239 -6.52768086
v -0.42410533 5.83804389 -6.23153237
v -0.42410533 5.83804389 -5.63923537
v -0.42410533 6.13419239 -5.93538387
v -0.72025383 6.13419239 -5.04693838
v -0.42410533 6.13419239 -4.75078989
v -0.42410533 5.83804389 -4.45464139
v -0.42410533 5.83804389 -3.86234440
v -0.42410533 5.83804389 -3.27004741
v -0.42410533 5.83804389 -2.67775042
v -0.42410533 6.13419239 -2.38160192
v -0.42410533 5.83804389 -0.90085944
v -0.42410533 5.83804389 -0.30856245
v -0.42410533 5.83804389 0.28373454
v -0.42410533 5.83804389 0.87603153
v -0.42410533 5.83804389 1.46832852
v -0.42410533 6.13419239 1.76447702
v -0.42410533 5.83804389 6.79900144
v -0.42410533 6.13419239 6.50285295
v -0.42410533 6.13419239 7.68744693
v -0.42410533 5.83804389 7.98359542
v -0.72025383 6.72648938 -8.00842334
v -0.42410533 6.43034088 -8.00842334
v -0.42410533 6.72648938 -8.30457184
v -0.72025383 6.72648938 -6.82382936
v -0.42410533 6.72648938 -7.11997785
v -0.42410533 6.43034088 -6.82382936
v -0.42410533 6.43034088 -6.23153237
v -0.42410533 6.72648938 -6.52768086
v -0.72025383 6.72648938 -5.63923537
v -0.42410533 6.72648938 -5.34308688
v -0.42410533 6.43034088 -5.04693838
v -0.42410533 6.43034088 -2.08545343
v -0.42410533 6.43034088 -1.49315644
v -0.42410533 6.43034088 -0.90085944
v -0.42410533 6.43034088 -0.30856245
v -0.42410533 6.43034088 0.28373454
v -0.42410533 6.43034088 0.87603153
v -0.72025383 6.72648938 0.87603153
v -0.42410533 6.72648938 1.17218002
v -0.42410533 6.43034088 2.06062551
v -0.42410533 6.43034088 2.65292250
v -0.42410533 6.72648938 2.94907100
v -0.42410533 6.43034088 5.02211047
v -0.42410533 6.72648938 4.72596197
v -0.42410533 6.43034088 5.61440746
v -0.42410533 6.43034088 6.20670445
v -0.42410533 6.72648938 7.09514994
v -0.42410533 6.43034088 7.39129843
v -0.72025383 7.31878637 -8.00842334
v -0.42410533 7.31878637 -8.30457184
v -0.42410533 7.02263787 -6.82382936
v -0.72025383 7.31878637 -6.23153237
v -0.42410533 7.31878637 -5.93538387
v -0.42410533 7.02263787 -5.63923537
v -0.42410533 7.02263787 1.46832852
v -0.42410533 7.31878637 1.76447702
v -0.42410533 7.02263787 3.24521949
v -0.42410533 7.02263787 3.83751649
v -0.42410533 7.02263787 4.42981348
v -0.42410533 7.31878637 5.31825896
v -0.42410533 7.02263787 5.61440746
v -0.42410533 7.02263787 6.20670445
v -0.42410533 7.02263787 6.79900144
v -0.72025383 7.91108336 -8.00842334
v -0.42410533 7.91108336 -8.30457184
v -0.72025383 7.91108336 -6.82382936
v -0.72025383 7.91108336 -6.23153237
v -0.42410533 7.91108336 -5.93538387
v -0.42410533 7.61493486 2.06062551
v -0.42410533 7.61493486 2.65292250
v -0.42410533 7.61493486 3.24521949
v -0.42410533 7.61493486 3.83751649
v -0.42410533 7.61493486 4.42981348
v -0.42410533 7.61493486 5.02211047
v -0.72025383 8.50338035 -8.00842334
v -0.42410533 8.50338035 -8.30457184
v -0.72025383 8.50338035 -7.41612635
v -0.72025383 8.50338035 -6.82382936
v -0.42410533 8.50338035 -6.52768086
v -0.42410533 8.20723186 -6.23153237
v -0.72025383 9.09567734 -8.00842334
v -0.42410533 9.09567734 -8.30457184
v -0.72025383 9.09567734 -7.41612635
v -0.72025383 9.09567734 -6.82382936
v -0.42410533 9.09567734 -6.52768086
v -0.72025383 9.68797433 -8.00842334
v -0.42410533 9.68797433 -8.30457184
v -0.72025383 9.68797433 -7.41612635
v -0.42410533 9.68797433 -7.11997785
v -0.42410533 9.39182584 -6.82382936
v -0.42410533 9.98412283 -8.00842334
v -0.42410533 9.98412283 -7.41612635
v 0.16819166 -8.96938089 3.83751649
v 0.16819166 -8.67323240 3.54136799
v 0.16819166 -8.67323240 4.13366498
v 0.16819166 -8.37708390 3.24521949
v 0.16819166 -8.08093540 2.94907100
v -0.12795683 -8.08093540 4.42981348
v 0.16819166 -8.08093540 4.13366498
v -0.12795683 -7.48863841 2.65292250
v 0.16819166 -7.48863841 2.94907100
v -0.12795683 -7.48863841 3.83751649
v 0.16819166 -7.78478691 4.42981348
v 0.16819166 -7.48863841 4.72596197
v 0.16819166 -7.19248992 2.65292250
v 0.16819166 -6.89634142 2.35677401
v 0.16819166 -6.89634142 3.54136799
v 0.16819166 -7.19248992 3.83751649
v 0.16819166 -6.89634142 4.13366498
v -0.12795683 -6.89634142 5.02211047
v 0.16819166 -6.89634142 4.72596197
v 0.16819166 -6.30404443 2.35677401
v -0.12795683 -6.30404443 3.24521949
v 0.16819166 -6.30404443 3.54136799
v -0.12795683 -6.30404443 4.42981348
v 0.16819166 -6.30404443 4.13366498
v 0.16819166 -6.60019293 5.02211047
v 0.16819166 -6.30404443 5.31825896
v 0.16819166 -6.00789593 2.06062551
v 0.16819166 -5.71174744 1.76447702
v -0.12795683 -5.71174744 3.24521949
v 0.16819166 -5.71174744 3.54136799
v -0.12795683 -5.71174744 4.42981348
v 0.16819166 -5.71174744 4.13366498
v 0.16819166 -6.00789593 5.61440746
v -0.12795683 -5.71174744 6.20670445
v 0.16819166 -6.00789593 6.20670445
v 0.16819166 -5.71174744 6.50285295
v 0.16819166 -5.11945045 1.76447702
v -0.12795683 -5.11945045 3.24521949
v 0.16819166 -5.11945045 3.54136799
v 0.16819166 -5.41559894 4.42981348
v 0.16819166 -5.41559894 5.02211047
v 0.16819166 -5.41559894 5.61440746
v -0.12795683 -5.11945045 5.61440746
v 0.16819166 -5.11945045 5.91055596
v 0.16819166 -5.41559894 6.79900144
v 0.16819166 -5.11945045 7.09514994
v 0.16819166 -4.82330195 2.06062551
v 0.16819166 -4.52715346 2.35677401
v -0.12795683 -4.52715346 3.24521949
v 0.16819166 -4.52715346 3.54136799
v 0.16819166 -4.82330195 6.20670445
v 0.16819166 -4.52715346 6.50285295
v 0.16819166 -4.82330195 7.39129843
v 0.16819166 -4.52715346 7.68744693
v 0.16819166 -3.93485647 2.35677401
v -0.12795683 -3.93485647 3.24521949
v 0.16819166 -3.93485647 3.54136799
v 0.16819166 -4.23100496 6.79900144
v 0.16819166 -3.93485647 7.09514994
v 0.16819166 -4.23100496 7.98359542
v 0.16819166 -3.93485647 8.27974392
v 0.16819166 -3.34255947 2.35677401
v -0.12795683 -3.34255947 3.24521949
v 0.16819166 -3.34255947 3.54136799
v 0.16819166 -3.63870797 7.39129843
v 0.16819166 -3.34255947 7.68744693
v 0.16819166 -3.63870797 8.57589242
v -0.12795683 -3.34255947 8.57589242
v 0.16819166 -3.34255947 8.87204091
v 0.16819166 -2.75026248 2.35677401
v -0.12795683 -2.75026248 3.24521949
v 0.16819166 -2.75026248 3.54136799
v 0.16819166 -2.75026248 7.68744693
v 0.16819166 -2.75026248 8.87204091
v 0.16819166 -2.45411399 0.28373454
v 0.16819166 -2.15796549 -0.01241396
v 0.16819166 -2.45411399 0.87603153
v 0.16819166 -2.45411399 1.46832852
v 0.16819166 -2.45411399 2.06062551
v 0.16819166 -2.15796549 2.94907100
v 0.16819166 -2.45411399 3.24521949
v 0.16819166 -2.45411399 7.98359542
v 0.16819166 -2.15796549 8.27974392
v 0.16819166 -2.15796549 8.87204091
v 0.16819166 -1.86181700 -1.49315644
v 0.16819166 -1.56566850 -1.78930493
v 0.16819166 -1.86181700 -0.90085944
v 0.16819166 -1.86181700 -0.30856245
v 0.16819166 -1.56566850 0.57988303
v 0.16819166 -1.86181700 0.87603153
v 0.16819166 -1.86181700 1.46832852
v -0.12795683 -1.56566850 1.46832852
v 0.16819166 -1.56566850 1.76447702
v -0.12795683 -1.56566850 2.06062551
v 0.16819166 -1.56566850 2.35677401
v 0.16819166 -1.86181700 2.65292250
v 0.16819166 -1.56566850 8.27974392
v 0.16819166 -1.86181700 9.16818941
v 0.16819166 -1.56566850 9.46433790
v 0.16819166 -1.26952000 -3.27004741
v 0.16819166 -0.97337151 -3.56619591
v 0.16819166 -1.26952000 -2.67775042
v 0.16819166 -1.26952000 -2.08545343
v 0.16819166 -0.97337151 -1.19700794
v 0.16819166 -1.26952000 -0.90085944
v 0.16819166 -1.26952000 -0.30856245
v 0.16819166 -1.26952000 0.28373454
v 0.16819166 -1.26952000 2.06062551
v 0.16819166 -0.97337151 8.27974392
v 0.16819166 -0.97337151 9.46433790
v 0.16819166 -0.67722301 -5.04693838
v 0.16819166 -0.38107452 -5.34308688
v 0.16819166 -0.67722301 -4.45464139
v 0.16819166 -0.67722301 -3.86234440
v 0.16819166 -0.38107452 -2.97389891
v 0.16819166 -0.67722301 -2.67775042
v 0.16819166 -0.67722301 -2.08545343
v 0.16819166 -0.67722301 -1.49315644
v 0.16819166 -0.67722301 8.57589242
v 0.16819166 -0.38107452 8.87204091
v 0.16819166 -0.38107452 9.46433790
v 0.16819166 -0.08492602 -5.63923537
v 0.16819166 0.21122247 -5.93538387
v 0.16819166 0.21122247 -4.75078989
v 0.16819166 -0.08492602 -4.45464139
v 0.16819166 -0.08492602 -3.86234440
v 0.16819166 -0.08492602 -3.27004741
v 0.16819166 0.21122247 8.87204091
v 0.16819166 0.21122247 9.46433790
v 0.16819166 0.80351947 -5.93538387
v 0.16819166 0.80351947 -5.34308688
v 0.16819166 0.50737097 -5.04693838
v 0.16819166 0.80351947 8.87204091
v 0.16819166 0.80351947 9.46433790
v -0.12795683 1.39581646 -6.23153237
v 0.16819166 1.39581646 -5.93538387
v 0.16819166 1.39581646 -5.34308688
v 0.16819166 1.39581646 8.87204091
v 0.16819166 1.39581646 9.46433790
v -0.12795683 1.98811345 -6.23153237
v 0.16819166 1.98811345 -5.93538387
v 0.16819166 1.98811345 -5.34308688
v 0.16819166 1.98811345 8.87204091
v 0.16819166 1.98811345 9.46433790
v -0.12795683 2.58041044 -6.23153237
v 0.16819166 2.58041044 -5.93538387
v 0.16819166 2.58041044 -5.34308688
v 0.16819166 2.58041044 8.87204091
v 0.16819166 2.58041044 9.46433790
v -0.12795683 3.17270743 -6.23153237
v 0.16819166 3.17270743 -5.93538387
v 0.16819166 3.17270743 -5.34308688
v 0.16819166 3.17270743 8.87204091
v 0.16819166 3.17270743 9.46433790
v 0.16819166 3.76500442 -5.93538387
v 0.16819166 3.76500442 -5.34308688
v 0.16819166 3.46885593 8.57589242
v 0.16819166 3.76500442 8.27974392
v 0.16819166 3.76500442 9.46433790
v 0.16819166 4.06115292 -6.23153237
v 0.16819166 4.35730141 -6.52768086
v 0.16819166 4.35730141 -5.34308688
v 0.16819166 4.35730141 8.27974392
v 0.16819166 4.35730141 8.87204091
v 0.16819166 4.06115292 9.16818941
v 0.16819166 4.94959840 -6.52768086
v -0.12795683 4.94959840 -5.63923537
v 0.16819166 4.94959840 -5.34308688
v 0.16819166 4.65344991 7.98359542
v 0.16819166 4.94959840 7.68744693
v 0.16819166 4.94959840 8.87204091
v 0.16819166 5.24574690 -7.41612635
v 0.16819166 5.54189540 -7.71227484
v 0.16819166 5.24574690 -6.82382936
v -0.12795683 5.54189540 -5.63923537
v 0.16819166 5.24574690 -5.04693838
v 0.16819166 5.24574690 -4.45464139
v 0.16819166 5.24574690 -3.86234440
v 0.16819166 5.24574690 -3.27004741
v 0.16819166 5.24574690 -2.67775042
v 0.16819166 5.24574690 -2.08545343
v -0.12795683 5.54189540 -1.49315644
v 0.16819166 5.54189540 -1.78930493
v 0.16819166 5.24574690 7.39129843
v 0.16819166 5.54189540 7.09514994
v 0.16819166 5.54189540 8.27974392
v 0.16819166 5.24574690 8.57589242
v 0.16819166 6.13419239 -7.71227484
v -0.12795683 6.13419239 -6.23153237
v 0.16819166 6.13419239 -4.75078989
v 0.16819166 5.83804389 -4.45464139
v 0.16819166 5.83804389 -3.86234440
v 0.16819166 5.83804389 -3.27004741
v -0.12795683 6.13419239 -2.67775042
v 0.16819166 6.13419239 -2.97389891
v 0.16819166 5.83804389 -1.49315644
v 0.16819166 5.83804389 -0.90085944
v 0.16819166 5.83804389 -0.30856245
v 0.16819166 5.83804389 0.28373454
v 0.16819166 5.83804389 0.87603153
v -0.12795683 6.13419239 1.46832852
v 0.16819166 6.13419239 1.17218002
v 0.16819166 5.83804389 6.79900144
v 0.16819166 6.13419239 6.50285295
v 0.16819166 6.13419239 7.68744693
v 0.16819166 5.83804389 7.98359542
v 0.16819166 6.43034088 -8.00842334
v 0.16819166 6.72648938 -8.30457184
v 0.16819166 6.72648938 -7.11997785
v 0.16819166 6.43034088 -6.82382936
v 0.16819166 6.72648938 -6.52768086
v 0.16819166 6.72648938 -5.34308688
v 0.16819166 6.43034088 -5.04693838
v 0.16819166 6.43034088 -2.67775042
v 0.16819166 6.43034088 -2.08545343
v 0.16819166 6.43034088 -1.49315644
v 0.16819166 6.43034088 -0.90085944
v 0.16819166 6.43034088 -0.30856245
v 0.16819166 6.43034088 0.28373454
v 0.16819166 6.43034088 0.87603153
v 0.16819166 6.43034088 1.46832852
v 0.16819166 6.72648938 1.17218002
v 0.16819166 6.43034088 2.06062551
v -0.12795683 6.72648938 2.65292250
v 0.16819166 6.72648938 2.35677401
v 0.16819166 6.43034088 5.02211047
v 0.16819166 6.72648938 4.72596197
v 0.16819166 6.43034088 5.61440746
v 0.16819166 6.43034088 6.20670445
v 0.16819166 6.72648938 7.09514994
v 0.16819166 6.43034088 7.39129843
v 0.16819166 7.31878637 -8.30457184
v 0.16819166 7.02263787 -6.82382936
v 0.16819166 7.31878637 -5.93538387
v 0.16819166 7.02263787 -5.63923537
v 0.16819166 7.02263787 1.46832852
v 0.16819166 7.31878637 1.76447702
v 0.16819166 7.02263787 2.65292250
v 0.16819166 7.02263787 3.24521949
v 0.16819166 7.02263787 3.83751649
v 0.16819166 7.02263787 4.42981348
v 0.16819166 7.31878637 5.31825896
v 0.16819166 7.02263787 5.61440746
v 0.16819166 7.02263787 6.20670445
v 0.16819166 7.02263787 6.79900144
v 0.16819166 7.91108336 -8.30457184
v 0.16819166 7.91108336 -5.93538387
v 0.16819166 7.61493486 2.06062551
v 0.16819166 7.61493486 2.65292250
v 0.16819166 7.61493486 3.24521949
v 0.16819166 7.61493486 3.83751649
v 0.16819166 7.61493486 4.42981348
v 0.16819166 7.61493486 5.02211047
v 0.16819166 8.50338035 -8.30457184
v -0.12795683 8.50338035 -7.41612635
v 0.16819166 8.50338035 -7.71227484
v 0.16819166 8.20723186 -7.41612635
v 0.16819166 8.50338035 -7.11997785
v 0.16819166 8.50338035 -6.52768086
v 0.16819166 8.20723186 -6.23153237
v 0.16819166 9.09567734 -8.30457184
v 0.16819166 8.79952885 -7.41612635
v 0.16819166 9.09567734 -6.52768086
v -0.12795683 9.68797433 -8.60072033
v 0.16819166 9.39182584 -8.60072033
v 0.16819166 9.68797433 -8.89686883
v -0.12795683 9.68797433 -6.82382936
v 0.16819166 9.68797433 -6.52768086
v -0.12795683 10.28027133 -9.19301732
v 0.16819166 9.98412283 -9.19301732
v 0.16819166 10.28027133 -9.48916582
v -0.12795683 10.28027133 -8.60072033
v -0.12795683 10.28027133 -8.00842334
v -0.12795683 10.28027133 -7.41612635
v 0.16819166 10.28027133 -7.11997785
v 0.16819166 9.98412283 -6.82382936
v 0.16819166 10.57641982 -9.19301732
v 0.16819166 10.57641982 -8.60072033
v 0.16819166 10.57641982 -8.00842334
v 0.16819166 10.57641982 -7.41612635
v 0.46434016 -8.67323240 3.83751649
v 0.46434016 -8.08093540 3.24521949
v 0.46434016 -8.08093540 3.83751649
v 0.76048865 -7.78478691 3.24521949
v 0.76048865 -7.48863841 2.94907100
v 0.76048865 -7.78478691 3.83751649
v 0.46434016 -7.48863841 4.42981348
v 0.76048865 -7.48863841 4.13366498
v 0.46434016 -6.89634142 2.65292250
v 0.76048865 -6.89634142 2.94907100
v 0.46434016 -6.89634142 3.83751649
v 0.76048865 -7.19248992 4.42981348
v 0.76048865 -6.89634142 4.72596197
v 0.46434016 -6.30404443 2.65292250
v 0.76048865 -6.30404443 2.94907100
v 0.46434016 -6.30404443 3.83751649
v 0.46434016 -6.30404443 5.02211047
v 0.76048865 -6.30404443 4.72596197
v 0.46434016 -5.71174744 2.06062551
v 0.46434016 -5.71174744 2.65292250
v 0.76048865 -5.71174744 2.94907100
v 0.46434016 -5.71174744 3.83751649
v 0.76048865 -6.00789593 5.02211047
v 0.76048865 -6.00789593 5.61440746
v 0.76048865 -6.00789593 6.20670445
v 0.76048865 -5.71174744 6.50285295
v 0.46434016 -5.11945045 2.06062551
v 0.76048865 -5.11945045 2.35677401
v 0.76048865 -5.41559894 2.65292250
v 0.46434016 -5.11945045 3.83751649
v 0.46434016 -5.11945045 4.42981348
v 0.46434016 -5.11945045 5.02211047
v 0.46434016 -5.11945045 5.61440746
v 0.76048865 -5.41559894 6.79900144
v 0.76048865 -5.11945045 7.09514994
v 0.76048865 -4.52715346 2.35677401
v 0.46434016 -4.52715346 3.83751649
v 0.76048865 -4.52715346 4.13366498
v 0.76048865 -4.82330195 4.42981348
v 0.76048865 -4.82330195 5.02211047
v 0.76048865 -4.82330195 5.61440746
v 0.46434016 -4.52715346 6.20670445
v 0.76048865 -4.52715346 5.91055596
v 0.76048865 -4.82330195 7.39129843
v 0.46434016 -4.52715346 7.98359542
v 0.76048865 -4.82330195 7.98359542
v 0.46434016 -4.52715346 8.57589242
v 0.76048865 -4.82330195 8.57589242
v 0.46434016 -4.52715346 9.16818941
v 0.76048865 -4.82330195 9.16818941
v 0.76048865 -4.52715346 9.46433790
v 0.76048865 -4.23100496 2.65292250
v 0.46434016 -3.93485647 2.65292250
v 0.76048865 -3.93485647 2.94907100
v 0.46434016 -3.93485647 3.83751649
v 0.76048865 -4.23100496 4.42981348
v 0.46434016 -3.93485647 4.42981348
v 0.76048865 -3.93485647 4.72596197
v 0.76048865 -4.23100496 6.20670445
v 0.76048865 -4.23100496 6.79900144
v 0.76048865 -3.93485647 7.09514994
v 0.46434016 -3.93485647 8.57589242
v 0.46434016 -3.93485647 9.16818941
v 0.76048865 -3.93485647 9.46433790
v 0.46434016 -3.34255947 2.65292250
v 0.76048865 -3.34255947 2.94907100
v 0.46434016 -3.34255947 3.83751649
v 0.46434016 -3.34255947 4.42981348
v 0.76048865 -3.34255947 4.72596197
v 0.76048865 -3.63870797 7.39129843
v 0.76048865 -3.63870797 7.98359542
v 0.46434016 -3.34255947 7.98359542
v 0.76048865 -3.34255947 8.27974392
v 0.46434016 -3.34255947 9.16818941
v 0.76048865 -3.34255947 9.46433790
v 0.46434016 -2.75026248 0.87603153
v 0.76048865 -3.04641098 0.87603153
v 0.76048865 -2.75026248 0.57988303
v 0.76048865 -2.75026248 1.17218002
v 0.46434016 -2.75026248 2.65292250
v 0.76048865 -2.75026248 2.94907100
v 0.46434016 -2.75026248 3.83751649
v 0.76048865 -2.75026248 4.13366498
v 0.76048865 -3.04641098 4.42981348
v 0.76048865 -3.04641098 7.98359542
v 0.76048865 -2.75026248 7.68744693
v 0.76048865 -2.75026248 8.87204091
v 0.76048865 -3.04641098 9.16818941
v 0.46434016 -2.15796549 -0.30856245
v 0.76048865 -2.45411399 -0.30856245
v 0.76048865 -2.15796549 -0.60471095
v 0.76048865 -2.45411399 0.28373454
v 0.76048865 -2.45411399 1.46832852
v 0.76048865 -2.45411399 2.06062551
v 0.76048865 -2.45411399 2.65292250
v 0.46434016 -2.15796549 3.24521949
v 0.76048865 -2.15796549 3.54136799
v 0.76048865 -2.45411399 3.83751649
v 0.46434016 -2.15796549 7.98359542
v 0.76048865 -2.15796549 7.68744693
v 0.76048865 -2.15796549 8.87204091
v 0.76048865 -1.86181700 -1.49315644
v 0.76048865 -1.56566850 -1.78930493
v 0.76048865 -1.86181700 -0.90085944
v 0.76048865 -1.86181700 0.28373454
v 0.46434016 -1.56566850 0.28373454
v 0.76048865 -1.56566850 -0.01241396
v 0.76048865 -1.86181700 0.87603153
v 0.76048865 -1.86181700 1.46832852
v 0.76048865 -1.56566850 1.76447702
v 0.46434016 -1.56566850 2.65292250
v 0.76048865 -1.56566850 2.94907100
v 0.76048865 -1.86181700 3.24521949
v 0.46434016 -1.56566850 7.98359542
v 0.76048865 -1.56566850 7.68744693
v 0.46434016 -1.56566850 9.16818941
v 0.76048865 -1.56566850 8.87204091
v 0.76048865 -1.26952000 -3.27004741
v 0.76048865 -0.97337151 -3.56619591
v 0.76048865 -1.26952000 -2.67775042
v 0.76048865 -1.26952000 -2.08545343
v 0.46434016 -0.97337151 -0.90085944
v 0.46434016 -0.97337151 -0.30856245
v 0.76048865 -0.97337151 -0.01241396
v 0.76048865 -1.26952000 2.06062551
v 0.76048865 -1.26952000 2.65292250
v 0.76048865 -1.26952000 7.98359542
v 0.76048865 -0.97337151 8.27974392
v 0.76048865 -1.26952000 9.16818941
v 0.76048865 -0.97337151 9.46433790
v 0.76048865 -0.67722301 -5.04693838
v 0.76048865 -0.38107452 -5.34308688
v 0.76048865 -0.67722301 -4.45464139
v 0.76048865 -0.67722301 -3.86234440
v 0.46434016 -0.38107452 -2.67775042
v 0.46434016 -0.38107452 -2.08545343
v 0.76048865 -0.38107452 -1.78930493
v 0.76048865 -0.67722301 -1.49315644
v 0.76048865 -0.67722301 -0.90085944
v 0.76048865 -0.67722301 -0.30856245
v 0.46434016 -0.38107452 8.57589242
v 0.76048865 -0.38107452 8.27974392
v 0.76048865 -0.38107452 9.46433790
v 0.76048865 -0.08492602 -5.63923537
v 0.76048865 0.21122247 -5.93538387
v 0.46434016 0.21122247 -4.45464139
v 0.46434016 0.21122247 -3.86234440
v 0.76048865 0.21122247 -3.56619591
v 0.76048865 -0.08492602 -3.27004741
v 0.76048865 -0.08492602 -2.67775042
v 0.76048865 -0.08492602 -2.08545343
v 0.76048865 -0.08492602 8.57589242
v 0.76048865 0.21122247 8.87204091
v 0.76048865 0.21122247 9.46433790
v 0.76048865 0.80351947 -5.93538387
v 0.46434016 0.80351947 -5.04693838
v 0.76048865 0.80351947 -4.75078989
v 0.76048865 0.50737097 -4.45464139
v 0.76048865 0.50737097 -3.86234440
v 0.46434016 0.80351947 8.57589242
v 0.76048865 0.50737097 8.57589242
v 0.76048865 0.80351947 8.27974392
v 0.76048865 0.80351947 9.46433790
v 0.46434016 1.39581646 -6.23153237
v 0.76048865 1.09966796 -6.23153237
v 0.76048865 1.39581646 -6.52768086
v 0.76048865 1.39581646 -5.34308688
v 0.76048865 1.09966796 -5.04693838
v 0.76048865 1.09966796 8.57589242
v 0.76048865 1.39581646 8.87204091
v 0.76048865 1.39581646 9.46433790
v 0.46434016 1.98811345 -6.23153237
v 0.76048865 1.98811345 -6.52768086
v 0.76048865 1.98811345 -5.34308688
v 0.76048865 1.98811345 8.87204091
v 0.76048865 1.98811345 9.46433790
v 0.46434016 2.58041044 -6.23153237
v 0.76048865 2.58041044 -6.52768086
v 0.76048865 2.58041044 -5.34308688
v 0.76048865 2.58041044 8.87204091
v 0.76048865 2.58041044 9.46433790
v 0.46434016 3.17270743 -6.23153237
v 0.76048865 3.17270743 -6.52768086
v 0.76048865 3.17270743 -5.34308688
v 0.46434016 3.17270743 8.57589242
v 0.76048865 2.87655893 8.57589242
v 0.76048865 3.17270743 8.27974392
v 0.76048865 3.17270743 9.46433790
v 0.46434016 3.76500442 -6.23153237
v 0.76048865 3.76500442 -6.52768086
v 0.76048865 3.76500442 -5.34308688
v 0.76048865 3.76500442 8.27974392
v 0.76048865 3.76500442 9.46433790
v 0.46434016 4.35730141 -6.23153237
v 0.76048865 4.06115292 -6.23153237
v 0.76048865 4.35730141 -5.93538387
v 0.76048865 4.06115292 -5.04693838
v 0.46434016 4.35730141 -5.04693838
v 0.76048865 4.35730141 -4.75078989
v 0.46434016 4.35730141 7.98359542
v 0.76048865 4.06115292 7.98359542
v 0.76048865 4.35730141 7.68744693
v 0.76048865 4.35730141 8.87204091
v 0.76048865 4.06115292 9.16818941
v 0.76048865 4.65344991 -6.23153237
v 0.76048865 4.94959840 -6.52768086
v 0.46434016 4.94959840 -5.04693838
v 0.76048865 4.65344991 -4.45464139
v 0.46434016 4.94959840 -4.45464139
v 0.76048865 4.94959840 -4.15849290
v 0.76048865 4.94959840 7.68744693
v 0.76048865 4.65344991 8.57589242
v 0.46434016 4.94959840 8.57589242
v 0.76048865 4.94959840 8.27974392
v 0.46434016 5.54189540 -7.41612635
v 0.76048865 5.54189540 -7.11997785
v 0.76048865 5.24574690 -6.82382936
v 0.76048865 5.24574690 -3.86234440
v 0.76048865 5.24574690 -3.27004741
v 0.76048865 5.24574690 -2.67775042
v 0.76048865 5.24574690 -2.08545343
v 0.46434016 5.54189540 -1.49315644
v 0.76048865 5.24574690 -1.49315644
v 0.46434016 5.54189540 -0.90085944
v 0.76048865 5.24574690 -0.90085944
v 0.76048865 5.54189540 -0.60471095
v 0.76048865 5.24574690 7.39129843
v 0.76048865 5.54189540 7.09514994
v 0.76048865 5.54189540 8.27974392
v 0.46434016 6.13419239 -7.41612635
v 0.76048865 6.13419239 -7.11997785
v 0.46434016 6.13419239 -5.04693838
v 0.76048865 6.13419239 -5.34308688
v 0.76048865 5.83804389 -5.04693838
v 0.76048865 5.83804389 -4.45464139
v 0.76048865 5.83804389 -3.86234440
v 0.76048865 5.83804389 -3.27004741
v 0.76048865 6.13419239 -2.97389891
v 0.76048865 5.83804389 -0.30856245
v 0.76048865 5.83804389 0.28373454
v 0.76048865 5.83804389 0.87603153
v 0.76048865 6.13419239 1.17218002
v 0.46434016 6.13419239 6.20670445
v 0.76048865 5.83804389 6.20670445
v 0.76048865 6.13419239 5.91055596
v 0.76048865 5.83804389 6.79900144
v 0.76048865 6.13419239 7.68744693
v 0.76048865 5.83804389 7.98359542
v 0.46434016 6.72648938 -8.00842334
v 0.76048865 6.72648938 -7.71227484
v 0.76048865 6.43034088 -7.41612635
v 0.46434016 6.72648938 -6.82382936
v 0.46434016 6.72648938 -5.63923537
v 0.76048865 6.72648938 -5.93538387
v 0.76048865 6.43034088 -5.63923537
v 0.76048865 6.43034088 -2.67775042
v 0.76048865 6.43034088 -2.08545343
v 0.76048865 6.43034088 -1.49315644
v 0.76048865 6.43034088 -0.90085944
v 0.76048865 6.43034088 -0.30856245
v 0.76048865 6.43034088 0.28373454
v 0.46434016 6.72648938 0.87603153
v 0.76048865 6.72648938 0.57988303
v 0.76048865 6.43034088 1.46832852
v 0.76048865 6.43034088 2.06062551
v 0.46434016 6.72648938 2.65292250
v 0.76048865 6.43034088 2.65292250
v 0.76048865 6.72648938 2.94907100
v 0.46434016 6.72648938 3.83751649
v 0.76048865 6.43034088 3.83751649
v 0.76048865 6.72648938 3.54136799
v 0.46434016 6.72648938 4.42981348
v 0.76048865 6.43034088 4.42981348
v 0.76048865 6.43034088 5.02211047
v 0.76048865 6.43034088 5.61440746
v 0.76048865 6.43034088 6.79900144
v 0.46434016 6.72648938 6.79900144
v 0.76048865 6.72648938 6.50285295
v 0.76048865 6.43034088 7.39129843
v 0.46434016 7.31878637 -8.00842334
v 0.76048865 7.31878637 -7.71227484
v 0.76048865 7.02263787 -6.23153237
v 0.46434016 7.31878637 -6.23153237
v 0.76048865 7.31878637 -6.52768086
v 0.76048865 7.02263787 0.87603153
v 0.76048865 7.02263787 1.46832852
v 0.76048865 7.31878637 1.76447702
v 0.76048865 7.02263787 3.24521949
v 0.76048865 7.31878637 5.31825896
v 0.76048865 7.02263787 5.61440746
v 0.76048865 7.02263787 6.20670445
v 0.46434016 7.91108336 -8.00842334
v 0.76048865 7.91108336 -7.71227484
v 0.46434016 7.91108336 -6.23153237
v 0.76048865 7.91108336 -6.52768086
v 0.76048865 7.61493486 2.06062551
v 0.76048865 7.61493486 2.65292250
v 0.76048865 7.61493486 3.24521949
v 0.76048865 7.61493486 3.83751649
v 0.76048865 7.61493486 4.42981348
v 0.76048865 7.61493486 5.02211047
v 0.76048865 8.20723186 -8.00842334
v 0.76048865 8.50338035 -8.30457184
v 0.46434016 8.50338035 -7.41612635
v 0.76048865 8.50338035 -6.52768086
v 0.76048865 9.09567734 -8.30457184
v 0.76048865 9.09567734 -6.52768086
v 0.76048865 9.39182584 -8.60072033
v 0.76048865 9.68797433 -8.89686883
v 0.46434016 9.68797433 -6.82382936
v 0.76048865 9.68797433 -7.11997785
v 0.76048865 9.39182584 -6.82382936
v 0.76048865 9.98412283 -9.19301732
v 0.76048865 10.28027133 -9.48916582
v 0.76048865 10.28027133 -7.11997785
v 0.76048865 10.57641982 -9.19301732
v 0.76048865 10.57641982 -8.60072033
v 0.76048865 10.57641982 -8.00842334
v 0.76048865 10.57641982 -7.41612635
v 1.05663715 -7.48863841 3.24521949
v 1.05663715 -7.48863841 3.83751649
v 1.05663715 -6.89634142 3.24521949
v 1.05663715 -6.89634142 3.83751649
v 1.05663715 -6.89634142 4.42981348
v 1.05663715 -6.30404443 3.24521949
v 1.35278564 -6.30404443 3.54136799
v 1.35278564 -6.60019293 3.83751649
v 1.05663715 -6.30404443 4.42981348
v 1.35278564 -6.30404443 4.13366498
v 1.05663715 -5.71174744 3.24521949
v 1.35278564 -5.71174744 3.54136799
v 1.35278564 -6.00789593 4.42981348
v 1.05663715 -5.71174744 5.02211047
v 1.35278564 -5.71174744 4.72596197
v 1.05663715 -5.71174744 5.61440746
v 1.05663715 -5.71174744 6.20670445
v 1.05663715 -5.11945045 2.65292250
v 1.05663715 -5.11945045 3.24521949
v 1.35278564 -5.11945045 3.54136799
v 1.35278564 -5.41559894 5.02211047
v 1.35278564 -5.41559894 5.61440746
v 1.35278564 -5.41559894 6.20670445
v 1.05663715 -5.11945045 6.79900144
v 1.35278564 -5.11945045 6.50285295
v 1.05663715 -5.11945045 7.98359542
v 1.35278564 -5.41559894 7.98359542
v 1.35278564 -5.11945045 7.68744693
v 1.05663715 -5.11945045 8.57589242
v 1.35278564 -5.41559894 8.57589242
v 1.05663715 -5.11945045 9.16818941
v 1.35278564 -5.41559894 9.16818941
v 1.05663715 -5.11945045 9.76048640
v 1.35278564 -5.41559894 9.76048640
v 1.35278564 -5.11945045 10.05663489
v 1.05663715 -4.52715346 2.65292250
v 1.05663715 -4.52715346 3.24521949
v 1.35278564 -4.52715346 3.54136799
v 1.05663715 -4.52715346 4.42981348
v 1.05663715 -4.52715346 5.02211047
v 1.05663715 -4.52715346 5.61440746
v 1.35278564 -4.82330195 6.79900144
v 1.35278564 -4.82330195 7.39129843
v 1.05663715 -4.52715346 9.76048640
v 1.35278564 -4.52715346 10.05663489
v 1.05663715 -3.93485647 3.24521949
v 1.35278564 -3.93485647 3.54136799
v 1.35278564 -4.23100496 5.02211047
v 1.35278564 -3.93485647 4.72596197
v 1.35278564 -4.23100496 5.61440746
v 1.05663715 -3.93485647 6.20670445
v 1.35278564 -3.93485647 5.91055596
v 1.05663715 -3.93485647 6.79900144
v 1.05663715 -3.93485647 9.76048640
v 1.35278564 -3.93485647 10.05663489
v 1.05663715 -3.34255947 3.24521949
v 1.35278564 -3.34255947 3.54136799
v 1.35278564 -3.63870797 5.02211047
v 1.05663715 -3.34255947 5.02211047
v 1.35278564 -3.34255947 5.31825896
v 1.35278564 -3.63870797 6.20670445
v 1.35278564 -3.63870797 6.79900144
v 1.05663715 -3.34255947 7.39129843
v 1.35278564 -3.34255947 7.09514994
v 1.35278564 -3.34255947 7.68744693
v 1.35278564 -3.63870797 7.98359542
v 1.35278564 -3.34255947 8.27974392
v 1.05663715 -3.34255947 9.76048640
v 1.35278564 -3.34255947 10.05663489
v 1.35278564 -3.04641098 0.87603153
v 1.35278564 -2.75026248 0.57988303
v 1.05663715 -2.75026248 1.46832852
v 1.35278564 -3.04641098 1.46832852
v 1.05663715 -2.75026248 2.06062551
v 1.35278564 -3.04641098 2.06062551
v 1.35278564 -2.75026248 2.35677401
v 1.35278564 -3.04641098 3.24521949
v 1.35278564 -2.75026248 2.94907100
v 1.05663715 -2.75026248 4.42981348
v 1.05663715 -2.75026248 5.02211047
v 1.35278564 -2.75026248 5.31825896
v 1.05663715 -2.75026248 7.39129843
v 1.35278564 -2.75026248 7.09514994
v 1.35278564 -3.04641098 7.98359542
v 1.35278564 -2.75026248 8.87204091
v 1.35278564 -3.04641098 9.16818941
v 1.35278564 -3.04641098 9.76048640
v 1.35278564 -2.45411399 -0.30856245
v 1.35278564 -2.15796549 -0.60471095
v 1.35278564 -2.45411399 0.28373454
v 1.35278564 -2.45411399 2.65292250
v 1.05663715 -2.15796549 3.83751649
v 1.35278564 -2.15796549 4.13366498
v 1.35278564 -2.45411399 4.42981348
v 1.35278564 -2.45411399 5.02211047
v 1.05663715 -2.15796549 7.39129843
v 1.35278564 -2.15796549 7.09514994
v 1.05663715 -2.15796549 8.57589242
v 1.35278564 -2.15796549 8.27974392
v 1.35278564 -2.45411399 8.57589242
v 1.05663715 -1.56566850 -1.49315644
v 1.35278564 -1.56566850 -1.19700794
v 1.35278564 -1.86181700 -0.90085944
v 1.35278564 -1.56566850 -0.01241396
v 1.35278564 -1.86181700 0.28373454
v 1.35278564 -1.86181700 0.87603153
v 1.35278564 -1.86181700 1.46832852
v 1.35278564 -1.86181700 2.06062551
v 1.05663715 -1.56566850 2.06062551
v 1.35278564 -1.86181700 2.65292250
v 1.05663715 -1.56566850 2.65292250
v 1.35278564 -1.86181700 3.24521949
v 1.35278564 -1.86181700 3.83751649
v 1.05663715 -1.56566850 7.39129843
v 1.35278564 -1.56566850 7.09514994
v 1.05663715 -1.56566850 8.57589242
v 1.35278564 -1.56566850 8.27974392
v 1.05663715 -0.97337151 -3.27004741
v 1.05663715 -0.97337151 -2.67775042
v 1.35278564 -0.97337151 -2.38160192
v 1.35278564 -1.26952000 -2.08545343
v 1.35278564 -1.26952000 -1.49315644
v 1.05663715 -0.97337151 -0.30856245
v 1.35278564 -0.97337151 -0.60471095
v 1.35278564 -1.26952000 -0.30856245
v 1.05663715 -0.97337151 7.39129843
v 1.35278564 -0.97337151 7.09514994
v 1.05663715 -0.97337151 7.98359542
v 1.35278564 -1.26952000 8.57589242
v 1.35278564 -1.26952000 9.16818941
v 1.35278564 -0.97337151 9.46433790
v 1.05663715 -0.38107452 -5.04693838
v 1.05663715 -0.38107452 -4.45464139
v 1.05663715 -0.38107452 -3.86234440
v 1.35278564 -0.38107452 -3.56619591
v 1.35278564 -0.67722301 -3.27004741
v 1.35278564 -0.67722301 -2.67775042
v 1.05663715 -0.38107452 -1.49315644
v 1.05663715 -0.38107452 -0.90085944
v 1.35278564 -0.38107452 -0.60471095
v 1.35278564 -0.67722301 7.39129843
v 1.35278564 -0.67722301 7.98359542
v 1.35278564 -0.38107452 8.27974392
v 1.35278564 -0.38107452 9.46433790
v 1.05663715 0.21122247 -5.63923537
v 1.35278564 0.21122247 -5.34308688
v 1.35278564 -0.08492602 -5.04693838
v 1.35278564 -0.08492602 -4.45464139
v 1.35278564 -0.08492602 -3.86234440
v 1.05663715 0.21122247 -3.27004741
v 1.05663715 0.21122247 -2.67775042
v 1.05663715 0.21122247 -2.08545343
v 1.35278564 0.21122247 -1.78930493
v 1.35278564 -0.08492602 -1.49315644
v 1.35278564 -0.08492602 -0.90085944
v 1.05663715 0.21122247 8.57589242
v 1.35278564 0.21122247 8.27974392
v 1.35278564 0.21122247 9.46433790
v 1.35278564 0.50737097 -5.63923537
v 1.35278564 0.80351947 -5.93538387
v 1.35278564 0.80351947 -4.75078989
v 1.35278564 0.50737097 -4.45464139
v 1.35278564 0.50737097 -3.86234440
v 1.35278564 0.50737097 -3.27004741
v 1.35278564 0.50737097 -2.67775042
v 1.35278564 0.50737097 -2.08545343
v 1.35278564 0.80351947 8.27974392
v 1.35278564 0.80351947 9.46433790
v 1.35278564 1.09966796 -6.23153237
v 1.35278564 1.39581646 -6.52768086
v 1.35278564 1.39581646 -5.34308688
v 1.35278564 1.09966796 -5.04693838
v 1.05663715 1.39581646 8.57589242
v 1.35278564 1.39581646 8.27974392
v 1.35278564 1.39581646 9.46433790
v 1.05663715 1.98811345 -6.82382936
v 1.35278564 1.69196495 -6.82382936
v 1.35278564 1.98811345 -7.11997785
v 1.05663715 1.98811345 -5.63923537
v 1.35278564 1.98811345 -5.93538387
v 1.35278564 1.69196495 -5.63923537
v 1.05663715 1.98811345 8.57589242
v 1.35278564 1.98811345 8.27974392
v 1.35278564 1.98811345 9.46433790
v 1.05663715 2.58041044 -7.41612635
v 1.35278564 2.28426194 -7.41612635
v 1.35278564 2.58041044 -7.71227484
v 1.05663715 2.58041044 -6.82382936
v 1.05663715 2.58041044 -5.63923537
v 1.35278564 2.58041044 -5.93538387
v 1.05663715 2.58041044 8.57589242
v 1.35278564 2.58041044 8.27974392
v 1.35278564 2.58041044 9.46433790
v 1.35278564 2.87655893 -7.41612635
v 1.35278564 3.17270743 -7.11997785
v 1.05663715 3.17270743 -6.82382936
v 1.05663715 3.17270743 -5.63923537
v 1.35278564 3.17270743 -5.93538387
v 1.35278564 3.17270743 8.27974392
v 1.35278564 3.17270743 9.46433790
v 1.05663715 3.76500442 -6.82382936
v 1.35278564 3.76500442 -7.11997785
v 1.35278564 3.46885593 -5.63923537
v 1.35278564 3.76500442 -5.34308688
v 1.35278564 3.76500442 8.27974392
v 1.05663715 3.76500442 9.16818941
v 1.35278564 3.76500442 8.87204091
v 1.35278564 3.46885593 9.16818941
v 1.35278564 4.06115292 -6.82382936
v 1.05663715 4.35730141 -6.23153237
v 1.35278564 4.35730141 -6.52768086
v 1.35278564 4.06115292 -5.04693838
v 1.35278564 4.35730141 -4.75078989
v 1.35278564 4.06115292 7.98359542
v 1.35278564 4.35730141 7.68744693
v 1.35278564 4.35730141 8.87204091
v 1.05663715 4.94959840 -6.23153237
v 1.35278564 4.65344991 -6.23153237
v 1.35278564 4.65344991 -5.63923537
v 1.05663715 4.94959840 -5.63923537
v 1.35278564 4.94959840 -5.34308688
v 1.35278564 4.65344991 -4.45464139
v 1.05663715 4.94959840 -3.86234440
v 1.35278564 4.65344991 -3.86234440
v 1.35278564 4.94959840 -3.56619591
v 1.05663715 4.94959840 7.39129843
v 1.35278564 4.65344991 7.39129843
v 1.35278564 4.94959840 7.09514994
v 1.35278564 4.94959840 8.27974392
v 1.35278564 4.65344991 8.57589242
v 1.05663715 5.54189540 -6.82382936
v 1.05663715 5.54189540 -6.23153237
v 1.05663715 5.54189540 -5.63923537
v 1.35278564 5.24574690 -5.04693838
v 1.05663715 5.54189540 -5.04693838
v 1.35278564 5.54189540 -4.75078989
v 1.35278564 5.24574690 -3.27004741
v 1.35278564 5.24574690 -2.67775042
v 1.35278564 5.24574690 -2.08545343
v 1.35278564 5.24574690 -1.49315644
v 1.35278564 5.24574690 -0.90085944
v 1.05663715 5.54189540 -0.30856245
v 1.35278564 5.24574690 -0.30856245
v 1.05663715 5.54189540 0.28373454
v 1.35278564 5.24574690 0.28373454
v 1.35278564 5.54189540 0.57988303
v 1.05663715 5.54189540 6.79900144
v 1.35278564 5.24574690 6.79900144
v 1.35278564 5.54189540 6.50285295
v 1.35278564 5.54189540 8.27974392
v 1.05663715 6.13419239 -6.82382936
v 1.05663715 6.13419239 -6.23153237
v 1.05663715 6.13419239 -5.63923537
v 1.35278564 5.83804389 -4.45464139
v 1.35278564 5.83804389 -3.86234440
v 1.35278564 5.83804389 -3.27004741
v 1.35278564 5.83804389 -2.67775042
v 1.05663715 6.13419239 -2.67775042
v 1.35278564 6.13419239 -2.38160192
v 1.05663715 6.13419239 -1.49315644
v 1.35278564 6.13419239 -1.78930493
v 1.35278564 5.83804389 -1.49315644
v 1.35278564 6.13419239 -1.19700794
v 1.35278564 5.83804389 0.87603153
v 1.35278564 6.13419239 1.17218002
v 1.05663715 6.13419239 5.61440746
v 1.35278564 5.83804389 5.61440746
v 1.35278564 6.13419239 5.31825896
v 1.35278564 5.83804389 6.20670445
v 1.35278564 6.13419239 7.68744693
v 1.35278564 5.83804389 7.98359542
v 1.05663715 6.72648938 -7.41612635
v 1.05663715 6.72648938 -6.82382936
v 1.05663715 6.72648938 -6.23153237
v 1.35278564 6.43034088 -2.08545343
v 1.35278564 6.43034088 -0.90085944
v 1.35278564 6.43034088 -0.30856245
v 1.35278564 6.43034088 0.28373454
v 1.35278564 6.72648938 0.57988303
v 1.35278564 6.43034088 1.46832852
v 1.35278564 6.43034088 2.06062551
v 1.35278564 6.43034088 2.65292250
v 1.05663715 6.72648938 3.24521949
v 1.35278564 6.43034088 3.24521949
v 1.35278564 6.43034088 3.83751649
v 1.35278564 6.43034088 4.42981348
v 1.35278564 6.43034088 5.02211047
v 1.35278564 6.72648938 6.50285295
v 1.35278564 6.43034088 6.79900144
v 1.35278564 6.43034088 7.39129843
v 1.05663715 7.31878637 -7.41612635
v 1.05663715 7.31878637 -6.82382936
v 1.35278564 7.02263787 0.87603153
v 1.35278564 7.02263787 1.46832852
v 1.35278564 7.02263787 2.06062551
v 1.05663715 7.31878637 2.06062551
v 1.35278564 7.31878637 2.35677401
v 1.05663715 7.31878637 4.42981348
v 1.35278564 7.31878637 4.13366498
v 1.35278564 7.02263787 4.42981348
v 1.35278564 7.02263787 5.02211047
v 1.05663715 7.31878637 5.02211047
v 1.35278564 7.02263787 5.61440746
v 1.35278564 7.02263787 6.20670445
v 1.05663715 7.91108336 -7.41612635
v 1.05663715 7.91108336 -6.82382936
v 1.35278564 7.61493486 2.65292250
v 1.35278564 7.61493486 3.24521949
v 1.35278564 7.61493486 3.83751649
v 1.05663715 8.50338035 -8.00842334
v 1.05663715 8.50338035 -7.41612635
v 1.05663715 8.50338035 -6.82382936
v 1.05663715 9.09567734 -8.00842334
v 1.05663715 9.09567734 -7.41612635
v 1.05663715 9.09567734 -6.82382936
v 1.05663715 9.68797433 -8.60072033
v 1.05663715 9.68797433 -8.00842334
v 1.05663715 9.68797433 -7.41612635
v 1.05663715 10.28027133 -9.19301732
v 1.05663715 10.28027133 -8.60072033
v 1.05663715 10.28027133 -8.00842334
v 1.05663715 10.28027133 -7.41612635
v 1.64893414 -6.30404443 3.83751649
v 1.64893414 -5.71174744 3.83751649
v 1.64893414 -5.71174744 4.42981348
v 1.64893414 -5.11945045 3.83751649
v 1.64893414 -5.11945045 4.42981348
v 1.64893414 -5.11945045 5.02211047
v 1.64893414 -5.11945045 5.61440746
v 1.64893414 -5.11945045 6.20670445
v 1.64893414 -5.11945045 7.98359542
v 1.94508264 -5.11945045 8.27974392
v 1.94508264 -5.41559894 8.57589242
v 1.94508264 -5.41559894 9.16818941
v 1.94508264 -5.41559894 9.76048640
v 1.64893414 -5.11945045 10.35278339
v 1.94508264 -5.41559894 10.35278339
v 1.94508264 -5.11945045 10.64893189
v 1.64893414 -4.52715346 3.83751649
v 1.94508264 -4.52715346 4.13366498
v 1.94508264 -4.82330195 4.42981348
v 1.94508264 -4.82330195 5.02211047
v 1.94508264 -4.82330195 5.61440746
v 1.94508264 -4.82330195 6.20670445
v 1.64893414 -4.52715346 6.79900144
v 1.94508264 -4.52715346 6.50285295
v 1.64893414 -4.52715346 7.39129843
v 1.64893414 -4.52715346 7.98359542
v 1.94508264 -4.52715346 8.27974392
v 1.64893414 -4.52715346 10.35278339
v 1.94508264 -4.52715346 10.64893189
v 1.64893414 -3.93485647 3.83751649
v 1.94508264 -3.93485647 4.13366498
v 1.64893414 -3.93485647 5.02211047
v 1.64893414 -3.93485647 5.61440746
v 1.94508264 -4.23100496 6.79900144
v 1.94508264 -4.23100496 7.39129843
v 1.94508264 -4.23100496 7.98359542
v 1.64893414 -3.93485647 10.35278339
v 1.94508264 -3.93485647 10.64893189
v 1.64893414 -3.34255947 3.83751649
v 1.94508264 -3.63870797 4.42981348
v 1.64893414 -3.34255947 4.42981348
v 1.94508264 -3.34255947 4.72596197
v 1.64893414 -3.34255947 5.61440746
v 1.64893414 -3.34255947 6.20670445
v 1.64893414 -3.34255947 6.79900144
v 1.64893414 -3.34255947 7.98359542
v 1.94508264 -3.34255947 10.05663489
v 1.94508264 -3.63870797 10.35278339
v 1.94508264 -3.04641098 0.87603153
v 1.94508264 -2.75026248 0.57988303
v 1.94508264 -3.04641098 1.46832852
v 1.94508264 -3.04641098 2.06062551
v 1.94508264 -2.75026248 2.35677401
v 1.64893414 -2.75026248 3.24521949
v 1.64893414 -2.75026248 3.83751649
v 1.64893414 -2.75026248 4.42981348
v 1.94508264 -2.75026248 4.72596197
v 1.94508264 -2.75026248 5.31825896
v 1.94508264 -3.04641098 5.61440746
v 1.94508264 -2.75026248 5.91055596
v 1.64893414 -2.75026248 6.20670445
v 1.64893414 -2.75026248 6.79900144
v 1.94508264 -2.75026248 8.87204091
v 1.94508264 -3.04641098 9.16818941
v 1.94508264 -3.04641098 9.76048640
v 1.94508264 -2.45411399 -0.30856245
v 1.94508264 -2.15796549 -0.60471095
v 1.94508264 -2.45411399 0.28373454
v 1.94508264 -2.45411399 2.65292250
v 1.94508264 -2.45411399 3.24521949
v 1.94508264 -2.45411399 3.83751649
v 1.64893414 -2.15796549 4.42981348
v 1.94508264 -2.45411399 4.42981348
v 1.64893414 -2.15796549 5.02211047
v 1.94508264 -2.15796549 5.31825896
v 1.94508264 -2.45411399 6.20670445
v 1.94508264 -2.15796549 6.50285295
v 1.64893414 -2.15796549 6.79900144
v 1.64893414 -2.15796549 7.98359542
v 1.94508264 -2.15796549 7.68744693
v 1.94508264 -2.45411399 7.98359542
v 1.94508264 -2.45411399 8.57589242
v 1.94508264 -1.86181700 -0.90085944
v 1.94508264 -1.56566850 -1.19700794
v 1.94508264 -1.56566850 -0.01241396
v 1.94508264 -1.86181700 0.28373454
v 1.94508264 -1.86181700 0.87603153
v 1.94508264 -1.86181700 1.46832852
v 1.94508264 -1.86181700 2.06062551
v 1.94508264 -1.86181700 2.65292250
v 1.94508264 -1.86181700 3.24521949
v 1.94508264 -1.86181700 3.83751649
v 1.94508264 -1.86181700 4.42981348
v 1.94508264 -1.86181700 5.02211047
v 1.64893414 -1.56566850 6.79900144
v 1.94508264 -1.56566850 6.50285295
v 1.64893414 -1.56566850 7.98359542
v 1.94508264 -1.56566850 7.68744693
v 1.64893414 -0.97337151 -2.08545343
v 1.64893414 -0.97337151 -1.49315644
v 1.94508264 -0.97337151 -1.19700794
v 1.64893414 -0.97337151 -0.30856245
v 1.94508264 -0.97337151 -0.01241396
v 1.64893414 -0.97337151 6.79900144
v 1.94508264 -0.97337151 6.50285295
v 1.94508264 -1.26952000 7.98359542
v 1.94508264 -1.26952000 8.57589242
v 1.64893414 -0.97337151 9.16818941
v 1.94508264 -0.97337151 8.87204091
v 1.64893414 -0.38107452 -3.27004741
v 1.94508264 -0.38107452 -2.97389891
v 1.94508264 -0.67722301 -2.67775042
v 1.64893414 -0.38107452 -2.08545343
v 1.94508264 -0.38107452 -2.38160192
v 1.94508264 -0.38107452 -1.78930493
v 1.94508264 -0.67722301 -1.49315644
v 1.94508264 -0.38107452 -0.60471095
v 1.94508264 -0.67722301 -0.30856245
v 1.94508264 -0.67722301 6.79900144
v 1.64893414 -0.38107452 7.39129843
v 1.94508264 -0.38107452 7.09514994
v 1.64893414 -0.38107452 7.98359542
v 1.64893414 -0.38107452 9.16818941
v 1.94508264 -0.38107452 8.87204091
v 1.64893414 0.21122247 -5.63923537
v 1.94508264 -0.08492602 -5.63923537
v 1.94508264 0.21122247 -5.93538387
v 1.94508264 -0.08492602 -5.04693838
v 1.94508264 -0.08492602 -4.45464139
v 1.94508264 -0.08492602 -3.86234440
v 1.94508264 -0.08492602 -3.27004741
v 1.94508264 -0.08492602 -2.08545343
v 1.64893414 0.21122247 -1.49315644
v 1.64893414 0.21122247 -0.90085944
v 1.94508264 0.21122247 -0.60471095
v 1.64893414 0.21122247 7.39129843
v 1.94508264 0.21122247 7.09514994
v 1.64893414 0.21122247 7.98359542
v 1.64893414 0.21122247 9.16818941
v 1.94508264 0.21122247 8.87204091
v 1.64893414 0.80351947 -6.82382936
v 1.94508264 0.50737097 -6.82382936
v 1.94508264 0.80351947 -7.11997785
v 1.64893414 0.80351947 -6.23153237
v 1.94508264 0.50737097 -6.23153237
v 1.94508264 0.80351947 -4.75078989
v 1.94508264 0.50737097 -4.45464139
v 1.94508264 0.50737097 -3.86234440
v 1.94508264 0.50737097 -3.27004741
v 1.94508264 0.50737097 -2.67775042
v 1.94508264 0.50737097 -2.08545343
v 1.94508264 0.50737097 -1.49315644
v 1.94508264 0.50737097 -0.90085944
v 1.94508264 0.50737097 7.39129843
v 1.94508264 0.80351947 7.68744693
v 1.64893414 0.80351947 7.98359542
v 1.64893414 0.80351947 9.16818941
v 1.94508264 0.80351947 8.87204091
v 1.64893414 1.39581646 -6.82382936
v 1.94508264 1.39581646 -7.11997785
v 1.94508264 1.09966796 -5.63923537
v 1.64893414 1.39581646 -5.63923537
v 1.94508264 1.39581646 -5.93538387
v 1.94508264 1.09966796 -5.04693838
v 1.64893414 1.39581646 7.98359542
v 1.94508264 1.39581646 7.68744693
v 1.64893414 1.39581646 9.16818941
v 1.94508264 1.39581646 8.87204091
v 1.64893414 1.98811345 -8.00842334
v 1.94508264 1.69196495 -8.00842334
v 1.94508264 1.98811345 -8.30457184
v 1.64893414 1.98811345 -7.41612635
v 1.94508264 1.69196495 -7.41612635
v 1.94508264 1.98811345 -5.93538387
v 1.94508264 1.69196495 7.98359542
v 1.94508264 1.98811345 8.27974392
v 1.64893414 1.98811345 9.16818941
v 1.94508264 1.98811345 8.87204091
v 1.64893414 2.58041044 -8.00842334
v 1.94508264 2.58041044 -8.30457184
v 1.64893414 2.58041044 -6.23153237
v 1.94508264 2.58041044 -6.52768086
v 1.94508264 2.28426194 -6.23153237
v 1.94508264 2.58041044 8.27974392
v 1.64893414 2.58041044 9.16818941
v 1.94508264 2.58041044 8.87204091
v 1.94508264 2.87655893 -8.00842334
v 1.64893414 3.17270743 -7.41612635
v 1.94508264 3.17270743 -7.71227484
v 1.64893414 3.17270743 -6.23153237
v 1.94508264 3.17270743 -6.52768086
v 1.64893414 3.17270743 7.98359542
v 1.94508264 2.87655893 7.98359542
v 1.94508264 3.17270743 7.68744693
v 1.64893414 3.17270743 9.16818941
v 1.94508264 3.17270743 8.87204091
v 1.64893414 3.76500442 -7.41612635
v 1.94508264 3.76500442 -7.71227484
v 1.94508264 3.46885593 -6.23153237
v 1.64893414 3.76500442 -5.63923537
v 1.94508264 3.76500442 -5.93538387
v 1.64893414 3.76500442 7.98359542
v 1.94508264 3.76500442 7.68744693
v 1.94508264 3.76500442 8.87204091
v 1.94508264 4.06115292 -7.41612635
v 1.64893414 4.35730141 -6.82382936
v 1.94508264 4.35730141 -7.11997785
v 1.94508264 4.06115292 -5.63923537
v 1.64893414 4.35730141 -5.04693838
v 1.94508264 4.35730141 -5.34308688
v 1.64893414 4.35730141 7.39129843
v 1.94508264 4.06115292 7.39129843
v 1.94508264 4.35730141 7.09514994
v 1.94508264 4.06115292 8.57589242
v 1.64893414 4.35730141 8.57589242
v 1.94508264 4.35730141 8.27974392
v 1.94508264 4.65344991 -6.82382936
v 1.94508264 4.65344991 -6.23153237
v 1.64893414 4.94959840 -5.63923537
v 1.94508264 4.94959840 -5.93538387
v 1.94508264 4.65344991 -5.04693838
v 1.94508264 4.65344991 -4.45464139
v 1.94508264 4.65344991 -3.86234440
v 1.64893414 4.94959840 -3.27004741
v 1.94508264 4.65344991 -3.27004741
v 1.64893414 4.94959840 -2.67775042
v 1.94508264 4.65344991 -2.67775042
v 1.64893414 4.94959840 -2.08545343
v 1.94508264 4.65344991 -2.08545343
v 1.64893414 4.94959840 -1.49315644
v 1.94508264 4.65344991 -1.49315644
v 1.64893414 4.94959840 -0.90085944
v 1.94508264 4.65344991 -0.90085944
v 1.64893414 4.94959840 -0.30856245
v 1.94508264 4.65344991 -0.30856245
v 1.94508264 4.94959840 -0.01241396
v 1.64893414 4.94959840 6.79900144
v 1.94508264 4.65344991 6.79900144
v 1.94508264 4.94959840 6.50285295
v 1.94508264 4.94959840 8.27974392
v 1.94508264 5.24574690 -5.63923537
v 1.94508264 5.24574690 -5.04693838
v 1.94508264 5.24574690 -4.45464139
v 1.64893414 5.54189540 -4.45464139
v 1.94508264 5.24574690 -3.86234440
v 1.64893414 5.54189540 -3.86234440
v 1.94508264 5.54189540 -3.56619591
v 1.94508264 5.24574690 0.28373454
v 1.94508264 5.54189540 0.57988303
v 1.64893414 5.54189540 6.20670445
v 1.94508264 5.24574690 6.20670445
v 1.94508264 5.54189540 5.91055596
v 1.64893414 5.54189540 7.98359542
v 1.94508264 5.54189540 7.68744693
v 1.94508264 5.24574690 7.98359542
v 1.94508264 5.83804389 -3.27004741
v 1.94508264 5.83804389 -2.67775042
v 1.94508264 5.83804389 -2.08545343
v 1.64893414 6.13419239 -2.08545343
v 1.94508264 5.83804389 -1.49315644
v 1.94508264 5.83804389 -0.90085944
v 1.64893414 6.13419239 -0.90085944
v 1.94508264 5.83804389 -0.30856245
v 1.64893414 6.13419239 -0.30856245
v 1.94508264 6.13419239 -0.01241396
v 1.94508264 5.83804389 0.87603153
v 1.64893414 6.13419239 1.46832852
v 1.94508264 5.83804389 1.46832852
v 1.94508264 6.13419239 1.76447702
v 1.64893414 6.13419239 5.02211047
v 1.94508264 5.83804389 5.02211047
v 1.94508264 6.13419239 4.72596197
v 1.94508264 5.83804389 5.61440746
v 1.64893414 6.13419239 7.39129843
v 1.94508264 6.13419239 7.09514994
v 1.94508264 5.83804389 7.39129843
v 1.94508264 6.43034088 0.28373454
v 1.94508264 6.72648938 0.57988303
v 1.94508264 6.43034088 2.06062551
v 1.94508264 6.43034088 2.65292250
v 1.94508264 6.43034088 3.24521949
v 1.94508264 6.43034088 3.83751649
v 1.94508264 6.43034088 4.42981348
v 1.64893414 6.72648938 6.20670445
v 1.94508264 6.72648938 5.91055596
v 1.94508264 6.43034088 6.20670445
v 1.94508264 6.43034088 6.79900144
v 1.94508264 7.02263787 0.87603153
v 1.94508264 7.02263787 1.46832852
v 1.94508264 7.02263787 2.06062551
v 1.94508264 7.02263787 2.65292250
v 1.64893414 7.31878637 2.65292250
v 1.94508264 7.02263787 3.24521949
v 1.64893414 7.31878637 3.24521949
v 1.94508264 7.02263787 3.83751649
v 1.64893414 7.31878637 3.83751649
v 1.94508264 7.02263787 4.42981348
v 1.94508264 7.02263787 5.02211047
v 1.94508264 7.02263787 5.61440746
v 2.24123113 -5.11945045 8.57589242
v 2.53737963 -5.11945045 8.87204091
v 2.53737963 -5.41559894 9.16818941
v 2.53737963 -5.41559894 9.76048640
v 2.53737963 -5.41559894 10.35278339
v 2.53737963 -5.11945045 10.64893189
v 2.24123113 -4.52715346 4.42981348
v 2.24123113 -4.52715346 5.02211047
v 2.24123113 -4.52715346 5.61440746
v 2.24123113 -4.52715346 6.20670445
v 2.24123113 -4.52715346 8.57589242
v 2.53737963 -4.52715346 8.87204091
v 2.53737963 -4.52715346 10.64893189
v 2.24123113 -3.93485647 4.42981348
v 2.24123113 -3.93485647 5.02211047
v 2.24123113 -3.93485647 5.61440746
v 2.24123113 -3.93485647 6.20670445
v 2.24123113 -3.93485647 6.79900144
v 2.53737963 -3.93485647 7.09514994
v 2.53737963 -4.23100496 7.39129843
v 2.53737963 -4.23100496 7.98359542
v 2.53737963 -4.23100496 8.57589242
v 2.53737963 -3.93485647 10.64893189
v 2.53737963 -3.63870797 5.02211047
v 2.53737963 -3.34255947 4.72596197
v 2.53737963 -3.63870797 5.61440746
v 2.53737963 -3.63870797 6.20670445
v 2.24123113 -3.34255947 6.79900144
v 2.53737963 -3.34255947 6.50285295
v 2.53737963 -3.34255947 7.09514994
v 2.53737963 -3.34255947 10.05663489
v 2.53737963 -3.63870797 10.35278339
v 2.24123113 -2.75026248 0.87603153
v 2.24123113 -2.75026248 1.46832852
v 2.24123113 -2.75026248 2.06062551
v 2.53737963 -2.75026248 4.72596197
v 2.24123113 -2.75026248 5.61440746
v 2.24123113 -2.75026248 6.79900144
v 2.53737963 -2.75026248 6.50285295
v 2.53737963 -3.04641098 7.39129843
v 2.24123113 -2.75026248 7.39129843
v 2.53737963 -3.04641098 7.98359542
v 2.24123113 -2.75026248 7.98359542
v 2.53737963 -3.04641098 8.57589242
v 2.24123113 -2.75026248 8.57589242
v 2.53737963 -3.04641098 9.16818941
v 2.53737963 -3.04641098 9.76048640
v 2.24123113 -2.15796549 -0.30856245
v 2.53737963 -2.15796549 -0.01241396
v 2.53737963 -2.45411399 0.28373454
v 2.53737963 -2.45411399 0.87603153
v 2.53737963 -2.45411399 1.46832852
v 2.53737963 -2.45411399 2.06062551
v 2.53737963 -2.45411399 2.65292250
v 2.53737963 -2.45411399 3.24521949
v 2.53737963 -2.45411399 3.83751649
v 2.53737963 -2.45411399 4.42981348
v 2.24123113 -2.15796549 5.61440746
v 2.24123113 -2.15796549 6.20670445
v 2.53737963 -2.15796549 6.50285295
v 2.24123113 -2.15796549 6.79900144
v 2.24123113 -2.15796549 7.39129843
v 2.24123113 -1.56566850 -0.90085944
v 2.53737963 -1.56566850 -0.60471095
v 2.53737963 -1.86181700 -0.30856245
v 2.24123113 -1.56566850 0.28373454
v 2.24123113 -1.56566850 0.87603153
v 2.53737963 -1.56566850 1.17218002
v 2.53737963 -1.86181700 1.46832852
v 2.53737963 -1.86181700 2.06062551
v 2.53737963 -1.86181700 2.65292250
v 2.24123113 -1.56566850 3.24521949
v 2.53737963 -1.56566850 2.94907100
v 2.53737963 -1.56566850 3.54136799
v 2.53737963 -1.86181700 3.83751649
v 2.53737963 -1.86181700 4.42981348
v 2.53737963 -1.86181700 5.02211047
v 2.24123113 -1.56566850 5.61440746
v 2.53737963 -1.56566850 5.31825896
v 2.24123113 -1.56566850 6.20670445
v 2.53737963 -1.86181700 6.79900144
v 2.24123113 -1.56566850 7.39129843
v 2.53737963 -1.56566850 7.09514994
v 2.53737963 -1.26952000 -0.90085944
v 2.53737963 -0.97337151 -1.19700794
v 2.24123113 -0.97337151 0.28373454
v 2.53737963 -0.97337151 0.57988303
v 2.53737963 -1.26952000 0.87603153
v 2.53737963 -1.26952000 3.24521949
v 2.53737963 -1.26952000 5.61440746
v 2.53737963 -0.97337151 5.91055596
v 2.24123113 -0.97337151 6.20670445
v 2.53737963 -1.26952000 7.39129843
v 2.53737963 -1.26952000 7.98359542
v 2.24123113 -0.97337151 8.57589242
v 2.53737963 -0.97337151 8.27974392
v 2.24123113 -0.38107452 -2.67775042
v 2.24123113 -0.38107452 -1.49315644
v 2.53737963 -0.38107452 -1.19700794
v 2.24123113 -0.38107452 -0.30856245
v 2.53737963 -0.38107452 -0.01241396
v 2.53737963 -0.67722301 0.28373454
v 2.53737963 -0.67722301 6.20670445
v 2.24123113 -0.38107452 6.79900144
v 2.53737963 -0.38107452 6.50285295
v 2.24123113 -0.38107452 8.57589242
v 2.53737963 -0.38107452 8.27974392
v 2.24123113 0.21122247 -6.82382936
v 2.53737963 -0.08492602 -6.82382936
v 2.53737963 0.21122247 -7.11997785
v 2.24123113 0.21122247 -6.23153237
v 2.53737963 -0.08492602 -6.23153237
v 2.53737963 -0.08492602 -5.63923537
v 2.53737963 -0.08492602 -5.04693838
v 2.53737963 -0.08492602 -4.45464139
v 2.53737963 -0.08492602 -3.86234440
v 2.53737963 -0.08492602 -3.27004741
v 2.53737963 -0.08492602 -2.67775042
v 2.53737963 -0.08492602 -2.08545343
v 2.53737963 -0.08492602 -1.49315644
v 2.24123113 0.21122247 -0.30856245
v 2.53737963 0.21122247 -0.01241396
v 2.24123113 0.21122247 6.79900144
v 2.53737963 0.21122247 6.50285295
v 2.24123113 0.21122247 7.98359542
v 2.53737963 0.21122247 7.68744693
v 2.53737963 -0.08492602 7.98359542
v 2.24123113 0.21122247 8.57589242
v 2.24123113 0.80351947 -7.41612635
v 2.53737963 0.50737097 -7.41612635
v 2.53737963 0.80351947 -7.71227484
v 2.53737963 0.50737097 -5.63923537
v 2.24123113 0.80351947 -5.63923537
v 2.53737963 0.80351947 -5.93538387
v 2.53737963 0.50737097 -5.04693838
v 2.24123113 0.80351947 -5.04693838
v 2.53737963 0.50737097 -4.45464139
v 2.53737963 0.50737097 -3.86234440
v 2.24123113 0.80351947 -3.27004741
v 2.53737963 0.80351947 -3.56619591
v 2.24123113 0.80351947 -2.67775042
v 2.24123113 0.80351947 -2.08545343
v 2.24123113 0.80351947 -1.49315644
v 2.24123113 0.80351947 -0.90085944
v 2.53737963 0.80351947 -0.60471095
v 2.53737963 0.50737097 -0.30856245
v 2.53737963 0.50737097 6.79900144
v 2.24123113 0.80351947 7.39129843
v 2.53737963 0.80351947 7.09514994
v 2.53737963 0.50737097 7.98359542
v 2.24123113 0.80351947 8.57589242
v 2.53737963 0.80351947 8.27974392
v 2.24123113 1.39581646 -8.00842334
v 2.53737963 1.09966796 -8.00842334
v 2.53737963 1.39581646 -8.30457184
v 2.24123113 1.39581646 -7.41612635
v 2.24123113 1.39581646 -6.23153237
v 2.53737963 1.39581646 -6.52768086
v 2.53737963 1.09966796 -6.23153237
v 2.53737963 1.09966796 -3.27004741
v 2.53737963 1.39581646 -2.97389891
v 2.24123113 1.39581646 -2.67775042
v 2.24123113 1.39581646 -2.08545343
v 2.24123113 1.39581646 -1.49315644
v 2.53737963 1.39581646 -1.19700794
v 2.53737963 1.09966796 -0.90085944
v 2.24123113 1.39581646 7.39129843
v 2.53737963 1.39581646 7.09514994
v 2.24123113 1.39581646 8.57589242
v 2.53737963 1.39581646 8.27974392
v 2.24123113 1.98811345 -8.60072033
v 2.53737963 1.69196495 -8.60072033
v 2.53737963 1.98811345 -8.89686883
v 2.53737963 1.69196495 -6.82382936
v 2.24123113 1.98811345 -6.82382936
v 2.53737963 1.98811345 -7.11997785
v 2.24123113 1.98811345 -6.23153237
v 2.53737963 1.69196495 -2.67775042
v 2.53737963 1.69196495 -2.08545343
v 2.53737963 1.69196495 -1.49315644
v 2.24123113 1.98811345 7.39129843
v 2.53737963 1.98811345 7.09514994
v 2.24123113 1.98811345 7.98359542
v 2.53737963 1.69196495 8.57589242
v 2.53737963 1.98811345 8.87204091
v 2.53737963 2.28426194 -8.60072033
v 2.53737963 2.58041044 -8.30457184
v 2.24123113 2.58041044 -7.41612635
v 2.53737963 2.58041044 -7.71227484
v 2.53737963 2.28426194 -7.41612635
v 2.24123113 2.58041044 -6.82382936
v 2.24123113 2.58041044 7.39129843
v 2.53737963 2.58041044 7.09514994
v 2.24123113 2.58041044 7.98359542
v 2.53737963 2.58041044 8.87204091
v 2.24123113 3.17270743 -8.00842334
v 2.53737963 3.17270743 -8.30457184
v 2.53737963 2.87655893 -7.41612635
v 2.24123113 3.17270743 -6.82382936
v 2.53737963 3.17270743 -7.11997785
v 2.53737963 2.87655893 7.39129843
v 2.53737963 3.17270743 7.68744693
v 2.53737963 2.87655893 8.57589242
v 2.24123113 3.17270743 8.57589242
v 2.53737963 3.17270743 8.27974392
v 2.24123113 3.76500442 -8.00842334
v 2.53737963 3.76500442 -8.30457184
v 2.53737963 3.46885593 -6.82382936
v 2.24123113 3.76500442 -6.23153237
v 2.53737963 3.76500442 -6.52768086
v 2.24123113 3.76500442 7.39129843
v 2.53737963 3.46885593 7.39129843
v 2.53737963 3.76500442 7.09514994
v 2.24123113 3.76500442 8.57589242
v 2.53737963 3.76500442 8.27974392
v 2.53737963 4.06115292 -8.00842334
v 2.24123113 4.35730141 -7.41612635
v 2.53737963 4.35730141 -7.71227484
v 2.53737963 4.06115292 -6.23153237
v 2.24123113 4.35730141 -5.63923537
v 2.53737963 4.35730141 -5.93538387
v 2.24123113 4.35730141 -3.27004741
v 2.53737963 4.06115292 -3.27004741
v 2.53737963 4.35730141 -3.56619591
v 2.24123113 4.35730141 -2.67775042
v 2.53737963 4.06115292 -2.67775042
v 2.24123113 4.35730141 -2.08545343
v 2.53737963 4.06115292 -2.08545343
v 2.24123113 4.35730141 -1.49315644
v 2.53737963 4.06115292 -1.49315644
v 2.24123113 4.35730141 -0.90085944
v 2.53737963 4.06115292 -0.90085944
v 2.24123113 4.35730141 -0.30856245
v 2.53737963 4.06115292 -0.30856245
v 2.24123113 4.35730141 0.28373454
v 2.53737963 4.06115292 0.28373454
v 2.53737963 4.35730141 0.57988303
v 2.24123113 4.35730141 6.79900144
v 2.53737963 4.06115292 6.79900144
v 2.53737963 4.35730141 6.50285295
v 2.53737963 4.35730141 8.27974392
v 2.53737963 4.65344991 -7.41612635
v 2.53737963 4.65344991 -6.82382936
v 2.24123113 4.94959840 -6.23153237
v 2.53737963 4.94959840 -6.52768086
v 2.53737963 4.65344991 -5.63923537
v 2.53737963 4.65344991 -5.04693838
v 2.53737963 4.65344991 -4.45464139
v 2.53737963 4.65344991 -3.86234440
v 2.24123113 4.94959840 0.28373454
v 2.53737963 4.94959840 0.57988303
v 2.24123113 4.94959840 6.20670445
v 2.53737963 4.65344991 6.20670445
v 2.53737963 4.94959840 5.91055596
v 2.24123113 4.94959840 7.98359542
v 2.53737963 4.94959840 7.68744693
v 2.53737963 4.65344991 7.98359542
v 2.53737963 5.24574690 -6.23153237
v 2.53737963 5.24574690 -5.63923537
v 2.53737963 5.24574690 -5.04693838
v 2.53737963 5.24574690 -4.45464139
v 2.53737963 5.24574690 -3.86234440
v 2.53737963 5.24574690 -3.27004741
v 2.24123113 5.54189540 -3.27004741
v 2.53737963 5.24574690 -2.67775042
v 2.24123113 5.54189540 -2.67775042
v 2.53737963 5.24574690 -2.08545343
v 2.24123113 5.54189540 -2.08545343
v 2.53737963 5.24574690 -1.49315644
v 2.24123113 5.54189540 -1.49315644
v 2.53737963 5.54189540 -1.19700794
v 2.24123113 5.54189540 -0.30856245
v 2.53737963 5.54189540 -0.60471095
v 2.53737963 5.24574690 -0.30856245
v 2.53737963 5.54189540 -0.01241396
v 2.24123113 5.54189540 0.87603153
v 2.53737963 5.24574690 0.87603153
v 2.24123113 5.54189540 1.46832852
v 2.53737963 5.24574690 1.46832852
v 2.53737963 5.54189540 1.76447702
v 2.24123113 5.54189540 5.02211047
v 2.53737963 5.24574690 5.02211047
v 2.53737963 5.54189540 4.72596197
v 2.24123113 5.54189540 5.61440746
v 2.53737963 5.24574690 5.61440746
v 2.24123113 5.54189540 7.39129843
v 2.53737963 5.54189540 7.09514994
v 2.53737963 5.24574690 7.39129843
v 2.53737963 5.83804389 -0.90085944
v 2.53737963 6.13419239 -0.01241396
v 2.24123113 6.13419239 2.06062551
v 2.53737963 5.83804389 2.06062551
v 2.24123113 6.13419239 2.65292250
v 2.53737963 5.83804389 2.65292250
v 2.24123113 6.13419239 3.24521949
v 2.53737963 5.83804389 3.24521949
v 2.24123113 6.13419239 3.83751649
v 2.53737963 5.83804389 3.83751649
v 2.24123113 6.13419239 4.42981348
v 2.53737963 5.83804389 4.42981348
v 2.53737963 5.83804389 6.20670445
v 2.24123113 6.13419239 6.20670445
v 2.53737963 6.13419239 5.91055596
v 2.53737963 5.83804389 6.79900144
v 2.24123113 6.13419239 6.79900144
v 2.53737963 6.43034088 0.28373454
v 2.53737963 6.43034088 0.87603153
v 2.24123113 6.72648938 0.87603153
v 2.53737963 6.72648938 1.17218002
v 2.24123113 6.72648938 5.61440746
v 2.53737963 6.72648938 5.31825896
v 2.53737963 6.43034088 5.61440746
v 2.53737963 7.02263787 1.46832852
v 2.53737963 7.02263787 2.06062551
v 2.53737963 7.02263787 2.65292250
v 2.53737963 7.02263787 3.24521949
v 2.53737963 7.02263787 3.83751649
v 2.53737963 7.02263787 4.42981348
v 2.53737963 7.02263787 5.02211047
v 2.83352812 -5.11945045 9.16818941
v 3.12967662 -5.11945045 9.46433790
v 3.12967662 -5.41559894 9.76048640
v 3.12967662 -5.41559894 10.35278339
v 3.12967662 -5.11945045 10.64893189
v 3.12967662 -4.82330195 9.16818941
v 3.12967662 -4.52715346 8.87204091
v 3.12967662 -4.52715346 10.64893189
v 2.83352812 -3.93485647 7.39129843
v 2.83352812 -3.93485647 7.98359542
v 3.12967662 -3.93485647 8.27974392
v 3.12967662 -4.23100496 8.57589242
v 3.12967662 -3.93485647 10.64893189
v 2.83352812 -3.34255947 5.02211047
v 2.83352812 -3.34255947 5.61440746
v 2.83352812 -3.34255947 6.20670445
v 2.83352812 -3.34255947 7.39129843
v 2.83352812 -3.34255947 7.98359542
v 3.12967662 -3.63870797 8.57589242
v 2.83352812 -3.34255947 8.57589242
v 3.12967662 -3.63870797 9.16818941
v 2.83352812 -3.34255947 9.16818941
v 3.12967662 -3.63870797 9.76048640
v 2.83352812 -3.34255947 9.76048640
v 3.12967662 -3.63870797 10.35278339
v 3.12967662 -3.04641098 5.02211047
v 3.12967662 -2.75026248 4.72596197
v 2.83352812 -2.75026248 5.61440746
v 3.12967662 -2.75026248 5.31825896
v 2.83352812 -2.75026248 6.20670445
v 2.83352812 -2.15796549 0.28373454
v 3.12967662 -2.15796549 0.57988303
v 3.12967662 -2.45411399 0.87603153
v 3.12967662 -2.45411399 1.46832852
v 3.12967662 -2.45411399 2.06062551
v 3.12967662 -2.45411399 2.65292250
v 3.12967662 -2.45411399 3.24521949
v 3.12967662 -2.45411399 3.83751649
v 3.12967662 -2.45411399 4.42981348
v 3.12967662 -2.45411399 5.61440746
v 2.83352812 -2.15796549 6.20670445
v 3.12967662 -2.15796549 5.91055596
v 2.83352812 -1.56566850 -0.30856245
v 3.12967662 -1.56566850 -0.01241396
v 3.12967662 -1.86181700 0.28373454
v 2.83352812 -1.56566850 1.46832852
v 3.12967662 -1.56566850 1.76447702
v 3.12967662 -1.86181700 2.06062551
v 2.83352812 -1.56566850 2.65292250
v 3.12967662 -1.56566850 2.35677401
v 3.12967662 -1.56566850 3.54136799
v 3.12967662 -1.86181700 3.83751649
v 3.12967662 -1.86181700 4.42981348
v 2.83352812 -1.56566850 5.02211047
v 3.12967662 -1.56566850 4.72596197
v 3.12967662 -1.86181700 6.20670445
v 2.83352812 -1.56566850 6.79900144
v 3.12967662 -1.56566850 6.50285295
v 2.83352812 -0.97337151 -0.90085944
v 3.12967662 -0.97337151 -0.60471095
v 3.12967662 -1.26952000 -0.30856245
v 2.83352812 -0.97337151 0.87603153
v 3.12967662 -0.97337151 1.17218002
v 3.12967662 -1.26952000 1.46832852
v 3.12967662 -1.26952000 2.65292250
v 3.12967662 -1.26952000 3.24521949
v 3.12967662 -1.26952000 5.02211047
v 2.83352812 -0.97337151 5.61440746
v 3.12967662 -0.97337151 5.31825896
v 3.12967662 -1.26952000 6.79900144
v 2.83352812 -0.97337151 7.39129843
v 3.12967662 -0.97337151 7.09514994
v 2.83352812 -0.97337151 7.98359542
v 2.83352812 -0.38107452 -0.90085944
v 3.12967662 -0.38107452 -0.60471095
v 2.83352812 -0.38107452 0.28373454
v 3.12967662 -0.38107452 0.57988303
v 3.12967662 -0.67722301 0.87603153
v 2.83352812 -0.38107452 5.61440746
v 3.12967662 -0.38107452 5.31825896
v 2.83352812 -0.38107452 6.20670445
v 3.12967662 -0.67722301 7.39129843
v 2.83352812 -0.38107452 7.98359542
v 3.12967662 -0.38107452 7.68744693
v 2.83352812 0.21122247 -7.41612635
v 3.12967662 -0.08492602 -7.41612635
v 3.12967662 0.21122247 -7.71227484
v 3.12967662 -0.08492602 -6.82382936
v 3.12967662 -0.08492602 -6.23153237
v 3.12967662 -0.08492602 -5.63923537
v 3.12967662 -0.08492602 -5.04693838
v 3.12967662 -0.08492602 -4.45464139
v 3.12967662 -0.08492602 -3.86234440
v 2.83352812 0.21122247 -3.27004741
v 3.12967662 0.21122247 -3.56619591
v 2.83352812 0.21122247 -2.67775042
v 2.83352812 0.21122247 -2.08545343
v 2.83352812 0.21122247 -1.49315644
v 3.12967662 0.21122247 -1.19700794
v 3.12967662 -0.08492602 -0.90085944
v 3.12967662 0.21122247 -0.01241396
v 3.12967662 -0.08492602 0.28373454
v 3.12967662 -0.08492602 5.61440746
v 3.12967662 -0.08492602 6.20670445
v 3.12967662 0.21122247 6.50285295
v 3.12967662 0.21122247 7.68744693
v 2.83352812 0.80351947 -8.00842334
v 3.12967662 0.50737097 -8.00842334
v 3.12967662 0.80351947 -8.30457184
v 2.83352812 0.80351947 -6.23153237
v 3.12967662 0.80351947 -6.52768086
v 3.12967662 0.50737097 -6.23153237
v 3.12967662 0.50737097 -5.63923537
v 3.12967662 0.50737097 -5.04693838
v 2.83352812 0.80351947 -4.45464139
v 3.12967662 0.80351947 -4.75078989
v 2.83352812 0.80351947 -3.86234440
v 3.12967662 0.50737097 -3.27004741
v 3.12967662 0.50737097 -2.67775042
v 2.83352812 0.80351947 -2.08545343
v 3.12967662 0.80351947 -2.38160192
v 2.83352812 0.80351947 -1.49315644
v 3.12967662 0.80351947 -1.19700794
v 2.83352812 0.80351947 -0.30856245
v 3.12967662 0.80351947 -0.01241396
v 2.83352812 0.80351947 6.20670445
v 3.12967662 0.50737097 6.20670445
v 3.12967662 0.80351947 5.91055596
v 2.83352812 0.80351947 6.79900144
v 2.83352812 0.80351947 7.98359542
v 3.12967662 0.80351947 7.68744693
v 2.83352812 1.39581646 -12.15450228
v 3.12967662 1.09966796 -12.15450228
v 3.12967662 1.39581646 -12.45065077
v 2.83352812 1.39581646 -11.56220529
v 3.12967662 1.09966796 -11.56220529
v 2.83352812 1.39581646 -10.96990830
v 3.12967662 1.09966796 -10.96990830
v 2.83352812 1.39581646 -10.37761131
v 3.12967662 1.09966796 -10.37761131
v 3.12967662 1.39581646 -10.08146281
v 2.83352812 1.39581646 -8.60072033
v 3.12967662 1.09966796 -8.60072033
v 3.12967662 1.39581646 -8.89686883
v 2.83352812 1.39581646 -6.82382936
v 3.12967662 1.39581646 -7.11997785
v 3.12967662 1.09966796 -6.82382936
v 3.12967662 1.09966796 -4.45464139
v 3.12967662 1.09966796 -3.86234440
v 2.83352812 1.39581646 -3.27004741
v 3.12967662 1.39581646 -3.56619591
v 3.12967662 1.09966796 -2.08545343
v 3.12967662 1.09966796 -1.49315644
v 2.83352812 1.39581646 -0.90085944
v 2.83352812 1.39581646 -0.30856245
v 3.12967662 1.39581646 -0.01241396
v 2.83352812 1.39581646 6.20670445
v 3.12967662 1.39581646 5.91055596
v 2.83352812 1.39581646 6.79900144
v 2.83352812 1.39581646 7.98359542
v 3.12967662 1.39581646 7.68744693
v 2.83352812 1.98811345 -12.74679927
v 3.12967662 1.69196495 -12.74679927
v 3.12967662 1.98811345 -13.04294777
v 2.83352812 1.98811345 -12.15450228
v 2.83352812 1.98811345 -11.56220529
v 2.83352812 1.98811345 -10.96990830
v 2.83352812 1.98811345 -10.37761131
v 3.12967662 1.98811345 -10.08146281
v 3.12967662 1.98811345 -8.89686883
v 2.83352812 1.98811345 -7.41612635
v 3.12967662 1.98811345 -7.71227484
v 3.12967662 1.69196495 -7.41612635
v 3.12967662 1.69196495 -3.27004741
v 2.83352812 1.98811345 -2.67775042
v 3.12967662 1.98811345 -2.97389891
v 2.83352812 1.98811345 -2.08545343
v 2.83352812 1.98811345 -1.49315644
v 2.83352812 1.98811345 -0.90085944
v 2.83352812 1.98811345 -0.30856245
v 3.12967662 1.98811345 -0.01241396
v 3.12967662 1.69196495 6.20670445
v 3.12967662 1.98811345 6.50285295
v 2.83352812 1.98811345 6.79900144
v 2.83352812 1.98811345 7.98359542
v 3.12967662 1.98811345 7.68744693
v 2.83352812 1.98811345 8.57589242
v 2.83352812 2.58041044 -12.74679927
v 3.12967662 2.58041044 -13.04294777
v 2.83352812 2.58041044 -12.15450228
v 2.83352812 2.58041044 -11.56220529
v 2.83352812 2.58041044 -10.96990830
v 2.83352812 2.58041044 -10.37761131
v 3.12967662 2.58041044 -10.08146281
v 2.83352812 2.58041044 -8.60072033
v 3.12967662 2.58041044 -8.89686883
v 3.12967662 2.58041044 -7.71227484
v 2.83352812 2.58041044 -2.67775042
v 3.12967662 2.58041044 -2.97389891
v 2.83352812 2.58041044 -2.08545343
v 2.83352812 2.58041044 -1.49315644
v 2.83352812 2.58041044 -0.90085944
v 2.83352812 2.58041044 -0.30856245
v 3.12967662 2.58041044 -0.01241396
v 2.83352812 2.58041044 6.79900144
v 3.12967662 2.58041044 6.50285295
v 3.12967662 2.28426194 7.98359542
v 2.83352812 2.58041044 8.57589242
v 3.12967662 2.58041044 8.27974392
v 2.83352812 3.17270743 -12.74679927
v 3.12967662 3.17270743 -13.04294777
v 3.12967662 3.17270743 -12.45065077
v 3.12967662 2.87655893 -12.15450228
v 3.12967662 2.87655893 -11.56220529
v 3.12967662 2.87655893 -10.96990830
v 3.12967662 2.87655893 -10.37761131
v 2.83352812 3.17270743 -8.60072033
v 3.12967662 3.17270743 -8.89686883
v 2.83352812 3.17270743 -7.41612635
v 3.12967662 3.17270743 -7.71227484
v 3.12967662 2.87655893 -2.67775042
v 3.12967662 3.17270743 -2.38160192
v 2.83352812 3.17270743 -2.08545343
v 2.83352812 3.17270743 -1.49315644
v 2.83352812 3.17270743 -0.90085944
v 2.83352812 3.17270743 -0.30856245
v 3.12967662 2.87655893 0.28373454
v 2.83352812 3.17270743 0.28373454
v 3.12967662 3.17270743 0.57988303
v 2.83352812 3.17270743 6.79900144
v 3.12967662 3.17270743 6.50285295
v 2.83352812 3.17270743 7.39129843
v 3.12967662 3.17270743 8.27974392
v 3.12967662 3.46885593 -12.74679927
v 3.12967662 3.46885593 -8.60072033
v 3.12967662 3.76500442 -8.30457184
v 3.12967662 3.46885593 -7.41612635
v 2.83352812 3.76500442 -6.82382936
v 3.12967662 3.76500442 -7.11997785
v 2.83352812 3.76500442 -3.27004741
v 3.12967662 3.46885593 -3.27004741
v 3.12967662 3.76500442 -3.56619591
v 2.83352812 3.76500442 -2.67775042
v 3.12967662 3.46885593 -2.67775042
v 2.83352812 3.76500442 -2.08545343
v 2.83352812 3.76500442 -1.49315644
v 2.83352812 3.76500442 -0.90085944
v 2.83352812 3.76500442 -0.30856245
v 2.83352812 3.76500442 0.28373454
v 3.12967662 3.76500442 0.57988303
v 2.83352812 3.76500442 6.79900144
v 3.12967662 3.76500442 6.50285295
v 3.12967662 3.46885593 7.98359542
v 2.83352812 3.76500442 7.98359542
v 3.12967662 3.76500442 7.68744693
v 3.12967662 4.06115292 -8.00842334
v 3.12967662 4.35730141 -7.71227484
v 3.12967662 4.06115292 -6.82382936
v 3.12967662 4.06115292 -6.23153237
v 3.12967662 4.35730141 -5.93538387
v 2.83352812 4.35730141 -4.45464139
v 3.12967662 4.06115292 -4.45464139
v 3.12967662 4.35730141 -4.75078989
v 2.83352812 4.35730141 -3.86234440
v 3.12967662 4.06115292 -3.86234440
v 3.12967662 4.35730141 0.57988303
v 2.83352812 4.35730141 6.20670445
v 3.12967662 4.06115292 6.20670445
v 3.12967662 4.35730141 5.91055596
v 2.83352812 4.35730141 7.98359542
v 3.12967662 4.35730141 7.68744693
v 3.12967662 4.65344991 -7.41612635
v 2.83352812 4.94959840 -6.82382936
v 3.12967662 4.94959840 -7.11997785
v 3.12967662 4.65344991 -5.63923537
v 3.12967662 4.65344991 -5.04693838
v 3.12967662 4.65344991 -3.27004741
v 2.83352812 4.94959840 -3.27004741
v 3.12967662 4.94959840 -3.56619591
v 3.12967662 4.65344991 -2.67775042
v 2.83352812 4.94959840 -2.67775042
v 3.12967662 4.65344991 -2.08545343
v 2.83352812 4.94959840 -2.08545343
v 3.12967662 4.65344991 -1.49315644
v 2.83352812 4.94959840 -1.49315644
v 3.12967662 4.65344991 -0.90085944
v 2.83352812 4.94959840 -0.90085944
v 3.12967662 4.65344991 -0.30856245
v 2.83352812 4.94959840 -0.30856245
v 3.12967662 4.94959840 -0.01241396
v 3.12967662 4.65344991 0.87603153
v 2.83352812 4.94959840 0.87603153
v 2.83352812 4.94959840 1.46832852
v 3.12967662 4.65344991 1.46832852
v 3.12967662 4.94959840 1.76447702
v 2.83352812 4.94959840 5.61440746
v 3.12967662 4.65344991 5.61440746
v 3.12967662 4.94959840 5.31825896
v 2.83352812 4.94959840 7.39129843
v 3.12967662 4.94959840 7.09514994
v 3.12967662 4.65344991 7.39129843
v 3.12967662 5.24574690 -6.82382936
v 3.12967662 5.24574690 -6.23153237
v 3.12967662 5.24574690 -5.63923537
v 3.12967662 5.24574690 -5.04693838
v 3.12967662 5.24574690 -4.45464139
v 3.12967662 5.24574690 -3.86234440
v 2.83352812 5.54189540 -0.90085944
v 3.12967662 5.54189540 -0.01241396
v 2.83352812 5.54189540 2.06062551
v 3.12967662 5.24574690 2.06062551
v 2.83352812 5.54189540 2.65292250
v 3.12967662 5.24574690 2.65292250
v 2.83352812 5.54189540 3.24521949
v 3.12967662 5.24574690 3.24521949
v 3.12967662 5.54189540 3.54136799
v 2.83352812 5.54189540 4.42981348
v 3.12967662 5.24574690 4.42981348
v 3.12967662 5.54189540 4.13366498
v 3.12967662 5.24574690 5.02211047
v 2.83352812 5.54189540 6.79900144
v 3.12967662 5.54189540 6.50285295
v 3.12967662 5.24574690 6.79900144
v 3.12967662 5.83804389 0.28373454
v 2.83352812 6.13419239 0.28373454
v 3.12967662 5.83804389 0.87603153
v 2.83352812 6.13419239 0.87603153
v 3.12967662 6.13419239 1.17218002
v 3.12967662 5.83804389 3.83751649
v 2.83352812 6.13419239 5.61440746
v 3.12967662 6.13419239 5.31825896
v 3.12967662 5.83804389 5.61440746
v 3.12967662 5.83804389 6.20670445
v 3.12967662 6.43034088 1.46832852
v 2.83352812 6.72648938 1.46832852
v 3.12967662 6.43034088 2.06062551
v 2.83352812 6.72648938 2.06062551
v 3.12967662 6.43034088 2.65292250
v 2.83352812 6.72648938 2.65292250
v 3.12967662 6.43034088 3.24521949
v 2.83352812 6.72648938 3.24521949
v 3.12967662 6.43034088 3.83751649
v 2.83352812 6.72648938 3.83751649
v 3.12967662 6.43034088 4.42981348
v 2.83352812 6.72648938 4.42981348
v 3.12967662 6.43034088 5.02211047
v 2.83352812 6.72648938 5.02211047
v 3.72197361 -5.41559894 9.76048640
v 3.72197361 -5.11945045 9.46433790
v 3.72197361 -5.41559894 10.35278339
v 3.72197361 -5.11945045 10.64893189
v 3.42582511 -4.52715346 9.16818941
v 3.72197361 -4.52715346 9.46433790
v 3.72197361 -4.52715346 10.64893189
v 3.42582511 -3.93485647 8.57589242
v 3.42582511 -3.93485647 9.16818941
v 3.72197361 -4.23100496 9.76048640
v 3.42582511 -3.93485647 9.76048640
v 3.72197361 -4.23100496 10.35278339
v 3.42582511 -3.93485647 10.35278339
v 3.42582511 -2.75026248 5.02211047
v 3.42582511 -2.15796549 0.87603153
v 3.42582511 -2.15796549 1.46832852
v 3.42582511 -2.15796549 2.06062551
v 3.42582511 -2.15796549 2.65292250
v 3.72197361 -2.15796549 2.94907100
v 3.72197361 -2.45411399 3.24521949
v 3.72197361 -2.45411399 3.83751649
v 3.72197361 -2.45411399 4.42981348
v 3.72197361 -2.45411399 5.02211047
v 3.42582511 -2.15796549 5.61440746
v 3.72197361 -2.15796549 5.31825896
v 3.42582511 -1.56566850 0.28373454
v 3.72197361 -1.56566850 0.57988303
v 3.72197361 -1.86181700 0.87603153
v 3.72197361 -1.86181700 1.46832852
v 3.42582511 -1.56566850 2.06062551
v 3.72197361 -1.86181700 2.06062551
v 3.72197361 -1.86181700 2.65292250
v 3.42582511 -1.56566850 3.83751649
v 3.42582511 -1.56566850 4.42981348
v 3.72197361 -1.86181700 5.61440746
v 3.42582511 -1.56566850 6.20670445
v 3.72197361 -1.56566850 5.91055596
v 3.42582511 -0.97337151 -0.30856245
v 3.72197361 -0.97337151 -0.01241396
v 3.72197361 -1.26952000 0.28373454
v 3.42582511 -0.97337151 1.46832852
v 3.42582511 -0.97337151 2.06062551
v 3.72197361 -1.26952000 2.65292250
v 3.72197361 -0.97337151 2.35677401
v 3.72197361 -1.26952000 3.24521949
v 3.72197361 -1.26952000 3.83751649
v 3.72197361 -1.26952000 4.42981348
v 3.42582511 -0.97337151 5.02211047
v 3.72197361 -0.97337151 4.72596197
v 3.42582511 -0.97337151 6.20670445
v 3.72197361 -0.97337151 5.91055596
v 3.42582511 -0.97337151 6.79900144
v 3.42582511 -0.38107452 -7.41612635
v 3.72197361 -0.67722301 -7.41612635
v 3.72197361 -0.38107452 -7.71227484
v 3.42582511 -0.38107452 -6.82382936
v 3.72197361 -0.67722301 -6.82382936
v 3.42582511 -0.38107452 -6.23153237
v 3.72197361 -0.67722301 -6.23153237
v 3.42582511 -0.38107452 -5.63923537
v 3.72197361 -0.67722301 -5.63923537
v 3.72197361 -0.38107452 -5.34308688
v 3.42582511 -0.38107452 -0.30856245
v 3.72197361 -0.38107452 -0.01241396
v 3.42582511 -0.38107452 0.87603153
v 3.42582511 -0.38107452 1.46832852
v 3.72197361 -0.38107452 1.76447702
v 3.72197361 -0.67722301 2.06062551
v 3.72197361 -0.67722301 5.02211047
v 3.72197361 -0.38107452 5.31825896
v 3.72197361 -0.67722301 6.20670445
v 3.72197361 -0.67722301 6.79900144
v 3.42582511 -0.38107452 7.39129843
v 3.72197361 -0.38107452 7.09514994
v 3.42582511 0.21122247 -8.00842334
v 3.72197361 -0.08492602 -8.00842334
v 3.72197361 0.21122247 -8.30457184
v 3.72197361 -0.08492602 -5.04693838
v 3.72197361 -0.08492602 -4.45464139
v 3.42582511 0.21122247 -3.86234440
v 3.72197361 0.21122247 -4.15849290
v 3.42582511 0.21122247 -0.90085944
v 3.72197361 0.21122247 -0.60471095
v 3.72197361 -0.08492602 -0.30856245
v 3.42582511 0.21122247 0.28373454
v 3.42582511 0.21122247 0.87603153
v 3.72197361 0.21122247 1.17218002
v 3.72197361 -0.08492602 1.46832852
v 3.72197361 -0.08492602 5.61440746
v 3.42582511 0.21122247 6.20670445
v 3.72197361 0.21122247 5.91055596
v 3.42582511 0.21122247 7.39129843
v 3.72197361 0.21122247 7.09514994
v 3.42582511 0.80351947 -12.15450228
v 3.72197361 0.50737097 -12.15450228
v 3.72197361 0.80351947 -12.45065077
v 3.42582511 0.80351947 -11.56220529
v 3.72197361 0.50737097 -11.56220529
v 3.42582511 0.80351947 -10.96990830
v 3.72197361 0.50737097 -10.96990830
v 3.42582511 0.80351947 -10.37761131
v 3.72197361 0.50737097 -10.37761131
v 3.42582511 0.80351947 -9.78531431
v 3.72197361 0.50737097 -9.78531431
v 3.72197361 0.80351947 -9.48916582
v 3.42582511 0.80351947 -8.60072033
v 3.72197361 0.50737097 -8.60072033
v 3.72197361 0.80351947 -8.89686883
v 3.42582511 0.80351947 -6.82382936
v 3.72197361 0.80351947 -7.11997785
v 3.72197361 0.50737097 -6.82382936
v 3.72197361 0.50737097 -6.23153237
v 3.72197361 0.50737097 -5.63923537
v 3.72197361 0.50737097 -5.04693838
v 3.72197361 0.80351947 -4.75078989
v 3.72197361 0.50737097 -3.86234440
v 3.72197361 0.50737097 -3.27004741
v 3.42582511 0.80351947 -2.67775042
v 3.72197361 0.80351947 -2.97389891
v 3.42582511 0.80351947 -0.90085944
v 3.72197361 0.80351947 -0.60471095
v 3.42582511 0.80351947 0.28373454
v 3.42582511 0.80351947 0.87603153
v 3.72197361 0.80351947 1.17218002
v 3.72197361 0.80351947 5.91055596
v 3.42582511 0.80351947 7.39129843
v 3.72197361 0.80351947 7.09514994
v 3.42582511 1.39581646 -12.74679927
v 3.72197361 1.09966796 -12.74679927
v 3.72197361 1.39581646 -13.04294777
v 3.42582511 1.39581646 -9.78531431
v 3.72197361 1.09966796 -9.19301732
v 3.42582511 1.39581646 -9.19301732
v 3.42582511 1.39581646 -7.41612635
v 3.72197361 1.39581646 -7.71227484
v 3.72197361 1.09966796 -7.41612635
v 3.72197361 1.09966796 -4.45464139
v 3.42582511 1.39581646 -3.86234440
v 3.72197361 1.39581646 -4.15849290
v 3.72197361 1.09966796 -2.67775042
v 3.42582511 1.39581646 -2.08545343
v 3.72197361 1.39581646 -2.38160192
v 3.42582511 1.39581646 -1.49315644
v 3.42582511 1.39581646 -0.90085944
v 3.72197361 1.39581646 -0.60471095
v 3.42582511 1.39581646 0.28373454
v 3.72197361 1.39581646 0.57988303
v 3.72197361 1.09966796 0.87603153
v 3.72197361 1.39581646 5.91055596
v 3.42582511 1.39581646 7.39129843
v 3.72197361 1.39581646 7.09514994
v 3.42582511 1.98811345 -13.93139325
v 3.72197361 1.69196495 -13.93139325
v 3.72197361 1.98811345 -14.22754175
v 3.42582511 1.98811345 -13.33909626
v 3.72197361 1.69196495 -13.33909626
v 3.42582511 1.98811345 -11.56220529
v 3.72197361 1.98811345 -11.85835378
v 3.72197361 1.69196495 -11.56220529
v 3.72197361 1.69196495 -10.96990830
v 3.42582511 1.98811345 -10.96990830
v 3.72197361 1.98811345 -10.67375980
v 3.42582511 1.98811345 -9.78531431
v 3.42582511 1.98811345 -9.19301732
v 3.42582511 1.98811345 -8.00842334
v 3.72197361 1.98811345 -8.30457184
v 3.72197361 1.69196495 -8.00842334
v 3.72197361 1.69196495 -3.86234440
v 3.42582511 1.98811345 -3.27004741
v 3.72197361 1.98811345 -3.56619591
v 3.42582511 1.98811345 -2.08545343
v 3.72197361 1.98811345 -2.38160192
v 3.42582511 1.98811345 -1.49315644
v 3.42582511 1.98811345 -0.90085944
v 3.72197361 1.98811345 -0.60471095
v 3.42582511 1.98811345 0.28373454
v 3.72197361 1.69196495 0.87603153
v 3.42582511 1.98811345 0.87603153
v 3.72197361 1.98811345 1.17218002
v 3.42582511 1.98811345 6.20670445
v 3.72197361 1.98811345 5.91055596
v 3.42582511 1.98811345 7.39129843
v 3.72197361 1.98811345 7.09514994
v 3.42582511 2.58041044 -15.11598724
v 3.72197361 2.28426194 -15.11598724
v 3.72197361 2.58041044 -15.41213573
v 3.42582511 2.58041044 -14.52369024
v 3.72197361 2.28426194 -14.52369024
v 3.42582511 2.58041044 -13.93139325
v 3.42582511 2.58041044 -13.33909626
v 3.42582511 2.58041044 -12.15450228
v 3.72197361 2.58041044 -12.45065077
v 3.72197361 2.28426194 -12.15450228
v 3.72197361 2.28426194 -11.56220529
v 3.72197361 2.58041044 -11.85835378
v 3.72197361 2.28426194 -10.96990830
v 3.42582511 2.58041044 -9.78531431
v 3.42582511 2.58041044 -9.19301732
v 3.42582511 2.58041044 -8.00842334
v 3.72197361 2.58041044 -8.30457184
v 3.42582511 2.58041044 -3.27004741
v 3.72197361 2.58041044 -3.56619591
v 3.72197361 2.28426194 -2.08545343
v 3.42582511 2.58041044 -1.49315644
v 3.72197361 2.58041044 -1.78930493
v 3.42582511 2.58041044 -0.90085944
v 3.72197361 2.58041044 -0.60471095
v 3.42582511 2.58041044 0.28373454
v 3.42582511 2.58041044 0.87603153
v 3.72197361 2.58041044 1.17218002
v 3.42582511 2.58041044 6.20670445
v 3.72197361 2.58041044 5.91055596
v 3.72197361 2.28426194 7.39129843
v 3.42582511 2.58041044 7.98359542
v 3.72197361 2.58041044 7.68744693
v 3.42582511 3.17270743 -16.30058122
v 3.72197361 2.87655893 -16.30058122
v 3.72197361 3.17270743 -16.59672971
v 3.42582511 3.17270743 -15.70828423
v 3.72197361 2.87655893 -15.70828423
v 3.42582511 3.17270743 -15.11598724
v 3.42582511 3.17270743 -14.52369024
v 3.42582511 3.17270743 -13.93139325
v 3.42582511 3.17270743 -13.33909626
v 3.42582511 3.17270743 -12.15450228
v 3.72197361 2.87655893 -12.15450228
v 3.42582511 3.17270743 -11.56220529
v 3.42582511 3.17270743 -10.96990830
v 3.42582511 3.17270743 -10.37761131
v 3.42582511 3.17270743 -9.78531431
v 3.72197361 3.17270743 -9.48916582
v 3.72197361 2.87655893 -9.19301732
v 3.72197361 3.17270743 -8.89686883
v 3.72197361 2.87655893 -8.00842334
v 3.72197361 3.17270743 -7.71227484
v 3.42582511 3.17270743 -3.27004741
v 3.72197361 3.17270743 -3.56619591
v 3.42582511 3.17270743 -2.67775042
v 3.42582511 3.17270743 -1.49315644
v 3.72197361 3.17270743 -1.78930493
v 3.42582511 3.17270743 -0.90085944
v 3.72197361 2.87655893 -0.30856245
v 3.42582511 3.17270743 -0.30856245
v 3.72197361 3.17270743 -0.01241396
v 3.42582511 3.17270743 0.87603153
v 3.72197361 3.17270743 1.17218002
v 3.42582511 3.17270743 6.20670445
v 3.72197361 3.17270743 5.91055596
v 3.42582511 3.17270743 7.98359542
v 3.72197361 3.17270743 7.68744693
v 3.42582511 3.76500442 -16.30058122
v 3.72197361 3.76500442 -16.59672971
v 3.42582511 3.76500442 -15.70828423
v 3.42582511 3.76500442 -15.11598724
v 3.42582511 3.76500442 -14.52369024
v 3.42582511 3.76500442 -13.93139325
v 3.42582511 3.76500442 -13.33909626
v 3.42582511 3.76500442 -12.74679927
v 3.42582511 3.76500442 -12.15450228
v 3.42582511 3.76500442 -11.56220529
v 3.42582511 3.76500442 -10.96990830
v 3.42582511 3.76500442 -10.37761131
v 3.72197361 3.76500442 -10.08146281
v 3.72197361 3.46885593 -9.78531431
v 3.42582511 3.76500442 -8.60072033
v 3.72197361 3.76500442 -8.89686883
v 3.42582511 3.76500442 -7.41612635
v 3.72197361 3.76500442 -7.71227484
v 3.42582511 3.76500442 -3.86234440
v 3.72197361 3.46885593 -3.86234440
v 3.72197361 3.76500442 -4.15849290
v 3.72197361 3.46885593 -2.08545343
v 3.42582511 3.76500442 -2.08545343
v 3.72197361 3.76500442 -2.38160192
v 3.42582511 3.76500442 -1.49315644
v 3.42582511 3.76500442 -0.90085944
v 3.42582511 3.76500442 -0.30856245
v 3.72197361 3.76500442 -0.01241396
v 3.42582511 3.76500442 0.87603153
v 3.72197361 3.76500442 1.17218002
v 3.42582511 3.76500442 5.61440746
v 3.72197361 3.46885593 5.61440746
v 3.72197361 3.76500442 5.31825896
v 3.42582511 3.76500442 6.20670445
v 3.42582511 3.76500442 7.39129843
v 3.72197361 3.76500442 7.09514994
v 3.72197361 3.46885593 7.39129843
v 3.42582511 4.35730141 -16.30058122
v 3.72197361 4.35730141 -16.59672971
v 3.42582511 4.35730141 -15.70828423
v 3.42582511 4.35730141 -15.11598724
v 3.72197361 4.35730141 -14.81983874
v 3.72197361 4.06115292 -14.52369024
v 3.72197361 4.06115292 -13.93139325
v 3.72197361 4.06115292 -13.33909626
v 3.72197361 4.06115292 -12.74679927
v 3.72197361 4.06115292 -12.15450228
v 3.72197361 4.06115292 -11.56220529
v 3.72197361 4.06115292 -10.96990830
v 3.72197361 4.06115292 -10.37761131
v 3.72197361 4.06115292 -8.60072033
v 3.72197361 4.06115292 -8.00842334
v 3.72197361 4.06115292 -7.41612635
v 3.72197361 4.35730141 -7.71227484
v 3.72197361 4.06115292 -6.82382936
v 3.72197361 4.06115292 -6.23153237
v 3.72197361 4.35730141 -5.93538387
v 3.42582511 4.35730141 -5.04693838
v 3.72197361 4.06115292 -5.04693838
v 3.72197361 4.35730141 -5.34308688
v 3.72197361 4.06115292 -4.45464139
v 3.42582511 4.35730141 -2.67775042
v 3.72197361 4.35730141 -2.97389891
v 3.72197361 4.06115292 -2.67775042
v 3.42582511 4.35730141 -2.08545343
v 3.42582511 4.35730141 -1.49315644
v 3.42582511 4.35730141 -0.90085944
v 3.42582511 4.35730141 -0.30856245
v 3.72197361 4.35730141 -0.01241396
v 3.42582511 4.35730141 0.87603153
v 3.72197361 4.06115292 1.46832852
v 3.42582511 4.35730141 1.46832852
v 3.42582511 4.35730141 2.06062551
v 3.72197361 4.06115292 2.06062551
v 3.72197361 4.35730141 2.35677401
v 3.42582511 4.35730141 5.02211047
v 3.72197361 4.06115292 5.02211047
v 3.72197361 4.35730141 4.72596197
v 3.42582511 4.35730141 5.61440746
v 3.72197361 4.06115292 6.79900144
v 3.42582511 4.35730141 6.79900144
v 3.72197361 4.35730141 6.50285295
v 3.42582511 4.35730141 7.39129843
v 3.42582511 4.94959840 -16.30058122
v 3.72197361 4.94959840 -16.59672971
v 3.42582511 4.94959840 -15.70828423
v 3.72197361 4.94959840 -15.41213573
v 3.72197361 4.65344991 -15.11598724
v 3.72197361 4.65344991 -7.41612635
v 3.72197361 4.65344991 -6.82382936
v 3.42582511 4.94959840 -6.82382936
v 3.72197361 4.94959840 -6.52768086
v 3.72197361 4.65344991 -5.63923537
v 3.42582511 4.94959840 -3.86234440
v 3.72197361 4.94959840 -4.15849290
v 3.72197361 4.65344991 -3.86234440
v 3.72197361 4.65344991 -3.27004741
v 3.72197361 4.94959840 -0.01241396
v 3.42582511 4.94959840 2.06062551
v 3.72197361 4.65344991 2.65292250
v 3.42582511 4.94959840 2.65292250
v 3.42582511 4.94959840 3.24521949
v 3.72197361 4.65344991 3.24521949
v 3.42582511 4.94959840 3.83751649
v 3.72197361 4.65344991 3.83751649
v 3.42582511 4.94959840 4.42981348
v 3.72197361 4.65344991 4.42981348
v 3.42582511 4.94959840 5.02211047
v 3.72197361 4.65344991 6.20670445
v 3.42582511 4.94959840 6.20670445
v 3.72197361 4.94959840 5.91055596
v 3.42582511 4.94959840 6.79900144
v 3.72197361 5.24574690 -16.30058122
v 3.72197361 5.24574690 -15.70828423
v 3.72197361 5.24574690 -6.23153237
v 3.72197361 5.24574690 -5.63923537
v 3.72197361 5.24574690 -5.04693838
v 3.72197361 5.24574690 -4.45464139
v 3.72197361 5.24574690 0.28373454
v 3.42582511 5.54189540 0.28373454
v 3.72197361 5.24574690 0.87603153
v 3.42582511 5.54189540 0.87603153
v 3.72197361 5.54189540 1.17218002
v 3.42582511 5.54189540 3.83751649
v 3.72197361 5.24574690 5.61440746
v 3.42582511 5.54189540 5.61440746
v 3.72197361 5.54189540 5.31825896
v 3.42582511 5.54189540 6.20670445
v 3.72197361 5.83804389 1.46832852
v 3.42582511 6.13419239 1.46832852
v 3.72197361 5.83804389 2.06062551
v 3.42582511 6.13419239 2.06062551
v 3.72197361 5.83804389 2.65292250
v 3.42582511 6.13419239 2.65292250
v 3.72197361 6.13419239 2.94907100
v 3.72197361 5.83804389 4.42981348
v 3.42582511 6.13419239 4.42981348
v 3.72197361 6.13419239 4.13366498
v 3.72197361 5.83804389 5.02211047
v 3.42582511 6.13419239 5.02211047
v 3.72197361 6.43034088 3.24521949
v 3.72197361 6.43034088 3.83751649
v 4.01812211 -5.11945045 9.76048640
v 4.01812211 -5.11945045 10.35278339
v 4.01812211 -4.52715346 9.76048640
v 4.01812211 -4.52715346 10.35278339
v 4.01812211 -2.15796549 3.24521949
v 4.01812211 -2.15796549 3.83751649
v 4.01812211 -2.15796549 4.42981348
v 4.01812211 -2.15796549 5.02211047
v 4.01812211 -1.56566850 0.87603153
v 4.01812211 -1.56566850 1.46832852
v 4.31427060 -1.56566850 1.76447702
v 4.31427060 -1.86181700 2.06062551
v 4.31427060 -1.86181700 2.65292250
v 4.31427060 -1.86181700 3.24521949
v 4.31427060 -1.86181700 3.83751649
v 4.31427060 -1.86181700 4.42981348
v 4.31427060 -1.86181700 5.02211047
v 4.01812211 -1.56566850 5.61440746
v 4.31427060 -1.56566850 5.31825896
v 4.01812211 -0.97337151 0.28373454
v 4.01812211 -0.97337151 0.87603153
v 4.31427060 -0.97337151 1.17218002
v 4.31427060 -1.26952000 1.46832852
v 4.31427060 -0.97337151 2.35677401
v 4.31427060 -1.26952000 2.65292250
v 4.31427060 -1.26952000 3.24521949
v 4.31427060 -1.26952000 3.83751649
v 4.01812211 -0.97337151 4.42981348
v 4.31427060 -0.97337151 4.13366498
v 4.31427060 -1.26952000 5.61440746
v 4.31427060 -0.97337151 5.91055596
v 4.01812211 -0.38107452 -8.00842334
v 4.31427060 -0.67722301 -8.00842334
v 4.31427060 -0.38107452 -8.30457184
v 4.31427060 -0.67722301 -7.41612635
v 4.31427060 -0.67722301 -6.82382936
v 4.31427060 -0.67722301 -6.23153237
v 4.31427060 -0.67722301 -5.63923537
v 4.31427060 -0.38107452 -5.34308688
v 4.01812211 -0.38107452 0.28373454
v 4.31427060 -0.38107452 0.57988303
v 4.31427060 -0.67722301 0.87603153
v 4.31427060 -0.38107452 1.76447702
v 4.31427060 -0.67722301 2.06062551
v 4.31427060 -0.67722301 4.42981348
v 4.01812211 -0.38107452 5.02211047
v 4.31427060 -0.38107452 4.72596197
v 4.31427060 -0.67722301 6.20670445
v 4.01812211 -0.38107452 6.79900144
v 4.31427060 -0.38107452 6.50285295
v 4.01812211 0.21122247 -10.96990830
v 4.31427060 -0.08492602 -10.96990830
v 4.31427060 0.21122247 -11.26605679
v 4.01812211 0.21122247 -10.37761131
v 4.31427060 -0.08492602 -10.37761131
v 4.31427060 0.21122247 -10.08146281
v 4.01812211 0.21122247 -9.19301732
v 4.31427060 -0.08492602 -9.19301732
v 4.31427060 0.21122247 -9.48916582
v 4.01812211 0.21122247 -8.60072033
v 4.31427060 -0.08492602 -8.60072033
v 4.01812211 0.21122247 -6.82382936
v 4.31427060 0.21122247 -7.11997785
v 4.31427060 -0.08492602 -6.82382936
v 4.31427060 -0.08492602 -6.23153237
v 4.01812211 0.21122247 -6.23153237
v 4.31427060 0.21122247 -5.93538387
v 4.31427060 -0.08492602 -5.04693838
v 4.31427060 -0.08492602 -4.45464139
v 4.31427060 0.21122247 -4.15849290
v 4.01812211 0.21122247 -0.30856245
v 4.01812211 0.21122247 0.28373454
v 4.31427060 0.21122247 0.57988303
v 4.01812211 0.21122247 1.46832852
v 4.31427060 0.21122247 1.76447702
v 4.01812211 0.21122247 5.02211047
v 4.31427060 0.21122247 4.72596197
v 4.01812211 0.21122247 5.61440746
v 4.01812211 0.21122247 6.79900144
v 4.31427060 0.21122247 6.50285295
v 4.01812211 0.80351947 -12.74679927
v 4.31427060 0.50737097 -12.74679927
v 4.31427060 0.80351947 -13.04294777
v 4.31427060 0.50737097 -12.15450228
v 4.31427060 0.50737097 -11.56220529
v 4.31427060 0.50737097 -9.78531431
v 4.01812211 0.80351947 -9.19301732
v 4.01812211 0.80351947 -7.41612635
v 4.31427060 0.80351947 -7.71227484
v 4.31427060 0.50737097 -7.41612635
v 4.31427060 0.50737097 -5.63923537
v 4.01812211 0.80351947 -5.04693838
v 4.31427060 0.80351947 -5.34308688
v 4.31427060 0.50737097 -3.86234440
v 4.01812211 0.80351947 -3.27004741
v 4.31427060 0.80351947 -3.56619591
v 4.01812211 0.80351947 -0.30856245
v 4.01812211 0.80351947 0.28373454
v 4.31427060 0.80351947 0.57988303
v 4.01812211 0.80351947 1.46832852
v 4.31427060 0.80351947 1.76447702
v 4.01812211 0.80351947 5.02211047
v 4.31427060 0.80351947 4.72596197
v 4.01812211 0.80351947 5.61440746
v 4.01812211 0.80351947 6.79900144
v 4.31427060 0.80351947 6.50285295
v 4.01812211 1.39581646 -13.93139325
v 4.31427060 1.09966796 -13.93139325
v 4.31427060 1.39581646 -14.22754175
v 4.01812211 1.39581646 -13.33909626
v 4.31427060 1.09966796 -13.33909626
v 4.01812211 1.39581646 -11.56220529
v 4.31427060 1.39581646 -11.85835378
v 4.31427060 1.09966796 -11.56220529
v 4.31427060 1.09966796 -10.96990830
v 4.01812211 1.39581646 -10.96990830
v 4.31427060 1.09966796 -10.37761131
v 4.01812211 1.39581646 -10.37761131
v 4.31427060 1.39581646 -10.08146281
v 4.31427060 1.09966796 -8.60072033
v 4.01812211 1.39581646 -8.60072033
v 4.31427060 1.39581646 -8.89686883
v 4.31427060 1.09966796 -8.00842334
v 4.01812211 1.39581646 -8.00842334
v 4.31427060 1.09966796 -5.04693838
v 4.31427060 1.09966796 -4.45464139
v 4.31427060 1.39581646 -4.15849290
v 4.01812211 1.39581646 -3.27004741
v 4.31427060 1.39581646 -3.56619591
v 4.01812211 1.39581646 -2.67775042
v 4.01812211 1.39581646 -0.30856245
v 4.01812211 1.39581646 0.28373454
v 4.31427060 1.39581646 0.57988303
v 4.01812211 1.39581646 0.87603153
v 4.01812211 1.39581646 1.46832852
v 4.31427060 1.39581646 1.76447702
v 4.31427060 1.09966796 5.02211047
v 4.31427060 1.39581646 5.31825896
v 4.01812211 1.39581646 5.61440746
v 4.01812211 1.39581646 6.79900144
v 4.31427060 1.39581646 6.50285295
v 4.01812211 1.98811345 -16.30058122
v 4.31427060 1.69196495 -16.30058122
v 4.31427060 1.98811345 -16.59672971
v 4.01812211 1.98811345 -15.70828423
v 4.31427060 1.69196495 -15.70828423
v 4.01812211 1.98811345 -15.11598724
v 4.31427060 1.69196495 -15.11598724
v 4.01812211 1.98811345 -14.52369024
v 4.31427060 1.69196495 -14.52369024
v 4.31427060 1.69196495 -12.74679927
v 4.01812211 1.98811345 -12.74679927
v 4.31427060 1.98811345 -13.04294777
v 4.31427060 1.69196495 -12.15450228
v 4.01812211 1.98811345 -12.15450228
v 4.01812211 1.98811345 -10.37761131
v 4.31427060 1.69196495 -9.78531431
v 4.01812211 1.98811345 -9.78531431
v 4.31427060 1.69196495 -9.19301732
v 4.01812211 1.98811345 -9.19301732
v 4.01812211 1.98811345 -8.60072033
v 4.01812211 1.98811345 -3.86234440
v 4.31427060 1.98811345 -4.15849290
v 4.31427060 1.69196495 -3.27004741
v 4.01812211 1.98811345 -2.67775042
v 4.31427060 1.98811345 -2.97389891
v 4.01812211 1.98811345 -0.30856245
v 4.01812211 1.98811345 0.28373454
v 4.31427060 1.98811345 0.57988303
v 4.01812211 1.98811345 1.46832852
v 4.31427060 1.98811345 1.76447702
v 4.01812211 1.98811345 5.61440746
v 4.31427060 1.98811345 5.31825896
v 4.01812211 1.98811345 6.79900144
v 4.31427060 1.98811345 6.50285295
v 4.01812211 2.58041044 -16.30058122
v 4.31427060 2.58041044 -16.59672971
v 4.01812211 2.58041044 -15.70828423
v 4.01812211 2.58041044 -13.33909626
v 4.31427060 2.58041044 -13.63524476
v 4.31427060 2.28426194 -13.33909626
v 4.01812211 2.58041044 -12.74679927
v 4.01812211 2.58041044 -11.56220529
v 4.01812211 2.58041044 -10.96990830
v 4.01812211 2.58041044 -10.37761131
v 4.31427060 2.58041044 -10.08146281
v 4.31427060 2.28426194 -9.78531431
v 4.31427060 2.28426194 -9.19301732
v 4.01812211 2.58041044 -8.60072033
v 4.31427060 2.58041044 -8.89686883
v 4.01812211 2.58041044 -3.86234440
v 4.31427060 2.58041044 -4.15849290
v 4.01812211 2.58041044 -2.67775042
v 4.31427060 2.58041044 -2.97389891
v 4.01812211 2.58041044 -2.08545343
v 4.01812211 2.58041044 -0.30856245
v 4.01812211 2.58041044 0.28373454
v 4.31427060 2.58041044 0.57988303
v 4.01812211 2.58041044 1.46832852
v 4.31427060 2.28426194 2.06062551
v 4.01812211 2.58041044 2.06062551
v 4.31427060 2.58041044 2.35677401
v 4.01812211 2.58041044 5.61440746
v 4.31427060 2.58041044 5.31825896
v 4.01812211 2.58041044 6.79900144
v 4.31427060 2.58041044 6.50285295
v 4.01812211 2.58041044 7.39129843
v 4.31427060 3.17270743 -16.59672971
v 4.01812211 3.17270743 -15.70828423
v 4.31427060 3.17270743 -16.00443272
v 4.31427060 2.87655893 -15.70828423
v 4.31427060 3.17270743 -15.41213573
v 4.01812211 3.17270743 -13.93139325
v 4.31427060 3.17270743 -14.22754175
v 4.31427060 2.87655893 -13.93139325
v 4.01812211 3.17270743 -13.33909626
v 4.01812211 3.17270743 -12.74679927
v 4.01812211 3.17270743 -12.15450228
v 4.01812211 3.17270743 -11.56220529
v 4.01812211 3.17270743 -10.96990830
v 4.31427060 3.17270743 -10.67375980
v 4.31427060 2.87655893 -10.37761131
v 4.01812211 3.17270743 -9.19301732
v 4.31427060 2.87655893 -8.60072033
v 4.01812211 3.17270743 -8.00842334
v 4.31427060 3.17270743 -8.30457184
v 4.01812211 3.17270743 -3.86234440
v 4.31427060 3.17270743 -4.15849290
v 4.01812211 3.17270743 -2.67775042
v 4.31427060 3.17270743 -2.97389891
v 4.01812211 3.17270743 -2.08545343
v 4.01812211 3.17270743 0.28373454
v 4.31427060 3.17270743 0.57988303
v 4.01812211 3.17270743 1.46832852
v 4.01812211 3.17270743 2.06062551
v 4.31427060 2.87655893 2.65292250
v 4.01812211 3.17270743 2.65292250
v 4.31427060 3.17270743 2.94907100
v 4.01812211 3.17270743 5.02211047
v 4.31427060 2.87655893 5.02211047
v 4.31427060 3.17270743 4.72596197
v 4.01812211 3.17270743 5.61440746
v 4.01812211 3.17270743 6.79900144
v 4.31427060 3.17270743 6.50285295
v 4.01812211 3.17270743 7.39129843
v 4.31427060 3.76500442 -16.59672971
v 4.01812211 3.76500442 -15.70828423
v 4.31427060 3.76500442 -16.00443272
v 4.31427060 3.46885593 -15.11598724
v 4.01812211 3.76500442 -15.11598724
v 4.31427060 3.76500442 -14.81983874
v 4.31427060 3.46885593 -13.93139325
v 4.31427060 3.46885593 -13.33909626
v 4.31427060 3.46885593 -12.74679927
v 4.31427060 3.46885593 -12.15450228
v 4.31427060 3.46885593 -11.56220529
v 4.31427060 3.46885593 -10.96990830
v 4.01812211 3.76500442 -9.78531431
v 4.31427060 3.76500442 -9.48916582
v 4.31427060 3.46885593 -9.19301732
v 4.31427060 3.76500442 -8.89686883
v 4.31427060 3.46885593 -8.00842334
v 4.31427060 3.46885593 -7.41612635
v 4.01812211 3.76500442 -7.41612635
v 4.31427060 3.76500442 -7.11997785
v 4.01812211 3.76500442 -4.45464139
v 4.31427060 3.46885593 -4.45464139
v 4.31427060 3.76500442 -4.75078989
v 4.01812211 3.76500442 -2.67775042
v 4.31427060 3.76500442 -2.97389891
v 4.01812211 3.76500442 0.28373454
v 4.31427060 3.76500442 0.57988303
v 4.01812211 3.76500442 1.46832852
v 4.01812211 3.76500442 2.06062551
v 4.01812211 3.76500442 2.65292250
v 4.31427060 3.46885593 3.24521949
v 4.01812211 3.76500442 3.24521949
v 4.31427060 3.76500442 3.54136799
v 4.01812211 3.76500442 4.42981348
v 4.31427060 3.46885593 4.42981348
v 4.31427060 3.76500442 4.13366498
v 4.01812211 3.76500442 5.02211047
v 4.01812211 3.76500442 6.79900144
v 4.31427060 3.76500442 6.50285295
v 4.31427060 4.35730141 -16.59672971
v 4.01812211 4.35730141 -15.70828423
v 4.31427060 4.35730141 -16.00443272
v 4.31427060 4.35730141 -15.41213573
v 4.31427060 4.06115292 -15.11598724
v 4.01812211 4.35730141 -14.52369024
v 4.01812211 4.35730141 -13.93139325
v 4.01812211 4.35730141 -13.33909626
v 4.01812211 4.35730141 -12.74679927
v 4.01812211 4.35730141 -12.15450228
v 4.01812211 4.35730141 -11.56220529
v 4.01812211 4.35730141 -10.96990830
v 4.31427060 4.35730141 -10.67375980
v 4.31427060 4.06115292 -10.37761131
v 4.31427060 4.06115292 -9.78531431
v 4.31427060 4.06115292 -8.60072033
v 4.31427060 4.06115292 -8.00842334
v 4.31427060 4.35730141 -7.71227484
v 4.31427060 4.06115292 -6.82382936
v 4.31427060 4.06115292 -6.23153237
v 4.01812211 4.35730141 -5.63923537
v 4.31427060 4.06115292 -5.63923537
v 4.31427060 4.06115292 -5.04693838
v 4.01812211 4.35730141 -3.27004741
v 4.31427060 4.35730141 -3.56619591
v 4.31427060 4.06115292 -3.27004741
v 4.01812211 4.35730141 0.28373454
v 4.31427060 4.06115292 0.87603153
v 4.01812211 4.35730141 0.87603153
v 4.31427060 4.35730141 1.17218002
v 4.01812211 4.35730141 2.65292250
v 4.01812211 4.35730141 3.24521949
v 4.31427060 4.06115292 3.83751649
v 4.01812211 4.35730141 3.83751649
v 4.01812211 4.35730141 4.42981348
v 4.01812211 4.35730141 6.20670445
v 4.31427060 4.35730141 5.91055596
v 4.31427060 4.06115292 6.20670445
v 4.31427060 4.94959840 -16.59672971
v 4.31427060 4.65344991 -15.70828423
v 4.01812211 4.94959840 -15.11598724
v 4.31427060 4.94959840 -14.81983874
v 4.31427060 4.65344991 -14.52369024
v 4.31427060 4.65344991 -13.93139325
v 4.31427060 4.65344991 -13.33909626
v 4.31427060 4.65344991 -12.74679927
v 4.31427060 4.65344991 -12.15450228
v 4.31427060 4.65344991 -11.56220529
v 4.31427060 4.65344991 -10.96990830
v 4.31427060 4.65344991 -7.41612635
v 4.31427060 4.65344991 -6.82382936
v 4.31427060 4.94959840 -6.52768086
v 4.01812211 4.94959840 -4.45464139
v 4.31427060 4.94959840 -4.75078989
v 4.31427060 4.65344991 -4.45464139
v 4.31427060 4.65344991 -3.86234440
v 4.01812211 4.94959840 0.28373454
v 4.01812211 4.94959840 0.87603153
v 4.31427060 4.65344991 1.46832852
v 4.01812211 4.94959840 1.46832852
v 4.31427060 4.65344991 2.06062551
v 4.01812211 4.94959840 2.06062551
v 4.31427060 4.94959840 2.35677401
v 4.01812211 4.94959840 5.61440746
v 4.31427060 4.94959840 5.31825896
v 4.31427060 4.65344991 5.61440746
v 4.31427060 5.24574690 -16.30058122
v 4.31427060 5.24574690 -15.70828423
v 4.31427060 5.24574690 -15.11598724
v 4.31427060 5.24574690 -6.23153237
v 4.31427060 5.24574690 -5.63923537
v 4.31427060 5.24574690 -5.04693838
v 4.01812211 5.54189540 1.46832852
v 4.01812211 5.54189540 2.06062551
v 4.31427060 5.24574690 2.65292250
v 4.01812211 5.54189540 2.65292250
v 4.31427060 5.24574690 3.24521949
v 4.01812211 5.54189540 3.24521949
v 4.31427060 5.24574690 3.83751649
v 4.01812211 5.54189540 3.83751649
v 4.31427060 5.24574690 4.42981348
v 4.01812211 5.54189540 4.42981348
v 4.31427060 5.24574690 5.02211047
v 4.01812211 5.54189540 5.02211047
v 4.01812211 6.13419239 3.24521949
v 4.01812211 6.13419239 3.83751649
v 4.61041910 -2.15796549 2.65292250
v 4.90656759 -2.45411399 2.65292250
v 4.90656759 -2.15796549 2.35677401
v 4.61041910 -2.15796549 3.24521949
v 4.90656759 -2.45411399 3.24521949
v 4.90656759 -2.15796549 3.54136799
v 4.61041910 -1.56566850 1.46832852
v 4.90656759 -1.86181700 1.46832852
v 4.90656759 -1.56566850 1.17218002
v 4.90656759 -1.86181700 2.06062551
v 4.90656759 -1.86181700 3.83751649
v 4.90656759 -1.86181700 4.42981348
v 4.61041910 -1.56566850 5.02211047
v 4.90656759 -1.56566850 4.72596197
v 4.90656759 -0.97337151 1.17218002
v 4.90656759 -0.97337151 2.35677401
v 4.90656759 -1.26952000 2.65292250
v 4.90656759 -1.26952000 3.24521949
v 4.90656759 -1.26952000 3.83751649
v 4.90656759 -0.97337151 4.13366498
v 4.90656759 -1.26952000 5.02211047
v 4.61041910 -0.97337151 5.61440746
v 4.90656759 -0.97337151 5.31825896
v 4.90656759 -0.67722301 -8.00842334
v 4.90656759 -0.38107452 -8.30457184
v 4.90656759 -0.67722301 -7.41612635
v 4.90656759 -0.67722301 -6.82382936
v 4.90656759 -0.67722301 -6.23153237
v 4.90656759 -0.67722301 -5.63923537
v 4.90656759 -0.38107452 -5.34308688
v 4.61041910 -0.38107452 0.87603153
v 4.90656759 -0.38107452 1.17218002
v 4.90656759 -0.38107452 1.76447702
v 4.90656759 -0.67722301 2.06062551
v 4.61041910 -0.38107452 4.42981348
v 4.90656759 -0.38107452 4.13366498
v 4.61041910 -0.38107452 5.61440746
v 4.90656759 -0.38107452 5.31825896
v 4.61041910 -0.38107452 6.20670445
v 4.90656759 -0.08492602 -10.96990830
v 4.90656759 0.21122247 -11.26605679
v 4.90656759 -0.08492602 -10.37761131
v 4.61041910 0.21122247 -9.78531431
v 4.90656759 -0.08492602 -9.78531431
v 4.90656759 -0.08492602 -9.19301732
v 4.90656759 -0.08492602 -8.60072033
v 4.61041910 0.21122247 -7.41612635
v 4.90656759 0.21122247 -7.71227484
v 4.90656759 -0.08492602 -7.41612635
v 4.90656759 -0.08492602 -6.82382936
v 4.90656759 -0.08492602 -6.23153237
v 4.90656759 0.21122247 -5.93538387
v 4.90656759 -0.08492602 -5.04693838
v 4.61041910 0.21122247 -4.45464139
v 4.90656759 0.21122247 -4.75078989
v 4.61041910 0.21122247 0.87603153
v 4.90656759 0.21122247 1.17218002
v 4.90656759 0.21122247 1.76447702
v 4.90656759 -0.08492602 4.42981348
v 4.90656759 0.21122247 4.72596197
v 4.61041910 0.21122247 5.61440746
v 4.90656759 0.21122247 5.31825896
v 4.61041910 0.21122247 6.20670445
v 4.90656759 0.50737097 -12.74679927
v 4.90656759 0.80351947 -13.04294777
v 4.90656759 0.50737097 -12.15450228
v 4.90656759 0.50737097 -11.56220529
v 4.90656759 0.50737097 -9.19301732
v 4.61041910 0.80351947 -9.19301732
v 4.90656759 0.80351947 -9.48916582
v 4.90656759 0.50737097 -8.60072033
v 4.61041910 0.80351947 -8.60072033
v 4.90656759 0.50737097 -8.00842334
v 4.61041910 0.80351947 -8.00842334
v 4.90656759 0.50737097 -5.63923537
v 4.90656759 0.80351947 -5.34308688
v 4.90656759 0.50737097 -4.45464139
v 4.61041910 0.80351947 -3.86234440
v 4.90656759 0.80351947 -4.15849290
v 4.61041910 0.80351947 0.87603153
v 4.90656759 0.80351947 1.17218002
v 4.90656759 0.80351947 1.76447702
v 4.90656759 0.80351947 4.72596197
v 4.90656759 0.50737097 5.61440746
v 4.61041910 0.80351947 6.20670445
v 4.90656759 0.80351947 5.91055596
v 4.61041910 1.39581646 -16.30058122
v 4.90656759 1.09966796 -16.30058122
v 4.90656759 1.39581646 -16.59672971
v 4.61041910 1.39581646 -15.70828423
v 4.90656759 1.09966796 -15.70828423
v 4.61041910 1.39581646 -15.11598724
v 4.90656759 1.09966796 -15.11598724
v 4.61041910 1.39581646 -14.52369024
v 4.90656759 1.09966796 -14.52369024
v 4.90656759 1.09966796 -13.93139325
v 4.90656759 1.09966796 -13.33909626
v 4.90656759 1.09966796 -12.74679927
v 4.61041910 1.39581646 -12.74679927
v 4.90656759 1.39581646 -13.04294777
v 4.90656759 1.09966796 -12.15450228
v 4.61041910 1.39581646 -12.15450228
v 4.90656759 1.09966796 -11.56220529
v 4.90656759 1.09966796 -10.96990830
v 4.90656759 1.09966796 -10.37761131
v 4.90656759 1.09966796 -9.78531431
v 4.61041910 1.39581646 -9.78531431
v 4.61041910 1.39581646 -9.19301732
v 4.90656759 1.09966796 -5.04693838
v 4.61041910 1.39581646 -4.45464139
v 4.90656759 1.39581646 -4.75078989
v 4.90656759 1.09966796 -3.86234440
v 4.90656759 1.39581646 -3.56619591
v 4.61041910 1.39581646 0.87603153
v 4.90656759 1.39581646 1.17218002
v 4.90656759 1.39581646 1.76447702
v 4.61041910 1.39581646 4.42981348
v 4.90656759 1.09966796 4.42981348
v 4.90656759 1.39581646 4.13366498
v 4.61041910 1.39581646 5.02211047
v 4.61041910 1.39581646 6.20670445
v 4.90656759 1.39581646 5.91055596
v 4.90656759 1.98811345 -16.59672971
v 4.61041910 1.98811345 -13.33909626
v 4.90656759 1.98811345 -13.63524476
v 4.90656759 1.69196495 -13.33909626
v 4.61041910 1.98811345 -4.45464139
v 4.90656759 1.98811345 -4.75078989
v 4.61041910 1.98811345 -3.27004741
v 4.90656759 1.98811345 -3.56619591
v 4.61041910 1.98811345 0.87603153
v 4.90656759 1.98811345 1.17218002
v 4.90656759 1.69196495 2.06062551
v 4.61041910 1.98811345 2.06062551
v 4.90656759 1.98811345 2.35677401
v 4.61041910 1.98811345 3.83751649
v 4.90656759 1.69196495 3.83751649
v 4.90656759 1.98811345 3.54136799
v 4.61041910 1.98811345 4.42981348
v 4.61041910 1.98811345 5.02211047
v 4.61041910 1.98811345 6.20670445
v 4.90656759 1.98811345 5.91055596
v 4.90656759 2.58041044 -16.59672971
v 4.61041910 2.58041044 -15.70828423
v 4.90656759 2.58041044 -16.00443272
v 4.90656759 2.28426194 -15.70828423
v 4.90656759 2.28426194 -15.11598724
v 4.61041910 2.58041044 -15.11598724
v 4.90656759 2.28426194 -14.52369024
v 4.61041910 2.58041044 -14.52369024
v 4.90656759 2.28426194 -13.93139325
v 4.61041910 2.58041044 -13.93139325
v 4.61041910 2.58041044 -9.78531431
v 4.61041910 2.58041044 -9.19301732
v 4.90656759 2.28426194 -4.45464139
v 4.90656759 2.58041044 -4.15849290
v 4.61041910 2.58041044 -3.27004741
v 4.90656759 2.58041044 -3.56619591
v 4.61041910 2.58041044 0.87603153
v 4.90656759 2.28426194 1.46832852
v 4.61041910 2.58041044 1.46832852
v 4.90656759 2.58041044 1.76447702
v 4.61041910 2.58041044 2.65292250
v 4.90656759 2.28426194 2.65292250
v 4.61041910 2.58041044 3.24521949
v 4.90656759 2.28426194 3.24521949
v 4.61041910 2.58041044 3.83751649
v 4.61041910 2.58041044 4.42981348
v 4.61041910 2.58041044 5.02211047
v 4.61041910 2.58041044 6.20670445
v 4.90656759 2.58041044 5.91055596
v 4.90656759 3.17270743 -16.59672971
v 4.90656759 3.17270743 -16.00443272
v 4.61041910 3.17270743 -15.11598724
v 4.61041910 3.17270743 -14.52369024
v 4.61041910 3.17270743 -10.37761131
v 4.90656759 3.17270743 -10.08146281
v 4.90656759 2.87655893 -9.78531431
v 4.90656759 2.87655893 -9.19301732
v 4.90656759 2.87655893 -8.60072033
v 4.61041910 3.17270743 -8.00842334
v 4.90656759 2.87655893 -8.00842334
v 4.90656759 3.17270743 -7.71227484
v 4.90656759 3.17270743 -4.15849290
v 4.61041910 3.17270743 -3.27004741
v 4.90656759 3.17270743 -3.56619591
v 4.61041910 3.17270743 0.87603153
v 4.61041910 3.17270743 1.46832852
v 4.90656759 3.17270743 1.76447702
v 4.61041910 3.17270743 3.24521949
v 4.61041910 3.17270743 3.83751649
v 4.61041910 3.17270743 4.42981348
v 4.61041910 3.17270743 6.20670445
v 4.90656759 3.17270743 5.91055596
v 4.90656759 3.76500442 -16.59672971
v 4.90656759 3.76500442 -16.00443272
v 4.61041910 3.76500442 -14.52369024
v 4.61041910 3.76500442 -13.93139325
v 4.61041910 3.76500442 -13.33909626
v 4.61041910 3.76500442 -12.74679927
v 4.61041910 3.76500442 -12.15450228
v 4.61041910 3.76500442 -11.56220529
v 4.90656759 3.76500442 -11.26605679
v 4.90656759 3.46885593 -10.96990830
v 4.90656759 3.46885593 -10.37761131
v 4.90656759 3.76500442 -9.48916582
v 4.90656759 3.46885593 -9.19301732
v 4.90656759 3.46885593 -8.60072033
v 4.61041910 3.76500442 -8.60072033
v 4.90656759 3.76500442 -8.30457184
v 4.90656759 3.46885593 -7.41612635
v 4.61041910 3.76500442 -6.82382936
v 4.90656759 3.46885593 -6.82382936
v 4.90656759 3.76500442 -6.52768086
v 4.90656759 3.46885593 -4.45464139
v 4.90656759 3.76500442 -4.75078989
v 4.61041910 3.76500442 -3.27004741
v 4.90656759 3.76500442 -3.56619591
v 4.61041910 3.76500442 0.87603153
v 4.61041910 3.76500442 1.46832852
v 4.90656759 3.76500442 1.76447702
v 4.61041910 3.76500442 3.83751649
v 4.61041910 3.76500442 5.61440746
v 4.90656759 3.76500442 5.31825896
v 4.90656759 3.46885593 5.61440746
v 4.61041910 3.76500442 6.20670445
v 4.90656759 4.35730141 -16.59672971
v 4.90656759 4.35730141 -16.00443272
v 4.90656759 4.06115292 -15.11598724
v 4.90656759 4.35730141 -15.41213573
v 4.90656759 4.06115292 -14.52369024
v 4.90656759 4.06115292 -13.93139325
v 4.90656759 4.06115292 -13.33909626
v 4.90656759 4.06115292 -12.74679927
v 4.90656759 4.06115292 -12.15450228
v 4.90656759 4.06115292 -11.56220529
v 4.61041910 4.35730141 -10.37761131
v 4.90656759 4.35730141 -10.08146281
v 4.90656759 4.06115292 -9.78531431
v 4.90656759 4.06115292 -8.00842334
v 4.90656759 4.35730141 -7.71227484
v 4.90656759 4.06115292 -6.23153237
v 4.90656759 4.06115292 -5.63923537
v 4.90656759 4.06115292 -5.04693838
v 4.61041910 4.35730141 -3.86234440
v 4.90656759 4.35730141 -4.15849290
v 4.90656759 4.06115292 -3.86234440
v 4.61041910 4.35730141 1.46832852
v 4.90656759 4.06115292 2.06062551
v 4.61041910 4.35730141 2.06062551
v 4.90656759 4.06115292 2.65292250
v 4.61041910 4.35730141 2.65292250
v 4.90656759 4.35730141 2.94907100
v 4.61041910 4.35730141 5.02211047
v 4.90656759 4.35730141 4.72596197
v 4.90656759 4.06115292 5.02211047
v 4.61041910 4.35730141 5.61440746
v 4.90656759 4.94959840 -16.59672971
v 4.90656759 4.65344991 -15.70828423
v 4.90656759 4.94959840 -14.81983874
v 4.90656759 4.65344991 -14.52369024
v 4.90656759 4.65344991 -13.93139325
v 4.90656759 4.65344991 -13.33909626
v 4.90656759 4.65344991 -12.74679927
v 4.90656759 4.65344991 -12.15450228
v 4.90656759 4.65344991 -11.56220529
v 4.90656759 4.65344991 -10.96990830
v 4.90656759 4.65344991 -10.37761131
v 4.90656759 4.65344991 -7.41612635
v 4.90656759 4.65344991 -6.82382936
v 4.90656759 4.65344991 -6.23153237
v 4.61041910 4.94959840 -6.23153237
v 4.90656759 4.65344991 -5.63923537
v 4.61041910 4.94959840 -5.63923537
v 4.90656759 4.65344991 -5.04693838
v 4.61041910 4.94959840 -5.04693838
v 4.90656759 4.65344991 -4.45464139
v 4.61041910 4.94959840 2.65292250
v 4.90656759 4.65344991 3.24521949
v 4.61041910 4.94959840 3.24521949
v 4.90656759 4.65344991 3.83751649
v 4.61041910 4.94959840 3.83751649
v 4.90656759 4.65344991 4.42981348
v 4.61041910 4.94959840 4.42981348
v 4.61041910 4.94959840 5.02211047
v 4.90656759 5.24574690 -16.30058122
v 4.90656759 5.24574690 -15.70828423
v 4.90656759 5.24574690 -15.11598724
v 5.20271609 -2.15796549 2.06062551
v 5.49886458 -2.45411399 2.06062551
v 5.49886458 -2.15796549 1.76447702
v 5.49886458 -2.45411399 2.65292250
v 5.49886458 -2.45411399 3.24521949
v 5.20271609 -2.15796549 3.83751649
v 5.49886458 -2.45411399 3.83751649
v 5.20271609 -2.15796549 4.42981348
v 5.49886458 -2.45411399 4.42981348
v 5.49886458 -2.15796549 4.72596197
v 5.49886458 -1.86181700 1.46832852
v 5.49886458 -1.56566850 1.17218002
v 5.20271609 -1.56566850 3.24521949
v 5.49886458 -1.56566850 2.94907100
v 5.49886458 -1.86181700 3.24521949
v 5.49886458 -1.56566850 3.54136799
v 5.49886458 -1.56566850 4.72596197
v 5.49886458 -0.97337151 1.17218002
v 5.20271609 -0.97337151 2.06062551
v 5.49886458 -0.97337151 1.76447702
v 5.49886458 -1.26952000 2.06062551
v 5.49886458 -1.26952000 2.65292250
v 5.49886458 -1.26952000 3.83751649
v 5.49886458 -0.97337151 4.13366498
v 5.49886458 -1.26952000 5.02211047
v 5.49886458 -0.97337151 5.31825896
v 5.20271609 -0.38107452 -8.60072033
v 5.49886458 -0.67722301 -8.60072033
v 5.49886458 -0.38107452 -8.89686883
v 5.49886458 -0.67722301 -8.00842334
v 5.49886458 -0.67722301 -7.41612635
v 5.49886458 -0.67722301 -6.82382936
v 5.49886458 -0.67722301 -6.23153237
v 5.20271609 -0.38107452 -5.63923537
v 5.49886458 -0.38107452 -5.93538387
v 5.49886458 -0.38107452 1.17218002
v 5.49886458 -0.38107452 1.76447702
v 5.49886458 -0.67722301 4.42981348
v 5.20271609 -0.38107452 4.42981348
v 5.49886458 -0.38107452 4.72596197
v 5.49886458 -0.38107452 5.31825896
v 5.20271609 0.21122247 -16.30058122
v 5.49886458 -0.08492602 -16.30058122
v 5.49886458 0.21122247 -16.59672971
v 5.20271609 0.21122247 -15.70828423
v 5.49886458 -0.08492602 -15.70828423
v 5.20271609 0.21122247 -15.11598724
v 5.49886458 -0.08492602 -15.11598724
v 5.49886458 0.21122247 -14.81983874
v 5.49886458 -0.08492602 -10.96990830
v 5.49886458 0.21122247 -11.26605679
v 5.49886458 -0.08492602 -10.37761131
v 5.49886458 -0.08492602 -9.78531431
v 5.49886458 -0.08492602 -9.19301732
v 5.49886458 -0.08492602 -8.00842334
v 5.20271609 0.21122247 -8.00842334
v 5.49886458 0.21122247 -8.30457184
v 5.49886458 -0.08492602 -7.41612635
v 5.20271609 0.21122247 -6.82382936
v 5.49886458 0.21122247 -7.11997785
v 5.20271609 0.21122247 -6.23153237
v 5.49886458 -0.08492602 -5.63923537
v 5.49886458 -0.08492602 -5.04693838
v 5.49886458 0.21122247 -4.75078989
v 5.49886458 0.21122247 1.17218002
v 5.49886458 0.21122247 1.76447702
v 5.49886458 0.21122247 4.72596197
v 5.49886458 0.21122247 5.31825896
v 5.20271609 0.80351947 -16.30058122
v 5.49886458 0.80351947 -16.59672971
v 5.20271609 0.80351947 -15.70828423
v 5.20271609 0.80351947 -15.11598724
v 5.49886458 0.80351947 -14.81983874
v 5.49886458 0.50737097 -12.74679927
v 5.49886458 0.80351947 -13.04294777
v 5.49886458 0.50737097 -12.15450228
v 5.49886458 0.50737097 -11.56220529
v 5.20271609 0.80351947 -10.37761131
v 5.49886458 0.80351947 -10.67375980
v 5.49886458 0.50737097 -10.37761131
v 5.49886458 0.50737097 -9.78531431
v 5.20271609 0.80351947 -9.78531431
v 5.49886458 0.50737097 -9.19301732
v 5.49886458 0.50737097 -8.60072033
v 5.49886458 0.50737097 -6.82382936
v 5.49886458 0.50737097 -6.23153237
v 5.20271609 0.80351947 -5.63923537
v 5.49886458 0.80351947 -5.93538387
v 5.49886458 0.50737097 -4.45464139
v 5.49886458 0.80351947 -4.15849290
v 5.49886458 0.80351947 1.17218002
v 5.49886458 0.80351947 1.76447702
v 5.20271609 0.80351947 4.42981348
v 5.49886458 0.50737097 4.42981348
v 5.49886458 0.80351947 4.13366498
v 5.20271609 0.80351947 5.61440746
v 5.49886458 0.80351947 5.31825896
v 5.49886458 1.39581646 -16.59672971
v 5.49886458 1.09966796 -14.52369024
v 5.49886458 1.09966796 -13.93139325
v 5.49886458 1.09966796 -13.33909626
v 5.20271609 1.39581646 -12.74679927
v 5.49886458 1.39581646 -12.45065077
v 5.49886458 1.09966796 -12.15450228
v 5.49886458 1.09966796 -11.56220529
v 5.49886458 1.09966796 -10.96990830
v 5.49886458 1.09966796 -5.63923537
v 5.20271609 1.39581646 -5.04693838
v 5.49886458 1.39581646 -5.34308688
v 5.20271609 1.39581646 -3.86234440
v 5.49886458 1.39581646 -4.15849290
v 5.49886458 1.39581646 1.17218002
v 5.49886458 1.09966796 2.06062551
v 5.20271609 1.39581646 2.06062551
v 5.49886458 1.39581646 2.35677401
v 5.49886458 1.39581646 4.13366498
v 5.49886458 1.09966796 5.02211047
v 5.20271609 1.39581646 5.02211047
v 5.49886458 1.39581646 4.72596197
v 5.20271609 1.39581646 5.61440746
v 5.49886458 1.98811345 -16.59672971
v 5.20271609 1.98811345 -15.70828423
v 5.49886458 1.98811345 -16.00443272
v 5.49886458 1.69196495 -15.70828423
v 5.49886458 1.69196495 -15.11598724
v 5.20271609 1.98811345 -15.11598724
v 5.49886458 1.98811345 -14.81983874
v 5.49886458 1.98811345 -13.63524476
v 5.49886458 1.69196495 -13.33909626
v 5.49886458 1.69196495 -12.74679927
v 5.49886458 1.69196495 -5.04693838
v 5.49886458 1.98811345 -4.75078989
v 5.20271609 1.98811345 -3.86234440
v 5.49886458 1.98811345 -4.15849290
v 5.49886458 1.69196495 1.46832852
v 5.20271609 1.98811345 1.46832852
v 5.49886458 1.98811345 1.76447702
v 5.20271609 1.98811345 2.65292250
v 5.49886458 1.69196495 2.65292250
v 5.20271609 1.98811345 3.24521949
v 5.49886458 1.69196495 3.24521949
v 5.49886458 1.69196495 3.83751649
v 5.20271609 1.98811345 5.02211047
v 5.49886458 1.98811345 4.72596197
v 5.20271609 1.98811345 5.61440746
v 5.49886458 2.58041044 -16.59672971
v 5.49886458 2.58041044 -16.00443272
v 5.49886458 2.28426194 -14.52369024
v 5.49886458 2.28426194 -13.93139325
v 5.20271609 2.58041044 -4.45464139
v 5.49886458 2.58041044 -4.75078989
v 5.49886458 2.28426194 -3.86234440
v 5.49886458 2.58041044 -3.56619591
v 5.49886458 2.28426194 2.06062551
v 5.20271609 2.58041044 2.06062551
v 5.49886458 2.58041044 2.35677401
v 5.20271609 2.58041044 4.42981348
v 5.49886458 2.58041044 4.13366498
v 5.49886458 2.28426194 4.42981348
v 5.20271609 2.58041044 5.02211047
v 5.20271609 2.58041044 5.61440746
v 5.49886458 3.17270743 -16.59672971
v 5.49886458 3.17270743 -16.00443272
v 5.20271609 3.17270743 -9.78531431
v 5.49886458 3.17270743 -9.48916582
v 5.49886458 2.87655893 -9.19301732
v 5.49886458 2.87655893 -8.60072033
v 5.49886458 2.87655893 -8.00842334
v 5.20271609 3.17270743 -7.41612635
v 5.49886458 2.87655893 -7.41612635
v 5.49886458 3.17270743 -7.11997785
v 5.20271609 3.17270743 -5.04693838
v 5.49886458 2.87655893 -5.04693838
v 5.49886458 3.17270743 -5.34308688
v 5.20271609 3.17270743 -4.45464139
v 5.49886458 3.17270743 -3.56619591
v 5.20271609 3.17270743 2.06062551
v 5.49886458 2.87655893 2.65292250
v 5.20271609 3.17270743 2.65292250
v 5.49886458 2.87655893 3.24521949
v 5.20271609 3.17270743 3.24521949
v 5.49886458 2.87655893 3.83751649
v 5.20271609 3.17270743 3.83751649
v 5.20271609 3.17270743 4.42981348
v 5.20271609 3.17270743 5.02211047
v 5.20271609 3.17270743 5.61440746
v 5.49886458 3.76500442 -16.59672971
v 5.49886458 3.76500442 -16.00443272
v 5.20271609 3.76500442 -14.52369024
v 5.49886458 3.46885593 -14.52369024
v 5.49886458 3.76500442 -14.81983874
v 5.20271609 3.76500442 -13.93139325
v 5.49886458 3.46885593 -13.93139325
v 5.49886458 3.76500442 -13.63524476
v 5.20271609 3.76500442 -10.96990830
v 5.49886458 3.76500442 -10.67375980
v 5.49886458 3.46885593 -10.37761131
v 5.49886458 3.46885593 -9.78531431
v 5.20271609 3.76500442 -9.19301732
v 5.49886458 3.76500442 -8.89686883
v 5.49886458 3.46885593 -8.60072033
v 5.49886458 3.76500442 -8.30457184
v 5.49886458 3.46885593 -6.82382936
v 5.20271609 3.76500442 -6.23153237
v 5.49886458 3.46885593 -6.23153237
v 5.20271609 3.76500442 -5.63923537
v 5.49886458 3.46885593 -5.63923537
v 5.20271609 3.76500442 -5.04693838
v 5.49886458 3.46885593 -3.86234440
v 5.20271609 3.76500442 -3.86234440
v 5.49886458 3.76500442 -4.15849290
v 5.20271609 3.76500442 2.06062551
v 5.20271609 3.76500442 2.65292250
v 5.20271609 3.76500442 3.24521949
v 5.20271609 3.76500442 3.83751649
v 5.20271609 3.76500442 4.42981348
v 5.20271609 3.76500442 5.02211047
v 5.49886458 4.35730141 -16.59672971
v 5.49886458 4.06115292 -15.70828423
v 5.20271609 4.35730141 -15.70828423
v 5.49886458 4.06115292 -15.11598724
v 5.49886458 4.06115292 -13.33909626
v 5.49886458 4.06115292 -12.74679927
v 5.49886458 4.06115292 -12.15450228
v 5.49886458 4.06115292 -11.56220529
v 5.49886458 4.06115292 -10.96990830
v 5.49886458 4.35730141 -10.08146281
v 5.49886458 4.06115292 -9.78531431
v 5.49886458 4.06115292 -9.19301732
v 5.49886458 4.06115292 -8.00842334
v 5.49886458 4.06115292 -7.41612635
v 5.20271609 4.35730141 -7.41612635
v 5.49886458 4.35730141 -7.11997785
v 5.49886458 4.06115292 -4.45464139
v 5.20271609 4.35730141 -4.45464139
v 5.49886458 4.35730141 -4.75078989
v 5.20271609 4.35730141 3.24521949
v 5.20271609 4.35730141 3.83751649
v 5.20271609 4.35730141 4.42981348
v 5.49886458 4.65344991 -16.30058122
v 5.20271609 4.94959840 -16.30058122
v 5.49886458 4.94959840 -16.00443272
v 5.49886458 4.65344991 -15.11598724
v 5.20271609 4.94959840 -15.11598724
v 5.49886458 4.94959840 -15.41213573
v 5.49886458 4.65344991 -14.52369024
v 5.49886458 4.65344991 -13.93139325
v 5.49886458 4.65344991 -13.33909626
v 5.49886458 4.65344991 -12.74679927
v 5.49886458 4.65344991 -12.15450228
v 5.49886458 4.65344991 -11.56220529
v 5.49886458 4.65344991 -10.96990830
v 5.49886458 4.65344991 -10.37761131
v 5.49886458 4.65344991 -6.82382936
v 5.49886458 4.65344991 -6.23153237
v 5.49886458 4.65344991 -5.63923537
v 5.49886458 4.65344991 -5.04693838
v 5.49886458 5.24574690 -15.70828423
v 5.79501308 -3.34255947 3.24521949
v 6.09116157 -3.63870797 3.24521949
v 6.09116157 -3.34255947 2.94907100
v 5.79501308 -3.34255947 3.83751649
v 6.09116157 -3.63870797 3.83751649
v 5.79501308 -3.34255947 4.42981348
v 6.09116157 -3.63870797 4.42981348
v 6.09116157 -3.34255947 4.72596197
v 5.79501308 -2.75026248 2.65292250
v 6.09116157 -3.04641098 2.65292250
v 6.09116157 -2.75026248 2.35677401
v 5.79501308 -2.75026248 3.24521949
v 5.79501308 -2.75026248 3.83751649
v 5.79501308 -2.75026248 4.42981348
v 6.09116157 -2.75026248 4.72596197
v 6.09116157 -2.45411399 2.06062551
v 6.09116157 -2.15796549 1.76447702
v 6.09116157 -2.15796549 4.72596197
v 6.09116157 -1.86181700 1.46832852
v 6.09116157 -1.56566850 1.17218002
v 5.79501308 -1.56566850 2.65292250
v 6.09116157 -1.56566850 2.35677401
v 6.09116157 -1.86181700 2.65292250
v 6.09116157 -1.86181700 3.24521949
v 6.09116157 -1.86181700 3.83751649
v 5.79501308 -1.56566850 3.83751649
v 6.09116157 -1.56566850 4.13366498
v 6.09116157 -1.86181700 5.02211047
v 5.79501308 -1.56566850 5.02211047
v 6.09116157 -1.56566850 5.31825896
v 6.09116157 -0.97337151 1.17218002
v 6.09116157 -0.97337151 1.76447702
v 6.09116157 -1.26952000 2.06062551
v 6.09116157 -1.26952000 4.42981348
v 5.79501308 -0.97337151 4.42981348
v 6.09116157 -0.97337151 4.72596197
v 6.09116157 -0.97337151 5.31825896
v 5.79501308 -0.38107452 -16.30058122
v 6.09116157 -0.67722301 -16.30058122
v 6.09116157 -0.38107452 -16.59672971
v 5.79501308 -0.38107452 -15.70828423
v 6.09116157 -0.67722301 -15.70828423
v 5.79501308 -0.38107452 -15.11598724
v 6.09116157 -0.67722301 -15.11598724
v 6.09116157 -0.38107452 -14.81983874
v 5.79501308 -0.38107452 -9.19301732
v 6.09116157 -0.67722301 -9.19301732
v 6.09116157 -0.38107452 -9.48916582
v 6.09116157 -0.67722301 -8.60072033
v 6.09116157 -0.67722301 -8.00842334
v 6.09116157 -0.67722301 -7.41612635
v 6.09116157 -0.67722301 -6.82382936
v 5.79501308 -0.38107452 -6.23153237
v 6.09116157 -0.38107452 -6.52768086
v 6.09116157 -0.38107452 1.17218002
v 6.09116157 -0.38107452 1.76447702
v 6.09116157 -0.38107452 4.72596197
v 6.09116157 -0.38107452 5.31825896
v 6.09116157 0.21122247 -16.59672971
v 6.09116157 0.21122247 -14.81983874
v 6.09116157 -0.08492602 -10.96990830
v 6.09116157 0.21122247 -11.26605679
v 6.09116157 -0.08492602 -10.37761131
v 6.09116157 -0.08492602 -9.78531431
v 6.09116157 -0.08492602 -8.60072033
v 5.79501308 0.21122247 -8.60072033
v 6.09116157 0.21122247 -8.89686883
v 6.09116157 0.21122247 -8.30457184
v 5.79501308 0.21122247 -8.00842334
v 5.79501308 0.21122247 -7.41612635
v 6.09116157 -0.08492602 -6.23153237
v 6.09116157 -0.08492602 -5.63923537
v 5.79501308 0.21122247 -5.04693838
v 6.09116157 0.21122247 -5.34308688
v 6.09116157 0.21122247 1.17218002
v 6.09116157 0.21122247 1.76447702
v 6.09116157 0.21122247 4.72596197
v 6.09116157 0.21122247 5.31825896
v 6.09116157 0.80351947 -16.59672971
v 5.79501308 0.80351947 -15.70828423
v 6.09116157 0.80351947 -16.00443272
v 6.09116157 0.50737097 -15.70828423
v 6.09116157 0.80351947 -15.41213573
v 6.09116157 0.50737097 -14.52369024
v 5.79501308 0.80351947 -14.52369024
v 6.09116157 0.80351947 -14.22754175
v 6.09116157 0.50737097 -12.74679927
v 6.09116157 0.80351947 -13.04294777
v 6.09116157 0.50737097 -12.15450228
v 6.09116157 0.50737097 -11.56220529
v 6.09116157 0.80351947 -10.67375980
v 6.09116157 0.50737097 -10.37761131
v 6.09116157 0.50737097 -9.78531431
v 6.09116157 0.50737097 -9.19301732
v 6.09116157 0.50737097 -8.00842334
v 6.09116157 0.50737097 -7.41612635
v 6.09116157 0.50737097 -6.82382936
v 5.79501308 0.80351947 -6.23153237
v 6.09116157 0.80351947 -6.52768086
v 6.09116157 0.50737097 -5.04693838
v 5.79501308 0.80351947 -4.45464139
v 6.09116157 0.80351947 -4.75078989
v 6.09116157 0.80351947 1.17218002
v 6.09116157 0.80351947 1.76447702
v 6.09116157 0.50737097 4.42981348
v 6.09116157 0.80351947 4.13366498
v 6.09116157 0.80351947 5.31825896
v 6.09116157 1.39581646 -16.59672971
v 5.79501308 1.39581646 -15.70828423
v 6.09116157 1.39581646 -16.00443272
v 6.09116157 1.09966796 -15.11598724
v 5.79501308 1.39581646 -15.11598724
v 6.09116157 1.39581646 -14.81983874
v 6.09116157 1.09966796 -13.93139325
v 6.09116157 1.09966796 -13.33909626
v 5.79501308 1.39581646 -12.15450228
v 6.09116157 1.39581646 -11.85835378
v 6.09116157 1.09966796 -11.56220529
v 6.09116157 1.09966796 -10.96990830
v 6.09116157 1.09966796 -6.23153237
v 5.79501308 1.39581646 -5.63923537
v 6.09116157 1.39581646 -5.93538387
v 5.79501308 1.39581646 -4.45464139
v 6.09116157 1.39581646 -4.75078989
v 6.09116157 1.39581646 1.17218002
v 6.09116157 1.09966796 2.06062551
v 6.09116157 1.39581646 2.35677401
v 5.79501308 1.39581646 3.83751649
v 6.09116157 1.09966796 3.83751649
v 6.09116157 1.39581646 3.54136799
v 6.09116157 1.39581646 4.72596197
v 6.09116157 1.09966796 5.02211047
v 6.09116157 1.98811345 -16.59672971
v 6.09116157 1.98811345 -16.00443272
v 6.09116157 1.98811345 -14.81983874
v 5.79501308 1.98811345 -13.33909626
v 6.09116157 1.98811345 -13.04294777
v 6.09116157 1.69196495 -12.74679927
v 6.09116157 1.69196495 -12.15450228
v 5.79501308 1.98811345 -5.63923537
v 6.09116157 1.98811345 -5.93538387
v 5.79501308 1.98811345 -5.04693838
v 6.09116157 1.69196495 -4.45464139
v 6.09116157 1.98811345 -4.15849290
v 6.09116157 1.69196495 1.46832852
v 6.09116157 1.98811345 1.76447702
v 6.09116157 1.69196495 2.65292250
v 6.09116157 1.69196495 3.24521949
v 6.09116157 1.69196495 4.42981348
v 5.79501308 1.98811345 4.42981348
v 6.09116157 1.98811345 4.13366498
v 6.09116157 2.58041044 -16.59672971
v 6.09116157 2.58041044 -16.00443272
v 6.09116157 2.28426194 -14.52369024
v 6.09116157 2.28426194 -13.93139325
v 6.09116157 2.28426194 -13.33909626
v 5.79501308 2.58041044 -9.19301732
v 6.09116157 2.28426194 -9.19301732
v 6.09116157 2.58041044 -9.48916582
v 5.79501308 2.58041044 -8.60072033
v 6.09116157 2.28426194 -8.60072033
v 5.79501308 2.58041044 -8.00842334
v 6.09116157 2.28426194 -8.00842334
v 5.79501308 2.58041044 -7.41612635
v 6.09116157 2.28426194 -7.41612635
v 5.79501308 2.58041044 -6.82382936
v 6.09116157 2.28426194 -6.82382936
v 5.79501308 2.58041044 -6.23153237
v 6.09116157 2.28426194 -6.23153237
v 5.79501308 2.58041044 -5.63923537
v 5.79501308 2.58041044 -5.04693838
v 5.79501308 2.58041044 -3.86234440
v 6.09116157 2.58041044 -4.15849290
v 6.09116157 2.28426194 2.06062551
v 6.09116157 2.28426194 2.65292250
v 5.79501308 2.58041044 2.65292250
v 6.09116157 2.28426194 3.24521949
v 5.79501308 2.58041044 3.24521949
v 6.09116157 2.28426194 3.83751649
v 5.79501308 2.58041044 3.83751649
v 6.09116157 3.17270743 -16.59672971
v 6.09116157 3.17270743 -16.00443272
v 5.79501308 3.17270743 -9.78531431
v 6.09116157 2.87655893 -9.78531431
v 6.09116157 3.17270743 -10.08146281
v 5.79501308 3.17270743 -6.82382936
v 5.79501308 3.17270743 -6.23153237
v 5.79501308 3.17270743 -5.63923537
v 6.09116157 2.87655893 -4.45464139
v 5.79501308 3.17270743 -4.45464139
v 6.09116157 3.17270743 -4.75078989
v 5.79501308 3.17270743 -3.86234440
v 6.09116157 3.76500442 -16.59672971
v 6.09116157 3.46885593 -15.70828423
v 5.79501308 3.76500442 -15.70828423
v 5.79501308 3.76500442 -15.11598724
v 6.09116157 3.46885593 -15.11598724
v 6.09116157 3.46885593 -14.52369024
v 6.09116157 3.46885593 -13.93139325
v 5.79501308 3.76500442 -13.33909626
v 6.09116157 3.46885593 -13.33909626
v 5.79501308 3.76500442 -12.74679927
v 6.09116157 3.46885593 -12.74679927
v 5.79501308 3.76500442 -12.15450228
v 6.09116157 3.46885593 -12.15450228
v 5.79501308 3.76500442 -11.56220529
v 6.09116157 3.46885593 -11.56220529
v 5.79501308 3.76500442 -10.96990830
v 6.09116157 3.46885593 -10.96990830
v 6.09116157 3.46885593 -10.37761131
v 6.09116157 3.76500442 -8.89686883
v 6.09116157 3.46885593 -8.60072033
v 6.09116157 3.46885593 -8.00842334
v 5.79501308 3.76500442 -8.00842334
v 6.09116157 3.46885593 -7.41612635
v 5.79501308 3.76500442 -7.41612635
v 6.09116157 3.76500442 -7.11997785
v 5.79501308 3.76500442 -4.45464139
v 6.09116157 3.76500442 -4.75078989
v 6.09116157 4.35730141 -16.59672971
v 6.09116157 4.06115292 -14.52369024
v 5.79501308 4.35730141 -14.52369024
v 6.09116157 4.35730141 -14.81983874
v 6.09116157 4.06115292 -13.93139325
v 5.79501308 4.35730141 -13.93139325
v 6.09116157 4.35730141 -13.63524476
v 6.09116157 4.35730141 -10.08146281
v 6.09116157 4.06115292 -9.78531431
v 6.09116157 4.06115292 -9.19301732
v 6.09116157 4.06115292 -6.82382936
v 5.79501308 4.35730141 -6.82382936
v 6.09116157 4.06115292 -6.23153237
v 5.79501308 4.35730141 -6.23153237
v 6.09116157 4.06115292 -5.63923537
v 5.79501308 4.35730141 -5.63923537
v 6.09116157 4.06115292 -5.04693838
v 5.79501308 4.35730141 -5.04693838
v 6.09116157 4.65344991 -16.30058122
v 6.09116157 4.65344991 -15.70828423
v 5.79501308 4.94959840 -15.70828423
v 6.09116157 4.65344991 -15.11598724
v 6.09116157 4.65344991 -13.33909626
v 6.09116157 4.65344991 -12.74679927
v 6.09116157 4.65344991 -12.15450228
v 6.09116157 4.65344991 -11.56220529
v 6.09116157 4.65344991 -10.96990830
v 6.09116157 4.65344991 -10.37761131
v 6.38731007 -4.52715346 5.02211047
v 6.68345857 -4.82330195 5.02211047
v 6.68345857 -4.52715346 4.72596197
v 6.68345857 -4.52715346 5.31825896
v 6.38731007 -3.93485647 2.65292250
v 6.68345857 -4.23100496 2.65292250
v 6.68345857 -3.93485647 2.35677401
v 6.38731007 -3.93485647 3.24521949
v 6.68345857 -4.23100496 3.24521949
v 6.38731007 -3.93485647 3.83751649
v 6.68345857 -4.23100496 3.83751649
v 6.38731007 -3.93485647 4.42981348
v 6.68345857 -4.23100496 4.42981348
v 6.38731007 -3.93485647 5.02211047
v 6.68345857 -4.23100496 5.61440746
v 6.38731007 -3.93485647 5.61440746
v 6.68345857 -3.93485647 5.91055596
v 6.38731007 -3.34255947 2.65292250
v 6.68345857 -3.34255947 2.35677401
v 6.38731007 -3.34255947 5.02211047
v 6.38731007 -3.34255947 5.61440746
v 6.68345857 -3.34255947 5.91055596
v 6.38731007 -2.75026248 2.06062551
v 6.68345857 -3.04641098 2.06062551
v 6.68345857 -2.75026248 1.76447702
v 6.38731007 -2.75026248 3.83751649
v 6.68345857 -2.75026248 3.54136799
v 6.68345857 -3.04641098 3.83751649
v 6.68345857 -2.75026248 4.13366498
v 6.38731007 -2.75026248 5.02211047
v 6.38731007 -2.75026248 5.61440746
v 6.68345857 -2.75026248 5.91055596
v 6.38731007 -2.15796549 1.46832852
v 6.68345857 -2.45411399 1.46832852
v 6.68345857 -2.15796549 1.17218002
v 6.38731007 -2.15796549 3.24521949
v 6.68345857 -2.15796549 2.94907100
v 6.68345857 -2.45411399 3.24521949
v 6.38731007 -2.15796549 3.83751649
v 6.68345857 -2.15796549 4.13366498
v 6.38731007 -2.15796549 5.02211047
v 6.68345857 -2.15796549 5.31825896
v 6.68345857 -2.45411399 5.61440746
v 6.38731007 -1.56566850 -16.30058122
v 6.68345857 -1.86181700 -16.30058122
v 6.68345857 -1.56566850 -16.59672971
v 6.68345857 -1.56566850 -16.00443272
v 6.68345857 -1.56566850 1.17218002
v 6.68345857 -1.56566850 2.35677401
v 6.68345857 -1.86181700 2.65292250
v 6.68345857 -1.86181700 4.42981348
v 6.38731007 -1.56566850 4.42981348
v 6.68345857 -1.56566850 4.72596197
v 6.68345857 -1.56566850 5.31825896
v 6.38731007 -0.97337151 -16.30058122
v 6.68345857 -0.97337151 -16.59672971
v 6.68345857 -1.26952000 -15.70828423
v 6.38731007 -0.97337151 -15.70828423
v 6.68345857 -0.97337151 -15.41213573
v 6.68345857 -0.97337151 1.17218002
v 6.38731007 -0.97337151 2.06062551
v 6.68345857 -0.97337151 2.35677401
v 6.68345857 -0.97337151 4.72596197
v 6.68345857 -0.97337151 5.31825896
v 6.68345857 -0.38107452 -16.59672971
v 6.68345857 -0.67722301 -15.11598724
v 6.68345857 -0.38107452 -14.81983874
v 6.68345857 -0.67722301 -9.19301732
v 6.68345857 -0.38107452 -9.48916582
v 6.68345857 -0.67722301 -8.60072033
v 6.68345857 -0.67722301 -8.00842334
v 6.38731007 -0.38107452 -7.41612635
v 6.68345857 -0.38107452 -7.71227484
v 6.38731007 -0.38107452 -6.82382936
v 6.68345857 -0.38107452 1.17218002
v 6.68345857 -0.38107452 1.76447702
v 6.68345857 -0.67722301 2.06062551
v 6.68345857 -0.38107452 4.72596197
v 6.68345857 -0.38107452 5.31825896
v 6.68345857 0.21122247 -16.59672971
v 6.68345857 0.21122247 -14.81983874
v 6.68345857 -0.08492602 -10.96990830
v 6.68345857 0.21122247 -11.26605679
v 6.68345857 -0.08492602 -10.37761131
v 6.68345857 -0.08492602 -9.78531431
v 6.38731007 0.21122247 -8.60072033
v 6.68345857 -0.08492602 -7.41612635
v 6.68345857 -0.08492602 -6.82382936
v 6.38731007 0.21122247 -6.23153237
v 6.68345857 0.21122247 -6.52768086
v 6.38731007 0.21122247 -5.63923537
v 6.68345857 0.21122247 1.17218002
v 6.68345857 -0.08492602 2.06062551
v 6.38731007 0.21122247 2.06062551
v 6.68345857 0.21122247 2.35677401
v 6.38731007 0.21122247 4.42981348
v 6.68345857 -0.08492602 4.42981348
v 6.68345857 0.21122247 4.13366498
v 6.68345857 0.21122247 5.31825896
v 6.68345857 0.80351947 -16.59672971
v 6.68345857 0.80351947 -16.00443272
v 6.68345857 0.50737097 -15.70828423
v 6.68345857 0.80351947 -15.41213573
v 6.68345857 0.50737097 -14.52369024
v 6.68345857 0.80351947 -14.22754175
v 6.38731007 0.80351947 -12.74679927
v 6.68345857 0.80351947 -12.45065077
v 6.68345857 0.50737097 -12.15450228
v 6.68345857 0.50737097 -11.56220529
v 6.38731007 0.80351947 -10.37761131
v 6.38731007 0.80351947 -9.78531431
v 6.38731007 0.80351947 -9.19301732
v 6.38731007 0.80351947 -8.60072033
v 6.38731007 0.80351947 -8.00842334
v 6.38731007 0.80351947 -7.41612635
v 6.38731007 0.80351947 -6.82382936
v 6.68345857 0.50737097 -6.23153237
v 6.38731007 0.80351947 -5.63923537
v 6.68345857 0.80351947 -5.93538387
v 6.38731007 0.80351947 -5.04693838
v 6.68345857 0.80351947 1.17218002
v 6.38731007 0.80351947 2.06062551
v 6.68345857 0.50737097 2.65292250
v 6.38731007 0.80351947 2.65292250
v 6.38731007 0.80351947 3.24521949
v 6.68345857 0.50737097 3.24521949
v 6.38731007 0.80351947 3.83751649
v 6.68345857 0.50737097 3.83751649
v 6.68345857 0.50737097 5.02211047
v 6.38731007 0.80351947 5.02211047
v 6.68345857 0.80351947 4.72596197
v 6.68345857 1.39581646 -16.59672971
v 6.68345857 1.39581646 -16.00443272
v 6.68345857 1.09966796 -15.11598724
v 6.68345857 1.39581646 -14.81983874
v 6.38731007 1.39581646 -13.93139325
v 6.68345857 1.39581646 -14.22754175
v 6.68345857 1.39581646 -13.63524476
v 6.68345857 1.09966796 -13.33909626
v 6.68345857 1.09966796 -12.74679927
v 6.38731007 1.39581646 -11.56220529
v 6.38731007 1.39581646 -10.96990830
v 6.68345857 1.39581646 -10.67375980
v 6.68345857 1.09966796 -10.37761131
v 6.68345857 1.09966796 -9.78531431
v 6.68345857 1.39581646 -9.48916582
v 6.38731007 1.39581646 -9.19301732
v 6.38731007 1.39581646 -8.60072033
v 6.38731007 1.39581646 -8.00842334
v 6.38731007 1.39581646 -7.41612635
v 6.38731007 1.39581646 -6.82382936
v 6.38731007 1.39581646 -6.23153237
v 6.68345857 1.09966796 -5.63923537
v 6.38731007 1.39581646 -5.04693838
v 6.68345857 1.39581646 -5.34308688
v 6.68345857 1.09966796 1.46832852
v 6.38731007 1.39581646 1.46832852
v 6.68345857 1.39581646 1.76447702
v 6.38731007 1.39581646 2.65292250
v 6.38731007 1.39581646 3.24521949
v 6.68345857 1.39581646 4.72596197
v 6.68345857 1.98811345 -16.59672971
v 6.68345857 1.98811345 -16.00443272
v 6.68345857 1.98811345 -14.81983874
v 6.68345857 1.69196495 -13.93139325
v 6.38731007 1.98811345 -12.74679927
v 6.38731007 1.98811345 -12.15450228
v 6.38731007 1.98811345 -11.56220529
v 6.38731007 1.98811345 -10.96990830
v 6.68345857 1.69196495 -10.37761131
v 6.38731007 1.98811345 -10.37761131
v 6.38731007 1.98811345 -9.78531431
v 6.68345857 1.69196495 -9.78531431
v 6.38731007 1.98811345 -9.19301732
v 6.38731007 1.98811345 -8.60072033
v 6.38731007 1.98811345 -8.00842334
v 6.38731007 1.98811345 -7.41612635
v 6.38731007 1.98811345 -6.82382936
v 6.38731007 1.98811345 -6.23153237
v 6.38731007 1.98811345 -5.04693838
v 6.68345857 1.98811345 -5.34308688
v 6.38731007 1.98811345 -4.45464139
v 6.68345857 1.69196495 2.06062551
v 6.38731007 1.98811345 2.06062551
v 6.68345857 1.98811345 2.35677401
v 6.68345857 1.69196495 3.83751649
v 6.38731007 1.98811345 3.83751649
v 6.68345857 1.98811345 3.54136799
v 6.68345857 1.69196495 4.42981348
v 6.68345857 2.58041044 -16.59672971
v 6.68345857 2.58041044 -16.00443272
v 6.38731007 2.58041044 -14.52369024
v 6.68345857 2.58041044 -14.81983874
v 6.38731007 2.58041044 -13.93139325
v 6.38731007 2.58041044 -13.33909626
v 6.38731007 2.58041044 -12.74679927
v 6.38731007 2.58041044 -12.15450228
v 6.38731007 2.58041044 -11.56220529
v 6.38731007 2.58041044 -10.96990830
v 6.38731007 2.58041044 -10.37761131
v 6.38731007 2.58041044 -9.78531431
v 6.38731007 2.58041044 -5.04693838
v 6.68345857 2.58041044 -5.34308688
v 6.38731007 2.58041044 -4.45464139
v 6.68345857 2.28426194 2.65292250
v 6.68345857 2.28426194 3.24521949
v 6.68345857 3.17270743 -16.59672971
v 6.68345857 2.87655893 -15.70828423
v 6.38731007 3.17270743 -15.70828423
v 6.38731007 3.17270743 -15.11598724
v 6.68345857 2.87655893 -15.11598724
v 6.38731007 3.17270743 -14.52369024
v 6.38731007 3.17270743 -13.93139325
v 6.38731007 3.17270743 -13.33909626
v 6.38731007 3.17270743 -12.74679927
v 6.38731007 3.17270743 -12.15450228
v 6.38731007 3.17270743 -11.56220529
v 6.38731007 3.17270743 -10.96990830
v 6.38731007 3.17270743 -10.37761131
v 6.38731007 3.17270743 -8.60072033
v 6.68345857 3.17270743 -8.89686883
v 6.68345857 2.87655893 -8.60072033
v 6.68345857 2.87655893 -8.00842334
v 6.38731007 3.17270743 -8.00842334
v 6.68345857 2.87655893 -7.41612635
v 6.38731007 3.17270743 -7.41612635
v 6.68345857 2.87655893 -6.82382936
v 6.38731007 3.17270743 -6.82382936
v 6.68345857 2.87655893 -6.23153237
v 6.38731007 3.17270743 -6.23153237
v 6.68345857 2.87655893 -5.63923537
v 6.38731007 3.17270743 -5.63923537
v 6.38731007 3.17270743 -5.04693838
v 6.68345857 3.76500442 -16.59672971
v 6.38731007 3.76500442 -13.93139325
v 6.68345857 3.76500442 -14.22754175
v 6.68345857 3.46885593 -13.93139325
v 6.68345857 3.76500442 -13.63524476
v 6.38731007 3.76500442 -9.19301732
v 6.68345857 3.76500442 -9.48916582
v 6.68345857 3.46885593 -9.19301732
v 6.38731007 3.76500442 -6.82382936
v 6.38731007 3.76500442 -6.23153237
v 6.38731007 3.76500442 -5.63923537
v 6.38731007 3.76500442 -5.04693838
v 6.68345857 4.06115292 -16.30058122
v 6.38731007 4.35730141 -16.30058122
v 6.68345857 4.06115292 -15.70828423
v 6.38731007 4.35730141 -15.70828423
v 6.68345857 4.06115292 -15.11598724
v 6.38731007 4.35730141 -15.11598724
v 6.68345857 4.06115292 -14.52369024
v 6.68345857 4.06115292 -13.33909626
v 6.38731007 4.35730141 -13.33909626
v 6.68345857 4.06115292 -12.74679927
v 6.38731007 4.35730141 -12.74679927
v 6.68345857 4.06115292 -12.15450228
v 6.38731007 4.35730141 -12.15450228
v 6.68345857 4.06115292 -11.56220529
v 6.38731007 4.35730141 -11.56220529
v 6.68345857 4.06115292 -10.96990830
v 6.38731007 4.35730141 -10.96990830
v 6.68345857 4.06115292 -10.37761131
v 6.38731007 4.35730141 -10.37761131
v 6.68345857 4.06115292 -9.78531431
v 6.97960706 -5.11945045 5.61440746
v 7.27575556 -5.41559894 5.61440746
v 7.27575556 -5.11945045 5.31825896
v 7.27575556 -5.11945045 5.91055596
v 6.97960706 -4.52715346 3.24521949
v 7.27575556 -4.82330195 3.24521949
v 7.27575556 -4.52715346 2.94907100
v 6.97960706 -4.52715346 3.83751649
v 7.27575556 -4.82330195 3.83751649
v 6.97960706 -4.52715346 4.42981348
v 7.27575556 -4.82330195 4.42981348
v 7.27575556 -4.82330195 5.02211047
v 6.97960706 -4.52715346 5.61440746
v 7.27575556 -4.82330195 6.20670445
v 6.97960706 -4.52715346 6.20670445
v 7.27575556 -4.52715346 6.50285295
v 6.97960706 -3.93485647 2.06062551
v 7.27575556 -4.23100496 2.06062551
v 7.27575556 -3.93485647 1.76447702
v 7.27575556 -4.23100496 2.65292250
v 6.97960706 -3.93485647 6.20670445
v 7.27575556 -3.93485647 6.50285295
v 6.97960706 -3.34255947 2.06062551
v 7.27575556 -3.34255947 1.76447702
v 6.97960706 -3.34255947 3.24521949
v 7.27575556 -3.34255947 2.94907100
v 7.27575556 -3.63870797 3.24521949
v 7.27575556 -3.63870797 3.83751649
v 6.97960706 -3.34255947 3.83751649
v 7.27575556 -3.63870797 4.42981348
v 6.97960706 -3.34255947 4.42981348
v 7.27575556 -3.63870797 5.02211047
v 6.97960706 -3.34255947 5.02211047
v 7.27575556 -3.34255947 5.31825896
v 7.27575556 -3.34255947 5.91055596
v 7.27575556 -3.63870797 6.20670445
v 7.27575556 -2.75026248 1.76447702
v 6.97960706 -2.75026248 3.24521949
v 7.27575556 -2.75026248 2.94907100
v 6.97960706 -2.75026248 4.42981348
v 7.27575556 -2.75026248 4.72596197
v 7.27575556 -3.04641098 5.02211047
v 7.27575556 -2.75026248 5.91055596
v 6.97960706 -2.15796549 1.46832852
v 7.27575556 -2.15796549 1.76447702
v 6.97960706 -2.15796549 2.65292250
v 7.27575556 -2.15796549 2.35677401
v 7.27575556 -2.45411399 2.65292250
v 6.97960706 -2.15796549 4.42981348
v 7.27575556 -2.15796549 4.72596197
v 6.97960706 -2.15796549 5.61440746
v 7.27575556 -2.15796549 5.91055596
v 7.27575556 -1.86181700 -16.30058122
v 7.27575556 -1.56566850 -16.59672971
v 6.97960706 -1.56566850 -15.70828423
v 7.27575556 -1.86181700 -15.70828423
v 7.27575556 -1.56566850 -15.41213573
v 7.27575556 -1.86181700 1.46832852
v 7.27575556 -1.56566850 1.17218002
v 7.27575556 -1.56566850 2.35677401
v 7.27575556 -1.56566850 4.72596197
v 7.27575556 -1.56566850 5.31825896
v 7.27575556 -1.86181700 5.61440746
v 7.27575556 -0.97337151 -16.59672971
v 7.27575556 -0.97337151 -15.41213573
v 7.27575556 -0.97337151 1.17218002
v 7.27575556 -0.97337151 2.35677401
v 7.27575556 -0.97337151 4.72596197
v 7.27575556 -0.97337151 5.31825896
v 7.27575556 -0.38107452 -16.59672971
v 6.97960706 -0.38107452 -15.11598724
v 7.27575556 -0.38107452 -15.41213573
v 6.97960706 -0.38107452 -9.19301732
v 6.97960706 -0.38107452 -8.60072033
v 6.97960706 -0.38107452 -8.00842334
v 7.27575556 -0.67722301 1.46832852
v 6.97960706 -0.38107452 1.46832852
v 7.27575556 -0.38107452 1.76447702
v 6.97960706 -0.38107452 2.06062551
v 7.27575556 -0.38107452 2.35677401
v 6.97960706 -0.38107452 4.42981348
v 7.27575556 -0.67722301 4.42981348
v 7.27575556 -0.38107452 4.13366498
v 7.27575556 -0.38107452 5.31825896
v 7.27575556 0.21122247 -16.59672971
v 7.27575556 -0.08492602 -15.11598724
v 7.27575556 0.21122247 -14.81983874
v 6.97960706 0.21122247 -10.96990830
v 6.97960706 0.21122247 -10.37761131
v 6.97960706 0.21122247 -9.78531431
v 7.27575556 0.21122247 -9.48916582
v 7.27575556 -0.08492602 -9.19301732
v 7.27575556 -0.08492602 -8.60072033
v 7.27575556 -0.08492602 -8.00842334
v 6.97960706 0.21122247 -7.41612635
v 7.27575556 0.21122247 -7.71227484
v 6.97960706 0.21122247 -6.82382936
v 6.97960706 0.21122247 1.46832852
v 7.27575556 0.21122247 1.76447702
v 6.97960706 0.21122247 2.65292250
v 7.27575556 -0.08492602 2.65292250
v 6.97960706 0.21122247 3.24521949
v 7.27575556 -0.08492602 3.24521949
v 6.97960706 0.21122247 3.83751649
v 7.27575556 -0.08492602 3.83751649
v 7.27575556 -0.08492602 5.02211047
v 6.97960706 0.21122247 5.02211047
v 7.27575556 0.21122247 4.72596197
v 7.27575556 0.80351947 -16.59672971
v 7.27575556 0.80351947 -16.00443272
v 7.27575556 0.50737097 -15.70828423
v 7.27575556 0.80351947 -15.41213573
v 7.27575556 0.50737097 -14.52369024
v 7.27575556 0.80351947 -14.22754175
v 6.97960706 0.80351947 -12.15450228
v 6.97960706 0.80351947 -11.56220529
v 6.97960706 0.80351947 -10.96990830
v 7.27575556 0.80351947 -10.67375980
v 7.27575556 0.50737097 -10.37761131
v 7.27575556 0.50737097 -9.78531431
v 6.97960706 0.80351947 -7.41612635
v 7.27575556 0.80351947 -7.71227484
v 6.97960706 0.80351947 -6.82382936
v 6.97960706 0.80351947 -6.23153237
v 6.97960706 0.80351947 1.46832852
v 7.27575556 0.80351947 1.76447702
v 7.27575556 0.80351947 4.72596197
v 7.27575556 1.39581646 -16.59672971
v 7.27575556 1.39581646 -16.00443272
v 6.97960706 1.39581646 -15.11598724
v 7.27575556 1.39581646 -15.41213573
v 7.27575556 1.39581646 -14.22754175
v 6.97960706 1.39581646 -13.33909626
v 6.97960706 1.39581646 -12.74679927
v 6.97960706 1.39581646 -12.15450228
v 7.27575556 1.39581646 -11.85835378
v 7.27575556 1.09966796 -11.56220529
v 7.27575556 1.09966796 -10.96990830
v 6.97960706 1.39581646 -10.37761131
v 6.97960706 1.39581646 -9.78531431
v 6.97960706 1.39581646 -8.00842334
v 7.27575556 1.39581646 -8.30457184
v 7.27575556 1.09966796 -8.00842334
v 6.97960706 1.39581646 -7.41612635
v 6.97960706 1.39581646 -6.82382936
v 6.97960706 1.39581646 -6.23153237
v 6.97960706 1.39581646 -5.63923537
v 7.27575556 1.09966796 2.06062551
v 6.97960706 1.39581646 2.06062551
v 7.27575556 1.39581646 2.35677401
v 6.97960706 1.39581646 3.83751649
v 7.27575556 1.39581646 3.54136799
v 7.27575556 1.09966796 3.83751649
v 7.27575556 1.09966796 4.42981348
v 6.97960706 1.39581646 4.42981348
v 7.27575556 1.98811345 -16.59672971
v 7.27575556 1.98811345 -16.00443272
v 7.27575556 1.69196495 -15.11598724
v 7.27575556 1.98811345 -14.81983874
v 6.97960706 1.98811345 -13.93139325
v 7.27575556 1.98811345 -14.22754175
v 6.97960706 1.98811345 -13.33909626
v 6.97960706 1.98811345 -12.74679927
v 6.97960706 1.98811345 -12.15450228
v 7.27575556 1.98811345 -11.85835378
v 6.97960706 1.98811345 -8.60072033
v 7.27575556 1.98811345 -8.89686883
v 7.27575556 1.69196495 -8.60072033
v 6.97960706 1.98811345 -8.00842334
v 6.97960706 1.98811345 -7.41612635
v 6.97960706 1.98811345 -6.82382936
v 6.97960706 1.98811345 -6.23153237
v 6.97960706 1.98811345 -5.63923537
v 7.27575556 1.69196495 2.65292250
v 6.97960706 1.98811345 2.65292250
v 7.27575556 1.69196495 3.24521949
v 6.97960706 1.98811345 3.24521949
v 7.27575556 2.58041044 -16.59672971
v 7.27575556 2.28426194 -15.70828423
v 6.97960706 2.58041044 -15.70828423
v 6.97960706 2.58041044 -15.11598724
v 7.27575556 2.28426194 -15.11598724
v 6.97960706 2.58041044 -13.93139325
v 7.27575556 2.58041044 -14.22754175
v 6.97960706 2.58041044 -13.33909626
v 6.97960706 2.58041044 -12.74679927
v 7.27575556 2.58041044 -12.45065077
v 7.27575556 2.28426194 -12.15450228
v 6.97960706 2.58041044 -9.19301732
v 7.27575556 2.58041044 -9.48916582
v 7.27575556 2.28426194 -9.19301732
v 6.97960706 2.58041044 -8.60072033
v 6.97960706 2.58041044 -8.00842334
v 6.97960706 2.58041044 -7.41612635
v 6.97960706 2.58041044 -6.82382936
v 6.97960706 2.58041044 -6.23153237
v 6.97960706 2.58041044 -5.63923537
v 7.27575556 3.17270743 -16.59672971
v 6.97960706 3.17270743 -13.93139325
v 7.27575556 3.17270743 -14.22754175
v 6.97960706 3.17270743 -13.33909626
v 6.97960706 3.17270743 -12.74679927
v 7.27575556 2.87655893 -12.15450228
v 6.97960706 3.17270743 -12.15450228
v 7.27575556 3.17270743 -11.85835378
v 6.97960706 3.17270743 -9.78531431
v 7.27575556 3.17270743 -10.08146281
v 7.27575556 2.87655893 -9.78531431
v 6.97960706 3.17270743 -9.19301732
v 7.27575556 3.46885593 -16.30058122
v 6.97960706 3.76500442 -16.30058122
v 7.27575556 3.46885593 -15.70828423
v 6.97960706 3.76500442 -15.70828423
v 7.27575556 3.46885593 -15.11598724
v 6.97960706 3.76500442 -15.11598724
v 7.27575556 3.46885593 -14.52369024
v 6.97960706 3.76500442 -14.52369024
v 6.97960706 3.76500442 -13.33909626
v 6.97960706 3.76500442 -12.74679927
v 6.97960706 3.76500442 -12.15450228
v 7.27575556 3.46885593 -11.56220529
v 6.97960706 3.76500442 -11.56220529
v 7.27575556 3.46885593 -10.96990830
v 6.97960706 3.76500442 -10.96990830
v 7.27575556 3.46885593 -10.37761131
v 6.97960706 3.76500442 -10.37761131
v 6.97960706 3.76500442 -9.78531431
v 7.57190405 -5.71174744 4.42981348
v 7.86805255 -6.00789593 4.42981348
v 7.86805255 -5.71174744 4.13366498
v 7.57190405 -5.71174744 5.02211047
v 7.86805255 -6.00789593 5.02211047
v 7.57190405 -5.71174744 5.61440746
v 7.86805255 -6.00789593 5.61440746
v 7.86805255 -5.71174744 5.91055596
v 7.57190405 -5.11945045 2.65292250
v 7.86805255 -5.41559894 2.65292250
v 7.86805255 -5.11945045 2.35677401
v 7.57190405 -5.11945045 3.24521949
v 7.86805255 -5.41559894 3.24521949
v 7.57190405 -5.11945045 3.83751649
v 7.86805255 -5.41559894 3.83751649
v 7.57190405 -5.11945045 4.42981348
v 7.57190405 -5.11945045 5.02211047
v 7.57190405 -5.11945045 6.20670445
v 7.86805255 -5.41559894 6.20670445
v 7.86805255 -5.11945045 6.50285295
v 7.57190405 -4.52715346 2.06062551
v 7.86805255 -4.82330195 2.06062551
v 7.86805255 -4.52715346 1.76447702
v 7.57190405 -4.52715346 2.65292250
v 7.86805255 -4.82330195 5.61440746
v 7.57190405 -4.52715346 5.61440746
v 7.86805255 -4.52715346 5.31825896
v 7.86805255 -4.52715346 5.91055596
v 7.86805255 -4.52715346 6.50285295
v 7.86805255 -3.93485647 1.76447702
v 7.57190405 -3.93485647 3.83751649
v 7.86805255 -3.93485647 3.54136799
v 7.86805255 -4.23100496 3.83751649
v 7.86805255 -4.23100496 4.42981348
v 7.57190405 -3.93485647 4.42981348
v 7.86805255 -4.23100496 5.02211047
v 7.57190405 -3.93485647 5.02211047
v 7.86805255 -4.23100496 5.61440746
v 7.86805255 -3.93485647 5.31825896
v 7.86805255 -3.93485647 6.50285295
v 7.86805255 -3.34255947 1.76447702
v 7.57190405 -3.34255947 2.65292250
v 7.86805255 -3.34255947 2.35677401
v 7.86805255 -3.63870797 2.65292250
v 7.86805255 -3.63870797 3.24521949
v 7.86805255 -3.34255947 5.31825896
v 7.57190405 -3.34255947 6.20670445
v 7.86805255 -3.34255947 6.50285295
v 7.86805255 -2.75026248 1.76447702
v 7.57190405 -2.75026248 2.65292250
v 7.86805255 -2.75026248 2.35677401
v 7.57190405 -2.75026248 5.02211047
v 7.86805255 -2.75026248 5.31825896
v 7.86805255 -2.75026248 5.91055596
v 7.86805255 -3.04641098 6.20670445
v 7.86805255 -2.15796549 1.76447702
v 7.86805255 -2.15796549 2.35677401
v 7.86805255 -2.45411399 5.02211047
v 7.86805255 -2.15796549 4.72596197
v 7.86805255 -2.15796549 5.91055596
v 7.57190405 -1.56566850 -16.30058122
v 7.57190405 -1.56566850 -15.70828423
v 7.86805255 -1.86181700 1.46832852
v 7.86805255 -1.56566850 1.17218002
v 7.86805255 -1.56566850 2.35677401
v 7.57190405 -1.56566850 4.42981348
v 7.86805255 -1.86181700 4.42981348
v 7.86805255 -1.56566850 4.13366498
v 7.86805255 -1.56566850 5.31825896
v 7.86805255 -1.86181700 5.61440746
v 7.57190405 -0.97337151 -16.30058122
v 7.57190405 -0.97337151 -15.70828423
v 7.86805255 -0.97337151 1.17218002
v 7.86805255 -1.26952000 2.65292250
v 7.57190405 -0.97337151 2.65292250
v 7.86805255 -0.97337151 2.94907100
v 7.57190405 -0.97337151 3.83751649
v 7.86805255 -1.26952000 3.83751649
v 7.86805255 -0.97337151 3.54136799
v 7.57190405 -0.97337151 4.42981348
v 7.86805255 -0.97337151 5.31825896
v 7.86805255 -0.67722301 -16.30058122
v 7.86805255 -0.38107452 -16.59672971
v 7.86805255 -0.67722301 -15.70828423
v 7.86805255 -0.67722301 -15.11598724
v 7.57190405 -0.38107452 -15.11598724
v 7.86805255 -0.38107452 -14.81983874
v 7.86805255 -0.67722301 1.46832852
v 7.86805255 -0.38107452 1.76447702
v 7.57190405 -0.38107452 2.65292250
v 7.86805255 -0.38107452 2.94907100
v 7.57190405 -0.38107452 3.83751649
v 7.86805255 -0.38107452 3.54136799
v 7.86805255 -0.38107452 5.31825896
v 7.86805255 0.21122247 -16.59672971
v 7.86805255 0.21122247 -14.81983874
v 7.57190405 0.21122247 -9.19301732
v 7.57190405 0.21122247 -8.60072033
v 7.57190405 0.21122247 -8.00842334
v 7.86805255 -0.08492602 2.06062551
v 7.57190405 0.21122247 2.06062551
v 7.86805255 0.21122247 2.35677401
v 7.86805255 -0.08492602 3.24521949
v 7.86805255 0.21122247 4.72596197
v 7.86805255 -0.08492602 5.02211047
v 7.86805255 0.80351947 -16.59672971
v 7.57190405 0.80351947 -15.70828423
v 7.57190405 0.80351947 -14.52369024
v 7.86805255 0.80351947 -14.81983874
v 7.57190405 0.80351947 -10.37761131
v 7.57190405 0.80351947 -9.78531431
v 7.57190405 0.80351947 -9.19301732
v 7.57190405 0.80351947 -8.60072033
v 7.57190405 0.80351947 -8.00842334
v 7.57190405 0.80351947 2.06062551
v 7.86805255 0.50737097 2.65292250
v 7.57190405 0.80351947 2.65292250
v 7.86805255 0.50737097 3.24521949
v 7.57190405 0.80351947 3.24521949
v 7.86805255 0.50737097 3.83751649
v 7.57190405 0.80351947 3.83751649
v 7.86805255 0.50737097 4.42981348
v 7.57190405 0.80351947 4.42981348
v 7.86805255 1.39581646 -16.59672971
v 7.57190405 1.39581646 -15.70828423
v 7.86805255 1.09966796 -14.52369024
v 7.86805255 1.39581646 -14.22754175
v 7.57190405 1.39581646 -11.56220529
v 7.57190405 1.39581646 -10.96990830
v 7.57190405 1.39581646 -10.37761131
v 7.57190405 1.39581646 -9.78531431
v 7.57190405 1.39581646 -9.19301732
v 7.57190405 1.39581646 -8.60072033
v 7.57190405 1.39581646 2.65292250
v 7.57190405 1.39581646 3.24521949
v 7.86805255 1.98811345 -16.59672971
v 7.86805255 1.98811345 -16.00443272
v 7.86805255 1.69196495 -15.70828423
v 7.57190405 1.98811345 -15.11598724
v 7.86805255 1.98811345 -15.41213573
v 7.86805255 1.98811345 -14.22754175
v 7.57190405 1.98811345 -11.56220529
v 7.57190405 1.98811345 -10.96990830
v 7.57190405 1.98811345 -10.37761131
v 7.57190405 1.98811345 -9.78531431
v 7.57190405 1.98811345 -9.19301732
v 7.86805255 2.58041044 -16.59672971
v 7.86805255 2.28426194 -15.70828423
v 7.86805255 2.28426194 -14.52369024
v 7.57190405 2.58041044 -14.52369024
v 7.86805255 2.58041044 -14.81983874
v 7.57190405 2.58041044 -12.15450228
v 7.57190405 2.58041044 -11.56220529
v 7.57190405 2.58041044 -10.96990830
v 7.57190405 2.58041044 -10.37761131
v 7.57190405 2.58041044 -9.78531431
v 7.86805255 2.87655893 -16.30058122
v 7.57190405 3.17270743 -16.30058122
v 7.86805255 3.17270743 -16.00443272
v 7.57190405 3.17270743 -15.11598724
v 7.86805255 3.17270743 -15.41213573
v 7.86805255 2.87655893 -15.11598724
v 7.57190405 3.17270743 -14.52369024
v 7.57190405 3.17270743 -11.56220529
v 7.57190405 3.17270743 -10.96990830
v 7.57190405 3.17270743 -10.37761131
v 7.86805255 3.46885593 -15.70828423
v 8.16420104 -9.26552939 6.20670445
v 8.46034954 -9.56167788 6.20670445
v 8.46034954 -9.26552939 5.91055596
v 8.16420104 -9.26552939 6.79900144
v 8.46034954 -9.56167788 6.79900144
v 8.46034954 -9.26552939 7.09514994
v 8.16420104 -8.67323240 6.20670445
v 8.46034954 -8.67323240 5.91055596
v 8.16420104 -8.67323240 6.79900144
v 8.46034954 -8.67323240 7.09514994
v 8.46034954 -8.37708390 6.20670445
v 8.46034954 -8.37708390 6.79900144
v 8.46034954 -8.08093540 7.09514994
v 8.16420104 -8.08093540 7.39129843
v 8.46034954 -8.37708390 7.39129843
v 8.16420104 -8.08093540 7.98359542
v 8.46034954 -8.37708390 7.98359542
v 8.46034954 -8.08093540 8.27974392
v 8.16420104 -7.48863841 6.79900144
v 8.46034954 -7.78478691 6.79900144
v 8.46034954 -7.48863841 6.50285295
v 8.16420104 -7.48863841 7.39129843
v 8.16420104 -7.48863841 7.98359542
v 8.46034954 -7.48863841 8.27974392
v 8.16420104 -6.89634142 5.61440746
v 8.46034954 -7.19248992 5.61440746
v 8.46034954 -6.89634142 5.31825896
v 8.16420104 -6.89634142 6.20670445
v 8.46034954 -7.19248992 6.20670445
v 8.16420104 -6.89634142 6.79900144
v 8.16420104 -6.89634142 7.39129843
v 8.16420104 -6.89634142 7.98359542
v 8.46034954 -6.89634142 8.27974392
v 8.16420104 -6.30404443 4.42981348
v 8.46034954 -6.60019293 4.42981348
v 8.46034954 -6.30404443 4.13366498
v 8.16420104 -6.30404443 5.02211047
v 8.46034954 -6.60019293 5.02211047
v 8.16420104 -6.30404443 5.61440746
v 8.16420104 -6.30404443 6.20670445
v 8.16420104 -6.30404443 6.79900144
v 8.46034954 -6.30404443 7.09514994
v 8.46034954 -6.60019293 7.39129843
v 8.46034954 -6.60019293 7.98359542
v 8.16420104 -5.71174744 2.65292250
v 8.46034954 -6.00789593 2.65292250
v 8.46034954 -5.71174744 2.35677401
v 8.16420104 -5.71174744 3.24521949
v 8.46034954 -6.00789593 3.24521949
v 8.16420104 -5.71174744 3.83751649
v 8.46034954 -6.00789593 3.83751649
v 8.16420104 -5.71174744 6.20670445
v 8.16420104 -5.71174744 6.79900144
v 8.46034954 -5.71174744 7.09514994
v 8.46034954 -5.11945045 2.35677401
v 8.46034954 -5.41559894 4.42981348
v 8.16420104 -5.11945045 4.42981348
v 8.46034954 -5.11945045 4.13366498
v 8.46034954 -5.41559894 5.02211047
v 8.16420104 -5.11945045 5.02211047
v 8.46034954 -5.41559894 5.61440746
v 8.16420104 -5.11945045 5.61440746
v 8.46034954 -5.11945045 5.91055596
v 8.46034954 -5.41559894 6.79900144
v 8.46034954 -5.11945045 6.50285295
v 8.46034954 -4.82330195 2.06062551
v 8.46034954 -4.52715346 1.76447702
v 8.16420104 -4.52715346 3.24521949
v 8.46034954 -4.52715346 2.94907100
v 8.46034954 -4.82330195 3.24521949
v 8.46034954 -4.82330195 3.83751649
v 8.16420104 -4.52715346 3.83751649
v 8.16420104 -4.52715346 4.42981348
v 8.16420104 -4.52715346 5.02211047
v 8.46034954 -4.52715346 5.91055596
v 8.46034954 -4.52715346 6.50285295
v 8.46034954 -3.93485647 1.76447702
v 8.16420104 -3.93485647 2.65292250
v 8.46034954 -3.93485647 2.35677401
v 8.46034954 -4.23100496 2.65292250
v 8.16420104 -3.93485647 3.24521949
v 8.16420104 -3.93485647 5.61440746
v 8.46034954 -3.93485647 5.91055596
v 8.46034954 -3.93485647 6.50285295
v 8.46034954 -3.34255947 1.76447702
v 8.46034954 -3.34255947 2.35677401
v 8.16420104 -3.34255947 5.61440746
v 8.46034954 -3.34255947 5.91055596
v 8.46034954 -3.34255947 6.50285295
v 8.46034954 -2.75026248 1.76447702
v 8.46034954 -2.75026248 2.35677401
v 8.46034954 -3.04641098 5.61440746
v 8.46034954 -2.75026248 5.31825896
v 8.16420104 -2.75026248 6.20670445
v 8.46034954 -2.75026248 6.50285295
v 8.46034954 -2.15796549 1.76447702
v 8.46034954 -2.45411399 2.65292250
v 8.16420104 -2.15796549 2.65292250
v 8.46034954 -2.15796549 2.94907100
v 8.46034954 -2.45411399 5.02211047
v 8.46034954 -2.15796549 4.72596197
v 8.46034954 -2.15796549 5.91055596
v 8.46034954 -2.45411399 6.20670445
v 8.16420104 -1.56566850 1.46832852
v 8.46034954 -1.56566850 1.76447702
v 8.16420104 -1.56566850 2.65292250
v 8.46034954 -1.86181700 3.24521949
v 8.16420104 -1.56566850 3.24521949
v 8.16420104 -1.56566850 3.83751649
v 8.46034954 -1.86181700 3.83751649
v 8.46034954 -1.86181700 4.42981348
v 8.46034954 -1.56566850 5.31825896
v 8.46034954 -1.86181700 5.61440746
v 8.16420104 -0.97337151 -16.30058122
v 8.46034954 -1.26952000 -16.30058122
v 8.46034954 -0.97337151 -16.59672971
v 8.16420104 -0.97337151 -15.70828423
v 8.46034954 -1.26952000 -15.70828423
v 8.46034954 -0.97337151 -15.41213573
v 8.16420104 -0.97337151 1.46832852
v 8.46034954 -1.26952000 2.06062551
v 8.16420104 -0.97337151 2.06062551
v 8.46034954 -0.97337151 2.35677401
v 8.16420104 -0.97337151 3.24521949
v 8.16420104 -0.97337151 5.02211047
v 8.46034954 -0.97337151 4.72596197
v 8.46034954 -1.26952000 5.02211047
v 8.46034954 -0.38107452 -16.59672971
v 8.46034954 -0.67722301 -15.11598724
v 8.46034954 -0.38107452 -14.81983874
v 8.16420104 -0.38107452 2.06062551
v 8.46034954 -0.38107452 2.35677401
v 8.16420104 -0.38107452 3.24521949
v 8.16420104 -0.38107452 4.42981348
v 8.46034954 -0.38107452 4.13366498
v 8.46034954 -0.67722301 4.42981348
v 8.16420104 -0.38107452 5.02211047
v 8.46034954 0.21122247 -16.59672971
v 8.46034954 0.21122247 -14.81983874
v 8.46034954 -0.08492602 2.65292250
v 8.16420104 0.21122247 2.65292250
v 8.46034954 0.21122247 2.94907100
v 8.46034954 -0.08492602 3.83751649
v 8.16420104 0.21122247 3.83751649
v 8.46034954 0.21122247 3.54136799
v 8.16420104 0.21122247 4.42981348
v 8.46034954 0.80351947 -16.59672971
v 8.46034954 0.80351947 -14.81983874
v 8.46034954 0.50737097 3.24521949
v 8.46034954 1.39581646 -16.59672971
v 8.16420104 1.39581646 -14.52369024
v 8.46034954 1.39581646 -14.81983874
v 8.46034954 1.98811345 -16.59672971
v 8.16420104 1.98811345 -15.70828423
v 8.16420104 1.98811345 -14.52369024
v 8.46034954 1.98811345 -14.81983874
v 8.46034954 2.58041044 -16.59672971
v 8.46034954 2.58041044 -14.81983874
v 8.46034954 2.87655893 -16.30058122
v 8.46034954 2.87655893 -15.70828423
v 8.16420104 3.17270743 -15.70828423
v 8.46034954 2.87655893 -15.11598724
v 8.75649804 -9.85782638 5.02211047
v 9.05264653 -10.15397487 5.02211047
v 9.05264653 -9.85782638 4.72596197
v 8.75649804 -9.85782638 5.61440746
v 9.05264653 -10.15397487 5.61440746
v 9.05264653 -9.85782638 5.91055596
v 8.75649804 -9.26552939 5.02211047
v 9.05264653 -9.26552939 4.72596197
v 8.75649804 -9.26552939 5.61440746
v 9.05264653 -9.56167788 6.20670445
v 9.05264653 -9.56167788 6.79900144
v 9.05264653 -9.26552939 7.09514994
v 8.75649804 -8.67323240 5.02211047
v 9.05264653 -8.67323240 4.72596197
v 8.75649804 -8.67323240 5.61440746
v 9.05264653 -8.67323240 7.09514994
v 8.75649804 -8.08093540 5.02211047
v 9.05264653 -8.08093540 4.72596197
v 8.75649804 -8.08093540 5.61440746
v 8.75649804 -8.08093540 6.20670445
v 8.75649804 -8.08093540 6.79900144
v 8.75649804 -8.08093540 7.39129843
v 9.05264653 -8.08093540 7.09514994
v 9.05264653 -8.08093540 7.68744693
v 9.05264653 -8.37708390 7.98359542
v 9.05264653 -8.08093540 8.27974392
v 8.75649804 -7.48863841 3.83751649
v 9.05264653 -7.78478691 3.83751649
v 9.05264653 -7.48863841 3.54136799
v 8.75649804 -7.48863841 4.42981348
v 9.05264653 -7.78478691 4.42981348
v 8.75649804 -7.48863841 5.02211047
v 8.75649804 -7.48863841 5.61440746
v 8.75649804 -7.48863841 6.20670445
v 9.05264653 -7.78478691 7.39129843
v 9.05264653 -7.48863841 8.27974392
v 8.75649804 -6.89634142 3.83751649
v 9.05264653 -6.89634142 3.54136799
v 8.75649804 -6.89634142 4.42981348
v 8.75649804 -6.89634142 5.02211047
v 9.05264653 -7.19248992 6.79900144
v 8.75649804 -6.89634142 6.79900144
v 9.05264653 -6.89634142 6.50285295
v 9.05264653 -6.89634142 7.09514994
v 9.05264653 -6.89634142 8.27974392
v 8.75649804 -6.30404443 3.83751649
v 9.05264653 -6.30404443 3.54136799
v 9.05264653 -6.60019293 5.61440746
v 8.75649804 -6.30404443 5.61440746
v 9.05264653 -6.30404443 5.31825896
v 9.05264653 -6.60019293 6.20670445
v 8.75649804 -6.30404443 6.20670445
v 9.05264653 -6.60019293 6.79900144
v 9.05264653 -6.30404443 6.50285295
v 8.75649804 -6.30404443 7.39129843
v 9.05264653 -6.30404443 7.68744693
v 9.05264653 -6.60019293 7.98359542
v 9.05264653 -6.00789593 2.65292250
v 9.05264653 -5.71174744 2.35677401
v 9.05264653 -6.00789593 3.24521949
v 9.05264653 -6.00789593 4.42981348
v 8.75649804 -5.71174744 4.42981348
v 9.05264653 -5.71174744 4.13366498
v 9.05264653 -6.00789593 5.02211047
v 8.75649804 -5.71174744 5.02211047
v 8.75649804 -5.71174744 5.61440746
v 9.05264653 -5.71174744 5.91055596
v 9.05264653 -6.00789593 6.20670445
v 9.05264653 -5.71174744 7.09514994
v 9.05264653 -6.00789593 7.39129843
v 9.05264653 -5.11945045 2.35677401
v 8.75649804 -5.11945045 3.24521949
v 9.05264653 -5.11945045 2.94907100
v 9.05264653 -5.41559894 3.24521949
v 9.05264653 -5.41559894 3.83751649
v 8.75649804 -5.11945045 3.83751649
v 9.05264653 -5.11945045 5.91055596
v 9.05264653 -5.11945045 6.50285295
v 9.05264653 -5.41559894 6.79900144
v 9.05264653 -4.82330195 2.06062551
v 9.05264653 -4.52715346 1.76447702
v 9.05264653 -4.52715346 2.94907100
v 9.05264653 -4.52715346 5.91055596
v 9.05264653 -4.52715346 6.50285295
v 9.05264653 -3.93485647 1.76447702
v 8.75649804 -3.93485647 2.65292250
v 9.05264653 -3.93485647 2.94907100
v 9.05264653 -3.93485647 5.91055596
v 9.05264653 -3.93485647 6.50285295
v 9.05264653 -3.34255947 1.76447702
v 8.75649804 -3.34255947 2.65292250
v 9.05264653 -3.34255947 2.94907100
v 8.75649804 -3.34255947 5.61440746
v 9.05264653 -3.63870797 5.61440746
v 9.05264653 -3.34255947 5.31825896
v 9.05264653 -3.34255947 6.50285295
v 9.05264653 -2.75026248 1.76447702
v 8.75649804 -2.75026248 2.65292250
v 9.05264653 -2.75026248 2.94907100
v 9.05264653 -2.75026248 5.31825896
v 9.05264653 -3.04641098 6.20670445
v 8.75649804 -2.75026248 6.20670445
v 9.05264653 -2.75026248 5.91055596
v 9.05264653 -2.15796549 1.76447702
v 8.75649804 -2.15796549 3.24521949
v 9.05264653 -2.45411399 3.24521949
v 9.05264653 -2.15796549 3.54136799
v 9.05264653 -2.45411399 5.02211047
v 9.05264653 -2.15796549 4.72596197
v 9.05264653 -2.15796549 5.91055596
v 9.05264653 -1.86181700 2.06062551
v 8.75649804 -1.56566850 2.06062551
v 9.05264653 -1.56566850 2.35677401
v 9.05264653 -1.86181700 3.83751649
v 9.05264653 -1.86181700 4.42981348
v 9.05264653 -1.56566850 5.31825896
v 9.05264653 -1.86181700 5.61440746
v 9.05264653 -1.26952000 -16.30058122
v 9.05264653 -0.97337151 -16.59672971
v 9.05264653 -1.26952000 -15.70828423
v 9.05264653 -0.97337151 -15.41213573
v 9.05264653 -1.26952000 2.65292250
v 8.75649804 -0.97337151 2.65292250
v 9.05264653 -1.26952000 3.24521949
v 8.75649804 -0.97337151 3.24521949
v 9.05264653 -1.26952000 3.83751649
v 8.75649804 -0.97337151 3.83751649
v 9.05264653 -1.26952000 4.42981348
v 8.75649804 -0.97337151 4.42981348
v 9.05264653 -1.26952000 5.02211047
v 9.05264653 -0.38107452 -16.59672971
v 8.75649804 -0.38107452 -15.70828423
v 9.05264653 -0.38107452 -16.00443272
v 9.05264653 -0.67722301 -15.70828423
v 8.75649804 -0.38107452 -15.11598724
v 8.75649804 -0.38107452 2.65292250
v 8.75649804 -0.38107452 3.24521949
v 8.75649804 -0.38107452 3.83751649
v 9.05264653 -0.08492602 -16.30058122
v 8.75649804 0.21122247 -16.30058122
v 8.75649804 0.21122247 -15.70828423
v 8.75649804 0.21122247 -15.11598724
v 8.75649804 0.21122247 3.24521949
v 9.05264653 0.50737097 -16.30058122
v 9.05264653 0.80351947 -16.59672971
v 9.05264653 0.50737097 -15.70828423
v 8.75649804 0.80351947 -15.11598724
v 9.05264653 0.80351947 -15.41213573
v 9.05264653 1.39581646 -16.59672971
v 8.75649804 1.39581646 -15.11598724
v 9.05264653 1.39581646 -15.41213573
v 9.05264653 1.69196495 -16.30058122
v 8.75649804 1.98811345 -16.30058122
v 9.05264653 1.69196495 -15.70828423
v 8.75649804 1.98811345 -15.70828423
v 8.75649804 1.98811345 -15.11598724
v 8.75649804 2.58041044 -16.30058122
v 8.75649804 2.58041044 -15.70828423
v 8.75649804 2.58041044 -15.11598724
v 9.34879503 -9.85782638 3.83751649
v 9.64494352 -10.15397487 3.83751649
v 9.64494352 -9.85782638 3.54136799
v 9.64494352 -9.85782638 4.13366498
v 9.64494352 -10.15397487 5.02211047
v 9.64494352 -9.85782638 4.72596197
v 9.64494352 -10.15397487 5.61440746
v 9.64494352 -9.85782638 5.91055596
v 9.34879503 -9.26552939 3.24521949
v 9.64494352 -9.56167788 3.24521949
v 9.64494352 -9.26552939 2.94907100
v 9.34879503 -9.26552939 3.83751649
v 9.64494352 -9.56167788 4.42981348
v 9.34879503 -9.26552939 4.42981348
v 9.64494352 -9.56167788 6.20670445
v 9.64494352 -9.56167788 6.79900144
v 9.64494352 -9.26552939 7.09514994
v 9.64494352 -8.96938089 3.24521949
v 9.64494352 -8.67323240 3.54136799
v 9.34879503 -8.67323240 3.83751649
v 9.34879503 -8.67323240 4.42981348
v 9.64494352 -8.67323240 7.09514994
v 9.34879503 -8.08093540 3.83751649
v 9.64494352 -8.08093540 3.54136799
v 9.34879503 -8.08093540 4.42981348
v 9.64494352 -8.08093540 7.09514994
v 9.34879503 -8.08093540 7.98359542
v 9.34879503 -7.48863841 3.24521949
v 9.64494352 -7.78478691 3.24521949
v 9.64494352 -7.48863841 2.94907100
v 9.64494352 -7.78478691 5.02211047
v 9.34879503 -7.48863841 5.02211047
v 9.64494352 -7.48863841 4.72596197
v 9.64494352 -7.78478691 5.61440746
v 9.34879503 -7.48863841 5.61440746
v 9.64494352 -7.78478691 6.20670445
v 9.34879503 -7.48863841 6.20670445
v 9.64494352 -7.48863841 6.50285295
v 9.64494352 -7.78478691 7.39129843
v 9.34879503 -7.48863841 7.98359542
v 9.64494352 -7.48863841 7.68744693
v 9.34879503 -6.89634142 3.24521949
v 9.64494352 -6.89634142 2.94907100
v 9.34879503 -6.89634142 4.42981348
v 9.64494352 -6.89634142 4.13366498
v 9.64494352 -7.19248992 4.42981348
v 9.34879503 -6.89634142 5.02211047
v 9.34879503 -6.89634142 5.61440746
v 9.34879503 -6.89634142 6.20670445
v 9.64494352 -6.89634142 6.50285295
v 9.34879503 -6.89634142 6.79900144
v 9.34879503 -6.89634142 7.98359542
v 9.64494352 -6.89634142 7.68744693
v 9.64494352 -6.60019293 3.24521949
v 9.64494352 -6.30404443 3.54136799
v 9.34879503 -6.30404443 4.42981348
v 9.64494352 -6.30404443 4.13366498
v 9.34879503 -6.30404443 5.02211047
v 9.64494352 -6.30404443 6.50285295
v 9.64494352 -6.30404443 7.68744693
v 9.34879503 -5.71174744 2.65292250
v 9.64494352 -5.71174744 2.94907100
v 9.64494352 -6.00789593 3.24521949
v 9.64494352 -5.71174744 4.13366498
v 9.64494352 -6.00789593 6.20670445
v 9.64494352 -5.71174744 5.91055596
v 9.64494352 -5.71174744 7.09514994
v 9.64494352 -6.00789593 7.39129843
v 9.64494352 -5.41559894 2.65292250
v 9.64494352 -5.11945045 2.35677401
v 9.34879503 -5.11945045 3.24521949
v 9.64494352 -5.11945045 3.54136799
v 9.64494352 -5.41559894 3.83751649
v 9.64494352 -5.11945045 5.91055596
v 9.34879503 -5.11945045 6.79900144
v 9.64494352 -5.11945045 7.09514994
v 9.34879503 -4.52715346 2.06062551
v 9.64494352 -4.52715346 2.35677401
v 9.34879503 -4.52715346 3.24521949
v 9.64494352 -4.52715346 3.54136799
v 9.64494352 -4.52715346 5.91055596
v 9.64494352 -4.52715346 6.50285295
v 9.64494352 -4.82330195 6.79900144
v 9.34879503 -3.93485647 2.06062551
v 9.64494352 -3.93485647 2.35677401
v 9.34879503 -3.93485647 3.24521949
v 9.64494352 -3.93485647 3.54136799
v 9.64494352 -3.93485647 5.91055596
v 9.64494352 -3.93485647 6.50285295
v 9.34879503 -3.34255947 2.06062551
v 9.64494352 -3.34255947 2.35677401
v 9.34879503 -3.34255947 3.24521949
v 9.64494352 -3.34255947 3.54136799
v 9.64494352 -3.63870797 5.61440746
v 9.64494352 -3.34255947 5.31825896
v 9.64494352 -3.34255947 6.50285295
v 9.34879503 -2.75026248 2.06062551
v 9.64494352 -2.75026248 2.35677401
v 9.34879503 -2.75026248 3.24521949
v 9.64494352 -2.75026248 3.54136799
v 9.64494352 -2.75026248 5.31825896
v 9.64494352 -2.75026248 5.91055596
v 9.64494352 -3.04641098 6.20670445
v 9.34879503 -2.15796549 2.06062551
v 9.64494352 -2.15796549 2.35677401
v 9.34879503 -2.15796549 3.83751649
v 9.64494352 -2.45411399 3.83751649
v 9.34879503 -2.15796549 4.42981348
v 9.64494352 -2.45411399 4.42981348
v 9.64494352 -2.45411399 5.02211047
v 9.64494352 -2.15796549 5.91055596
v 9.64494352 -1.86181700 2.65292250
v 9.34879503 -1.56566850 2.65292250
v 9.64494352 -1.56566850 2.94907100
v 9.64494352 -1.56566850 5.31825896
v 9.64494352 -1.86181700 5.61440746
v 9.34879503 -0.97337151 -16.30058122
v 9.34879503 -0.97337151 -15.70828423
v 9.64494352 -1.26952000 3.24521949
v 9.64494352 -1.26952000 3.83751649
v 9.64494352 -1.26952000 4.42981348
v 9.64494352 -1.26952000 5.02211047
v 9.34879503 -0.38107452 -16.30058122
v 9.64494352 0.50737097 -16.30058122
v 9.64494352 0.80351947 -16.59672971
v 9.64494352 0.50737097 -15.70828423
v 9.64494352 0.80351947 -15.41213573
v 9.64494352 1.09966796 -16.30058122
v 9.34879503 1.39581646 -16.30058122
v 9.64494352 1.09966796 -15.70828423
v 9.34879503 1.39581646 -15.70828423
v 9.94109202 -9.85782638 3.83751649
v 9.94109202 -9.85782638 5.02211047
v 9.94109202 -9.85782638 5.61440746
v 9.94109202 -9.26552939 3.24521949
v 10.23724051 -9.26552939 3.54136799
v 10.23724051 -9.56167788 3.83751649
v 10.23724051 -9.56167788 4.42981348
v 10.23724051 -9.56167788 5.02211047
v 10.23724051 -9.56167788 5.61440746
v 9.94109202 -9.26552939 6.20670445
v 10.23724051 -9.26552939 5.91055596
v 9.94109202 -9.26552939 6.79900144
v 10.23724051 -8.67323240 3.54136799
v 9.94109202 -8.67323240 6.20670445
v 10.23724051 -8.67323240 5.91055596
v 9.94109202 -8.67323240 6.79900144
v 10.23724051 -8.08093540 3.54136799
v 10.23724051 -8.37708390 6.20670445
v 9.94109202 -8.08093540 6.79900144
v 10.23724051 -8.08093540 6.50285295
v 10.23724051 -7.78478691 3.24521949
v 10.23724051 -7.48863841 2.94907100
v 9.94109202 -7.48863841 5.02211047
v 9.94109202 -7.48863841 5.61440746
v 9.94109202 -7.48863841 6.20670445
v 10.23724051 -7.78478691 6.79900144
v 9.94109202 -7.48863841 7.39129843
v 10.23724051 -7.48863841 7.09514994
v 10.23724051 -6.89634142 2.94907100
v 10.23724051 -6.89634142 4.13366498
v 10.23724051 -7.19248992 4.42981348
v 10.23724051 -7.19248992 5.02211047
v 10.23724051 -6.89634142 5.31825896
v 9.94109202 -6.89634142 5.61440746
v 9.94109202 -6.89634142 6.20670445
v 9.94109202 -6.89634142 7.39129843
v 10.23724051 -6.89634142 7.09514994
v 10.23724051 -6.60019293 3.24521949
v 10.23724051 -6.30404443 3.54136799
v 10.23724051 -6.30404443 4.13366498
v 9.94109202 -6.30404443 5.02211047
v 10.23724051 -6.60019293 5.02211047
v 10.23724051 -6.30404443 4.72596197
v 9.94109202 -6.30404443 5.61440746
v 9.94109202 -6.30404443 6.20670445
v 9.94109202 -6.30404443 7.39129843
v 10.23724051 -6.30404443 7.09514994
v 10.23724051 -6.00789593 3.24521949
v 10.23724051 -5.71174744 2.94907100
v 10.23724051 -6.00789593 4.42981348
v 9.94109202 -5.71174744 4.42981348
v 9.94109202 -5.71174744 5.02211047
v 9.94109202 -5.71174744 5.61440746
v 10.23724051 -5.71174744 7.09514994
v 9.94109202 -5.11945045 2.65292250
v 10.23724051 -5.11945045 2.94907100
v 9.94109202 -5.11945045 3.83751649
v 9.94109202 -5.11945045 4.42981348
v 9.94109202 -5.11945045 5.02211047
v 9.94109202 -5.11945045 5.61440746
v 9.94109202 -5.11945045 6.79900144
v 10.23724051 -5.11945045 6.50285295
v 10.23724051 -5.41559894 6.79900144
v 10.23724051 -4.82330195 2.65292250
v 10.23724051 -4.52715346 2.35677401
v 9.94109202 -4.52715346 3.83751649
v 10.23724051 -4.52715346 4.13366498
v 10.23724051 -4.82330195 4.42981348
v 10.23724051 -4.52715346 4.72596197
v 9.94109202 -4.52715346 5.02211047
v 9.94109202 -4.52715346 5.61440746
v 10.23724051 -4.52715346 6.50285295
v 10.23724051 -3.93485647 2.35677401
v 9.94109202 -3.93485647 3.83751649
v 10.23724051 -3.93485647 4.13366498
v 9.94109202 -3.93485647 5.02211047
v 10.23724051 -3.93485647 4.72596197
v 9.94109202 -3.93485647 5.61440746
v 10.23724051 -3.93485647 6.50285295
v 10.23724051 -3.63870797 2.65292250
v 9.94109202 -3.34255947 2.65292250
v 10.23724051 -3.34255947 2.94907100
v 10.23724051 -3.34255947 3.54136799
v 10.23724051 -3.63870797 3.83751649
v 9.94109202 -3.34255947 5.02211047
v 10.23724051 -3.34255947 4.72596197
v 10.23724051 -3.34255947 6.50285295
v 9.94109202 -2.75026248 2.65292250
v 10.23724051 -2.75026248 2.94907100
v 10.23724051 -3.04641098 3.83751649
v 9.94109202 -2.75026248 3.83751649
v 9.94109202 -2.75026248 4.42981348
v 10.23724051 -3.04641098 4.42981348
v 9.94109202 -2.75026248 5.02211047
v 10.23724051 -2.75026248 5.91055596
v 10.23724051 -3.04641098 6.20670445
v 9.94109202 -2.15796549 2.65292250
v 10.23724051 -2.15796549 2.94907100
v 10.23724051 -2.45411399 5.61440746
v 9.94109202 -2.15796549 5.61440746
v 10.23724051 -2.15796549 5.31825896
v 10.23724051 -1.86181700 3.24521949
v 9.94109202 -1.56566850 3.24521949
v 10.23724051 -1.86181700 3.83751649
v 9.94109202 -1.56566850 3.83751649
v 10.23724051 -1.86181700 4.42981348
v 9.94109202 -1.56566850 4.42981348
v 10.23724051 -1.86181700 5.02211047
v 9.94109202 -1.56566850 5.02211047
v 9.94109202 0.80351947 -16.30058122
v 9.94109202 0.80351947 -15.70828423
v 10.53338901 -9.26552939 3.83751649
v 10.53338901 -9.26552939 4.42981348
v 10.53338901 -9.26552939 5.02211047
v 10.53338901 -9.26552939 5.61440746
v 10.53338901 -8.67323240 3.83751649
v 10.53338901 -8.67323240 4.42981348
v 10.53338901 -8.67323240 5.02211047
v 10.53338901 -8.67323240 5.61440746
v 10.82953750 -8.37708390 3.83751649
v 10.82953750 -8.08093540 3.54136799
v 10.82953750 -8.37708390 4.42981348
v 10.53338901 -8.08093540 5.02211047
v 10.82953750 -8.08093540 4.72596197
v 10.53338901 -8.08093540 5.61440746
v 10.53338901 -8.08093540 6.20670445
v 10.53338901 -7.48863841 3.24521949
v 10.82953750 -7.48863841 3.54136799
v 10.82953750 -7.78478691 5.02211047
v 10.82953750 -7.78478691 5.61440746
v 10.53338901 -7.48863841 6.20670445
v 10.82953750 -7.48863841 5.91055596
v 10.53338901 -7.48863841 6.79900144
v 10.53338901 -6.89634142 3.24521949
v 10.82953750 -6.89634142 3.54136799
v 10.53338901 -6.89634142 4.42981348
v 10.53338901 -6.89634142 5.02211047
v 10.53338901 -6.89634142 6.20670445
v 10.82953750 -6.89634142 5.91055596
v 10.53338901 -6.89634142 6.79900144
v 10.82953750 -6.30404443 3.54136799
v 10.53338901 -6.30404443 4.42981348
v 10.53338901 -6.30404443 6.20670445
v 10.82953750 -6.30404443 5.91055596
v 10.53338901 -6.30404443 6.79900144
v 10.53338901 -5.71174744 3.24521949
v 10.82953750 -6.00789593 3.83751649
v 10.53338901 -5.71174744 3.83751649
v 10.82953750 -6.00789593 4.42981348
v 10.53338901 -5.71174744 4.42981348
v 10.82953750 -5.71174744 4.72596197
v 10.53338901 -5.71174744 6.20670445
v 10.82953750 -5.71174744 5.91055596
v 10.53338901 -5.71174744 6.79900144
v 10.53338901 -5.11945045 3.24521949
v 10.82953750 -5.11945045 3.54136799
v 10.82953750 -5.41559894 3.83751649
v 10.82953750 -5.41559894 4.42981348
v 10.82953750 -5.11945045 4.72596197
v 10.53338901 -5.11945045 5.02211047
v 10.82953750 -5.41559894 5.02211047
v 10.82953750 -5.41559894 5.61440746
v 10.53338901 -5.11945045 5.61440746
v 10.53338901 -5.11945045 6.20670445
v 10.53338901 -4.52715346 2.65292250
v 10.53338901 -4.52715346 3.24521949
v 10.82953750 -4.52715346 3.54136799
v 10.53338901 -4.52715346 4.42981348
v 10.82953750 -4.82330195 5.02211047
v 10.53338901 -4.52715346 5.61440746
v 10.82953750 -4.52715346 5.31825896
v 10.53338901 -4.52715346 6.20670445
v 10.53338901 -3.93485647 2.65292250
v 10.82953750 -3.93485647 2.94907100
v 10.82953750 -4.23100496 3.24521949
v 10.53338901 -3.93485647 4.42981348
v 10.82953750 -4.23100496 5.61440746
v 10.53338901 -3.93485647 6.20670445
v 10.82953750 -3.93485647 5.91055596
v 10.82953750 -3.34255947 2.94907100
v 10.53338901 -3.34255947 3.83751649
v 10.53338901 -3.34255947 4.42981348
v 10.53338901 -3.34255947 6.20670445
v 10.82953750 -3.34255947 5.91055596
v 10.82953750 -3.04641098 3.24521949
v 10.53338901 -2.75026248 3.24521949
v 10.82953750 -2.75026248 3.54136799
v 10.53338901 -2.75026248 5.61440746
v 10.82953750 -2.75026248 5.31825896
v 10.82953750 -3.04641098 5.61440746
v 10.53338901 -2.15796549 3.24521949
v 10.82953750 -2.45411399 3.83751649
v 10.53338901 -2.15796549 3.83751649
v 10.82953750 -2.45411399 4.42981348
v 10.53338901 -2.15796549 4.42981348
v 10.82953750 -2.45411399 5.02211047
v 10.53338901 -2.15796549 5.02211047
v 11.12568600 -8.08093540 3.83751649
v 11.12568600 -8.08093540 4.42981348
v 11.12568600 -7.48863841 3.83751649
v 11.12568600 -7.48863841 4.42981348
v 11.12568600 -7.48863841 5.02211047
v 11.12568600 -7.48863841 5.61440746
v 11.12568600 -6.89634142 3.83751649
v 11.12568600 -6.89634142 4.42981348
v 11.12568600 -6.89634142 5.02211047
v 11.12568600 -6.89634142 5.61440746
v 11.12568600 -6.30404443 3.83751649
v 11.12568600 -6.30404443 4.42981348
v 11.12568600 -6.30404443 5.02211047
v 11.12568600 -6.30404443 5.61440746
v 11.12568600 -5.71174744 5.02211047
v 11.12568600 -5.71174744 5.61440746
v 11.12568600 -5.11945045 3.83751649
v 11.12568600 -5.11945045 4.42981348
v 11.12568600 -4.52715346 3.83751649
v 11.12568600 -4.52715346 4.42981348
v 11.12568600 -4.52715346 5.02211047
v 11.12568600 -3.93485647 3.24521949
v 11.12568600 -3.93485647 3.83751649
v 11.12568600 -3.93485647 4.42981348
v 11.12568600 -3.93485647 5.02211047
v 11.12568600 -3.93485647 5.61440746
v 11.12568600 -3.34255947 3.24521949
v 11.12568600 -3.34255947 3.83751649
v 11.12568600 -3.34255947 4.42981348
v 11.12568600 -3.34255947 5.02211047
v 11.12568600 -3.34255947 5.61440746
v 11.12568600 -2.75026248 3.83751649
v 11.12568600 -2.75026248 4.42981348
v 11.12568600 -2.75026248 5.02211047
f 3 2 1
f 5 4 1
f 5 1 2
f 6 4 5
f 3 1 7
f 3 7 8
f 9 1 4
f 7 1 9
f 4 6 10
f 4 10 9
f 8 7 11
f 8 11 12
f 13 7 9
f 11 7 13
f 9 10 14
f 15 9 14
f 13 9 15
f 16 15 14
f 19 18 17
f 17 18 12
f 11 17 12
f 20 17 11
f 21 11 13
f 20 11 21
f 22 13 15
f 21 13 22
f 15 16 23
f 15 23 22
f 24 19 17
f 26 25 24
f 17 26 24
f 20 26 17
f 27 20 21
f 26 20 27
f 22 29 28
f 27 22 28
f 21 22 27
f 29 22 23
f 32 31 30
f 34 33 30
f 34 30 31
f 25 26 35
f 34 36 33
f 35 26 27
f 35 27 37
f 37 27 28
f 40 39 38
f 38 39 32
f 30 38 32
f 41 38 30
f 42 30 33
f 41 30 42
f 33 36 43
f 33 43 42
f 40 38 44
f 40 44 45
f 46 38 41
f 44 38 46
f 47 41 42
f 46 41 47
f 42 43 48
f 42 48 47
f 45 44 49
f 45 49 50
f 51 44 46
f 49 44 51
f 52 46 47
f 51 46 52
f 47 48 53
f 47 53 52
f 54 50 49
f 54 49 51
f 54 51 55
f 55 51 52
f 55 52 56
f 56 52 53
f 59 58 57
f 61 60 57
f 61 57 58
f 62 60 61
f 65 64 63
f 63 64 59
f 57 63 59
f 66 63 57
f 67 57 60
f 66 57 67
f 60 62 68
f 69 60 68
f 67 60 69
f 70 69 68
f 65 63 2
f 3 65 2
f 71 65 3
f 2 63 5
f 5 63 66
f 5 66 6
f 66 72 6
f 66 67 72
f 73 67 69
f 72 67 73
f 69 70 74
f 69 74 73
f 77 76 75
f 76 71 75
f 71 8 75
f 71 3 8
f 78 10 72
f 72 10 6
f 79 72 73
f 78 72 79
f 73 74 80
f 73 80 79
f 77 75 81
f 77 81 82
f 12 83 8
f 84 8 83
f 8 84 75
f 85 75 84
f 75 85 81
f 87 86 83
f 83 86 84
f 78 14 10
f 88 86 87
f 14 78 16
f 78 89 16
f 78 79 89
f 79 80 90
f 91 79 90
f 89 79 91
f 92 91 90
f 95 94 93
f 93 94 82
f 93 82 81
f 19 93 81
f 18 19 81
f 96 81 85
f 81 96 18
f 97 18 96
f 18 97 12
f 83 12 97
f 83 98 87
f 83 97 98
f 88 87 99
f 99 87 98
f 100 23 89
f 89 23 16
f 101 89 91
f 100 89 101
f 91 92 102
f 91 102 101
f 105 104 103
f 103 104 95
f 93 103 95
f 106 103 93
f 24 107 19
f 107 93 19
f 107 106 93
f 96 108 97
f 107 24 25
f 97 108 98
f 98 108 109
f 110 28 29
f 109 99 98
f 23 100 29
f 100 110 29
f 100 111 110
f 101 113 112
f 111 101 112
f 100 101 111
f 113 101 102
f 116 115 114
f 114 115 105
f 103 114 105
f 117 114 103
f 32 117 31
f 117 106 31
f 117 103 106
f 31 106 34
f 34 106 107
f 36 34 118
f 34 107 118
f 25 35 118
f 25 118 107
f 37 119 35
f 35 119 118
f 28 110 37
f 110 119 37
f 110 120 119
f 111 122 121
f 120 111 121
f 110 111 120
f 122 111 112
f 116 114 123
f 116 123 124
f 40 123 39
f 123 117 39
f 123 114 117
f 39 117 32
f 125 43 118
f 118 43 36
f 126 118 119
f 125 118 126
f 120 128 127
f 126 120 127
f 119 120 126
f 128 120 121
f 124 123 129
f 124 129 130
f 45 129 40
f 40 129 123
f 133 132 131
f 131 134 133
f 135 48 125
f 125 48 43
f 136 125 126
f 135 125 136
f 126 127 137
f 126 137 136
f 130 129 138
f 130 138 139
f 50 138 45
f 45 138 129
f 132 140 131
f 131 140 134
f 141 53 135
f 135 53 48
f 142 135 136
f 141 135 142
f 136 137 143
f 136 143 142
f 139 138 144
f 139 144 145
f 54 146 50
f 146 138 50
f 146 144 138
f 55 147 54
f 54 147 146
f 56 148 55
f 55 148 147
f 53 141 56
f 141 148 56
f 141 149 148
f 142 151 150
f 149 142 150
f 141 142 149
f 151 142 143
f 152 145 144
f 152 144 146
f 152 146 153
f 155 154 153
f 146 155 153
f 147 155 146
f 156 147 148
f 155 147 156
f 149 158 157
f 156 149 157
f 148 149 156
f 158 149 150
f 159 154 155
f 159 155 156
f 159 156 160
f 160 156 157
f 162 161 58
f 162 58 59
f 58 163 61
f 161 163 58
f 165 164 62
f 61 165 62
f 163 165 61
f 166 164 165
f 65 167 64
f 167 168 64
f 168 59 64
f 168 162 59
f 164 68 62
f 170 169 70
f 170 70 68
f 166 170 68
f 164 166 68
f 171 169 170
f 173 172 167
f 65 173 167
f 71 173 65
f 167 172 168
f 174 74 169
f 169 74 70
f 169 171 175
f 176 169 175
f 174 169 176
f 177 176 175
f 179 178 76
f 179 76 77
f 71 76 173
f 173 76 178
f 182 181 180
f 180 183 182
f 184 80 174
f 174 80 74
f 185 174 176
f 184 174 185
f 176 177 186
f 176 186 185
f 82 179 77
f 82 187 179
f 188 85 84
f 188 84 189
f 84 190 189
f 84 86 190
f 191 180 88
f 180 190 88
f 190 86 88
f 180 181 190
f 183 180 192
f 192 180 191
f 184 90 80
f 90 184 92
f 184 193 92
f 184 185 193
f 185 186 194
f 185 194 193
f 197 196 195
f 94 95 195
f 196 94 195
f 198 94 196
f 82 94 187
f 187 94 198
f 200 199 188
f 199 85 188
f 199 96 85
f 200 188 189
f 99 201 191
f 99 191 88
f 192 191 202
f 191 203 202
f 191 201 203
f 203 204 202
f 205 102 193
f 193 102 92
f 193 194 206
f 193 206 205
f 209 208 207
f 207 208 197
f 207 197 195
f 105 207 195
f 104 105 195
f 104 195 95
f 212 211 210
f 210 213 108
f 199 210 108
f 96 199 108
f 210 199 212
f 214 109 108
f 214 108 213
f 201 99 109
f 214 201 109
f 215 201 214
f 217 203 216
f 203 215 216
f 203 201 215
f 218 112 113
f 217 204 203
f 219 218 113
f 219 113 102
f 220 219 102
f 205 220 102
f 220 205 206
f 223 222 221
f 221 222 209
f 221 209 207
f 116 221 207
f 115 116 207
f 115 207 105
f 226 225 224
f 226 224 211
f 224 210 211
f 224 227 210
f 210 228 213
f 210 227 228
f 230 214 229
f 214 228 229
f 214 213 228
f 214 230 215
f 215 230 231
f 232 121 122
f 231 216 215
f 112 218 122
f 218 232 122
f 218 233 232
f 218 219 234
f 218 234 233
f 223 221 235
f 223 235 236
f 124 235 116
f 116 235 221
f 239 238 237
f 239 237 225
f 237 224 225
f 237 240 224
f 224 241 227
f 224 240 241
f 227 242 228
f 227 241 242
f 229 228 243
f 243 228 242
f 244 127 128
f 121 232 128
f 232 244 128
f 232 245 244
f 233 247 246
f 245 233 246
f 232 233 245
f 247 233 234
f 236 235 248
f 236 248 249
f 130 248 124
f 124 248 235
f 237 238 250
f 250 238 251
f 250 132 133
f 240 250 133
f 237 250 240
f 240 133 134
f 252 240 134
f 241 240 252
f 241 253 242
f 241 252 253
f 243 242 254
f 254 242 253
f 255 137 244
f 244 137 127
f 245 257 256
f 255 245 256
f 244 245 255
f 257 245 246
f 249 248 258
f 249 258 259
f 139 258 130
f 130 258 248
f 250 251 260
f 260 251 261
f 262 140 132
f 250 262 132
f 260 262 250
f 252 134 140
f 262 252 140
f 263 252 262
f 252 264 253
f 252 263 264
f 254 253 265
f 265 253 264
f 267 266 255
f 266 137 255
f 266 143 137
f 267 255 256
f 259 258 268
f 259 268 269
f 145 268 139
f 139 268 258
f 261 270 260
f 272 271 270
f 271 260 270
f 271 262 260
f 262 273 263
f 262 271 273
f 275 264 274
f 264 273 274
f 264 263 273
f 150 275 276
f 275 150 264
f 151 264 150
f 264 151 265
f 277 265 151
f 151 143 266
f 151 266 277
f 278 269 268
f 280 278 279
f 279 278 152
f 278 268 152
f 268 145 152
f 153 281 152
f 152 281 279
f 272 282 271
f 281 153 154
f 271 282 273
f 273 282 283
f 284 157 158
f 283 274 273
f 285 284 158
f 150 285 158
f 276 285 150
f 286 280 279
f 286 279 281
f 286 281 287
f 287 281 154
f 159 287 154
f 288 287 159
f 289 159 160
f 289 288 159
f 160 157 284
f 290 160 284
f 289 160 290
f 290 284 285
f 162 291 161
f 292 163 161
f 292 161 291
f 163 292 293
f 294 163 293
f 165 163 294
f 296 295 166
f 165 296 166
f 294 296 165
f 297 295 296
f 168 298 291
f 168 291 162
f 291 299 292
f 291 298 299
f 293 292 300
f 300 292 299
f 295 170 166
f 302 301 171
f 302 171 170
f 297 302 170
f 295 297 170
f 303 301 302
f 173 304 172
f 298 168 172
f 304 298 172
f 305 298 304
f 307 299 306
f 299 305 306
f 299 298 305
f 299 307 300
f 301 175 171
f 177 175 301
f 303 177 301
f 308 177 303
f 179 309 178
f 309 310 178
f 178 310 173
f 310 311 173
f 311 304 173
f 304 311 305
f 305 311 312
f 313 181 182
f 312 306 305
f 183 313 182
f 308 186 177
f 314 186 308
f 316 315 309
f 179 316 309
f 187 316 179
f 309 315 310
f 317 189 190
f 181 313 190
f 313 317 190
f 313 318 317
f 192 318 183
f 183 318 313
f 320 194 319
f 194 314 319
f 194 186 314
f 321 320 319
f 324 323 322
f 196 197 322
f 323 196 322
f 325 196 323
f 196 326 198
f 325 326 196
f 187 198 316
f 316 198 326
f 327 199 200
f 189 317 200
f 317 327 200
f 317 328 327
f 329 317 318
f 328 317 329
f 329 318 192
f 330 329 192
f 202 330 192
f 331 329 330
f 202 204 330
f 330 204 332
f 333 206 320
f 320 206 194
f 320 321 334
f 320 334 333
f 337 336 335
f 335 336 324
f 335 324 322
f 209 335 322
f 208 209 322
f 208 322 197
f 340 339 338
f 342 341 339
f 339 341 338
f 211 212 342
f 212 341 342
f 212 343 341
f 212 199 327
f 344 212 327
f 343 212 344
f 344 327 328
f 344 328 345
f 345 328 329
f 345 329 346
f 217 216 347
f 329 331 346
f 347 348 217
f 348 204 217
f 348 332 204
f 349 219 220
f 350 349 220
f 350 220 206
f 351 350 206
f 333 351 206
f 351 333 334
f 337 335 222
f 223 337 222
f 352 337 223
f 222 335 209
f 339 340 353
f 353 340 354
f 353 225 226
f 342 353 226
f 339 353 342
f 342 226 211
f 229 355 230
f 356 231 230
f 356 230 355
f 356 357 231
f 231 357 216
f 357 358 216
f 358 347 216
f 347 358 348
f 360 359 349
f 359 219 349
f 359 234 219
f 360 349 350
f 363 362 361
f 362 352 361
f 352 236 361
f 352 223 236
f 366 365 364
f 366 364 354
f 354 364 353
f 364 238 353
f 238 239 353
f 353 239 225
f 243 367 355
f 243 355 229
f 369 356 368
f 356 367 368
f 356 355 367
f 356 369 357
f 371 370 247
f 247 370 246
f 247 234 359
f 247 359 371
f 363 361 372
f 363 372 373
f 249 372 236
f 236 372 361
f 364 365 374
f 374 365 375
f 374 251 238
f 374 238 364
f 377 376 367
f 243 377 367
f 254 377 243
f 367 376 368
f 379 378 257
f 257 378 256
f 257 246 370
f 257 370 379
f 373 372 380
f 373 380 381
f 259 380 249
f 249 380 372
f 374 375 382
f 382 375 383
f 382 261 251
f 382 251 374
f 265 377 254
f 265 384 377
f 386 385 267
f 267 385 266
f 267 256 378
f 267 378 386
f 387 381 380
f 380 259 387
f 259 388 387
f 259 269 388
f 383 389 382
f 389 391 390
f 389 390 270
f 382 389 270
f 261 382 270
f 390 272 270
f 394 393 392
f 275 274 392
f 393 275 392
f 395 275 393
f 395 276 275
f 276 395 396
f 265 277 384
f 397 384 277
f 277 266 385
f 277 385 397
f 269 278 398
f 399 269 398
f 388 269 399
f 280 398 278
f 391 400 390
f 390 400 272
f 400 282 272
f 400 401 282
f 392 283 394
f 283 401 394
f 283 282 401
f 283 392 274
f 396 285 276
f 402 285 396
f 403 399 398
f 403 398 280
f 286 403 280
f 404 403 286
f 406 404 405
f 404 287 405
f 404 286 287
f 288 407 287
f 287 407 405
f 407 288 408
f 288 409 408
f 288 289 409
f 410 289 290
f 410 409 289
f 290 285 402
f 290 402 410
f 411 406 405
f 411 405 407
f 411 407 412
f 412 407 408
f 293 413 294
f 414 296 294
f 414 294 413
f 414 297 296
f 300 415 413
f 300 413 293
f 413 416 414
f 413 415 416
f 414 416 297
f 416 417 297
f 417 302 297
f 416 418 417
f 420 419 303
f 302 420 303
f 417 420 302
f 421 419 420
f 306 422 307
f 415 300 307
f 422 415 307
f 423 415 422
f 425 416 424
f 416 423 424
f 416 415 423
f 416 425 418
f 426 308 419
f 419 308 303
f 419 421 427
f 419 427 426
f 310 428 311
f 429 312 311
f 429 311 428
f 422 306 312
f 429 422 312
f 430 422 429
f 432 423 431
f 423 430 431
f 423 422 430
f 423 432 424
f 433 314 426
f 426 314 308
f 426 427 434
f 426 434 433
f 316 435 315
f 428 310 315
f 435 428 315
f 436 428 435
f 428 437 429
f 428 436 437
f 439 430 438
f 430 437 438
f 430 429 437
f 430 439 431
f 433 319 314
f 321 319 433
f 434 321 433
f 440 321 434
f 442 441 323
f 442 323 324
f 323 443 325
f 441 443 323
f 325 444 326
f 443 444 325
f 316 326 435
f 326 445 435
f 326 444 445
f 435 445 436
f 436 445 446
f 436 446 437
f 437 446 447
f 437 447 438
f 448 331 330
f 332 448 330
f 440 334 321
f 449 334 440
f 451 450 336
f 451 336 337
f 324 336 442
f 442 336 450
f 452 340 338
f 341 453 338
f 338 453 452
f 343 454 341
f 341 454 453
f 344 455 343
f 343 455 454
f 345 456 344
f 344 456 455
f 346 457 345
f 345 457 456
f 331 448 346
f 448 457 346
f 448 458 457
f 348 458 332
f 332 458 448
f 460 459 351
f 351 459 350
f 351 334 449
f 351 449 460
f 463 462 461
f 462 451 461
f 451 352 461
f 451 337 352
f 466 465 464
f 467 466 452
f 466 354 452
f 354 340 452
f 466 464 354
f 467 452 453
f 467 453 468
f 468 453 454
f 468 454 469
f 469 454 455
f 469 455 470
f 470 455 456
f 470 456 471
f 473 472 471
f 456 473 471
f 457 473 456
f 357 473 358
f 473 458 358
f 473 457 458
f 358 458 348
f 475 474 360
f 360 474 359
f 360 350 459
f 360 459 475
f 463 461 362
f 363 463 362
f 476 463 363
f 362 461 352
f 479 478 477
f 477 478 465
f 465 478 464
f 478 365 464
f 365 366 464
f 464 366 354
f 472 473 369
f 368 472 369
f 480 472 368
f 369 473 357
f 483 482 481
f 370 371 482
f 371 481 482
f 371 484 481
f 371 359 474
f 371 474 484
f 373 476 363
f 373 485 476
f 478 479 486
f 486 479 487
f 486 375 365
f 486 365 478
f 489 488 376
f 489 376 377
f 368 376 480
f 480 376 488
f 482 483 379
f 483 378 379
f 483 490 378
f 482 379 370
f 381 485 373
f 381 491 485
f 486 487 492
f 492 487 493
f 492 383 375
f 492 375 486
f 384 489 377
f 384 494 489
f 496 495 386
f 386 495 385
f 386 378 490
f 386 490 496
f 381 387 497
f 498 381 497
f 491 381 498
f 493 499 492
f 497 387 388
f 499 501 500
f 499 500 389
f 492 499 389
f 383 492 389
f 500 391 389
f 503 502 393
f 503 393 394
f 393 504 395
f 502 504 393
f 384 397 494
f 505 494 397
f 494 505 504
f 396 504 505
f 504 396 395
f 506 505 397
f 385 506 397
f 495 506 385
f 507 498 497
f 497 388 507
f 388 508 507
f 388 399 508
f 501 509 500
f 500 509 391
f 509 400 391
f 509 510 400
f 400 511 401
f 510 511 400
f 394 401 503
f 503 401 511
f 514 513 512
f 515 514 505
f 514 402 505
f 402 396 505
f 514 512 402
f 515 505 506
f 516 508 399
f 516 399 403
f 518 516 517
f 516 404 517
f 516 403 404
f 406 517 404
f 520 519 409
f 409 519 408
f 410 512 513
f 520 410 513
f 409 410 520
f 512 410 402
f 521 518 517
f 521 517 406
f 411 521 406
f 522 521 411
f 523 411 412
f 523 522 411
f 412 408 519
f 412 519 523
f 418 524 417
f 525 420 417
f 525 417 524
f 525 421 420
f 424 526 425
f 524 418 425
f 526 524 425
f 527 524 526
f 524 528 525
f 524 527 528
f 528 427 421
f 528 421 525
f 431 529 432
f 526 424 432
f 529 526 432
f 530 526 529
f 526 531 527
f 526 530 531
f 527 532 528
f 527 531 532
f 532 434 427
f 532 427 528
f 438 533 439
f 529 431 439
f 533 529 439
f 534 529 533
f 529 535 530
f 529 534 535
f 530 536 531
f 530 535 536
f 531 537 532
f 531 536 537
f 537 440 434
f 537 434 532
f 442 538 441
f 441 538 539
f 540 441 539
f 443 441 540
f 540 542 541
f 444 540 541
f 443 540 444
f 543 445 444
f 543 444 541
f 544 446 445
f 544 445 543
f 545 447 446
f 545 446 544
f 533 438 447
f 545 533 447
f 546 533 545
f 533 547 534
f 533 546 547
f 534 548 535
f 534 547 548
f 535 549 536
f 535 548 549
f 536 550 537
f 536 549 550
f 550 449 440
f 550 440 537
f 552 551 450
f 552 450 451
f 442 450 538
f 450 553 538
f 450 551 553
f 538 553 539
f 542 554 541
f 541 554 543
f 543 554 555
f 543 555 544
f 544 555 556
f 544 556 545
f 545 556 557
f 559 558 557
f 558 545 557
f 558 546 545
f 546 560 547
f 546 558 560
f 562 548 561
f 548 560 561
f 548 547 560
f 564 563 562
f 563 548 562
f 563 549 548
f 563 459 460
f 550 563 460
f 549 563 550
f 550 460 449
f 566 565 462
f 566 462 463
f 451 462 552
f 552 462 565
f 567 465 466
f 467 568 466
f 466 568 567
f 468 569 467
f 467 569 568
f 469 570 468
f 468 570 569
f 470 571 469
f 469 571 570
f 471 572 470
f 470 572 571
f 559 573 558
f 572 471 472
f 575 574 573
f 574 558 573
f 574 560 558
f 561 560 576
f 560 577 576
f 560 574 577
f 576 577 564
f 564 577 563
f 577 474 563
f 474 475 563
f 563 475 459
f 476 566 463
f 476 578 566
f 580 579 477
f 477 579 479
f 477 465 567
f 581 477 567
f 580 477 581
f 581 567 568
f 581 568 582
f 582 568 569
f 582 569 583
f 583 569 570
f 583 570 584
f 586 585 584
f 570 586 584
f 571 586 570
f 587 571 572
f 586 571 587
f 480 587 472
f 472 587 572
f 574 575 481
f 575 483 481
f 575 588 483
f 574 481 484
f 574 484 577
f 577 484 474
f 485 578 476
f 485 589 578
f 579 487 479
f 590 487 579
f 591 585 586
f 489 592 488
f 592 586 488
f 586 587 488
f 592 591 586
f 488 587 480
f 588 490 483
f 593 490 588
f 491 589 485
f 491 594 589
f 590 493 487
f 595 493 590
f 598 597 596
f 597 592 596
f 592 494 596
f 592 489 494
f 600 599 496
f 496 599 495
f 496 490 593
f 496 593 600
f 498 594 491
f 498 601 594
f 499 493 602
f 493 603 602
f 493 595 603
f 602 501 499
f 605 604 502
f 605 502 503
f 596 504 598
f 504 604 598
f 504 502 604
f 504 596 494
f 608 607 606
f 599 606 607
f 506 599 607
f 495 599 506
f 498 507 609
f 610 498 609
f 601 498 610
f 603 611 602
f 609 507 508
f 602 611 501
f 611 509 501
f 611 612 509
f 612 614 613
f 510 612 613
f 509 612 510
f 510 613 615
f 616 510 615
f 511 510 616
f 503 511 605
f 605 511 616
f 618 617 514
f 514 617 513
f 515 607 608
f 618 515 608
f 514 515 618
f 607 515 506
f 610 609 619
f 610 619 620
f 516 621 508
f 621 609 508
f 621 619 609
f 518 621 516
f 614 622 613
f 613 622 615
f 624 623 520
f 520 623 519
f 520 513 617
f 520 617 624
f 620 619 625
f 620 625 626
f 627 619 621
f 625 619 627
f 521 628 518
f 628 621 518
f 628 627 621
f 522 629 521
f 521 629 628
f 629 522 630
f 522 631 630
f 522 523 631
f 523 519 623
f 523 623 631
f 632 626 625
f 634 633 632
f 625 634 632
f 627 634 625
f 635 627 628
f 634 627 635
f 629 637 636
f 635 629 636
f 628 629 635
f 637 629 630
f 638 633 634
f 638 634 635
f 638 635 639
f 639 635 636
f 539 640 540
f 640 542 540
f 552 641 551
f 551 641 642
f 643 551 642
f 553 551 643
f 553 643 539
f 643 644 539
f 644 640 539
f 644 643 645
f 646 554 542
f 640 646 542
f 644 646 640
f 647 555 554
f 647 554 646
f 648 556 555
f 648 555 647
f 649 557 556
f 649 556 648
f 649 559 557
f 561 650 562
f 650 564 562
f 566 651 565
f 651 652 565
f 565 652 552
f 652 653 552
f 653 641 552
f 641 653 642
f 645 654 644
f 644 654 646
f 646 654 655
f 646 655 647
f 647 655 656
f 647 656 648
f 648 656 657
f 648 657 649
f 649 657 658
f 658 660 659
f 658 659 573
f 649 658 573
f 559 649 573
f 659 575 573
f 576 650 561
f 650 576 564
f 662 661 651
f 566 662 651
f 578 662 566
f 663 579 580
f 661 652 651
f 581 664 580
f 580 664 663
f 582 665 581
f 581 665 664
f 583 666 582
f 582 666 665
f 584 667 583
f 583 667 666
f 585 667 584
f 659 660 668
f 668 660 669
f 668 588 575
f 668 575 659
f 589 662 578
f 589 670 662
f 672 671 663
f 671 579 663
f 671 590 579
f 672 663 664
f 672 664 673
f 675 674 673
f 664 675 673
f 665 675 664
f 676 665 666
f 675 665 676
f 677 666 667
f 676 666 677
f 591 678 585
f 678 667 585
f 678 677 667
f 592 678 591
f 668 669 679
f 679 669 680
f 679 593 588
f 679 588 668
f 683 682 681
f 682 670 681
f 670 594 681
f 670 589 594
f 671 595 590
f 684 595 671
f 685 674 675
f 685 675 676
f 685 676 686
f 688 687 686
f 676 688 686
f 677 688 676
f 598 688 597
f 688 678 597
f 688 677 678
f 597 678 592
f 679 680 600
f 680 599 600
f 680 689 599
f 679 600 593
f 683 681 690
f 683 690 691
f 601 690 594
f 594 690 681
f 684 603 595
f 692 603 684
f 695 694 693
f 693 694 687
f 693 687 688
f 605 693 688
f 604 605 688
f 604 688 598
f 697 696 606
f 606 696 608
f 606 599 689
f 606 689 697
f 691 690 698
f 691 698 699
f 610 698 601
f 601 698 690
f 611 603 700
f 603 701 700
f 603 692 701
f 702 612 611
f 702 611 700
f 702 614 612
f 695 693 616
f 615 695 616
f 703 695 615
f 616 693 605
f 705 704 618
f 618 704 617
f 618 608 696
f 618 696 705
f 699 698 706
f 699 706 707
f 620 706 610
f 610 706 698
f 701 708 700
f 710 709 708
f 709 700 708
f 709 702 700
f 702 709 614
f 709 711 614
f 711 622 614
f 709 712 711
f 615 622 703
f 703 622 711
f 714 713 624
f 624 713 623
f 624 617 704
f 624 704 714
f 707 706 715
f 707 715 716
f 626 715 620
f 620 715 706
f 719 718 717
f 721 720 717
f 720 709 717
f 710 719 717
f 710 717 709
f 709 720 712
f 722 630 631
f 723 722 631
f 623 723 631
f 713 723 623
f 724 716 715
f 726 724 725
f 725 724 632
f 724 715 632
f 715 626 632
f 718 727 717
f 725 632 633
f 717 727 721
f 728 636 637
f 729 728 637
f 729 637 630
f 730 729 630
f 722 730 630
f 730 722 723
f 731 726 725
f 731 725 633
f 638 731 633
f 732 731 638
f 733 638 639
f 733 732 638
f 639 636 728
f 734 639 728
f 733 639 734
f 734 728 729
f 642 735 643
f 735 645 643
f 737 736 653
f 737 653 652
f 642 653 735
f 653 738 735
f 653 736 738
f 738 740 739
f 738 739 654
f 735 738 654
f 645 735 654
f 741 655 654
f 741 654 739
f 742 656 655
f 742 655 741
f 743 657 656
f 743 656 742
f 744 658 657
f 744 657 743
f 744 660 658
f 746 745 661
f 746 661 662
f 652 661 737
f 737 661 745
f 740 747 739
f 749 748 747
f 748 739 747
f 748 741 739
f 751 742 750
f 742 748 750
f 742 741 748
f 742 751 743
f 743 751 752
f 754 753 752
f 753 743 752
f 753 744 743
f 753 669 660
f 753 660 744
f 670 746 662
f 670 755 746
f 756 671 672
f 673 757 672
f 672 757 756
f 674 757 673
f 749 758 748
f 748 758 750
f 753 754 759
f 759 754 760
f 759 680 669
f 759 669 753
f 762 761 682
f 762 682 683
f 670 682 755
f 755 682 761
f 763 684 756
f 756 684 671
f 764 756 757
f 763 756 764
f 685 765 674
f 765 757 674
f 765 764 757
f 686 766 685
f 685 766 765
f 687 766 686
f 759 760 767
f 767 760 768
f 767 689 680
f 767 680 759
f 691 762 683
f 691 769 762
f 772 771 770
f 773 772 763
f 772 692 763
f 692 684 763
f 772 770 692
f 773 763 764
f 773 764 774
f 776 775 774
f 764 776 774
f 765 776 764
f 695 776 694
f 776 766 694
f 776 765 766
f 694 766 687
f 779 778 777
f 779 777 768
f 768 777 767
f 777 696 767
f 696 697 767
f 767 697 689
f 699 769 691
f 699 780 769
f 770 771 781
f 781 771 782
f 781 701 692
f 781 692 770
f 783 775 776
f 776 695 783
f 695 784 783
f 695 703 784
f 787 786 785
f 787 785 778
f 778 785 777
f 785 704 777
f 704 705 777
f 777 705 696
f 707 780 699
f 707 788 780
f 781 782 789
f 789 782 790
f 791 708 701
f 781 791 701
f 789 791 781
f 791 710 708
f 712 792 711
f 792 793 711
f 793 703 711
f 793 784 703
f 785 786 714
f 786 713 714
f 786 794 713
f 785 714 704
f 716 788 707
f 716 795 788
f 790 796 789
f 797 718 719
f 789 797 719
f 791 789 719
f 796 797 789
f 710 791 719
f 720 721 798
f 798 799 720
f 720 799 712
f 799 800 712
f 800 792 712
f 792 800 793
f 794 723 713
f 801 723 794
f 804 803 802
f 806 805 802
f 806 802 803
f 807 805 806
f 716 724 808
f 809 716 808
f 795 716 809
f 726 808 724
f 797 810 718
f 718 810 727
f 721 727 798
f 727 811 798
f 727 810 811
f 798 811 799
f 812 729 730
f 813 812 730
f 723 813 730
f 801 813 723
f 804 802 814
f 804 814 815
f 816 802 805
f 814 802 816
f 805 807 817
f 805 817 816
f 818 809 808
f 820 818 819
f 819 818 731
f 818 808 731
f 808 726 731
f 732 821 731
f 731 821 819
f 733 822 732
f 732 822 821
f 734 823 733
f 733 823 822
f 824 823 734
f 824 734 729
f 825 824 729
f 812 825 729
f 825 812 813
f 826 815 814
f 826 814 816
f 826 816 827
f 827 816 817
f 828 820 819
f 828 819 821
f 828 821 829
f 829 821 822
f 829 822 830
f 830 822 823
f 830 823 831
f 831 823 824
f 737 832 736
f 833 738 736
f 833 736 832
f 833 740 738
f 746 834 745
f 832 737 745
f 834 832 745
f 835 832 834
f 832 836 833
f 832 835 836
f 837 747 740
f 833 837 740
f 836 837 833
f 837 749 747
f 750 838 751
f 839 752 751
f 839 751 838
f 839 754 752
f 755 840 834
f 755 834 746
f 834 841 835
f 834 840 841
f 835 842 836
f 835 841 842
f 844 837 843
f 837 842 843
f 837 836 842
f 837 844 749
f 844 758 749
f 844 845 758
f 758 845 750
f 845 846 750
f 846 838 750
f 846 845 847
f 838 848 839
f 838 846 848
f 848 760 754
f 848 754 839
f 850 849 761
f 850 761 762
f 755 761 840
f 761 851 840
f 761 849 851
f 840 851 841
f 841 851 852
f 841 852 842
f 842 852 853
f 842 853 843
f 856 855 854
f 856 854 847
f 854 846 847
f 854 857 846
f 846 858 848
f 846 857 858
f 858 768 760
f 858 760 848
f 769 850 762
f 769 859 850
f 860 771 772
f 860 772 861
f 772 862 861
f 772 773 862
f 864 862 863
f 862 774 863
f 862 773 774
f 775 863 774
f 855 865 854
f 867 866 865
f 866 854 865
f 866 857 854
f 866 778 779
f 858 866 779
f 857 866 858
f 858 779 768
f 870 869 868
f 872 871 868
f 872 868 869
f 873 871 872
f 876 875 874
f 875 859 874
f 859 780 874
f 859 769 780
f 878 877 860
f 877 771 860
f 877 782 771
f 878 860 861
f 879 864 863
f 881 879 880
f 880 879 783
f 879 863 783
f 863 775 783
f 784 880 783
f 866 867 787
f 867 786 787
f 867 882 786
f 866 787 778
f 870 868 883
f 870 883 884
f 885 868 871
f 883 868 885
f 871 873 886
f 871 886 885
f 876 874 887
f 876 887 888
f 788 887 780
f 780 887 874
f 877 790 782
f 889 790 877
f 890 881 880
f 880 784 890
f 784 891 890
f 784 793 891
f 882 794 786
f 892 794 882
f 884 883 893
f 884 893 894
f 895 883 885
f 893 883 895
f 885 886 896
f 885 896 895
f 897 888 887
f 887 788 897
f 788 898 897
f 788 795 898
f 796 790 899
f 790 900 899
f 790 889 900
f 899 797 796
f 799 901 800
f 901 902 800
f 902 793 800
f 902 891 793
f 892 801 794
f 903 801 892
f 894 893 803
f 804 894 803
f 904 894 804
f 803 893 806
f 806 893 895
f 807 806 895
f 896 807 895
f 905 807 896
f 908 907 906
f 910 909 906
f 910 906 907
f 912 911 909
f 912 909 910
f 913 911 912
f 809 898 795
f 809 914 898
f 900 915 899
f 915 917 916
f 915 916 810
f 899 915 810
f 797 899 810
f 918 811 810
f 918 810 916
f 918 919 811
f 811 919 799
f 919 920 799
f 920 901 799
f 901 920 902
f 903 813 801
f 921 813 903
f 815 904 804
f 815 922 904
f 924 817 923
f 817 905 923
f 817 807 905
f 925 924 923
f 908 906 926
f 908 926 927
f 928 906 909
f 926 906 928
f 929 909 911
f 928 909 929
f 911 913 930
f 911 930 929
f 809 818 931
f 932 809 931
f 914 809 932
f 820 931 818
f 917 933 916
f 916 933 918
f 918 933 934
f 918 934 919
f 935 824 825
f 936 935 825
f 813 936 825
f 921 936 813
f 815 826 937
f 938 815 937
f 922 815 938
f 827 939 826
f 826 939 937
f 817 924 827
f 924 939 827
f 924 940 939
f 924 925 941
f 924 941 940
f 942 927 926
f 942 926 928
f 942 928 943
f 943 928 929
f 943 929 944
f 944 929 930
f 945 932 931
f 947 945 946
f 946 945 828
f 945 931 828
f 931 820 828
f 829 948 828
f 828 948 946
f 830 949 829
f 829 949 948
f 831 950 830
f 830 950 949
f 951 950 831
f 951 831 824
f 952 951 824
f 935 952 824
f 952 935 936
f 938 937 953
f 938 953 954
f 955 937 939
f 953 937 955
f 940 957 956
f 955 940 956
f 939 940 955
f 957 940 941
f 958 947 946
f 958 946 948
f 958 948 959
f 959 948 949
f 959 949 960
f 960 949 950
f 960 950 961
f 961 950 951
f 962 954 953
f 962 953 955
f 962 955 963
f 963 955 956
f 843 964 844
f 965 845 844
f 965 844 964
f 965 847 845
f 850 966 849
f 849 966 967
f 968 849 967
f 851 849 968
f 851 969 852
f 968 969 851
f 852 970 853
f 969 970 852
f 853 970 843
f 970 971 843
f 971 964 843
f 971 970 972
f 971 855 856
f 965 971 856
f 964 971 965
f 965 856 847
f 974 973 966
f 850 974 966
f 859 974 850
f 966 973 967
f 975 861 862
f 864 975 862
f 972 976 971
f 976 978 977
f 976 977 865
f 971 976 865
f 855 971 865
f 977 867 865
f 980 979 869
f 980 869 870
f 869 981 872
f 979 981 869
f 873 872 981
f 873 981 982
f 984 983 875
f 984 875 876
f 859 875 974
f 974 875 983
f 986 985 878
f 878 985 877
f 878 861 975
f 987 878 975
f 986 878 987
f 987 975 864
f 879 987 864
f 988 987 879
f 879 881 988
f 988 881 989
f 978 990 977
f 867 977 990
f 991 867 990
f 882 867 991
f 884 980 870
f 884 992 980
f 994 886 993
f 886 982 993
f 886 873 982
f 995 994 993
f 998 997 996
f 1000 999 996
f 1000 996 997
f 1002 1001 999
f 1002 999 1000
f 1004 1003 1001
f 1004 1001 1002
f 1006 1005 1003
f 1006 1003 1004
f 1008 1007 1005
f 1008 1005 1006
f 1010 1009 1007
f 1010 1007 1008
f 1011 1009 1010
f 888 984 876
f 888 1012 984
f 985 889 877
f 1013 889 985
f 1014 989 881
f 1014 881 890
f 890 891 1014
f 1014 891 1015
f 991 892 882
f 1016 892 991
f 894 992 884
f 894 1017 992
f 1018 896 994
f 994 896 886
f 994 995 1019
f 994 1019 1018
f 998 996 1020
f 998 1020 1021
f 1022 996 999
f 1020 996 1022
f 1023 999 1001
f 1022 999 1023
f 1024 1001 1003
f 1023 1001 1024
f 1025 1003 1005
f 1024 1003 1025
f 1026 1005 1007
f 1025 1005 1026
f 1027 1007 1009
f 1026 1007 1027
f 1009 1011 1028
f 1029 1009 1028
f 1027 1009 1029
f 1030 1029 1028
f 888 897 1031
f 1032 888 1031
f 1012 888 1032
f 898 1031 897
f 1013 900 889
f 1033 900 1013
f 902 1015 891
f 902 1034 1015
f 1016 903 892
f 1035 903 1016
f 904 1017 894
f 904 1036 1017
f 1037 905 1018
f 1018 905 896
f 1018 1019 1038
f 1018 1038 1037
f 1041 1040 1039
f 1043 1042 1039
f 1043 1039 1040
f 1042 1043 1021
f 1020 1042 1021
f 1044 1042 1020
f 1045 1020 1022
f 1044 1020 1045
f 1046 1022 1023
f 1045 1022 1046
f 1047 1023 1024
f 1046 1023 1047
f 908 1047 907
f 1047 1025 907
f 1047 1024 1025
f 907 1025 910
f 910 1025 1026
f 910 1026 912
f 912 1026 1027
f 912 1027 913
f 1027 1048 913
f 1027 1029 1048
f 1029 1030 1049
f 1050 1029 1049
f 1048 1029 1050
f 1052 1051 1050
f 1052 1050 1049
f 1053 1051 1052
f 1032 1031 1054
f 1032 1054 1055
f 914 1054 898
f 898 1054 1031
f 915 900 1056
f 900 1057 1056
f 900 1033 1057
f 1056 917 915
f 919 1058 920
f 1058 1059 920
f 1059 902 920
f 1059 1034 902
f 1061 921 1060
f 921 1035 1060
f 921 903 1035
f 1062 1061 1060
f 922 1036 904
f 922 1063 1036
f 1037 923 905
f 925 923 1037
f 1038 925 1037
f 1064 925 1038
f 1067 1066 1065
f 1065 1066 1041
f 1039 1065 1041
f 1068 1065 1039
f 1069 1039 1042
f 1068 1039 1069
f 1070 1042 1044
f 1069 1042 1070
f 1071 1044 1045
f 1070 1044 1071
f 1072 1045 1046
f 1071 1045 1072
f 1073 1046 1047
f 1072 1046 1073
f 927 1073 908
f 908 1073 1047
f 1074 930 1048
f 1048 930 913
f 1075 1048 1050
f 1074 1048 1075
f 1076 1050 1051
f 1075 1050 1076
f 1051 1053 1077
f 1051 1077 1076
f 1078 1055 1054
f 1054 914 1078
f 914 1079 1078
f 914 932 1079
f 1057 1080 1056
f 1080 1082 1081
f 1080 1081 933
f 1056 1080 933
f 917 1056 933
f 1083 934 933
f 1083 933 1081
f 1083 1084 934
f 934 1084 919
f 1084 1085 919
f 1085 1058 919
f 1058 1085 1059
f 1087 1086 1061
f 1086 921 1061
f 1086 936 921
f 1087 1061 1062
f 938 1063 922
f 938 1088 1063
f 1091 1090 1089
f 1089 1092 1091
f 1064 941 925
f 1093 941 1064
f 1067 1065 1094
f 1067 1094 1095
f 1096 1065 1068
f 1094 1065 1096
f 1097 1068 1069
f 1096 1068 1097
f 1098 1069 1070
f 1097 1069 1098
f 1099 1070 1071
f 1098 1070 1099
f 1100 1071 1072
f 1099 1071 1100
f 1101 1072 1073
f 1100 1072 1101
f 942 1102 927
f 1102 1073 927
f 1102 1101 1073
f 943 1103 942
f 942 1103 1102
f 944 1104 943
f 943 1104 1103
f 930 1074 944
f 1074 1104 944
f 1074 1105 1104
f 1106 1074 1075
f 1105 1074 1106
f 1107 1075 1076
f 1106 1075 1107
f 1076 1077 1108
f 1076 1108 1107
f 932 945 1109
f 1110 932 1109
f 1079 932 1110
f 947 1109 945
f 1082 1111 1081
f 1081 1111 1083
f 1083 1111 1112
f 1083 1112 1084
f 1114 1113 952
f 952 1113 951
f 952 936 1086
f 952 1086 1114
f 954 1088 938
f 954 1115 1088
f 1090 1116 1089
f 1117 956 957
f 1116 1092 1089
f 1118 1117 957
f 941 1118 957
f 1093 1118 941
f 1121 1120 1119
f 1119 1120 1095
f 1094 1119 1095
f 1122 1119 1094
f 1123 1094 1096
f 1122 1094 1123
f 1124 1096 1097
f 1123 1096 1124
f 1125 1097 1098
f 1124 1097 1125
f 1126 1098 1099
f 1125 1098 1126
f 1100 1128 1127
f 1126 1100 1127
f 1099 1100 1126
f 1128 1100 1101
f 1128 1101 1129
f 1131 1130 1129
f 1101 1131 1129
f 1102 1131 1101
f 1132 1102 1103
f 1131 1102 1132
f 1133 1103 1104
f 1132 1103 1133
f 1134 1104 1105
f 1133 1104 1134
f 1135 1105 1106
f 1134 1105 1135
f 1136 1106 1107
f 1135 1106 1136
f 1107 1108 1137
f 1107 1137 1136
f 1138 1110 1109
f 1138 1109 947
f 958 1138 947
f 1139 1138 958
f 1140 958 959
f 1140 1139 958
f 1141 959 960
f 1141 1140 959
f 1142 960 961
f 1142 1141 960
f 961 951 1113
f 961 1113 1142
f 954 962 1143
f 1144 954 1143
f 1115 954 1144
f 963 1145 962
f 962 1145 1143
f 1146 1145 963
f 1146 963 956
f 1147 1146 956
f 1117 1147 956
f 1147 1117 1118
f 1121 1119 1148
f 1121 1148 1149
f 1150 1119 1122
f 1148 1119 1150
f 1151 1122 1123
f 1150 1122 1151
f 1152 1123 1124
f 1151 1123 1152
f 1153 1124 1125
f 1152 1124 1153
f 1126 1155 1154
f 1153 1126 1154
f 1125 1126 1153
f 1155 1126 1127
f 1156 1130 1131
f 1156 1131 1132
f 1156 1132 1157
f 1157 1132 1133
f 1157 1133 1158
f 1158 1133 1134
f 1158 1134 1159
f 1159 1134 1135
f 1159 1135 1160
f 1160 1135 1136
f 1160 1136 1161
f 1161 1136 1137
f 1162 1144 1143
f 1162 1143 1145
f 1162 1145 1163
f 1163 1145 1146
f 1149 1148 1164
f 1149 1164 1165
f 1166 1148 1150
f 1164 1148 1166
f 1167 1150 1151
f 1166 1150 1167
f 1168 1151 1152
f 1167 1151 1168
f 1153 1170 1169
f 1168 1153 1169
f 1152 1153 1168
f 1170 1153 1154
f 1171 1165 1164
f 1171 1164 1166
f 1171 1166 1172
f 1172 1166 1167
f 1172 1167 1173
f 1173 1167 1168
f 1173 1168 1174
f 1174 1168 1169
f 967 1175 968
f 1176 969 968
f 1176 968 1175
f 1177 970 969
f 1177 969 1176
f 1177 972 970
f 1180 1179 1178
f 1182 1181 1178
f 1182 1178 1179
f 1183 1181 1182
f 1185 1184 973
f 1185 973 974
f 967 973 1175
f 973 1186 1175
f 973 1184 1186
f 1175 1186 1176
f 1176 1186 1187
f 1176 1187 1177
f 1177 1187 1188
f 1177 1188 972
f 1188 976 972
f 1188 1189 976
f 978 976 1189
f 978 1189 1190
f 1180 1178 979
f 980 1180 979
f 1191 1180 980
f 979 1178 981
f 981 1178 1181
f 982 981 1181
f 1183 982 1181
f 1192 982 1183
f 1195 1194 1193
f 1196 1193 1194
f 1199 1198 1197
f 1201 1200 1197
f 1201 1197 1198
f 1202 1200 1201
f 984 1203 983
f 1203 1204 983
f 1204 974 983
f 1204 1185 974
f 1206 1205 986
f 986 1205 985
f 1207 986 987
f 1207 1206 986
f 1208 987 988
f 1208 1207 987
f 988 989 1208
f 1208 989 1209
f 1190 1210 978
f 978 1210 990
f 991 990 1210
f 991 1210 1211
f 992 1191 980
f 992 1212 1191
f 993 982 1213
f 982 1214 1213
f 982 1192 1214
f 1213 995 993
f 1216 1215 997
f 1216 997 998
f 997 1217 1000
f 1215 1217 997
f 1193 1002 1195
f 1002 1217 1195
f 1002 1000 1217
f 1196 1218 1193
f 1218 1002 1193
f 1218 1004 1002
f 1197 1006 1199
f 1006 1218 1199
f 1006 1004 1218
f 1006 1197 1008
f 1008 1197 1200
f 1202 1219 1200
f 1219 1008 1200
f 1219 1010 1008
f 1221 1220 1011
f 1010 1221 1011
f 1219 1221 1010
f 1223 1222 1220
f 1223 1220 1221
f 1224 1222 1223
f 1226 1225 1203
f 984 1226 1203
f 1012 1226 984
f 1203 1225 1204
f 1205 1013 985
f 1227 1013 1205
f 1228 1209 989
f 1228 989 1014
f 1014 1015 1228
f 1228 1015 1229
f 1211 1016 991
f 1230 1016 1211
f 1017 1212 992
f 1017 1231 1212
f 1214 1232 1213
f 995 1213 1232
f 1233 995 1232
f 1019 995 1233
f 1236 1235 1234
f 1238 1237 1234
f 1238 1234 1235
f 1238 1216 1237
f 1216 1021 1237
f 1216 998 1021
f 1241 1240 1239
f 1243 1242 1239
f 1239 1242 1241
f 1245 1244 1243
f 1243 1244 1242
f 1247 1246 1245
f 1245 1246 1244
f 1249 1248 1247
f 1247 1248 1246
f 1249 1250 1248
f 1220 1028 1011
f 1028 1220 1030
f 1220 1251 1030
f 1220 1222 1251
f 1222 1224 1252
f 1253 1222 1252
f 1251 1222 1253
f 1254 1253 1252
f 1032 1226 1012
f 1032 1255 1226
f 1258 1257 1256
f 1227 1258 1256
f 1033 1227 1256
f 1013 1227 1033
f 1034 1229 1015
f 1034 1259 1229
f 1261 1035 1260
f 1035 1230 1260
f 1035 1016 1230
f 1262 1261 1260
f 1036 1231 1017
f 1036 1263 1231
f 1266 1265 1264
f 1264 1267 1266
f 1269 1038 1268
f 1038 1233 1268
f 1038 1019 1233
f 1270 1269 1268
f 1273 1272 1271
f 1271 1272 1236
f 1271 1236 1234
f 1041 1271 1234
f 1040 1041 1234
f 1040 1234 1043
f 1043 1234 1237
f 1043 1237 1021
f 1239 1240 1274
f 1274 1240 1275
f 1239 1276 1243
f 1239 1274 1276
f 1243 1277 1245
f 1243 1276 1277
f 1245 1278 1247
f 1245 1277 1278
f 1247 1279 1249
f 1247 1278 1279
f 1250 1249 1280
f 1249 1281 1280
f 1249 1279 1281
f 1283 1282 1281
f 1281 1282 1280
f 1251 1049 1030
f 1284 1282 1283
f 1049 1251 1052
f 1052 1251 1253
f 1286 1285 1053
f 1286 1053 1052
f 1254 1286 1052
f 1253 1254 1052
f 1287 1285 1286
f 1055 1255 1032
f 1055 1288 1255
f 1257 1289 1256
f 1033 1256 1289
f 1290 1033 1289
f 1057 1033 1290
f 1059 1259 1034
f 1059 1291 1259
f 1261 1060 1035
f 1062 1060 1261
f 1262 1062 1261
f 1292 1062 1262
f 1063 1263 1036
f 1063 1293 1263
f 1264 1265 1294
f 1294 1265 1295
f 1267 1264 1296
f 1296 1264 1294
f 1297 1064 1269
f 1269 1064 1038
f 1269 1270 1298
f 1269 1298 1297
f 1301 1300 1299
f 1299 1300 1273
f 1299 1273 1271
f 1067 1299 1271
f 1066 1067 1271
f 1066 1271 1041
f 1304 1303 1302
f 1306 1305 1302
f 1302 1305 1304
f 1305 1306 1275
f 1306 1274 1275
f 1306 1307 1274
f 1274 1308 1276
f 1274 1307 1308
f 1310 1277 1309
f 1277 1308 1309
f 1277 1276 1308
f 1312 1311 1310
f 1311 1277 1310
f 1311 1278 1277
f 1278 1313 1279
f 1278 1311 1313
f 1279 1314 1281
f 1279 1313 1314
f 1281 1315 1283
f 1281 1314 1315
f 1284 1283 1316
f 1283 1317 1316
f 1283 1315 1317
f 1317 1318 1316
f 1319 1077 1285
f 1285 1077 1053
f 1285 1287 1320
f 1285 1320 1319
f 1321 1288 1055
f 1321 1055 1078
f 1078 1079 1321
f 1321 1079 1322
f 1080 1057 1323
f 1057 1324 1323
f 1057 1290 1324
f 1323 1082 1080
f 1084 1325 1085
f 1325 1326 1085
f 1326 1059 1085
f 1326 1291 1059
f 1327 1086 1087
f 1328 1327 1087
f 1062 1328 1087
f 1292 1328 1062
f 1088 1293 1063
f 1088 1329 1293
f 1294 1295 1091
f 1295 1090 1091
f 1295 1330 1090
f 1091 1092 1294
f 1092 1296 1294
f 1092 1331 1296
f 1332 1093 1297
f 1297 1093 1064
f 1297 1298 1333
f 1334 1297 1333
f 1332 1297 1334
f 1336 1335 1334
f 1336 1334 1333
f 1335 1336 1301
f 1299 1335 1301
f 1337 1335 1299
f 1095 1337 1067
f 1067 1337 1299
f 1340 1339 1338
f 1340 1338 1303
f 1338 1302 1303
f 1338 1341 1302
f 1302 1342 1306
f 1302 1341 1342
f 1344 1307 1343
f 1307 1342 1343
f 1307 1306 1342
f 1307 1344 1308
f 1308 1344 1345
f 1308 1345 1309
f 1312 1346 1311
f 1348 1347 1346
f 1347 1311 1346
f 1347 1313 1311
f 1313 1349 1314
f 1313 1347 1349
f 1314 1350 1315
f 1314 1349 1350
f 1315 1351 1317
f 1315 1350 1351
f 1318 1317 1352
f 1352 1317 1351
f 1353 1108 1319
f 1319 1108 1077
f 1319 1320 1354
f 1319 1354 1353
f 1110 1322 1079
f 1110 1355 1322
f 1324 1356 1323
f 1323 1356 1082
f 1356 1111 1082
f 1356 1357 1111
f 1111 1358 1112
f 1357 1358 1111
f 1084 1112 1325
f 1112 1359 1325
f 1112 1358 1359
f 1360 1113 1114
f 1359 1326 1325
f 1361 1360 1114
f 1361 1114 1086
f 1362 1361 1086
f 1327 1362 1086
f 1362 1327 1328
f 1115 1329 1088
f 1115 1363 1329
f 1116 1090 1364
f 1090 1365 1364
f 1090 1330 1365
f 1364 1366 1116
f 1366 1092 1116
f 1366 1331 1092
f 1367 1118 1332
f 1332 1118 1093
f 1368 1332 1334
f 1367 1332 1368
f 1369 1334 1335
f 1368 1334 1369
f 1121 1369 1120
f 1369 1337 1120
f 1369 1335 1337
f 1120 1337 1095
f 1338 1339 1370
f 1370 1339 1371
f 1338 1372 1341
f 1338 1370 1372
f 1341 1373 1342
f 1341 1372 1373
f 1343 1342 1374
f 1374 1342 1373
f 1375 1127 1128
f 1129 1376 1128
f 1128 1376 1375
f 1130 1376 1129
f 1348 1377 1347
f 1347 1377 1349
f 1349 1377 1378
f 1349 1378 1350
f 1350 1378 1379
f 1350 1379 1351
f 1351 1379 1380
f 1351 1380 1352
f 1381 1137 1353
f 1353 1137 1108
f 1353 1354 1382
f 1353 1382 1381
f 1383 1355 1110
f 1383 1110 1138
f 1384 1138 1139
f 1384 1383 1138
f 1386 1384 1385
f 1384 1140 1385
f 1384 1139 1140
f 1141 1387 1140
f 1140 1387 1385
f 1142 1388 1141
f 1141 1388 1387
f 1389 1388 1142
f 1389 1142 1113
f 1390 1389 1113
f 1360 1390 1113
f 1390 1360 1361
f 1144 1363 1115
f 1144 1391 1363
f 1365 1392 1364
f 1393 1146 1147
f 1392 1366 1364
f 1118 1367 1147
f 1367 1393 1147
f 1367 1394 1393
f 1395 1367 1368
f 1394 1367 1395
f 1396 1368 1369
f 1395 1368 1396
f 1149 1396 1121
f 1121 1396 1369
f 1399 1398 1397
f 1399 1397 1371
f 1397 1370 1371
f 1397 1400 1370
f 1370 1401 1372
f 1370 1400 1401
f 1403 1373 1402
f 1373 1401 1402
f 1373 1372 1401
f 1404 1154 1155
f 1403 1374 1373
f 1405 1404 1155
f 1405 1155 1127
f 1406 1405 1127
f 1375 1406 1127
f 1406 1375 1376
f 1406 1376 1407
f 1409 1407 1408
f 1408 1407 1156
f 1407 1376 1156
f 1376 1130 1156
f 1157 1410 1156
f 1156 1410 1408
f 1158 1411 1157
f 1157 1411 1410
f 1159 1412 1158
f 1158 1412 1411
f 1160 1413 1159
f 1159 1413 1412
f 1161 1414 1160
f 1160 1414 1413
f 1137 1381 1161
f 1381 1414 1161
f 1381 1415 1414
f 1381 1382 1416
f 1381 1416 1415
f 1417 1386 1385
f 1417 1385 1387
f 1417 1387 1418
f 1418 1387 1388
f 1418 1388 1419
f 1419 1388 1389
f 1144 1162 1420
f 1421 1144 1420
f 1391 1144 1421
f 1163 1422 1162
f 1162 1422 1420
f 1146 1393 1163
f 1393 1422 1163
f 1393 1423 1422
f 1424 1393 1394
f 1423 1393 1424
f 1425 1394 1395
f 1424 1394 1425
f 1426 1395 1396
f 1425 1395 1426
f 1165 1426 1149
f 1149 1426 1396
f 1398 1427 1397
f 1397 1427 1400
f 1400 1427 1428
f 1400 1428 1401
f 1401 1428 1429
f 1430 1169 1170
f 1429 1402 1401
f 1154 1404 1170
f 1404 1430 1170
f 1404 1431 1430
f 1404 1405 1432
f 1404 1432 1431
f 1433 1409 1408
f 1433 1408 1410
f 1433 1410 1434
f 1434 1410 1411
f 1434 1411 1435
f 1435 1411 1412
f 1435 1412 1436
f 1436 1412 1413
f 1436 1413 1437
f 1437 1413 1414
f 1437 1414 1438
f 1438 1414 1415
f 1438 1415 1439
f 1439 1415 1416
f 1440 1421 1420
f 1440 1420 1422
f 1440 1422 1441
f 1441 1422 1423
f 1441 1423 1442
f 1442 1423 1424
f 1442 1424 1443
f 1445 1444 1443
f 1424 1445 1443
f 1425 1445 1424
f 1446 1425 1426
f 1445 1425 1446
f 1171 1447 1165
f 1447 1426 1165
f 1447 1446 1426
f 1172 1448 1171
f 1171 1448 1447
f 1173 1449 1172
f 1172 1449 1448
f 1174 1450 1173
f 1173 1450 1449
f 1451 1450 1174
f 1451 1174 1169
f 1452 1451 1169
f 1430 1452 1169
f 1452 1430 1431
f 1452 1431 1453
f 1453 1431 1432
f 1454 1444 1445
f 1454 1445 1446
f 1454 1446 1455
f 1455 1446 1447
f 1455 1447 1456
f 1456 1447 1448
f 1456 1448 1457
f 1457 1448 1449
f 1457 1449 1458
f 1458 1449 1450
f 1458 1450 1459
f 1459 1450 1451
f 1461 1460 1179
f 1461 1179 1180
f 1179 1462 1182
f 1460 1462 1179
f 1183 1182 1462
f 1183 1462 1463
f 1465 1464 1184
f 1465 1184 1185
f 1184 1466 1186
f 1464 1466 1184
f 1186 1467 1187
f 1466 1467 1186
f 1187 1468 1188
f 1467 1468 1187
f 1188 1469 1189
f 1468 1469 1188
f 1190 1189 1469
f 1190 1469 1470
f 1191 1461 1180
f 1191 1471 1461
f 1463 1192 1183
f 1472 1192 1463
f 1195 1473 1194
f 1196 1194 1473
f 1476 1475 1474
f 1198 1199 1476
f 1474 1198 1476
f 1477 1198 1474
f 1198 1478 1201
f 1477 1478 1198
f 1480 1479 1202
f 1201 1480 1202
f 1478 1480 1201
f 1482 1481 1479
f 1482 1479 1480
f 1483 1481 1482
f 1204 1465 1185
f 1204 1484 1465
f 1485 1205 1206
f 1485 1206 1486
f 1206 1487 1486
f 1206 1207 1487
f 1488 1207 1208
f 1488 1487 1207
f 1208 1209 1488
f 1488 1209 1489
f 1470 1490 1190
f 1190 1490 1210
f 1492 1491 1211
f 1210 1492 1211
f 1490 1492 1210
f 1493 1491 1492
f 1212 1471 1191
f 1212 1494 1471
f 1496 1214 1495
f 1214 1472 1495
f 1214 1192 1472
f 1497 1496 1495
f 1499 1498 1215
f 1499 1215 1216
f 1215 1500 1217
f 1498 1500 1215
f 1195 1217 1473
f 1217 1501 1473
f 1217 1500 1501
f 1475 1476 1501
f 1476 1218 1501
f 1196 1473 1501
f 1196 1501 1218
f 1218 1476 1199
f 1504 1503 1502
f 1506 1505 1503
f 1503 1505 1502
f 1479 1219 1202
f 1507 1505 1506
f 1219 1479 1221
f 1221 1479 1481
f 1483 1508 1481
f 1508 1221 1481
f 1508 1223 1221
f 1510 1509 1224
f 1223 1510 1224
f 1508 1510 1223
f 1511 1509 1510
f 1513 1512 1225
f 1513 1225 1226
f 1204 1225 1484
f 1484 1225 1512
f 1515 1514 1485
f 1514 1205 1485
f 1514 1227 1205
f 1515 1485 1486
f 1516 1489 1209
f 1516 1209 1228
f 1228 1229 1516
f 1516 1229 1517
f 1518 1230 1491
f 1491 1230 1211
f 1491 1493 1519
f 1491 1519 1518
f 1231 1494 1212
f 1231 1520 1494
f 1496 1232 1214
f 1233 1232 1496
f 1497 1233 1496
f 1521 1233 1497
f 1523 1522 1235
f 1523 1235 1236
f 1235 1524 1238
f 1522 1524 1235
f 1216 1238 1499
f 1499 1238 1524
f 1526 1525 1241
f 1241 1525 1240
f 1527 1241 1242
f 1527 1526 1241
f 1528 1242 1244
f 1528 1527 1242
f 1246 1503 1504
f 1528 1246 1504
f 1244 1246 1528
f 1503 1246 1248
f 1503 1248 1506
f 1530 1529 1250
f 1250 1529 1248
f 1529 1507 1248
f 1507 1506 1248
f 1532 1531 1530
f 1530 1531 1529
f 1532 1533 1531
f 1509 1252 1224
f 1535 1534 1254
f 1535 1254 1252
f 1511 1535 1252
f 1509 1511 1252
f 1536 1534 1535
f 1255 1513 1226
f 1255 1537 1513
f 1539 1538 1258
f 1258 1538 1257
f 1258 1227 1514
f 1258 1514 1539
f 1259 1541 1540
f 1517 1259 1540
f 1229 1259 1517
f 1518 1260 1230
f 1542 1540 1541
f 1544 1543 1262
f 1544 1262 1260
f 1519 1544 1260
f 1518 1519 1260
f 1545 1543 1544
f 1263 1520 1231
f 1263 1546 1520
f 1548 1547 1266
f 1266 1547 1265
f 1266 1267 1548
f 1548 1267 1549
f 1521 1550 1233
f 1233 1550 1268
f 1270 1268 1550
f 1270 1550 1551
f 1554 1553 1552
f 1272 1273 1552
f 1553 1272 1552
f 1555 1272 1553
f 1236 1272 1523
f 1523 1272 1555
f 1558 1557 1556
f 1560 1559 1556
f 1556 1559 1558
f 1525 1559 1560
f 1275 1525 1560
f 1240 1525 1275
f 1280 1530 1250
f 1530 1280 1282
f 1530 1282 1532
f 1562 1561 1284
f 1284 1561 1282
f 1561 1533 1282
f 1533 1532 1282
f 1564 1563 1562
f 1562 1563 1561
f 1534 1286 1254
f 1565 1563 1564
f 1567 1566 1287
f 1567 1287 1286
f 1536 1567 1286
f 1534 1536 1286
f 1568 1566 1567
f 1288 1537 1255
f 1288 1569 1537
f 1538 1570 1257
f 1257 1570 1289
f 1290 1289 1570
f 1290 1570 1571
f 1291 1572 1541
f 1291 1541 1259
f 1542 1541 1573
f 1573 1541 1572
f 1574 1292 1543
f 1543 1292 1262
f 1543 1545 1575
f 1543 1575 1574
f 1293 1546 1263
f 1293 1576 1546
f 1547 1295 1265
f 1577 1295 1547
f 1296 1579 1578
f 1549 1296 1578
f 1267 1296 1549
f 1579 1580 1578
f 1551 1298 1270
f 1581 1298 1551
f 1584 1583 1582
f 1582 1583 1554
f 1582 1554 1552
f 1301 1582 1552
f 1300 1301 1552
f 1300 1552 1273
f 1587 1586 1585
f 1589 1588 1586
f 1586 1588 1585
f 1588 1589 1557
f 1557 1589 1556
f 1589 1303 1556
f 1303 1304 1556
f 1556 1304 1305
f 1556 1305 1560
f 1560 1305 1275
f 1309 1590 1310
f 1590 1312 1310
f 1316 1562 1284
f 1562 1316 1318
f 1591 1562 1318
f 1564 1562 1591
f 1565 1564 1592
f 1592 1564 1591
f 1593 1320 1566
f 1566 1320 1287
f 1566 1568 1594
f 1566 1594 1593
f 1288 1321 1595
f 1596 1288 1595
f 1569 1288 1596
f 1322 1595 1321
f 1571 1324 1290
f 1597 1324 1571
f 1326 1598 1572
f 1326 1572 1291
f 1573 1572 1599
f 1599 1572 1598
f 1600 1328 1574
f 1574 1328 1292
f 1574 1575 1601
f 1574 1601 1600
f 1329 1576 1293
f 1329 1602 1576
f 1577 1330 1295
f 1603 1330 1577
f 1331 1604 1579
f 1331 1579 1296
f 1580 1579 1605
f 1605 1579 1604
f 1581 1606 1298
f 1298 1606 1333
f 1582 1336 1584
f 1336 1606 1584
f 1336 1333 1606
f 1336 1582 1301
f 1609 1608 1607
f 1607 1608 1587
f 1608 1586 1587
f 1608 1610 1586
f 1610 1339 1340
f 1589 1610 1340
f 1586 1610 1589
f 1589 1340 1303
f 1343 1611 1344
f 1612 1345 1344
f 1612 1344 1611
f 1590 1309 1345
f 1612 1590 1345
f 1613 1590 1612
f 1614 1346 1312
f 1590 1614 1312
f 1613 1614 1590
f 1614 1348 1346
f 1352 1615 1591
f 1352 1591 1318
f 1592 1591 1616
f 1616 1591 1615
f 1617 1354 1593
f 1593 1354 1320
f 1593 1594 1618
f 1593 1618 1617
f 1619 1596 1595
f 1595 1322 1619
f 1322 1620 1619
f 1322 1355 1620
f 1597 1621 1324
f 1324 1621 1356
f 1621 1623 1622
f 1357 1621 1622
f 1356 1621 1357
f 1624 1358 1357
f 1624 1357 1622
f 1625 1359 1358
f 1625 1358 1624
f 1625 1626 1359
f 1359 1626 1326
f 1626 1627 1326
f 1627 1598 1326
f 1628 1361 1362
f 1627 1599 1598
f 1328 1600 1362
f 1600 1628 1362
f 1600 1629 1628
f 1600 1601 1630
f 1600 1630 1629
f 1363 1602 1329
f 1363 1631 1602
f 1603 1365 1330
f 1632 1365 1603
f 1366 1633 1604
f 1366 1604 1331
f 1605 1604 1634
f 1634 1604 1633
f 1637 1636 1635
f 1637 1635 1609
f 1635 1608 1609
f 1635 1638 1608
f 1608 1639 1610
f 1608 1638 1639
f 1639 1371 1339
f 1639 1339 1610
f 1641 1640 1611
f 1343 1641 1611
f 1374 1641 1343
f 1611 1640 1612
f 1612 1640 1642
f 1612 1642 1613
f 1613 1642 1643
f 1613 1643 1614
f 1614 1643 1644
f 1644 1646 1645
f 1644 1645 1377
f 1614 1644 1377
f 1348 1614 1377
f 1647 1378 1377
f 1647 1377 1645
f 1648 1379 1378
f 1648 1378 1647
f 1649 1380 1379
f 1649 1379 1648
f 1615 1352 1380
f 1649 1615 1380
f 1650 1615 1649
f 1616 1615 1651
f 1651 1615 1650
f 1652 1382 1617
f 1617 1382 1354
f 1617 1618 1653
f 1617 1653 1652
f 1654 1620 1355
f 1654 1355 1383
f 1656 1654 1655
f 1654 1384 1655
f 1654 1383 1384
f 1623 1657 1622
f 1655 1384 1386
f 1622 1657 1624
f 1624 1657 1658
f 1624 1658 1625
f 1625 1658 1659
f 1660 1389 1390
f 1659 1626 1625
f 1361 1628 1390
f 1628 1660 1390
f 1628 1661 1660
f 1662 1628 1629
f 1661 1628 1662
f 1629 1630 1663
f 1629 1663 1662
f 1391 1631 1363
f 1391 1664 1631
f 1392 1365 1665
f 1365 1666 1665
f 1365 1632 1666
f 1633 1366 1392
f 1665 1633 1392
f 1667 1633 1665
f 1634 1633 1668
f 1668 1633 1667
f 1671 1670 1669
f 1671 1669 1636
f 1669 1635 1636
f 1669 1672 1635
f 1635 1673 1638
f 1635 1672 1673
f 1673 1398 1399
f 1639 1673 1399
f 1638 1673 1639
f 1639 1399 1371
f 1402 1674 1403
f 1674 1675 1403
f 1675 1374 1403
f 1675 1641 1374
f 1676 1405 1406
f 1407 1677 1406
f 1406 1677 1676
f 1409 1677 1407
f 1646 1678 1645
f 1645 1678 1647
f 1647 1678 1679
f 1647 1679 1648
f 1648 1679 1680
f 1648 1680 1649
f 1649 1680 1681
f 1649 1681 1650
f 1650 1681 1682
f 1650 1682 1651
f 1684 1683 1652
f 1683 1382 1652
f 1683 1416 1382
f 1684 1652 1653
f 1685 1656 1655
f 1687 1685 1686
f 1686 1685 1417
f 1685 1655 1417
f 1655 1386 1417
f 1418 1688 1417
f 1417 1688 1686
f 1419 1689 1418
f 1418 1689 1688
f 1389 1660 1419
f 1660 1689 1419
f 1660 1690 1689
f 1691 1660 1661
f 1690 1660 1691
f 1662 1693 1692
f 1691 1662 1692
f 1661 1662 1691
f 1693 1662 1663
f 1421 1664 1391
f 1421 1694 1664
f 1666 1695 1665
f 1665 1695 1667
f 1667 1695 1696
f 1667 1696 1668
f 1670 1697 1669
f 1699 1698 1697
f 1698 1669 1697
f 1698 1672 1669
f 1672 1700 1673
f 1672 1698 1700
f 1701 1427 1398
f 1673 1701 1398
f 1700 1701 1673
f 1702 1428 1427
f 1702 1427 1701
f 1703 1429 1428
f 1703 1428 1702
f 1703 1704 1429
f 1429 1704 1402
f 1704 1705 1402
f 1705 1674 1402
f 1674 1705 1675
f 1707 1706 1676
f 1706 1405 1676
f 1706 1432 1405
f 1707 1676 1677
f 1707 1677 1708
f 1708 1677 1409
f 1433 1708 1409
f 1709 1708 1433
f 1711 1709 1710
f 1709 1434 1710
f 1709 1433 1434
f 1435 1712 1434
f 1434 1712 1710
f 1436 1713 1435
f 1435 1713 1712
f 1437 1714 1436
f 1436 1714 1713
f 1438 1715 1437
f 1437 1715 1714
f 1715 1438 1716
f 1438 1717 1716
f 1438 1439 1717
f 1439 1416 1683
f 1439 1683 1717
f 1718 1687 1686
f 1720 1719 1718
f 1686 1720 1718
f 1688 1720 1686
f 1721 1688 1689
f 1720 1688 1721
f 1722 1689 1690
f 1721 1689 1722
f 1691 1724 1723
f 1722 1691 1723
f 1690 1691 1722
f 1724 1691 1692
f 1421 1440 1725
f 1726 1421 1725
f 1694 1421 1726
f 1441 1727 1440
f 1440 1727 1725
f 1442 1728 1441
f 1441 1728 1727
f 1443 1729 1442
f 1442 1729 1728
f 1444 1729 1443
f 1699 1730 1698
f 1698 1730 1700
f 1700 1730 1731
f 1700 1731 1701
f 1701 1731 1732
f 1701 1732 1702
f 1702 1732 1733
f 1702 1733 1703
f 1703 1733 1734
f 1735 1451 1452
f 1734 1704 1703
f 1735 1452 1736
f 1452 1737 1736
f 1452 1453 1737
f 1453 1432 1706
f 1453 1706 1737
f 1738 1711 1710
f 1738 1710 1712
f 1738 1712 1739
f 1739 1712 1713
f 1739 1713 1740
f 1740 1713 1714
f 1740 1714 1741
f 1741 1714 1715
f 1741 1715 1742
f 1742 1715 1716
f 1743 1719 1720
f 1743 1720 1721
f 1743 1721 1744
f 1744 1721 1722
f 1744 1722 1745
f 1745 1722 1723
f 1746 1726 1725
f 1746 1725 1727
f 1746 1727 1747
f 1747 1727 1728
f 1747 1728 1748
f 1748 1728 1729
f 1748 1729 1749
f 1751 1749 1750
f 1750 1749 1454
f 1749 1729 1454
f 1729 1444 1454
f 1455 1752 1454
f 1454 1752 1750
f 1456 1753 1455
f 1455 1753 1752
f 1457 1754 1456
f 1456 1754 1753
f 1754 1457 1755
f 1457 1756 1755
f 1457 1458 1756
f 1757 1458 1459
f 1757 1756 1458
f 1459 1451 1735
f 1758 1459 1735
f 1757 1459 1758
f 1758 1735 1736
f 1759 1751 1750
f 1759 1750 1752
f 1759 1752 1760
f 1760 1752 1753
f 1760 1753 1761
f 1761 1753 1754
f 1761 1754 1762
f 1762 1754 1755
f 1765 1764 1763
f 1767 1766 1763
f 1767 1763 1764
f 1768 1766 1767
f 1765 1763 1769
f 1765 1769 1770
f 1771 1763 1766
f 1769 1763 1771
f 1766 1768 1772
f 1766 1772 1771
f 1773 1770 1769
f 1773 1769 1771
f 1773 1771 1774
f 1774 1771 1772
f 1777 1776 1775
f 1779 1778 1775
f 1779 1775 1776
f 1781 1780 1778
f 1781 1778 1779
f 1782 1780 1781
f 1461 1783 1460
f 1784 1462 1460
f 1784 1460 1783
f 1784 1463 1462
f 1786 1785 1464
f 1786 1464 1465
f 1464 1787 1466
f 1785 1787 1464
f 1466 1788 1467
f 1787 1788 1466
f 1775 1468 1777
f 1468 1788 1777
f 1468 1467 1788
f 1468 1775 1469
f 1469 1775 1778
f 1469 1778 1470
f 1778 1789 1470
f 1778 1780 1789
f 1780 1782 1790
f 1791 1780 1790
f 1789 1780 1791
f 1792 1791 1790
f 1794 1793 1783
f 1461 1794 1783
f 1471 1794 1461
f 1783 1793 1784
f 1784 1793 1795
f 1463 1784 1795
f 1796 1463 1795
f 1472 1463 1796
f 1798 1797 1474
f 1798 1474 1475
f 1474 1799 1477
f 1797 1799 1474
f 1477 1800 1478
f 1799 1800 1477
f 1478 1801 1480
f 1800 1801 1478
f 1480 1802 1482
f 1801 1802 1480
f 1804 1803 1483
f 1482 1804 1483
f 1802 1804 1482
f 1805 1803 1804
f 1808 1807 1806
f 1807 1786 1806
f 1786 1484 1806
f 1786 1465 1484
f 1810 1809 1487
f 1487 1809 1486
f 1811 1487 1488
f 1811 1810 1487
f 1813 1812 1489
f 1812 1488 1489
f 1812 1811 1488
f 1789 1490 1470
f 1814 1812 1813
f 1490 1789 1492
f 1492 1789 1791
f 1493 1492 1791
f 1792 1493 1791
f 1815 1493 1792
f 1494 1794 1471
f 1494 1816 1794
f 1796 1817 1472
f 1472 1817 1495
f 1497 1495 1817
f 1497 1817 1818
f 1820 1819 1498
f 1820 1498 1499
f 1498 1821 1500
f 1819 1821 1498
f 1500 1822 1501
f 1821 1822 1500
f 1475 1501 1798
f 1798 1501 1822
f 1823 1504 1502
f 1823 1502 1824
f 1502 1825 1824
f 1502 1505 1825
f 1827 1826 1507
f 1826 1505 1507
f 1826 1825 1505
f 1827 1828 1826
f 1803 1508 1483
f 1805 1829 1803
f 1829 1508 1803
f 1829 1510 1508
f 1511 1510 1829
f 1511 1829 1830
f 1808 1806 1512
f 1513 1808 1512
f 1831 1808 1513
f 1512 1806 1484
f 1833 1832 1515
f 1515 1832 1514
f 1515 1486 1809
f 1515 1809 1833
f 1516 1813 1489
f 1835 1834 1517
f 1517 1834 1516
f 1834 1814 1516
f 1814 1813 1516
f 1835 1836 1834
f 1838 1519 1837
f 1519 1815 1837
f 1519 1493 1815
f 1840 1839 1838
f 1840 1838 1837
f 1841 1839 1840
f 1520 1816 1494
f 1520 1842 1816
f 1818 1521 1497
f 1843 1521 1818
f 1845 1844 1522
f 1845 1522 1523
f 1522 1846 1524
f 1844 1846 1522
f 1499 1524 1820
f 1820 1524 1846
f 1847 1525 1526
f 1847 1526 1848
f 1526 1849 1848
f 1526 1527 1849
f 1850 1527 1528
f 1850 1849 1527
f 1528 1504 1823
f 1851 1528 1823
f 1850 1528 1851
f 1851 1823 1824
f 1529 1827 1507
f 1852 1828 1827
f 1529 1852 1827
f 1531 1852 1529
f 1854 1853 1533
f 1853 1531 1533
f 1853 1852 1531
f 1854 1855 1853
f 1830 1856 1511
f 1511 1856 1535
f 1858 1857 1536
f 1535 1858 1536
f 1856 1858 1535
f 1859 1857 1858
f 1862 1861 1860
f 1861 1831 1860
f 1831 1537 1860
f 1831 1513 1537
f 1864 1863 1539
f 1539 1863 1538
f 1539 1514 1832
f 1539 1832 1864
f 1540 1835 1517
f 1540 1542 1835
f 1542 1836 1835
f 1542 1865 1836
f 1838 1544 1519
f 1544 1838 1545
f 1838 1866 1545
f 1838 1839 1866
f 1839 1841 1867
f 1839 1867 1866
f 1546 1842 1520
f 1546 1868 1842
f 1870 1869 1548
f 1548 1869 1547
f 1548 1549 1870
f 1870 1549 1871
f 1843 1872 1521
f 1521 1872 1550
f 1551 1550 1872
f 1551 1872 1873
f 1875 1874 1553
f 1875 1553 1554
f 1553 1876 1555
f 1874 1876 1553
f 1523 1555 1845
f 1845 1555 1876
f 1878 1877 1558
f 1558 1877 1557
f 1879 1558 1559
f 1879 1878 1558
f 1559 1525 1847
f 1880 1559 1847
f 1879 1559 1880
f 1880 1847 1848
f 1561 1854 1533
f 1881 1855 1854
f 1561 1881 1854
f 1563 1881 1561
f 1563 1565 1881
f 1881 1565 1882
f 1857 1567 1536
f 1884 1883 1568
f 1884 1568 1567
f 1859 1884 1567
f 1857 1859 1567
f 1885 1883 1884
f 1862 1860 1886
f 1862 1886 1887
f 1569 1886 1537
f 1537 1886 1860
f 1570 1538 1888
f 1538 1889 1888
f 1538 1863 1889
f 1888 1571 1570
f 1573 1891 1890
f 1865 1573 1890
f 1542 1573 1865
f 1891 1892 1890
f 1893 1575 1866
f 1866 1575 1545
f 1866 1867 1894
f 1866 1894 1893
f 1576 1868 1546
f 1576 1895 1868
f 1869 1577 1547
f 1896 1577 1869
f 1897 1871 1549
f 1897 1549 1578
f 1578 1580 1897
f 1897 1580 1898
f 1873 1581 1551
f 1899 1581 1873
f 1901 1900 1583
f 1901 1583 1584
f 1554 1583 1875
f 1875 1583 1900
f 1902 1587 1585
f 1902 1585 1903
f 1585 1904 1903
f 1585 1588 1904
f 1588 1557 1877
f 1588 1877 1904
f 1592 1906 1905
f 1882 1592 1905
f 1565 1592 1882
f 1906 1907 1905
f 1908 1594 1883
f 1883 1594 1568
f 1883 1885 1909
f 1883 1909 1908
f 1887 1886 1910
f 1887 1910 1911
f 1596 1910 1569
f 1569 1910 1886
f 1888 1889 1912
f 1912 1889 1913
f 1912 1597 1571
f 1912 1571 1888
f 1599 1914 1891
f 1599 1891 1573
f 1892 1891 1915
f 1915 1891 1914
f 1916 1601 1893
f 1893 1601 1575
f 1893 1894 1917
f 1893 1917 1916
f 1602 1895 1576
f 1602 1918 1895
f 1896 1603 1577
f 1919 1603 1896
f 1605 1898 1580
f 1605 1920 1898
f 1899 1921 1581
f 1581 1921 1606
f 1584 1606 1901
f 1901 1606 1921
f 1923 1922 1607
f 1607 1922 1609
f 1607 1587 1902
f 1924 1607 1902
f 1923 1607 1924
f 1924 1902 1903
f 1616 1925 1906
f 1616 1906 1592
f 1907 1906 1926
f 1926 1906 1925
f 1927 1618 1908
f 1908 1618 1594
f 1908 1909 1928
f 1908 1928 1927
f 1911 1910 1929
f 1911 1929 1930
f 1619 1931 1596
f 1931 1910 1596
f 1931 1929 1910
f 1913 1932 1912
f 1931 1619 1620
f 1932 1934 1933
f 1932 1933 1621
f 1912 1932 1621
f 1597 1912 1621
f 1933 1623 1621
f 1626 1935 1627
f 1914 1599 1627
f 1935 1914 1627
f 1936 1914 1935
f 1915 1914 1937
f 1937 1914 1936
f 1938 1630 1916
f 1916 1630 1601
f 1916 1917 1939
f 1940 1916 1939
f 1938 1916 1940
f 1941 1940 1939
f 1631 1918 1602
f 1631 1942 1918
f 1919 1632 1603
f 1943 1632 1919
f 1634 1945 1944
f 1920 1634 1944
f 1605 1634 1920
f 1947 1946 1945
f 1945 1946 1944
f 1636 1637 1947
f 1637 1946 1947
f 1637 1948 1946
f 1637 1609 1922
f 1637 1922 1948
f 1641 1949 1640
f 1950 1642 1640
f 1950 1640 1949
f 1951 1643 1642
f 1951 1642 1950
f 1952 1644 1643
f 1952 1643 1951
f 1952 1646 1644
f 1954 1953 1925
f 1616 1954 1925
f 1651 1954 1616
f 1925 1953 1926
f 1956 1955 1927
f 1955 1618 1927
f 1955 1653 1618
f 1956 1927 1928
f 1930 1929 1957
f 1930 1957 1958
f 1959 1929 1931
f 1957 1929 1959
f 1654 1960 1620
f 1960 1931 1620
f 1960 1959 1931
f 1934 1961 1933
f 1960 1654 1656
f 1933 1961 1623
f 1961 1657 1623
f 1961 1962 1657
f 1962 1964 1963
f 1658 1962 1963
f 1657 1962 1658
f 1965 1659 1658
f 1965 1658 1963
f 1935 1626 1659
f 1965 1935 1659
f 1966 1935 1965
f 1968 1936 1967
f 1936 1966 1967
f 1936 1935 1966
f 1936 1968 1937
f 1969 1663 1938
f 1938 1663 1630
f 1970 1938 1940
f 1969 1938 1970
f 1940 1941 1971
f 1940 1971 1970
f 1664 1942 1631
f 1664 1972 1942
f 1943 1666 1632
f 1973 1666 1943
f 1668 1974 1945
f 1668 1945 1634
f 1974 1670 1671
f 1947 1974 1671
f 1945 1974 1947
f 1947 1671 1636
f 1976 1975 1949
f 1641 1976 1949
f 1675 1976 1641
f 1949 1975 1950
f 1950 1975 1977
f 1950 1977 1951
f 1951 1977 1978
f 1951 1978 1952
f 1952 1978 1979
f 1952 1979 1646
f 1979 1678 1646
f 1979 1980 1678
f 1980 1982 1981
f 1679 1980 1981
f 1678 1980 1679
f 1983 1680 1679
f 1983 1679 1981
f 1984 1681 1680
f 1984 1680 1983
f 1985 1682 1681
f 1985 1681 1984
f 1985 1986 1682
f 1986 1651 1682
f 1986 1954 1651
f 1987 1683 1684
f 1988 1987 1684
f 1653 1988 1684
f 1955 1988 1653
f 1958 1957 1989
f 1958 1989 1990
f 1991 1957 1959
f 1989 1957 1991
f 1992 1959 1960
f 1991 1959 1992
f 1685 1993 1656
f 1993 1960 1656
f 1993 1992 1960
f 1687 1993 1685
f 1964 1994 1963
f 1996 1995 1994
f 1995 1963 1994
f 1995 1965 1963
f 1998 1966 1997
f 1966 1995 1997
f 1966 1965 1995
f 1966 1998 1967
f 1999 1692 1693
f 1663 1969 1693
f 1969 1999 1693
f 1969 2000 1999
f 1970 2002 2001
f 2000 1970 2001
f 1969 1970 2000
f 2002 1970 1971
f 1694 1972 1664
f 1694 2003 1972
f 1695 1666 2004
f 1666 2005 2004
f 1666 1973 2005
f 2006 1696 1695
f 2006 1695 2004
f 1974 1668 1696
f 2006 1974 1696
f 2007 1974 2006
f 2008 1697 1670
f 1974 2008 1670
f 2007 2008 1974
f 2008 1699 1697
f 2010 2009 1705
f 2010 1705 1704
f 1675 1705 1976
f 1976 1705 2009
f 2012 2011 1707
f 1707 2011 1706
f 2013 1707 1708
f 2013 2012 1707
f 2015 2013 2014
f 2013 1709 2014
f 2013 1708 1709
f 1711 2014 1709
f 1982 2016 1981
f 1981 2016 1983
f 1983 2016 2017
f 1983 2017 1984
f 1984 2017 2018
f 1984 2018 1985
f 1985 2018 2019
f 2020 1716 1717
f 2019 1986 1985
f 2021 2020 1717
f 2021 1717 1683
f 2022 2021 1683
f 1987 2022 1683
f 2022 1987 1988
f 1990 1989 2023
f 1990 2023 2024
f 2025 1989 1991
f 2023 1989 2025
f 2026 1991 1992
f 2025 1991 2026
f 2027 1992 1993
f 2026 1992 2027
f 1718 2028 1687
f 2028 1993 1687
f 2028 2027 1993
f 1719 2028 1718
f 1996 2029 1995
f 1995 2029 1997
f 2030 1723 1724
f 1692 1999 1724
f 1999 2030 1724
f 1999 2031 2030
f 2032 1999 2000
f 2031 1999 2032
f 2000 2001 2033
f 2000 2033 2032
f 1726 2003 1694
f 1726 2034 2003
f 2005 2035 2004
f 2004 2035 2006
f 2006 2035 2036
f 2006 2036 2007
f 2007 2036 2037
f 2007 2037 2008
f 2008 2037 2038
f 2038 2040 2039
f 2038 2039 1730
f 2008 2038 1730
f 1699 2008 1730
f 2041 1731 1730
f 2041 1730 2039
f 1731 2041 2042
f 2043 1731 2042
f 1732 1731 2043
f 1732 2044 1733
f 2043 2044 1732
f 1733 2045 1734
f 2044 2045 1733
f 1704 1734 2010
f 2010 1734 2045
f 2047 2046 1737
f 1737 2046 1736
f 1737 1706 2011
f 1737 2011 2047
f 2048 2015 2014
f 2048 2014 1711
f 1738 2048 1711
f 2049 2048 1738
f 2050 1738 1739
f 2050 2049 1738
f 2051 1739 1740
f 2051 2050 1739
f 2053 2051 2052
f 2051 1741 2052
f 2051 1740 1741
f 2052 1741 2054
f 1741 2055 2054
f 1741 1742 2055
f 1742 1716 2020
f 2056 1742 2020
f 2055 1742 2056
f 2056 2020 2021
f 2057 2024 2023
f 2057 2023 2025
f 2057 2025 2058
f 2060 2059 2058
f 2025 2060 2058
f 2026 2060 2025
f 2061 2026 2027
f 2060 2026 2061
f 2062 2027 2028
f 2061 2027 2062
f 1743 2063 1719
f 2063 2028 1719
f 2063 2062 2028
f 1744 2064 1743
f 1743 2064 2063
f 1745 2065 1744
f 1744 2065 2064
f 1723 2030 1745
f 2030 2065 1745
f 2030 2066 2065
f 2031 2068 2067
f 2066 2031 2067
f 2030 2031 2066
f 2068 2031 2032
f 2068 2032 2069
f 2069 2032 2033
f 1726 1746 2070
f 2071 1726 2070
f 2034 1726 2071
f 1747 2072 1746
f 1746 2072 2070
f 1748 2073 1747
f 1747 2073 2072
f 1749 2074 1748
f 1748 2074 2073
f 1751 2074 1749
f 2040 2075 2039
f 2039 2075 2041
f 2041 2075 2076
f 2041 2076 2042
f 2078 2077 1756
f 1756 2077 1755
f 2079 1756 1757
f 2079 2078 1756
f 2080 1757 1758
f 2080 2079 1757
f 1758 1736 2046
f 1758 2046 2080
f 2081 2053 2052
f 2081 2052 2054
f 2082 2059 2060
f 2082 2060 2061
f 2082 2061 2083
f 2085 2084 2083
f 2061 2085 2083
f 2062 2085 2061
f 2086 2062 2063
f 2085 2062 2086
f 2087 2063 2064
f 2086 2063 2087
f 2065 2089 2088
f 2087 2065 2088
f 2064 2065 2087
f 2089 2065 2066
f 2089 2066 2090
f 2090 2066 2067
f 2091 2071 2070
f 2091 2070 2072
f 2091 2072 2092
f 2092 2072 2073
f 2092 2073 2093
f 2093 2073 2074
f 2093 2074 2094
f 2094 2074 1751
f 1759 2094 1751
f 2095 2094 1759
f 2096 1759 1760
f 2096 2095 1759
f 2097 1760 1761
f 2097 2096 1760
f 2098 1761 1762
f 2098 2097 1761
f 1762 1755 2077
f 1762 2077 2098
f 2099 2084 2085
f 2099 2085 2086
f 2099 2086 2100
f 2100 2086 2087
f 2100 2087 2101
f 2101 2087 2088
f 2104 2103 2102
f 2105 2102 2103
f 2104 2102 1764
f 1765 2104 1764
f 2106 2104 1765
f 2105 2107 2102
f 2107 1764 2102
f 2107 1767 1764
f 1768 1767 2107
f 1768 2107 2108
f 2111 2110 2109
f 2113 2112 2109
f 2113 2109 2110
f 2113 2106 2112
f 2106 1770 2112
f 2106 1765 1770
f 2108 1772 1768
f 2114 1772 2108
f 2111 2109 2115
f 2111 2115 2116
f 2117 2109 2112
f 2115 2109 2117
f 1773 2118 1770
f 2118 2112 1770
f 2118 2117 2112
f 2118 1773 2119
f 1773 2120 2119
f 1773 1774 2120
f 1774 1772 2114
f 1774 2114 2120
f 2121 2116 2115
f 2121 2115 2117
f 2121 2117 2122
f 2122 2117 2118
f 2122 2118 2123
f 2123 2118 2119
f 2126 2125 2124
f 2128 2127 2124
f 2128 2124 2125
f 2129 2127 2128
f 2132 2131 2130
f 2134 2133 2130
f 2134 2130 2131
f 2136 2135 2133
f 2136 2133 2134
f 2138 2137 2135
f 2138 2135 2136
f 1776 1777 2137
f 2138 1776 2137
f 2139 1776 2138
f 1776 2140 1779
f 2139 2140 1776
f 2124 1781 2126
f 1781 2140 2126
f 1781 1779 2140
f 1781 2124 1782
f 2124 2141 1782
f 2124 2127 2141
f 2127 2129 2142
f 2143 2127 2142
f 2141 2127 2143
f 2144 2143 2142
f 2147 2146 2145
f 2145 2146 2132
f 2130 2145 2132
f 2148 2145 2130
f 1786 2148 1785
f 2148 2133 1785
f 2148 2130 2133
f 1785 2133 1787
f 1787 2133 2135
f 1787 2135 1788
f 1788 2135 2137
f 1788 2137 1777
f 2151 2150 2149
f 2153 2152 2149
f 2149 2152 2151
f 2141 1790 1782
f 2154 2152 2153
f 1790 2141 1792
f 2141 2155 1792
f 2141 2143 2155
f 2143 2144 2156
f 2143 2156 2155
f 1794 2157 1793
f 2158 1795 1793
f 2158 1793 2157
f 2158 1796 1795
f 1798 2159 1797
f 1797 2159 2160
f 2161 1797 2160
f 1799 1797 2161
f 1799 2162 1800
f 2161 2162 1799
f 1800 2163 1801
f 2162 2163 1800
f 1801 2164 1802
f 2163 2164 1801
f 1802 2165 1804
f 2164 2165 1802
f 1805 1804 2165
f 1805 2165 2166
f 2147 2145 2167
f 2147 2167 2168
f 1808 2167 1807
f 2167 2148 1807
f 2167 2145 2148
f 1807 2148 1786
f 2171 2170 2169
f 1809 1810 2169
f 1810 2171 2169
f 1810 2172 2171
f 2173 1810 1811
f 2173 2172 1810
f 1812 2149 2150
f 2173 1812 2150
f 1811 1812 2173
f 2149 1812 1814
f 2174 2149 1814
f 2153 2149 2174
f 2154 2153 2175
f 2175 2153 2174
f 2176 1815 2155
f 2155 1815 1792
f 2155 2156 2177
f 2178 2155 2177
f 2176 2155 2178
f 2180 2179 2178
f 2180 2178 2177
f 2181 2179 2180
f 1816 2182 2157
f 1816 2157 1794
f 2157 2183 2158
f 2157 2182 2183
f 2184 1817 1796
f 2158 2184 1796
f 2183 2184 2158
f 2184 1818 1817
f 1820 2185 1819
f 2186 1821 1819
f 2186 1819 2185
f 1821 2186 2187
f 2188 1821 2187
f 1822 1821 2188
f 1798 1822 2159
f 1822 2189 2159
f 1822 2188 2189
f 2159 2189 2160
f 2190 1824 1825
f 1826 2191 1825
f 1825 2191 2190
f 1828 2191 1826
f 2166 2192 1805
f 1805 2192 1829
f 2194 2193 1830
f 1829 2194 1830
f 2192 2194 1829
f 2195 2193 2194
f 2198 2197 2196
f 2196 2197 2168
f 2167 2196 2168
f 2199 2196 2167
f 1831 2199 1808
f 1808 2199 2167
f 2202 2201 2200
f 2202 2200 2170
f 2170 2200 2169
f 2200 1832 2169
f 1832 1833 2169
f 2169 1833 1809
f 1834 2174 1814
f 2204 2203 1836
f 1836 2203 1834
f 2203 2175 1834
f 2175 2174 1834
f 2176 1837 1815
f 2205 2203 2204
f 1837 2176 1840
f 1840 2176 2178
f 1840 2178 1841
f 2178 2206 1841
f 2178 2179 2206
f 2179 2181 2207
f 2179 2207 2206
f 2209 2208 2182
f 1816 2209 2182
f 1842 2209 1816
f 2182 2208 2183
f 2183 2208 2210
f 2183 2210 2184
f 2184 2210 2211
f 1818 2184 2211
f 2212 1818 2211
f 1843 1818 2212
f 2214 2213 1844
f 2214 1844 1845
f 1844 2215 1846
f 2213 2215 1844
f 1820 1846 2185
f 1846 2216 2185
f 1846 2215 2216
f 2185 2216 2186
f 2186 2216 2217
f 2218 1848 1849
f 2217 2187 2186
f 1850 2219 1849
f 1849 2219 2218
f 2219 1850 2220
f 1850 2221 2220
f 1850 1851 2221
f 1851 1824 2190
f 2222 1851 2190
f 2221 1851 2222
f 2222 2190 2191
f 2222 2191 2223
f 2223 2191 1828
f 1852 2223 1828
f 2224 2223 1852
f 2225 1852 1853
f 2225 2224 1852
f 2227 2226 1855
f 2226 1853 1855
f 2226 2225 1853
f 2193 1856 1830
f 2228 2226 2227
f 2195 2229 2193
f 2229 1856 2193
f 2229 1858 1856
f 2231 2230 1859
f 1858 2231 1859
f 2229 2231 1858
f 2232 2230 2231
f 2235 2234 2233
f 2233 2234 2198
f 2196 2233 2198
f 2236 2233 2196
f 1862 2236 1861
f 2236 2199 1861
f 2236 2196 2199
f 1861 2199 1831
f 2200 2201 1864
f 2201 1863 1864
f 2201 2237 1863
f 2200 1864 1832
f 1865 2238 2204
f 1865 2204 1836
f 2205 2204 2239
f 2204 2240 2239
f 2204 2238 2240
f 2240 2241 2239
f 2242 1867 2206
f 2206 1867 1841
f 2206 2207 2243
f 2206 2243 2242
f 1868 2209 1842
f 1868 2244 2209
f 2245 1869 1870
f 1871 2245 1870
f 2212 2246 1843
f 1843 2246 1872
f 1873 1872 2246
f 1873 2246 2247
f 1875 2248 1874
f 1874 2248 2249
f 2250 1874 2249
f 1876 1874 2250
f 1845 1876 2214
f 2214 1876 2250
f 2251 1877 1878
f 1879 2252 1878
f 1878 2252 2251
f 1880 2253 1879
f 1879 2253 2252
f 2254 2253 1880
f 2254 1880 1848
f 2255 2254 1848
f 2218 2255 1848
f 2255 2218 2219
f 2255 2219 2256
f 2256 2219 2220
f 1881 2227 1855
f 2258 2257 1882
f 1882 2257 1881
f 2257 2228 1881
f 2228 2227 1881
f 2258 2259 2257
f 2230 1884 1859
f 2261 2260 1885
f 2261 1885 1884
f 2232 2261 1884
f 2230 2232 1884
f 2262 2260 2261
f 2235 2233 2263
f 2235 2263 2264
f 2265 2233 2236
f 2263 2233 2265
f 1887 2265 1862
f 1862 2265 2236
f 2268 2267 2266
f 2237 2268 2266
f 1889 2237 2266
f 1863 2237 1889
f 1890 2238 1865
f 2238 1890 1892
f 2269 2238 1892
f 2240 2238 2269
f 2241 2240 2270
f 2270 2240 2269
f 2271 1894 2242
f 2242 1894 1867
f 2242 2243 2272
f 2242 2272 2271
f 1895 2244 1868
f 1895 2273 2244
f 2274 1896 2245
f 2245 1896 1869
f 1897 2275 1871
f 2275 2245 1871
f 2275 2274 2245
f 1898 2275 1897
f 2247 1899 1873
f 2276 1899 2247
f 2278 2277 1900
f 2278 1900 1901
f 1875 1900 2248
f 1900 2279 2248
f 1900 2277 2279
f 2248 2279 2249
f 2281 2280 1904
f 1904 2280 1903
f 1904 1877 2251
f 2282 1904 2251
f 2281 1904 2282
f 2282 2251 2252
f 2282 2252 2283
f 2283 2252 2253
f 2283 2253 2284
f 2284 2253 2254
f 1905 2258 1882
f 2286 2285 1907
f 1907 2285 1905
f 2285 2259 1905
f 2259 2258 1905
f 2286 2287 2285
f 2288 1909 2260
f 2260 1909 1885
f 2260 2262 2289
f 2290 2260 2289
f 2288 2260 2290
f 2292 2291 2290
f 2292 2290 2289
f 2291 2292 2264
f 2263 2291 2264
f 2293 2291 2263
f 2294 2263 2265
f 2293 2263 2294
f 1911 2294 1887
f 1887 2294 2265
f 2266 2267 2295
f 2295 2267 2296
f 2295 1913 1889
f 2295 1889 2266
f 1915 2297 2269
f 1915 2269 1892
f 2270 2269 2298
f 2298 2269 2297
f 2299 1917 2271
f 2271 1917 1894
f 2271 2272 2300
f 2301 2271 2300
f 2299 2271 2301
f 2302 2301 2300
f 1918 2273 1895
f 1918 2303 2273
f 2305 2304 2274
f 2304 1896 2274
f 2304 1919 1896
f 2307 2306 2305
f 2274 2307 2305
f 2275 2307 2274
f 1920 2307 1898
f 1898 2307 2275
f 2276 2308 1899
f 1899 2308 1921
f 1901 1921 2278
f 2278 1921 2308
f 2310 2309 1923
f 1923 2309 1922
f 2311 1923 1924
f 2311 2310 1923
f 1924 1903 2280
f 1924 2280 2311
f 2313 2312 2286
f 1907 2313 2286
f 1926 2313 1907
f 2286 2312 2287
f 2314 1928 2288
f 2288 1928 1909
f 2315 2288 2290
f 2314 2288 2315
f 2316 2290 2291
f 2315 2290 2316
f 2317 2291 2293
f 2316 2291 2317
f 2318 2293 2294
f 2317 2293 2318
f 1930 2318 1911
f 1911 2318 2294
f 2295 2296 2319
f 2319 2296 2320
f 2321 1932 1913
f 2295 2321 1913
f 2319 2321 2295
f 2321 1934 1932
f 1937 2322 2297
f 1937 2297 1915
f 2298 2297 2323
f 2297 2324 2323
f 2297 2322 2324
f 2299 1939 1917
f 2325 2323 2324
f 1939 2299 1941
f 2299 2326 1941
f 2299 2301 2326
f 2301 2302 2327
f 2301 2327 2326
f 1942 2303 1918
f 1942 2328 2303
f 2304 1943 1919
f 2329 1943 2304
f 2330 2306 2307
f 2332 2330 2331
f 2331 2330 1944
f 2330 2307 1944
f 2307 1920 1944
f 1946 2333 1944
f 1944 2333 2331
f 2333 1946 2334
f 1946 2335 2334
f 1946 1948 2335
f 1948 1922 2309
f 1948 2309 2335
f 1954 2336 1953
f 2336 2337 1953
f 2337 1926 1953
f 2337 2313 1926
f 2338 1955 1956
f 1928 2314 1956
f 2314 2338 1956
f 2314 2339 2338
f 2340 2314 2315
f 2339 2314 2340
f 2341 2315 2316
f 2340 2315 2341
f 2342 2316 2317
f 2341 2316 2342
f 2343 2317 2318
f 2342 2317 2343
f 1958 2343 1930
f 1930 2343 2318
f 2319 2320 2344
f 2344 2320 2345
f 2319 2346 2321
f 2319 2344 2346
f 2347 1961 1934
f 2321 2347 1934
f 2346 2347 2321
f 2348 1962 1961
f 2348 1961 2347
f 2348 1964 1962
f 1967 2349 1968
f 2322 1937 1968
f 2349 2322 1968
f 2350 2322 2349
f 2322 2351 2324
f 2322 2350 2351
f 2325 2324 2352
f 2352 2324 2351
f 2353 1971 2326
f 2326 1971 1941
f 2326 2327 2354
f 2326 2354 2353
f 1972 2328 1942
f 1972 2355 2328
f 2329 1973 1943
f 2356 1973 2329
f 2357 2332 2331
f 2357 2331 2333
f 2357 2333 2358
f 2358 2333 2334
f 2361 2360 2359
f 1975 1976 2359
f 2360 1975 2359
f 2362 1975 2360
f 1975 2363 1977
f 2362 2363 1975
f 1977 2364 1978
f 2363 2364 1977
f 1978 2365 1979
f 2364 2365 1978
f 2365 2367 2366
f 1980 2365 2366
f 1979 2365 1980
f 2366 1982 1980
f 2369 2368 2336
f 1954 2369 2336
f 1986 2369 1954
f 2336 2368 2337
f 2370 1988 2338
f 2338 1988 1955
f 2371 2338 2339
f 2370 2338 2371
f 2340 2373 2372
f 2371 2340 2372
f 2339 2340 2371
f 2373 2340 2341
f 2373 2341 2374
f 2376 2375 2374
f 2341 2376 2374
f 2342 2376 2341
f 2377 2342 2343
f 2376 2342 2377
f 1990 2377 1958
f 1958 2377 2343
f 2344 2345 2378
f 2378 2345 2379
f 2344 2380 2346
f 2344 2378 2380
f 2346 2381 2347
f 2346 2380 2381
f 2347 2382 2348
f 2347 2381 2382
f 2383 1994 1964
f 2348 2383 1964
f 2382 2383 2348
f 2383 1996 1994
f 1997 2384 1998
f 2349 1967 1998
f 2384 2349 1998
f 2385 2349 2384
f 2349 2386 2350
f 2349 2385 2386
f 2388 2351 2387
f 2351 2386 2387
f 2351 2350 2386
f 2389 2001 2002
f 2388 2352 2351
f 1971 2353 2002
f 2353 2389 2002
f 2353 2390 2389
f 2353 2354 2391
f 2353 2391 2390
f 2003 2355 1972
f 2003 2392 2355
f 2356 2005 1973
f 2393 2005 2356
f 2396 2395 2394
f 2394 2395 2361
f 2394 2361 2359
f 2010 2394 2359
f 2009 2010 2359
f 2009 2359 1976
f 2398 2397 2012
f 2012 2397 2011
f 2399 2012 2013
f 2399 2398 2012
f 2013 2015 2399
f 2399 2015 2400
f 2367 2401 2366
f 2366 2401 1982
f 2401 2016 1982
f 2401 2402 2016
f 2016 2403 2017
f 2402 2403 2016
f 2017 2404 2018
f 2403 2404 2017
f 2018 2405 2019
f 2404 2405 2018
f 1986 2019 2369
f 2369 2019 2405
f 2406 2021 2022
f 1988 2370 2022
f 2370 2406 2022
f 2370 2407 2406
f 2371 2409 2408
f 2407 2371 2408
f 2370 2371 2407
f 2409 2371 2372
f 2410 2375 2376
f 2410 2376 2377
f 2410 2377 2411
f 2377 1990 2411
f 1990 2412 2411
f 1990 2024 2412
f 2379 2413 2378
f 2378 2413 2380
f 2380 2413 2414
f 2416 2415 2414
f 2415 2380 2414
f 2415 2381 2380
f 2381 2417 2382
f 2381 2415 2417
f 2382 2418 2383
f 2382 2417 2418
f 2419 2029 1996
f 2383 2419 1996
f 2418 2419 2383
f 2384 1997 2029
f 2419 2384 2029
f 2420 2384 2419
f 2422 2385 2421
f 2385 2420 2421
f 2385 2384 2420
f 2385 2422 2386
f 2386 2422 2423
f 2386 2423 2387
f 2424 2033 2389
f 2389 2033 2001
f 2390 2426 2425
f 2424 2390 2425
f 2389 2390 2424
f 2426 2390 2391
f 2034 2392 2003
f 2034 2427 2392
f 2035 2005 2428
f 2005 2429 2428
f 2005 2393 2429
f 2430 2036 2035
f 2430 2035 2428
f 2431 2037 2036
f 2431 2036 2430
f 2432 2038 2037
f 2432 2037 2431
f 2432 2040 2038
f 2435 2434 2433
f 2043 2042 2433
f 2434 2043 2433
f 2436 2043 2434
f 2043 2437 2044
f 2436 2437 2043
f 2394 2045 2396
f 2045 2437 2396
f 2045 2044 2437
f 2045 2394 2010
f 2439 2438 2047
f 2047 2438 2046
f 2047 2011 2397
f 2047 2397 2439
f 2440 2400 2015
f 2440 2015 2048
f 2441 2048 2049
f 2441 2440 2048
f 2442 2049 2050
f 2442 2441 2049
f 2444 2442 2443
f 2442 2051 2443
f 2442 2050 2051
f 2053 2443 2051
f 2445 2054 2055
f 2445 2055 2446
f 2055 2447 2446
f 2055 2056 2447
f 2056 2021 2406
f 2448 2056 2406
f 2447 2056 2448
f 2448 2406 2407
f 2448 2407 2449
f 2449 2407 2408
f 2024 2057 2450
f 2451 2024 2450
f 2412 2024 2451
f 2058 2452 2057
f 2057 2452 2450
f 2059 2452 2058
f 2416 2453 2415
f 2415 2453 2417
f 2417 2453 2454
f 2456 2455 2454
f 2455 2417 2454
f 2455 2418 2417
f 2418 2457 2419
f 2418 2455 2457
f 2459 2420 2458
f 2420 2457 2458
f 2420 2419 2457
f 2420 2459 2421
f 2460 2067 2068
f 2069 2461 2068
f 2068 2461 2460
f 2033 2424 2069
f 2424 2461 2069
f 2424 2462 2461
f 2424 2425 2463
f 2424 2463 2462
f 2071 2427 2034
f 2071 2464 2427
f 2429 2465 2428
f 2428 2465 2430
f 2430 2465 2466
f 2430 2466 2431
f 2431 2466 2467
f 2431 2467 2432
f 2432 2467 2468
f 2432 2468 2040
f 2468 2075 2040
f 2468 2469 2075
f 2433 2076 2435
f 2076 2469 2435
f 2076 2075 2469
f 2076 2433 2042
f 2471 2470 2078
f 2078 2470 2077
f 2472 2078 2079
f 2472 2471 2078
f 2473 2079 2080
f 2473 2472 2079
f 2080 2046 2438
f 2080 2438 2473
f 2474 2444 2443
f 2474 2443 2053
f 2081 2474 2053
f 2475 2474 2081
f 2081 2054 2445
f 2476 2081 2445
f 2475 2081 2476
f 2476 2445 2446
f 2477 2451 2450
f 2477 2450 2452
f 2477 2452 2478
f 2480 2478 2479
f 2479 2478 2082
f 2478 2452 2082
f 2452 2059 2082
f 2083 2481 2082
f 2082 2481 2479
f 2084 2481 2083
f 2456 2482 2455
f 2455 2482 2457
f 2457 2482 2483
f 2484 2088 2089
f 2483 2458 2457
f 2090 2485 2089
f 2089 2485 2484
f 2067 2460 2090
f 2460 2485 2090
f 2460 2486 2485
f 2461 2488 2487
f 2486 2461 2487
f 2460 2461 2486
f 2488 2461 2462
f 2488 2462 2489
f 2489 2462 2463
f 2071 2091 2490
f 2491 2071 2490
f 2464 2071 2491
f 2092 2492 2091
f 2091 2492 2490
f 2492 2092 2493
f 2092 2494 2493
f 2092 2093 2494
f 2495 2093 2094
f 2495 2494 2093
f 2496 2094 2095
f 2496 2495 2094
f 2497 2095 2096
f 2497 2496 2095
f 2498 2096 2097
f 2498 2497 2096
f 2499 2097 2098
f 2499 2498 2097
f 2098 2077 2470
f 2098 2470 2499
f 2500 2480 2479
f 2500 2479 2481
f 2500 2481 2501
f 2501 2481 2084
f 2099 2501 2084
f 2502 2501 2099
f 2503 2099 2100
f 2503 2502 2099
f 2505 2503 2504
f 2503 2101 2504
f 2503 2100 2101
f 2506 2504 2101
f 2506 2101 2088
f 2507 2506 2088
f 2484 2507 2088
f 2507 2484 2485
f 2507 2485 2508
f 2508 2485 2486
f 2508 2486 2509
f 2509 2486 2487
f 2510 2491 2490
f 2510 2490 2492
f 2510 2492 2511
f 2511 2492 2493
f 2512 2505 2504
f 2512 2504 2506
f 2515 2514 2513
f 2103 2104 2513
f 2514 2103 2513
f 2516 2103 2514
f 2105 2103 2516
f 2105 2516 2517
f 2515 2513 2518
f 2515 2518 2519
f 2106 2518 2104
f 2104 2518 2513
f 2517 2520 2105
f 2105 2520 2107
f 2108 2107 2520
f 2108 2520 2521
f 2523 2522 2110
f 2523 2110 2111
f 2518 2113 2519
f 2113 2522 2519
f 2113 2110 2522
f 2113 2518 2106
f 2521 2114 2108
f 2524 2114 2521
f 2527 2526 2525
f 2529 2528 2525
f 2529 2525 2526
f 2529 2523 2528
f 2523 2116 2528
f 2523 2111 2116
f 2531 2530 2120
f 2120 2530 2119
f 2120 2114 2524
f 2120 2524 2531
f 2534 2533 2532
f 2535 2532 2533
f 2536 2527 2525
f 2538 2537 2536
f 2525 2538 2536
f 2528 2538 2525
f 2121 2539 2116
f 2539 2528 2116
f 2539 2538 2528
f 2539 2121 2540
f 2121 2541 2540
f 2121 2122 2541
f 2542 2122 2123
f 2542 2541 2122
f 2123 2119 2530
f 2123 2530 2542
f 2545 2544 2543
f 2547 2546 2543
f 2547 2543 2544
f 2549 2548 2546
f 2549 2546 2547
f 2551 2550 2548
f 2551 2548 2549
f 2552 2550 2551
f 2554 2553 2125
f 2554 2125 2126
f 2125 2555 2128
f 2553 2555 2125
f 2532 2556 2129
f 2555 2532 2129
f 2128 2555 2129
f 2534 2532 2555
f 2532 2535 2557
f 2558 2532 2557
f 2556 2532 2558
f 2559 2558 2557
f 2560 2537 2538
f 2560 2538 2539
f 2560 2539 2561
f 2561 2539 2540
f 2564 2563 2562
f 2562 2563 2545
f 2562 2545 2543
f 2132 2562 2543
f 2131 2132 2543
f 2131 2543 2134
f 2134 2543 2546
f 2134 2546 2136
f 2136 2546 2548
f 2136 2548 2138
f 2138 2548 2550
f 2552 2565 2550
f 2565 2138 2550
f 2565 2139 2138
f 2139 2566 2140
f 2565 2566 2139
f 2126 2140 2554
f 2554 2140 2566
f 2556 2142 2129
f 2142 2556 2144
f 2556 2567 2144
f 2556 2558 2567
f 2558 2559 2568
f 2558 2568 2567
f 2571 2570 2569
f 2569 2570 2564
f 2569 2564 2562
f 2147 2569 2562
f 2146 2147 2562
f 2146 2562 2132
f 2574 2573 2572
f 2576 2575 2572
f 2572 2575 2574
f 2578 2577 2576
f 2576 2577 2575
f 2580 2579 2578
f 2578 2579 2577
f 2150 2151 2580
f 2151 2579 2580
f 2151 2581 2579
f 2582 2151 2152
f 2582 2581 2151
f 2584 2583 2154
f 2583 2152 2154
f 2583 2582 2152
f 2584 2585 2583
f 2586 2156 2567
f 2567 2156 2144
f 2567 2568 2587
f 2588 2567 2587
f 2586 2567 2588
f 2590 2589 2588
f 2590 2588 2587
f 2591 2589 2590
f 2160 2592 2161
f 2593 2162 2161
f 2593 2161 2592
f 2162 2593 2594
f 2595 2162 2594
f 2163 2162 2595
f 2595 2597 2596
f 2164 2595 2596
f 2163 2595 2164
f 2598 2165 2164
f 2598 2164 2596
f 2598 2166 2165
f 2601 2600 2599
f 2599 2600 2571
f 2569 2599 2571
f 2602 2599 2569
f 2168 2602 2147
f 2147 2602 2569
f 2605 2604 2603
f 2605 2603 2573
f 2603 2572 2573
f 2603 2606 2572
f 2606 2170 2171
f 2576 2606 2171
f 2572 2606 2576
f 2576 2171 2172
f 2576 2172 2578
f 2578 2172 2173
f 2578 2173 2580
f 2580 2173 2150
f 2175 2607 2584
f 2175 2584 2154
f 2585 2584 2608
f 2608 2584 2607
f 2586 2177 2156
f 2177 2586 2180
f 2180 2586 2588
f 2180 2588 2181
f 2588 2609 2181
f 2588 2589 2609
f 2589 2591 2610
f 2589 2610 2609
f 2187 2611 2188
f 2188 2611 2612
f 2613 2188 2612
f 2189 2188 2613
f 2160 2189 2592
f 2189 2614 2592
f 2189 2613 2614
f 2592 2614 2593
f 2593 2614 2615
f 2593 2615 2594
f 2597 2616 2596
f 2596 2616 2598
f 2598 2616 2617
f 2598 2617 2166
f 2617 2192 2166
f 2617 2618 2192
f 2192 2619 2194
f 2618 2619 2192
f 2621 2620 2195
f 2194 2621 2195
f 2619 2621 2194
f 2623 2622 2620
f 2623 2620 2621
f 2624 2622 2623
f 2601 2599 2625
f 2601 2625 2626
f 2198 2625 2197
f 2625 2602 2197
f 2625 2599 2602
f 2197 2602 2168
f 2629 2628 2627
f 2627 2628 2604
f 2628 2603 2604
f 2628 2630 2603
f 2630 2201 2202
f 2606 2630 2202
f 2603 2630 2606
f 2606 2202 2170
f 2203 2607 2175
f 2632 2631 2205
f 2205 2631 2203
f 2631 2608 2203
f 2608 2607 2203
f 2634 2633 2632
f 2632 2633 2631
f 2634 2635 2633
f 2636 2207 2609
f 2609 2207 2181
f 2609 2610 2637
f 2609 2637 2636
f 2209 2638 2208
f 2639 2210 2208
f 2639 2208 2638
f 2640 2211 2210
f 2640 2210 2639
f 2640 2212 2211
f 2214 2641 2213
f 2642 2215 2213
f 2642 2213 2641
f 2643 2216 2215
f 2643 2215 2642
f 2644 2217 2216
f 2644 2216 2643
f 2644 2645 2217
f 2217 2645 2187
f 2645 2646 2187
f 2646 2611 2187
f 2611 2646 2612
f 2647 2220 2221
f 2647 2221 2648
f 2221 2649 2648
f 2221 2222 2649
f 2650 2222 2223
f 2650 2649 2222
f 2651 2223 2224
f 2651 2650 2223
f 2652 2224 2225
f 2652 2651 2224
f 2653 2225 2226
f 2653 2652 2225
f 2226 2228 2653
f 2653 2228 2654
f 2620 2229 2195
f 2229 2620 2231
f 2231 2620 2622
f 2656 2655 2232
f 2656 2232 2231
f 2624 2656 2231
f 2622 2624 2231
f 2657 2655 2656
f 2660 2659 2658
f 2658 2659 2626
f 2658 2626 2625
f 2235 2658 2625
f 2234 2235 2625
f 2234 2625 2198
f 2628 2629 2661
f 2661 2629 2662
f 2628 2663 2630
f 2628 2661 2663
f 2663 2237 2201
f 2663 2201 2630
f 2239 2632 2205
f 2632 2239 2241
f 2664 2632 2241
f 2634 2632 2664
f 2635 2634 2665
f 2665 2634 2664
f 2666 2243 2636
f 2636 2243 2207
f 2636 2637 2667
f 2636 2667 2666
f 2244 2668 2638
f 2244 2638 2209
f 2638 2669 2639
f 2638 2668 2669
f 2639 2670 2640
f 2639 2669 2670
f 2671 2246 2212
f 2640 2671 2212
f 2670 2671 2640
f 2671 2247 2246
f 2673 2672 2250
f 2673 2250 2249
f 2214 2250 2641
f 2250 2674 2641
f 2250 2672 2674
f 2641 2674 2642
f 2642 2674 2675
f 2642 2675 2643
f 2643 2675 2676
f 2643 2676 2644
f 2644 2676 2677
f 2678 2254 2255
f 2677 2645 2644
f 2256 2679 2255
f 2255 2679 2678
f 2220 2647 2256
f 2647 2679 2256
f 2647 2680 2679
f 2647 2648 2681
f 2647 2681 2680
f 2682 2654 2228
f 2682 2228 2257
f 2684 2683 2259
f 2683 2257 2259
f 2683 2682 2257
f 2686 2685 2684
f 2684 2685 2683
f 2655 2261 2232
f 2687 2685 2686
f 2689 2688 2262
f 2689 2262 2261
f 2657 2689 2261
f 2655 2657 2261
f 2688 2689 2660
f 2658 2688 2660
f 2690 2688 2658
f 2264 2690 2235
f 2235 2690 2658
f 2661 2662 2691
f 2691 2662 2692
f 2691 2267 2268
f 2663 2691 2268
f 2661 2691 2663
f 2663 2268 2237
f 2270 2693 2664
f 2270 2664 2241
f 2665 2664 2694
f 2694 2664 2693
f 2695 2272 2666
f 2666 2272 2243
f 2666 2667 2696
f 2666 2696 2695
f 2698 2697 2668
f 2244 2698 2668
f 2273 2698 2244
f 2668 2697 2669
f 2669 2697 2699
f 2701 2700 2699
f 2700 2669 2699
f 2700 2670 2669
f 2670 2702 2671
f 2670 2700 2702
f 2702 2276 2247
f 2702 2247 2671
f 2704 2703 2277
f 2704 2277 2278
f 2277 2705 2279
f 2703 2705 2277
f 2249 2279 2673
f 2673 2279 2705
f 2706 2280 2281
f 2282 2707 2281
f 2281 2707 2706
f 2283 2708 2282
f 2282 2708 2707
f 2284 2709 2283
f 2283 2709 2708
f 2254 2678 2284
f 2678 2709 2284
f 2678 2710 2709
f 2711 2678 2679
f 2710 2678 2711
f 2680 2713 2712
f 2711 2680 2712
f 2679 2680 2711
f 2713 2680 2681
f 2285 2684 2259
f 2684 2285 2287
f 2714 2684 2287
f 2686 2684 2714
f 2687 2686 2715
f 2715 2686 2714
f 2688 2289 2262
f 2289 2688 2292
f 2292 2688 2690
f 2292 2690 2264
f 2718 2717 2716
f 2718 2716 2692
f 2716 2691 2692
f 2716 2719 2691
f 2719 2296 2267
f 2719 2267 2691
f 2298 2720 2693
f 2298 2693 2270
f 2694 2693 2721
f 2693 2722 2721
f 2693 2720 2722
f 2695 2300 2272
f 2723 2721 2722
f 2725 2724 2302
f 2725 2302 2300
f 2696 2725 2300
f 2695 2696 2300
f 2726 2724 2725
f 2303 2698 2273
f 2303 2727 2698
f 2728 2304 2305
f 2701 2729 2700
f 2728 2305 2306
f 2700 2729 2702
f 2702 2729 2730
f 2702 2730 2276
f 2730 2308 2276
f 2730 2731 2308
f 2278 2308 2704
f 2704 2308 2731
f 2732 2309 2310
f 2732 2310 2733
f 2310 2734 2733
f 2310 2311 2734
f 2311 2280 2706
f 2735 2311 2706
f 2734 2311 2735
f 2735 2706 2707
f 2735 2707 2736
f 2738 2737 2736
f 2707 2738 2736
f 2708 2738 2707
f 2739 2708 2709
f 2738 2708 2739
f 2740 2709 2710
f 2739 2709 2740
f 2741 2710 2711
f 2740 2710 2741
f 2711 2712 2742
f 2711 2742 2741
f 2313 2743 2312
f 2714 2287 2312
f 2743 2714 2312
f 2744 2714 2743
f 2715 2714 2745
f 2745 2714 2744
f 2716 2717 2746
f 2746 2717 2747
f 2716 2748 2719
f 2716 2746 2748
f 2748 2320 2296
f 2748 2296 2719
f 2323 2720 2298
f 2720 2323 2325
f 2749 2720 2325
f 2722 2720 2749
f 2723 2722 2750
f 2750 2722 2749
f 2751 2327 2724
f 2724 2327 2302
f 2724 2726 2752
f 2724 2752 2751
f 2328 2727 2303
f 2328 2753 2727
f 2754 2329 2728
f 2728 2329 2304
f 2330 2755 2306
f 2755 2728 2306
f 2755 2754 2728
f 2332 2755 2330
f 2756 2334 2335
f 2757 2756 2335
f 2757 2335 2309
f 2758 2757 2309
f 2732 2758 2309
f 2758 2732 2733
f 2737 2738 2759
f 2737 2759 2760
f 2761 2738 2739
f 2759 2738 2761
f 2762 2739 2740
f 2761 2739 2762
f 2763 2740 2741
f 2762 2740 2763
f 2741 2742 2764
f 2741 2764 2763
f 2337 2765 2743
f 2337 2743 2313
f 2743 2766 2744
f 2743 2765 2766
f 2745 2744 2767
f 2744 2768 2767
f 2744 2766 2768
f 2768 2769 2767
f 2747 2770 2746
f 2772 2771 2770
f 2771 2746 2770
f 2771 2748 2746
f 2771 2345 2320
f 2771 2320 2748
f 2352 2773 2749
f 2352 2749 2325
f 2750 2749 2774
f 2774 2749 2773
f 2775 2354 2751
f 2751 2354 2327
f 2751 2752 2776
f 2751 2776 2775
f 2355 2753 2328
f 2355 2777 2753
f 2779 2778 2754
f 2778 2329 2754
f 2778 2356 2329
f 2781 2780 2779
f 2754 2781 2779
f 2755 2781 2754
f 2357 2782 2332
f 2782 2755 2332
f 2782 2781 2755
f 2358 2783 2357
f 2357 2783 2782
f 2784 2783 2358
f 2784 2358 2334
f 2785 2784 2334
f 2756 2785 2334
f 2785 2756 2757
f 2788 2787 2786
f 2786 2787 2760
f 2786 2760 2759
f 2361 2786 2759
f 2360 2361 2759
f 2360 2759 2362
f 2362 2759 2761
f 2362 2789 2363
f 2789 2362 2790
f 2761 2790 2362
f 2790 2761 2791
f 2762 2791 2761
f 2363 2789 2364
f 2792 2364 2789
f 2364 2792 2763
f 2791 2763 2792
f 2763 2791 2762
f 2764 2793 2763
f 2793 2364 2763
f 2793 2365 2364
f 2795 2794 2367
f 2365 2795 2367
f 2793 2795 2365
f 2796 2794 2795
f 2369 2797 2368
f 2765 2337 2368
f 2797 2765 2368
f 2798 2765 2797
f 2800 2766 2799
f 2766 2798 2799
f 2766 2765 2798
f 2766 2800 2768
f 2768 2800 2801
f 2802 2372 2373
f 2801 2769 2768
f 2374 2803 2373
f 2373 2803 2802
f 2375 2803 2374
f 2772 2804 2771
f 2345 2771 2804
f 2805 2345 2804
f 2379 2345 2805
f 2387 2806 2388
f 2773 2352 2388
f 2806 2773 2388
f 2807 2773 2806
f 2774 2773 2808
f 2808 2773 2807
f 2809 2391 2775
f 2775 2391 2354
f 2775 2776 2810
f 2775 2810 2809
f 2392 2777 2355
f 2392 2811 2777
f 2778 2393 2356
f 2812 2393 2778
f 2813 2780 2781
f 2815 2814 2813
f 2781 2815 2813
f 2782 2815 2781
f 2816 2782 2783
f 2815 2782 2816
f 2783 2784 2817
f 2783 2817 2816
f 2820 2819 2818
f 2822 2821 2818
f 2822 2818 2819
f 2821 2822 2788
f 2821 2788 2786
f 2396 2821 2786
f 2395 2396 2786
f 2395 2786 2361
f 2825 2824 2823
f 2825 2823 2790
f 2790 2823 2789
f 2823 2397 2789
f 2397 2398 2789
f 2826 2792 2789
f 2398 2826 2789
f 2399 2826 2398
f 2828 2827 2400
f 2827 2399 2400
f 2827 2826 2399
f 2794 2401 2367
f 2829 2827 2828
f 2796 2830 2794
f 2830 2401 2794
f 2830 2402 2401
f 2402 2831 2403
f 2830 2831 2402
f 2403 2832 2404
f 2831 2832 2403
f 2404 2833 2405
f 2832 2833 2404
f 2369 2405 2797
f 2405 2834 2797
f 2405 2833 2834
f 2797 2834 2798
f 2798 2834 2835
f 2798 2835 2799
f 2836 2408 2409
f 2372 2802 2409
f 2802 2836 2409
f 2802 2837 2836
f 2838 2802 2803
f 2837 2802 2838
f 2410 2839 2375
f 2839 2803 2375
f 2839 2838 2803
f 2411 2840 2410
f 2410 2840 2839
f 2412 2840 2411
f 2413 2379 2841
f 2379 2842 2841
f 2379 2805 2842
f 2843 2414 2413
f 2843 2413 2841
f 2843 2416 2414
f 2421 2844 2422
f 2845 2423 2422
f 2845 2422 2844
f 2806 2387 2423
f 2845 2806 2423
f 2846 2806 2845
f 2848 2807 2847
f 2807 2846 2847
f 2807 2806 2846
f 2849 2425 2426
f 2848 2808 2807
f 2850 2849 2426
f 2850 2426 2391
f 2851 2850 2391
f 2809 2851 2391
f 2851 2809 2810
f 2427 2811 2392
f 2427 2852 2811
f 2812 2429 2393
f 2853 2429 2812
f 2814 2815 2854
f 2814 2854 2855
f 2856 2815 2816
f 2854 2815 2856
f 2816 2817 2857
f 2858 2816 2857
f 2856 2816 2858
f 2434 2435 2858
f 2857 2434 2858
f 2859 2434 2857
f 2818 2436 2820
f 2436 2859 2820
f 2436 2434 2859
f 2436 2818 2437
f 2437 2818 2821
f 2437 2821 2396
f 2862 2861 2860
f 2862 2860 2824
f 2824 2860 2823
f 2860 2438 2823
f 2438 2439 2823
f 2823 2439 2397
f 2440 2828 2400
f 2863 2829 2828
f 2440 2863 2828
f 2441 2863 2440
f 2864 2441 2442
f 2864 2863 2441
f 2442 2444 2864
f 2864 2444 2865
f 2866 2446 2447
f 2448 2867 2447
f 2447 2867 2866
f 2867 2448 2868
f 2448 2869 2868
f 2448 2449 2869
f 2449 2408 2836
f 2870 2449 2836
f 2869 2449 2870
f 2872 2871 2870
f 2836 2872 2870
f 2837 2872 2836
f 2873 2837 2838
f 2872 2837 2873
f 2874 2838 2839
f 2873 2838 2874
f 2875 2839 2840
f 2874 2839 2875
f 2451 2875 2412
f 2412 2875 2840
f 2842 2876 2841
f 2878 2877 2876
f 2877 2841 2876
f 2877 2843 2841
f 2879 2453 2416
f 2843 2879 2416
f 2877 2879 2843
f 2880 2454 2453
f 2880 2453 2879
f 2880 2456 2454
f 2458 2881 2459
f 2844 2421 2459
f 2881 2844 2459
f 2882 2844 2881
f 2844 2883 2845
f 2844 2882 2883
f 2885 2846 2884
f 2846 2883 2884
f 2846 2845 2883
f 2846 2885 2847
f 2886 2463 2849
f 2849 2463 2425
f 2849 2850 2887
f 2849 2887 2886
f 2464 2852 2427
f 2464 2888 2852
f 2853 2889 2429
f 2429 2889 2465
f 2465 2890 2466
f 2889 2890 2465
f 2854 2467 2855
f 2467 2890 2855
f 2467 2466 2890
f 2467 2854 2468
f 2468 2854 2856
f 2468 2856 2469
f 2469 2856 2858
f 2469 2858 2435
f 2893 2892 2891
f 2470 2471 2891
f 2471 2893 2891
f 2471 2894 2893
f 2895 2471 2472
f 2895 2894 2471
f 2473 2860 2861
f 2895 2473 2861
f 2472 2473 2895
f 2860 2473 2438
f 2896 2865 2444
f 2896 2444 2474
f 2897 2474 2475
f 2897 2896 2474
f 2898 2475 2476
f 2898 2897 2475
f 2476 2446 2866
f 2899 2476 2866
f 2898 2476 2899
f 2899 2866 2867
f 2899 2867 2900
f 2900 2867 2868
f 2901 2871 2872
f 2901 2872 2873
f 2901 2873 2902
f 2902 2873 2874
f 2902 2874 2903
f 2903 2874 2875
f 2903 2875 2904
f 2906 2904 2905
f 2905 2904 2477
f 2904 2875 2477
f 2875 2451 2477
f 2478 2907 2477
f 2477 2907 2905
f 2878 2908 2877
f 2907 2478 2480
f 2877 2908 2879
f 2879 2908 2909
f 2879 2909 2880
f 2880 2909 2910
f 2880 2910 2456
f 2910 2482 2456
f 2910 2911 2482
f 2911 2913 2912
f 2483 2911 2912
f 2482 2911 2483
f 2912 2914 2483
f 2483 2914 2458
f 2914 2915 2458
f 2915 2881 2458
f 2881 2915 2882
f 2882 2915 2916
f 2882 2916 2883
f 2883 2916 2917
f 2918 2487 2488
f 2917 2884 2883
f 2489 2919 2488
f 2488 2919 2918
f 2920 2919 2489
f 2920 2489 2463
f 2921 2920 2463
f 2886 2921 2463
f 2921 2886 2887
f 2491 2888 2464
f 2491 2922 2888
f 2924 2923 2494
f 2494 2923 2493
f 2925 2494 2495
f 2925 2924 2494
f 2926 2495 2496
f 2926 2925 2495
f 2927 2496 2497
f 2927 2926 2496
f 2928 2497 2498
f 2928 2927 2497
f 2499 2891 2892
f 2928 2499 2892
f 2498 2499 2928
f 2891 2499 2470
f 2929 2906 2905
f 2929 2905 2907
f 2929 2907 2930
f 2932 2930 2931
f 2931 2930 2500
f 2930 2907 2500
f 2907 2480 2500
f 2501 2933 2500
f 2500 2933 2931
f 2502 2934 2501
f 2501 2934 2933
f 2503 2935 2502
f 2502 2935 2934
f 2913 2936 2912
f 2935 2503 2505
f 2937 2506 2507
f 2936 2914 2912
f 2508 2938 2507
f 2507 2938 2937
f 2509 2939 2508
f 2508 2939 2938
f 2940 2939 2509
f 2940 2509 2487
f 2941 2940 2487
f 2918 2941 2487
f 2941 2918 2919
f 2941 2919 2942
f 2942 2919 2920
f 2943 2922 2491
f 2943 2491 2510
f 2944 2510 2511
f 2944 2943 2510
f 2511 2493 2923
f 2511 2923 2944
f 2945 2932 2931
f 2945 2931 2933
f 2945 2933 2946
f 2946 2933 2934
f 2946 2934 2947
f 2949 2948 2947
f 2934 2949 2947
f 2935 2949 2934
f 2512 2950 2505
f 2950 2935 2505
f 2950 2949 2935
f 2951 2950 2512
f 2951 2512 2506
f 2952 2951 2506
f 2937 2952 2506
f 2952 2937 2938
f 2952 2938 2953
f 2953 2938 2939
f 2953 2939 2954
f 2954 2939 2940
f 2955 2948 2949
f 2955 2949 2950
f 2955 2950 2956
f 2956 2950 2951
f 2959 2958 2957
f 2961 2960 2957
f 2961 2957 2958
f 2514 2515 2960
f 2961 2514 2960
f 2962 2514 2961
f 2514 2963 2516
f 2962 2963 2514
f 2517 2516 2963
f 2517 2963 2964
f 2959 2957 2965
f 2959 2965 2966
f 2967 2957 2960
f 2965 2957 2967
f 2519 2967 2515
f 2515 2967 2960
f 2520 2517 2968
f 2517 2969 2968
f 2517 2964 2969
f 2968 2521 2520
f 2972 2971 2970
f 2974 2973 2970
f 2974 2970 2971
f 2976 2975 2973
f 2976 2973 2974
f 2978 2977 2975
f 2978 2975 2976
f 2980 2979 2977
f 2980 2977 2978
f 2981 2979 2980
f 2966 2965 2982
f 2966 2982 2983
f 2523 2982 2522
f 2982 2967 2522
f 2982 2965 2967
f 2522 2967 2519
f 2968 2969 2984
f 2984 2969 2985
f 2984 2524 2521
f 2984 2521 2968
f 2972 2970 2986
f 2972 2986 2987
f 2988 2970 2973
f 2986 2970 2988
f 2989 2973 2975
f 2988 2973 2989
f 2990 2975 2977
f 2989 2975 2990
f 2991 2977 2979
f 2990 2977 2991
f 2992 2526 2527
f 2979 2992 2527
f 2991 2979 2527
f 2992 2979 2981
f 2982 2529 2983
f 2529 2992 2983
f 2529 2526 2992
f 2529 2982 2523
f 2984 2985 2531
f 2985 2530 2531
f 2985 2993 2530
f 2984 2531 2524
f 2994 2987 2986
f 2996 2995 2994
f 2986 2996 2994
f 2988 2996 2986
f 2534 2996 2533
f 2996 2989 2533
f 2996 2988 2989
f 2533 2989 2535
f 2989 2997 2535
f 2989 2990 2997
f 2998 2990 2991
f 2997 2990 2998
f 2536 2999 2527
f 2999 2991 2527
f 2999 2998 2991
f 2537 2999 2536
f 3000 2540 2541
f 3000 2541 3001
f 2541 3002 3001
f 2541 2542 3002
f 2542 2530 2993
f 2542 2993 3002
f 3005 3004 3003
f 2544 2545 3003
f 3004 2544 3003
f 3006 2544 3004
f 2544 3007 2547
f 3006 3007 2544
f 2547 3008 2549
f 3007 3008 2547
f 2549 3009 2551
f 3008 3009 2549
f 3011 3010 2552
f 2551 3011 2552
f 3009 3011 2551
f 3013 3012 3010
f 3013 3010 3011
f 3014 2553 2554
f 3015 3012 3013
f 3016 2995 2996
f 2553 3016 2996
f 2555 2553 2996
f 3016 2553 3014
f 2555 2996 2534
f 2997 2557 2535
f 2557 2997 2559
f 2997 3017 2559
f 2997 2998 3017
f 2999 3019 3018
f 3017 2999 3018
f 2998 2999 3017
f 3019 2999 2537
f 2560 3019 2537
f 3020 3019 2560
f 3021 2560 2561
f 3021 3020 2560
f 2561 2540 3000
f 3022 2561 3000
f 3021 2561 3022
f 3022 3000 3001
f 3025 3024 3023
f 3027 3026 3023
f 3027 3023 3024
f 3026 3027 3005
f 3026 3005 3003
f 2564 3026 3003
f 2563 2564 3003
f 2563 3003 2545
f 3030 3029 3028
f 3032 3031 3028
f 3028 3031 3030
f 3032 3033 3031
f 3010 2565 2552
f 2565 3010 2566
f 2566 3010 3012
f 3012 3015 2566
f 3015 3034 2566
f 3014 2554 2566
f 3014 2566 3034
f 3014 3034 3016
f 3037 3036 3035
f 3035 3038 3037
f 3039 2568 3017
f 3017 2568 2559
f 3017 3018 3040
f 3017 3040 3039
f 3025 3023 3041
f 3025 3041 3042
f 2571 3041 2570
f 3041 3026 2570
f 3041 3023 3026
f 2570 3026 2564
f 3045 3044 3043
f 3047 3046 3044
f 3044 3046 3043
f 3046 3047 3029
f 3029 3047 3028
f 3047 2573 3028
f 2573 2574 3028
f 3028 2574 2575
f 3028 2575 3032
f 3048 3033 3032
f 2575 3048 3032
f 2577 3048 2575
f 3049 2577 2579
f 3049 3048 2577
f 3050 2579 2581
f 3050 3049 2579
f 3051 2581 2582
f 3051 3050 2581
f 3052 2582 2583
f 3052 3051 2582
f 3053 3035 2585
f 3035 3052 2585
f 3052 2583 2585
f 3035 3036 3052
f 3038 3035 3054
f 3054 3035 3053
f 3039 2587 2568
f 3040 3055 3039
f 3055 2587 3039
f 3055 2590 2587
f 3057 3056 2591
f 2590 3057 2591
f 3055 3057 2590
f 3058 3056 3057
f 2594 3059 2595
f 3059 2597 2595
f 3062 3061 3060
f 3060 3061 3042
f 3060 3042 3041
f 2601 3060 3041
f 2600 2601 3041
f 2600 3041 2571
f 3065 3064 3063
f 3063 3064 3045
f 3064 3044 3045
f 3064 3066 3044
f 3066 2604 2605
f 3047 3066 2605
f 3044 3066 3047
f 3047 2605 2573
f 2608 3067 3053
f 2608 3053 2585
f 3054 3053 3068
f 3068 3053 3067
f 3071 3070 3069
f 3069 3072 3071
f 3073 2610 3056
f 3056 2610 2591
f 3056 3058 3074
f 3056 3074 3073
f 2612 3075 2613
f 3076 2614 2613
f 3076 2613 3075
f 2614 3076 3077
f 3078 2614 3077
f 2615 2614 3078
f 2594 2615 3059
f 2615 3079 3059
f 2615 3078 3079
f 3059 3079 2597
f 3079 2616 2597
f 3079 3080 2616
f 2616 3081 2617
f 3080 3081 2616
f 2617 3082 2618
f 3081 3082 2617
f 2618 3083 2619
f 3082 3083 2618
f 2619 3084 2621
f 3083 3084 2619
f 2621 3085 2623
f 3084 3085 2621
f 3087 3086 2624
f 2623 3087 2624
f 3085 3087 2623
f 3089 3088 3086
f 3089 3086 3087
f 3088 3089 3062
f 3060 3088 3062
f 3090 3088 3060
f 2626 3090 2601
f 2601 3090 3060
f 3064 3065 3091
f 3091 3065 3092
f 3091 2629 2627
f 3066 3091 2627
f 3064 3091 3066
f 3066 2627 2604
f 2631 3067 2608
f 3093 3068 3067
f 2631 3093 3067
f 2633 3093 2631
f 3094 3069 2635
f 3069 3093 2635
f 3093 2633 2635
f 3069 3070 3093
f 3072 3069 3095
f 3095 3069 3094
f 3096 2637 3073
f 3073 2637 2610
f 3073 3074 3097
f 3073 3097 3096
f 2645 3098 2646
f 3075 2612 2646
f 3098 3075 2646
f 3099 3075 3098
f 3101 3076 3100
f 3076 3099 3100
f 3076 3075 3099
f 3102 2648 2649
f 3101 3077 3076
f 2650 3103 2649
f 2649 3103 3102
f 3103 2650 3104
f 2650 3105 3104
f 2650 2651 3105
f 3106 2651 2652
f 3106 3105 2651
f 3107 2652 2653
f 3107 3106 2652
f 3109 3108 2654
f 3108 2653 2654
f 3108 3107 2653
f 3111 3110 3109
f 3109 3110 3108
f 3111 3112 3110
f 3086 2656 2624
f 2656 3086 2657
f 3086 3113 2657
f 3086 3088 3113
f 2660 3113 2659
f 3113 3090 2659
f 3113 3088 3090
f 2659 3090 2626
f 3116 3115 3114
f 3114 3115 3092
f 3115 3091 3092
f 3115 3117 3091
f 3117 2662 2629
f 3117 2629 3091
f 2665 3118 3094
f 2665 3094 2635
f 3095 3094 3119
f 3119 3094 3118
f 3120 2667 3096
f 3096 2667 2637
f 3096 3097 3121
f 3096 3121 3120
f 2673 3122 2672
f 3123 2674 2672
f 3123 2672 3122
f 2674 3123 3124
f 3125 2674 3124
f 2675 2674 3125
f 3125 3127 3126
f 2676 3125 3126
f 2675 3125 2676
f 3128 2677 2676
f 3128 2676 3126
f 3098 2645 2677
f 3128 3098 2677
f 3129 3098 3128
f 3131 3099 3130
f 3099 3129 3130
f 3099 3098 3129
f 3099 3131 3100
f 3132 2681 3102
f 3102 2681 2648
f 3103 3134 3133
f 3132 3103 3133
f 3102 3103 3132
f 3134 3103 3104
f 2682 3109 2654
f 3109 2682 2683
f 3109 2683 3111
f 3135 3112 3111
f 2683 3135 3111
f 2685 3135 2683
f 2685 2687 3135
f 3135 2687 3136
f 3113 2689 2657
f 2689 3113 2660
f 3115 3116 3137
f 3137 3116 3138
f 3115 3139 3117
f 3115 3137 3139
f 3139 2692 2662
f 3139 2662 3117
f 2694 3140 3118
f 2694 3118 2665
f 3119 3118 3141
f 3141 3118 3140
f 3142 2696 3120
f 3120 2696 2667
f 3120 3121 3143
f 3144 3120 3143
f 3142 3120 3144
f 3145 3144 3143
f 2698 3146 2697
f 3147 2699 2697
f 3147 2697 3146
f 3147 2701 2699
f 2704 3148 2703
f 2703 3148 3149
f 3150 2703 3149
f 2705 2703 3150
f 2673 2705 3122
f 2705 3151 3122
f 2705 3150 3151
f 3122 3151 3123
f 3123 3151 3152
f 3123 3152 3124
f 3127 3153 3126
f 3155 3154 3153
f 3154 3126 3153
f 3154 3128 3126
f 3128 3156 3129
f 3128 3154 3156
f 3130 3129 3157
f 3157 3129 3156
f 3158 2712 2713
f 3159 3158 2713
f 3159 2713 2681
f 3160 3159 2681
f 3132 3160 2681
f 3160 3132 3133
f 2715 3162 3161
f 3136 2715 3161
f 2687 2715 3136
f 3164 3163 3162
f 3162 3163 3161
f 3166 3165 3164
f 3164 3165 3163
f 3165 3166 3138
f 3166 3137 3138
f 3166 3167 3137
f 3167 2717 2718
f 3139 3167 2718
f 3137 3167 3139
f 3139 2718 2692
f 2721 3140 2694
f 3169 3168 2723
f 2723 3168 2721
f 3168 3141 2721
f 3141 3140 2721
f 3142 2725 2696
f 3170 3168 3169
f 2725 3142 2726
f 3142 3171 2726
f 3142 3144 3171
f 3144 3145 3172
f 3144 3172 3171
f 2727 3173 3146
f 2727 3146 2698
f 3146 3174 3147
f 3146 3173 3174
f 3175 2729 2701
f 3147 3175 2701
f 3174 3175 3147
f 3176 2730 2729
f 3176 2729 3175
f 3177 2731 2730
f 3177 2730 3176
f 3148 2704 2731
f 3177 3148 2731
f 3178 3148 3177
f 3149 3148 3179
f 3179 3148 3178
f 3180 2733 2734
f 2735 3181 2734
f 2734 3181 3180
f 2736 3182 2735
f 2735 3182 3181
f 2737 3182 2736
f 3154 3155 3183
f 3183 3155 3184
f 3154 3185 3156
f 3154 3183 3185
f 3157 3156 3186
f 3186 3156 3185
f 3187 2742 3158
f 3158 2742 2712
f 3158 3159 3188
f 3158 3188 3187
f 2745 3189 3162
f 2745 3162 2715
f 3162 3190 3164
f 3162 3189 3190
f 3164 3191 3166
f 3164 3190 3191
f 3166 3192 3167
f 3166 3191 3192
f 3192 2747 2717
f 3192 2717 3167
f 2750 3193 3169
f 2750 3169 2723
f 3170 3169 3194
f 3194 3169 3193
f 3195 2752 3171
f 3171 2752 2726
f 3171 3172 3196
f 3171 3196 3195
f 2753 3197 3173
f 2753 3173 2727
f 3199 3174 3198
f 3174 3197 3198
f 3174 3173 3197
f 3201 3200 3199
f 3200 3174 3199
f 3200 3175 3174
f 3175 3202 3176
f 3175 3200 3202
f 3204 3177 3203
f 3177 3202 3203
f 3177 3176 3202
f 3177 3204 3178
f 3178 3204 3205
f 3206 2757 2758
f 3205 3179 3178
f 2733 3180 2758
f 3180 3206 2758
f 3180 3207 3206
f 3208 3180 3181
f 3207 3180 3208
f 3209 3181 3182
f 3208 3181 3209
f 2760 3209 2737
f 2737 3209 3182
f 3183 3184 3210
f 3210 3184 3211
f 3183 3212 3185
f 3183 3210 3212
f 3186 3185 3213
f 3213 3185 3212
f 3214 2764 3187
f 3187 2764 2742
f 3187 3188 3215
f 3216 3187 3215
f 3214 3187 3216
f 3217 3216 3215
f 2767 3189 2745
f 3189 2767 2769
f 3218 3189 2769
f 3190 3189 3218
f 3190 3219 3191
f 3190 3218 3219
f 3191 3220 3192
f 3191 3219 3220
f 3221 2770 2747
f 3192 3221 2747
f 3220 3221 3192
f 3221 2772 2770
f 2774 3222 3193
f 2774 3193 2750
f 3194 3193 3223
f 3223 3193 3222
f 3224 2776 3195
f 3195 2776 2752
f 3195 3196 3225
f 3195 3225 3224
f 3227 3226 3197
f 2753 3227 3197
f 2777 3227 2753
f 3228 2778 2779
f 3226 3198 3197
f 3201 3229 3200
f 3228 2779 2780
f 3200 3229 3202
f 3202 3229 3230
f 3202 3230 3203
f 3231 2784 2785
f 2757 3206 2785
f 3206 3231 2785
f 3206 3232 3231
f 3233 3206 3207
f 3232 3206 3233
f 3234 3207 3208
f 3233 3207 3234
f 2788 3234 2787
f 3234 3209 2787
f 3234 3208 3209
f 2787 3209 2760
f 3210 3211 3235
f 3235 3211 3236
f 3235 2790 2791
f 3212 3235 2791
f 3210 3235 3212
f 3238 3237 2792
f 2792 3237 2791
f 3237 3213 2791
f 3213 3212 2791
f 3214 2793 2764
f 3239 3237 3238
f 2793 3214 2795
f 2795 3214 3216
f 3241 3240 2796
f 3241 2796 2795
f 3217 3241 2795
f 3216 3217 2795
f 3242 3240 3241
f 2799 3243 2800
f 3244 2801 2800
f 3244 2800 3243
f 3218 2769 2801
f 3244 3218 2801
f 3245 3218 3244
f 3218 3246 3219
f 3218 3245 3246
f 3219 3247 3220
f 3219 3246 3247
f 3220 3248 3221
f 3220 3247 3248
f 3249 2804 2772
f 3221 3249 2772
f 3248 3249 3221
f 3249 2805 2804
f 2808 3250 3222
f 2808 3222 2774
f 3223 3222 3251
f 3251 3222 3250
f 3253 3252 3224
f 3252 2776 3224
f 3252 2810 2776
f 3253 3224 3225
f 2811 3227 2777
f 2811 3254 3227
f 3255 2812 3228
f 3228 2812 2778
f 2813 3256 2780
f 3256 3228 2780
f 3256 3255 3228
f 2814 3256 2813
f 3257 2817 3231
f 3231 2817 2784
f 3258 3231 3232
f 3257 3231 3258
f 2820 3258 2819
f 3258 3233 2819
f 3258 3232 3233
f 2819 3233 2822
f 2822 3233 3234
f 2822 3234 2788
f 3261 3260 3259
f 3261 3259 3236
f 3236 3259 3235
f 3259 2824 3235
f 2824 2825 3235
f 3235 2825 2790
f 2826 3238 2792
f 3262 3239 3238
f 2826 3262 3238
f 2827 3262 2826
f 2827 2829 3262
f 3262 2829 3263
f 3240 2830 2796
f 3242 3264 3240
f 3264 2830 3240
f 3264 2831 2830
f 2831 3265 2832
f 3264 3265 2831
f 3265 3267 3266
f 2833 3265 3266
f 2832 3265 2833
f 3268 2834 2833
f 3268 2833 3266
f 2834 3268 3269
f 3270 2834 3269
f 2835 2834 3270
f 2799 2835 3243
f 2835 3271 3243
f 2835 3270 3271
f 3243 3271 3244
f 3244 3271 3272
f 3244 3272 3245
f 3245 3272 3273
f 3245 3273 3246
f 3246 3273 3274
f 3276 3275 3274
f 3275 3246 3274
f 3275 3247 3246
f 3247 3277 3248
f 3247 3275 3277
f 3248 3278 3249
f 3248 3277 3278
f 3278 2842 2805
f 3278 2805 3249
f 2847 3279 2848
f 3279 3280 2848
f 2848 3280 2808
f 3280 3281 2808
f 3281 3250 2808
f 3282 2850 2851
f 3281 3251 3250
f 3283 3282 2851
f 2810 3283 2851
f 3252 3283 2810
f 2852 3254 2811
f 2852 3284 3254
f 3285 2853 3255
f 3255 2853 2812
f 3286 3255 3256
f 3285 3255 3286
f 2855 3286 2814
f 2814 3286 3256
f 3257 2857 2817
f 2857 3257 2859
f 2859 3257 3258
f 2859 3258 2820
f 3289 3288 3287
f 3291 3290 3288
f 3288 3290 3287
f 3293 3292 3291
f 3291 3292 3290
f 3292 3293 3260
f 3260 3293 3259
f 3293 2861 3259
f 2861 2862 3259
f 3259 2862 2824
f 3294 3263 2829
f 3294 2829 2863
f 3295 2863 2864
f 3295 3294 2863
f 3297 3296 2865
f 3296 2864 2865
f 3296 3295 2864
f 3297 3298 3296
f 3267 3299 3266
f 3266 3299 3268
f 3268 3299 3300
f 3268 3300 3269
f 3301 2868 2869
f 2870 3302 2869
f 2869 3302 3301
f 2871 3302 2870
f 3276 3303 3275
f 3275 3303 3277
f 3277 3303 3304
f 3277 3304 3278
f 3278 3304 3305
f 3305 3307 3306
f 3305 3306 2876
f 3278 3305 2876
f 2842 3278 2876
f 3306 2878 2876
f 2884 3308 2885
f 3308 3309 2885
f 2885 3309 2847
f 3309 3310 2847
f 3310 3279 2847
f 3279 3310 3280
f 3312 3311 3282
f 3311 2850 3282
f 3311 2887 2850
f 3312 3282 3283
f 2888 3284 2852
f 2888 3313 3284
f 3285 2889 2853
f 2889 3285 2890
f 2890 3285 3286
f 2890 3286 2855
f 3316 3315 3314
f 3318 3317 3315
f 3315 3317 3314
f 3320 3319 3318
f 3318 3319 3317
f 3322 3321 3320
f 3320 3321 3319
f 3321 3322 3289
f 3289 3322 3288
f 3322 2892 3288
f 2892 2893 3288
f 3288 2893 2894
f 3288 2894 3291
f 3291 2894 2895
f 3291 2895 3293
f 3293 2895 2861
f 2896 3297 2865
f 3323 3298 3297
f 2896 3323 3297
f 2897 3323 2896
f 3324 2897 2898
f 3324 3323 2897
f 3325 2898 2899
f 3325 3324 2898
f 3326 2899 2900
f 3326 3325 2899
f 2900 2868 3301
f 3327 2900 3301
f 3326 2900 3327
f 3329 3328 3327
f 3301 3329 3327
f 3302 3329 3301
f 2901 3330 2871
f 3330 3302 2871
f 3330 3329 3302
f 2902 3331 2901
f 2901 3331 3330
f 2903 3332 2902
f 2902 3332 3331
f 2904 3333 2903
f 2903 3333 3332
f 2906 3333 2904
f 3307 3334 3306
f 3334 3336 3335
f 3334 3335 2908
f 3306 3334 2908
f 2878 3306 2908
f 3337 2909 2908
f 3337 2908 3335
f 3338 2910 2909
f 3338 2909 3337
f 3339 2911 2910
f 3339 2910 3338
f 3339 2913 2911
f 2914 3340 2915
f 3341 2916 2915
f 3341 2915 3340
f 3342 2917 2916
f 3342 2916 3341
f 3342 3343 2917
f 2917 3343 2884
f 3343 3344 2884
f 3344 3308 2884
f 3308 3344 3309
f 3345 2920 2921
f 3346 3345 2921
f 2887 3346 2921
f 3311 3346 2887
f 2922 3348 3347
f 3313 2922 3347
f 2888 2922 3313
f 3350 3349 3348
f 3348 3349 3347
f 2923 2924 3350
f 2924 3349 3350
f 2924 3351 3349
f 2925 3315 3316
f 3351 2925 3316
f 2924 2925 3351
f 3315 2925 2926
f 3315 2926 3318
f 3318 2926 2927
f 3318 2927 3320
f 3320 2927 2928
f 3320 2928 3322
f 3322 2928 2892
f 3352 3328 3329
f 3352 3329 3330
f 3352 3330 3353
f 3353 3330 3331
f 3353 3331 3354
f 3354 3331 3332
f 3354 3332 3355
f 3355 3332 3333
f 3355 3333 3356
f 3358 3356 3357
f 3357 3356 2929
f 3356 3333 2929
f 3333 2906 2929
f 2930 3359 2929
f 2929 3359 3357
f 3336 3360 3335
f 3359 2930 2932
f 3335 3360 3337
f 3337 3360 3361
f 3337 3361 3338
f 3338 3361 3362
f 3338 3362 3339
f 3339 3362 3363
f 3363 3365 3364
f 3363 3364 2936
f 3339 3363 2936
f 2913 3339 2936
f 3364 3366 2936
f 2936 3366 2914
f 3366 3367 2914
f 3367 3340 2914
f 3340 3367 3341
f 3341 3367 3368
f 3341 3368 3342
f 3342 3368 3369
f 3370 2940 2941
f 3369 3343 3342
f 3370 2941 3371
f 2941 3372 3371
f 2941 2942 3372
f 2942 2920 3345
f 3373 2942 3345
f 3372 2942 3373
f 3373 3345 3346
f 2943 3348 2922
f 3348 2943 2944
f 3348 2944 3350
f 3350 2944 2923
f 3374 3358 3357
f 3374 3357 3359
f 3374 3359 3375
f 3375 3359 2932
f 2945 3375 2932
f 3376 3375 2945
f 3378 3376 3377
f 3376 2946 3377
f 3376 2945 2946
f 2947 3379 2946
f 2946 3379 3377
f 2948 3379 2947
f 3365 3380 3364
f 3381 2951 2952
f 3380 3366 3364
f 2953 3382 2952
f 2952 3382 3381
f 3382 2953 3383
f 2953 3384 3383
f 2953 2954 3384
f 2954 2940 3370
f 3385 2954 3370
f 3384 2954 3385
f 3385 3370 3371
f 3386 3378 3377
f 3386 3377 3379
f 3386 3379 3387
f 3387 3379 2948
f 2955 3387 2948
f 3388 3387 2955
f 3389 2955 2956
f 3389 3388 2955
f 2956 2951 3381
f 3390 2956 3381
f 3389 2956 3390
f 3390 3381 3382
f 3390 3382 3391
f 3391 3382 3383
f 3394 3393 3392
f 3395 3392 3393
f 3394 3392 3396
f 3394 3396 3397
f 3392 3395 3398
f 3399 3392 3398
f 3396 3392 3399
f 3400 3399 3398
f 3397 3396 3401
f 3397 3401 3402
f 3403 3396 3399
f 3401 3396 3403
f 3399 3400 3404
f 3405 3399 3404
f 3403 3399 3405
f 3407 3406 3405
f 3407 3405 3404
f 3409 3408 3406
f 3409 3406 3407
f 3410 3408 3409
f 3412 3411 2958
f 3412 2958 2959
f 2958 3413 2961
f 3411 3413 2958
f 3413 3415 3414
f 2962 3413 3414
f 2961 3413 2962
f 3416 2963 2962
f 3416 2962 3414
f 3416 2964 2963
f 3417 3402 3401
f 3419 3418 3417
f 3401 3419 3417
f 3403 3419 3401
f 3420 3403 3405
f 3419 3403 3420
f 3421 3405 3406
f 3420 3405 3421
f 3422 3406 3408
f 3421 3406 3422
f 3408 3410 3423
f 3424 3408 3423
f 3422 3408 3424
f 3426 3425 3424
f 3426 3424 3423
f 3426 3412 3425
f 3412 2966 3425
f 3412 2959 2966
f 3415 3427 3414
f 3429 3428 3427
f 3428 3414 3427
f 3428 3416 3414
f 3428 2969 2964
f 3428 2964 3416
f 3418 3419 2971
f 2972 3418 2971
f 3430 3418 2972
f 2971 3419 2974
f 2974 3419 3420
f 2974 3420 2976
f 2976 3420 3421
f 2976 3421 2978
f 2978 3421 3422
f 2978 3422 2980
f 2980 3422 3424
f 2980 3424 2981
f 3424 3431 2981
f 3424 3425 3431
f 2983 3431 2966
f 2966 3431 3425
f 3429 3432 3428
f 2969 3428 3432
f 3433 2969 3432
f 2985 2969 3433
f 2987 3430 2972
f 2987 3434 3430
f 3437 3436 3435
f 3435 3438 3437
f 3431 2992 2981
f 2992 3431 2983
f 3441 3440 3439
f 3440 3442 3439
f 3445 3444 3443
f 3433 3445 3443
f 2993 3433 3443
f 2985 3433 2993
f 3448 3447 3446
f 3449 3446 2994
f 3446 3434 2994
f 3434 2987 2994
f 3434 3446 3447
f 2995 3449 2994
f 3435 3436 3450
f 3450 3436 3451
f 3438 3435 3452
f 3435 3453 3452
f 3435 3450 3453
f 3453 3454 3452
f 3441 3455 3440
f 3440 3455 3442
f 3443 3444 3002
f 3444 3001 3002
f 3444 3456 3001
f 3443 3002 2993
f 3459 3458 3457
f 3004 3005 3457
f 3458 3004 3457
f 3460 3004 3458
f 3004 3461 3006
f 3460 3461 3004
f 3006 3462 3007
f 3461 3462 3006
f 3007 3463 3008
f 3462 3463 3007
f 3008 3464 3009
f 3463 3464 3008
f 3009 3465 3011
f 3464 3465 3009
f 3446 3013 3448
f 3013 3465 3448
f 3013 3011 3465
f 3013 3446 3015
f 3446 3466 3015
f 3446 3449 3466
f 3016 3466 2995
f 2995 3466 3449
f 3450 3451 3467
f 3467 3451 3468
f 3450 3469 3453
f 3450 3467 3469
f 3454 3453 3470
f 3470 3453 3469
f 3471 3018 3019
f 3020 3472 3019
f 3019 3472 3471
f 3472 3020 3473
f 3020 3474 3473
f 3020 3021 3474
f 3475 3021 3022
f 3475 3474 3021
f 3022 3001 3456
f 3022 3456 3475
f 3477 3476 3024
f 3477 3024 3025
f 3457 3027 3459
f 3027 3476 3459
f 3027 3024 3476
f 3027 3457 3005
f 3480 3479 3478
f 3482 3481 3479
f 3479 3481 3478
f 3029 3030 3482
f 3030 3481 3482
f 3030 3483 3481
f 3484 3030 3031
f 3484 3483 3030
f 3031 3033 3484
f 3484 3033 3485
f 3466 3034 3015
f 3034 3466 3016
f 3467 3468 3037
f 3468 3036 3037
f 3468 3486 3036
f 3467 3037 3038
f 3487 3467 3038
f 3469 3467 3487
f 3470 3469 3488
f 3488 3469 3487
f 3489 3040 3471
f 3471 3040 3018
f 3472 3491 3490
f 3489 3472 3490
f 3471 3472 3489
f 3491 3472 3473
f 3494 3493 3492
f 3493 3477 3492
f 3477 3042 3492
f 3477 3025 3042
f 3497 3496 3495
f 3497 3495 3480
f 3480 3495 3479
f 3495 3045 3479
f 3045 3043 3479
f 3479 3043 3046
f 3479 3046 3482
f 3482 3046 3029
f 3498 3485 3033
f 3498 3033 3048
f 3499 3048 3049
f 3499 3498 3048
f 3500 3049 3050
f 3500 3499 3049
f 3501 3050 3051
f 3501 3500 3050
f 3502 3051 3052
f 3502 3501 3051
f 3052 3036 3486
f 3052 3486 3502
f 3054 3503 3487
f 3054 3487 3038
f 3488 3487 3504
f 3504 3487 3503
f 3489 3055 3040
f 3490 3505 3489
f 3505 3055 3489
f 3505 3057 3055
f 3507 3506 3058
f 3057 3507 3058
f 3505 3507 3057
f 3508 3506 3507
f 3511 3510 3509
f 3509 3510 3494
f 3509 3494 3492
f 3062 3509 3492
f 3061 3062 3492
f 3061 3492 3042
f 3495 3496 3063
f 3496 3065 3063
f 3496 3512 3065
f 3495 3063 3045
f 3068 3513 3503
f 3068 3503 3054
f 3071 3514 3070
f 3514 3503 3070
f 3503 3513 3070
f 3503 3514 3504
f 3516 3515 3072
f 3515 3071 3072
f 3515 3514 3071
f 3516 3517 3515
f 3518 3074 3506
f 3506 3074 3058
f 3506 3508 3519
f 3506 3519 3518
f 3077 3520 3078
f 3078 3520 3521
f 3522 3078 3521
f 3079 3078 3522
f 3079 3523 3080
f 3522 3523 3079
f 3080 3524 3081
f 3523 3524 3080
f 3081 3525 3082
f 3524 3525 3081
f 3082 3526 3083
f 3525 3526 3082
f 3083 3527 3084
f 3526 3527 3083
f 3084 3528 3085
f 3527 3528 3084
f 3085 3529 3087
f 3528 3529 3085
f 3509 3089 3511
f 3089 3529 3511
f 3089 3087 3529
f 3089 3509 3062
f 3532 3531 3530
f 3512 3532 3530
f 3092 3512 3530
f 3065 3512 3092
f 3093 3513 3068
f 3513 3093 3070
f 3095 3533 3516
f 3095 3516 3072
f 3517 3516 3534
f 3534 3516 3533
f 3535 3097 3518
f 3518 3097 3074
f 3518 3519 3536
f 3518 3536 3535
f 3100 3537 3101
f 3537 3538 3101
f 3101 3538 3077
f 3538 3539 3077
f 3539 3520 3077
f 3520 3539 3521
f 3540 3104 3105
f 3106 3541 3105
f 3105 3541 3540
f 3541 3106 3542
f 3106 3543 3542
f 3106 3107 3543
f 3544 3107 3108
f 3544 3543 3107
f 3545 3108 3110
f 3545 3544 3108
f 3547 3546 3112
f 3546 3110 3112
f 3546 3545 3110
f 3549 3548 3547
f 3547 3548 3546
f 3551 3550 3549
f 3549 3550 3548
f 3553 3552 3551
f 3551 3552 3550
f 3552 3553 3531
f 3531 3553 3530
f 3553 3116 3530
f 3116 3114 3530
f 3530 3114 3092
f 3119 3554 3533
f 3119 3533 3095
f 3534 3533 3555
f 3555 3533 3554
f 3556 3121 3535
f 3535 3121 3097
f 3535 3536 3557
f 3535 3557 3556
f 3124 3558 3125
f 3558 3127 3125
f 3130 3559 3131
f 3537 3100 3131
f 3559 3537 3131
f 3560 3537 3559
f 3538 3537 3561
f 3561 3537 3560
f 3562 3133 3134
f 3104 3540 3134
f 3540 3562 3134
f 3540 3563 3562
f 3541 3565 3564
f 3563 3541 3564
f 3540 3541 3563
f 3565 3541 3542
f 3135 3547 3112
f 3547 3135 3136
f 3566 3547 3136
f 3549 3547 3566
f 3549 3567 3551
f 3549 3566 3567
f 3551 3568 3553
f 3551 3567 3568
f 3568 3138 3116
f 3568 3116 3553
f 3141 3569 3554
f 3141 3554 3119
f 3555 3554 3570
f 3554 3571 3570
f 3554 3569 3571
f 3556 3143 3121
f 3572 3570 3571
f 3145 3143 3556
f 3557 3145 3556
f 3573 3145 3557
f 3149 3574 3150
f 3575 3151 3150
f 3575 3150 3574
f 3576 3152 3151
f 3576 3151 3575
f 3558 3124 3152
f 3576 3558 3152
f 3577 3558 3576
f 3578 3153 3127
f 3558 3578 3127
f 3577 3578 3558
f 3578 3155 3153
f 3157 3579 3559
f 3157 3559 3130
f 3581 3560 3580
f 3560 3579 3580
f 3560 3559 3579
f 3582 3159 3160
f 3581 3561 3560
f 3133 3562 3160
f 3562 3582 3160
f 3562 3583 3582
f 3563 3585 3584
f 3583 3563 3584
f 3562 3563 3583
f 3585 3563 3564
f 3161 3566 3136
f 3566 3161 3163
f 3566 3163 3567
f 3567 3163 3165
f 3567 3165 3568
f 3568 3165 3138
f 3168 3569 3141
f 3569 3168 3170
f 3586 3569 3170
f 3571 3569 3586
f 3572 3571 3587
f 3587 3571 3586
f 3573 3172 3145
f 3588 3172 3573
f 3179 3589 3574
f 3179 3574 3149
f 3574 3590 3575
f 3574 3589 3590
f 3575 3591 3576
f 3575 3590 3591
f 3576 3592 3577
f 3576 3591 3592
f 3577 3593 3578
f 3577 3592 3593
f 3593 3184 3155
f 3593 3155 3578
f 3186 3594 3579
f 3186 3579 3157
f 3580 3579 3595
f 3595 3579 3594
f 3596 3188 3582
f 3582 3188 3159
f 3597 3582 3583
f 3596 3582 3597
f 3583 3584 3598
f 3583 3598 3597
f 3194 3599 3586
f 3194 3586 3170
f 3587 3586 3600
f 3600 3586 3599
f 3588 3196 3172
f 3601 3196 3588
f 3198 3602 3199
f 3602 3201 3199
f 3203 3603 3204
f 3604 3205 3204
f 3604 3204 3603
f 3589 3179 3205
f 3604 3589 3205
f 3605 3589 3604
f 3589 3606 3590
f 3589 3605 3606
f 3590 3607 3591
f 3590 3606 3607
f 3591 3608 3592
f 3591 3607 3608
f 3592 3609 3593
f 3592 3608 3609
f 3609 3211 3184
f 3609 3184 3593
f 3213 3610 3594
f 3213 3594 3186
f 3595 3594 3611
f 3611 3594 3610
f 3596 3215 3188
f 3215 3596 3217
f 3596 3612 3217
f 3596 3597 3612
f 3597 3598 3613
f 3597 3613 3612
f 3223 3614 3599
f 3223 3599 3194
f 3600 3599 3615
f 3615 3599 3614
f 3601 3225 3196
f 3616 3225 3601
f 3227 3617 3226
f 3602 3198 3226
f 3617 3602 3226
f 3618 3602 3617
f 3619 3229 3201
f 3602 3619 3201
f 3618 3619 3602
f 3620 3230 3229
f 3620 3229 3619
f 3603 3203 3230
f 3620 3603 3230
f 3621 3603 3620
f 3603 3622 3604
f 3603 3621 3622
f 3604 3623 3605
f 3604 3622 3623
f 3605 3624 3606
f 3605 3623 3624
f 3606 3625 3607
f 3606 3624 3625
f 3607 3626 3608
f 3607 3625 3626
f 3608 3627 3609
f 3608 3626 3627
f 3627 3236 3211
f 3627 3211 3609
f 3237 3610 3213
f 3629 3628 3239
f 3239 3628 3237
f 3628 3611 3237
f 3611 3610 3237
f 3629 3630 3628
f 3612 3241 3217
f 3632 3631 3242
f 3632 3242 3241
f 3613 3632 3241
f 3612 3613 3241
f 3633 3631 3632
f 3635 3634 3614
f 3223 3635 3614
f 3251 3635 3223
f 3636 3252 3253
f 3634 3615 3614
f 3637 3636 3253
f 3225 3637 3253
f 3616 3637 3225
f 3254 3638 3617
f 3254 3617 3227
f 3617 3639 3618
f 3617 3638 3639
f 3618 3640 3619
f 3618 3639 3640
f 3619 3641 3620
f 3619 3640 3641
f 3620 3642 3621
f 3620 3641 3642
f 3621 3643 3622
f 3621 3642 3643
f 3622 3644 3623
f 3622 3643 3644
f 3623 3645 3624
f 3623 3644 3645
f 3624 3646 3625
f 3624 3645 3646
f 3625 3647 3626
f 3625 3646 3647
f 3647 3260 3261
f 3627 3647 3261
f 3626 3647 3627
f 3627 3261 3236
f 3262 3629 3239
f 3649 3648 3263
f 3263 3648 3262
f 3648 3630 3262
f 3630 3629 3262
f 3651 3650 3649
f 3649 3650 3648
f 3631 3264 3242
f 3652 3650 3651
f 3633 3653 3631
f 3653 3264 3631
f 3653 3265 3264
f 3267 3265 3653
f 3267 3653 3654
f 3269 3655 3270
f 3656 3271 3270
f 3656 3270 3655
f 3657 3272 3271
f 3657 3271 3656
f 3658 3273 3272
f 3658 3272 3657
f 3659 3274 3273
f 3659 3273 3658
f 3659 3276 3274
f 3280 3660 3281
f 3660 3661 3281
f 3661 3251 3281
f 3661 3635 3251
f 3662 3283 3636
f 3636 3283 3252
f 3636 3637 3663
f 3636 3663 3662
f 3284 3664 3638
f 3284 3638 3254
f 3638 3665 3639
f 3638 3664 3665
f 3639 3666 3640
f 3639 3665 3666
f 3640 3667 3641
f 3640 3666 3667
f 3641 3668 3642
f 3641 3667 3668
f 3642 3669 3643
f 3642 3668 3669
f 3643 3670 3644
f 3643 3669 3670
f 3670 3289 3287
f 3645 3670 3287
f 3644 3670 3645
f 3645 3287 3290
f 3645 3290 3646
f 3646 3290 3292
f 3646 3292 3647
f 3647 3292 3260
f 3294 3649 3263
f 3649 3294 3295
f 3649 3295 3651
f 3671 3652 3651
f 3295 3671 3651
f 3296 3671 3295
f 3296 3298 3671
f 3671 3298 3672
f 3654 3673 3267
f 3267 3673 3299
f 3299 3674 3300
f 3673 3674 3299
f 3269 3300 3655
f 3300 3675 3655
f 3300 3674 3675
f 3655 3675 3656
f 3656 3675 3676
f 3656 3676 3657
f 3657 3676 3677
f 3679 3678 3677
f 3678 3657 3677
f 3678 3658 3657
f 3658 3680 3659
f 3658 3678 3680
f 3681 3303 3276
f 3659 3681 3276
f 3680 3681 3659
f 3682 3304 3303
f 3682 3303 3681
f 3683 3305 3304
f 3683 3304 3682
f 3683 3307 3305
f 3309 3684 3310
f 3684 3685 3310
f 3310 3685 3280
f 3685 3686 3280
f 3686 3660 3280
f 3687 3311 3312
f 3686 3661 3660
f 3688 3687 3312
f 3688 3312 3283
f 3689 3688 3283
f 3662 3689 3283
f 3689 3662 3663
f 3313 3690 3664
f 3313 3664 3284
f 3664 3691 3665
f 3664 3690 3691
f 3665 3692 3666
f 3665 3691 3692
f 3692 3316 3314
f 3667 3692 3314
f 3666 3692 3667
f 3667 3314 3317
f 3667 3317 3668
f 3668 3317 3319
f 3668 3319 3669
f 3669 3319 3321
f 3669 3321 3670
f 3670 3321 3289
f 3693 3672 3298
f 3693 3298 3323
f 3694 3323 3324
f 3694 3693 3323
f 3695 3324 3325
f 3695 3694 3324
f 3696 3325 3326
f 3696 3695 3325
f 3698 3696 3697
f 3696 3327 3697
f 3696 3326 3327
f 3328 3697 3327
f 3679 3699 3678
f 3678 3699 3680
f 3680 3699 3700
f 3680 3700 3681
f 3681 3700 3701
f 3681 3701 3682
f 3682 3701 3702
f 3682 3702 3683
f 3683 3702 3703
f 3703 3705 3704
f 3703 3704 3334
f 3683 3703 3334
f 3307 3683 3334
f 3704 3336 3334
f 3707 3706 3344
f 3707 3344 3343
f 3309 3344 3684
f 3344 3708 3684
f 3344 3706 3708
f 3684 3708 3685
f 3710 3709 3687
f 3709 3311 3687
f 3709 3346 3311
f 3710 3687 3688
f 3347 3690 3313
f 3690 3347 3349
f 3690 3349 3691
f 3691 3349 3351
f 3691 3351 3692
f 3692 3351 3316
f 3711 3698 3697
f 3711 3697 3328
f 3352 3711 3328
f 3712 3711 3352
f 3713 3352 3353
f 3713 3712 3352
f 3714 3353 3354
f 3714 3713 3353
f 3716 3714 3715
f 3714 3355 3715
f 3714 3354 3355
f 3356 3717 3355
f 3355 3717 3715
f 3358 3717 3356
f 3705 3718 3704
f 3704 3718 3336
f 3718 3360 3336
f 3718 3719 3360
f 3719 3721 3720
f 3361 3719 3720
f 3360 3719 3361
f 3722 3362 3361
f 3722 3361 3720
f 3723 3363 3362
f 3723 3362 3722
f 3723 3365 3363
f 3366 3724 3367
f 3725 3368 3367
f 3725 3367 3724
f 3368 3725 3726
f 3727 3368 3726
f 3369 3368 3727
f 3343 3369 3707
f 3707 3369 3727
f 3728 3371 3372
f 3728 3372 3729
f 3372 3730 3729
f 3372 3373 3730
f 3373 3346 3709
f 3373 3709 3730
f 3731 3716 3715
f 3731 3715 3717
f 3731 3717 3732
f 3732 3717 3358
f 3374 3732 3358
f 3733 3732 3374
f 3734 3374 3375
f 3734 3733 3374
f 3736 3734 3735
f 3734 3376 3735
f 3734 3375 3376
f 3721 3737 3720
f 3735 3376 3378
f 3720 3737 3722
f 3722 3737 3738
f 3722 3738 3723
f 3723 3738 3739
f 3723 3739 3365
f 3739 3380 3365
f 3739 3740 3380
f 3366 3380 3724
f 3380 3741 3724
f 3380 3740 3741
f 3724 3741 3725
f 3725 3741 3742
f 3743 3383 3384
f 3742 3726 3725
f 3385 3744 3384
f 3384 3744 3743
f 3745 3744 3385
f 3745 3385 3371
f 3746 3745 3371
f 3728 3746 3371
f 3746 3728 3729
f 3747 3736 3735
f 3747 3735 3378
f 3386 3747 3378
f 3748 3747 3386
f 3749 3386 3387
f 3749 3748 3386
f 3750 3387 3388
f 3750 3749 3387
f 3751 3388 3389
f 3751 3750 3388
f 3752 3389 3390
f 3752 3751 3389
f 3753 3390 3391
f 3753 3752 3390
f 3391 3383 3743
f 3754 3391 3743
f 3753 3391 3754
f 3754 3743 3744
f 3754 3744 3755
f 3755 3744 3745
f 3758 3757 3756
f 3760 3759 3756
f 3760 3756 3757
f 3761 3759 3760
f 3764 3763 3762
f 3762 3763 3758
f 3756 3762 3758
f 3765 3762 3756
f 3766 3756 3759
f 3765 3756 3766
f 3759 3761 3767
f 3768 3759 3767
f 3766 3759 3768
f 3769 3768 3767
f 3770 3764 3762
f 3772 3771 3770
f 3762 3772 3770
f 3765 3772 3762
f 3394 3772 3393
f 3772 3766 3393
f 3772 3765 3766
f 3393 3766 3395
f 3766 3773 3395
f 3766 3768 3773
f 3768 3769 3774
f 3768 3774 3773
f 3771 3772 3775
f 3771 3775 3776
f 3397 3775 3394
f 3394 3775 3772
f 3773 3398 3395
f 3778 3777 3400
f 3778 3400 3398
f 3774 3778 3398
f 3773 3774 3398
f 3780 3779 3777
f 3780 3777 3778
f 3782 3781 3779
f 3782 3779 3780
f 3783 3781 3782
f 3786 3785 3784
f 3784 3785 3776
f 3775 3784 3776
f 3787 3784 3775
f 3402 3787 3397
f 3397 3787 3775
f 3777 3404 3400
f 3404 3777 3407
f 3407 3777 3779
f 3407 3779 3409
f 3409 3779 3781
f 3789 3788 3410
f 3789 3410 3409
f 3783 3789 3409
f 3781 3783 3409
f 3790 3788 3789
f 3412 3791 3411
f 3792 3413 3411
f 3792 3411 3791
f 3792 3415 3413
f 3793 3786 3784
f 3795 3794 3793
f 3784 3795 3793
f 3787 3795 3784
f 3417 3796 3402
f 3796 3787 3402
f 3796 3795 3787
f 3418 3796 3417
f 3799 3798 3797
f 3801 3800 3797
f 3797 3800 3799
f 3801 3802 3800
f 3788 3423 3410
f 3790 3803 3788
f 3803 3423 3788
f 3803 3426 3423
f 3412 3426 3791
f 3426 3804 3791
f 3426 3803 3804
f 3791 3804 3792
f 3792 3804 3805
f 3805 3807 3806
f 3805 3806 3427
f 3792 3805 3427
f 3415 3792 3427
f 3806 3429 3427
f 3794 3795 3808
f 3794 3808 3809
f 3810 3795 3796
f 3808 3795 3810
f 3430 3810 3418
f 3418 3810 3796
f 3797 3798 3811
f 3811 3798 3812
f 3797 3813 3801
f 3797 3811 3813
f 3802 3801 3814
f 3801 3815 3814
f 3801 3813 3815
f 3815 3816 3814
f 3806 3807 3817
f 3817 3807 3818
f 3819 3432 3429
f 3806 3819 3429
f 3817 3819 3806
f 3819 3433 3432
f 3809 3808 3820
f 3809 3820 3821
f 3822 3808 3810
f 3820 3808 3822
f 3434 3822 3430
f 3430 3822 3810
f 3811 3812 3823
f 3823 3812 3824
f 3823 3436 3437
f 3813 3823 3437
f 3811 3823 3813
f 3813 3437 3438
f 3825 3813 3438
f 3815 3813 3825
f 3816 3815 3826
f 3815 3827 3826
f 3815 3825 3827
f 3829 3828 3827
f 3827 3828 3826
f 3829 3441 3828
f 3441 3439 3828
f 3831 3830 3828
f 3831 3828 3439
f 3442 3831 3439
f 3817 3818 3832
f 3832 3818 3833
f 3832 3444 3445
f 3819 3832 3445
f 3817 3832 3819
f 3819 3445 3433
f 3821 3820 3834
f 3821 3834 3835
f 3448 3834 3447
f 3834 3822 3447
f 3834 3820 3822
f 3447 3822 3434
f 3823 3824 3836
f 3836 3824 3837
f 3836 3451 3436
f 3836 3436 3823
f 3452 3825 3438
f 3825 3452 3454
f 3838 3825 3454
f 3827 3825 3838
f 3827 3839 3829
f 3827 3838 3839
f 3830 3831 3840
f 3455 3840 3831
f 3840 3455 3839
f 3441 3839 3455
f 3839 3441 3829
f 3455 3831 3442
f 3832 3833 3841
f 3841 3833 3842
f 3841 3456 3444
f 3841 3444 3832
f 3844 3843 3458
f 3844 3458 3459
f 3458 3845 3460
f 3843 3845 3458
f 3460 3846 3461
f 3845 3846 3460
f 3461 3847 3462
f 3846 3847 3461
f 3462 3848 3463
f 3847 3848 3462
f 3463 3849 3464
f 3848 3849 3463
f 3834 3465 3835
f 3465 3849 3835
f 3465 3464 3849
f 3465 3834 3448
f 3852 3851 3850
f 3852 3850 3837
f 3850 3836 3837
f 3850 3853 3836
f 3853 3468 3451
f 3853 3451 3836
f 3470 3854 3838
f 3470 3838 3454
f 3838 3855 3839
f 3838 3854 3855
f 3840 3839 3856
f 3856 3839 3855
f 3858 3857 3474
f 3474 3857 3473
f 3475 3841 3842
f 3858 3475 3842
f 3474 3475 3858
f 3841 3475 3456
f 3860 3859 3476
f 3860 3476 3477
f 3459 3476 3844
f 3844 3476 3859
f 3862 3861 3478
f 3478 3861 3480
f 3863 3478 3481
f 3863 3862 3478
f 3864 3481 3483
f 3864 3863 3481
f 3865 3483 3484
f 3865 3864 3483
f 3867 3866 3485
f 3866 3484 3485
f 3866 3865 3484
f 3869 3868 3867
f 3867 3868 3866
f 3871 3870 3869
f 3869 3870 3868
f 3870 3871 3851
f 3871 3850 3851
f 3871 3872 3850
f 3850 3873 3853
f 3850 3872 3873
f 3873 3486 3468
f 3873 3468 3853
f 3488 3874 3854
f 3488 3854 3470
f 3876 3855 3875
f 3855 3874 3875
f 3855 3854 3874
f 3877 3490 3491
f 3876 3856 3855
f 3878 3877 3491
f 3473 3878 3491
f 3857 3878 3473
f 3881 3880 3879
f 3883 3882 3879
f 3883 3879 3880
f 3493 3494 3882
f 3883 3493 3882
f 3884 3493 3883
f 3477 3493 3860
f 3860 3493 3884
f 3885 3496 3497
f 3886 3885 3497
f 3480 3886 3497
f 3861 3886 3480
f 3498 3867 3485
f 3867 3498 3499
f 3867 3499 3869
f 3869 3499 3500
f 3869 3500 3871
f 3871 3500 3501
f 3871 3501 3872
f 3872 3501 3502
f 3872 3502 3873
f 3873 3502 3486
f 3504 3887 3874
f 3504 3874 3488
f 3875 3874 3888
f 3874 3889 3888
f 3874 3887 3889
f 3877 3505 3490
f 3890 3888 3889
f 3878 3891 3877
f 3891 3505 3877
f 3891 3507 3505
f 3893 3892 3508
f 3507 3893 3508
f 3891 3893 3507
f 3894 3892 3893
f 3897 3896 3895
f 3895 3896 3881
f 3879 3895 3881
f 3898 3895 3879
f 3511 3898 3510
f 3898 3882 3510
f 3898 3879 3882
f 3510 3882 3494
f 3901 3900 3899
f 3903 3902 3900
f 3900 3902 3899
f 3904 3902 3885
f 3902 3512 3885
f 3512 3496 3885
f 3902 3903 3512
f 3904 3885 3886
f 3514 3887 3504
f 3887 3514 3515
f 3887 3515 3889
f 3906 3905 3517
f 3517 3905 3515
f 3905 3890 3515
f 3890 3889 3515
f 3906 3907 3905
f 3909 3908 3892
f 3908 3508 3892
f 3908 3519 3508
f 3909 3892 3894
f 3521 3910 3522
f 3911 3523 3522
f 3911 3522 3910
f 3523 3911 3912
f 3913 3523 3912
f 3524 3523 3913
f 3524 3914 3525
f 3913 3914 3524
f 3525 3915 3526
f 3914 3915 3525
f 3526 3916 3527
f 3915 3916 3526
f 3895 3528 3897
f 3528 3916 3897
f 3528 3527 3916
f 3528 3895 3529
f 3529 3895 3898
f 3529 3898 3511
f 3900 3901 3917
f 3917 3901 3918
f 3917 3531 3532
f 3903 3917 3532
f 3900 3917 3903
f 3903 3532 3512
f 3534 3919 3906
f 3534 3906 3517
f 3907 3906 3920
f 3920 3906 3919
f 3922 3536 3921
f 3536 3908 3921
f 3536 3519 3908
f 3923 3922 3921
f 3538 3924 3539
f 3910 3521 3539
f 3924 3910 3539
f 3925 3910 3924
f 3927 3911 3926
f 3911 3925 3926
f 3911 3910 3925
f 3911 3927 3912
f 3929 3928 3543
f 3543 3928 3542
f 3930 3543 3544
f 3930 3929 3543
f 3931 3544 3545
f 3931 3930 3544
f 3932 3545 3546
f 3932 3931 3545
f 3933 3546 3548
f 3933 3932 3546
f 3934 3548 3550
f 3934 3933 3548
f 3552 3917 3918
f 3934 3552 3918
f 3550 3552 3934
f 3917 3552 3531
f 3555 3935 3919
f 3555 3919 3534
f 3920 3919 3936
f 3936 3919 3935
f 3937 3557 3922
f 3922 3557 3536
f 3922 3923 3938
f 3922 3938 3937
f 3561 3939 3924
f 3561 3924 3538
f 3941 3925 3940
f 3925 3939 3940
f 3925 3924 3939
f 3925 3941 3926
f 3943 3942 3565
f 3565 3942 3564
f 3565 3542 3928
f 3565 3928 3943
f 3570 3935 3555
f 3570 3572 3935
f 3572 3936 3935
f 3572 3944 3936
f 3945 3573 3937
f 3937 3573 3557
f 3937 3938 3946
f 3937 3946 3945
f 3580 3947 3581
f 3939 3561 3581
f 3947 3939 3581
f 3948 3939 3947
f 3940 3939 3949
f 3949 3939 3948
f 3950 3584 3585
f 3951 3950 3585
f 3564 3951 3585
f 3942 3951 3564
f 3587 3944 3572
f 3587 3952 3944
f 3953 3588 3945
f 3945 3588 3573
f 3945 3946 3954
f 3945 3954 3953
f 3595 3955 3947
f 3595 3947 3580
f 3947 3956 3948
f 3947 3955 3956
f 3949 3948 3957
f 3957 3948 3956
f 3958 3598 3950
f 3950 3598 3584
f 3950 3951 3959
f 3950 3959 3958
f 3600 3952 3587
f 3600 3960 3952
f 3961 3601 3953
f 3953 3601 3588
f 3953 3954 3962
f 3953 3962 3961
f 3611 3963 3955
f 3611 3955 3595
f 3955 3964 3956
f 3955 3963 3964
f 3957 3956 3965
f 3965 3956 3964
f 3966 3613 3958
f 3958 3613 3598
f 3958 3959 3967
f 3958 3967 3966
f 3615 3960 3600
f 3615 3968 3960
f 3970 3969 3961
f 3969 3601 3961
f 3969 3616 3601
f 3970 3961 3962
f 3628 3963 3611
f 3963 3628 3630
f 3971 3963 3630
f 3964 3963 3971
f 3965 3964 3972
f 3964 3973 3972
f 3964 3971 3973
f 3966 3632 3613
f 3974 3972 3973
f 3633 3632 3966
f 3967 3633 3966
f 3975 3633 3967
f 3635 3976 3634
f 3976 3977 3634
f 3977 3615 3634
f 3977 3968 3615
f 3969 3637 3616
f 3978 3637 3969
f 3648 3971 3630
f 3971 3648 3650
f 3971 3650 3973
f 3650 3652 3973
f 3652 3974 3973
f 3652 3979 3974
f 3975 3980 3633
f 3633 3980 3653
f 3654 3653 3980
f 3654 3980 3981
f 3983 3982 3976
f 3635 3983 3976
f 3661 3983 3635
f 3976 3982 3977
f 3978 3663 3637
f 3984 3663 3978
f 3985 3979 3652
f 3985 3652 3671
f 3671 3672 3985
f 3985 3672 3986
f 3981 3987 3654
f 3654 3987 3673
f 3673 3988 3674
f 3987 3988 3673
f 3674 3989 3675
f 3988 3989 3674
f 3989 3991 3990
f 3676 3989 3990
f 3675 3989 3676
f 3992 3677 3676
f 3992 3676 3990
f 3992 3679 3677
f 3685 3993 3686
f 3993 3994 3686
f 3994 3661 3686
f 3994 3983 3661
f 3996 3995 3689
f 3689 3995 3688
f 3689 3663 3984
f 3689 3984 3996
f 3997 3986 3672
f 3997 3672 3693
f 3998 3693 3694
f 3998 3997 3693
f 4000 3998 3999
f 3998 3695 3999
f 3998 3694 3695
f 3696 4001 3695
f 3695 4001 3999
f 3991 4002 3990
f 4001 3696 3698
f 3990 4002 3992
f 3992 4002 4003
f 3992 4003 3679
f 4003 3699 3679
f 4003 4004 3699
f 3699 4005 3700
f 4004 4005 3699
f 3700 4006 3701
f 4005 4006 3700
f 3701 4007 3702
f 4006 4007 3701
f 3702 4008 3703
f 4007 4008 3702
f 3705 3703 4008
f 3705 4008 4009
f 3707 4010 3706
f 4011 3708 3706
f 4011 3706 4010
f 4011 4012 3708
f 3708 4012 3685
f 4012 4013 3685
f 4013 3993 3685
f 4014 3709 3710
f 4013 3994 3993
f 4015 4014 3710
f 3688 4015 3710
f 3995 4015 3688
f 4016 4000 3999
f 4016 3999 4001
f 4016 4001 4017
f 4017 4001 3698
f 3711 4017 3698
f 4018 4017 3711
f 4019 3711 3712
f 4019 4018 3711
f 4021 4019 4020
f 4019 3713 4020
f 4019 3712 3713
f 3714 4022 3713
f 3713 4022 4020
f 3716 4022 3714
f 4009 4023 3705
f 3705 4023 3718
f 4023 4025 4024
f 3719 4023 4024
f 3718 4023 3719
f 4024 3721 3719
f 3726 4026 3727
f 4026 4027 3727
f 3727 4027 3707
f 4027 4028 3707
f 4028 4010 3707
f 4010 4028 4011
f 4011 4028 4029
f 4030 3729 3730
f 4029 4012 4011
f 4031 4030 3730
f 4031 3730 3709
f 4032 4031 3709
f 4014 4032 3709
f 4032 4014 4015
f 4033 4021 4020
f 4033 4020 4022
f 4033 4022 4034
f 4034 4022 3716
f 3731 4034 3716
f 4035 4034 3731
f 4036 3731 3732
f 4036 4035 3731
f 4037 3732 3733
f 4037 4036 3732
f 4039 4037 4038
f 4037 3734 4038
f 4037 3733 3734
f 4025 4040 4024
f 4038 3734 3736
f 4024 4040 3721
f 4040 3737 3721
f 4040 4041 3737
f 3737 4042 3738
f 4041 4042 3737
f 3738 4043 3739
f 4042 4043 3738
f 3739 4044 3740
f 4043 4044 3739
f 3740 4045 3741
f 4044 4045 3740
f 3741 4046 3742
f 4045 4046 3741
f 3726 3742 4026
f 3742 4047 4026
f 3742 4046 4047
f 4026 4047 4027
f 4049 4048 3746
f 3746 4048 3745
f 3746 3729 4030
f 4050 3746 4030
f 4049 3746 4050
f 4050 4030 4031
f 4051 4039 4038
f 4051 4038 3736
f 3747 4051 3736
f 4052 4051 3747
f 4053 3747 3748
f 4053 4052 3747
f 4055 4053 4054
f 4053 3749 4054
f 4053 3748 3749
f 3750 4056 3749
f 3749 4056 4054
f 3751 4057 3750
f 3750 4057 4056
f 3752 4058 3751
f 3751 4058 4057
f 4058 3752 4059
f 3752 4060 4059
f 3752 3753 4060
f 4061 3753 3754
f 4061 4060 3753
f 4062 3754 3755
f 4062 4061 3754
f 3755 3745 4048
f 3755 4048 4062
f 4063 4055 4054
f 4063 4054 4056
f 4063 4056 4064
f 4064 4056 4057
f 4064 4057 4065
f 4065 4057 4058
f 4065 4058 4066
f 4066 4058 4059
f 4069 4068 4067
f 4070 4067 4068
f 4073 4072 4071
f 4071 4072 4069
f 4067 4071 4069
f 4074 4071 4067
f 4067 4070 4075
f 4067 4075 4074
f 4073 4071 3757
f 3758 4073 3757
f 4076 4073 3758
f 3757 4071 3760
f 3760 4071 4074
f 4078 4077 3761
f 4078 3761 3760
f 4075 4078 3760
f 4074 4075 3760
f 4079 4077 4078
f 4081 4080 3763
f 4081 3763 3764
f 3758 3763 4076
f 4076 3763 4080
f 4084 4083 4082
f 4077 3767 3761
f 4085 4084 4082
f 4087 4086 3769
f 4087 3769 3767
f 4079 4087 3767
f 4077 4079 3767
f 4088 4086 4087
f 3764 3770 4089
f 4090 3764 4089
f 4081 3764 4090
f 3771 4089 3770
f 4082 4083 4091
f 4091 4083 4092
f 4085 4082 4093
f 4093 4082 4091
f 4094 3774 4086
f 4086 3774 3769
f 4086 4088 4095
f 4086 4095 4094
f 4090 4089 4096
f 4090 4096 4097
f 3776 4096 3771
f 3771 4096 4089
f 4091 4092 4098
f 4098 4092 4099
f 4093 4091 4100
f 4100 4091 4098
f 4094 3778 3774
f 4095 4101 4094
f 4101 3778 4094
f 4101 3780 3778
f 4101 4103 4102
f 3782 4101 4102
f 3780 4101 3782
f 4102 3783 3782
f 4106 4105 4104
f 4104 4105 4097
f 4104 4097 4096
f 3786 4104 4096
f 3785 3786 4096
f 3785 4096 3776
f 4098 4099 4107
f 4107 4099 4108
f 4100 4098 4109
f 4098 4110 4109
f 4098 4107 4110
f 4112 4111 4110
f 4110 4111 4109
f 4112 4113 4111
f 4103 4114 4102
f 4102 4114 3783
f 4114 3789 3783
f 4114 4115 3789
f 3790 3789 4115
f 3790 4115 4116
f 4117 4106 4104
f 4119 4117 4118
f 4118 4117 3793
f 4117 4104 3793
f 4104 3786 3793
f 3794 4118 3793
f 4107 4108 4120
f 4120 4108 4121
f 4107 4122 4110
f 4107 4120 4122
f 4122 3798 3799
f 4112 4122 3799
f 4110 4122 4112
f 4123 4113 4112
f 3799 4123 4112
f 3800 4123 3799
f 4125 4124 3802
f 4124 3800 3802
f 4124 4123 3800
f 4125 4126 4124
f 4116 4127 3790
f 3790 4127 3803
f 4127 4129 4128
f 3804 4127 4128
f 3803 4127 3804
f 4130 3805 3804
f 4130 3804 4128
f 4130 3807 3805
f 4119 4118 4131
f 4119 4131 4132
f 3809 4131 3794
f 3794 4131 4118
f 4120 4121 4133
f 4133 4121 4134
f 4120 4135 4122
f 4120 4133 4135
f 4135 3812 3798
f 4135 3798 4122
f 3814 4125 3802
f 4137 4136 3816
f 3816 4136 3814
f 4136 4126 3814
f 4126 4125 3814
f 4137 4138 4136
f 4129 4139 4128
f 4141 4140 4139
f 4140 4128 4139
f 4140 4130 4128
f 4140 3818 3807
f 4140 3807 4130
f 4132 4131 4142
f 4132 4142 4143
f 3821 4142 3809
f 3809 4142 4131
f 4133 4134 4144
f 4144 4134 4145
f 4133 4146 4135
f 4133 4144 4146
f 4146 3824 3812
f 4146 3812 4135
f 3826 4137 3816
f 4147 4138 4137
f 3826 4147 4137
f 3828 4147 3826
f 3828 3830 4147
f 4147 3830 4148
f 4140 4141 4149
f 4149 4141 4150
f 4149 3833 3818
f 4149 3818 4140
f 4143 4142 4151
f 4143 4151 4152
f 3835 4151 3821
f 3821 4151 4142
f 4144 4145 4153
f 4153 4145 4154
f 4144 4155 4146
f 4144 4153 4155
f 4155 3837 3824
f 4155 3824 4146
f 3840 4148 3830
f 3840 4156 4148
f 4149 4150 4157
f 4157 4150 4158
f 4157 3842 3833
f 4157 3833 4149
f 4160 4159 3843
f 4160 3843 3844
f 3843 4161 3845
f 4159 4161 3843
f 3845 4162 3846
f 4161 4162 3845
f 3846 4163 3847
f 4162 4163 3846
f 3847 4164 3848
f 4163 4164 3847
f 4151 3849 4152
f 3849 4164 4152
f 3849 3848 4164
f 3849 4151 3835
f 4153 4154 4165
f 4165 4154 4166
f 4165 3851 3852
f 4155 4165 3852
f 4153 4165 4155
f 4155 3852 3837
f 3856 4156 3840
f 3856 4167 4156
f 4157 4158 3858
f 4158 3857 3858
f 4158 4168 3857
f 4157 3858 3842
f 4171 4170 4169
f 3859 3860 4169
f 4170 3859 4169
f 4172 3859 4170
f 3844 3859 4160
f 4160 3859 4172
f 4173 3861 3862
f 4173 3862 4174
f 3862 4175 4174
f 3862 3863 4175
f 4176 3863 3864
f 4176 4175 3863
f 4177 3864 3865
f 4177 4176 3864
f 4178 3865 3866
f 4178 4177 3865
f 4179 3866 3868
f 4179 4178 3866
f 3870 4165 4166
f 4179 3870 4166
f 3868 3870 4179
f 4165 3870 3851
f 3875 4180 3876
f 4180 4181 3876
f 4181 3856 3876
f 4181 4167 3856
f 4183 3878 4182
f 3878 4168 4182
f 3878 3857 4168
f 4184 4183 4182
f 4187 4186 4185
f 3880 3881 4185
f 4186 3880 4185
f 4188 3880 4186
f 3880 4189 3883
f 4188 4189 3880
f 4169 3884 4171
f 3884 4189 4171
f 3884 3883 4189
f 3884 4169 3860
f 4192 4191 4190
f 4193 4192 4173
f 4192 3886 4173
f 3886 3861 4173
f 4192 4190 3886
f 4193 4173 4174
f 3888 4180 3875
f 3888 3890 4180
f 3890 4181 4180
f 3890 4194 4181
f 4183 3891 3878
f 4184 4195 4183
f 4195 3891 4183
f 4195 3893 3891
f 3894 3893 4195
f 3894 4195 4196
f 4199 4198 4197
f 4201 4200 4197
f 4201 4197 4198
f 4200 4201 4187
f 4200 4187 4185
f 3897 4200 4185
f 3896 3897 4185
f 3896 4185 3881
f 4204 4203 4202
f 3901 3899 4202
f 3899 4204 4202
f 3899 4205 4204
f 4206 3899 3902
f 4206 4205 3899
f 3904 4190 4191
f 4206 3904 4191
f 3902 3904 4206
f 4190 3904 3886
f 4207 4194 3890
f 4207 3890 3905
f 3905 3907 4207
f 4207 3907 4208
f 4209 3908 3909
f 4210 4209 3909
f 3894 4210 3909
f 4196 4210 3894
f 3912 4211 3913
f 3913 4211 4212
f 4213 3913 4212
f 3914 3913 4213
f 4197 3915 4199
f 3915 4213 4199
f 3915 3914 4213
f 3915 4197 3916
f 3916 4197 4200
f 3916 4200 3897
f 4216 4215 4214
f 4218 4217 4215
f 4215 4217 4214
f 4217 4218 4203
f 4218 4202 4203
f 4218 4219 4202
f 4219 3918 3901
f 4219 3901 4202
f 3920 4208 3907
f 3920 4220 4208
f 4209 3921 3908
f 3923 3921 4209
f 4210 3923 4209
f 4221 3923 4210
f 3926 4222 3927
f 4222 4223 3927
f 3927 4223 3912
f 4223 4224 3912
f 4224 4211 3912
f 4225 3928 3929
f 4224 4212 4211
f 4225 3929 4226
f 3929 4227 4226
f 3929 3930 4227
f 4228 3930 3931
f 4228 4227 3930
f 3932 4215 4216
f 4228 3932 4216
f 3931 3932 4228
f 4215 3932 3933
f 4215 3933 4218
f 4218 3933 3934
f 4218 3934 4219
f 4219 3934 3918
f 3936 4230 4229
f 4220 3936 4229
f 3920 3936 4220
f 4230 4231 4229
f 4221 3938 3923
f 4232 3938 4221
f 3940 4233 3941
f 4233 4234 3941
f 3941 4234 3926
f 4234 4235 3926
f 4235 4222 3926
f 4236 3942 3943
f 4235 4223 4222
f 4237 4236 3943
f 4237 3943 3928
f 4238 4237 3928
f 4225 4238 3928
f 4238 4225 4226
f 3944 4239 4230
f 3944 4230 3936
f 4231 4230 4240
f 4240 4230 4239
f 4232 3946 3938
f 4241 3946 4232
f 3949 4242 4233
f 3949 4233 3940
f 4234 4233 4243
f 4243 4233 4242
f 4245 4244 4236
f 4244 3942 4236
f 4244 3951 3942
f 4245 4236 4237
f 3952 4246 4239
f 3952 4239 3944
f 4240 4239 4247
f 4247 4239 4246
f 4241 3954 3946
f 4248 3954 4241
f 3957 4249 4242
f 3957 4242 3949
f 4243 4242 4250
f 4250 4242 4249
f 4244 3959 3951
f 4251 3959 4244
f 3960 4252 4246
f 3960 4246 3952
f 4247 4246 4253
f 4253 4246 4252
f 4248 3962 3954
f 4254 3962 4248
f 3965 4255 4249
f 3965 4249 3957
f 4250 4249 4256
f 4256 4249 4255
f 4251 3967 3959
f 4257 3967 4251
f 4259 4258 4252
f 3960 4259 4252
f 3968 4259 3960
f 4260 3969 3970
f 4258 4253 4252
f 4261 4260 3970
f 3962 4261 3970
f 4254 4261 3962
f 3972 4255 3965
f 3972 3974 4255
f 3974 4256 4255
f 3974 4262 4256
f 4264 3975 4263
f 3975 4257 4263
f 3975 3967 4257
f 4265 4264 4263
f 3977 4259 3968
f 3977 4266 4259
f 4267 3978 4260
f 4260 3978 3969
f 4260 4261 4268
f 4260 4268 4267
f 3979 4262 3974
f 3979 4269 4262
f 4264 3980 3975
f 3981 3980 4264
f 4265 3981 4264
f 4270 3981 4265
f 3983 4271 3982
f 4271 4272 3982
f 4272 3977 3982
f 4272 4266 3977
f 4274 4273 4267
f 4273 3978 4267
f 4273 3984 3978
f 4274 4267 4268
f 3979 3985 4275
f 4276 3979 4275
f 4269 3979 4276
f 3986 4275 3985
f 4270 4277 3981
f 3981 4277 3987
f 3987 4278 3988
f 4277 4278 3987
f 4278 4280 4279
f 3989 4278 4279
f 3988 4278 3989
f 4279 3991 3989
f 4282 4281 4271
f 3983 4282 4271
f 3994 4282 3983
f 4283 3995 3996
f 4281 4272 4271
f 4284 4283 3996
f 3984 4284 3996
f 4273 4284 3984
f 4287 4286 4285
f 4285 4286 4276
f 4275 4285 4276
f 4288 4285 4275
f 3997 4289 3986
f 4289 4275 3986
f 4289 4288 4275
f 3998 4290 3997
f 3997 4290 4289
f 4000 4290 3998
f 4280 4291 4279
f 4279 4291 3991
f 4291 4002 3991
f 4291 4292 4002
f 4002 4293 4003
f 4292 4293 4002
f 4003 4294 4004
f 4293 4294 4003
f 4004 4295 4005
f 4294 4295 4004
f 4295 4297 4296
f 4006 4295 4296
f 4005 4295 4006
f 4298 4007 4006
f 4298 4006 4296
f 4299 4008 4007
f 4299 4007 4298
f 4299 4009 4008
f 4301 4300 4013
f 4301 4013 4012
f 3994 4013 4282
f 4282 4013 4300
f 4303 4302 4283
f 4302 3995 4283
f 4302 4015 3995
f 4303 4283 4284
f 4306 4305 4304
f 4304 4305 4287
f 4285 4304 4287
f 4307 4304 4285
f 4308 4285 4288
f 4307 4285 4308
f 4309 4288 4289
f 4308 4288 4309
f 4290 4311 4310
f 4309 4290 4310
f 4289 4290 4309
f 4311 4290 4000
f 4016 4311 4000
f 4312 4311 4016
f 4313 4016 4017
f 4313 4312 4016
f 4314 4017 4018
f 4314 4313 4017
f 4315 4018 4019
f 4315 4314 4018
f 4019 4021 4315
f 4315 4021 4316
f 4297 4317 4296
f 4296 4317 4298
f 4298 4317 4318
f 4298 4318 4299
f 4299 4318 4319
f 4299 4319 4009
f 4319 4023 4009
f 4319 4320 4023
f 4322 4321 4025
f 4023 4322 4025
f 4320 4322 4023
f 4323 4321 4322
f 4027 4324 4028
f 4028 4324 4325
f 4326 4028 4325
f 4029 4028 4326
f 4012 4029 4301
f 4301 4029 4326
f 4328 4327 4032
f 4032 4327 4031
f 4032 4015 4302
f 4032 4302 4328
f 4306 4304 4329
f 4306 4329 4330
f 4331 4304 4307
f 4329 4304 4331
f 4332 4307 4308
f 4331 4307 4332
f 4309 4334 4333
f 4332 4309 4333
f 4308 4309 4332
f 4334 4309 4310
f 4335 4316 4021
f 4335 4021 4033
f 4336 4033 4034
f 4336 4335 4033
f 4337 4034 4035
f 4337 4336 4034
f 4338 4035 4036
f 4338 4337 4035
f 4339 4036 4037
f 4339 4338 4036
f 4037 4039 4339
f 4339 4039 4340
f 4321 4040 4025
f 4323 4341 4321
f 4341 4040 4321
f 4341 4041 4040
f 4041 4342 4042
f 4341 4342 4041
f 4342 4344 4343
f 4043 4342 4343
f 4042 4342 4043
f 4345 4044 4043
f 4345 4043 4343
f 4346 4045 4044
f 4346 4044 4345
f 4045 4346 4347
f 4348 4045 4347
f 4046 4045 4348
f 4046 4349 4047
f 4348 4349 4046
f 4027 4047 4324
f 4047 4350 4324
f 4047 4349 4350
f 4351 4048 4049
f 4350 4325 4324
f 4351 4049 4352
f 4049 4353 4352
f 4049 4050 4353
f 4050 4031 4327
f 4050 4327 4353
f 4330 4329 4354
f 4330 4354 4355
f 4356 4329 4331
f 4354 4329 4356
f 4332 4358 4357
f 4356 4332 4357
f 4331 4332 4356
f 4358 4332 4333
f 4359 4340 4039
f 4359 4039 4051
f 4360 4051 4052
f 4360 4359 4051
f 4362 4360 4361
f 4360 4053 4361
f 4360 4052 4053
f 4055 4361 4053
f 4344 4363 4343
f 4343 4363 4345
f 4345 4363 4364
f 4345 4364 4346
f 4346 4364 4365
f 4366 4059 4060
f 4365 4347 4346
f 4366 4060 4367
f 4060 4368 4367
f 4060 4061 4368
f 4369 4061 4062
f 4369 4368 4061
f 4062 4048 4351
f 4370 4062 4351
f 4369 4062 4370
f 4370 4351 4352
f 4355 4354 4371
f 4355 4371 4372
f 4356 4374 4373
f 4371 4356 4373
f 4354 4356 4371
f 4374 4356 4357
f 4375 4362 4361
f 4375 4361 4055
f 4063 4375 4055
f 4376 4375 4063
f 4377 4063 4064
f 4377 4376 4063
f 4378 4064 4065
f 4378 4377 4064
f 4379 4065 4066
f 4379 4378 4065
f 4066 4059 4366
f 4380 4066 4366
f 4379 4066 4380
f 4380 4366 4367
f 4381 4372 4371
f 4381 4371 4373
f 4383 4382 4068
f 4383 4068 4069
f 4070 4068 4382
f 4070 4382 4384
f 4386 4385 4072
f 4386 4072 4073
f 4069 4072 4383
f 4383 4072 4385
f 4388 4075 4387
f 4075 4384 4387
f 4075 4070 4384
f 4389 4388 4387
f 4392 4391 4390
f 4391 4386 4390
f 4386 4076 4390
f 4386 4073 4076
f 4395 4394 4393
f 4388 4078 4075
f 4396 4395 4393
f 4079 4078 4388
f 4389 4079 4388
f 4397 4079 4389
f 4392 4390 4080
f 4081 4392 4080
f 4398 4392 4081
f 4080 4390 4076
f 4393 4394 4084
f 4394 4083 4084
f 4394 4399 4083
f 4084 4085 4393
f 4085 4396 4393
f 4085 4400 4396
f 4397 4401 4079
f 4079 4401 4087
f 4088 4087 4401
f 4088 4401 4402
f 4090 4398 4081
f 4090 4403 4398
f 4406 4405 4404
f 4399 4406 4404
f 4092 4399 4404
f 4083 4399 4092
f 4093 4408 4407
f 4400 4093 4407
f 4085 4093 4400
f 4408 4409 4407
f 4402 4095 4088
f 4410 4095 4402
f 4413 4412 4411
f 4412 4403 4411
f 4403 4097 4411
f 4403 4090 4097
f 4404 4405 4414
f 4414 4405 4415
f 4414 4099 4092
f 4414 4092 4404
f 4100 4416 4408
f 4100 4408 4093
f 4409 4408 4417
f 4417 4408 4416
f 4410 4418 4095
f 4095 4418 4101
f 4103 4101 4418
f 4103 4418 4419
f 4413 4411 4105
f 4106 4413 4105
f 4420 4413 4106
f 4105 4411 4097
f 4414 4415 4421
f 4421 4415 4422
f 4421 4108 4099
f 4421 4099 4414
f 4109 4416 4100
f 4423 4417 4416
f 4109 4423 4416
f 4111 4423 4109
f 4111 4113 4423
f 4423 4113 4424
f 4419 4425 4103
f 4103 4425 4114
f 4114 4426 4115
f 4425 4426 4114
f 4116 4115 4426
f 4116 4426 4427
f 4428 4420 4106
f 4428 4106 4117
f 4117 4119 4428
f 4428 4119 4429
f 4421 4422 4430
f 4430 4422 4431
f 4430 4121 4108
f 4430 4108 4421
f 4432 4424 4113
f 4432 4113 4123
f 4433 4123 4124
f 4433 4432 4123
f 4124 4126 4433
f 4433 4126 4434
f 4427 4435 4116
f 4116 4435 4127
f 4129 4127 4435
f 4129 4435 4436
f 4132 4429 4119
f 4132 4437 4429
f 4430 4431 4438
f 4438 4431 4439
f 4438 4134 4121
f 4438 4121 4430
f 4440 4434 4126
f 4440 4126 4136
f 4136 4138 4440
f 4440 4138 4441
f 4436 4442 4129
f 4129 4442 4139
f 4141 4139 4442
f 4141 4442 4443
f 4143 4437 4132
f 4143 4444 4437
f 4438 4439 4445
f 4445 4439 4446
f 4445 4145 4134
f 4445 4134 4438
f 4447 4441 4138
f 4447 4138 4147
f 4147 4148 4447
f 4447 4148 4448
f 4443 4150 4141
f 4449 4150 4443
f 4152 4444 4143
f 4152 4450 4444
f 4445 4446 4451
f 4451 4446 4452
f 4451 4154 4145
f 4451 4145 4445
f 4156 4448 4148
f 4156 4453 4448
f 4455 4158 4454
f 4158 4449 4454
f 4158 4150 4449
f 4456 4455 4454
f 4160 4457 4159
f 4159 4457 4458
f 4459 4159 4458
f 4161 4159 4459
f 4161 4460 4162
f 4459 4460 4161
f 4162 4461 4163
f 4460 4461 4162
f 4163 4462 4164
f 4461 4462 4163
f 4152 4164 4450
f 4450 4164 4462
f 4451 4452 4463
f 4463 4452 4464
f 4463 4166 4154
f 4463 4154 4451
f 4167 4466 4465
f 4453 4167 4465
f 4156 4167 4453
f 4158 4466 4168
f 4466 4158 4465
f 4455 4465 4158
f 4465 4455 4467
f 4468 4467 4455
f 4455 4456 4469
f 4455 4469 4468
f 4471 4470 4170
f 4471 4170 4171
f 4170 4472 4172
f 4470 4472 4170
f 4160 4172 4457
f 4172 4473 4457
f 4172 4472 4473
f 4457 4473 4458
f 4475 4474 4175
f 4175 4474 4174
f 4477 4475 4476
f 4475 4176 4476
f 4475 4175 4176
f 4476 4176 4478
f 4176 4479 4478
f 4176 4177 4479
f 4480 4177 4178
f 4480 4479 4177
f 4179 4463 4464
f 4480 4179 4464
f 4178 4179 4480
f 4463 4179 4166
f 4181 4481 4466
f 4181 4466 4167
f 4467 4468 4482
f 4182 4482 4468
f 4482 4182 4481
f 4168 4481 4182
f 4481 4168 4466
f 4484 4483 4184
f 4484 4184 4182
f 4469 4484 4182
f 4468 4469 4182
f 4485 4483 4484
f 4487 4486 4186
f 4487 4186 4187
f 4186 4488 4188
f 4486 4488 4186
f 4188 4489 4189
f 4488 4489 4188
f 4171 4189 4471
f 4471 4189 4489
f 4492 4491 4490
f 4191 4192 4490
f 4192 4492 4490
f 4192 4493 4492
f 4494 4192 4193
f 4494 4493 4192
f 4193 4174 4474
f 4193 4474 4494
f 4495 4477 4476
f 4495 4476 4478
f 4194 4496 4481
f 4194 4481 4181
f 4482 4481 4497
f 4497 4481 4496
f 4483 4195 4184
f 4196 4195 4483
f 4485 4196 4483
f 4498 4196 4485
f 4501 4500 4499
f 4198 4199 4499
f 4500 4198 4499
f 4502 4198 4500
f 4198 4503 4201
f 4502 4503 4198
f 4187 4201 4487
f 4487 4201 4503
f 4506 4505 4504
f 4203 4204 4504
f 4204 4506 4504
f 4204 4507 4506
f 4508 4204 4205
f 4508 4507 4204
f 4206 4490 4491
f 4508 4206 4491
f 4205 4206 4508
f 4490 4206 4191
f 4207 4496 4194
f 4510 4509 4208
f 4208 4509 4207
f 4509 4497 4207
f 4497 4496 4207
f 4510 4511 4509
f 4498 4210 4196
f 4512 4210 4498
f 4515 4514 4513
f 4513 4514 4501
f 4513 4501 4499
f 4212 4513 4499
f 4213 4212 4499
f 4213 4499 4199
f 4518 4517 4516
f 4520 4519 4517
f 4517 4519 4516
f 4216 4214 4520
f 4214 4519 4520
f 4214 4521 4519
f 4217 4504 4505
f 4521 4217 4505
f 4214 4217 4521
f 4504 4217 4203
f 4220 4522 4510
f 4220 4510 4208
f 4511 4510 4523
f 4523 4510 4522
f 4512 4221 4210
f 4524 4221 4512
f 4515 4513 4224
f 4223 4515 4224
f 4525 4515 4223
f 4224 4513 4212
f 4528 4527 4526
f 4526 4527 4518
f 4518 4527 4517
f 4527 4226 4517
f 4226 4227 4517
f 4517 4227 4228
f 4517 4228 4520
f 4520 4228 4216
f 4229 4522 4220
f 4229 4231 4522
f 4231 4523 4522
f 4231 4529 4523
f 4524 4232 4221
f 4530 4232 4524
f 4532 4531 4235
f 4532 4235 4234
f 4223 4235 4525
f 4525 4235 4531
f 4527 4528 4238
f 4528 4237 4238
f 4528 4533 4237
f 4527 4238 4226
f 4240 4529 4231
f 4240 4534 4529
f 4530 4241 4232
f 4535 4241 4530
f 4243 4532 4234
f 4243 4536 4532
f 4537 4244 4245
f 4538 4537 4245
f 4237 4538 4245
f 4533 4538 4237
f 4247 4534 4240
f 4247 4539 4534
f 4535 4248 4241
f 4540 4248 4535
f 4250 4536 4243
f 4250 4541 4536
f 4542 4251 4537
f 4537 4251 4244
f 4537 4538 4543
f 4537 4543 4542
f 4253 4539 4247
f 4253 4544 4539
f 4540 4254 4248
f 4545 4254 4540
f 4256 4541 4250
f 4256 4546 4541
f 4547 4257 4542
f 4542 4257 4251
f 4542 4543 4548
f 4542 4548 4547
f 4259 4549 4258
f 4549 4550 4258
f 4550 4253 4258
f 4550 4544 4253
f 4545 4261 4254
f 4551 4261 4545
f 4262 4553 4552
f 4546 4262 4552
f 4256 4262 4546
f 4547 4263 4257
f 4554 4552 4553
f 4265 4263 4547
f 4548 4265 4547
f 4555 4265 4548
f 4557 4556 4549
f 4259 4557 4549
f 4266 4557 4259
f 4549 4556 4550
f 4551 4268 4261
f 4558 4268 4551
f 4560 4559 4553
f 4262 4560 4553
f 4269 4560 4262
f 4553 4559 4554
f 4555 4270 4265
f 4561 4270 4555
f 4272 4557 4266
f 4272 4562 4557
f 4564 4563 4274
f 4274 4563 4273
f 4274 4268 4558
f 4274 4558 4564
f 4276 4560 4269
f 4276 4565 4560
f 4568 4567 4566
f 4566 4569 4277
f 4561 4566 4277
f 4270 4561 4277
f 4566 4561 4568
f 4570 4278 4277
f 4570 4277 4569
f 4570 4280 4278
f 4572 4571 4281
f 4572 4281 4282
f 4272 4281 4562
f 4562 4281 4571
f 4563 4284 4273
f 4573 4284 4563
f 4576 4575 4574
f 4286 4287 4574
f 4575 4286 4574
f 4577 4286 4575
f 4276 4286 4565
f 4565 4286 4577
f 4566 4567 4578
f 4578 4567 4579
f 4581 4569 4580
f 4569 4578 4580
f 4569 4566 4578
f 4569 4581 4570
f 4570 4581 4582
f 4570 4582 4280
f 4582 4291 4280
f 4582 4583 4291
f 4291 4584 4292
f 4583 4584 4291
f 4292 4585 4293
f 4584 4585 4292
f 4293 4586 4294
f 4585 4586 4293
f 4294 4587 4295
f 4586 4587 4294
f 4297 4295 4587
f 4297 4587 4588
f 4590 4589 4300
f 4590 4300 4301
f 4282 4300 4572
f 4572 4300 4589
f 4592 4591 4303
f 4303 4591 4302
f 4303 4284 4573
f 4303 4573 4592
f 4576 4574 4305
f 4306 4576 4305
f 4593 4576 4306
f 4305 4574 4287
f 4596 4595 4594
f 4598 4597 4594
f 4597 4578 4594
f 4579 4596 4594
f 4579 4594 4578
f 4599 4310 4311
f 4597 4580 4578
f 4599 4311 4600
f 4311 4601 4600
f 4311 4312 4601
f 4602 4312 4313
f 4602 4601 4312
f 4603 4313 4314
f 4603 4602 4313
f 4604 4314 4315
f 4604 4603 4314
f 4315 4316 4604
f 4604 4316 4605
f 4588 4606 4297
f 4297 4606 4317
f 4317 4607 4318
f 4606 4607 4317
f 4318 4608 4319
f 4607 4608 4318
f 4319 4609 4320
f 4608 4609 4319
f 4320 4610 4322
f 4609 4610 4320
f 4323 4322 4610
f 4323 4610 4611
f 4613 4612 4326
f 4613 4326 4325
f 4301 4326 4590
f 4590 4326 4612
f 4615 4614 4328
f 4328 4614 4327
f 4328 4302 4591
f 4328 4591 4615
f 4618 4617 4616
f 4617 4593 4616
f 4593 4330 4616
f 4593 4306 4330
f 4621 4620 4619
f 4623 4622 4619
f 4622 4594 4619
f 4595 4621 4619
f 4595 4619 4594
f 4624 4333 4334
f 4622 4598 4594
f 4625 4624 4334
f 4625 4334 4310
f 4626 4625 4310
f 4599 4626 4310
f 4626 4599 4600
f 4627 4605 4316
f 4627 4316 4335
f 4628 4335 4336
f 4628 4627 4335
f 4629 4336 4337
f 4629 4628 4336
f 4630 4337 4338
f 4630 4629 4337
f 4631 4338 4339
f 4631 4630 4338
f 4633 4632 4340
f 4632 4339 4340
f 4632 4631 4339
f 4633 4634 4632
f 4611 4635 4323
f 4323 4635 4341
f 4341 4636 4342
f 4635 4636 4341
f 4344 4342 4636
f 4344 4636 4637
f 4639 4638 4348
f 4639 4348 4347
f 4348 4640 4349
f 4638 4640 4348
f 4349 4641 4350
f 4640 4641 4349
f 4325 4350 4613
f 4613 4350 4641
f 4643 4642 4353
f 4353 4642 4352
f 4353 4327 4614
f 4353 4614 4643
f 4618 4616 4644
f 4618 4644 4645
f 4355 4644 4330
f 4330 4644 4616
f 4620 4646 4619
f 4647 4357 4358
f 4646 4623 4619
f 4648 4647 4358
f 4648 4358 4333
f 4649 4648 4333
f 4624 4649 4333
f 4649 4624 4625
f 4359 4633 4340
f 4650 4634 4633
f 4359 4650 4633
f 4360 4650 4359
f 4360 4362 4650
f 4650 4362 4651
f 4637 4652 4344
f 4344 4652 4363
f 4363 4653 4364
f 4652 4653 4363
f 4364 4654 4365
f 4653 4654 4364
f 4347 4365 4639
f 4639 4365 4654
f 4656 4655 4368
f 4368 4655 4367
f 4657 4368 4369
f 4657 4656 4368
f 4658 4369 4370
f 4658 4657 4369
f 4370 4352 4642
f 4370 4642 4658
f 4645 4644 4659
f 4645 4659 4660
f 4372 4659 4355
f 4355 4659 4644
f 4661 4373 4374
f 4357 4647 4374
f 4647 4661 4374
f 4647 4662 4661
f 4647 4648 4663
f 4647 4663 4662
f 4664 4651 4362
f 4664 4362 4375
f 4665 4375 4376
f 4665 4664 4375
f 4666 4376 4377
f 4666 4665 4376
f 4667 4377 4378
f 4667 4666 4377
f 4668 4378 4379
f 4668 4667 4378
f 4669 4379 4380
f 4669 4668 4379
f 4380 4367 4655
f 4380 4655 4669
f 4660 4659 4670
f 4660 4670 4671
f 4381 4672 4372
f 4672 4659 4372
f 4672 4670 4659
f 4373 4661 4381
f 4661 4672 4381
f 4661 4673 4672
f 4662 4675 4674
f 4673 4662 4674
f 4661 4662 4673
f 4675 4662 4663
f 4671 4670 4676
f 4671 4676 4677
f 4678 4670 4672
f 4676 4670 4678
f 4679 4672 4673
f 4678 4672 4679
f 4673 4674 4680
f 4673 4680 4679
f 4677 4676 4681
f 4677 4681 4682
f 4683 4676 4678
f 4681 4676 4683
f 4679 4685 4684
f 4683 4679 4684
f 4678 4679 4683
f 4685 4679 4680
f 4686 4682 4681
f 4686 4681 4683
f 4686 4683 4687
f 4687 4683 4684
f 4689 4688 4382
f 4689 4382 4383
f 4384 4382 4688
f 4384 4688 4690
f 4692 4691 4385
f 4692 4385 4386
f 4383 4385 4689
f 4689 4385 4691
f 4387 4384 4693
f 4384 4694 4693
f 4384 4690 4694
f 4693 4389 4387
f 4392 4695 4391
f 4695 4696 4391
f 4696 4386 4391
f 4696 4692 4386
f 4697 4394 4395
f 4694 4698 4693
f 4697 4395 4396
f 4389 4693 4698
f 4699 4389 4698
f 4397 4389 4699
f 4701 4700 4695
f 4392 4701 4695
f 4398 4701 4392
f 4695 4700 4696
f 4703 4702 4697
f 4702 4394 4697
f 4702 4399 4394
f 4697 4396 4703
f 4396 4704 4703
f 4396 4400 4704
f 4401 4397 4705
f 4397 4706 4705
f 4397 4699 4706
f 4705 4402 4401
f 4403 4701 4398
f 4403 4707 4701
f 4708 4405 4406
f 4709 4708 4406
f 4399 4709 4406
f 4702 4709 4399
f 4400 4407 4710
f 4711 4400 4710
f 4704 4400 4711
f 4706 4712 4705
f 4710 4407 4409
f 4402 4705 4712
f 4713 4402 4712
f 4410 4402 4713
f 4715 4714 4412
f 4715 4412 4413
f 4403 4412 4707
f 4707 4412 4714
f 4716 4415 4708
f 4708 4415 4405
f 4708 4709 4717
f 4708 4717 4716
f 4711 4710 4718
f 4711 4718 4719
f 4417 4718 4409
f 4409 4718 4710
f 4713 4720 4410
f 4410 4720 4418
f 4722 4721 4419
f 4418 4722 4419
f 4720 4722 4418
f 4723 4721 4722
f 4420 4715 4413
f 4420 4724 4715
f 4725 4422 4716
f 4716 4422 4415
f 4716 4717 4726
f 4716 4726 4725
f 4727 4719 4718
f 4727 4718 4417
f 4423 4727 4417
f 4728 4727 4423
f 4730 4729 4424
f 4729 4423 4424
f 4729 4728 4423
f 4721 4425 4419
f 4731 4729 4730
f 4723 4732 4721
f 4732 4425 4721
f 4732 4426 4425
f 4427 4426 4732
f 4427 4732 4733
f 4734 4724 4420
f 4734 4420 4428
f 4428 4429 4734
f 4734 4429 4735
f 4736 4431 4725
f 4725 4431 4422
f 4725 4726 4737
f 4725 4737 4736
f 4432 4730 4424
f 4738 4731 4730
f 4432 4738 4730
f 4433 4738 4432
f 4433 4434 4738
f 4738 4434 4739
f 4733 4740 4427
f 4427 4740 4435
f 4436 4435 4740
f 4436 4740 4741
f 4437 4735 4429
f 4437 4742 4735
f 4743 4439 4736
f 4736 4439 4431
f 4736 4737 4744
f 4736 4744 4743
f 4745 4739 4434
f 4745 4434 4440
f 4440 4441 4745
f 4745 4441 4746
f 4741 4747 4436
f 4436 4747 4442
f 4443 4442 4747
f 4443 4747 4748
f 4444 4742 4437
f 4444 4749 4742
f 4750 4446 4743
f 4743 4446 4439
f 4743 4744 4751
f 4743 4751 4750
f 4752 4746 4441
f 4752 4441 4447
f 4447 4448 4752
f 4752 4448 4753
f 4755 4449 4754
f 4449 4748 4754
f 4449 4443 4748
f 4756 4755 4754
f 4450 4749 4444
f 4450 4757 4749
f 4758 4452 4750
f 4750 4452 4446
f 4750 4751 4759
f 4750 4759 4758
f 4453 4753 4448
f 4453 4760 4753
f 4755 4454 4449
f 4456 4454 4755
f 4756 4456 4755
f 4761 4456 4756
f 4763 4762 4459
f 4763 4459 4458
f 4459 4764 4460
f 4762 4764 4459
f 4460 4765 4461
f 4764 4765 4460
f 4461 4766 4462
f 4765 4766 4461
f 4450 4462 4757
f 4757 4462 4766
f 4768 4767 4758
f 4767 4452 4758
f 4767 4464 4452
f 4768 4758 4759
f 4769 4760 4453
f 4769 4453 4465
f 4465 4467 4769
f 4769 4467 4770
f 4761 4469 4456
f 4771 4469 4761
f 4773 4772 4470
f 4773 4470 4471
f 4470 4774 4472
f 4772 4774 4470
f 4472 4775 4473
f 4774 4775 4472
f 4458 4473 4763
f 4763 4473 4775
f 4777 4776 4475
f 4475 4776 4474
f 4779 4778 4477
f 4778 4475 4477
f 4778 4777 4475
f 4779 4478 4778
f 4478 4479 4778
f 4781 4780 4778
f 4781 4778 4479
f 4781 4479 4782
f 4479 4783 4782
f 4479 4480 4783
f 4480 4464 4767
f 4480 4767 4783
f 4482 4770 4467
f 4482 4784 4770
f 4771 4785 4469
f 4469 4785 4484
f 4485 4484 4785
f 4485 4785 4786
f 4788 4787 4486
f 4788 4486 4487
f 4486 4789 4488
f 4787 4789 4486
f 4488 4790 4489
f 4789 4790 4488
f 4471 4489 4773
f 4773 4489 4790
f 4792 4791 4492
f 4492 4791 4491
f 4793 4492 4493
f 4793 4792 4492
f 4794 4493 4494
f 4794 4793 4493
f 4494 4474 4776
f 4494 4776 4794
f 4495 4779 4477
f 4781 4795 4780
f 4478 4779 4495
f 4795 4781 4782
f 4497 4784 4482
f 4497 4796 4784
f 4786 4498 4485
f 4797 4498 4786
f 4799 4798 4500
f 4799 4500 4501
f 4500 4800 4502
f 4798 4800 4500
f 4502 4801 4503
f 4800 4801 4502
f 4487 4503 4788
f 4788 4503 4801
f 4803 4802 4506
f 4506 4802 4505
f 4804 4506 4507
f 4804 4803 4506
f 4805 4507 4508
f 4805 4804 4507
f 4508 4491 4791
f 4508 4791 4805
f 4806 4796 4497
f 4806 4497 4509
f 4509 4511 4806
f 4806 4511 4807
f 4797 4512 4498
f 4808 4512 4797
f 4810 4809 4514
f 4810 4514 4515
f 4501 4514 4799
f 4799 4514 4809
f 4812 4811 4516
f 4516 4811 4518
f 4813 4516 4519
f 4813 4812 4516
f 4814 4519 4521
f 4814 4813 4519
f 4521 4505 4802
f 4521 4802 4814
f 4523 4807 4511
f 4523 4815 4807
f 4808 4524 4512
f 4816 4524 4808
f 4525 4810 4515
f 4525 4817 4810
f 4819 4818 4526
f 4526 4818 4528
f 4526 4518 4811
f 4526 4811 4819
f 4529 4815 4523
f 4529 4820 4815
f 4816 4530 4524
f 4821 4530 4816
f 4532 4822 4531
f 4822 4823 4531
f 4823 4525 4531
f 4823 4817 4525
f 4818 4533 4528
f 4824 4533 4818
f 4534 4820 4529
f 4534 4825 4820
f 4821 4535 4530
f 4826 4535 4821
f 4536 4827 4822
f 4536 4822 4532
f 4823 4822 4828
f 4828 4822 4827
f 4824 4538 4533
f 4829 4538 4824
f 4539 4825 4534
f 4539 4830 4825
f 4826 4540 4535
f 4831 4540 4826
f 4541 4832 4827
f 4541 4827 4536
f 4828 4827 4833
f 4833 4827 4832
f 4829 4543 4538
f 4834 4543 4829
f 4544 4830 4539
f 4544 4835 4830
f 4831 4545 4540
f 4836 4545 4831
f 4546 4837 4832
f 4546 4832 4541
f 4833 4832 4838
f 4838 4832 4837
f 4834 4548 4543
f 4839 4548 4834
f 4550 4835 4544
f 4550 4840 4835
f 4836 4551 4545
f 4841 4551 4836
f 4552 4837 4546
f 4552 4554 4837
f 4554 4838 4837
f 4554 4842 4838
f 4839 4555 4548
f 4843 4555 4839
f 4845 4844 4556
f 4845 4556 4557
f 4550 4556 4840
f 4840 4556 4844
f 4841 4558 4551
f 4846 4558 4841
f 4848 4847 4559
f 4848 4559 4560
f 4554 4559 4842
f 4842 4559 4847
f 4843 4561 4555
f 4849 4561 4843
f 4562 4845 4557
f 4562 4850 4845
f 4852 4851 4564
f 4564 4851 4563
f 4564 4558 4846
f 4564 4846 4852
f 4565 4848 4560
f 4565 4853 4848
f 4854 4567 4568
f 4855 4854 4568
f 4561 4855 4568
f 4849 4855 4561
f 4857 4856 4571
f 4857 4571 4572
f 4562 4571 4850
f 4850 4571 4856
f 4851 4573 4563
f 4858 4573 4851
f 4860 4859 4575
f 4860 4575 4576
f 4575 4861 4577
f 4859 4861 4575
f 4565 4577 4853
f 4853 4577 4861
f 4862 4579 4854
f 4854 4579 4567
f 4863 4581 4580
f 4854 4863 4580
f 4862 4854 4580
f 4863 4854 4855
f 4581 4864 4582
f 4863 4864 4581
f 4582 4865 4583
f 4864 4865 4582
f 4583 4866 4584
f 4865 4866 4583
f 4584 4867 4585
f 4866 4867 4584
f 4585 4868 4586
f 4867 4868 4585
f 4868 4870 4869
f 4587 4868 4869
f 4586 4868 4587
f 4869 4588 4587
f 4872 4871 4589
f 4872 4589 4590
f 4572 4589 4857
f 4857 4589 4871
f 4874 4873 4592
f 4592 4873 4591
f 4592 4573 4858
f 4592 4858 4874
f 4593 4860 4576
f 4593 4875 4860
f 4876 4595 4596
f 4596 4579 4876
f 4579 4862 4876
f 4597 4598 4876
f 4597 4876 4862
f 4597 4862 4580
f 4878 4877 4601
f 4601 4877 4600
f 4879 4601 4602
f 4879 4878 4601
f 4880 4602 4603
f 4880 4879 4602
f 4882 4880 4881
f 4880 4604 4881
f 4880 4603 4604
f 4605 4881 4604
f 4870 4883 4869
f 4869 4883 4588
f 4883 4606 4588
f 4883 4884 4606
f 4606 4885 4607
f 4884 4885 4606
f 4607 4886 4608
f 4885 4886 4607
f 4608 4887 4609
f 4886 4887 4608
f 4887 4889 4888
f 4610 4887 4888
f 4609 4887 4610
f 4888 4611 4610
f 4891 4890 4612
f 4891 4612 4613
f 4590 4612 4872
f 4872 4612 4890
f 4893 4892 4615
f 4615 4892 4614
f 4615 4591 4873
f 4615 4873 4893
f 4895 4894 4617
f 4895 4617 4618
f 4593 4617 4875
f 4875 4617 4894
f 4897 4896 4621
f 4621 4896 4620
f 4621 4595 4897
f 4876 4897 4595
f 4897 4876 4898
f 4622 4898 4876
f 4898 4622 4623
f 4622 4876 4598
f 4900 4899 4626
f 4626 4899 4625
f 4626 4600 4877
f 4626 4877 4900
f 4901 4882 4881
f 4901 4881 4605
f 4627 4901 4605
f 4902 4901 4627
f 4903 4627 4628
f 4903 4902 4627
f 4904 4628 4629
f 4904 4903 4628
f 4905 4629 4630
f 4905 4904 4629
f 4906 4630 4631
f 4906 4905 4630
f 4907 4631 4632
f 4907 4906 4631
f 4632 4889 4907
f 4889 4632 4888
f 4634 4888 4632
f 4888 4634 4908
f 4909 4908 4634
f 4888 4908 4611
f 4908 4635 4611
f 4908 4910 4635
f 4910 4912 4911
f 4636 4910 4911
f 4635 4910 4636
f 4911 4637 4636
f 4914 4913 4638
f 4914 4638 4639
f 4638 4915 4640
f 4913 4915 4638
f 4640 4916 4641
f 4915 4916 4640
f 4613 4641 4891
f 4891 4641 4916
f 4918 4917 4643
f 4643 4917 4642
f 4643 4614 4892
f 4643 4892 4918
f 4645 4895 4618
f 4645 4919 4895
f 4896 4920 4620
f 4620 4920 4646
f 4623 4646 4898
f 4898 4646 4920
f 4922 4921 4649
f 4649 4921 4648
f 4649 4625 4899
f 4649 4899 4922
f 4923 4909 4634
f 4923 4634 4650
f 4650 4651 4923
f 4923 4651 4924
f 4912 4925 4911
f 4911 4925 4637
f 4925 4652 4637
f 4925 4926 4652
f 4652 4927 4653
f 4926 4927 4652
f 4653 4928 4654
f 4927 4928 4653
f 4639 4654 4914
f 4914 4654 4928
f 4930 4929 4656
f 4656 4929 4655
f 4931 4656 4657
f 4931 4930 4656
f 4932 4657 4658
f 4932 4931 4657
f 4658 4642 4917
f 4658 4917 4932
f 4660 4919 4645
f 4660 4933 4919
f 4921 4663 4648
f 4934 4663 4921
f 4935 4924 4651
f 4935 4651 4664
f 4936 4664 4665
f 4936 4935 4664
f 4937 4665 4666
f 4937 4936 4665
f 4938 4666 4667
f 4938 4937 4666
f 4939 4667 4668
f 4939 4938 4667
f 4940 4668 4669
f 4940 4939 4668
f 4669 4655 4929
f 4669 4929 4940
f 4671 4933 4660
f 4671 4941 4933
f 4944 4943 4942
f 4942 4945 4944
f 4947 4946 4675
f 4675 4946 4674
f 4675 4663 4934
f 4675 4934 4947
f 4677 4941 4671
f 4677 4948 4941
f 4943 4949 4942
f 4942 4949 4945
f 4946 4680 4674
f 4950 4680 4946
f 4953 4952 4951
f 4952 4948 4951
f 4948 4682 4951
f 4948 4677 4682
f 4954 4684 4685
f 4955 4954 4685
f 4680 4955 4685
f 4950 4955 4680
f 4958 4957 4956
f 4956 4957 4953
f 4951 4956 4953
f 4959 4956 4951
f 4686 4960 4682
f 4960 4951 4682
f 4960 4959 4951
f 4687 4961 4686
f 4686 4961 4960
f 4962 4961 4687
f 4962 4687 4684
f 4963 4962 4684
f 4954 4963 4684
f 4963 4954 4955
f 4964 4958 4956
f 4964 4956 4959
f 4964 4959 4965
f 4965 4959 4960
f 4965 4960 4966
f 4966 4960 4961
f 4966 4961 4967
f 4967 4961 4962
f 4689 4968 4688
f 4968 4690 4688
f 4692 4969 4691
f 4968 4689 4691
f 4969 4968 4691
f 4970 4968 4969
f 4970 4694 4690
f 4970 4690 4968
f 4972 4971 4969
f 4692 4972 4969
f 4696 4972 4692
f 4969 4971 4970
f 4970 4971 4973
f 4973 4975 4974
f 4973 4974 4698
f 4970 4973 4698
f 4694 4970 4698
f 4974 4699 4698
f 4701 4976 4700
f 4976 4977 4700
f 4977 4696 4700
f 4977 4972 4696
f 4978 4702 4703
f 4975 4979 4974
f 4978 4703 4704
f 4699 4974 4979
f 4980 4699 4979
f 4706 4699 4980
f 4707 4981 4976
f 4707 4976 4701
f 4977 4976 4982
f 4982 4976 4981
f 4983 4709 4978
f 4978 4709 4702
f 4711 4983 4704
f 4704 4983 4978
f 4712 4706 4984
f 4706 4985 4984
f 4706 4980 4985
f 4984 4713 4712
f 4715 4986 4714
f 4981 4707 4714
f 4986 4981 4714
f 4987 4981 4986
f 4982 4981 4988
f 4988 4981 4987
f 4989 4717 4983
f 4983 4717 4709
f 4719 4989 4711
f 4711 4989 4983
f 4985 4990 4984
f 4984 4990 4713
f 4990 4720 4713
f 4990 4991 4720
f 4720 4992 4722
f 4991 4992 4720
f 4723 4722 4992
f 4723 4992 4993
f 4724 4994 4986
f 4724 4986 4715
f 4996 4987 4995
f 4987 4994 4995
f 4987 4986 4994
f 4987 4996 4988
f 4997 4726 4989
f 4989 4726 4717
f 4727 4998 4719
f 4998 4989 4719
f 4998 4997 4989
f 4728 4999 4727
f 4727 4999 4998
f 4729 5000 4728
f 4728 5000 4999
f 4731 5000 4729
f 4993 5001 4723
f 4723 5001 4732
f 4733 4732 5001
f 4733 5001 5002
f 4734 4994 4724
f 4734 4735 4994
f 4735 4995 4994
f 4735 5003 4995
f 5004 4737 4997
f 4997 4737 4726
f 4998 5006 5005
f 5004 4998 5005
f 4997 4998 5004
f 5006 4998 4999
f 5006 4999 5007
f 5007 4999 5000
f 5007 5000 5008
f 5010 5008 5009
f 5009 5008 4738
f 5008 5000 4738
f 5000 4731 4738
f 4739 5009 4738
f 5002 5011 4733
f 4733 5011 4740
f 5013 5012 4741
f 4740 5013 4741
f 5011 5013 4740
f 5015 5014 5012
f 5015 5012 5013
f 5017 5016 5014
f 5017 5014 5015
f 5018 5016 5017
f 4742 5020 5019
f 5003 4742 5019
f 4735 4742 5003
f 5020 5021 5019
f 5022 4744 5004
f 5004 4744 4737
f 5004 5005 5023
f 5024 5004 5023
f 5022 5004 5024
f 5025 5024 5023
f 5026 5010 5009
f 5026 5009 4739
f 4745 5026 4739
f 5027 5026 4745
f 4745 4746 5027
f 5027 4746 5028
f 5012 4747 4741
f 4747 5012 4748
f 5012 5029 4748
f 5012 5014 5029
f 5030 5014 5016
f 5029 5014 5030
f 5016 5018 5031
f 5016 5031 5030
f 4749 5032 5020
f 4749 5020 4742
f 5021 5020 5033
f 5033 5020 5032
f 5034 4751 5022
f 5022 4751 4744
f 5035 5022 5024
f 5034 5022 5035
f 5024 5025 5036
f 5024 5036 5035
f 5037 5028 4746
f 5037 4746 4752
f 5039 5038 4753
f 5038 4752 4753
f 5038 5037 4752
f 5029 4754 4748
f 5040 5038 5039
f 4754 5029 4756
f 5029 5041 4756
f 5029 5030 5041
f 5030 5031 5042
f 5030 5042 5041
f 5045 5044 5043
f 5046 5043 5044
f 4757 5047 5032
f 4757 5032 4749
f 5033 5032 5048
f 5048 5032 5047
f 5049 4759 5034
f 5034 4759 4751
f 5035 5051 5050
f 5049 5035 5050
f 5034 5035 5049
f 5051 5035 5036
f 5053 5052 5039
f 4753 5053 5039
f 4760 5053 4753
f 5039 5052 5040
f 5055 5054 5041
f 5054 4756 5041
f 5054 4761 4756
f 5055 5041 5042
f 5058 5057 5056
f 4762 4763 5056
f 5057 4762 5056
f 5059 4762 5057
f 5043 4764 5045
f 4764 5059 5045
f 4764 4762 5059
f 5046 5060 5043
f 5060 4764 5043
f 5060 4765 4764
f 4765 5061 4766
f 5060 5061 4765
f 4757 4766 5047
f 4766 5062 5047
f 4766 5061 5062
f 5063 4767 4768
f 5062 5048 5047
f 5064 5063 4768
f 5064 4768 4759
f 5065 5064 4759
f 5049 5065 4759
f 5065 5049 5050
f 4760 4769 5066
f 5067 4760 5066
f 5053 4760 5067
f 4770 5066 4769
f 5054 4771 4761
f 5068 4771 5054
f 5070 5069 4772
f 5070 4772 4773
f 4772 5071 4774
f 5069 5071 4772
f 5056 4775 5058
f 4775 5071 5058
f 4775 4774 5071
f 4775 5056 4763
f 5074 5073 5072
f 4776 4777 5073
f 4777 5072 5073
f 4777 5075 5072
f 5076 4777 4778
f 5076 5075 4777
f 4778 4780 5076
f 5076 4780 5077
f 5078 4782 4783
f 5079 5078 4783
f 5079 4783 4767
f 5080 5079 4767
f 5063 5080 4767
f 5080 5063 5064
f 5067 5066 5081
f 5067 5081 5082
f 4784 5081 4770
f 4770 5081 5066
f 4785 4771 5083
f 4771 5084 5083
f 4771 5068 5084
f 5083 4786 4785
f 5086 5085 4787
f 5086 4787 4788
f 4787 5087 4789
f 5085 5087 4787
f 4789 5088 4790
f 5087 5088 4789
f 4773 4790 5070
f 5070 4790 5088
f 5089 4791 4792
f 4793 5090 4792
f 4792 5090 5089
f 5074 5091 5073
f 5091 4793 5073
f 4793 4794 5073
f 4793 5091 5090
f 5073 4794 4776
f 5092 5077 4780
f 5092 4780 4795
f 4795 4782 5078
f 5093 4795 5078
f 5092 4795 5093
f 5093 5078 5079
f 5094 5082 5081
f 5081 4784 5094
f 4784 5095 5094
f 4784 4796 5095
f 5084 5096 5083
f 4786 5083 5096
f 5097 4786 5096
f 4797 4786 5097
f 5099 5098 4798
f 5099 4798 4799
f 4798 5100 4800
f 5098 5100 4798
f 4800 5101 4801
f 5100 5101 4800
f 4788 4801 5086
f 5086 4801 5101
f 5102 4802 4803
f 4804 5103 4803
f 4803 5103 5102
f 5103 4804 5104
f 4804 5105 5104
f 4804 4805 5105
f 4805 4791 5089
f 5106 4805 5089
f 5105 4805 5106
f 5106 5089 5090
f 5106 5090 5107
f 5107 5090 5091
f 4796 4806 5108
f 5109 4796 5108
f 5095 4796 5109
f 4807 5108 4806
f 5097 4808 4797
f 5110 4808 5097
f 5112 5111 4809
f 5112 4809 4810
f 4799 4809 5099
f 5099 4809 5111
f 5113 4811 4812
f 4813 5114 4812
f 4812 5114 5113
f 5114 4813 5115
f 4813 5116 5115
f 4813 4814 5116
f 4814 4802 5102
f 5117 4814 5102
f 5116 4814 5117
f 5117 5102 5103
f 5117 5103 5118
f 5118 5103 5104
f 5119 5109 5108
f 5108 4807 5119
f 4807 5120 5119
f 4807 4815 5120
f 5110 4816 4808
f 5121 4816 5110
f 4817 5112 4810
f 4817 5122 5112
f 5123 4818 4819
f 5124 5123 4819
f 5124 4819 4811
f 5125 5124 4811
f 5113 5125 4811
f 5125 5113 5114
f 5125 5114 5126
f 5126 5114 5115
f 5129 5128 5127
f 5128 5120 5127
f 5120 4820 5127
f 5120 4815 4820
f 5121 4821 4816
f 5130 4821 5121
f 5133 5132 5131
f 5132 5122 5131
f 5122 4823 5131
f 5122 4817 4823
f 5135 5134 5123
f 5134 4818 5123
f 5134 4824 4818
f 5135 5123 5124
f 5136 5129 5127
f 5127 4820 5136
f 4820 5137 5136
f 4820 4825 5137
f 5130 4826 4821
f 5138 4826 5130
f 5133 5131 5139
f 5133 5139 5140
f 4828 5139 4823
f 4823 5139 5131
f 5134 4829 4824
f 5141 4829 5134
f 4830 5137 4825
f 4830 5142 5137
f 5138 4831 4826
f 5143 4831 5138
f 5140 5139 5144
f 5140 5144 5145
f 4833 5144 4828
f 4828 5144 5139
f 5141 4834 4829
f 5146 4834 5141
f 4835 5142 4830
f 4835 5147 5142
f 5143 4836 4831
f 5148 4836 5143
f 5145 5144 5149
f 5145 5149 5150
f 4838 5149 4833
f 4833 5149 5144
f 5146 4839 4834
f 5151 4839 5146
f 5154 5153 5152
f 5153 5147 5152
f 5147 4840 5152
f 5147 4835 4840
f 5148 4841 4836
f 5155 4841 5148
f 5150 5149 5156
f 5150 5156 5157
f 4842 5156 4838
f 4838 5156 5149
f 5151 4843 4839
f 5158 4843 5151
f 5154 5152 4844
f 4845 5154 4844
f 5159 5154 4845
f 4844 5152 4840
f 5155 4846 4841
f 5160 4846 5155
f 4847 4848 5161
f 5156 5162 5157
f 5162 5156 5163
f 5156 4842 5163
f 4847 5161 5163
f 4847 5163 4842
f 5165 4849 5164
f 4849 5158 5164
f 4849 4843 5158
f 5166 5165 5164
f 5169 5168 5167
f 5168 5159 5167
f 5159 4850 5167
f 5159 4845 4850
f 5171 5170 4852
f 4852 5170 4851
f 4852 4846 5160
f 4852 5160 5171
f 5173 5172 5161
f 4848 5173 5161
f 4853 5173 4848
f 5161 5172 5163
f 5174 4855 5165
f 5165 4855 4849
f 5165 5166 5175
f 5176 5165 5175
f 5174 5165 5176
f 5177 5176 5175
f 5169 5167 4856
f 4857 5169 4856
f 5178 5169 4857
f 4856 5167 4850
f 5181 5180 5179
f 5170 5179 5180
f 4858 5170 5180
f 4851 5170 4858
f 4860 5182 4859
f 4859 5182 5183
f 5184 4859 5183
f 4861 4859 5184
f 4853 4861 5173
f 5173 4861 5184
f 5174 4863 4855
f 4863 5174 4864
f 4864 5174 5176
f 5177 5185 5176
f 5185 4864 5176
f 5185 4865 4864
f 4865 5186 4866
f 5185 5186 4865
f 4866 5187 4867
f 5186 5187 4866
f 4867 5188 4868
f 5187 5188 4867
f 5190 5189 4870
f 4868 5190 4870
f 5188 5190 4868
f 5192 5191 5189
f 5192 5189 5190
f 5193 5191 5192
f 5195 5194 4871
f 5195 4871 4872
f 4857 4871 5178
f 5178 4871 5194
f 5180 5181 4874
f 5181 4873 4874
f 5181 5196 4873
f 5180 4874 4858
f 4875 5197 5182
f 4875 5182 4860
f 5183 5182 5198
f 5198 5182 5197
f 5201 5200 5199
f 4877 4878 5199
f 4878 5201 5199
f 4878 5202 5201
f 5203 4878 4879
f 5203 5202 4878
f 5204 4879 4880
f 5204 5203 4879
f 4880 4882 5204
f 5204 4882 5205
f 5189 4883 4870
f 4883 5189 4884
f 4884 5189 5191
f 5193 5206 5191
f 5206 4884 5191
f 5206 4885 4884
f 4885 5207 4886
f 5206 5207 4885
f 4886 5208 4887
f 5207 5208 4886
f 4889 4887 5208
f 4889 5208 5209
f 5212 5211 5210
f 4890 4891 5210
f 5211 4890 5210
f 5213 4890 5211
f 4872 4890 5195
f 5195 4890 5213
f 5215 5214 4893
f 4893 5214 4892
f 4893 4873 5196
f 4893 5196 5215
f 4895 5216 4894
f 5216 5217 4894
f 4894 5217 4875
f 5217 5218 4875
f 5218 5197 4875
f 5219 4896 4897
f 5218 5198 5197
f 4898 5219 4897
f 5222 5221 5220
f 5222 5220 5200
f 5200 5220 5199
f 5220 4899 5199
f 4899 4900 5199
f 5199 4900 4877
f 5223 5205 4882
f 5223 4882 4901
f 5224 4901 4902
f 5224 5223 4901
f 5225 4902 4903
f 5225 5224 4902
f 5226 4903 4904
f 5226 5225 4903
f 5227 4904 4905
f 5227 5226 4904
f 5228 4905 4906
f 5228 5227 4905
f 5230 5228 5229
f 5228 4907 5229
f 5228 4906 4907
f 4908 4909 5231
f 5229 5231 4909
f 5231 5229 5209
f 4907 5209 5229
f 5209 4907 4889
f 4908 5232 4910
f 5231 5232 4908
f 5234 5233 4912
f 4910 5234 4912
f 5232 5234 4910
f 5235 5233 5234
f 5238 5237 5236
f 5240 5239 5236
f 5240 5236 5237
f 4913 4914 5239
f 5240 4913 5239
f 5241 4913 5240
f 4913 5242 4915
f 5241 5242 4913
f 5210 4916 5212
f 4916 5242 5212
f 4916 4915 5242
f 4916 5210 4891
f 5245 5244 5243
f 4917 4918 5244
f 4918 5243 5244
f 4918 5246 5243
f 4918 4892 5214
f 4918 5214 5246
f 4919 5247 5216
f 4919 5216 4895
f 5217 5216 5248
f 5248 5216 5247
f 5219 4920 4896
f 4920 5219 4898
f 5251 5250 5249
f 5249 5250 5221
f 5221 5250 5220
f 5250 4921 5220
f 4921 4922 5220
f 5220 4922 4899
f 5252 5230 5229
f 5252 5229 4909
f 4923 5252 4909
f 5253 5252 4923
f 4923 4924 5253
f 5253 4924 5254
f 5233 4925 4912
f 5235 5255 5233
f 5255 4925 5233
f 5255 4926 4925
f 5236 4927 5238
f 4927 5255 5238
f 4927 4926 5255
f 4927 5236 4928
f 4928 5236 5239
f 4928 5239 4914
f 5257 5256 4930
f 4930 5256 4929
f 5258 4930 4931
f 5258 5257 4930
f 4932 5244 5245
f 5258 4932 5245
f 4931 4932 5258
f 5244 4932 4917
f 4933 5259 5247
f 4933 5247 4919
f 5248 5247 5260
f 5260 5247 5259
f 5250 5251 5261
f 5261 5251 5262
f 5261 4934 4921
f 5261 4921 5250
f 5263 5254 4924
f 5263 4924 4935
f 5264 4935 4936
f 5264 5263 4935
f 5265 4936 4937
f 5265 5264 4936
f 5266 4937 4938
f 5266 5265 4937
f 5267 4938 4939
f 5267 5266 4938
f 5268 4939 4940
f 5268 5267 4939
f 4940 4929 5256
f 4940 5256 5268
f 5270 5269 5259
f 4933 5270 5259
f 4941 5270 4933
f 5271 4943 4944
f 5269 5260 5259
f 4945 5271 4944
f 5261 5262 4947
f 5262 4946 4947
f 5262 5272 4946
f 5261 4947 4934
f 4948 5270 4941
f 4948 5273 5270
f 5271 4949 4943
f 4949 5271 4945
f 5272 4950 4946
f 5274 4950 5272
f 5276 5275 4952
f 5276 4952 4953
f 4948 4952 5273
f 5273 4952 5275
f 5279 5278 5277
f 5274 5279 5277
f 4955 5274 5277
f 4950 5274 4955
f 5281 5280 4957
f 5281 4957 4958
f 4953 4957 5276
f 5276 4957 5280
f 5277 5278 4963
f 5278 4962 4963
f 5278 5282 4962
f 5277 4963 4955
f 5283 5281 4958
f 5283 4958 4964
f 5284 4964 4965
f 5284 5283 4964
f 5285 4965 4966
f 5285 5284 4965
f 5286 4966 4967
f 5286 5285 4966
f 4967 4962 5282
f 4967 5282 5286
f 4972 5287 4971
f 5288 4973 4971
f 5288 4971 5287
f 5288 4975 4973
f 4977 5289 5287
f 4977 5287 4972
f 5287 5290 5288
f 5287 5289 5290
f 5291 4979 4975
f 5288 5291 4975
f 5290 5291 5288
f 5291 4980 4979
f 4982 5292 5289
f 4982 5289 4977
f 5294 5290 5293
f 5290 5292 5293
f 5290 5289 5292
f 5296 5295 5294
f 5295 5290 5294
f 5295 5291 5290
f 5295 4985 4980
f 5295 4980 5291
f 4988 5297 5292
f 4988 5292 4982
f 5293 5292 5298
f 5298 5292 5297
f 5296 5299 5295
f 5299 5301 5300
f 5299 5300 4990
f 5295 5299 4990
f 4985 5295 4990
f 5302 4991 4990
f 5302 4990 5300
f 5303 4992 4991
f 5303 4991 5302
f 5303 4993 4992
f 4995 5304 4996
f 5297 4988 4996
f 5304 5297 4996
f 5305 5297 5304
f 5298 5297 5306
f 5306 5297 5305
f 5301 5307 5300
f 5300 5307 5302
f 5302 5307 5308
f 5302 5308 5303
f 5303 5308 5309
f 5309 5311 5310
f 5309 5310 5001
f 5303 5309 5001
f 4993 5303 5001
f 5310 5002 5001
f 5314 5313 5312
f 5316 5315 5312
f 5316 5312 5313
f 5318 5317 5315
f 5318 5315 5316
f 5320 5319 5317
f 5320 5317 5318
f 5321 5319 5320
f 5003 5322 5304
f 5003 5304 4995
f 5304 5323 5305
f 5304 5322 5323
f 5306 5305 5324
f 5324 5305 5323
f 5325 5005 5006
f 5007 5326 5006
f 5006 5326 5325
f 5008 5327 5007
f 5007 5327 5326
f 5010 5327 5008
f 5311 5328 5310
f 5310 5328 5002
f 5328 5011 5002
f 5328 5329 5011
f 5312 5013 5314
f 5013 5329 5314
f 5013 5011 5329
f 5013 5312 5015
f 5015 5312 5315
f 5015 5315 5017
f 5017 5315 5317
f 5017 5317 5018
f 5317 5330 5018
f 5317 5319 5330
f 5319 5321 5331
f 5319 5331 5330
f 5019 5322 5003
f 5322 5019 5021
f 5332 5322 5021
f 5323 5322 5332
f 5324 5323 5333
f 5333 5323 5332
f 5325 5023 5005
f 5325 5326 5334
f 5025 5325 5334
f 5335 5025 5334
f 5325 5025 5023
f 5334 5326 5327
f 5334 5327 5336
f 5338 5336 5337
f 5337 5336 5026
f 5336 5327 5026
f 5327 5010 5026
f 5027 5339 5026
f 5026 5339 5337
f 5028 5339 5027
f 5340 5031 5330
f 5330 5031 5018
f 5330 5331 5341
f 5330 5341 5340
f 5033 5342 5332
f 5033 5332 5021
f 5333 5332 5343
f 5343 5332 5342
f 5345 5036 5344
f 5036 5335 5344
f 5036 5025 5335
f 5346 5345 5344
f 5347 5338 5337
f 5347 5337 5339
f 5347 5339 5348
f 5350 5348 5349
f 5349 5348 5037
f 5348 5339 5037
f 5339 5028 5037
f 5349 5037 5351
f 5037 5352 5351
f 5037 5038 5352
f 5038 5040 5352
f 5352 5040 5353
f 5354 5042 5340
f 5340 5042 5031
f 5340 5341 5355
f 5340 5355 5354
f 5357 5356 5044
f 5357 5044 5045
f 5359 5358 5046
f 5044 5359 5046
f 5356 5359 5044
f 5361 5360 5358
f 5361 5358 5359
f 5362 5360 5361
f 5364 5363 5342
f 5033 5364 5342
f 5048 5364 5033
f 5342 5363 5343
f 5365 5050 5051
f 5036 5345 5051
f 5345 5365 5051
f 5345 5366 5365
f 5345 5346 5367
f 5345 5367 5366
f 5350 5349 5368
f 5350 5368 5369
f 5370 5052 5053
f 5349 5370 5053
f 5368 5349 5053
f 5370 5349 5351
f 5040 5052 5353
f 5353 5052 5370
f 5372 5371 5055
f 5055 5371 5054
f 5055 5042 5354
f 5373 5055 5354
f 5372 5055 5373
f 5373 5354 5355
f 5375 5374 5057
f 5375 5057 5058
f 5057 5376 5059
f 5374 5376 5057
f 5045 5059 5357
f 5357 5059 5376
f 5358 5060 5046
f 5060 5358 5061
f 5061 5358 5360
f 5362 5377 5360
f 5377 5061 5360
f 5377 5062 5061
f 5048 5062 5364
f 5364 5062 5377
f 5378 5064 5065
f 5379 5378 5065
f 5379 5065 5050
f 5380 5379 5050
f 5365 5380 5050
f 5380 5365 5366
f 5380 5366 5381
f 5381 5366 5367
f 5369 5368 5382
f 5369 5382 5383
f 5067 5382 5053
f 5053 5382 5368
f 5386 5385 5384
f 5371 5386 5384
f 5068 5371 5384
f 5054 5371 5068
f 5070 5387 5069
f 5069 5387 5388
f 5389 5069 5388
f 5071 5069 5389
f 5058 5071 5375
f 5375 5071 5389
f 5391 5390 5072
f 5072 5390 5074
f 5392 5072 5075
f 5392 5391 5072
f 5393 5075 5076
f 5393 5392 5075
f 5395 5394 5077
f 5394 5076 5077
f 5394 5393 5076
f 5397 5396 5395
f 5395 5396 5394
f 5079 5080 5397
f 5080 5396 5397
f 5080 5398 5396
f 5080 5064 5378
f 5399 5080 5378
f 5398 5080 5399
f 5399 5378 5379
f 5383 5382 5400
f 5383 5400 5401
f 5082 5400 5067
f 5067 5400 5382
f 5384 5385 5402
f 5402 5385 5403
f 5402 5084 5068
f 5402 5068 5384
f 5086 5404 5085
f 5405 5087 5085
f 5405 5085 5404
f 5087 5405 5406
f 5407 5087 5406
f 5088 5087 5407
f 5070 5088 5387
f 5088 5408 5387
f 5088 5407 5408
f 5387 5408 5388
f 5411 5410 5409
f 5390 5411 5409
f 5091 5390 5409
f 5074 5390 5091
f 5092 5395 5077
f 5395 5092 5093
f 5395 5093 5397
f 5397 5093 5079
f 5401 5400 5412
f 5401 5412 5413
f 5094 5414 5082
f 5414 5400 5082
f 5414 5412 5400
f 5403 5415 5402
f 5414 5094 5095
f 5402 5415 5084
f 5415 5096 5084
f 5415 5416 5096
f 5097 5096 5416
f 5097 5416 5417
f 5099 5418 5098
f 5419 5100 5098
f 5419 5098 5418
f 5420 5101 5100
f 5420 5100 5419
f 5420 5421 5101
f 5101 5421 5086
f 5421 5422 5086
f 5422 5404 5086
f 5404 5422 5405
f 5405 5422 5423
f 5405 5423 5406
f 5424 5104 5105
f 5106 5425 5105
f 5105 5425 5424
f 5410 5426 5409
f 5426 5106 5409
f 5106 5107 5409
f 5106 5426 5425
f 5409 5107 5091
f 5427 5413 5412
f 5427 5412 5414
f 5427 5414 5428
f 5414 5095 5428
f 5095 5429 5428
f 5095 5109 5429
f 5417 5110 5097
f 5430 5110 5417
f 5112 5431 5111
f 5431 5432 5111
f 5111 5432 5099
f 5432 5433 5099
f 5433 5418 5099
f 5418 5433 5419
f 5419 5433 5434
f 5419 5434 5420
f 5420 5434 5435
f 5436 5115 5116
f 5435 5421 5420
f 5117 5437 5116
f 5116 5437 5436
f 5118 5438 5117
f 5117 5438 5437
f 5439 5438 5118
f 5439 5118 5104
f 5440 5439 5104
f 5424 5440 5104
f 5440 5424 5425
f 5440 5425 5441
f 5441 5425 5426
f 5109 5119 5442
f 5443 5109 5442
f 5429 5109 5443
f 5120 5442 5119
f 5430 5121 5110
f 5444 5121 5430
f 5446 5445 5431
f 5112 5446 5431
f 5122 5446 5112
f 5431 5445 5432
f 5448 5447 5125
f 5125 5447 5124
f 5449 5125 5126
f 5449 5448 5125
f 5126 5115 5436
f 5450 5126 5436
f 5449 5126 5450
f 5450 5436 5437
f 5450 5437 5451
f 5451 5437 5438
f 5451 5438 5452
f 5452 5438 5439
f 5443 5442 5128
f 5129 5443 5128
f 5453 5443 5129
f 5128 5442 5120
f 5444 5130 5121
f 5454 5130 5444
f 5456 5455 5132
f 5456 5132 5133
f 5122 5132 5446
f 5446 5132 5455
f 5458 5457 5135
f 5135 5457 5134
f 5135 5124 5447
f 5135 5447 5458
f 5129 5136 5459
f 5460 5129 5459
f 5453 5129 5460
f 5137 5459 5136
f 5454 5138 5130
f 5461 5138 5454
f 5464 5463 5462
f 5463 5456 5462
f 5456 5140 5462
f 5456 5133 5140
f 5467 5466 5465
f 5457 5467 5465
f 5141 5457 5465
f 5134 5457 5141
f 5460 5459 5468
f 5460 5468 5469
f 5142 5468 5137
f 5137 5468 5459
f 5461 5143 5138
f 5470 5143 5461
f 5473 5472 5471
f 5471 5472 5464
f 5462 5471 5464
f 5474 5471 5462
f 5145 5474 5140
f 5140 5474 5462
f 5465 5466 5475
f 5475 5466 5476
f 5475 5146 5141
f 5475 5141 5465
f 5469 5468 5477
f 5469 5477 5478
f 5147 5477 5142
f 5142 5477 5468
f 5470 5148 5143
f 5479 5148 5470
f 5480 5473 5471
f 5482 5481 5480
f 5471 5482 5480
f 5474 5482 5471
f 5150 5482 5145
f 5145 5482 5474
f 5475 5476 5483
f 5483 5476 5484
f 5483 5151 5146
f 5483 5146 5475
f 5478 5477 5153
f 5154 5478 5153
f 5485 5478 5154
f 5153 5477 5147
f 5479 5155 5148
f 5486 5155 5479
f 5481 5482 5487
f 5481 5487 5488
f 5157 5487 5150
f 5150 5487 5482
f 5484 5489 5483
f 5151 5483 5489
f 5490 5151 5489
f 5158 5151 5490
f 5159 5485 5154
f 5159 5491 5485
f 5494 5493 5492
f 5486 5494 5492
f 5160 5486 5492
f 5155 5486 5160
f 5495 5488 5487
f 5497 5495 5496
f 5496 5495 5162
f 5495 5487 5162
f 5487 5157 5162
f 5163 5496 5162
f 5490 5498 5158
f 5158 5498 5164
f 5166 5164 5498
f 5166 5498 5499
f 5501 5500 5168
f 5501 5168 5169
f 5159 5168 5491
f 5491 5168 5500
f 5492 5493 5171
f 5493 5170 5171
f 5493 5502 5170
f 5492 5171 5160
f 5172 5173 5503
f 5496 5504 5497
f 5504 5496 5505
f 5163 5505 5496
f 5505 5163 5506
f 5172 5506 5163
f 5506 5172 5503
f 5506 5507 5505
f 5499 5508 5166
f 5166 5508 5175
f 5510 5509 5177
f 5175 5510 5177
f 5508 5510 5175
f 5511 5509 5510
f 5514 5513 5512
f 5513 5501 5512
f 5501 5178 5512
f 5501 5169 5178
f 5516 5515 5179
f 5179 5515 5181
f 5179 5170 5502
f 5179 5502 5516
f 5183 5517 5184
f 5503 5173 5184
f 5517 5503 5184
f 5518 5503 5517
f 5503 5519 5506
f 5503 5518 5519
f 5507 5506 5520
f 5506 5521 5520
f 5506 5519 5521
f 5521 5522 5520
f 5509 5185 5177
f 5511 5523 5509
f 5523 5185 5509
f 5523 5186 5185
f 5186 5524 5187
f 5523 5524 5186
f 5187 5525 5188
f 5524 5525 5187
f 5188 5526 5190
f 5525 5526 5188
f 5190 5527 5192
f 5526 5527 5190
f 5529 5528 5193
f 5192 5529 5193
f 5527 5529 5192
f 5531 5530 5528
f 5531 5528 5529
f 5532 5530 5531
f 5535 5534 5533
f 5533 5534 5514
f 5533 5514 5512
f 5195 5533 5512
f 5194 5195 5512
f 5194 5512 5178
f 5515 5196 5181
f 5536 5196 5515
f 5198 5537 5517
f 5198 5517 5183
f 5517 5538 5518
f 5517 5537 5538
f 5518 5539 5519
f 5518 5538 5539
f 5539 5200 5201
f 5521 5539 5201
f 5519 5539 5521
f 5540 5522 5521
f 5201 5540 5521
f 5202 5540 5201
f 5541 5202 5203
f 5541 5540 5202
f 5542 5203 5204
f 5542 5541 5203
f 5544 5543 5205
f 5543 5204 5205
f 5543 5542 5204
f 5544 5545 5543
f 5548 5547 5546
f 5546 5549 5548
f 5528 5206 5193
f 5206 5528 5207
f 5207 5528 5530
f 5532 5550 5530
f 5550 5207 5530
f 5550 5208 5207
f 5209 5208 5550
f 5209 5550 5551
f 5554 5553 5552
f 5211 5212 5552
f 5553 5211 5552
f 5555 5211 5553
f 5533 5213 5535
f 5213 5555 5535
f 5213 5211 5555
f 5213 5533 5195
f 5557 5556 5215
f 5215 5556 5214
f 5215 5196 5536
f 5215 5536 5557
f 5217 5558 5218
f 5537 5198 5218
f 5558 5537 5218
f 5559 5537 5558
f 5537 5560 5538
f 5537 5559 5560
f 5560 5221 5222
f 5539 5560 5222
f 5538 5560 5539
f 5539 5222 5200
f 5223 5544 5205
f 5561 5545 5544
f 5223 5561 5544
f 5224 5561 5223
f 5225 5546 5547
f 5561 5225 5547
f 5224 5225 5561
f 5562 5549 5546
f 5225 5562 5546
f 5226 5562 5225
f 5563 5226 5227
f 5563 5562 5226
f 5564 5227 5228
f 5564 5563 5227
f 5228 5230 5564
f 5564 5230 5565
f 5551 5566 5209
f 5209 5566 5231
f 5231 5567 5232
f 5566 5567 5231
f 5232 5568 5234
f 5567 5568 5232
f 5570 5569 5235
f 5234 5570 5235
f 5568 5570 5234
f 5237 5238 5569
f 5570 5237 5569
f 5571 5237 5570
f 5237 5572 5240
f 5571 5572 5237
f 5240 5573 5241
f 5572 5573 5240
f 5552 5242 5554
f 5242 5573 5554
f 5242 5241 5573
f 5242 5552 5212
f 5575 5574 5243
f 5243 5574 5245
f 5576 5243 5246
f 5576 5575 5243
f 5246 5214 5556
f 5246 5556 5576
f 5248 5577 5558
f 5248 5558 5217
f 5558 5578 5559
f 5558 5577 5578
f 5578 5251 5249
f 5560 5578 5249
f 5559 5578 5560
f 5560 5249 5221
f 5579 5565 5230
f 5579 5230 5252
f 5580 5252 5253
f 5580 5579 5252
f 5582 5581 5254
f 5581 5253 5254
f 5581 5580 5253
f 5582 5583 5581
f 5569 5255 5235
f 5255 5569 5238
f 5586 5585 5584
f 5588 5587 5584
f 5584 5587 5586
f 5256 5257 5588
f 5257 5587 5588
f 5257 5589 5587
f 5590 5257 5258
f 5590 5589 5257
f 5258 5245 5574
f 5258 5574 5590
f 5260 5591 5577
f 5260 5577 5248
f 5577 5592 5578
f 5577 5591 5592
f 5592 5262 5251
f 5592 5251 5578
f 5263 5582 5254
f 5593 5583 5582
f 5263 5593 5582
f 5264 5593 5263
f 5594 5264 5265
f 5594 5593 5264
f 5595 5265 5266
f 5595 5594 5265
f 5267 5584 5585
f 5595 5267 5585
f 5266 5267 5595
f 5584 5267 5268
f 5584 5268 5588
f 5588 5268 5256
f 5270 5596 5269
f 5591 5260 5269
f 5596 5591 5269
f 5597 5591 5596
f 5591 5598 5592
f 5591 5597 5598
f 5598 5272 5262
f 5598 5262 5592
f 5273 5599 5596
f 5273 5596 5270
f 5596 5600 5597
f 5596 5599 5600
f 5597 5601 5598
f 5597 5600 5601
f 5601 5274 5272
f 5601 5272 5598
f 5276 5602 5275
f 5599 5273 5275
f 5602 5599 5275
f 5603 5599 5602
f 5599 5604 5600
f 5599 5603 5604
f 5604 5278 5279
f 5601 5604 5279
f 5600 5604 5601
f 5601 5279 5274
f 5281 5605 5280
f 5602 5276 5280
f 5605 5602 5280
f 5606 5602 5605
f 5602 5607 5603
f 5602 5606 5607
f 5603 5608 5604
f 5603 5607 5608
f 5608 5282 5278
f 5608 5278 5604
f 5283 5605 5281
f 5605 5283 5284
f 5605 5284 5606
f 5606 5284 5285
f 5606 5285 5607
f 5607 5285 5286
f 5607 5286 5608
f 5608 5286 5282
f 5293 5609 5294
f 5609 5296 5294
f 5298 5610 5609
f 5298 5609 5293
f 5611 5299 5296
f 5609 5611 5296
f 5610 5611 5609
f 5611 5301 5299
f 5306 5612 5610
f 5306 5610 5298
f 5610 5613 5611
f 5610 5612 5613
f 5614 5307 5301
f 5611 5614 5301
f 5613 5614 5611
f 5615 5308 5307
f 5615 5307 5614
f 5616 5309 5308
f 5616 5308 5615
f 5616 5311 5309
f 5314 5617 5313
f 5313 5617 5618
f 5619 5313 5618
f 5316 5313 5619
f 5316 5620 5318
f 5619 5620 5316
f 5318 5621 5320
f 5620 5621 5318
f 5623 5622 5321
f 5320 5623 5321
f 5621 5623 5320
f 5624 5622 5623
f 5324 5625 5612
f 5324 5612 5306
f 5627 5613 5626
f 5613 5625 5626
f 5613 5612 5625
f 5613 5627 5614
f 5614 5627 5628
f 5614 5628 5615
f 5615 5628 5629
f 5615 5629 5616
f 5616 5629 5630
f 5630 5632 5631
f 5630 5631 5328
f 5616 5630 5328
f 5311 5616 5328
f 5633 5329 5328
f 5633 5328 5631
f 5617 5314 5329
f 5633 5617 5329
f 5634 5617 5633
f 5618 5617 5635
f 5635 5617 5634
f 5636 5331 5622
f 5622 5331 5321
f 5622 5624 5637
f 5622 5637 5636
f 5333 5638 5625
f 5333 5625 5324
f 5626 5625 5639
f 5639 5625 5638
f 5640 5335 5334
f 5336 5641 5334
f 5334 5641 5640
f 5338 5641 5336
f 5632 5642 5631
f 5631 5642 5633
f 5633 5642 5643
f 5633 5643 5634
f 5634 5643 5644
f 5634 5644 5635
f 5645 5341 5636
f 5636 5341 5331
f 5636 5637 5646
f 5636 5646 5645
f 5343 5647 5638
f 5343 5638 5333
f 5639 5638 5648
f 5638 5649 5648
f 5638 5647 5649
f 5640 5344 5335
f 5650 5648 5649
f 5344 5640 5346
f 5640 5651 5346
f 5640 5641 5651
f 5347 5652 5338
f 5652 5641 5338
f 5652 5651 5641
f 5348 5653 5347
f 5347 5653 5652
f 5350 5653 5348
f 5654 5351 5352
f 5353 5654 5352
f 5656 5655 5645
f 5655 5341 5645
f 5655 5355 5341
f 5656 5645 5646
f 5658 5657 5356
f 5658 5356 5357
f 5356 5659 5359
f 5657 5659 5356
f 5359 5660 5361
f 5659 5660 5359
f 5362 5361 5660
f 5362 5660 5661
f 5364 5662 5363
f 5647 5343 5363
f 5662 5647 5363
f 5663 5647 5662
f 5647 5664 5649
f 5647 5663 5664
f 5650 5649 5665
f 5665 5649 5664
f 5667 5666 5651
f 5666 5346 5651
f 5666 5367 5346
f 5669 5668 5667
f 5651 5669 5667
f 5652 5669 5651
f 5670 5652 5653
f 5669 5652 5670
f 5369 5670 5350
f 5350 5670 5653
f 5654 5370 5351
f 5370 5654 5353
f 5672 5671 5372
f 5372 5671 5371
f 5673 5372 5373
f 5673 5672 5372
f 5373 5355 5655
f 5373 5655 5673
f 5675 5674 5374
f 5675 5374 5375
f 5374 5676 5376
f 5674 5676 5374
f 5357 5376 5658
f 5658 5376 5676
f 5661 5677 5362
f 5362 5677 5377
f 5364 5377 5662
f 5377 5678 5662
f 5377 5677 5678
f 5662 5678 5663
f 5663 5678 5679
f 5681 5680 5679
f 5379 5679 5680
f 5679 5379 5663
f 5380 5663 5379
f 5663 5380 5664
f 5381 5664 5380
f 5664 5381 5665
f 5682 5665 5381
f 5665 5682 5681
f 5680 5681 5682
f 5683 5682 5381
f 5367 5683 5381
f 5666 5683 5367
f 5684 5668 5669
f 5686 5685 5684
f 5669 5686 5684
f 5670 5686 5669
f 5383 5686 5369
f 5369 5686 5670
f 5689 5688 5687
f 5385 5386 5687
f 5386 5689 5687
f 5386 5690 5689
f 5386 5371 5671
f 5386 5671 5690
f 5692 5691 5389
f 5692 5389 5388
f 5375 5389 5675
f 5675 5389 5691
f 5694 5693 5391
f 5391 5693 5390
f 5695 5391 5392
f 5695 5694 5391
f 5696 5392 5393
f 5696 5695 5392
f 5697 5393 5394
f 5697 5696 5393
f 5698 5394 5396
f 5698 5697 5394
f 5699 5396 5398
f 5699 5698 5396
f 5700 5398 5399
f 5700 5699 5398
f 5399 5379 5680
f 5701 5399 5680
f 5700 5399 5701
f 5701 5680 5682
f 5701 5682 5702
f 5702 5682 5683
f 5685 5686 5703
f 5685 5703 5704
f 5401 5703 5383
f 5383 5703 5686
f 5687 5688 5705
f 5705 5688 5706
f 5705 5403 5385
f 5705 5385 5687
f 5406 5707 5407
f 5708 5408 5407
f 5708 5407 5707
f 5708 5709 5408
f 5709 5388 5408
f 5709 5692 5388
f 5710 5410 5411
f 5711 5710 5411
f 5390 5711 5411
f 5693 5711 5390
f 5704 5703 5712
f 5704 5712 5713
f 5413 5712 5401
f 5401 5712 5703
f 5706 5714 5705
f 5705 5714 5403
f 5714 5415 5403
f 5714 5715 5415
f 5715 5717 5716
f 5416 5715 5716
f 5415 5715 5416
f 5716 5417 5416
f 5421 5718 5422
f 5422 5718 5719
f 5720 5422 5719
f 5423 5422 5720
f 5423 5720 5406
f 5720 5721 5406
f 5721 5707 5406
f 5721 5720 5722
f 5724 5708 5723
f 5708 5721 5723
f 5708 5707 5721
f 5708 5724 5709
f 5726 5725 5710
f 5725 5410 5710
f 5725 5426 5410
f 5726 5710 5711
f 5727 5713 5712
f 5729 5727 5728
f 5728 5727 5427
f 5727 5712 5427
f 5712 5413 5427
f 5428 5730 5427
f 5427 5730 5728
f 5429 5730 5428
f 5716 5717 5731
f 5731 5717 5732
f 5731 5430 5417
f 5731 5417 5716
f 5735 5734 5733
f 5433 5432 5733
f 5734 5433 5733
f 5736 5433 5734
f 5433 5737 5434
f 5736 5737 5433
f 5434 5738 5435
f 5737 5738 5434
f 5421 5435 5718
f 5435 5739 5718
f 5435 5738 5739
f 5718 5739 5719
f 5722 5740 5721
f 5741 5439 5440
f 5740 5723 5721
f 5441 5742 5440
f 5440 5742 5741
f 5743 5742 5441
f 5426 5743 5441
f 5725 5743 5426
f 5729 5728 5744
f 5729 5744 5745
f 5746 5728 5730
f 5744 5728 5746
f 5443 5746 5429
f 5429 5746 5730
f 5731 5732 5747
f 5747 5732 5748
f 5747 5444 5430
f 5747 5430 5731
f 5751 5750 5749
f 5753 5752 5749
f 5753 5749 5750
f 5752 5753 5735
f 5752 5735 5733
f 5446 5752 5733
f 5445 5446 5733
f 5445 5733 5432
f 5755 5754 5448
f 5448 5754 5447
f 5756 5448 5449
f 5756 5755 5448
f 5757 5449 5450
f 5757 5756 5449
f 5758 5450 5451
f 5758 5757 5450
f 5759 5451 5452
f 5759 5758 5451
f 5452 5439 5741
f 5760 5452 5741
f 5759 5452 5760
f 5760 5741 5742
f 5760 5742 5761
f 5761 5742 5743
f 5762 5745 5744
f 5764 5763 5762
f 5744 5764 5762
f 5746 5764 5744
f 5453 5764 5443
f 5443 5764 5746
f 5747 5748 5765
f 5765 5748 5766
f 5765 5454 5444
f 5765 5444 5747
f 5751 5749 5767
f 5751 5767 5768
f 5456 5767 5455
f 5767 5752 5455
f 5767 5749 5752
f 5455 5752 5446
f 5771 5770 5769
f 5457 5458 5770
f 5458 5769 5770
f 5458 5772 5769
f 5458 5447 5754
f 5458 5754 5772
f 5763 5764 5773
f 5763 5773 5774
f 5460 5773 5453
f 5453 5773 5764
f 5765 5766 5775
f 5775 5766 5776
f 5775 5461 5454
f 5775 5454 5765
f 5779 5778 5777
f 5781 5780 5777
f 5781 5777 5778
f 5780 5781 5768
f 5780 5768 5767
f 5464 5780 5767
f 5463 5464 5767
f 5463 5767 5456
f 5770 5771 5467
f 5771 5466 5467
f 5771 5782 5466
f 5770 5467 5457
f 5783 5774 5773
f 5773 5460 5783
f 5460 5784 5783
f 5460 5469 5784
f 5775 5776 5785
f 5785 5776 5786
f 5785 5470 5461
f 5785 5461 5775
f 5779 5777 5787
f 5779 5787 5788
f 5473 5787 5472
f 5787 5780 5472
f 5787 5777 5780
f 5472 5780 5464
f 5791 5790 5789
f 5782 5791 5789
f 5476 5782 5789
f 5466 5782 5476
f 5478 5784 5469
f 5478 5792 5784
f 5785 5786 5793
f 5793 5786 5794
f 5793 5479 5470
f 5793 5470 5785
f 5795 5788 5787
f 5797 5795 5796
f 5796 5795 5480
f 5795 5787 5480
f 5787 5473 5480
f 5481 5796 5480
f 5789 5790 5798
f 5798 5790 5799
f 5798 5484 5476
f 5798 5476 5789
f 5802 5801 5800
f 5801 5792 5800
f 5792 5485 5800
f 5792 5478 5485
f 5793 5794 5803
f 5803 5794 5804
f 5803 5486 5479
f 5803 5479 5793
f 5797 5796 5805
f 5797 5805 5806
f 5488 5805 5481
f 5481 5805 5796
f 5799 5807 5798
f 5807 5809 5808
f 5807 5808 5489
f 5798 5807 5489
f 5484 5798 5489
f 5808 5490 5489
f 5802 5800 5810
f 5802 5810 5811
f 5491 5810 5485
f 5485 5810 5800
f 5803 5804 5494
f 5804 5493 5494
f 5804 5812 5493
f 5803 5494 5486
f 5813 5806 5805
f 5815 5813 5814
f 5814 5813 5495
f 5813 5805 5495
f 5805 5488 5495
f 5497 5814 5495
f 5809 5816 5808
f 5816 5818 5817
f 5816 5817 5498
f 5808 5816 5498
f 5490 5808 5498
f 5817 5499 5498
f 5821 5820 5819
f 5819 5820 5811
f 5819 5811 5810
f 5501 5819 5810
f 5500 5501 5810
f 5500 5810 5491
f 5824 5823 5822
f 5812 5822 5823
f 5502 5812 5823
f 5493 5812 5502
f 5825 5815 5814
f 5825 5814 5497
f 5504 5825 5497
f 5826 5825 5504
f 5828 5826 5827
f 5826 5505 5827
f 5826 5504 5505
f 5818 5829 5817
f 5827 5505 5507
f 5817 5829 5499
f 5829 5508 5499
f 5829 5830 5508
f 5508 5831 5510
f 5830 5831 5508
f 5833 5832 5511
f 5510 5833 5511
f 5831 5833 5510
f 5835 5834 5832
f 5835 5832 5833
f 5837 5836 5834
f 5837 5834 5835
f 5839 5838 5836
f 5839 5836 5837
f 5841 5840 5838
f 5841 5838 5839
f 5843 5842 5840
f 5843 5840 5841
f 5844 5842 5843
f 5847 5846 5845
f 5845 5846 5821
f 5845 5821 5819
f 5514 5845 5819
f 5513 5514 5819
f 5513 5819 5501
f 5823 5824 5516
f 5824 5515 5516
f 5824 5848 5515
f 5823 5516 5502
f 5849 5828 5827
f 5849 5827 5507
f 5520 5849 5507
f 5850 5849 5520
f 5852 5851 5522
f 5851 5520 5522
f 5851 5850 5520
f 5854 5853 5852
f 5852 5853 5851
f 5832 5523 5511
f 5855 5853 5854
f 5523 5832 5524
f 5524 5832 5834
f 5524 5834 5525
f 5525 5834 5836
f 5525 5836 5526
f 5526 5836 5838
f 5526 5838 5527
f 5527 5838 5840
f 5527 5840 5529
f 5529 5840 5842
f 5844 5856 5842
f 5856 5529 5842
f 5856 5531 5529
f 5532 5531 5856
f 5532 5856 5857
f 5860 5859 5858
f 5858 5859 5847
f 5858 5847 5845
f 5535 5858 5845
f 5534 5535 5845
f 5534 5845 5514
f 5863 5862 5861
f 5848 5863 5861
f 5536 5848 5861
f 5515 5848 5536
f 5540 5852 5522
f 5852 5540 5541
f 5852 5541 5854
f 5864 5855 5854
f 5541 5864 5854
f 5542 5864 5541
f 5865 5542 5543
f 5865 5864 5542
f 5867 5866 5545
f 5866 5543 5545
f 5866 5865 5543
f 5547 5548 5867
f 5548 5866 5867
f 5548 5868 5866
f 5870 5869 5549
f 5869 5548 5549
f 5869 5868 5548
f 5872 5871 5870
f 5870 5871 5869
f 5872 5873 5871
f 5857 5874 5532
f 5532 5874 5550
f 5876 5875 5551
f 5550 5876 5551
f 5874 5876 5550
f 5877 5875 5876
f 5880 5879 5878
f 5553 5554 5878
f 5879 5553 5878
f 5881 5553 5879
f 5858 5555 5860
f 5555 5881 5860
f 5555 5553 5881
f 5555 5858 5535
f 5884 5883 5882
f 5884 5882 5862
f 5862 5882 5861
f 5882 5556 5861
f 5556 5557 5861
f 5861 5557 5536
f 5561 5867 5545
f 5867 5561 5547
f 5562 5870 5549
f 5870 5562 5563
f 5870 5563 5872
f 5885 5873 5872
f 5563 5885 5872
f 5564 5885 5563
f 5564 5565 5885
f 5885 5565 5886
f 5875 5566 5551
f 5877 5887 5875
f 5887 5566 5875
f 5887 5567 5566
f 5567 5888 5568
f 5887 5888 5567
f 5568 5889 5570
f 5888 5889 5568
f 5570 5890 5571
f 5889 5890 5570
f 5571 5891 5572
f 5890 5891 5571
f 5878 5573 5880
f 5573 5891 5880
f 5573 5572 5891
f 5573 5878 5554
f 5894 5893 5892
f 5574 5575 5892
f 5575 5894 5892
f 5575 5895 5894
f 5576 5882 5883
f 5895 5576 5883
f 5575 5576 5895
f 5882 5576 5556
f 5896 5886 5565
f 5896 5565 5579
f 5897 5579 5580
f 5897 5896 5579
f 5898 5580 5581
f 5898 5897 5580
f 5900 5899 5583
f 5899 5581 5583
f 5899 5898 5581
f 5902 5901 5900
f 5900 5901 5899
f 5904 5903 5902
f 5902 5903 5901
f 5585 5586 5904
f 5586 5903 5904
f 5586 5905 5903
f 5906 5586 5587
f 5906 5905 5586
f 5907 5587 5589
f 5907 5906 5587
f 5590 5892 5893
f 5907 5590 5893
f 5589 5590 5907
f 5892 5590 5574
f 5593 5900 5583
f 5900 5593 5594
f 5900 5594 5902
f 5902 5594 5595
f 5902 5595 5904
f 5904 5595 5585
f 5618 5908 5619
f 5619 5908 5909
f 5910 5619 5909
f 5620 5619 5910
f 5620 5911 5621
f 5910 5911 5620
f 5621 5912 5623
f 5911 5912 5621
f 5624 5623 5912
f 5624 5912 5913
f 5626 5914 5627
f 5915 5628 5627
f 5915 5627 5914
f 5916 5629 5628
f 5916 5628 5915
f 5917 5630 5629
f 5917 5629 5916
f 5917 5632 5630
f 5635 5918 5908
f 5635 5908 5618
f 5909 5908 5919
f 5919 5908 5918
f 5913 5637 5624
f 5920 5637 5913
f 5639 5921 5914
f 5639 5914 5626
f 5914 5922 5915
f 5914 5921 5922
f 5915 5923 5916
f 5915 5922 5923
f 5916 5924 5917
f 5916 5923 5924
f 5925 5642 5632
f 5917 5925 5632
f 5924 5925 5917
f 5642 5925 5926
f 5927 5642 5926
f 5643 5642 5927
f 5643 5928 5644
f 5927 5928 5643
f 5635 5644 5918
f 5644 5929 5918
f 5644 5928 5929
f 5918 5929 5919
f 5920 5646 5637
f 5930 5646 5920
f 5648 5921 5639
f 5922 5921 5931
f 5921 5650 5931
f 5650 5932 5931
f 5650 5921 5648
f 5922 5931 5923
f 5923 5931 5933
f 5923 5933 5924
f 5924 5933 5934
f 5936 5935 5934
f 5935 5924 5934
f 5935 5925 5924
f 5926 5925 5937
f 5937 5925 5935
f 5939 5938 5656
f 5656 5938 5655
f 5656 5646 5930
f 5656 5930 5939
f 5658 5940 5657
f 5941 5659 5657
f 5941 5657 5940
f 5942 5660 5659
f 5942 5659 5941
f 5942 5661 5660
f 5665 5932 5650
f 5665 5943 5932
f 5944 5666 5667
f 5668 5944 5667
f 5935 5936 5945
f 5945 5936 5946
f 5937 5935 5947
f 5935 5948 5947
f 5935 5945 5948
f 5950 5949 5948
f 5948 5949 5947
f 5952 5951 5950
f 5950 5951 5949
f 5671 5672 5952
f 5672 5951 5952
f 5672 5953 5951
f 5954 5672 5673
f 5954 5953 5672
f 5673 5655 5938
f 5673 5938 5954
f 5675 5955 5674
f 5674 5955 5956
f 5957 5674 5956
f 5676 5674 5957
f 5658 5676 5940
f 5676 5958 5940
f 5676 5957 5958
f 5940 5958 5941
f 5941 5958 5959
f 5941 5959 5942
f 5942 5959 5960
f 5942 5960 5661
f 5960 5677 5661
f 5960 5961 5677
f 5677 5962 5678
f 5961 5962 5677
f 5678 5963 5679
f 5962 5963 5678
f 5679 5964 5681
f 5963 5964 5679
f 5665 5681 5943
f 5943 5681 5964
f 5965 5683 5944
f 5944 5683 5666
f 5684 5966 5668
f 5966 5944 5668
f 5966 5965 5944
f 5967 5966 5946
f 5684 5946 5966
f 5946 5684 5945
f 5685 5945 5684
f 5945 5685 5968
f 5945 5969 5948
f 5945 5968 5969
f 5969 5688 5689
f 5950 5969 5689
f 5948 5969 5950
f 5950 5689 5690
f 5950 5690 5952
f 5952 5690 5671
f 5692 5970 5691
f 5970 5971 5691
f 5691 5971 5675
f 5971 5972 5675
f 5972 5955 5675
f 5973 5693 5694
f 5972 5956 5955
f 5695 5974 5694
f 5694 5974 5973
f 5974 5695 5975
f 5695 5976 5975
f 5695 5696 5976
f 5977 5696 5697
f 5977 5976 5696
f 5978 5697 5698
f 5978 5977 5697
f 5980 5978 5979
f 5978 5699 5979
f 5978 5698 5699
f 5979 5699 5981
f 5699 5982 5981
f 5699 5700 5982
f 5983 5700 5701
f 5983 5982 5700
f 5984 5701 5702
f 5984 5983 5701
f 5984 5702 5683
f 5985 5984 5683
f 5965 5985 5683
f 5984 5985 5986
f 5987 5965 5966
f 5985 5965 5987
f 5704 5968 5685
f 5968 5704 5988
f 5987 5988 5704
f 5988 5987 5967
f 5966 5967 5987
f 5990 5989 5988
f 5989 5968 5988
f 5989 5969 5968
f 5989 5706 5688
f 5989 5688 5969
f 5992 5991 5970
f 5692 5992 5970
f 5709 5992 5692
f 5970 5991 5971
f 5993 5711 5973
f 5973 5711 5693
f 5974 5995 5994
f 5993 5974 5994
f 5973 5974 5993
f 5995 5974 5975
f 5996 5980 5979
f 5996 5979 5981
f 5997 5986 5985
f 5999 5998 5997
f 5985 5999 5997
f 5987 5999 5985
f 5713 5999 5704
f 5704 5999 5987
f 5990 6000 5989
f 5989 6000 5706
f 6000 5714 5706
f 6000 6001 5714
f 6001 6003 6002
f 5715 6001 6002
f 5714 6001 5715
f 6002 5717 5715
f 5719 6004 5720
f 6004 5722 5720
f 5723 6005 5724
f 6005 6006 5724
f 6006 5709 5724
f 6006 5992 5709
f 6007 5725 5726
f 6008 6007 5726
f 6008 5726 5711
f 6009 6008 5711
f 5993 6009 5711
f 6009 5993 5994
f 6010 5998 5999
f 6012 6010 6011
f 6011 6010 5727
f 6010 5999 5727
f 5999 5713 5727
f 5729 6011 5727
f 6002 6003 6013
f 6013 6003 6014
f 6013 5732 5717
f 6013 5717 6002
f 6017 6016 6015
f 6019 6018 6015
f 6019 6015 6016
f 5734 5735 6018
f 6019 5734 6018
f 6020 5734 6019
f 5734 6021 5736
f 6020 6021 5734
f 5736 6022 5737
f 6021 6022 5736
f 5737 6023 5738
f 6022 6023 5737
f 5738 6024 5739
f 6023 6024 5738
f 5719 5739 6004
f 5739 6025 6004
f 5739 6024 6025
f 6004 6025 5722
f 6025 5740 5722
f 6025 6026 5740
f 5723 5740 6005
f 5740 6027 6005
f 5740 6026 6027
f 6005 6027 6006
f 6028 5743 6007
f 6007 5743 5725
f 6007 6008 6029
f 6007 6029 6028
f 6012 6011 6030
f 6012 6030 6031
f 5745 6030 5729
f 5729 6030 6011
f 6034 6033 6032
f 6034 6032 6014
f 6032 6013 6014
f 6032 6035 6013
f 6035 5748 5732
f 6035 5732 6013
f 6038 6037 6036
f 6036 6037 6017
f 6036 6017 6015
f 5751 6036 6015
f 5750 5751 6015
f 5750 6015 5753
f 5753 6015 6018
f 5753 6018 5735
f 6041 6040 6039
f 6043 6042 6040
f 6040 6042 6039
f 5754 5755 6043
f 5755 6042 6043
f 5755 6044 6042
f 6045 5755 5756
f 6045 6044 5755
f 6047 6045 6046
f 6045 5757 6046
f 6045 5756 5757
f 5758 6048 5757
f 5757 6048 6046
f 5759 6049 5758
f 5758 6049 6048
f 5760 6050 5759
f 5759 6050 6049
f 5761 6051 5760
f 5760 6051 6050
f 6052 6051 5761
f 6052 5761 5743
f 6053 6052 5743
f 6028 6053 5743
f 6053 6028 6029
f 6054 6031 6030
f 6056 6054 6055
f 6055 6054 5762
f 6054 6030 5762
f 6030 5745 5762
f 6033 6057 6032
f 6055 5762 5763
f 6059 6058 6057
f 6058 6032 6057
f 6058 6035 6032
f 6058 5766 5748
f 6058 5748 6035
f 6062 6061 6060
f 6060 6061 6038
f 6036 6060 6038
f 6063 6060 6036
f 5768 6063 5751
f 5751 6063 6036
f 6066 6065 6064
f 6066 6064 6041
f 6041 6064 6040
f 6064 5771 6040
f 5771 5769 6040
f 6040 5769 5772
f 6040 5772 6043
f 6043 5772 5754
f 6067 6047 6046
f 6069 6068 6067
f 6046 6069 6067
f 6048 6069 6046
f 6070 6048 6049
f 6069 6048 6070
f 6071 6049 6050
f 6070 6049 6071
f 6051 6073 6072
f 6071 6051 6072
f 6050 6051 6071
f 6073 6051 6052
f 6056 6055 6074
f 6056 6074 6075
f 5774 6074 5763
f 5763 6074 6055
f 6058 6059 6076
f 6076 6059 6077
f 6076 5776 5766
f 6076 5766 6058
f 6080 6079 6078
f 6078 6079 6062
f 6078 6062 6060
f 5779 6078 6060
f 5778 5779 6060
f 5778 6060 5781
f 5781 6060 6063
f 5781 6063 5768
f 6083 6082 6081
f 6081 6082 6065
f 6082 6064 6065
f 6082 6084 6064
f 6084 5782 5771
f 6084 5771 6064
f 6085 6068 6069
f 6085 6069 6070
f 6085 6070 6086
f 6086 6070 6071
f 6086 6071 6087
f 6087 6071 6072
f 6075 6074 6088
f 6075 6088 6089
f 5783 6090 5774
f 6090 6074 5774
f 6090 6088 6074
f 6077 6091 6076
f 6090 5783 5784
f 5776 6076 6091
f 6092 5776 6091
f 5786 5776 6092
f 6093 6080 6078
f 6078 5779 6093
f 5779 6094 6093
f 5779 5788 6094
f 6097 6096 6095
f 6097 6095 6083
f 6095 6082 6083
f 6095 6098 6082
f 6098 5790 5791
f 6084 6098 5791
f 6082 6098 6084
f 6084 5791 5782
f 6089 6088 6099
f 6089 6099 6100
f 6101 6088 6090
f 6099 6088 6101
f 5792 6101 5784
f 5784 6101 6090
f 6092 5794 5786
f 6102 5794 6092
f 5788 5795 6103
f 6104 5788 6103
f 6094 5788 6104
f 6096 6105 6095
f 6103 5795 5797
f 6107 6106 6105
f 6106 6095 6105
f 6106 6098 6095
f 6106 5799 5790
f 6106 5790 6098
f 6108 6100 6099
f 5802 6109 5801
f 6109 6099 5801
f 6099 6101 5801
f 6109 6108 6099
f 5801 6101 5792
f 6112 6111 6110
f 6102 6110 6111
f 5804 6102 6111
f 5794 6102 5804
f 6104 6103 6113
f 6104 6113 6114
f 5806 6113 5797
f 5797 6113 6103
f 6107 6115 6106
f 6115 6117 6116
f 6115 6116 5807
f 6106 6115 5807
f 5799 6106 5807
f 6116 5809 5807
f 6120 6119 6118
f 6119 6109 6118
f 6109 5811 6118
f 6109 5802 5811
f 6111 6112 6121
f 6121 6112 6122
f 6121 5812 5804
f 6121 5804 6111
f 6123 6114 6113
f 6125 6123 6124
f 6124 6123 5813
f 6123 6113 5813
f 6113 5806 5813
f 5815 6124 5813
f 6117 6126 6116
f 6126 6128 6127
f 6126 6127 5816
f 6116 6126 5816
f 5809 6116 5816
f 6127 5818 5816
f 6131 6130 6129
f 6133 6132 6129
f 6133 6129 6130
f 6135 6134 6132
f 6135 6132 6133
f 6137 6136 6134
f 6137 6134 6135
f 6139 6138 6136
f 6139 6136 6137
f 6141 6140 6138
f 6141 6138 6139
f 6143 6142 6140
f 6143 6140 6141
f 6144 6142 6143
f 6147 6146 6145
f 6145 6146 6120
f 6145 6120 6118
f 5821 6145 6118
f 5820 5821 6118
f 5820 6118 5811
f 6121 6122 5822
f 6122 5824 5822
f 6122 6148 5824
f 6121 5822 5812
f 6149 6125 6124
f 6149 6124 5815
f 5825 6149 5815
f 6150 6149 5825
f 6152 6150 6151
f 6150 5826 6151
f 6150 5825 5826
f 6128 6153 6127
f 6151 5826 5828
f 6127 6153 5818
f 6153 5829 5818
f 6153 6154 5829
f 5829 6155 5830
f 6154 6155 5829
f 5830 6156 5831
f 6155 6156 5830
f 6129 5833 6131
f 5833 6156 6131
f 5833 5831 6156
f 5833 6129 5835
f 5835 6129 6132
f 5835 6132 5837
f 5837 6132 6134
f 5837 6134 5839
f 5839 6134 6136
f 5839 6136 5841
f 5841 6136 6138
f 5841 6138 5843
f 5843 6138 6140
f 5843 6140 5844
f 6140 6157 5844
f 6140 6142 6157
f 6142 6144 6158
f 6142 6158 6157
f 6161 6160 6159
f 6159 6160 6147
f 6159 6147 6145
f 5847 6159 6145
f 5846 5847 6145
f 5846 6145 5821
f 6164 6163 6162
f 6148 6164 6162
f 5848 6148 6162
f 5824 6148 5848
f 6165 6152 6151
f 6165 6151 5828
f 5849 6165 5828
f 6166 6165 5849
f 6167 5849 5850
f 6167 6166 5849
f 6168 5850 5851
f 6168 6167 5850
f 6169 5851 5853
f 6169 6168 5851
f 6171 6170 5855
f 6170 5853 5855
f 6170 6169 5853
f 6173 6172 6171
f 6171 6172 6170
f 6175 6174 6173
f 6173 6174 6172
f 6177 6176 6175
f 6175 6176 6174
f 6177 6178 6176
f 6181 6180 6179
f 6157 5856 5844
f 6182 6181 6179
f 6184 6183 5857
f 6184 5857 5856
f 6158 6184 5856
f 6157 6158 5856
f 6186 6185 6183
f 6186 6183 6184
f 6187 6185 6186
f 6190 6189 6188
f 6192 6191 6188
f 6192 6188 6189
f 6191 6192 6161
f 6191 6161 6159
f 5860 6191 6159
f 5859 5860 6159
f 5859 6159 5847
f 6195 6194 6193
f 6195 6193 6163
f 6163 6193 6162
f 6193 5862 6162
f 5862 5863 6162
f 6162 5863 5848
f 5864 6171 5855
f 6171 5864 5865
f 6171 5865 6173
f 6173 5865 5866
f 6173 5866 6175
f 6175 5866 5868
f 6175 5868 6177
f 6196 6178 6177
f 5868 6196 6177
f 5869 6196 5868
f 5871 6179 6180
f 6196 5871 6180
f 5869 5871 6196
f 5871 5873 6179
f 5873 6182 6179
f 5873 6197 6182
f 6183 5874 5857
f 5874 6183 5876
f 5876 6183 6185
f 6199 6198 5877
f 6199 5877 5876
f 6187 6199 5876
f 6185 6187 5876
f 6201 6200 6198
f 6201 6198 6199
f 6203 6202 6200
f 6203 6200 6201
f 6205 6204 6202
f 6205 6202 6203
f 6207 6206 6204
f 6207 6204 6205
f 6206 6207 6190
f 6206 6190 6188
f 5880 6206 6188
f 5879 5880 6188
f 5879 6188 5881
f 5881 6188 6191
f 5881 6191 5860
f 6210 6209 6208
f 6212 6211 6209
f 6209 6211 6208
f 6211 6212 6194
f 6194 6212 6193
f 6212 5883 6193
f 5883 5884 6193
f 6193 5884 5862
f 6213 6197 5873
f 6213 5873 5885
f 6215 6214 5886
f 6214 5885 5886
f 6214 6213 5885
f 6215 6216 6214
f 6198 5887 5877
f 5887 6198 5888
f 5888 6198 6200
f 5888 6200 5889
f 5889 6200 6202
f 5889 6202 5890
f 5890 6202 6204
f 5890 6204 5891
f 5891 6204 6206
f 5891 6206 5880
f 6219 6218 6217
f 6219 6217 6210
f 6210 6217 6209
f 6217 5893 6209
f 5893 5894 6209
f 6209 5894 5895
f 6209 5895 6212
f 6212 5895 5883
f 5896 6215 5886
f 6220 6216 6215
f 5896 6220 6215
f 5897 6220 5896
f 6221 5897 5898
f 6221 6220 5897
f 6222 5898 5899
f 6222 6221 5898
f 6223 5899 5901
f 6223 6222 5899
f 6224 5901 5903
f 6224 6223 5901
f 6225 5903 5905
f 6225 6224 5903
f 6226 5905 5906
f 6226 6225 5905
f 5907 6217 6218
f 6226 5907 6218
f 5906 5907 6226
f 6217 5907 5893
f 5909 6227 5910
f 5910 6227 6228
f 6229 5910 6228
f 5911 5910 6229
f 5911 6230 5912
f 6229 6230 5911
f 5913 5912 6230
f 5913 6230 6231
f 6233 6232 6227
f 5909 6233 6227
f 5919 6233 5909
f 6227 6232 6228
f 6231 5920 5913
f 6234 5920 6231
f 5926 6235 5927
f 6236 5928 5927
f 6236 5927 6235
f 5928 6236 6237
f 6238 5928 6237
f 5929 5928 6238
f 5919 5929 6233
f 6233 5929 6238
f 6234 5930 5920
f 6239 5930 6234
f 5932 6240 5931
f 6241 5933 5931
f 6241 5931 6240
f 6242 5934 5933
f 6242 5933 6241
f 6242 5936 5934
f 5937 6243 6235
f 5937 6235 5926
f 6235 6244 6236
f 6235 6243 6244
f 6237 6236 6245
f 6236 6246 6245
f 6236 6244 6246
f 6248 6247 6246
f 6246 6247 6245
f 6250 6249 6248
f 6248 6249 6247
f 5938 5939 6250
f 5939 6249 6250
f 5939 6251 6249
f 5939 5930 6239
f 5939 6239 6251
f 6253 6252 6240
f 5932 6253 6240
f 5943 6253 5932
f 6255 6254 6252
f 6254 6240 6252
f 6254 6241 6240
f 6241 6256 6242
f 6241 6254 6256
f 6256 5946 5936
f 6256 5936 6242
f 5947 6243 5937
f 6243 5947 5949
f 6243 5949 6244
f 6244 5949 5951
f 6244 5951 6246
f 6246 5951 5953
f 6246 5953 6248
f 6248 5953 5954
f 6248 5954 6250
f 6250 5954 5938
f 5956 6257 5957
f 5957 6257 6258
f 6259 5957 6258
f 5958 5957 6259
f 5958 6260 5959
f 6259 6260 5958
f 5959 6261 5960
f 6260 6261 5959
f 5960 6262 5961
f 6261 6262 5960
f 5961 6263 5962
f 6262 6263 5961
f 5962 6264 5963
f 6263 6264 5962
f 5963 6265 5964
f 6264 6265 5963
f 5943 5964 6253
f 6253 5964 6265
f 6255 6266 6254
f 6268 6267 6266
f 6267 6254 6266
f 6267 6256 6254
f 6267 5967 5946
f 6267 5946 6256
f 5971 6269 5972
f 6269 6270 5972
f 5972 6270 5956
f 6270 6271 5956
f 6271 6257 5956
f 6257 6271 6258
f 6272 5975 5976
f 6272 5976 6273
f 5976 6274 6273
f 5976 5977 6274
f 6276 6274 6275
f 6274 5978 6275
f 6274 5977 5978
f 5980 6275 5978
f 6278 6277 5982
f 5982 6277 5981
f 6279 5982 5983
f 6279 6278 5982
f 6281 6279 6280
f 6279 5984 6280
f 6279 5983 5984
f 5986 6280 5984
f 6268 6282 6267
f 6282 6284 6283
f 6282 6283 5988
f 6267 6282 5988
f 5967 6267 5988
f 6283 5990 5988
f 5992 6285 5991
f 6285 6286 5991
f 5991 6286 5971
f 6286 6287 5971
f 6287 6269 5971
f 6269 6287 6270
f 6288 5994 5995
f 6289 6288 5995
f 6289 5995 5975
f 6290 6289 5975
f 6272 6290 5975
f 6290 6272 6273
f 6291 6276 6275
f 6291 6275 5980
f 5996 6291 5980
f 6292 6291 5996
f 5996 5981 6277
f 5996 6277 6292
f 6293 6281 6280
f 6295 6293 6294
f 6294 6293 5997
f 6293 6280 5997
f 6280 5986 5997
f 5998 6294 5997
f 6284 6296 6283
f 6296 6298 6297
f 6296 6297 6000
f 6283 6296 6000
f 5990 6283 6000
f 6299 6001 6000
f 6299 6000 6297
f 6299 6003 6001
f 6006 6300 6285
f 6006 6285 5992
f 6286 6285 6301
f 6301 6285 6300
f 6302 6008 6009
f 6303 6302 6009
f 6303 6009 5994
f 6304 6303 5994
f 6288 6304 5994
f 6304 6288 6289
f 6295 6294 6305
f 6295 6305 6306
f 6010 6307 5998
f 6307 6294 5998
f 6307 6305 6294
f 6012 6307 6010
f 6298 6308 6297
f 6310 6309 6308
f 6309 6297 6308
f 6309 6299 6297
f 6309 6014 6003
f 6309 6003 6299
f 6313 6312 6311
f 6016 6017 6311
f 6312 6016 6311
f 6314 6016 6312
f 6016 6315 6019
f 6314 6315 6016
f 6019 6316 6020
f 6315 6316 6019
f 6020 6317 6021
f 6316 6317 6020
f 6021 6318 6022
f 6317 6318 6021
f 6022 6319 6023
f 6318 6319 6022
f 6319 6321 6320
f 6024 6319 6320
f 6023 6319 6024
f 6322 6025 6024
f 6322 6024 6320
f 6323 6026 6025
f 6323 6025 6322
f 6324 6027 6026
f 6324 6026 6323
f 6324 6325 6027
f 6027 6325 6006
f 6325 6326 6006
f 6326 6300 6006
f 6300 6326 6301
f 6328 6327 6302
f 6327 6008 6302
f 6327 6029 6008
f 6328 6302 6303
f 6329 6306 6305
f 6329 6305 6307
f 6329 6307 6330
f 6307 6012 6330
f 6012 6331 6330
f 6012 6031 6331
f 6309 6310 6034
f 6310 6033 6034
f 6310 6332 6033
f 6309 6034 6014
f 6335 6334 6333
f 6333 6334 6313
f 6333 6313 6311
f 6038 6333 6311
f 6037 6038 6311
f 6037 6311 6017
f 6338 6337 6336
f 6041 6039 6336
f 6039 6338 6336
f 6039 6339 6338
f 6340 6039 6042
f 6340 6339 6039
f 6342 6340 6341
f 6340 6044 6341
f 6340 6042 6044
f 6045 6343 6044
f 6044 6343 6341
f 6321 6344 6320
f 6343 6045 6047
f 6320 6344 6322
f 6322 6344 6345
f 6347 6346 6345
f 6346 6322 6345
f 6346 6323 6322
f 6323 6348 6324
f 6323 6346 6348
f 6325 6324 6349
f 6349 6324 6348
f 6350 6052 6053
f 6351 6350 6053
f 6029 6351 6053
f 6327 6351 6029
f 6354 6353 6352
f 6355 6352 6054
f 6352 6331 6054
f 6331 6031 6054
f 6331 6352 6353
f 6056 6355 6054
f 6057 6033 6356
f 6033 6357 6356
f 6033 6332 6357
f 6356 6059 6057
f 6360 6359 6358
f 6362 6361 6358
f 6362 6358 6359
f 6364 6363 6361
f 6364 6361 6362
f 6366 6365 6363
f 6366 6363 6364
f 6367 6365 6366
f 6370 6369 6368
f 6368 6369 6335
f 6368 6335 6333
f 6062 6368 6333
f 6061 6062 6333
f 6061 6333 6038
f 6373 6372 6371
f 6373 6371 6337
f 6337 6371 6336
f 6371 6065 6336
f 6065 6066 6336
f 6336 6066 6041
f 6374 6342 6341
f 6374 6341 6343
f 6374 6343 6375
f 6377 6375 6376
f 6376 6375 6067
f 6375 6343 6067
f 6343 6047 6067
f 6068 6376 6067
f 6347 6378 6346
f 6346 6378 6348
f 6348 6378 6379
f 6380 6072 6073
f 6379 6349 6348
f 6052 6350 6073
f 6350 6380 6073
f 6350 6381 6380
f 6350 6351 6382
f 6350 6382 6381
f 6354 6352 6383
f 6354 6383 6384
f 6385 6352 6355
f 6383 6352 6385
f 6075 6385 6056
f 6056 6385 6355
f 6356 6357 6386
f 6386 6357 6387
f 6386 6077 6059
f 6386 6059 6356
f 6390 6389 6388
f 6388 6389 6360
f 6358 6388 6360
f 6391 6388 6358
f 6392 6358 6361
f 6391 6358 6392
f 6393 6361 6363
f 6392 6361 6393
f 6394 6363 6365
f 6393 6363 6394
f 6365 6367 6395
f 6365 6395 6394
f 6370 6368 6079
f 6080 6370 6079
f 6396 6370 6080
f 6079 6368 6062
f 6399 6398 6397
f 6399 6397 6372
f 6372 6397 6371
f 6397 6083 6371
f 6083 6081 6371
f 6371 6081 6065
f 6400 6377 6376
f 6402 6400 6401
f 6401 6400 6085
f 6400 6376 6085
f 6376 6068 6085
f 6086 6403 6085
f 6085 6403 6401
f 6087 6404 6086
f 6086 6404 6403
f 6072 6380 6087
f 6380 6404 6087
f 6380 6405 6404
f 6406 6380 6381
f 6405 6380 6406
f 6381 6382 6407
f 6381 6407 6406
f 6408 6384 6383
f 6410 6409 6408
f 6383 6410 6408
f 6385 6410 6383
f 6089 6410 6075
f 6075 6410 6385
f 6386 6387 6411
f 6411 6387 6412
f 6413 6091 6077
f 6386 6413 6077
f 6411 6413 6386
f 6413 6092 6091
f 6390 6388 6414
f 6390 6414 6415
f 6416 6388 6391
f 6414 6388 6416
f 6417 6391 6392
f 6416 6391 6417
f 6418 6392 6393
f 6417 6392 6418
f 6419 6393 6394
f 6418 6393 6419
f 6394 6395 6420
f 6394 6420 6419
f 6080 6093 6421
f 6422 6080 6421
f 6396 6080 6422
f 6094 6421 6093
f 6397 6398 6097
f 6398 6096 6097
f 6398 6423 6096
f 6397 6097 6083
f 6402 6401 6424
f 6402 6424 6425
f 6426 6401 6403
f 6424 6401 6426
f 6427 6403 6404
f 6426 6403 6427
f 6428 6404 6405
f 6427 6404 6428
f 6429 6405 6406
f 6428 6405 6429
f 6406 6407 6430
f 6406 6430 6429
f 6409 6410 6431
f 6409 6431 6432
f 6100 6431 6089
f 6089 6431 6410
f 6412 6433 6411
f 6435 6434 6433
f 6434 6411 6433
f 6434 6413 6411
f 6434 6102 6092
f 6434 6092 6413
f 6415 6414 6436
f 6415 6436 6437
f 6416 6439 6438
f 6436 6416 6438
f 6414 6416 6436
f 6439 6416 6417
f 6439 6417 6440
f 6440 6417 6418
f 6440 6418 6441
f 6441 6418 6419
f 6441 6419 6442
f 6442 6419 6420
f 6422 6421 6443
f 6422 6443 6444
f 6104 6443 6094
f 6094 6443 6421
f 6105 6096 6445
f 6096 6446 6445
f 6096 6423 6446
f 6445 6107 6105
f 6447 6425 6424
f 6449 6448 6447
f 6424 6449 6447
f 6426 6449 6424
f 6450 6426 6427
f 6449 6426 6450
f 6451 6427 6428
f 6450 6427 6451
f 6452 6428 6429
f 6451 6428 6452
f 6429 6430 6453
f 6454 6429 6453
f 6452 6429 6454
f 6455 6454 6453
f 6432 6431 6456
f 6432 6456 6457
f 6108 6458 6100
f 6458 6431 6100
f 6458 6456 6431
f 6109 6458 6108
f 6434 6435 6110
f 6435 6112 6110
f 6435 6459 6112
f 6434 6110 6102
f 6460 6437 6436
f 6460 6436 6438
f 6461 6444 6443
f 6443 6104 6461
f 6104 6462 6461
f 6104 6114 6462
f 6446 6463 6445
f 6463 6465 6464
f 6463 6464 6115
f 6445 6463 6115
f 6107 6445 6115
f 6464 6117 6115
f 6468 6467 6466
f 6470 6469 6466
f 6470 6466 6467
f 6469 6470 6448
f 6449 6469 6448
f 6471 6469 6449
f 6472 6449 6450
f 6471 6449 6472
f 6473 6450 6451
f 6472 6450 6473
f 6474 6451 6452
f 6473 6451 6474
f 6475 6452 6454
f 6474 6452 6475
f 6454 6455 6476
f 6454 6476 6475
f 6457 6456 6477
f 6457 6477 6478
f 6120 6477 6119
f 6477 6458 6119
f 6477 6456 6458
f 6119 6458 6109
f 6481 6480 6479
f 6459 6479 6480
f 6122 6459 6480
f 6112 6459 6122
f 6482 6462 6114
f 6482 6114 6123
f 6123 6125 6482
f 6482 6125 6483
f 6465 6484 6464
f 6464 6484 6117
f 6484 6126 6117
f 6484 6485 6126
f 6128 6126 6485
f 6128 6485 6486
f 6489 6488 6487
f 6491 6490 6487
f 6491 6487 6488
f 6490 6491 6468
f 6490 6468 6466
f 6131 6490 6466
f 6130 6131 6466
f 6130 6466 6133
f 6133 6466 6469
f 6133 6469 6135
f 6135 6469 6471
f 6135 6471 6137
f 6137 6471 6472
f 6137 6472 6139
f 6139 6472 6473
f 6139 6473 6141
f 6141 6473 6474
f 6141 6474 6143
f 6143 6474 6475
f 6144 6143 6475
f 6476 6144 6475
f 6492 6144 6476
f 6495 6494 6493
f 6493 6494 6478
f 6493 6478 6477
f 6147 6493 6477
f 6146 6147 6477
f 6146 6477 6120
f 6480 6481 6496
f 6496 6481 6497
f 6496 6148 6122
f 6496 6122 6480
f 6498 6483 6125
f 6498 6125 6149
f 6500 6498 6499
f 6498 6150 6499
f 6498 6149 6150
f 6152 6499 6150
f 6486 6501 6128
f 6128 6501 6153
f 6153 6502 6154
f 6501 6502 6153
f 6487 6155 6489
f 6155 6502 6489
f 6155 6154 6502
f 6155 6487 6156
f 6156 6487 6490
f 6156 6490 6131
f 6505 6504 6503
f 6507 6506 6504
f 6504 6506 6503
f 6509 6508 6507
f 6507 6508 6506
f 6511 6510 6509
f 6509 6510 6508
f 6513 6512 6511
f 6511 6512 6510
f 6515 6514 6513
f 6513 6514 6512
f 6515 6516 6514
f 6518 6158 6517
f 6158 6492 6517
f 6158 6144 6492
f 6520 6519 6518
f 6520 6518 6517
f 6521 6519 6520
f 6524 6523 6522
f 6522 6523 6495
f 6522 6495 6493
f 6161 6522 6493
f 6160 6161 6493
f 6160 6493 6147
f 6527 6526 6525
f 6527 6525 6497
f 6497 6525 6496
f 6525 6163 6496
f 6163 6164 6496
f 6496 6164 6148
f 6528 6500 6499
f 6528 6499 6152
f 6165 6528 6152
f 6529 6528 6165
f 6530 6165 6166
f 6530 6529 6165
f 6531 6166 6167
f 6531 6530 6166
f 6532 6167 6168
f 6532 6531 6167
f 6533 6168 6169
f 6533 6532 6168
f 6170 6504 6505
f 6533 6170 6505
f 6169 6170 6533
f 6504 6170 6172
f 6504 6172 6507
f 6507 6172 6174
f 6507 6174 6509
f 6509 6174 6176
f 6509 6176 6511
f 6511 6176 6178
f 6534 6511 6178
f 6513 6511 6534
f 6534 6180 6181
f 6515 6534 6181
f 6513 6534 6515
f 6181 6182 6515
f 6182 6516 6515
f 6182 6535 6516
f 6518 6184 6158
f 6184 6518 6186
f 6186 6518 6519
f 6537 6536 6187
f 6537 6187 6186
f 6521 6537 6186
f 6519 6521 6186
f 6539 6538 6536
f 6539 6536 6537
f 6541 6540 6538
f 6541 6538 6539
f 6542 6540 6541
f 6545 6544 6543
f 6189 6190 6543
f 6544 6189 6543
f 6546 6189 6544
f 6522 6192 6524
f 6192 6546 6524
f 6192 6189 6546
f 6192 6522 6161
f 6549 6548 6547
f 6549 6547 6526
f 6526 6547 6525
f 6547 6194 6525
f 6194 6195 6525
f 6525 6195 6163
f 6196 6534 6178
f 6534 6196 6180
f 6197 6551 6550
f 6535 6197 6550
f 6182 6197 6535
f 6553 6552 6551
f 6551 6552 6550
f 6553 6554 6552
f 6536 6199 6187
f 6199 6536 6201
f 6201 6536 6538
f 6201 6538 6203
f 6203 6538 6540
f 6542 6555 6540
f 6555 6203 6540
f 6555 6205 6203
f 6543 6207 6545
f 6207 6555 6545
f 6207 6205 6555
f 6207 6543 6190
f 6558 6557 6556
f 6210 6208 6556
f 6208 6558 6556
f 6208 6559 6558
f 6211 6547 6548
f 6559 6211 6548
f 6208 6211 6559
f 6547 6211 6194
f 6213 6551 6197
f 6551 6213 6214
f 6551 6214 6553
f 6561 6560 6216
f 6216 6560 6214
f 6560 6554 6214
f 6554 6553 6214
f 6563 6562 6561
f 6561 6562 6560
f 6565 6564 6563
f 6563 6564 6562
f 6567 6566 6565
f 6565 6566 6564
f 6569 6568 6567
f 6567 6568 6566
f 6571 6570 6569
f 6569 6570 6568
f 6573 6572 6571
f 6571 6572 6570
f 6572 6573 6557
f 6557 6573 6556
f 6573 6218 6556
f 6218 6219 6556
f 6556 6219 6210
f 6220 6561 6216
f 6561 6220 6221
f 6561 6221 6563
f 6563 6221 6222
f 6563 6222 6565
f 6565 6222 6223
f 6565 6223 6567
f 6567 6223 6224
f 6567 6224 6569
f 6569 6224 6225
f 6569 6225 6571
f 6571 6225 6226
f 6571 6226 6573
f 6573 6226 6218
f 6575 6574 6229
f 6575 6229 6228
f 6229 6576 6230
f 6574 6576 6229
f 6231 6230 6576
f 6231 6576 6577
f 6233 6578 6232
f 6578 6579 6232
f 6579 6228 6232
f 6579 6575 6228
f 6577 6234 6231
f 6580 6234 6577
f 6237 6581 6238
f 6578 6233 6238
f 6581 6578 6238
f 6582 6578 6581
f 6579 6578 6583
f 6578 6584 6583
f 6578 6582 6584
f 6586 6585 6584
f 6584 6585 6583
f 6580 6585 6586
f 6239 6580 6586
f 6234 6580 6239
f 6245 6581 6237
f 6581 6245 6247
f 6581 6247 6582
f 6582 6247 6249
f 6582 6249 6584
f 6584 6249 6251
f 6584 6251 6586
f 6586 6251 6239
f 6253 6587 6252
f 6587 6255 6252
f 6258 6588 6259
f 6589 6260 6259
f 6589 6259 6588
f 6590 6261 6260
f 6590 6260 6589
f 6591 6262 6261
f 6591 6261 6590
f 6262 6591 6592
f 6593 6262 6592
f 6263 6262 6593
f 6263 6594 6264
f 6593 6594 6263
f 6264 6595 6265
f 6594 6595 6264
f 6253 6265 6587
f 6265 6596 6587
f 6265 6595 6596
f 6596 6598 6597
f 6596 6597 6266
f 6587 6596 6266
f 6255 6587 6266
f 6597 6268 6266
f 6270 6599 6271
f 6599 6600 6271
f 6271 6600 6258
f 6600 6601 6258
f 6601 6588 6258
f 6588 6601 6589
f 6589 6601 6602
f 6604 6603 6602
f 6273 6602 6603
f 6602 6273 6589
f 6274 6589 6273
f 6589 6274 6590
f 6605 6603 6604
f 6603 6605 6276
f 6591 6276 6605
f 6276 6591 6274
f 6590 6274 6591
f 6591 6605 6592
f 6606 6277 6278
f 6279 6607 6278
f 6278 6607 6606
f 6281 6607 6279
f 6598 6608 6597
f 6608 6610 6609
f 6608 6609 6282
f 6597 6608 6282
f 6268 6597 6282
f 6609 6284 6282
f 6286 6611 6287
f 6611 6612 6287
f 6287 6612 6270
f 6612 6613 6270
f 6613 6599 6270
f 6599 6613 6600
f 6614 6289 6290
f 6273 6603 6290
f 6603 6614 6290
f 6603 6615 6614
f 6615 6603 6276
f 6616 6615 6276
f 6291 6616 6276
f 6617 6615 6616
f 6618 6291 6292
f 6618 6616 6291
f 6292 6277 6606
f 6619 6292 6606
f 6618 6292 6619
f 6619 6606 6607
f 6619 6607 6620
f 6622 6620 6621
f 6621 6620 6293
f 6620 6607 6293
f 6607 6281 6293
f 6295 6621 6293
f 6609 6610 6623
f 6623 6610 6624
f 6625 6296 6284
f 6609 6625 6284
f 6623 6625 6609
f 6625 6298 6296
f 6628 6627 6626
f 6630 6629 6626
f 6630 6626 6627
f 6632 6631 6629
f 6632 6629 6630
f 6634 6633 6631
f 6634 6631 6632
f 6635 6633 6634
f 6301 6636 6611
f 6301 6611 6286
f 6612 6611 6637
f 6637 6611 6636
f 6638 6303 6304
f 6289 6614 6304
f 6614 6638 6304
f 6614 6639 6638
f 6615 6641 6640
f 6639 6615 6640
f 6614 6615 6639
f 6641 6615 6617
f 6642 6622 6621
f 6621 6295 6642
f 6295 6643 6642
f 6295 6306 6643
f 6624 6644 6623
f 6623 6644 6625
f 6625 6644 6645
f 6645 6647 6646
f 6645 6646 6308
f 6625 6645 6308
f 6298 6625 6308
f 6646 6310 6308
f 6650 6649 6648
f 6648 6649 6628
f 6648 6628 6626
f 6313 6648 6626
f 6312 6313 6626
f 6312 6626 6314
f 6314 6626 6629
f 6314 6629 6315
f 6315 6629 6631
f 6315 6631 6316
f 6316 6631 6633
f 6635 6651 6633
f 6651 6316 6633
f 6651 6317 6316
f 6317 6652 6318
f 6651 6652 6317
f 6652 6654 6653
f 6319 6652 6653
f 6318 6652 6319
f 6653 6321 6319
f 6325 6655 6326
f 6655 6656 6326
f 6326 6656 6301
f 6656 6657 6301
f 6657 6636 6301
f 6658 6327 6328
f 6657 6637 6636
f 6303 6638 6328
f 6638 6658 6328
f 6638 6659 6658
f 6639 6661 6660
f 6659 6639 6660
f 6638 6639 6659
f 6661 6639 6640
f 6662 6643 6306
f 6662 6306 6329
f 6664 6662 6663
f 6662 6330 6663
f 6662 6329 6330
f 6331 6663 6330
f 6646 6647 6665
f 6665 6647 6666
f 6665 6332 6310
f 6665 6310 6646
f 6669 6668 6667
f 6671 6670 6667
f 6671 6667 6668
f 6673 6672 6670
f 6673 6670 6671
f 6675 6674 6672
f 6675 6672 6673
f 6677 6676 6674
f 6677 6674 6675
f 6678 6676 6677
f 6681 6680 6679
f 6679 6680 6650
f 6679 6650 6648
f 6335 6679 6648
f 6334 6335 6648
f 6334 6648 6313
f 6684 6683 6682
f 6337 6338 6682
f 6338 6684 6682
f 6338 6685 6684
f 6686 6338 6339
f 6686 6685 6338
f 6687 6339 6340
f 6687 6686 6339
f 6340 6342 6687
f 6687 6342 6688
f 6654 6689 6653
f 6653 6689 6321
f 6689 6344 6321
f 6689 6690 6344
f 6690 6692 6691
f 6345 6690 6691
f 6344 6690 6345
f 6691 6347 6345
f 6349 6693 6655
f 6349 6655 6325
f 6656 6655 6694
f 6694 6655 6693
f 6695 6351 6658
f 6658 6351 6327
f 6696 6658 6659
f 6695 6658 6696
f 6659 6660 6697
f 6659 6697 6696
f 6664 6663 6353
f 6354 6664 6353
f 6698 6664 6354
f 6353 6663 6331
f 6665 6666 6699
f 6699 6666 6700
f 6699 6357 6332
f 6699 6332 6665
f 6703 6702 6701
f 6701 6702 6669
f 6701 6669 6667
f 6360 6701 6667
f 6359 6360 6667
f 6359 6667 6362
f 6362 6667 6670
f 6362 6670 6364
f 6364 6670 6672
f 6364 6672 6366
f 6366 6672 6674
f 6366 6674 6367
f 6674 6704 6367
f 6674 6676 6704
f 6676 6678 6705
f 6706 6676 6705
f 6704 6676 6706
f 6706 6705 6681
f 6706 6681 6679
f 6370 6706 6679
f 6369 6370 6679
f 6369 6679 6335
f 6709 6708 6707
f 6709 6707 6683
f 6683 6707 6682
f 6707 6372 6682
f 6372 6373 6682
f 6682 6373 6337
f 6710 6688 6342
f 6710 6342 6374
f 6712 6710 6711
f 6710 6375 6711
f 6710 6374 6375
f 6377 6711 6375
f 6692 6713 6691
f 6713 6715 6714
f 6713 6714 6378
f 6691 6713 6378
f 6347 6691 6378
f 6716 6379 6378
f 6716 6378 6714
f 6693 6349 6379
f 6716 6693 6379
f 6717 6693 6716
f 6694 6693 6718
f 6718 6693 6717
f 6719 6382 6695
f 6695 6382 6351
f 6696 6721 6720
f 6719 6696 6720
f 6695 6696 6719
f 6721 6696 6697
f 6384 6698 6354
f 6384 6722 6698
f 6699 6700 6723
f 6723 6700 6724
f 6723 6387 6357
f 6723 6357 6699
f 6727 6726 6725
f 6729 6728 6725
f 6729 6725 6726
f 6728 6729 6703
f 6728 6703 6701
f 6390 6728 6701
f 6389 6390 6701
f 6389 6701 6360
f 6732 6731 6730
f 6734 6733 6730
f 6730 6733 6732
f 6734 6735 6733
f 6736 6395 6704
f 6704 6395 6367
f 6737 6704 6706
f 6736 6704 6737
f 6396 6737 6370
f 6370 6737 6706
f 6740 6739 6738
f 6740 6738 6708
f 6708 6738 6707
f 6738 6398 6707
f 6398 6399 6707
f 6707 6399 6372
f 6741 6712 6711
f 6743 6741 6742
f 6742 6741 6400
f 6741 6711 6400
f 6711 6377 6400
f 6402 6742 6400
f 6714 6715 6744
f 6744 6715 6745
f 6714 6746 6716
f 6714 6744 6746
f 6716 6747 6717
f 6716 6746 6747
f 6718 6717 6748
f 6748 6717 6747
f 6749 6407 6719
f 6719 6407 6382
f 6719 6720 6750
f 6751 6719 6750
f 6749 6719 6751
f 6752 6751 6750
f 6384 6408 6753
f 6754 6384 6753
f 6722 6384 6754
f 6409 6753 6408
f 6723 6724 6755
f 6755 6724 6756
f 6755 6412 6387
f 6755 6387 6723
f 6759 6758 6757
f 6761 6760 6757
f 6761 6757 6758
f 6760 6761 6727
f 6725 6760 6727
f 6762 6760 6725
f 6763 6725 6728
f 6762 6725 6763
f 6415 6763 6390
f 6390 6763 6728
f 6766 6765 6764
f 6768 6767 6764
f 6767 6730 6764
f 6731 6766 6764
f 6731 6764 6730
f 6730 6767 6734
f 6734 6767 6769
f 6734 6769 6735
f 6770 6420 6736
f 6736 6420 6395
f 6771 6736 6737
f 6770 6736 6771
f 6422 6771 6396
f 6396 6771 6737
f 6738 6739 6772
f 6772 6739 6773
f 6772 6423 6398
f 6772 6398 6738
f 6743 6742 6774
f 6743 6774 6775
f 6425 6774 6402
f 6402 6774 6742
f 6745 6776 6744
f 6778 6777 6776
f 6777 6744 6776
f 6777 6746 6744
f 6746 6779 6747
f 6746 6777 6779
f 6748 6747 6780
f 6780 6747 6779
f 6781 6430 6749
f 6749 6430 6407
f 6782 6749 6751
f 6781 6749 6782
f 6751 6752 6783
f 6751 6783 6782
f 6754 6753 6784
f 6754 6784 6785
f 6432 6784 6409
f 6409 6784 6753
f 6756 6786 6755
f 6786 6788 6787
f 6786 6787 6433
f 6755 6786 6433
f 6412 6755 6433
f 6787 6435 6433
f 6791 6790 6789
f 6793 6792 6789
f 6793 6789 6790
f 6792 6793 6759
f 6757 6792 6759
f 6794 6792 6757
f 6795 6757 6760
f 6794 6757 6795
f 6796 6760 6762
f 6795 6760 6796
f 6797 6762 6763
f 6796 6762 6797
f 6437 6797 6415
f 6415 6797 6763
f 6799 6798 6765
f 6798 6438 6765
f 6439 6764 6765
f 6439 6765 6438
f 6440 6764 6439
f 6764 6440 6768
f 6800 6768 6440
f 6768 6800 6799
f 6798 6799 6800
f 6441 6801 6440
f 6440 6801 6800
f 6442 6802 6441
f 6441 6802 6801
f 6420 6770 6442
f 6770 6802 6442
f 6770 6803 6802
f 6771 6805 6804
f 6803 6771 6804
f 6770 6771 6803
f 6771 6422 6805
f 6422 6806 6805
f 6422 6444 6806
f 6773 6807 6772
f 6423 6772 6807
f 6808 6423 6807
f 6446 6423 6808
f 6775 6774 6809
f 6775 6809 6810
f 6447 6811 6425
f 6811 6774 6425
f 6811 6809 6774
f 6448 6811 6447
f 6777 6778 6812
f 6812 6778 6813
f 6777 6814 6779
f 6777 6812 6814
f 6780 6779 6815
f 6779 6816 6815
f 6779 6814 6816
f 6781 6453 6430
f 6817 6815 6816
f 6453 6781 6455
f 6781 6818 6455
f 6781 6782 6818
f 6782 6783 6819
f 6782 6819 6818
f 6785 6784 6820
f 6785 6820 6821
f 6457 6820 6432
f 6432 6820 6784
f 6787 6788 6822
f 6822 6788 6823
f 6822 6459 6435
f 6822 6435 6787
f 6791 6789 6824
f 6791 6824 6825
f 6826 6789 6792
f 6824 6789 6826
f 6827 6792 6794
f 6826 6792 6827
f 6828 6794 6795
f 6827 6794 6828
f 6829 6795 6796
f 6828 6795 6829
f 6830 6796 6797
f 6829 6796 6830
f 6460 6831 6437
f 6831 6797 6437
f 6831 6830 6797
f 6438 6798 6460
f 6798 6831 6460
f 6798 6832 6831
f 6833 6798 6800
f 6832 6798 6833
f 6834 6800 6801
f 6833 6800 6834
f 6835 6801 6802
f 6834 6801 6835
f 6803 6837 6836
f 6835 6803 6836
f 6802 6803 6835
f 6837 6803 6804
f 6444 6461 6838
f 6839 6444 6838
f 6806 6444 6839
f 6462 6838 6461
f 6463 6446 6840
f 6446 6841 6840
f 6446 6808 6841
f 6840 6465 6463
f 6844 6843 6842
f 6842 6843 6810
f 6842 6810 6809
f 6468 6842 6809
f 6467 6468 6809
f 6467 6809 6470
f 6470 6809 6811
f 6470 6811 6448
f 6847 6846 6845
f 6845 6846 6813
f 6846 6812 6813
f 6846 6848 6812
f 6812 6849 6814
f 6812 6848 6849
f 6814 6850 6816
f 6814 6849 6850
f 6817 6816 6851
f 6851 6816 6850
f 6852 6476 6818
f 6818 6476 6455
f 6818 6819 6853
f 6818 6853 6852
f 6856 6855 6854
f 6854 6855 6821
f 6820 6854 6821
f 6857 6854 6820
f 6478 6857 6457
f 6457 6857 6820
f 6860 6859 6858
f 6860 6858 6823
f 6823 6858 6822
f 6858 6481 6822
f 6481 6479 6822
f 6822 6479 6459
f 6825 6824 6861
f 6825 6861 6862
f 6863 6824 6826
f 6861 6824 6863
f 6864 6826 6827
f 6863 6826 6864
f 6828 6866 6865
f 6864 6828 6865
f 6827 6828 6864
f 6866 6828 6829
f 6866 6829 6867
f 6867 6829 6830
f 6867 6830 6868
f 6868 6830 6831
f 6868 6831 6869
f 6869 6831 6832
f 6869 6832 6870
f 6870 6832 6833
f 6870 6833 6871
f 6871 6833 6834
f 6871 6834 6872
f 6872 6834 6835
f 6872 6835 6873
f 6873 6835 6836
f 6874 6839 6838
f 6874 6838 6462
f 6482 6874 6462
f 6875 6874 6482
f 6482 6841 6875
f 6841 6482 6840
f 6483 6840 6482
f 6840 6483 6876
f 6877 6876 6483
f 6840 6876 6465
f 6876 6484 6465
f 6876 6878 6484
f 6484 6879 6485
f 6878 6879 6484
f 6486 6485 6879
f 6486 6879 6880
f 6883 6882 6881
f 6488 6489 6881
f 6882 6488 6881
f 6884 6488 6882
f 6842 6491 6844
f 6491 6884 6844
f 6491 6488 6884
f 6491 6842 6468
f 6887 6886 6885
f 6887 6885 6847
f 6885 6846 6847
f 6885 6888 6846
f 6846 6889 6848
f 6846 6888 6889
f 6848 6890 6849
f 6848 6889 6890
f 6849 6891 6850
f 6849 6890 6891
f 6851 6850 6892
f 6892 6850 6891
f 6893 6492 6852
f 6852 6492 6476
f 6852 6853 6894
f 6895 6852 6894
f 6893 6852 6895
f 6897 6896 6895
f 6897 6895 6894
f 6898 6896 6897
f 6901 6900 6899
f 6899 6900 6856
f 6854 6899 6856
f 6902 6899 6854
f 6495 6902 6494
f 6902 6857 6494
f 6902 6854 6857
f 6494 6857 6478
f 6905 6904 6903
f 6903 6904 6859
f 6904 6858 6859
f 6904 6906 6858
f 6906 6497 6481
f 6906 6481 6858
f 6862 6861 6907
f 6862 6907 6908
f 6909 6861 6863
f 6907 6861 6909
f 6864 6911 6910
f 6909 6864 6910
f 6863 6864 6909
f 6911 6864 6865
f 6912 6877 6483
f 6912 6483 6498
f 6914 6913 6500
f 6913 6498 6500
f 6913 6912 6498
f 6914 6915 6913
f 6880 6916 6486
f 6486 6916 6501
f 6881 6502 6883
f 6502 6916 6883
f 6502 6501 6916
f 6502 6881 6489
f 6919 6918 6917
f 6505 6503 6917
f 6503 6919 6917
f 6503 6920 6919
f 6506 6885 6886
f 6920 6506 6886
f 6503 6506 6920
f 6885 6506 6508
f 6885 6508 6888
f 6888 6508 6510
f 6888 6510 6889
f 6889 6510 6512
f 6889 6512 6890
f 6890 6512 6514
f 6890 6514 6891
f 6514 6516 6891
f 6516 6892 6891
f 6516 6921 6892
f 6893 6517 6492
f 6517 6893 6520
f 6520 6893 6895
f 6520 6895 6521
f 6895 6922 6521
f 6895 6896 6922
f 6896 6898 6923
f 6924 6896 6923
f 6922 6896 6924
f 6926 6925 6924
f 6926 6924 6923
f 6928 6927 6925
f 6928 6925 6926
f 6930 6929 6927
f 6930 6927 6928
f 6929 6930 6901
f 6899 6929 6901
f 6931 6929 6899
f 6524 6931 6523
f 6931 6902 6523
f 6931 6899 6902
f 6523 6902 6495
f 6934 6933 6932
f 6932 6933 6905
f 6933 6904 6905
f 6933 6935 6904
f 6935 6526 6527
f 6906 6935 6527
f 6904 6935 6906
f 6906 6527 6497
f 6936 6908 6907
f 6936 6907 6909
f 6936 6909 6937
f 6937 6909 6910
f 6528 6914 6500
f 6938 6915 6914
f 6528 6938 6914
f 6529 6938 6528
f 6939 6529 6530
f 6939 6938 6529
f 6940 6530 6531
f 6940 6939 6530
f 6941 6531 6532
f 6941 6940 6531
f 6533 6917 6918
f 6941 6533 6918
f 6532 6533 6941
f 6917 6533 6505
f 6535 6943 6942
f 6921 6535 6942
f 6516 6535 6921
f 6945 6944 6943
f 6943 6944 6942
f 6945 6946 6944
f 6922 6537 6521
f 6537 6922 6539
f 6539 6922 6924
f 6539 6924 6541
f 6541 6924 6925
f 6541 6925 6542
f 6925 6947 6542
f 6925 6927 6947
f 6545 6947 6544
f 6947 6929 6544
f 6947 6927 6929
f 6544 6929 6546
f 6546 6929 6931
f 6546 6931 6524
f 6950 6949 6948
f 6948 6949 6934
f 6949 6933 6934
f 6949 6951 6933
f 6951 6548 6549
f 6935 6951 6549
f 6933 6951 6935
f 6935 6549 6526
f 6550 6943 6535
f 6943 6550 6552
f 6943 6552 6945
f 6953 6952 6554
f 6554 6952 6552
f 6952 6946 6552
f 6946 6945 6552
f 6955 6954 6953
f 6953 6954 6952
f 6957 6956 6955
f 6955 6956 6954
f 6957 6958 6956
f 6947 6555 6542
f 6555 6947 6545
f 6961 6960 6959
f 6963 6962 6960
f 6960 6962 6959
f 6962 6963 6950
f 6950 6963 6949
f 6963 6557 6949
f 6557 6558 6949
f 6949 6558 6559
f 6949 6559 6951
f 6951 6559 6548
f 6560 6953 6554
f 6953 6560 6562
f 6953 6562 6955
f 6955 6562 6564
f 6955 6564 6957
f 6964 6958 6957
f 6564 6964 6957
f 6566 6964 6564
f 6965 6566 6568
f 6965 6964 6566
f 6570 6960 6961
f 6965 6570 6961
f 6568 6570 6965
f 6960 6570 6572
f 6960 6572 6963
f 6963 6572 6557
f 6575 6966 6574
f 6967 6576 6574
f 6967 6574 6966
f 6967 6577 6576
f 6579 6968 6966
f 6579 6966 6575
f 6966 6969 6967
f 6966 6968 6969
f 6969 6580 6577
f 6969 6577 6967
f 6583 6968 6579
f 6968 6583 6585
f 6968 6585 6969
f 6969 6585 6580
f 6592 6970 6593
f 6971 6594 6593
f 6971 6593 6970
f 6972 6595 6594
f 6972 6594 6971
f 6973 6596 6595
f 6973 6595 6972
f 6973 6598 6596
f 6600 6974 6601
f 6975 6602 6601
f 6975 6601 6974
f 6602 6975 6976
f 6977 6602 6976
f 6604 6602 6977
f 6604 6978 6605
f 6977 6978 6604
f 6592 6605 6970
f 6605 6979 6970
f 6605 6978 6979
f 6970 6979 6971
f 6971 6979 6980
f 6971 6980 6972
f 6972 6980 6981
f 6972 6981 6973
f 6973 6981 6982
f 6982 6984 6983
f 6982 6983 6608
f 6973 6982 6608
f 6598 6973 6608
f 6983 6610 6608
f 6612 6985 6613
f 6974 6600 6613
f 6985 6974 6613
f 6986 6974 6985
f 6988 6975 6987
f 6975 6986 6987
f 6975 6974 6986
f 6975 6988 6976
f 6990 6989 6616
f 6616 6989 6617
f 6991 6616 6618
f 6991 6990 6616
f 6992 6618 6619
f 6992 6991 6618
f 6994 6992 6993
f 6992 6620 6993
f 6992 6619 6620
f 6622 6993 6620
f 6984 6995 6983
f 6610 6983 6995
f 6996 6610 6995
f 6624 6610 6996
f 6999 6998 6997
f 6627 6628 6997
f 6998 6627 6997
f 7000 6627 6998
f 6627 7001 6630
f 7000 7001 6627
f 6630 7002 6632
f 7001 7002 6630
f 6632 7003 6634
f 7002 7003 6632
f 6635 6634 7003
f 6635 7003 7004
f 6637 7005 6985
f 6637 6985 6612
f 7007 6986 7006
f 6986 7005 7006
f 6986 6985 7005
f 6986 7007 6987
f 7009 7008 6641
f 6641 7008 6640
f 6641 6617 6989
f 6641 6989 7009
f 7010 6994 6993
f 7012 7010 7011
f 7011 7010 6642
f 7010 6993 6642
f 6993 6622 6642
f 6643 7011 6642
f 6996 7013 6624
f 6624 7013 6644
f 7013 7015 7014
f 6645 7013 7014
f 6644 7013 6645
f 7014 6647 6645
f 7018 7017 7016
f 7020 7019 7016
f 7020 7016 7017
f 7021 7019 7020
f 7024 7023 7022
f 7026 7025 7022
f 7026 7022 7023
f 7025 7026 6999
f 7025 6999 6997
f 6650 7025 6997
f 6649 6650 6997
f 6649 6997 6628
f 7029 7028 7027
f 7031 7030 7027
f 7027 7030 7029
f 7031 7032 7030
f 7004 7033 6635
f 6635 7033 6651
f 6651 7034 6652
f 7033 7034 6651
f 6654 6652 7034
f 6654 7034 7035
f 6656 7036 6657
f 7005 6637 6657
f 7036 7005 6657
f 7037 7005 7036
f 7006 7005 7038
f 7038 7005 7037
f 7039 6660 6661
f 7040 7039 6661
f 6640 7040 6661
f 7008 7040 6640
f 7012 7011 7041
f 7012 7041 7042
f 6662 7043 6643
f 7043 7011 6643
f 7043 7041 7011
f 6664 7043 6662
f 7014 7015 7044
f 7044 7015 7045
f 7044 6666 6647
f 7044 6647 7014
f 7048 7047 7046
f 6668 6669 7046
f 7047 6668 7046
f 7049 6668 7047
f 6668 7050 6671
f 7049 7050 6668
f 7016 6673 7018
f 6673 7050 7018
f 6673 6671 7050
f 6673 7016 6675
f 6675 7016 7019
f 7021 7051 7019
f 7051 6675 7019
f 7051 6677 6675
f 7022 7052 6678
f 7051 7022 6678
f 6677 7051 6678
f 7024 7022 7051
f 6681 7052 6680
f 7052 7025 6680
f 7052 7022 7025
f 6680 7025 6650
f 7055 7054 7053
f 7055 7053 7028
f 7028 7053 7027
f 7053 6683 7027
f 6683 6684 7027
f 7027 6684 6685
f 7027 6685 7031
f 7056 7032 7031
f 6685 7056 7031
f 6686 7056 6685
f 7058 7056 7057
f 7056 6687 7057
f 7056 6686 6687
f 6688 7057 6687
f 7035 7059 6654
f 6654 7059 6689
f 7059 7061 7060
f 6690 7059 7060
f 6689 7059 6690
f 7060 6692 6690
f 6694 7062 7036
f 6694 7036 6656
f 7036 7063 7037
f 7036 7062 7063
f 7038 7037 7064
f 7064 7037 7063
f 7065 6697 7039
f 7039 6697 6660
f 7039 7040 7066
f 7039 7066 7065
f 7042 7041 7067
f 7042 7067 7068
f 7069 7041 7043
f 7067 7041 7069
f 6698 7069 6664
f 6664 7069 7043
f 7044 7045 7070
f 7070 7045 7071
f 7070 6700 6666
f 7070 6666 7044
f 7074 7073 7072
f 7076 7075 7072
f 7076 7072 7073
f 7075 7076 7048
f 7075 7048 7046
f 6703 7075 7046
f 6702 6703 7046
f 6702 7046 6669
f 7079 7078 7077
f 7081 7080 7077
f 7077 7080 7079
f 7083 7082 7081
f 7081 7082 7080
f 7083 7084 7082
f 7052 6705 6678
f 6705 7052 6681
f 7087 7086 7085
f 7089 7088 7086
f 7086 7088 7085
f 7088 7089 7054
f 7054 7089 7053
f 7089 6708 7053
f 6708 6709 7053
f 7053 6709 6683
f 7090 7058 7057
f 7090 7057 6688
f 6710 7090 6688
f 7091 7090 6710
f 6710 6712 7091
f 7091 6712 7092
f 7060 7061 7093
f 7093 7061 7094
f 7095 6713 6692
f 7060 7095 6692
f 7093 7095 7060
f 7095 6715 6713
f 6718 7096 7062
f 6718 7062 6694
f 7062 7097 7063
f 7062 7096 7097
f 7064 7099 7098
f 7099 7064 6721
f 7063 6721 7064
f 6721 7063 6720
f 7097 6720 7063
f 6697 7065 6721
f 7065 7099 6721
f 7065 7100 7099
f 7065 7066 7101
f 7065 7101 7100
f 7102 7068 7067
f 7104 7103 7102
f 7067 7104 7102
f 7069 7104 7067
f 6722 7104 6698
f 6698 7104 7069
f 7070 7071 7105
f 7105 7071 7106
f 7105 6724 6700
f 7105 6700 7070
f 7109 7108 7107
f 7111 7110 7107
f 7111 7107 7108
f 7113 7112 7110
f 7113 7110 7111
f 7115 7114 7112
f 7115 7112 7113
f 7114 7115 7074
f 7114 7074 7072
f 6727 7114 7072
f 6726 6727 7072
f 6726 7072 6729
f 6729 7072 7075
f 6729 7075 6703
f 7118 7117 7116
f 7120 7119 7117
f 7117 7119 7116
f 7119 7120 7078
f 7078 7120 7077
f 7120 6731 7077
f 6731 6732 7077
f 7077 6732 6733
f 7077 6733 7081
f 7081 6733 6735
f 7121 7081 6735
f 7083 7081 7121
f 7084 7083 7122
f 7083 7123 7122
f 7083 7121 7123
f 7125 7124 7123
f 7123 7124 7122
f 7124 7125 7087
f 7125 7086 7087
f 7125 7126 7086
f 7126 6739 6740
f 7089 7126 6740
f 7086 7126 7089
f 7089 6740 6708
f 6712 6741 7127
f 7128 6712 7127
f 7092 6712 7128
f 7094 7129 7093
f 7127 6741 6743
f 7131 7130 7129
f 7130 7093 7129
f 7130 7095 7093
f 7130 6745 6715
f 7130 6715 7095
f 6748 7132 7096
f 6748 7096 6718
f 7096 7133 7097
f 7096 7132 7133
f 7098 7099 7134
f 6750 7134 7099
f 7134 6750 7133
f 6720 7133 6750
f 7133 6720 7097
f 6750 7099 6752
f 7099 7135 6752
f 7099 7100 7135
f 7100 7101 7136
f 7100 7136 7135
f 7103 7104 7137
f 7103 7137 7138
f 6754 7137 6722
f 6722 7137 7104
f 7105 7106 7139
f 7139 7106 7140
f 7139 6756 6724
f 7139 6724 7105
f 7109 7107 7141
f 7109 7141 7142
f 7143 7107 7110
f 7141 7107 7143
f 6759 7143 6758
f 7143 7112 6758
f 7143 7110 7112
f 6758 7112 6761
f 6761 7112 7114
f 6761 7114 6727
f 7146 7145 7144
f 7146 7144 7118
f 7144 7117 7118
f 7144 7147 7117
f 7147 6765 6766
f 7120 7147 6766
f 7117 7147 7120
f 6731 7120 6766
f 6767 6768 7148
f 7149 6769 6767
f 7149 6767 7148
f 7121 6735 6769
f 7149 7121 6769
f 7150 7121 7149
f 7152 7123 7151
f 7123 7150 7151
f 7123 7121 7150
f 7123 7152 7125
f 7125 7152 7153
f 7155 7154 7153
f 7154 7125 7153
f 7154 7126 7125
f 7154 6773 6739
f 7154 6739 7126
f 7128 7127 7156
f 7128 7156 7157
f 6775 7156 6743
f 6743 7156 7127
f 7130 7131 7158
f 7158 7131 7159
f 7160 6776 6745
f 7130 7160 6745
f 7158 7160 7130
f 7160 6778 6776
f 6780 7161 7132
f 6780 7132 6748
f 7132 7162 7133
f 7132 7161 7162
f 7134 7133 7163
f 7163 7133 7162
f 7164 6783 7135
f 7135 6783 6752
f 7135 7136 7165
f 7166 7135 7165
f 7164 7135 7166
f 7167 7166 7165
f 7138 7137 7168
f 7138 7168 7169
f 6785 7168 6754
f 6754 7168 7137
f 7139 7140 7170
f 7170 7140 7171
f 7172 6786 6756
f 7139 7172 6756
f 7170 7172 7139
f 7172 6788 6786
f 7142 7141 6790
f 6791 7142 6790
f 7173 7142 6791
f 6790 7174 6793
f 7174 6790 7175
f 7141 7175 6790
f 7175 7141 7176
f 7143 7176 7141
f 7176 7143 7177
f 7143 6759 7177
f 6793 7174 7177
f 6793 7177 6759
f 7180 7179 7178
f 7180 7178 7145
f 7178 7144 7145
f 7178 7181 7144
f 7144 7182 7147
f 7144 7181 7182
f 7183 6799 6765
f 7147 7183 6765
f 7182 7183 7147
f 7148 6768 6799
f 7183 7148 6799
f 7184 7148 7183
f 7148 7185 7149
f 7148 7184 7185
f 7187 7150 7186
f 7150 7185 7186
f 7150 7149 7185
f 7150 7187 7151
f 7188 6804 6805
f 7155 7189 7154
f 7188 6805 6806
f 7189 7191 7190
f 7189 7190 6807
f 7154 7189 6807
f 6773 7154 6807
f 7190 6808 6807
f 7157 7156 7192
f 7157 7192 7193
f 6810 7192 6775
f 6775 7192 7156
f 7158 7159 7194
f 7194 7159 7195
f 7158 7196 7160
f 7158 7194 7196
f 7196 6813 6778
f 7196 6778 7160
f 6815 7161 6780
f 7161 6815 6817
f 7197 7161 6817
f 7162 7161 7197
f 7163 7162 7198
f 7198 7162 7197
f 7199 6819 7164
f 7164 6819 6783
f 7200 7164 7166
f 7199 7164 7200
f 7166 7167 7201
f 7202 7166 7201
f 7200 7166 7202
f 7203 7202 7201
f 7206 7205 7204
f 7204 7205 7169
f 7168 7204 7169
f 7207 7204 7168
f 6821 7207 6785
f 6785 7207 7168
f 7170 7171 7208
f 7208 7171 7209
f 7170 7210 7172
f 7170 7208 7210
f 7210 6823 6788
f 7210 6788 7172
f 6825 7173 6791
f 6825 7211 7173
f 7174 7175 7212
f 7212 7175 7213
f 7177 7174 7214
f 7174 7215 7214
f 7174 7212 7215
f 7215 7216 7214
f 7179 7217 7178
f 7178 7217 7181
f 7181 7217 7218
f 7181 7218 7182
f 7182 7218 7219
f 7182 7219 7183
f 7183 7219 7220
f 7183 7220 7184
f 7184 7220 7221
f 7184 7221 7185
f 7185 7221 7222
f 7185 7222 7186
f 7223 6836 6837
f 7224 7223 6837
f 7224 6837 6804
f 7225 7224 6804
f 7188 7225 6804
f 7188 6806 7225
f 6806 7226 7225
f 6806 6839 7226
f 7191 7227 7190
f 6841 6808 7190
f 7228 6841 7190
f 7227 7228 7190
f 6841 7228 7229
f 7230 7229 7228
f 7233 7232 7231
f 7231 7232 7193
f 7231 7193 7192
f 6844 7231 7192
f 6843 6844 7192
f 6843 7192 6810
f 7194 7195 7234
f 7234 7195 7235
f 7234 6847 6845
f 7196 7234 6845
f 7194 7234 7196
f 7196 6845 6813
f 6851 7236 7197
f 6851 7197 6817
f 7198 7197 7237
f 7237 7197 7236
f 7238 6853 7199
f 7199 6853 6819
f 7239 7199 7200
f 7238 7199 7239
f 7240 7200 7202
f 7239 7200 7240
f 7202 7203 7241
f 7242 7202 7241
f 7240 7202 7242
f 7243 7242 7241
f 7246 7245 7244
f 7244 7245 7206
f 7204 7244 7206
f 7247 7244 7204
f 6856 7247 6855
f 7247 7207 6855
f 7247 7204 7207
f 6855 7207 6821
f 7208 7209 7248
f 7248 7209 7249
f 7248 6859 6860
f 7210 7248 6860
f 7208 7248 7210
f 7210 6860 6823
f 6862 7211 6825
f 6862 7250 7211
f 7212 7213 7251
f 7251 7213 7252
f 7254 7215 7253
f 7215 7251 7253
f 7215 7212 7251
f 7255 6865 6866
f 7254 7216 7215
f 6867 7256 6866
f 6866 7256 7255
f 6868 7257 6867
f 6867 7257 7256
f 6869 7258 6868
f 6868 7258 7257
f 6870 7259 6869
f 6869 7259 7258
f 6871 7260 6870
f 6870 7260 7259
f 6872 7261 6871
f 6871 7261 7260
f 7261 6872 7262
f 6872 7263 7262
f 6872 6873 7263
f 6873 6836 7223
f 7264 6873 7223
f 7263 6873 7264
f 7264 7223 7224
f 7265 7226 6839
f 7265 6839 6874
f 7266 6874 6875
f 7266 7265 6874
f 6875 6841 7266
f 7229 7266 6841
f 7266 7229 7267
f 6876 7267 7229
f 7267 6876 6877
f 7230 7268 7229
f 7268 6876 7229
f 7268 6878 6876
f 6878 7269 6879
f 7268 7269 6878
f 7271 7270 6880
f 6879 7271 6880
f 7269 7271 6879
f 6882 6883 7270
f 7271 6882 7270
f 7272 6882 7271
f 7231 6884 7233
f 6884 7272 7233
f 6884 6882 7272
f 6884 7231 6844
f 7275 7274 7273
f 7275 7273 7235
f 7235 7273 7234
f 7273 6886 7234
f 6886 6887 7234
f 7234 6887 6847
f 6892 7276 7236
f 6892 7236 6851
f 7237 7236 7277
f 7236 7278 7277
f 7236 7276 7278
f 7238 6894 6853
f 7279 7277 7278
f 6894 7238 6897
f 6897 7238 7239
f 6897 7239 6898
f 7239 7280 6898
f 7239 7240 7280
f 7281 7240 7242
f 7280 7240 7281
f 7242 7243 7282
f 7283 7242 7282
f 7281 7242 7283
f 7283 7282 7246
f 7244 7283 7246
f 7284 7283 7244
f 6901 7284 6900
f 7284 7247 6900
f 7284 7244 7247
f 6900 7247 6856
f 7287 7286 7285
f 7287 7285 7249
f 7249 7285 7248
f 7285 6905 7248
f 6905 6903 7248
f 7248 6903 6859
f 6908 7250 6862
f 6908 7288 7250
f 7252 7289 7251
f 7290 6910 6911
f 7289 7253 7251
f 7291 7290 6911
f 7291 6911 6865
f 7292 7291 6865
f 7255 7292 6865
f 7292 7255 7256
f 7292 7256 7293
f 7293 7256 7257
f 7293 7257 7294
f 7294 7257 7258
f 7294 7258 7295
f 7295 7258 7259
f 7295 7259 7296
f 7296 7259 7260
f 7296 7260 7297
f 7297 7260 7261
f 7297 7261 7298
f 7298 7261 7262
f 7299 7267 6877
f 7299 6877 6912
f 7300 6912 6913
f 7300 7299 6912
f 6913 6915 7300
f 7300 6915 7301
f 7270 6916 6880
f 6916 7270 6883
f 7304 7303 7302
f 6918 6919 7302
f 6919 7304 7302
f 6919 7305 7304
f 6920 7273 7274
f 7305 6920 7274
f 6919 6920 7305
f 7273 6920 6886
f 6921 7306 7276
f 6921 7276 6892
f 7276 7307 7278
f 7276 7306 7307
f 7279 7278 7308
f 7278 7309 7308
f 7278 7307 7309
f 7311 7310 7309
f 7309 7310 7308
f 7280 6923 6898
f 7312 7310 7311
f 6923 7280 6926
f 6926 7280 7281
f 6926 7281 6928
f 6928 7281 7283
f 6928 7283 6930
f 6930 7283 7284
f 6930 7284 6901
f 7315 7314 7313
f 7315 7313 7286
f 7286 7313 7285
f 7313 6934 7285
f 6934 6932 7285
f 7285 6932 6905
f 7316 7288 6908
f 7316 6908 6936
f 7317 6936 6937
f 7317 7316 6936
f 6937 6910 7290
f 7318 6937 7290
f 7317 6937 7318
f 7318 7290 7291
f 7319 7301 6915
f 7319 6915 6938
f 7320 6938 6939
f 7320 7319 6938
f 7321 6939 6940
f 7321 7320 6939
f 6941 7302 7303
f 7321 6941 7303
f 6940 6941 7321
f 7302 6941 6918
f 6942 7306 6921
f 7306 6942 6944
f 7306 6944 7307
f 7307 6944 6946
f 7322 7307 6946
f 7309 7307 7322
f 7309 7323 7311
f 7309 7322 7323
f 7312 7311 7324
f 7311 7325 7324
f 7311 7323 7325
f 7327 7326 7325
f 7325 7326 7324
f 7329 7328 7327
f 7327 7328 7326
f 7331 7330 7329
f 7329 7330 7328
f 7333 7332 7331
f 7331 7332 7330
f 7332 7333 7314
f 7314 7333 7313
f 7333 6950 7313
f 6950 6948 7313
f 7313 6948 6934
f 6952 7322 6946
f 7322 6952 6954
f 7322 6954 7323
f 7323 6954 6956
f 7323 6956 7325
f 7325 6956 6958
f 7334 7325 6958
f 7327 7325 7334
f 7327 7335 7329
f 7327 7334 7335
f 7335 6961 6959
f 7331 7335 6959
f 7329 7335 7331
f 7331 6959 6962
f 7331 6962 7333
f 7333 6962 6950
f 6964 7334 6958
f 7334 6964 6965
f 7334 6965 7335
f 7335 6965 6961
f 7338 7337 7336
f 7340 7339 7336
f 7340 7336 7337
f 7341 7339 7340
f 7344 7343 7342
f 6977 6976 7342
f 7343 6977 7342
f 7345 6977 7343
f 7336 6978 7338
f 6978 7345 7338
f 6978 6977 7345
f 6978 7336 6979
f 6979 7336 7339
f 7341 7346 7339
f 7346 6979 7339
f 7346 6980 6979
f 6980 7347 6981
f 7346 7347 6980
f 7347 7349 7348
f 6982 7347 7348
f 6981 7347 6982
f 7348 6984 6982
f 7344 7342 6988
f 6987 7344 6988
f 7350 7344 6987
f 6988 7342 6976
f 7352 7351 6990
f 6990 7351 6989
f 7353 6990 6991
f 7353 7352 6990
f 7354 6991 6992
f 7354 7353 6991
f 6992 6994 7354
f 7354 6994 7355
f 7349 7356 7348
f 7356 7358 7357
f 7356 7357 6995
f 7348 7356 6995
f 6984 7348 6995
f 7357 6996 6995
f 7360 7359 6998
f 7360 6998 6999
f 6998 7361 7000
f 7359 7361 6998
f 7000 7362 7001
f 7361 7362 7000
f 7001 7363 7002
f 7362 7363 7001
f 7002 7364 7003
f 7363 7364 7002
f 7004 7003 7364
f 7004 7364 7365
f 7006 7366 7007
f 7366 7367 7007
f 7367 6987 7007
f 7367 7350 6987
f 7369 7368 7009
f 7009 7368 7008
f 7009 6989 7351
f 7009 7351 7369
f 6994 7010 7370
f 7371 6994 7370
f 7355 6994 7371
f 7012 7370 7010
f 7357 7358 7372
f 7372 7358 7373
f 7374 7013 6996
f 7357 7374 6996
f 7372 7374 7357
f 7374 7015 7013
f 7376 7375 7017
f 7376 7017 7018
f 7017 7377 7020
f 7375 7377 7017
f 7379 7378 7021
f 7020 7379 7021
f 7377 7379 7020
f 7023 7024 7378
f 7379 7023 7378
f 7380 7023 7379
f 7023 7381 7026
f 7380 7381 7023
f 6999 7026 7360
f 7360 7026 7381
f 7384 7383 7382
f 7028 7029 7382
f 7029 7384 7382
f 7029 7385 7384
f 7386 7029 7030
f 7386 7385 7029
f 7030 7032 7386
f 7386 7032 7387
f 7365 7388 7004
f 7004 7388 7033
f 7388 7390 7389
f 7034 7388 7389
f 7033 7388 7034
f 7389 7035 7034
f 7038 7391 7366
f 7038 7366 7006
f 7367 7366 7392
f 7392 7366 7391
f 7368 7040 7008
f 7393 7040 7368
f 7394 7371 7370
f 7370 7012 7394
f 7012 7395 7394
f 7012 7042 7395
f 7372 7373 7396
f 7396 7373 7397
f 7372 7398 7374
f 7372 7396 7398
f 7398 7045 7015
f 7398 7015 7374
f 7400 7399 7047
f 7400 7047 7048
f 7047 7401 7049
f 7399 7401 7047
f 7049 7402 7050
f 7401 7402 7049
f 7018 7050 7376
f 7376 7050 7402
f 7378 7051 7021
f 7051 7378 7024
f 7405 7404 7403
f 7407 7406 7404
f 7404 7406 7403
f 7409 7408 7407
f 7407 7408 7406
f 7408 7409 7383
f 7383 7409 7382
f 7409 7054 7382
f 7054 7055 7382
f 7382 7055 7028
f 7410 7387 7032
f 7410 7032 7056
f 7056 7058 7410
f 7410 7058 7411
f 7390 7412 7389
f 7412 7414 7413
f 7412 7413 7059
f 7389 7412 7059
f 7035 7389 7059
f 7413 7061 7059
f 7064 7415 7391
f 7064 7391 7038
f 7392 7391 7416
f 7416 7391 7415
f 7393 7066 7040
f 7417 7066 7393
f 7068 7395 7042
f 7068 7418 7395
f 7397 7419 7396
f 7421 7420 7419
f 7420 7396 7419
f 7420 7398 7396
f 7420 7071 7045
f 7420 7045 7398
f 7424 7423 7422
f 7426 7425 7422
f 7426 7422 7423
f 7428 7427 7425
f 7428 7425 7426
f 7430 7429 7427
f 7430 7427 7428
f 7073 7074 7429
f 7430 7073 7429
f 7431 7073 7430
f 7073 7432 7076
f 7431 7432 7073
f 7048 7433 7400
f 7433 7048 7434
f 7076 7434 7048
f 7434 7076 7435
f 7432 7435 7076
f 7437 7436 7434
f 7434 7436 7433
f 7078 7079 7437
f 7079 7436 7437
f 7079 7438 7436
f 7439 7079 7080
f 7439 7438 7079
f 7440 7080 7082
f 7440 7439 7080
f 7442 7441 7084
f 7441 7082 7084
f 7441 7440 7082
f 7441 7442 7405
f 7442 7404 7405
f 7442 7443 7404
f 7443 7087 7085
f 7407 7443 7085
f 7404 7443 7407
f 7407 7085 7088
f 7407 7088 7409
f 7409 7088 7054
f 7444 7411 7058
f 7444 7058 7090
f 7446 7444 7445
f 7444 7091 7445
f 7444 7090 7091
f 7414 7447 7413
f 7445 7091 7092
f 7061 7413 7447
f 7448 7061 7447
f 7094 7061 7448
f 7098 7449 7415
f 7098 7415 7064
f 7416 7415 7450
f 7450 7415 7449
f 7417 7101 7066
f 7451 7101 7417
f 7454 7453 7452
f 7455 7452 7102
f 7452 7418 7102
f 7418 7068 7102
f 7418 7452 7453
f 7103 7455 7102
f 7420 7421 7456
f 7456 7421 7457
f 7456 7106 7071
f 7456 7071 7420
f 7424 7422 7108
f 7109 7424 7108
f 7458 7424 7109
f 7108 7422 7111
f 7111 7422 7425
f 7111 7425 7113
f 7113 7425 7427
f 7113 7427 7115
f 7115 7427 7429
f 7115 7429 7074
f 7461 7460 7459
f 7461 7459 7435
f 7435 7459 7434
f 7459 7118 7434
f 7118 7116 7434
f 7434 7116 7119
f 7434 7119 7437
f 7437 7119 7078
f 7122 7442 7084
f 7442 7122 7124
f 7442 7124 7443
f 7443 7124 7087
f 7446 7445 7462
f 7446 7462 7463
f 7128 7462 7092
f 7092 7462 7445
f 7129 7094 7464
f 7094 7465 7464
f 7094 7448 7465
f 7464 7131 7129
f 7134 7466 7449
f 7134 7449 7098
f 7450 7449 7467
f 7467 7449 7466
f 7469 7136 7468
f 7136 7451 7468
f 7136 7101 7451
f 7470 7469 7468
f 7473 7472 7471
f 7471 7472 7454
f 7452 7471 7454
f 7474 7471 7452
f 7475 7452 7455
f 7474 7452 7475
f 7138 7475 7103
f 7103 7475 7455
f 7456 7457 7476
f 7476 7457 7477
f 7476 7140 7106
f 7476 7106 7456
f 7142 7458 7109
f 7142 7478 7458
f 7481 7480 7479
f 7483 7482 7479
f 7479 7482 7481
f 7485 7484 7483
f 7483 7484 7482
f 7487 7486 7485
f 7485 7486 7484
f 7486 7487 7460
f 7460 7487 7459
f 7487 7145 7459
f 7145 7146 7459
f 7459 7146 7118
f 7151 7488 7152
f 7489 7153 7152
f 7489 7152 7488
f 7489 7155 7153
f 7490 7463 7462
f 7462 7128 7490
f 7128 7491 7490
f 7128 7157 7491
f 7464 7465 7492
f 7492 7465 7493
f 7492 7159 7131
f 7492 7131 7464
f 7163 7494 7466
f 7163 7466 7134
f 7467 7466 7495
f 7466 7496 7495
f 7466 7494 7496
f 7469 7165 7136
f 7497 7495 7496
f 7499 7498 7167
f 7499 7167 7165
f 7470 7499 7165
f 7469 7470 7165
f 7501 7500 7498
f 7501 7498 7499
f 7500 7501 7473
f 7471 7500 7473
f 7502 7500 7471
f 7503 7471 7474
f 7502 7471 7503
f 7504 7474 7475
f 7503 7474 7504
f 7169 7504 7138
f 7138 7504 7475
f 7476 7477 7505
f 7505 7477 7506
f 7505 7171 7140
f 7505 7140 7476
f 7173 7478 7142
f 7173 7507 7478
f 7479 7480 7176
f 7480 7175 7176
f 7480 7508 7175
f 7479 7176 7177
f 7509 7479 7177
f 7483 7479 7509
f 7483 7510 7485
f 7483 7509 7510
f 7510 7179 7180
f 7487 7510 7180
f 7485 7510 7487
f 7487 7180 7145
f 7186 7511 7187
f 7511 7512 7187
f 7187 7512 7151
f 7512 7513 7151
f 7513 7488 7151
f 7488 7513 7489
f 7489 7513 7514
f 7489 7514 7155
f 7514 7189 7155
f 7514 7515 7189
f 7517 7516 7191
f 7189 7517 7191
f 7515 7517 7189
f 7518 7516 7517
f 7193 7491 7157
f 7193 7519 7491
f 7492 7493 7520
f 7520 7493 7521
f 7520 7195 7159
f 7520 7159 7492
f 7198 7522 7494
f 7198 7494 7163
f 7494 7523 7496
f 7494 7522 7523
f 7497 7496 7524
f 7524 7496 7523
f 7498 7201 7167
f 7201 7498 7203
f 7498 7525 7203
f 7498 7500 7525
f 7526 7500 7502
f 7525 7500 7526
f 7527 7502 7503
f 7526 7502 7527
f 7206 7527 7205
f 7527 7504 7205
f 7527 7503 7504
f 7205 7504 7169
f 7505 7506 7528
f 7528 7506 7529
f 7528 7209 7171
f 7528 7171 7505
f 7211 7507 7173
f 7211 7530 7507
f 7508 7213 7175
f 7531 7213 7508
f 7214 7509 7177
f 7509 7214 7216
f 7532 7509 7216
f 7510 7509 7532
f 7533 7217 7179
f 7510 7533 7179
f 7532 7533 7510
f 7534 7218 7217
f 7534 7217 7533
f 7535 7219 7218
f 7535 7218 7534
f 7536 7220 7219
f 7536 7219 7535
f 7537 7221 7220
f 7537 7220 7536
f 7221 7537 7538
f 7539 7221 7538
f 7222 7221 7539
f 7186 7222 7511
f 7222 7540 7511
f 7222 7539 7540
f 7511 7540 7512
f 7542 7541 7225
f 7225 7541 7224
f 7544 7543 7226
f 7543 7225 7226
f 7543 7542 7225
f 7516 7227 7191
f 7545 7543 7544
f 7518 7546 7516
f 7546 7227 7516
f 7546 7228 7227
f 7548 7547 7230
f 7228 7548 7230
f 7546 7548 7228
f 7549 7547 7548
f 7551 7550 7232
f 7551 7232 7233
f 7193 7232 7519
f 7519 7232 7550
f 7520 7521 7552
f 7552 7521 7553
f 7552 7235 7195
f 7552 7195 7520
f 7237 7554 7522
f 7237 7522 7198
f 7522 7555 7523
f 7522 7554 7555
f 7524 7523 7556
f 7556 7523 7555
f 7525 7241 7203
f 7241 7525 7243
f 7525 7557 7243
f 7525 7526 7557
f 7246 7557 7245
f 7557 7527 7245
f 7557 7526 7527
f 7245 7527 7206
f 7560 7559 7558
f 7560 7558 7529
f 7558 7528 7529
f 7558 7561 7528
f 7561 7249 7209
f 7561 7209 7528
f 7250 7530 7211
f 7250 7562 7530
f 7531 7252 7213
f 7563 7252 7531
f 7565 7564 7254
f 7565 7254 7253
f 7216 7254 7532
f 7254 7566 7532
f 7254 7564 7566
f 7532 7566 7533
f 7533 7566 7567
f 7533 7567 7534
f 7534 7567 7568
f 7534 7568 7535
f 7535 7568 7569
f 7535 7569 7536
f 7536 7569 7570
f 7536 7570 7537
f 7537 7570 7571
f 7537 7571 7538
f 7572 7262 7263
f 7572 7263 7573
f 7263 7574 7573
f 7263 7264 7574
f 7264 7224 7541
f 7264 7541 7574
f 7265 7544 7226
f 7575 7545 7544
f 7265 7575 7544
f 7266 7575 7265
f 7266 7267 7575
f 7575 7267 7576
f 7547 7268 7230
f 7549 7577 7547
f 7577 7268 7547
f 7577 7269 7268
f 7269 7578 7271
f 7577 7578 7269
f 7271 7579 7272
f 7578 7579 7271
f 7233 7272 7551
f 7551 7272 7579
f 7582 7581 7580
f 7582 7580 7553
f 7553 7580 7552
f 7580 7274 7552
f 7274 7275 7552
f 7552 7275 7235
f 7277 7554 7237
f 7554 7277 7279
f 7583 7554 7279
f 7555 7554 7583
f 7556 7555 7584
f 7555 7585 7584
f 7555 7583 7585
f 7587 7586 7585
f 7585 7586 7584
f 7587 7588 7586
f 7557 7282 7243
f 7282 7557 7246
f 7591 7590 7589
f 7591 7589 7559
f 7589 7558 7559
f 7589 7592 7558
f 7592 7286 7287
f 7561 7592 7287
f 7558 7592 7561
f 7561 7287 7249
f 7288 7562 7250
f 7288 7593 7562
f 7563 7594 7252
f 7252 7594 7289
f 7253 7289 7565
f 7565 7289 7594
f 7596 7595 7292
f 7292 7595 7291
f 7597 7292 7293
f 7597 7596 7292
f 7598 7293 7294
f 7598 7597 7293
f 7599 7294 7295
f 7599 7598 7294
f 7600 7295 7296
f 7600 7599 7295
f 7601 7296 7297
f 7601 7600 7296
f 7602 7297 7298
f 7602 7601 7297
f 7298 7262 7572
f 7603 7298 7572
f 7602 7298 7603
f 7603 7572 7573
f 7604 7576 7267
f 7604 7267 7299
f 7605 7299 7300
f 7605 7604 7299
f 7607 7606 7301
f 7606 7300 7301
f 7606 7605 7300
f 7609 7608 7607
f 7607 7608 7606
f 7611 7610 7609
f 7609 7610 7608
f 7303 7304 7611
f 7304 7610 7611
f 7304 7612 7610
f 7305 7580 7581
f 7612 7305 7581
f 7304 7305 7612
f 7580 7305 7274
f 7308 7583 7279
f 7583 7308 7310
f 7583 7310 7585
f 7585 7310 7312
f 7613 7585 7312
f 7587 7585 7613
f 7588 7587 7614
f 7587 7615 7614
f 7587 7613 7615
f 7617 7616 7615
f 7615 7616 7614
f 7619 7618 7617
f 7617 7618 7616
f 7618 7619 7590
f 7619 7589 7590
f 7619 7620 7589
f 7620 7314 7315
f 7592 7620 7315
f 7589 7620 7592
f 7592 7315 7286
f 7621 7593 7288
f 7621 7288 7316
f 7622 7316 7317
f 7622 7621 7316
f 7623 7317 7318
f 7623 7622 7317
f 7318 7291 7595
f 7318 7595 7623
f 7319 7607 7301
f 7607 7319 7320
f 7607 7320 7609
f 7609 7320 7321
f 7609 7321 7611
f 7611 7321 7303
f 7324 7613 7312
f 7613 7324 7326
f 7613 7326 7615
f 7615 7326 7328
f 7615 7328 7617
f 7617 7328 7330
f 7617 7330 7619
f 7619 7330 7332
f 7619 7332 7620
f 7620 7332 7314
f 7626 7625 7624
f 7337 7338 7624
f 7625 7337 7624
f 7627 7337 7625
f 7337 7628 7340
f 7627 7628 7337
f 7630 7629 7341
f 7340 7630 7341
f 7628 7630 7340
f 7632 7631 7629
f 7632 7629 7630
f 7633 7631 7632
f 7635 7634 7343
f 7635 7343 7344
f 7624 7345 7626
f 7345 7634 7626
f 7345 7343 7634
f 7345 7624 7338
f 7638 7637 7636
f 7629 7346 7341
f 7639 7638 7636
f 7346 7629 7347
f 7347 7629 7631
f 7349 7347 7631
f 7633 7349 7631
f 7640 7349 7633
f 7350 7635 7344
f 7350 7641 7635
f 7644 7643 7642
f 7351 7352 7642
f 7352 7644 7642
f 7352 7645 7644
f 7353 7636 7637
f 7645 7353 7637
f 7352 7353 7645
f 7646 7639 7636
f 7353 7646 7636
f 7354 7646 7353
f 7354 7355 7646
f 7646 7355 7647
f 7640 7648 7349
f 7349 7648 7356
f 7358 7356 7648
f 7358 7648 7649
f 7652 7651 7650
f 7359 7360 7650
f 7651 7359 7650
f 7653 7359 7651
f 7359 7654 7361
f 7653 7654 7359
f 7361 7655 7362
f 7654 7655 7361
f 7362 7656 7363
f 7655 7656 7362
f 7656 7658 7657
f 7364 7656 7657
f 7363 7656 7364
f 7657 7365 7364
f 7367 7641 7350
f 7367 7659 7641
f 7642 7643 7369
f 7643 7368 7369
f 7643 7660 7368
f 7642 7369 7351
f 7371 7662 7661
f 7647 7371 7661
f 7355 7371 7647
f 7662 7663 7661
f 7649 7373 7358
f 7664 7373 7649
f 7667 7666 7665
f 7669 7668 7665
f 7669 7665 7666
f 7671 7670 7668
f 7671 7668 7669
f 7672 7670 7671
f 7674 7673 7375
f 7674 7375 7376
f 7375 7675 7377
f 7673 7675 7375
f 7377 7676 7379
f 7675 7676 7377
f 7379 7677 7380
f 7676 7677 7379
f 7650 7381 7652
f 7381 7677 7652
f 7381 7380 7677
f 7381 7650 7360
f 7680 7679 7678
f 7383 7384 7679
f 7384 7678 7679
f 7384 7681 7678
f 7683 7681 7682
f 7681 7385 7682
f 7681 7384 7385
f 7386 7684 7385
f 7385 7684 7682
f 7658 7685 7657
f 7684 7386 7387
f 7657 7685 7365
f 7685 7388 7365
f 7685 7686 7388
f 7390 7388 7686
f 7390 7686 7687
f 7392 7659 7367
f 7392 7688 7659
f 7660 7393 7368
f 7689 7393 7660
f 7394 7662 7371
f 7394 7395 7662
f 7395 7663 7662
f 7395 7690 7663
f 7664 7397 7373
f 7691 7397 7664
f 7667 7665 7692
f 7667 7692 7693
f 7694 7665 7668
f 7692 7665 7694
f 7695 7668 7670
f 7694 7668 7695
f 7670 7672 7696
f 7670 7696 7695
f 7698 7697 7399
f 7698 7399 7400
f 7399 7699 7401
f 7697 7699 7399
f 7401 7700 7402
f 7699 7700 7401
f 7376 7402 7674
f 7674 7402 7700
f 7703 7702 7701
f 7705 7704 7701
f 7701 7704 7703
f 7405 7403 7705
f 7403 7704 7705
f 7403 7706 7704
f 7707 7403 7406
f 7707 7706 7403
f 7408 7679 7680
f 7707 7408 7680
f 7406 7408 7707
f 7679 7408 7383
f 7708 7683 7682
f 7708 7682 7684
f 7708 7684 7709
f 7711 7709 7710
f 7710 7709 7410
f 7709 7684 7410
f 7684 7387 7410
f 7411 7710 7410
f 7687 7712 7390
f 7390 7712 7412
f 7414 7412 7712
f 7414 7712 7713
f 7416 7688 7392
f 7416 7714 7688
f 7689 7417 7393
f 7715 7417 7689
f 7718 7717 7716
f 7717 7690 7716
f 7690 7418 7716
f 7690 7395 7418
f 7419 7397 7719
f 7397 7720 7719
f 7397 7691 7720
f 7719 7421 7419
f 7693 7692 7423
f 7424 7693 7423
f 7721 7693 7424
f 7423 7692 7426
f 7426 7692 7694
f 7426 7694 7428
f 7428 7694 7695
f 7696 7722 7695
f 7722 7428 7695
f 7722 7430 7428
f 7430 7723 7431
f 7722 7723 7430
f 7431 7724 7432
f 7723 7724 7431
f 7400 7433 7698
f 7725 7698 7433
f 7698 7725 7724
f 7435 7724 7725
f 7724 7435 7432
f 7725 7433 7726
f 7433 7727 7726
f 7433 7436 7727
f 7728 7436 7438
f 7728 7727 7436
f 7729 7438 7439
f 7729 7728 7438
f 7440 7701 7702
f 7729 7440 7702
f 7439 7440 7729
f 7701 7440 7441
f 7701 7441 7705
f 7705 7441 7405
f 7730 7711 7710
f 7732 7730 7731
f 7731 7730 7444
f 7730 7710 7444
f 7710 7411 7444
f 7446 7731 7444
f 7447 7414 7733
f 7414 7734 7733
f 7414 7713 7734
f 7733 7448 7447
f 7450 7714 7416
f 7450 7735 7714
f 7737 7451 7736
f 7451 7715 7736
f 7451 7417 7715
f 7738 7737 7736
f 7718 7716 7453
f 7454 7718 7453
f 7739 7718 7454
f 7453 7716 7418
f 7742 7741 7740
f 7740 7741 7720
f 7741 7719 7720
f 7741 7743 7719
f 7743 7457 7421
f 7743 7421 7719
f 7458 7721 7424
f 7458 7744 7721
f 7747 7746 7745
f 7749 7748 7745
f 7745 7748 7747
f 7749 7750 7748
f 7752 7751 7461
f 7461 7751 7460
f 7461 7435 7725
f 7753 7461 7725
f 7752 7461 7753
f 7753 7725 7726
f 7754 7732 7731
f 7731 7446 7754
f 7446 7755 7754
f 7446 7463 7755
f 7733 7734 7756
f 7756 7734 7757
f 7756 7465 7448
f 7756 7448 7733
f 7467 7759 7758
f 7735 7467 7758
f 7450 7467 7735
f 7737 7468 7451
f 7760 7758 7759
f 7762 7761 7470
f 7762 7470 7468
f 7738 7762 7468
f 7737 7738 7468
f 7764 7763 7761
f 7764 7761 7762
f 7472 7473 7763
f 7764 7472 7763
f 7765 7472 7764
f 7454 7472 7739
f 7739 7472 7765
f 7741 7742 7766
f 7766 7742 7767
f 7741 7768 7743
f 7741 7766 7768
f 7768 7477 7457
f 7768 7457 7743
f 7478 7744 7458
f 7478 7769 7744
f 7745 7746 7481
f 7746 7480 7481
f 7746 7770 7480
f 7745 7481 7482
f 7745 7482 7749
f 7771 7750 7749
f 7482 7771 7749
f 7484 7771 7482
f 7772 7484 7486
f 7772 7771 7484
f 7486 7460 7751
f 7486 7751 7772
f 7463 7490 7773
f 7774 7463 7773
f 7755 7463 7774
f 7757 7775 7756
f 7773 7490 7491
f 7465 7756 7775
f 7776 7465 7775
f 7493 7465 7776
f 7495 7759 7467
f 7778 7777 7497
f 7497 7777 7495
f 7777 7760 7495
f 7760 7759 7495
f 7761 7499 7470
f 7779 7777 7778
f 7499 7761 7501
f 7501 7761 7763
f 7501 7763 7473
f 7782 7781 7780
f 7782 7780 7767
f 7780 7766 7767
f 7780 7783 7766
f 7766 7784 7768
f 7766 7783 7784
f 7784 7506 7477
f 7784 7477 7768
f 7507 7769 7478
f 7507 7785 7769
f 7770 7508 7480
f 7786 7508 7770
f 7512 7787 7513
f 7513 7787 7788
f 7789 7513 7788
f 7514 7513 7789
f 7514 7790 7515
f 7789 7790 7514
f 7515 7791 7517
f 7790 7791 7515
f 7793 7792 7518
f 7517 7793 7518
f 7791 7793 7517
f 7794 7792 7793
f 7797 7796 7795
f 7795 7796 7774
f 7773 7795 7774
f 7798 7795 7773
f 7519 7798 7491
f 7491 7798 7773
f 7776 7521 7493
f 7799 7521 7776
f 7524 7800 7778
f 7524 7778 7497
f 7779 7778 7801
f 7778 7802 7801
f 7778 7800 7802
f 7804 7803 7802
f 7802 7803 7801
f 7806 7805 7804
f 7804 7805 7803
f 7805 7806 7781
f 7806 7780 7781
f 7806 7807 7780
f 7780 7808 7783
f 7780 7807 7808
f 7783 7809 7784
f 7783 7808 7809
f 7809 7529 7506
f 7809 7506 7784
f 7530 7785 7507
f 7530 7810 7785
f 7786 7531 7508
f 7811 7531 7786
f 7814 7813 7812
f 7816 7815 7812
f 7816 7812 7813
f 7817 7815 7816
f 7538 7818 7539
f 7539 7818 7819
f 7820 7539 7819
f 7540 7539 7820
f 7512 7540 7787
f 7540 7821 7787
f 7540 7820 7821
f 7822 7541 7542
f 7821 7788 7787
f 7822 7542 7823
f 7542 7824 7823
f 7542 7543 7824
f 7543 7545 7824
f 7824 7545 7825
f 7792 7546 7518
f 7794 7826 7792
f 7826 7546 7792
f 7826 7548 7546
f 7828 7827 7549
f 7548 7828 7549
f 7826 7828 7548
f 7830 7829 7827
f 7830 7827 7828
f 7829 7830 7797
f 7795 7829 7797
f 7831 7829 7795
f 7551 7831 7550
f 7831 7798 7550
f 7831 7795 7798
f 7550 7798 7519
f 7834 7833 7832
f 7799 7832 7833
f 7553 7799 7833
f 7521 7799 7553
f 7556 7835 7800
f 7556 7800 7524
f 7800 7836 7802
f 7800 7835 7836
f 7802 7837 7804
f 7802 7836 7837
f 7804 7838 7806
f 7804 7837 7838
f 7806 7839 7807
f 7806 7838 7839
f 7807 7840 7808
f 7807 7839 7840
f 7840 7559 7560
f 7809 7840 7560
f 7808 7840 7809
f 7809 7560 7529
f 7562 7810 7530
f 7562 7841 7810
f 7843 7563 7842
f 7563 7811 7842
f 7563 7531 7811
f 7564 7565 7843
f 7842 7564 7843
f 7844 7564 7842
f 7812 7566 7814
f 7566 7844 7814
f 7566 7564 7844
f 7566 7812 7567
f 7567 7812 7815
f 7817 7845 7815
f 7845 7567 7815
f 7845 7568 7567
f 7568 7846 7569
f 7845 7846 7568
f 7569 7847 7570
f 7846 7847 7569
f 7570 7848 7571
f 7847 7848 7570
f 7538 7571 7818
f 7571 7849 7818
f 7571 7848 7849
f 7818 7849 7819
f 7851 7850 7574
f 7574 7850 7573
f 7574 7541 7822
f 7852 7574 7822
f 7851 7574 7852
f 7852 7822 7823
f 7853 7825 7545
f 7853 7545 7575
f 7855 7854 7576
f 7854 7575 7576
f 7854 7853 7575
f 7855 7856 7854
f 7827 7577 7549
f 7577 7827 7578
f 7578 7827 7829
f 7578 7829 7579
f 7579 7829 7831
f 7579 7831 7551
f 7859 7858 7857
f 7857 7858 7834
f 7834 7858 7833
f 7858 7581 7833
f 7581 7582 7833
f 7833 7582 7553
f 7584 7835 7556
f 7835 7584 7586
f 7835 7586 7836
f 7836 7586 7588
f 7860 7836 7588
f 7837 7836 7860
f 7837 7861 7838
f 7837 7860 7861
f 7838 7862 7839
f 7838 7861 7862
f 7862 7590 7591
f 7840 7862 7591
f 7839 7862 7840
f 7840 7591 7559
f 7593 7864 7863
f 7841 7593 7863
f 7562 7593 7841
f 7843 7594 7563
f 7865 7863 7864
f 7594 7843 7565
f 7868 7867 7866
f 7595 7596 7867
f 7596 7866 7867
f 7596 7869 7866
f 7870 7596 7597
f 7870 7869 7596
f 7871 7597 7598
f 7871 7870 7597
f 7872 7598 7599
f 7872 7871 7598
f 7873 7599 7600
f 7873 7872 7599
f 7874 7600 7601
f 7874 7873 7600
f 7875 7601 7602
f 7875 7874 7601
f 7876 7602 7603
f 7876 7875 7602
f 7603 7573 7850
f 7603 7850 7876
f 7604 7855 7576
f 7877 7856 7855
f 7604 7877 7855
f 7605 7877 7604
f 7878 7605 7606
f 7878 7877 7605
f 7879 7606 7608
f 7879 7878 7606
f 7880 7608 7610
f 7880 7879 7608
f 7612 7858 7859
f 7880 7612 7859
f 7610 7612 7880
f 7858 7612 7581
f 7614 7860 7588
f 7860 7614 7616
f 7860 7616 7861
f 7861 7616 7618
f 7861 7618 7862
f 7862 7618 7590
f 7621 7864 7593
f 7881 7865 7864
f 7621 7881 7864
f 7622 7881 7621
f 7623 7867 7868
f 7881 7623 7868
f 7622 7623 7881
f 7867 7623 7595
f 7884 7883 7882
f 7886 7885 7882
f 7886 7882 7883
f 7888 7887 7885
f 7888 7885 7886
f 7889 7887 7888
f 7892 7891 7890
f 7890 7891 7884
f 7882 7890 7884
f 7893 7890 7882
f 7894 7882 7885
f 7893 7882 7894
f 7895 7885 7887
f 7894 7885 7895
f 7887 7889 7896
f 7887 7896 7895
f 7898 7897 7625
f 7898 7625 7626
f 7890 7627 7892
f 7627 7897 7892
f 7627 7625 7897
f 7627 7890 7628
f 7628 7890 7893
f 7628 7893 7630
f 7630 7893 7894
f 7630 7894 7632
f 7632 7894 7895
f 7633 7632 7895
f 7896 7633 7895
f 7899 7633 7896
f 7901 7900 7634
f 7901 7634 7635
f 7626 7634 7898
f 7898 7634 7900
f 7904 7903 7902
f 7637 7638 7902
f 7638 7904 7902
f 7638 7905 7904
f 7907 7906 7639
f 7906 7638 7639
f 7906 7905 7638
f 7907 7908 7906
f 7910 7640 7909
f 7640 7899 7909
f 7640 7633 7899
f 7911 7910 7909
f 7641 7901 7635
f 7641 7912 7901
f 7914 7913 7644
f 7644 7913 7643
f 7645 7902 7903
f 7914 7645 7903
f 7644 7645 7914
f 7902 7645 7637
f 7646 7907 7639
f 7916 7915 7647
f 7647 7915 7646
f 7915 7908 7646
f 7908 7907 7646
f 7910 7648 7640
f 7917 7915 7916
f 7649 7648 7910
f 7911 7649 7910
f 7918 7649 7911
f 7921 7920 7919
f 7923 7922 7919
f 7923 7919 7920
f 7925 7924 7922
f 7925 7922 7923
f 7926 7924 7925
f 7929 7928 7927
f 7651 7652 7927
f 7928 7651 7927
f 7930 7651 7928
f 7651 7931 7653
f 7930 7931 7651
f 7653 7932 7654
f 7931 7932 7653
f 7654 7933 7655
f 7932 7933 7654
f 7933 7935 7934
f 7656 7933 7934
f 7655 7933 7656
f 7934 7658 7656
f 7659 7912 7641
f 7659 7936 7912
f 7913 7660 7643
f 7937 7660 7913
f 7661 7916 7647
f 7661 7663 7916
f 7663 7917 7916
f 7663 7938 7917
f 7918 7664 7649
f 7939 7664 7918
f 7921 7919 7666
f 7667 7921 7666
f 7940 7921 7667
f 7666 7919 7669
f 7669 7919 7922
f 7669 7922 7671
f 7671 7922 7924
f 7672 7671 7924
f 7926 7672 7924
f 7941 7672 7926
f 7943 7942 7673
f 7943 7673 7674
f 7673 7944 7675
f 7942 7944 7673
f 7675 7945 7676
f 7944 7945 7675
f 7927 7677 7929
f 7677 7945 7929
f 7677 7676 7945
f 7677 7927 7652
f 7948 7947 7946
f 7947 7680 7946
f 7680 7678 7946
f 7950 7949 7946
f 7950 7946 7678
f 7681 7951 7678
f 7678 7951 7950
f 7683 7951 7681
f 7935 7952 7934
f 7934 7952 7658
f 7952 7685 7658
f 7952 7953 7685
f 7953 7955 7954
f 7686 7953 7954
f 7685 7953 7686
f 7954 7687 7686
f 7688 7936 7659
f 7688 7956 7936
f 7937 7689 7660
f 7957 7689 7937
f 7690 7938 7663
f 7690 7958 7938
f 7939 7691 7664
f 7959 7691 7939
f 7693 7940 7667
f 7693 7960 7940
f 7963 7962 7961
f 7961 7964 7963
f 7966 7696 7965
f 7696 7941 7965
f 7696 7672 7941
f 7967 7966 7965
f 7969 7968 7697
f 7969 7697 7698
f 7697 7970 7699
f 7968 7970 7697
f 7699 7971 7700
f 7970 7971 7699
f 7674 7700 7943
f 7943 7700 7971
f 7973 7972 7703
f 7703 7972 7702
f 7974 7703 7704
f 7974 7973 7703
f 7975 7704 7706
f 7975 7974 7704
f 7707 7947 7948
f 7975 7707 7948
f 7706 7707 7975
f 7950 7976 7949
f 7680 7947 7707
f 7976 7950 7951
f 7976 7951 7977
f 7977 7951 7683
f 7708 7977 7683
f 7978 7977 7708
f 7980 7978 7979
f 7978 7709 7979
f 7978 7708 7709
f 7711 7979 7709
f 7955 7981 7954
f 7981 7983 7982
f 7981 7982 7712
f 7954 7981 7712
f 7687 7954 7712
f 7982 7713 7712
f 7714 7956 7688
f 7714 7984 7956
f 7957 7715 7689
f 7985 7715 7957
f 7987 7986 7717
f 7987 7717 7718
f 7690 7717 7958
f 7958 7717 7986
f 7959 7720 7691
f 7988 7720 7959
f 7721 7960 7693
f 7721 7989 7960
f 7961 7962 7990
f 7990 7962 7991
f 7964 7961 7992
f 7961 7993 7992
f 7961 7990 7993
f 7966 7722 7696
f 7994 7992 7993
f 7967 7995 7966
f 7995 7722 7966
f 7995 7723 7722
f 7723 7996 7724
f 7995 7996 7723
f 7698 7724 7969
f 7969 7724 7996
f 7997 7726 7727
f 7997 7727 7998
f 7727 7999 7998
f 7727 7728 7999
f 8000 7728 7729
f 8000 7999 7728
f 7729 7702 7972
f 7729 7972 8000
f 8001 7980 7979
f 8003 8001 8002
f 8002 8001 7730
f 8001 7979 7730
f 7979 7711 7730
f 7732 8002 7730
f 7982 7983 8004
f 8004 7983 8005
f 8004 7734 7713
f 8004 7713 7982
f 7735 7984 7714
f 7735 8006 7984
f 7985 8007 7715
f 7715 8007 7736
f 7738 7736 8007
f 7738 8007 8008
f 8011 8010 8009
f 8010 7987 8009
f 7987 7739 8009
f 7987 7718 7739
f 8013 8012 7740
f 7740 8012 7742
f 7740 7720 7988
f 7740 7988 8013
f 7744 7989 7721
f 7744 8014 7989
f 7990 7991 7747
f 7991 7746 7747
f 7991 8015 7746
f 7990 7747 7748
f 7990 7748 7993
f 7748 7750 7993
f 7750 7994 7993
f 7750 8016 7994
f 8017 7751 7752
f 8017 7752 8018
f 7752 8019 8018
f 7752 7753 8019
f 7753 7726 7997
f 8020 7753 7997
f 8019 7753 8020
f 8020 7997 7998
f 8003 8002 8021
f 8003 8021 8022
f 7754 8023 7732
f 8023 8002 7732
f 8023 8021 8002
f 8005 8024 8004
f 8023 7754 7755
f 7734 8004 8024
f 8025 7734 8024
f 7757 7734 8025
f 8026 8006 7735
f 8026 7735 7758
f 7758 7760 8026
f 8026 7760 8027
f 8008 8028 7738
f 7738 8028 7762
f 7762 8029 7764
f 8028 8029 7762
f 8009 7765 8011
f 7765 8029 8011
f 7765 7764 8029
f 7765 8009 7739
f 8032 8031 8030
f 8012 8030 8031
f 7767 8012 8031
f 7742 8012 7767
f 7769 8014 7744
f 7769 8033 8014
f 8015 7770 7746
f 8034 7770 8015
f 8035 8016 7750
f 8035 7750 7771
f 8036 7771 7772
f 8036 8035 7771
f 7772 7751 8017
f 8037 7772 8017
f 8036 7772 8037
f 8037 8017 8018
f 8040 8039 8038
f 8042 8041 8038
f 8042 8038 8039
f 8044 8043 8041
f 8044 8041 8042
f 8046 8045 8043
f 8046 8043 8044
f 8048 8047 8045
f 8048 8045 8046
f 8050 8049 8047
f 8050 8047 8048
f 8049 8050 8022
f 8021 8049 8022
f 8051 8049 8021
f 8052 8021 8023
f 8051 8021 8052
f 7774 8052 7755
f 7755 8052 8023
f 7775 7757 8053
f 7757 8054 8053
f 7757 8025 8054
f 8053 7776 7775
f 8055 8027 7760
f 8055 7760 7777
f 8057 8056 7779
f 8056 7777 7779
f 8056 8055 7777
f 8059 8058 8057
f 8057 8058 8056
f 8061 8060 8059
f 8059 8060 8058
f 8060 8061 8032
f 8032 8061 8031
f 8061 7781 8031
f 7781 7782 8031
f 8031 7782 7767
f 7785 8033 7769
f 7785 8062 8033
f 8034 7786 7770
f 8063 7786 8034
f 8066 8065 8064
f 8064 8065 8040
f 8064 8040 8038
f 7788 8064 8038
f 7789 7788 8038
f 7789 8038 7790
f 7790 8038 8041
f 7790 8041 7791
f 7791 8041 8043
f 7791 8043 7793
f 7793 8043 8045
f 7793 8045 7794
f 8045 8067 7794
f 8045 8047 8067
f 8068 8047 8049
f 8067 8047 8068
f 8069 8049 8051
f 8068 8049 8069
f 7797 8069 7796
f 8069 8052 7796
f 8069 8051 8052
f 7796 8052 7774
f 8072 8071 8070
f 8070 8071 8054
f 8071 8053 8054
f 8071 8073 8053
f 8073 7799 7776
f 8073 7776 8053
f 7801 8057 7779
f 8057 7801 7803
f 8057 7803 8059
f 8059 7803 7805
f 8059 7805 8061
f 8061 7805 7781
f 7810 8062 7785
f 7810 8074 8062
f 8076 7811 8075
f 7811 8063 8075
f 7811 7786 8063
f 8078 8077 8076
f 8078 8076 8075
f 7813 7814 8077
f 8078 7813 8077
f 8079 7813 8078
f 7813 8080 7816
f 8079 8080 7813
f 8082 8081 7817
f 7816 8082 7817
f 8080 8082 7816
f 8084 8083 8081
f 8084 8081 8082
f 8086 8085 8083
f 8086 8083 8084
f 8088 8087 8085
f 8088 8085 8086
f 8090 8089 8087
f 8090 8087 8088
f 7820 7819 8089
f 8090 7820 8089
f 8091 7820 8090
f 8064 7821 8066
f 7821 8091 8066
f 7821 7820 8091
f 7821 8064 7788
f 8093 8092 7824
f 7824 8092 7823
f 8095 8094 7825
f 8094 7824 7825
f 8094 8093 7824
f 8097 8096 8095
f 8095 8096 8094
f 8067 7826 7794
f 8098 8096 8097
f 7826 8067 7828
f 7828 8067 8068
f 7828 8068 7830
f 7830 8068 8069
f 7830 8069 7797
f 8071 8072 8099
f 8099 8072 8100
f 8099 7834 7832
f 8073 8099 7832
f 8071 8099 8073
f 8073 7832 7799
f 7841 8074 7810
f 7841 8101 8074
f 8076 7842 7811
f 7842 8076 7844
f 7844 8076 8077
f 7844 8077 7814
f 8104 8103 8102
f 8106 8105 8103
f 8103 8105 8102
f 8081 7845 7817
f 8107 8105 8106
f 7845 8081 7846
f 7846 8081 8083
f 7846 8083 7847
f 7847 8083 8085
f 7847 8085 7848
f 7848 8085 8087
f 7848 8087 7849
f 7849 8087 8089
f 7849 8089 7819
f 8109 8108 7851
f 7851 8108 7850
f 8110 7851 7852
f 8110 8109 7851
f 7852 7823 8092
f 7852 8092 8110
f 7853 8095 7825
f 8095 7853 7854
f 8095 7854 8097
f 8112 8111 7856
f 7856 8111 7854
f 8111 8098 7854
f 8098 8097 7854
f 8114 8113 8112
f 8112 8113 8111
f 8116 8115 8114
f 8114 8115 8113
f 8118 8117 8116
f 8116 8117 8115
f 8117 8118 8100
f 8100 8118 8099
f 8118 7859 8099
f 7859 7857 8099
f 8099 7857 7834
f 8119 8101 7841
f 8119 7841 7863
f 8121 8120 7865
f 8120 7863 7865
f 8120 8119 7863
f 7868 7866 8121
f 7866 8120 8121
f 7866 8122 8120
f 7869 8103 8104
f 8122 7869 8104
f 7866 7869 8122
f 8103 7869 7870
f 8103 7870 8106
f 8123 8107 8106
f 7870 8123 8106
f 7871 8123 7870
f 8124 7871 7872
f 8124 8123 7871
f 8125 7872 7873
f 8125 8124 7872
f 8126 7873 7874
f 8126 8125 7873
f 8127 7874 7875
f 8127 8126 7874
f 8128 7875 7876
f 8128 8127 7875
f 7876 7850 8108
f 7876 8108 8128
f 7877 8112 7856
f 8112 7877 7878
f 8112 7878 8114
f 8114 7878 7879
f 8114 7879 8116
f 8116 7879 7880
f 8116 7880 8118
f 8118 7880 7859
f 7881 8121 7865
f 8121 7881 7868
f 8131 8130 8129
f 8132 8129 8130
f 8135 8134 8133
f 8137 8136 8133
f 8137 8133 8134
f 8139 8138 8136
f 8139 8136 8137
f 8141 8140 8138
f 8141 8138 8139
f 8140 8141 8131
f 8129 8140 8131
f 8142 8140 8129
f 8129 8132 8143
f 8144 8129 8143
f 8142 8129 8144
f 8145 8144 8143
f 8135 8133 8146
f 8135 8146 8147
f 7884 8146 7883
f 8146 8136 7883
f 8146 8133 8136
f 7883 8136 7886
f 7886 8136 8138
f 7886 8138 7888
f 7888 8138 8140
f 7888 8140 7889
f 8140 8148 7889
f 8140 8142 8148
f 8149 8142 8144
f 8148 8142 8149
f 8144 8145 8150
f 8144 8150 8149
f 8153 8152 8151
f 8151 8152 8147
f 8151 8147 8146
f 7892 8151 8146
f 7891 7892 8146
f 7891 8146 7884
f 8156 8155 8154
f 8154 8157 8156
f 8158 7896 8148
f 8148 7896 7889
f 8159 8148 8149
f 8158 8148 8159
f 8149 8150 8160
f 8149 8160 8159
f 8163 8162 8161
f 8161 8162 8153
f 8161 8153 8151
f 7898 8161 8151
f 7897 7898 8151
f 7897 8151 7892
f 8166 8165 8164
f 8166 8164 8155
f 8164 8154 8155
f 8164 8167 8154
f 8157 8154 8168
f 8168 8154 8167
f 8169 7899 8158
f 8158 7899 7896
f 8159 8171 8170
f 8169 8159 8170
f 8158 8159 8169
f 8171 8159 8160
f 8174 8173 8172
f 8175 8172 8173
f 8163 8161 7900
f 7901 8163 7900
f 8176 8163 7901
f 7900 8161 7898
f 8178 8177 7904
f 7904 8177 7903
f 7905 8164 8165
f 8178 7905 8165
f 7904 7905 8178
f 8164 7905 7906
f 8164 7906 8167
f 8180 8179 7908
f 7908 8179 7906
f 8179 8168 7906
f 8168 8167 7906
f 8169 7909 7899
f 8181 8179 8180
f 7911 7909 8169
f 8170 7911 8169
f 8182 7911 8170
f 8174 8172 8183
f 8174 8183 8184
f 8172 8175 8185
f 8186 8172 8185
f 8183 8172 8186
f 8187 8186 8185
f 7912 8176 7901
f 7912 8188 8176
f 8189 7913 7914
f 8190 8189 7914
f 7903 8190 7914
f 8177 8190 7903
f 7915 8180 7908
f 7915 7917 8180
f 7917 8181 8180
f 7917 8191 8181
f 8182 7918 7911
f 8192 7918 8182
f 8184 8183 7920
f 7921 8184 7920
f 8193 8184 7921
f 7920 8183 7923
f 7923 8183 8186
f 8187 8194 8186
f 8194 7923 8186
f 8194 7925 7923
f 7926 7925 8194
f 7926 8194 8195
f 8197 8196 7928
f 8197 7928 7929
f 7928 8198 7930
f 8196 8198 7928
f 7930 8199 7931
f 8198 8199 7930
f 8199 8201 8200
f 7932 8199 8200
f 7931 8199 7932
f 8202 7933 7932
f 8202 7932 8200
f 8202 7935 7933
f 7936 8188 7912
f 7936 8203 8188
f 8205 8204 8189
f 8204 7913 8189
f 8204 7937 7913
f 8205 8189 8190
f 7938 8191 7917
f 7938 8206 8191
f 8192 7939 7918
f 8207 7939 8192
f 7940 8193 7921
f 7940 8208 8193
f 8195 7941 7926
f 8209 7941 8195
f 8211 8210 7942
f 8211 7942 7943
f 7942 8212 7944
f 8210 8212 7942
f 7944 8213 7945
f 8212 8213 7944
f 7929 7945 8197
f 8197 7945 8213
f 8214 7948 7946
f 7949 8214 7946
f 8201 8215 8200
f 8200 8215 8202
f 8202 8215 8216
f 8216 8218 8217
f 8216 8217 7952
f 8202 8216 7952
f 7935 8202 7952
f 8219 7953 7952
f 8219 7952 8217
f 8219 7955 7953
f 7956 8203 7936
f 7956 8220 8203
f 8222 7957 8221
f 7957 8204 8221
f 7957 7937 8204
f 8223 8222 8221
f 8226 8225 8224
f 8225 8206 8224
f 8206 7958 8224
f 8206 7938 7958
f 8207 7959 7939
f 8227 7959 8207
f 7960 8208 7940
f 7960 8228 8208
f 8230 8229 7963
f 7963 8229 7962
f 7963 7964 8230
f 8230 7964 8231
f 8209 8232 7941
f 7941 8232 7965
f 7967 7965 8232
f 7967 8232 8233
f 7969 8234 7968
f 7968 8234 8235
f 8236 7968 8235
f 7970 7968 8236
f 7970 8237 7971
f 8236 8237 7970
f 7943 7971 8211
f 8211 7971 8237
f 8238 7972 7973
f 7974 8239 7973
f 7973 8239 8238
f 7975 8240 7974
f 7974 8240 8239
f 7948 8214 7975
f 8214 8240 7975
f 8214 8241 8240
f 7976 8242 7949
f 8242 8214 7949
f 8242 8241 8214
f 7977 8243 7976
f 7976 8243 8242
f 7978 8244 7977
f 7977 8244 8243
f 8218 8245 8217
f 8244 7978 7980
f 8247 8246 8245
f 8246 8217 8245
f 8246 8219 8217
f 8248 7981 7955
f 8219 8248 7955
f 8246 8248 8219
f 8248 7983 7981
f 7984 8220 7956
f 7984 8249 8220
f 8250 7985 8222
f 8222 7985 7957
f 8222 8223 8251
f 8252 8222 8251
f 8250 8222 8252
f 8254 8253 8252
f 8254 8252 8251
f 8256 8255 8253
f 8256 8253 8254
f 8255 8256 8226
f 8255 8226 8224
f 7987 8255 8224
f 7986 7987 8224
f 7986 8224 7958
f 8259 8258 8257
f 8227 8257 8258
f 7988 8227 8258
f 7959 8227 7988
f 7989 8228 7960
f 7989 8260 8228
f 8229 7991 7962
f 8261 7991 8229
f 8262 8231 7964
f 8262 7964 7992
f 7992 7994 8262
f 8262 7994 8263
f 7995 7967 8264
f 7967 8265 8264
f 7967 8233 8265
f 7995 8264 8266
f 8267 7995 8266
f 7996 7995 8267
f 7969 7996 8234
f 7996 8268 8234
f 7996 8267 8268
f 8234 8268 8235
f 8269 7998 7999
f 8000 8270 7999
f 7999 8270 8269
f 8271 8270 8000
f 8271 8000 7972
f 8272 8271 7972
f 8238 8272 7972
f 8272 8238 8239
f 8272 8239 8273
f 8275 8274 8273
f 8239 8275 8273
f 8240 8275 8239
f 8276 8240 8241
f 8275 8240 8276
f 8277 8241 8242
f 8276 8241 8277
f 8278 8242 8243
f 8277 8242 8278
f 8279 8243 8244
f 8278 8243 8279
f 8001 8280 7980
f 8280 8244 7980
f 8280 8279 8244
f 8247 8281 8246
f 8280 8001 8003
f 8283 8282 8281
f 8282 8246 8281
f 8282 8248 8246
f 8282 8005 7983
f 8282 7983 8248
f 8006 8285 8284
f 8249 8006 8284
f 7984 8006 8249
f 8250 8007 7985
f 8286 8284 8285
f 8007 8250 8008
f 8250 8287 8008
f 8250 8252 8287
f 8288 8252 8253
f 8287 8252 8288
f 8011 8288 8010
f 8288 8255 8010
f 8288 8253 8255
f 8010 8255 7987
f 8258 8259 8013
f 8259 8012 8013
f 8259 8289 8012
f 8258 8013 7988
f 8014 8260 7989
f 8014 8290 8260
f 8261 8015 7991
f 8291 8015 8261
f 8016 8263 7994
f 8016 8292 8263
f 8265 8293 8264
f 8264 8293 8266
f 8294 8018 8019
f 8020 8295 8019
f 8019 8295 8294
f 7998 8269 8020
f 8269 8295 8020
f 8269 8296 8295
f 8297 8269 8270
f 8296 8269 8297
f 8270 8271 8298
f 8299 8270 8298
f 8297 8270 8299
f 8301 8300 8299
f 8301 8299 8298
f 8300 8301 8274
f 8275 8300 8274
f 8302 8300 8275
f 8303 8275 8276
f 8302 8275 8303
f 8304 8276 8277
f 8303 8276 8304
f 8305 8277 8278
f 8304 8277 8305
f 8306 8278 8279
f 8305 8278 8306
f 8307 8279 8280
f 8306 8279 8307
f 8022 8307 8003
f 8003 8307 8280
f 8282 8283 8308
f 8308 8283 8309
f 8310 8024 8005
f 8282 8310 8005
f 8308 8310 8282
f 8310 8025 8024
f 8026 8285 8006
f 8312 8311 8027
f 8027 8311 8026
f 8311 8286 8026
f 8286 8285 8026
f 8287 8028 8008
f 8313 8311 8312
f 8028 8287 8029
f 8029 8287 8288
f 8029 8288 8011
f 8316 8315 8314
f 8032 8030 8315
f 8030 8314 8315
f 8030 8317 8314
f 8030 8012 8289
f 8030 8289 8317
f 8033 8290 8014
f 8033 8318 8290
f 8291 8034 8015
f 8319 8034 8291
f 8016 8035 8320
f 8321 8016 8320
f 8292 8016 8321
f 8036 8322 8035
f 8035 8322 8320
f 8037 8323 8036
f 8036 8323 8322
f 8018 8294 8037
f 8294 8323 8037
f 8294 8324 8323
f 8325 8294 8295
f 8324 8294 8325
f 8326 8295 8296
f 8325 8295 8326
f 8327 8296 8297
f 8326 8296 8327
f 8328 8297 8299
f 8327 8297 8328
f 8329 8299 8300
f 8328 8299 8329
f 8040 8329 8039
f 8329 8302 8039
f 8329 8300 8302
f 8039 8302 8042
f 8042 8302 8303
f 8042 8303 8044
f 8044 8303 8304
f 8044 8304 8046
f 8046 8304 8305
f 8046 8305 8048
f 8048 8305 8306
f 8048 8306 8050
f 8050 8306 8307
f 8050 8307 8022
f 8308 8309 8330
f 8330 8309 8331
f 8308 8332 8310
f 8308 8330 8332
f 8332 8054 8025
f 8332 8025 8310
f 8055 8312 8027
f 8333 8313 8312
f 8055 8333 8312
f 8056 8333 8055
f 8334 8056 8058
f 8334 8333 8056
f 8060 8315 8316
f 8334 8060 8316
f 8058 8060 8334
f 8315 8060 8032
f 8062 8318 8033
f 8062 8335 8318
f 8337 8063 8336
f 8063 8319 8336
f 8063 8034 8319
f 8339 8338 8337
f 8339 8337 8336
f 8338 8339 8321
f 8320 8338 8321
f 8340 8338 8320
f 8341 8320 8322
f 8340 8320 8341
f 8342 8322 8323
f 8341 8322 8342
f 8343 8323 8324
f 8342 8323 8343
f 8344 8324 8325
f 8343 8324 8344
f 8345 8325 8326
f 8344 8325 8345
f 8346 8326 8327
f 8345 8326 8346
f 8347 8327 8328
f 8346 8327 8347
f 8066 8347 8065
f 8347 8329 8065
f 8347 8328 8329
f 8065 8329 8040
f 8350 8349 8348
f 8352 8351 8348
f 8348 8351 8350
f 8354 8353 8352
f 8352 8353 8351
f 8356 8355 8354
f 8354 8355 8353
f 8358 8357 8356
f 8356 8357 8355
f 8360 8359 8358
f 8358 8359 8357
f 8359 8360 8331
f 8360 8330 8331
f 8360 8361 8330
f 8361 8072 8070
f 8332 8361 8070
f 8330 8361 8332
f 8332 8070 8054
f 8074 8335 8062
f 8074 8362 8335
f 8337 8075 8063
f 8075 8337 8078
f 8078 8337 8338
f 8078 8338 8079
f 8079 8338 8340
f 8079 8363 8080
f 8363 8079 8364
f 8340 8364 8079
f 8364 8340 8365
f 8341 8365 8340
f 8080 8363 8082
f 8366 8082 8363
f 8082 8366 8342
f 8365 8342 8366
f 8342 8365 8341
f 8082 8342 8084
f 8084 8342 8343
f 8084 8343 8086
f 8086 8343 8344
f 8086 8344 8088
f 8088 8344 8345
f 8088 8345 8090
f 8090 8345 8346
f 8090 8346 8091
f 8091 8346 8347
f 8091 8347 8066
f 8369 8368 8367
f 8369 8367 8349
f 8349 8367 8348
f 8367 8092 8348
f 8092 8093 8348
f 8348 8093 8094
f 8348 8094 8352
f 8352 8094 8096
f 8352 8096 8354
f 8354 8096 8098
f 8370 8354 8098
f 8356 8354 8370
f 8356 8371 8358
f 8356 8370 8371
f 8358 8372 8360
f 8358 8371 8372
f 8360 8373 8361
f 8360 8372 8373
f 8373 8100 8072
f 8373 8072 8361
f 8101 8375 8374
f 8362 8101 8374
f 8074 8101 8362
f 8377 8376 8375
f 8375 8376 8374
f 8379 8378 8377
f 8377 8378 8376
f 8104 8102 8379
f 8102 8378 8379
f 8102 8380 8378
f 8105 8363 8364
f 8380 8105 8364
f 8102 8105 8380
f 8382 8381 8107
f 8107 8381 8105
f 8381 8366 8105
f 8366 8363 8105
f 8384 8383 8382
f 8382 8383 8381
f 8386 8385 8384
f 8384 8385 8383
f 8388 8387 8386
f 8386 8387 8385
f 8390 8389 8388
f 8388 8389 8387
f 8392 8391 8390
f 8390 8391 8389
f 8108 8109 8392
f 8109 8391 8392
f 8109 8393 8391
f 8110 8367 8368
f 8393 8110 8368
f 8109 8110 8393
f 8367 8110 8092
f 8111 8370 8098
f 8370 8111 8113
f 8370 8113 8371
f 8371 8113 8115
f 8371 8115 8372
f 8372 8115 8117
f 8372 8117 8373
f 8373 8117 8100
f 8119 8375 8101
f 8375 8119 8120
f 8375 8120 8377
f 8377 8120 8122
f 8377 8122 8379
f 8379 8122 8104
f 8123 8382 8107
f 8382 8123 8124
f 8382 8124 8384
f 8384 8124 8125
f 8384 8125 8386
f 8386 8125 8126
f 8386 8126 8388
f 8388 8126 8127
f 8388 8127 8390
f 8390 8127 8128
f 8390 8128 8392
f 8392 8128 8108
f 8396 8395 8394
f 8397 8394 8395
f 8400 8399 8398
f 8402 8401 8398
f 8402 8398 8399
f 8404 8403 8401
f 8404 8401 8402
f 8130 8131 8403
f 8404 8130 8403
f 8405 8130 8404
f 8394 8406 8132
f 8405 8394 8132
f 8130 8405 8132
f 8396 8394 8405
f 8394 8397 8407
f 8408 8394 8407
f 8406 8394 8408
f 8409 8408 8407
f 8412 8411 8410
f 8134 8135 8410
f 8411 8134 8410
f 8413 8134 8411
f 8398 8137 8400
f 8137 8413 8400
f 8137 8134 8413
f 8137 8398 8139
f 8139 8398 8401
f 8139 8401 8141
f 8141 8401 8403
f 8141 8403 8131
f 8406 8143 8132
f 8143 8406 8145
f 8406 8414 8145
f 8406 8408 8414
f 8408 8409 8415
f 8408 8415 8414
f 8412 8410 8416
f 8412 8416 8417
f 8147 8416 8135
f 8135 8416 8410
f 8420 8419 8418
f 8422 8421 8418
f 8418 8421 8420
f 8424 8423 8422
f 8422 8423 8421
f 8426 8425 8424
f 8424 8425 8423
f 8426 8427 8425
f 8429 8428 8414
f 8428 8145 8414
f 8428 8150 8145
f 8429 8414 8415
f 8417 8416 8152
f 8153 8417 8152
f 8430 8417 8153
f 8152 8416 8147
f 8418 8419 8431
f 8431 8419 8432
f 8431 8155 8156
f 8422 8431 8156
f 8418 8431 8422
f 8422 8156 8157
f 8433 8422 8157
f 8424 8422 8433
f 8435 8426 8434
f 8426 8433 8434
f 8426 8424 8433
f 8426 8435 8427
f 8428 8160 8150
f 8436 8160 8428
f 8163 8437 8162
f 8437 8438 8162
f 8438 8153 8162
f 8438 8430 8153
f 8441 8440 8439
f 8441 8439 8432
f 8432 8439 8431
f 8439 8165 8431
f 8165 8166 8431
f 8431 8166 8155
f 8168 8442 8433
f 8168 8433 8157
f 8434 8433 8443
f 8443 8433 8442
f 8444 8170 8171
f 8445 8444 8171
f 8160 8445 8171
f 8436 8445 8160
f 8447 8446 8173
f 8447 8173 8174
f 8449 8448 8175
f 8173 8449 8175
f 8446 8449 8173
f 8450 8448 8449
f 8452 8451 8437
f 8163 8452 8437
f 8176 8452 8163
f 8437 8451 8438
f 8439 8440 8178
f 8440 8177 8178
f 8440 8453 8177
f 8439 8178 8165
f 8179 8442 8168
f 8179 8181 8442
f 8181 8443 8442
f 8181 8454 8443
f 8456 8455 8444
f 8455 8170 8444
f 8455 8182 8170
f 8456 8444 8445
f 8184 8447 8174
f 8184 8457 8447
f 8448 8185 8175
f 8187 8185 8448
f 8450 8187 8448
f 8458 8187 8450
f 8188 8452 8176
f 8188 8459 8452
f 8453 8190 8177
f 8460 8190 8453
f 8191 8454 8181
f 8191 8461 8454
f 8455 8192 8182
f 8462 8192 8455
f 8193 8457 8184
f 8193 8463 8457
f 8194 8187 8464
f 8187 8465 8464
f 8187 8458 8465
f 8464 8195 8194
f 8197 8466 8196
f 8467 8198 8196
f 8467 8196 8466
f 8468 8199 8198
f 8468 8198 8467
f 8468 8201 8199
f 8203 8470 8469
f 8459 8203 8469
f 8188 8203 8459
f 8470 8204 8469
f 8204 8205 8469
f 8472 8471 8469
f 8472 8469 8205
f 8473 8472 8205
f 8190 8473 8205
f 8460 8473 8190
f 8476 8475 8474
f 8475 8461 8474
f 8461 8206 8474
f 8461 8191 8206
f 8462 8207 8192
f 8477 8207 8462
f 8208 8463 8193
f 8208 8478 8463
f 8465 8479 8464
f 8195 8464 8479
f 8480 8195 8479
f 8209 8195 8480
f 8211 8481 8210
f 8482 8212 8210
f 8482 8210 8481
f 8483 8213 8212
f 8483 8212 8482
f 8483 8484 8213
f 8213 8484 8197
f 8484 8485 8197
f 8485 8466 8197
f 8466 8485 8467
f 8467 8485 8486
f 8467 8486 8468
f 8468 8486 8487
f 8487 8489 8488
f 8487 8488 8215
f 8468 8487 8215
f 8201 8468 8215
f 8490 8216 8215
f 8490 8215 8488
f 8490 8218 8216
f 8220 8491 8470
f 8220 8470 8203
f 8471 8472 8492
f 8221 8492 8472
f 8492 8221 8491
f 8204 8491 8221
f 8491 8204 8470
f 8494 8493 8223
f 8494 8223 8221
f 8473 8494 8221
f 8472 8473 8221
f 8496 8495 8493
f 8496 8493 8494
f 8498 8497 8495
f 8498 8495 8496
f 8497 8498 8476
f 8497 8476 8474
f 8226 8497 8474
f 8225 8226 8474
f 8225 8474 8206
f 8501 8500 8499
f 8477 8499 8500
f 8227 8477 8500
f 8207 8477 8227
f 8228 8478 8208
f 8228 8502 8478
f 8504 8503 8230
f 8230 8503 8229
f 8230 8231 8504
f 8504 8231 8505
f 8480 8506 8209
f 8209 8506 8232
f 8233 8232 8506
f 8233 8506 8507
f 8235 8508 8236
f 8509 8237 8236
f 8509 8236 8508
f 8481 8211 8237
f 8509 8481 8237
f 8510 8481 8509
f 8512 8482 8511
f 8482 8510 8511
f 8482 8481 8510
f 8482 8512 8483
f 8483 8512 8513
f 8483 8513 8484
f 8488 8489 8514
f 8514 8489 8515
f 8488 8516 8490
f 8488 8514 8516
f 8517 8245 8218
f 8490 8517 8218
f 8516 8517 8490
f 8517 8247 8245
f 8249 8518 8491
f 8249 8491 8220
f 8492 8491 8519
f 8519 8491 8518
f 8493 8251 8223
f 8251 8493 8254
f 8254 8493 8495
f 8254 8495 8256
f 8256 8495 8497
f 8256 8497 8226
f 8500 8501 8257
f 8501 8259 8257
f 8501 8520 8259
f 8500 8257 8227
f 8260 8502 8228
f 8260 8521 8502
f 8503 8261 8229
f 8522 8261 8503
f 8231 8262 8523
f 8524 8231 8523
f 8505 8231 8524
f 8263 8523 8262
f 8507 8265 8233
f 8525 8265 8507
f 8266 8526 8267
f 8527 8268 8267
f 8527 8267 8526
f 8508 8235 8268
f 8527 8508 8268
f 8528 8508 8527
f 8530 8509 8529
f 8509 8528 8529
f 8509 8508 8528
f 8509 8530 8510
f 8510 8530 8531
f 8532 8271 8272
f 8531 8511 8510
f 8273 8533 8272
f 8272 8533 8532
f 8274 8533 8273
f 8536 8535 8534
f 8536 8534 8515
f 8534 8514 8515
f 8534 8537 8514
f 8514 8538 8516
f 8514 8537 8538
f 8516 8539 8517
f 8516 8538 8539
f 8540 8281 8247
f 8517 8540 8247
f 8539 8540 8517
f 8540 8283 8281
f 8284 8518 8249
f 8542 8541 8286
f 8286 8541 8284
f 8541 8519 8284
f 8519 8518 8284
f 8542 8543 8541
f 8546 8545 8544
f 8548 8547 8544
f 8544 8547 8546
f 8520 8547 8548
f 8289 8520 8548
f 8259 8520 8289
f 8290 8521 8260
f 8290 8549 8521
f 8522 8291 8261
f 8550 8291 8522
f 8551 8524 8523
f 8523 8263 8551
f 8263 8552 8551
f 8263 8292 8552
f 8293 8265 8553
f 8265 8554 8553
f 8265 8525 8554
f 8526 8266 8293
f 8553 8526 8293
f 8555 8526 8553
f 8526 8556 8527
f 8526 8555 8556
f 8527 8557 8528
f 8527 8556 8557
f 8529 8528 8558
f 8558 8528 8557
f 8532 8298 8271
f 8298 8532 8301
f 8301 8532 8533
f 8301 8533 8274
f 8561 8560 8559
f 8561 8559 8535
f 8559 8534 8535
f 8559 8562 8534
f 8534 8563 8537
f 8534 8562 8563
f 8537 8564 8538
f 8537 8563 8564
f 8538 8565 8539
f 8538 8564 8565
f 8539 8566 8540
f 8539 8565 8566
f 8566 8309 8283
f 8566 8283 8540
f 8311 8542 8286
f 8568 8567 8313
f 8313 8567 8311
f 8567 8543 8311
f 8543 8542 8311
f 8570 8569 8568
f 8568 8569 8567
f 8569 8570 8545
f 8545 8570 8544
f 8570 8316 8544
f 8316 8314 8544
f 8544 8314 8317
f 8544 8317 8548
f 8548 8317 8289
f 8318 8549 8290
f 8318 8571 8549
f 8573 8319 8572
f 8319 8550 8572
f 8319 8291 8550
f 8575 8574 8573
f 8575 8573 8572
f 8575 8552 8574
f 8552 8321 8574
f 8552 8292 8321
f 8553 8554 8576
f 8576 8554 8577
f 8553 8578 8555
f 8553 8576 8578
f 8555 8579 8556
f 8555 8578 8579
f 8581 8557 8580
f 8557 8579 8580
f 8557 8556 8579
f 8557 8581 8558
f 8584 8583 8582
f 8584 8582 8560
f 8582 8559 8560
f 8582 8585 8559
f 8559 8586 8562
f 8559 8585 8586
f 8562 8587 8563
f 8562 8586 8587
f 8563 8588 8564
f 8563 8587 8588
f 8564 8589 8565
f 8564 8588 8589
f 8565 8590 8566
f 8565 8589 8590
f 8590 8331 8309
f 8590 8309 8566
f 8333 8568 8313
f 8568 8333 8334
f 8568 8334 8570
f 8570 8334 8316
f 8335 8571 8318
f 8335 8591 8571
f 8573 8336 8319
f 8336 8573 8339
f 8339 8573 8574
f 8339 8574 8321
f 8576 8577 8592
f 8592 8577 8593
f 8576 8594 8578
f 8576 8592 8594
f 8578 8595 8579
f 8578 8594 8595
f 8580 8579 8596
f 8579 8597 8596
f 8579 8595 8597
f 8597 8598 8596
f 8601 8600 8599
f 8601 8599 8583
f 8599 8582 8583
f 8599 8602 8582
f 8602 8349 8350
f 8585 8602 8350
f 8582 8602 8585
f 8585 8350 8351
f 8585 8351 8586
f 8586 8351 8353
f 8586 8353 8587
f 8587 8353 8355
f 8587 8355 8588
f 8588 8355 8357
f 8588 8357 8589
f 8589 8357 8359
f 8589 8359 8590
f 8590 8359 8331
f 8362 8604 8603
f 8591 8362 8603
f 8335 8362 8591
f 8606 8605 8604
f 8604 8605 8603
f 8608 8607 8606
f 8606 8607 8605
f 8610 8609 8608
f 8608 8609 8607
f 8609 8610 8593
f 8593 8610 8592
f 8610 8364 8592
f 8364 8365 8592
f 8592 8365 8366
f 8611 8592 8366
f 8594 8592 8611
f 8594 8612 8595
f 8594 8611 8612
f 8595 8613 8597
f 8595 8612 8613
f 8598 8597 8614
f 8597 8615 8614
f 8597 8613 8615
f 8617 8616 8615
f 8615 8616 8614
f 8619 8618 8617
f 8617 8618 8616
f 8618 8619 8600
f 8619 8599 8600
f 8619 8620 8599
f 8620 8368 8369
f 8602 8620 8369
f 8599 8620 8602
f 8602 8369 8349
f 8374 8604 8362
f 8604 8374 8376
f 8604 8376 8606
f 8606 8376 8378
f 8606 8378 8608
f 8608 8378 8380
f 8608 8380 8610
f 8610 8380 8364
f 8381 8611 8366
f 8611 8381 8383
f 8611 8383 8612
f 8612 8383 8385
f 8612 8385 8613
f 8613 8385 8387
f 8613 8387 8615
f 8615 8387 8389
f 8615 8389 8617
f 8617 8389 8391
f 8617 8391 8619
f 8619 8391 8393
f 8619 8393 8620
f 8620 8393 8368
f 8623 8622 8621
f 8625 8624 8621
f 8625 8621 8622
f 8627 8626 8624
f 8627 8624 8625
f 8628 8626 8627
f 8631 8630 8629
f 8633 8632 8629
f 8633 8629 8630
f 8635 8634 8632
f 8635 8632 8633
f 8634 8635 8623
f 8621 8634 8623
f 8636 8634 8621
f 8637 8621 8624
f 8636 8621 8637
f 8396 8637 8395
f 8637 8626 8395
f 8637 8624 8626
f 8639 8638 8397
f 8639 8397 8395
f 8628 8639 8395
f 8626 8628 8395
f 8640 8638 8639
f 8643 8642 8641
f 8641 8642 8631
f 8629 8641 8631
f 8644 8641 8629
f 8400 8644 8399
f 8644 8632 8399
f 8644 8629 8632
f 8399 8632 8402
f 8402 8632 8634
f 8402 8634 8404
f 8404 8634 8636
f 8404 8636 8405
f 8405 8636 8637
f 8405 8637 8396
f 8647 8646 8645
f 8638 8407 8397
f 8648 8645 8646
f 8409 8407 8638
f 8640 8409 8638
f 8649 8409 8640
f 8643 8641 8411
f 8412 8643 8411
f 8650 8643 8412
f 8411 8641 8413
f 8413 8641 8644
f 8413 8644 8400
f 8653 8652 8651
f 8655 8654 8651
f 8651 8654 8653
f 8657 8656 8655
f 8655 8656 8654
f 8659 8658 8657
f 8658 8646 8657
f 8647 8656 8657
f 8647 8657 8646
f 8646 8658 8648
f 8649 8415 8409
f 8660 8415 8649
f 8417 8650 8412
f 8417 8661 8650
f 8664 8663 8662
f 8419 8420 8662
f 8420 8664 8662
f 8420 8665 8664
f 8421 8651 8652
f 8665 8421 8652
f 8420 8421 8665
f 8651 8421 8423
f 8651 8423 8655
f 8655 8423 8425
f 8655 8425 8657
f 8425 8427 8657
f 8427 8659 8657
f 8427 8666 8659
f 8667 8428 8429
f 8668 8667 8429
f 8415 8668 8429
f 8660 8668 8415
f 8430 8661 8417
f 8430 8669 8661
f 8662 8663 8670
f 8670 8663 8671
f 8670 8432 8419
f 8670 8419 8662
f 8434 8672 8435
f 8672 8673 8435
f 8673 8427 8435
f 8673 8666 8427
f 8675 8674 8667
f 8674 8428 8667
f 8674 8436 8428
f 8675 8667 8668
f 8438 8669 8430
f 8438 8676 8669
f 8670 8671 8441
f 8671 8440 8441
f 8671 8677 8440
f 8670 8441 8432
f 8679 8678 8672
f 8434 8679 8672
f 8443 8679 8434
f 8672 8678 8673
f 8674 8445 8436
f 8680 8445 8674
f 8447 8681 8446
f 8682 8449 8446
f 8682 8446 8681
f 8682 8450 8449
f 8684 8683 8451
f 8684 8451 8452
f 8438 8451 8676
f 8676 8451 8683
f 8677 8453 8440
f 8685 8453 8677
f 8688 8687 8686
f 8687 8679 8686
f 8679 8454 8686
f 8679 8443 8454
f 8690 8689 8456
f 8456 8689 8455
f 8456 8445 8680
f 8456 8680 8690
f 8457 8691 8681
f 8457 8681 8447
f 8681 8692 8682
f 8681 8691 8692
f 8692 8458 8450
f 8692 8450 8682
f 8459 8684 8452
f 8459 8693 8684
f 8695 8460 8694
f 8460 8685 8694
f 8460 8453 8685
f 8696 8695 8694
f 8699 8698 8697
f 8697 8698 8688
f 8686 8697 8688
f 8700 8697 8686
f 8461 8700 8454
f 8454 8700 8686
f 8689 8462 8455
f 8701 8462 8689
f 8703 8702 8691
f 8457 8703 8691
f 8463 8703 8457
f 8691 8702 8692
f 8692 8702 8704
f 8465 8458 8692
f 8705 8465 8692
f 8704 8705 8692
f 8465 8705 8706
f 8707 8706 8705
f 8708 8693 8459
f 8708 8459 8469
f 8469 8471 8708
f 8708 8471 8709
f 8710 8473 8695
f 8695 8473 8460
f 8695 8696 8711
f 8695 8711 8710
f 8699 8697 8712
f 8699 8712 8713
f 8476 8712 8475
f 8712 8700 8475
f 8712 8697 8700
f 8475 8700 8461
f 8701 8477 8462
f 8714 8477 8701
f 8478 8703 8463
f 8478 8715 8703
f 8706 8479 8465
f 8480 8479 8706
f 8707 8480 8706
f 8716 8480 8707
f 8484 8717 8485
f 8718 8486 8485
f 8718 8485 8717
f 8719 8487 8486
f 8719 8486 8718
f 8719 8489 8487
f 8492 8721 8720
f 8709 8492 8720
f 8471 8492 8709
f 8710 8494 8473
f 8722 8720 8721
f 8711 8723 8710
f 8723 8494 8710
f 8723 8496 8494
f 8712 8498 8713
f 8498 8723 8713
f 8498 8496 8723
f 8498 8712 8476
f 8725 8724 8499
f 8499 8724 8501
f 8499 8477 8714
f 8499 8714 8725
f 8502 8715 8478
f 8502 8726 8715
f 8727 8503 8504
f 8505 8727 8504
f 8506 8480 8728
f 8480 8729 8728
f 8480 8716 8729
f 8728 8507 8506
f 8511 8730 8512
f 8731 8513 8512
f 8731 8512 8730
f 8717 8484 8513
f 8731 8717 8513
f 8732 8717 8731
f 8717 8733 8718
f 8717 8732 8733
f 8718 8734 8719
f 8718 8733 8734
f 8734 8515 8489
f 8734 8489 8719
f 8519 8735 8721
f 8519 8721 8492
f 8722 8721 8736
f 8721 8737 8736
f 8721 8735 8737
f 8739 8738 8737
f 8737 8738 8736
f 8741 8740 8739
f 8739 8740 8738
f 8743 8742 8741
f 8741 8742 8740
f 8724 8742 8743
f 8520 8724 8743
f 8501 8724 8520
f 8521 8726 8502
f 8521 8744 8726
f 8745 8522 8727
f 8727 8522 8503
f 8524 8745 8505
f 8505 8745 8727
f 8729 8746 8728
f 8507 8728 8746
f 8747 8507 8746
f 8525 8507 8747
f 8529 8748 8530
f 8749 8531 8530
f 8749 8530 8748
f 8730 8511 8531
f 8749 8730 8531
f 8750 8730 8749
f 8730 8751 8731
f 8730 8750 8751
f 8731 8752 8732
f 8731 8751 8752
f 8732 8753 8733
f 8732 8752 8753
f 8753 8535 8536
f 8734 8753 8536
f 8733 8753 8734
f 8734 8536 8515
f 8541 8735 8519
f 8735 8541 8543
f 8754 8735 8543
f 8737 8735 8754
f 8737 8755 8739
f 8737 8754 8755
f 8755 8545 8546
f 8741 8755 8546
f 8739 8755 8741
f 8741 8546 8547
f 8741 8547 8743
f 8743 8547 8520
f 8549 8744 8521
f 8549 8756 8744
f 8758 8757 8745
f 8757 8522 8745
f 8757 8550 8522
f 8760 8758 8759
f 8759 8758 8551
f 8758 8745 8551
f 8745 8524 8551
f 8552 8759 8551
f 8747 8554 8525
f 8761 8554 8747
f 8558 8762 8748
f 8558 8748 8529
f 8748 8763 8749
f 8748 8762 8763
f 8749 8764 8750
f 8749 8763 8764
f 8750 8765 8751
f 8750 8764 8765
f 8751 8766 8752
f 8751 8765 8766
f 8766 8560 8561
f 8753 8766 8561
f 8752 8766 8753
f 8753 8561 8535
f 8567 8754 8543
f 8754 8567 8569
f 8754 8569 8755
f 8755 8569 8545
f 8571 8756 8549
f 8571 8767 8756
f 8757 8768 8550
f 8550 8768 8572
f 8759 8575 8760
f 8575 8768 8760
f 8575 8572 8768
f 8575 8759 8552
f 8771 8770 8769
f 8761 8769 8770
f 8577 8761 8770
f 8554 8761 8577
f 8580 8772 8581
f 8762 8558 8581
f 8772 8762 8581
f 8773 8762 8772
f 8762 8774 8763
f 8762 8773 8774
f 8763 8775 8764
f 8763 8774 8775
f 8764 8776 8765
f 8764 8775 8776
f 8776 8583 8584
f 8766 8776 8584
f 8765 8776 8766
f 8766 8584 8560
f 8591 8778 8777
f 8767 8591 8777
f 8571 8591 8767
f 8778 8779 8777
f 8782 8781 8780
f 8782 8780 8771
f 8780 8770 8771
f 8780 8783 8770
f 8783 8593 8577
f 8783 8577 8770
f 8596 8772 8580
f 8772 8596 8598
f 8784 8772 8598
f 8773 8772 8784
f 8773 8785 8774
f 8773 8784 8785
f 8774 8786 8775
f 8774 8785 8786
f 8786 8600 8601
f 8776 8786 8601
f 8775 8786 8776
f 8776 8601 8583
f 8603 8778 8591
f 8787 8779 8778
f 8603 8787 8778
f 8605 8787 8603
f 8607 8780 8781
f 8787 8607 8781
f 8605 8607 8787
f 8780 8607 8609
f 8780 8609 8783
f 8783 8609 8593
f 8614 8784 8598
f 8784 8614 8616
f 8784 8616 8785
f 8785 8616 8618
f 8785 8618 8786
f 8786 8618 8600
f 8790 8789 8788
f 8792 8791 8788
f 8792 8788 8789
f 8793 8791 8792
f 8790 8788 8794
f 8790 8794 8795
f 8796 8788 8791
f 8794 8788 8796
f 8791 8793 8797
f 8791 8797 8796
f 8798 8795 8794
f 8798 8794 8796
f 8798 8796 8799
f 8802 8801 8800
f 8797 8799 8796
f 8804 8803 8801
f 8804 8801 8802
f 8805 8803 8804
f 8808 8807 8806
f 8806 8807 8800
f 8801 8806 8800
f 8809 8806 8801
f 8810 8801 8803
f 8809 8801 8810
f 8803 8805 8811
f 8803 8811 8810
f 8814 8813 8812
f 8816 8815 8812
f 8816 8812 8813
f 8815 8816 8808
f 8806 8815 8808
f 8817 8815 8806
f 8818 8806 8809
f 8817 8806 8818
f 8819 8809 8810
f 8818 8809 8819
f 8810 8811 8820
f 8810 8820 8819
f 8823 8822 8821
f 8825 8824 8821
f 8825 8821 8822
f 8824 8825 8814
f 8812 8824 8814
f 8826 8824 8812
f 8827 8812 8815
f 8826 8812 8827
f 8828 8815 8817
f 8827 8815 8828
f 8818 8830 8829
f 8828 8818 8829
f 8817 8818 8828
f 8830 8818 8819
f 8830 8819 8831
f 8831 8819 8820
f 8834 8833 8832
f 8836 8835 8832
f 8836 8832 8833
f 8838 8837 8835
f 8838 8835 8836
f 8837 8838 8823
f 8837 8823 8821
f 8623 8837 8821
f 8622 8623 8821
f 8622 8821 8625
f 8625 8821 8824
f 8625 8824 8627
f 8627 8824 8826
f 8627 8826 8628
f 8826 8839 8628
f 8826 8827 8839
f 8840 8827 8828
f 8839 8827 8840
f 8828 8829 8841
f 8828 8841 8840
f 8834 8832 8630
f 8631 8834 8630
f 8842 8834 8631
f 8630 8832 8633
f 8633 8832 8835
f 8633 8835 8635
f 8635 8835 8837
f 8635 8837 8623
f 8845 8844 8843
f 8847 8846 8844
f 8844 8846 8843
f 8849 8848 8847
f 8847 8848 8846
f 8839 8639 8628
f 8850 8848 8849
f 8839 8840 8851
f 8640 8839 8851
f 8852 8640 8851
f 8839 8640 8639
f 8851 8840 8841
f 8854 8853 8642
f 8854 8642 8643
f 8631 8642 8842
f 8842 8642 8853
f 8857 8856 8855
f 8859 8858 8855
f 8855 8858 8857
f 8858 8859 8845
f 8859 8844 8845
f 8859 8860 8844
f 8844 8861 8847
f 8844 8860 8861
f 8861 8647 8645
f 8849 8861 8645
f 8847 8861 8849
f 8645 8648 8849
f 8648 8850 8849
f 8648 8862 8850
f 8852 8649 8640
f 8863 8649 8852
f 8650 8854 8643
f 8650 8864 8854
f 8867 8866 8865
f 8867 8865 8856
f 8865 8855 8856
f 8865 8868 8855
f 8868 8652 8653
f 8859 8868 8653
f 8855 8868 8859
f 8859 8653 8654
f 8859 8654 8860
f 8860 8654 8656
f 8860 8656 8861
f 8647 8861 8656
f 8658 8659 8869
f 8869 8870 8658
f 8870 8648 8658
f 8870 8862 8648
f 8863 8660 8649
f 8871 8660 8863
f 8661 8864 8650
f 8661 8872 8864
f 8865 8866 8664
f 8866 8663 8664
f 8866 8873 8663
f 8865 8664 8665
f 8865 8665 8868
f 8868 8665 8652
f 8666 8874 8869
f 8666 8869 8659
f 8870 8869 8875
f 8875 8869 8874
f 8871 8668 8660
f 8876 8668 8871
f 8669 8872 8661
f 8669 8877 8872
f 8873 8671 8663
f 8878 8671 8873
f 8880 8879 8874
f 8666 8880 8874
f 8673 8880 8666
f 8881 8674 8675
f 8879 8875 8874
f 8882 8881 8675
f 8668 8882 8675
f 8876 8882 8668
f 8676 8877 8669
f 8676 8883 8877
f 8885 8677 8884
f 8677 8878 8884
f 8677 8671 8878
f 8886 8885 8884
f 8888 8887 8678
f 8888 8678 8679
f 8673 8678 8880
f 8880 8678 8887
f 8890 8889 8881
f 8889 8674 8881
f 8889 8680 8674
f 8890 8881 8882
f 8684 8891 8683
f 8891 8892 8683
f 8892 8676 8683
f 8892 8883 8676
f 8893 8685 8885
f 8885 8685 8677
f 8885 8886 8894
f 8895 8885 8894
f 8893 8885 8895
f 8897 8896 8895
f 8897 8895 8894
f 8687 8688 8896
f 8897 8687 8896
f 8898 8687 8897
f 8679 8687 8888
f 8888 8687 8898
f 8900 8899 8690
f 8690 8899 8689
f 8690 8680 8889
f 8690 8889 8900
f 8903 8902 8901
f 8905 8904 8901
f 8905 8901 8902
f 8906 8904 8905
f 8693 8907 8891
f 8693 8891 8684
f 8892 8891 8908
f 8891 8909 8908
f 8891 8907 8909
f 8893 8694 8685
f 8910 8908 8909
f 8694 8893 8696
f 8893 8911 8696
f 8893 8895 8911
f 8699 8911 8698
f 8911 8896 8698
f 8911 8895 8896
f 8698 8896 8688
f 8914 8913 8912
f 8899 8914 8912
f 8701 8899 8912
f 8689 8899 8701
f 8903 8901 8702
f 8703 8903 8702
f 8915 8903 8703
f 8702 8901 8704
f 8704 8901 8904
f 8906 8916 8904
f 8916 8704 8904
f 8916 8705 8704
f 8707 8705 8916
f 8707 8916 8917
f 8708 8907 8693
f 8907 8708 8709
f 8918 8907 8709
f 8909 8907 8918
f 8910 8909 8919
f 8919 8909 8918
f 8920 8711 8911
f 8911 8711 8696
f 8713 8920 8699
f 8699 8920 8911
f 8923 8922 8921
f 8923 8921 8913
f 8921 8912 8913
f 8921 8924 8912
f 8924 8714 8701
f 8924 8701 8912
f 8715 8915 8703
f 8715 8925 8915
f 8917 8716 8707
f 8926 8716 8917
f 8720 8918 8709
f 8928 8927 8722
f 8722 8927 8720
f 8927 8919 8720
f 8919 8918 8720
f 8920 8723 8711
f 8929 8927 8928
f 8723 8920 8713
f 8932 8931 8930
f 8930 8931 8922
f 8931 8921 8922
f 8931 8933 8921
f 8933 8724 8725
f 8924 8933 8725
f 8921 8933 8924
f 8924 8725 8714
f 8726 8925 8715
f 8726 8934 8925
f 8926 8729 8716
f 8935 8729 8926
f 8736 8928 8722
f 8936 8929 8928
f 8736 8936 8928
f 8738 8936 8736
f 8740 8931 8932
f 8936 8740 8932
f 8738 8740 8936
f 8931 8740 8742
f 8931 8742 8933
f 8933 8742 8724
f 8744 8934 8726
f 8744 8937 8934
f 8746 8729 8938
f 8729 8939 8938
f 8729 8935 8939
f 8938 8747 8746
f 8756 8937 8744
f 8756 8940 8937
f 8941 8757 8758
f 8760 8941 8758
f 8938 8939 8942
f 8942 8939 8943
f 8942 8761 8747
f 8942 8747 8938
f 8767 8940 8756
f 8767 8944 8940
f 8941 8768 8757
f 8768 8941 8760
f 8942 8943 8769
f 8943 8771 8769
f 8943 8945 8771
f 8942 8769 8761
f 8946 8944 8767
f 8946 8767 8777
f 8948 8947 8779
f 8947 8777 8779
f 8947 8946 8777
f 8781 8782 8948
f 8782 8947 8948
f 8782 8949 8947
f 8782 8771 8945
f 8782 8945 8949
f 8787 8948 8779
f 8948 8787 8781
f 8952 8951 8950
f 8954 8953 8950
f 8954 8950 8951
f 8955 8953 8954
f 8952 8950 8956
f 8952 8956 8957
f 8958 8950 8953
f 8956 8950 8958
f 8959 8789 8790
f 8953 8959 8790
f 8958 8953 8790
f 8959 8953 8955
f 8789 8960 8792
f 8959 8960 8789
f 8793 8792 8960
f 8793 8960 8961
f 8957 8956 8962
f 8957 8962 8963
f 8964 8956 8958
f 8962 8956 8964
f 8795 8964 8790
f 8790 8964 8958
f 8961 8797 8793
f 8965 8797 8961
f 8963 8962 8966
f 8963 8966 8967
f 8968 8962 8964
f 8966 8962 8968
f 8798 8969 8795
f 8969 8964 8795
f 8969 8968 8964
f 8799 8970 8798
f 8798 8970 8969
f 8971 8802 8800
f 8797 8970 8799
f 8970 8797 8972
f 8965 8972 8797
f 8802 8971 8973
f 8974 8802 8973
f 8804 8802 8974
f 8805 8804 8974
f 8805 8974 8975
f 8978 8977 8976
f 8980 8979 8976
f 8980 8976 8977
f 8979 8980 8967
f 8966 8979 8967
f 8981 8979 8966
f 8982 8966 8968
f 8981 8966 8982
f 8983 8968 8969
f 8982 8968 8983
f 8808 8983 8807
f 8983 8970 8807
f 8983 8969 8970
f 8970 8972 8807
f 8972 8984 8807
f 8971 8800 8807
f 8971 8807 8984
f 8971 8984 8973
f 8975 8811 8805
f 8985 8811 8975
f 8978 8976 8986
f 8978 8986 8987
f 8988 8976 8979
f 8986 8976 8988
f 8989 8979 8981
f 8988 8979 8989
f 8814 8989 8813
f 8989 8982 8813
f 8989 8981 8982
f 8813 8982 8816
f 8816 8982 8983
f 8816 8983 8808
f 8992 8991 8990
f 8991 8993 8990
f 8985 8820 8811
f 8994 8820 8985
f 8987 8986 8995
f 8987 8995 8996
f 8823 8995 8822
f 8995 8988 8822
f 8995 8986 8988
f 8822 8988 8825
f 8825 8988 8989
f 8825 8989 8814
f 8999 8998 8997
f 9001 9000 8998
f 8998 9000 8997
f 9003 9002 9001
f 9002 8991 9001
f 8992 9000 9001
f 8992 9001 8991
f 9004 8829 8830
f 9002 8993 8991
f 9004 8830 9005
f 8830 9006 9005
f 8830 8831 9006
f 8831 8820 8994
f 8831 8994 9006
f 9008 9007 8833
f 9008 8833 8834
f 8833 9009 8836
f 9007 9009 8833
f 8995 8838 8996
f 8838 9009 8996
f 8838 8836 9009
f 8838 8995 8823
f 9012 9011 9010
f 9014 9013 9011
f 9011 9013 9010
f 9013 9014 8999
f 9014 8998 8999
f 9014 9015 8998
f 9017 9001 9016
f 9001 9015 9016
f 9001 8998 9015
f 9001 9017 9003
f 9019 9018 9004
f 9018 8829 9004
f 9018 8841 8829
f 9019 9004 9005
f 8842 9008 8834
f 8842 9020 9008
f 9023 9022 9021
f 9025 9024 9021
f 9021 9024 9023
f 9024 9025 9012
f 9012 9025 9011
f 9025 8845 9011
f 8845 8843 9011
f 9011 8843 8846
f 9011 8846 9014
f 9014 8846 8848
f 9014 8848 9015
f 8848 8850 9015
f 8850 9016 9015
f 8850 9026 9016
f 9028 9027 8851
f 8851 9027 8852
f 8851 8841 9018
f 8851 9018 9028
f 9030 9029 8853
f 9030 8853 8854
f 8842 8853 9020
f 9020 8853 9029
f 9021 9022 8857
f 9022 8856 8857
f 9022 9031 8856
f 9021 8857 8858
f 9021 8858 9025
f 9025 8858 8845
f 8862 9026 8850
f 8862 9032 9026
f 9027 8863 8852
f 9033 8863 9027
f 8864 9030 8854
f 8864 9034 9030
f 9035 8866 8867
f 9036 9035 8867
f 8856 9036 8867
f 9031 9036 8856
f 8870 9032 8862
f 8870 9037 9032
f 9033 8871 8863
f 9038 8871 9033
f 8872 9034 8864
f 8872 9039 9034
f 9040 8873 9035
f 9035 8873 8866
f 9035 9036 9041
f 9035 9041 9040
f 9044 9043 9042
f 9043 9037 9042
f 9037 8875 9042
f 9037 8870 8875
f 9038 8876 8871
f 9045 8876 9038
f 8877 9039 8872
f 8877 9046 9039
f 9047 8878 9040
f 9040 8878 8873
f 9040 9041 9048
f 9040 9048 9047
f 9044 9042 8879
f 8880 9044 8879
f 9049 9044 8880
f 8879 9042 8875
f 9052 9051 9050
f 9045 9050 9051
f 8882 9045 9051
f 8876 9045 8882
f 8883 9046 8877
f 8883 9053 9046
f 9047 8884 8878
f 9055 9054 8886
f 9055 8886 8884
f 9048 9055 8884
f 9047 9048 8884
f 9056 9054 9055
f 9058 9057 8887
f 9058 8887 8888
f 8880 8887 9049
f 9049 8887 9057
f 9051 9052 8890
f 9052 8889 8890
f 9052 9059 8889
f 9051 8890 8882
f 8892 9061 9060
f 9053 8892 9060
f 8883 8892 9053
f 9061 9062 9060
f 9054 8894 8886
f 9056 9063 9054
f 9063 8894 9054
f 9063 8897 8894
f 8897 9064 8898
f 9063 9064 8897
f 8888 8898 9058
f 9058 8898 9064
f 9066 9065 8900
f 8900 9065 8899
f 8900 8889 9059
f 8900 9059 9066
f 9068 9067 8902
f 9068 8902 8903
f 8902 9069 8905
f 9067 9069 8902
f 8906 8905 9069
f 8906 9069 9070
f 8908 9061 8892
f 9072 9071 8910
f 8910 9071 8908
f 9071 9062 8908
f 9062 9061 8908
f 9074 9073 9072
f 9072 9073 9071
f 9076 9075 9074
f 9074 9075 9073
f 9078 9077 9076
f 9076 9077 9075
f 8913 8914 9078
f 8914 9077 9078
f 8914 9079 9077
f 8914 8899 9065
f 8914 9065 9079
f 8915 9068 8903
f 8915 9080 9068
f 9083 9082 9081
f 9081 9084 8916
f 9070 9081 8916
f 8906 9070 8916
f 9081 9070 9083
f 9084 8917 8916
f 8919 9085 9072
f 8919 9072 8910
f 9072 9086 9074
f 9072 9085 9086
f 9074 9087 9076
f 9074 9086 9087
f 9087 8922 8923
f 9078 9087 8923
f 9076 9087 9078
f 9078 8923 8913
f 8925 9089 9088
f 9080 8925 9088
f 8915 8925 9080
f 9088 9089 9082
f 9089 9081 9082
f 9089 9090 9081
f 9081 9091 9084
f 9081 9090 9091
f 9091 8926 8917
f 9091 8917 9084
f 8927 9085 8919
f 9085 8927 8929
f 9092 9085 8929
f 9086 9085 9092
f 9092 8932 8930
f 9087 9092 8930
f 9086 9092 9087
f 9087 8930 8922
f 9094 9093 9089
f 8925 9094 9089
f 8934 9094 8925
f 9089 9093 9090
f 9090 9093 9095
f 9097 9096 9095
f 9096 9090 9095
f 9096 9091 9090
f 9096 8935 8926
f 9096 8926 9091
f 8936 9092 8929
f 9092 8936 8932
f 8937 9094 8934
f 8937 9098 9094
f 9096 9097 9099
f 9099 9097 9100
f 9099 8939 8935
f 9099 8935 9096
f 8940 9102 9101
f 9098 8940 9101
f 8937 8940 9098
f 9104 9103 9102
f 9102 9103 9101
f 9103 9104 9100
f 9104 9099 9100
f 9104 9105 9099
f 9105 8943 8939
f 9105 8939 9099
f 8944 9106 9102
f 8944 9102 8940
f 9102 9107 9104
f 9102 9106 9107
f 9104 9108 9105
f 9104 9107 9108
f 9108 8945 8943
f 9108 8943 9105
f 8946 9106 8944
f 9106 8946 8947
f 9106 8947 9107
f 9107 8947 8949
f 9107 8949 9108
f 9108 8949 8945
f 9111 9110 9109
f 9112 9109 9110
f 9114 9113 8951
f 9114 8951 8952
f 8951 9115 8954
f 9113 9115 8951
f 8955 8954 9115
f 8955 9115 9116
f 9119 9118 9117
f 9117 9118 9111
f 9109 9117 9111
f 9120 9117 9109
f 9109 9112 9121
f 9122 9109 9121
f 9120 9109 9122
f 9121 9114 9122
f 9114 8957 9122
f 9114 8952 8957
f 9116 9123 8955
f 8955 9123 8959
f 8959 9124 8960
f 9123 9124 8959
f 8961 8960 9124
f 8961 9124 9125
f 9126 9119 9117
f 9128 9127 9126
f 9117 9128 9126
f 9120 9128 9117
f 9129 9120 9122
f 9128 9120 9129
f 8963 9129 8957
f 8957 9129 9122
f 9125 8965 8961
f 9130 8965 9125
f 9127 9128 9131
f 9127 9131 9132
f 9133 9128 9129
f 9131 9128 9133
f 8967 9133 8963
f 8963 9133 9129
f 9130 8972 8965
f 9134 8972 9130
f 8973 9135 8974
f 9135 8975 8974
f 9138 9137 9136
f 9136 9137 9132
f 9136 9132 9131
f 8978 9136 9131
f 8977 8978 9131
f 8977 9131 8980
f 8980 9131 9133
f 8980 9133 8967
f 9141 9140 9139
f 9143 9142 9140
f 9140 9142 9139
f 9145 9144 9143
f 9143 9144 9142
f 9145 9146 9144
f 9134 9147 8972
f 8972 9147 8984
f 8984 9147 8973
f 9147 9148 8973
f 9148 9135 8973
f 9148 9147 9149
f 9148 8985 8975
f 9148 8975 9135
f 9138 9136 9150
f 9138 9150 9151
f 8987 9150 8978
f 8978 9150 9136
f 9154 9153 9152
f 9154 9152 9141
f 9152 9140 9141
f 9152 9155 9140
f 9140 9156 9143
f 9140 9155 9156
f 9143 9157 9145
f 9143 9156 9157
f 9146 9159 9158
f 9159 9146 8990
f 9145 8990 9146
f 8990 9145 8992
f 9157 8992 9145
f 8993 9159 8990
f 9148 9149 9160
f 9160 9149 9161
f 9160 8994 8985
f 9160 8985 9148
f 9162 9151 9150
f 9150 8987 9162
f 8987 9163 9162
f 8987 8996 9163
f 9152 9153 9164
f 9164 9153 9165
f 9152 9166 9155
f 9152 9164 9166
f 9166 8999 8997
f 9156 9166 8997
f 9155 9166 9156
f 9156 8997 9000
f 9156 9000 9157
f 9157 9000 8992
f 9003 9159 9002
f 9159 9003 9158
f 9167 9158 9003
f 9002 9159 8993
f 9160 9161 9006
f 9161 9005 9006
f 9161 9168 9005
f 9160 9006 8994
f 9008 9169 9007
f 9007 9169 9170
f 9171 9007 9170
f 9009 9007 9171
f 8996 9009 9163
f 9163 9009 9171
f 9164 9165 9010
f 9165 9012 9010
f 9165 9172 9012
f 9164 9010 9013
f 9164 9013 9166
f 9166 9013 8999
f 9174 9173 9017
f 9174 9017 9016
f 9003 9017 9167
f 9167 9017 9173
f 9176 9175 9019
f 9019 9175 9018
f 9019 9005 9168
f 9019 9168 9176
f 9178 9177 9169
f 9008 9178 9169
f 9020 9178 9008
f 9179 9022 9023
f 9177 9170 9169
f 9179 9023 9180
f 9023 9181 9180
f 9023 9024 9181
f 9024 9012 9172
f 9024 9172 9181
f 9026 9174 9016
f 9026 9182 9174
f 9183 9027 9028
f 9184 9183 9028
f 9018 9184 9028
f 9175 9184 9018
f 9030 9185 9029
f 9185 9186 9029
f 9186 9020 9029
f 9186 9178 9020
f 9187 9031 9179
f 9179 9031 9022
f 9179 9180 9188
f 9179 9188 9187
f 9032 9182 9026
f 9032 9189 9182
f 9191 9190 9183
f 9190 9027 9183
f 9190 9033 9027
f 9191 9183 9184
f 9034 9192 9185
f 9034 9185 9030
f 9186 9185 9193
f 9193 9185 9192
f 9194 9036 9187
f 9187 9036 9031
f 9187 9188 9195
f 9187 9195 9194
f 9037 9189 9032
f 9037 9196 9189
f 9190 9038 9033
f 9197 9038 9190
f 9039 9198 9192
f 9039 9192 9034
f 9193 9192 9199
f 9199 9192 9198
f 9200 9041 9194
f 9194 9041 9036
f 9194 9195 9201
f 9194 9201 9200
f 9203 9202 9043
f 9203 9043 9044
f 9037 9043 9196
f 9196 9043 9202
f 9197 9045 9038
f 9204 9045 9197
f 9046 9205 9198
f 9046 9198 9039
f 9199 9198 9206
f 9206 9198 9205
f 9207 9048 9200
f 9200 9048 9041
f 9200 9201 9208
f 9200 9208 9207
f 9049 9203 9044
f 9049 9209 9203
f 9211 9210 9050
f 9050 9210 9052
f 9050 9045 9204
f 9050 9204 9211
f 9053 9212 9205
f 9053 9205 9046
f 9206 9205 9213
f 9213 9205 9212
f 9207 9055 9048
f 9215 9214 9056
f 9215 9056 9055
f 9208 9215 9055
f 9207 9208 9055
f 9217 9216 9214
f 9217 9214 9215
f 9057 9058 9216
f 9217 9057 9216
f 9218 9057 9217
f 9049 9057 9209
f 9209 9057 9218
f 9210 9059 9052
f 9219 9059 9210
f 9060 9212 9053
f 9221 9220 9062
f 9062 9220 9060
f 9220 9213 9060
f 9213 9212 9060
f 9221 9222 9220
f 9214 9063 9056
f 9063 9214 9064
f 9064 9214 9216
f 9064 9216 9058
f 9224 9223 9066
f 9066 9223 9065
f 9066 9059 9219
f 9066 9219 9224
f 9068 9225 9067
f 9226 9069 9067
f 9226 9067 9225
f 9226 9070 9069
f 9071 9221 9062
f 9227 9222 9221
f 9071 9227 9221
f 9073 9227 9071
f 9228 9073 9075
f 9228 9227 9073
f 9229 9075 9077
f 9229 9228 9075
f 9230 9077 9079
f 9230 9229 9077
f 9079 9065 9223
f 9079 9223 9230
f 9080 9231 9225
f 9080 9225 9068
f 9231 9082 9083
f 9226 9231 9083
f 9225 9231 9226
f 9226 9083 9070
f 9088 9231 9080
f 9231 9088 9082
f 9233 9232 9093
f 9233 9093 9094
f 9093 9234 9095
f 9232 9234 9093
f 9097 9095 9234
f 9097 9234 9235
f 9098 9237 9236
f 9233 9098 9236
f 9094 9098 9233
f 9239 9238 9237
f 9237 9238 9236
f 9235 9238 9239
f 9100 9235 9239
f 9097 9235 9100
f 9101 9237 9098
f 9237 9101 9103
f 9237 9103 9239
f 9239 9103 9100
f 9111 9240 9110
f 9240 9112 9110
f 9114 9241 9113
f 9242 9115 9113
f 9242 9113 9241
f 9242 9116 9115
f 9119 9243 9118
f 9243 9244 9118
f 9118 9244 9111
f 9244 9245 9111
f 9245 9240 9111
f 9240 9245 9112
f 9245 9121 9112
f 9245 9246 9121
f 9114 9121 9241
f 9121 9247 9241
f 9121 9246 9247
f 9241 9247 9242
f 9242 9247 9248
f 9248 9250 9249
f 9248 9249 9123
f 9242 9248 9123
f 9116 9242 9123
f 9251 9124 9123
f 9251 9123 9249
f 9251 9125 9124
f 9126 9243 9119
f 9126 9127 9243
f 9127 9244 9243
f 9127 9252 9244
f 9249 9250 9253
f 9253 9250 9254
f 9249 9255 9251
f 9249 9253 9255
f 9255 9130 9125
f 9255 9125 9251
f 9132 9252 9127
f 9132 9256 9252
f 9254 9257 9253
f 9259 9258 9257
f 9258 9253 9257
f 9258 9255 9253
f 9258 9134 9130
f 9258 9130 9255
f 9261 9260 9137
f 9261 9137 9138
f 9132 9137 9256
f 9256 9137 9260
f 9262 9141 9139
f 9142 9263 9139
f 9139 9263 9262
f 9144 9264 9142
f 9142 9264 9263
f 9259 9265 9258
f 9264 9144 9146
f 9265 9267 9266
f 9265 9266 9147
f 9258 9265 9147
f 9134 9258 9147
f 9266 9149 9147
f 9151 9261 9138
f 9151 9268 9261
f 9270 9269 9154
f 9154 9269 9153
f 9154 9141 9262
f 9271 9154 9262
f 9270 9154 9271
f 9273 9272 9271
f 9262 9273 9271
f 9263 9273 9262
f 9274 9263 9264
f 9273 9263 9274
f 9158 9274 9146
f 9146 9274 9264
f 9266 9267 9275
f 9275 9267 9276
f 9275 9161 9149
f 9275 9149 9266
f 9277 9268 9151
f 9277 9151 9162
f 9162 9163 9277
f 9277 9163 9278
f 9269 9165 9153
f 9279 9165 9269
f 9282 9281 9280
f 9280 9281 9272
f 9273 9280 9272
f 9283 9280 9273
f 9284 9273 9274
f 9283 9273 9284
f 9167 9284 9158
f 9158 9284 9274
f 9275 9276 9285
f 9285 9276 9286
f 9285 9168 9161
f 9285 9161 9275
f 9288 9287 9171
f 9288 9171 9170
f 9163 9171 9278
f 9278 9171 9287
f 9290 9172 9289
f 9172 9279 9289
f 9172 9165 9279
f 9290 9289 9282
f 9280 9290 9282
f 9291 9290 9280
f 9292 9280 9283
f 9291 9280 9292
f 9174 9292 9173
f 9292 9284 9173
f 9292 9283 9284
f 9173 9284 9167
f 9285 9286 9176
f 9286 9175 9176
f 9286 9293 9175
f 9285 9176 9168
f 9178 9294 9177
f 9294 9295 9177
f 9295 9170 9177
f 9295 9288 9170
f 9296 9180 9181
f 9172 9290 9181
f 9290 9296 9181
f 9290 9297 9296
f 9298 9290 9291
f 9297 9290 9298
f 9299 9291 9292
f 9298 9291 9299
f 9182 9299 9174
f 9174 9299 9292
f 9302 9301 9300
f 9293 9302 9300
f 9184 9293 9300
f 9175 9293 9184
f 9304 9303 9294
f 9178 9304 9294
f 9186 9304 9178
f 9294 9303 9295
f 9305 9188 9296
f 9296 9188 9180
f 9297 9307 9306
f 9305 9297 9306
f 9296 9297 9305
f 9309 9308 9307
f 9297 9309 9307
f 9298 9309 9297
f 9310 9298 9299
f 9309 9298 9310
f 9189 9310 9182
f 9182 9310 9299
f 9300 9301 9191
f 9301 9190 9191
f 9301 9311 9190
f 9300 9191 9184
f 9193 9304 9186
f 9193 9312 9304
f 9313 9195 9305
f 9305 9195 9188
f 9305 9306 9314
f 9305 9314 9313
f 9308 9309 9315
f 9308 9315 9316
f 9317 9309 9310
f 9315 9309 9317
f 9196 9317 9189
f 9189 9317 9310
f 9311 9197 9190
f 9318 9197 9311
f 9199 9320 9319
f 9312 9199 9319
f 9193 9199 9312
f 9320 9321 9319
f 9323 9322 9313
f 9322 9195 9313
f 9322 9201 9195
f 9323 9313 9314
f 9316 9315 9324
f 9316 9324 9325
f 9203 9324 9202
f 9324 9317 9202
f 9324 9315 9317
f 9202 9317 9196
f 9318 9204 9197
f 9326 9204 9318
f 9206 9327 9320
f 9206 9320 9199
f 9321 9320 9328
f 9328 9320 9327
f 9330 9208 9329
f 9208 9322 9329
f 9208 9201 9322
f 9332 9331 9330
f 9332 9330 9329
f 9331 9332 9325
f 9324 9331 9325
f 9333 9331 9324
f 9209 9333 9203
f 9203 9333 9324
f 9335 9334 9211
f 9211 9334 9210
f 9211 9204 9326
f 9211 9326 9335
f 9213 9336 9327
f 9213 9327 9206
f 9328 9327 9337
f 9337 9327 9336
f 9330 9215 9208
f 9215 9330 9217
f 9217 9330 9331
f 9217 9331 9218
f 9218 9331 9333
f 9218 9333 9209
f 9340 9339 9338
f 9334 9338 9339
f 9219 9334 9339
f 9210 9334 9219
f 9220 9336 9213
f 9342 9341 9222
f 9222 9341 9220
f 9341 9337 9220
f 9337 9336 9220
f 9344 9343 9342
f 9342 9343 9341
f 9346 9345 9344
f 9344 9345 9343
f 9348 9347 9346
f 9346 9347 9345
f 9347 9348 9340
f 9340 9348 9339
f 9348 9223 9339
f 9223 9224 9339
f 9339 9224 9219
f 9227 9342 9222
f 9342 9227 9228
f 9342 9228 9344
f 9344 9228 9229
f 9344 9229 9346
f 9346 9229 9230
f 9346 9230 9348
f 9348 9230 9223
f 9233 9349 9232
f 9350 9234 9232
f 9350 9232 9349
f 9350 9235 9234
f 9236 9349 9233
f 9349 9236 9238
f 9349 9238 9350
f 9350 9238 9235
f 9244 9351 9245
f 9352 9246 9245
f 9352 9245 9351
f 9353 9247 9246
f 9353 9246 9352
f 9354 9248 9247
f 9354 9247 9353
f 9354 9250 9248
f 9252 9355 9351
f 9252 9351 9244
f 9351 9356 9352
f 9351 9355 9356
f 9352 9357 9353
f 9352 9356 9357
f 9353 9358 9354
f 9353 9357 9358
f 9358 9254 9250
f 9358 9250 9354
f 9360 9359 9355
f 9252 9360 9355
f 9256 9360 9252
f 9355 9359 9356
f 9356 9359 9361
f 9363 9362 9361
f 9362 9356 9361
f 9362 9357 9356
f 9357 9364 9358
f 9357 9362 9364
f 9365 9257 9254
f 9358 9365 9254
f 9364 9365 9358
f 9365 9259 9257
f 9261 9366 9260
f 9366 9367 9260
f 9367 9256 9260
f 9367 9360 9256
f 9363 9368 9362
f 9362 9368 9364
f 9364 9368 9369
f 9371 9370 9369
f 9370 9364 9369
f 9370 9365 9364
f 9372 9265 9259
f 9365 9372 9259
f 9370 9372 9365
f 9372 9267 9265
f 9268 9373 9366
f 9268 9366 9261
f 9367 9366 9374
f 9374 9366 9373
f 9375 9269 9270
f 9271 9376 9270
f 9270 9376 9375
f 9272 9376 9271
f 9370 9371 9377
f 9377 9371 9378
f 9370 9379 9372
f 9370 9377 9379
f 9379 9276 9267
f 9379 9267 9372
f 9277 9373 9268
f 9277 9278 9373
f 9278 9374 9373
f 9278 9380 9374
f 9381 9279 9375
f 9375 9279 9269
f 9282 9381 9281
f 9381 9376 9281
f 9381 9375 9376
f 9281 9376 9272
f 9377 9378 9382
f 9382 9378 9383
f 9377 9384 9379
f 9377 9382 9384
f 9384 9286 9276
f 9384 9276 9379
f 9288 9385 9287
f 9380 9278 9386
f 9278 9385 9386
f 9385 9387 9386
f 9278 9287 9385
f 9386 9381 9388
f 9381 9386 9279
f 9387 9279 9386
f 9279 9387 9289
f 9389 9289 9387
f 9388 9381 9390
f 9381 9282 9390
f 9289 9389 9390
f 9289 9390 9282
f 9382 9383 9391
f 9391 9383 9392
f 9382 9393 9384
f 9382 9391 9393
f 9393 9293 9286
f 9393 9286 9384
f 9295 9394 9385
f 9295 9385 9288
f 9396 9387 9395
f 9387 9394 9395
f 9387 9385 9394
f 9387 9396 9389
f 9389 9396 9397
f 9397 9398 9389
f 9398 9399 9389
f 9400 9390 9389
f 9400 9389 9399
f 9402 9401 9399
f 9399 9401 9400
f 9401 9402 9392
f 9402 9391 9392
f 9402 9403 9391
f 9403 9301 9302
f 9393 9403 9302
f 9391 9403 9393
f 9393 9302 9293
f 9304 9404 9303
f 9394 9295 9303
f 9404 9394 9303
f 9405 9394 9404
f 9395 9394 9406
f 9406 9394 9405
f 9407 9306 9307
f 9398 9408 9399
f 9407 9307 9308
f 9410 9409 9408
f 9409 9399 9408
f 9409 9402 9399
f 9402 9411 9403
f 9402 9409 9411
f 9411 9311 9301
f 9411 9301 9403
f 9312 9412 9404
f 9312 9404 9304
f 9414 9405 9413
f 9405 9412 9413
f 9405 9404 9412
f 9405 9414 9406
f 9415 9314 9407
f 9407 9314 9306
f 9316 9415 9308
f 9308 9415 9407
f 9410 9416 9409
f 9418 9417 9416
f 9417 9409 9416
f 9417 9411 9409
f 9417 9318 9311
f 9417 9311 9411
f 9319 9412 9312
f 9319 9321 9412
f 9321 9413 9412
f 9321 9419 9413
f 9420 9322 9323
f 9314 9415 9323
f 9415 9420 9323
f 9415 9421 9420
f 9325 9421 9316
f 9316 9421 9415
f 9417 9418 9422
f 9422 9418 9423
f 9422 9326 9318
f 9422 9318 9417
f 9328 9425 9424
f 9419 9328 9424
f 9321 9328 9419
f 9420 9329 9322
f 9426 9424 9425
f 9329 9420 9332
f 9332 9420 9421
f 9332 9421 9325
f 9429 9428 9427
f 9429 9427 9423
f 9423 9427 9422
f 9427 9334 9422
f 9334 9335 9422
f 9422 9335 9326
f 9337 9430 9425
f 9337 9425 9328
f 9426 9425 9431
f 9425 9432 9431
f 9425 9430 9432
f 9434 9433 9432
f 9432 9433 9431
f 9436 9435 9434
f 9434 9435 9433
f 9435 9436 9428
f 9428 9436 9427
f 9436 9340 9427
f 9340 9338 9427
f 9427 9338 9334
f 9341 9430 9337
f 9430 9341 9343
f 9430 9343 9432
f 9432 9343 9345
f 9432 9345 9434
f 9434 9345 9347
f 9434 9347 9436
f 9436 9347 9340
f 9360 9437 9359
f 9438 9361 9359
f 9438 9359 9437
f 9438 9363 9361
f 9367 9439 9437
f 9367 9437 9360
f 9437 9440 9438
f 9437 9439 9440
f 9441 9368 9363
f 9438 9441 9363
f 9440 9441 9438
f 9442 9369 9368
f 9442 9368 9441
f 9442 9371 9369
f 9374 9443 9439
f 9374 9439 9367
f 9439 9444 9440
f 9439 9443 9444
f 9440 9445 9441
f 9440 9444 9445
f 9441 9446 9442
f 9441 9445 9446
f 9446 9378 9371
f 9446 9371 9442
f 9380 9447 9443
f 9380 9443 9374
f 9443 9448 9444
f 9443 9447 9448
f 9444 9449 9445
f 9444 9448 9449
f 9445 9450 9446
f 9445 9449 9450
f 9450 9383 9378
f 9450 9378 9446
f 9386 9447 9380
f 9447 9386 9388
f 9447 9388 9448
f 9448 9388 9390
f 9451 9448 9390
f 9449 9448 9451
f 9449 9452 9450
f 9449 9451 9452
f 9452 9392 9383
f 9452 9383 9450
f 9395 9453 9396
f 9454 9397 9396
f 9454 9396 9453
f 9400 9451 9390
f 9398 9397 9454
f 9451 9400 9401
f 9451 9401 9452
f 9452 9401 9392
f 9406 9455 9453
f 9406 9453 9395
f 9453 9456 9454
f 9453 9455 9456
f 9457 9408 9398
f 9454 9457 9398
f 9456 9457 9454
f 9457 9410 9408
f 9413 9458 9414
f 9455 9406 9414
f 9458 9455 9414
f 9459 9455 9458
f 9455 9460 9456
f 9455 9459 9460
f 9456 9461 9457
f 9456 9460 9461
f 9462 9416 9410
f 9457 9462 9410
f 9461 9462 9457
f 9462 9418 9416
f 9419 9463 9458
f 9419 9458 9413
f 9458 9464 9459
f 9458 9463 9464
f 9459 9465 9460
f 9459 9464 9465
f 9460 9466 9461
f 9460 9465 9466
f 9461 9467 9462
f 9461 9466 9467
f 9467 9423 9418
f 9467 9418 9462
f 9424 9463 9419
f 9463 9424 9426
f 9468 9463 9426
f 9464 9463 9468
f 9464 9469 9465
f 9464 9468 9469
f 9465 9470 9466
f 9465 9469 9470
f 9470 9428 9429
f 9467 9470 9429
f 9466 9470 9467
f 9467 9429 9423
f 9431 9468 9426
f 9468 9431 9433
f 9468 9433 9469
f 9469 9433 9435
f 9469 9435 9470
f 9470 9435 9428

