# https://github.com/mikedh/trimesh

o bob_larger
v -1.55801991 0.81760760 2.04689450
v -1.29876471 0.81740760 2.66846970
v -0.88810151 0.81716840 3.20337930
v -0.35314391 0.81576760 3.61370970
v 0.26879129 0.81589800 3.87198970
v 0.93621129 0.81604760 3.96000970
v 1.60370089 0.81604760 3.87212970
v 2.22570089 0.81604760 3.61448970
v 2.75982089 0.81604840 3.20463930
v 3.16966089 0.81604840 2.67051930
v 3.42730089 0.81604840 2.04852570
v -1.82289351 -0.38030200 2.19263130
v -1.56148151 -0.36325240 2.88299930
v -1.11491351 -0.36063240 3.45015930
v -0.51241991 -0.37696200 3.89050890
v 0.18706089 -0.38086200 4.17699930
v 0.93624089 -0.38045240 4.27609930
v 1.68553129 -0.38036200 4.17752970
v 2.38378089 -0.38036200 3.88829930
v 2.98338169 -0.38036200 3.42820970
v 3.44347129 -0.38036200 2.82860970
v 3.73270089 -0.38036200 2.13035530
v -2.38433911 -1.30451000 2.61209930
v -2.22093911 -1.21305480 3.50911930
v -1.71537511 -1.18909800 4.14213930
v -0.94640551 -1.23804200 4.65449930
v -0.03711511 -1.25750520 5.01353930
v 0.93631129 -1.25829400 5.14160970
v 1.90959129 -1.25795880 5.01372970
v 2.81663129 -1.25794440 4.63802970
v 3.59553129 -1.25794600 4.04035930
v 4.19360089 -1.26230120 3.26094970
v 4.56419129 -1.28384440 2.35216090
v -3.00091831 -1.92140600 2.99034970
v -3.05724871 -1.58956920 4.25320890
v -2.49729911 -1.52072920 5.02948970
v -1.52887591 -1.56073480 5.68247930
v -0.34307511 -1.57990040 6.15730890
v 0.93632089 -1.58050440 6.32653930
v 2.21628089 -1.58008840 6.15830970
v 3.40911129 -1.58007480 5.66422970
v 4.43342089 -1.58007720 4.87823930
v 5.22133129 -1.60369480 3.85960970
v 5.82799129 -1.83845800 2.62505930
v -4.78719911 -1.82759160 3.83969930
v -4.19662871 -1.38729480 5.02030970
v -3.31946871 -1.24744920 5.87811930
v -2.11066871 -1.24777960 6.69737930
v -0.64865431 -1.25869400 7.30125930
v 0.93627129 -1.25957240 7.51243930
v 2.52316089 -1.25931160 7.30362890
v 4.00196089 -1.25929800 6.69106970
v 5.27184169 -1.25930040 5.71666010
v 6.25531209 -1.28694680 4.48060970
v 6.98285049 -1.61075240 3.26296970
v -6.54251831 -1.09816920 3.61603930
v -5.26106871 -0.59371240 5.49643930
v -4.04967911 -0.41822200 6.51380890
v -2.56325911 -0.38146200 7.44884970
v -0.87304391 -0.38121240 8.13799930
v 0.93638089 -0.38207240 8.38002890
v 2.74777049 -0.38208200 8.14190970
v 4.43588089 -0.38207240 7.44264970
v 5.88549129 -0.38208200 6.33032010
v 7.03984169 -0.40273240 4.88619930
v 8.05250089 -0.72975240 3.13398970
v -6.64872871 0.64869800 3.64420890
v -5.57536871 0.73630760 5.53254890
v -4.35609911 0.80528760 6.75605930
v -2.75132871 0.81735800 7.75143930
v -0.95778871 0.81630760 8.44810970
v 0.93652089 0.81603720 8.69702010
v 2.82998089 0.81604760 8.44859930
v 4.59467129 0.81604760 7.71768010
v 6.11005129 0.81604760 6.55487930
v 7.31292089 0.81236760 5.03894010
v 8.22494089 0.80117800 3.27234970
v -5.93011831 2.01297800 3.26773930
v -5.15607911 2.02219800 4.99503930
v -4.04315911 2.02160760 6.37657930
v -2.56816871 2.01531800 7.44689930
v -0.87438231 2.01396760 8.14035930
v 0.93633129 2.01414760 8.38010890
v 2.74778089 2.01417720 8.14190010
v 4.43588089 2.01417720 7.44264970
v 5.88549129 2.01417720 6.33032010
v 7.00515049 2.01417800 4.88070970
v 7.73661129 2.01417800 3.19260010
v -4.98636871 2.88985800 2.96557930
v -4.37266871 2.89195800 4.44663930
v -3.39974871 2.89131800 5.71590970
v -2.12860871 2.89095800 6.68967930
v -0.65045111 2.89131720 7.30324970
v 0.93621129 2.89140760 7.51253930
v 2.52316089 2.89139800 7.30361930
v 4.00196089 2.89139800 6.69106970
v 5.27184169 2.89139800 5.71666010
v 6.24625209 2.89139800 4.44678970
v 6.85879129 2.89139800 2.96798970
v -3.84019911 3.21079800 2.66011930
v -3.34691911 3.21112760 3.85218970
v -2.56078871 3.21158840 4.87762970
v -1.53658871 3.21204840 5.66410970
v -0.34385351 3.21217720 6.15832010
v 0.93621129 3.21217720 6.32683930
v 2.21628089 3.21217720 6.15830970
v 3.40911129 3.21217800 5.66421930
v 4.43342089 3.21217800 4.87823930
v 5.21940169 3.21217800 3.85394010
v 5.71348089 3.21217800 2.66110970
v -2.69647831 2.89001800 2.35437610
v -2.32076871 2.89001800 3.26138970
v -1.72308311 2.89002840 4.04033930
v -0.94421031 2.89004840 4.63803930
v -0.03716551 2.89004840 5.01373930
v 0.93621129 2.89004840 5.14187930
v 1.90959129 2.89004840 5.01373930
v 2.81663129 2.89004840 4.63802970
v 3.59553129 2.89004840 4.04035930
v 4.19320089 2.89004840 3.26145930
v 4.56891129 2.89004840 2.35441770
v -1.86138311 2.01259800 2.12882810
v -1.57142551 2.01241800 2.82716970
v -1.11089591 2.01238840 3.42754970
v -0.51130711 2.01241800 3.88817930
v 0.18690089 2.01245800 4.17752970
v 0.93621129 2.01245800 4.27617930
v 1.68553129 2.01245800 4.17752970
v 2.38378089 2.01245800 3.88830010
v 2.98338169 2.01245800 3.42820970
v 3.44347129 2.01245800 2.82860970
v 3.73270089 2.01245800 2.13035530
v -3.31772871 -2.84279000 2.75518890
v -5.17429911 -2.66583080 3.49178890
v -6.96830871 -2.16968120 3.06287930
v -3.27627911 -4.00709240 2.88268890
v -5.45690871 -3.85910200 3.76701930
v -7.76726871 -2.97500200 3.15285930
v -3.82041831 -5.55322200 2.62345930
v -5.72681831 -5.69001240 3.00177850
v -7.72396871 -4.60096200 2.44453850
v -9.29865831 -2.96337240 2.76644890
v -9.40866951 -3.90420200 2.52232890
v 6.86080089 -2.58731320 2.00502650
v 7.53421129 -2.69849640 2.34890250
v 8.20797129 -2.64450840 2.20223370
v 7.15556089 -3.41992200 1.64788890
v 7.50677129 -3.66086200 1.70470170
v 7.87608089 -3.60458200 1.72811290
v -1.55801991 0.81760760 0.71518410
v -1.29876471 0.81740760 0.09360970
v -0.88810151 0.81716840 -0.44130070
v -0.35314391 0.81576840 -0.85163030
v 0.26879129 0.81589800 -1.10991030
v 0.93621129 0.81604840 -1.19793030
v 1.60370169 0.81604840 -1.11005030
v 2.22570169 0.81604840 -0.85241030
v 2.75982089 0.81604840 -0.44256070
v 3.16966089 0.81604840 0.09155930
v 3.42730089 0.81604840 0.71355370
v -1.82289351 -0.38030200 0.56944730
v -1.56148151 -0.36325160 -0.12092070
v -1.11491351 -0.36063160 -0.68808070
v -0.51241991 -0.37696200 -1.12843030
v 0.18706169 -0.38086200 -1.41492070
v 0.93624169 -0.38045160 -1.51402070
v 1.68553129 -0.38036200 -1.41545030
v 2.38378089 -0.38036200 -1.12622070
v 2.98338169 -0.38036200 -0.66613030
v 3.44347129 -0.38036200 -0.06653030
v 3.73270089 -0.38036200 0.63172330
v -2.38433831 -1.30451000 0.14997930
v -2.22093831 -1.21305480 -0.74704070
v -1.71537431 -1.18909800 -1.38006070
v -0.94640551 -1.23804200 -1.89242070
v -0.03711431 -1.25750520 -2.25146070
v 0.93631129 -1.25829400 -2.37953110
v 1.90959129 -1.25795880 -2.25165110
v 2.81663129 -1.25794520 -1.87595110
v 3.59553129 -1.25794680 -1.27828070
v 4.19360089 -1.26230120 -0.49887030
v 4.56419129 -1.28384360 0.40991850
v -3.00091831 -1.92140520 -0.22827110
v -3.05724871 -1.58956920 -1.49113030
v -2.49729831 -1.52072920 -2.26741110
v -1.52887591 -1.56073480 -2.92040070
v -0.34307431 -1.57989960 -3.39523030
v 0.93632169 -1.58050360 -3.56446070
v 2.21628169 -1.58008760 -3.39623110
v 3.40911129 -1.58007480 -2.90215030
v 4.43342089 -1.58007720 -2.11616070
v 5.22133129 -1.60369480 -1.09753030
v 5.82799129 -1.83845800 0.13701930
v -4.78719911 -1.82759080 -1.07762070
v -4.19662871 -1.38729480 -2.25823110
v -3.31946871 -1.24744840 -3.11604070
v -2.11066871 -1.24777880 -3.93530070
v -0.64865351 -1.25869480 -4.53918070
v 0.93627129 -1.25957240 -4.75036070
v 2.52316169 -1.25931080 -4.54155030
v 4.00196169 -1.25929800 -3.92899030
v 5.27184169 -1.25929960 -2.95458070
v 6.25531209 -1.28694680 -1.71853030
v 6.98285049 -1.61075160 -0.50089030
v -6.54251831 -1.09816920 -0.85396070
v -5.26106871 -0.59371160 -2.73436070
v -4.04967831 -0.41822200 -3.75173030
v -2.56325831 -0.38146200 -4.68677110
v -0.87304311 -0.38121160 -5.37592070
v 0.93638169 -0.38207160 -5.61795030
v 2.74777129 -0.38208200 -5.37983110
v 4.43588169 -0.38207160 -4.68057030
v 5.88549129 -0.38208200 -3.56824070
v 7.03984169 -0.40273160 -2.12411990
v 8.05250089 -0.72975160 -0.37191030
v -6.64872871 0.64869800 -0.88213110
v -5.57536871 0.73630840 -2.77047030
v -4.35609831 0.80528840 -3.99398070
v -2.75132871 0.81735800 -4.98936070
v -0.95778791 0.81630840 -5.68603110
v 0.93652169 0.81603800 -5.93494150
v 2.82998169 0.81604840 -5.68652070
v 4.59467209 0.81604840 -4.95560070
v 6.11005129 0.81604840 -3.79279990
v 7.31292089 0.81236840 -2.27686070
v 8.22494089 0.80117800 -0.51027030
v -5.93011831 2.01297800 -0.50566070
v -5.15607911 2.02219800 -2.23296070
v -4.04315831 2.02160840 -3.61450070
v -2.56816871 2.01531880 -4.68482070
v -0.87438231 2.01396840 -5.37828070
v 0.93633209 2.01414840 -5.61803030
v 2.74778169 2.01417800 -5.37982150
v 4.43588169 2.01417800 -4.68057030
v 5.88549129 2.01417800 -3.56824070
v 7.00515049 2.01417800 -2.11863030
v 7.73661129 2.01417800 -0.43051990
v -4.98636871 2.88985800 -0.20350070
v -4.37266871 2.89195800 -1.68456070
v -3.39974871 2.89131800 -2.95383110
v -2.12860871 2.89095880 -3.92760070
v -0.65045031 2.89131800 -4.54117030
v 0.93621129 2.89140840 -4.75045990
v 2.52316169 2.89139880 -4.54153990
v 4.00196169 2.89139880 -3.92899030
v 5.27184169 2.89139800 -2.95458070
v 6.24625209 2.89139800 -1.68471030
v 6.85879129 2.89139800 -0.20591030
v -3.84019911 3.21079800 0.10195930
v -3.34691831 3.21112760 -1.09011030
v -2.56078871 3.21158840 -2.11555110
v -1.53658871 3.21204840 -2.90203030
v -0.34385351 3.21217800 -3.39624070
v 0.93621129 3.21217800 -3.56476070
v 2.21628169 3.21217800 -3.39623030
v 3.40911129 3.21217800 -2.90213990
v 4.43342089 3.21217800 -2.11616070
v 5.21940169 3.21217800 -1.09185990
v 5.71348089 3.21217800 0.10096970
v -2.69647831 2.89001800 0.40770250
v -2.32076871 2.89001800 -0.49931030
v -1.72308231 2.89002840 -1.27826070
v -0.94421031 2.89004840 -1.87595990
v -0.03716551 2.89004840 -2.25165990
v 0.93621129 2.89004840 -2.37979990
v 1.90959129 2.89004840 -2.25165990
v 2.81663129 2.89004840 -1.87595030
v 3.59553129 2.89004840 -1.27827990
v 4.19320089 2.89004840 -0.49937990
v 4.56891129 2.89004840 0.40766170
v -1.86138311 2.01259800 0.63325050
v -1.57142551 2.01241800 -0.06509030
v -1.11089591 2.01238840 -0.66547030
v -0.51130631 2.01241800 -1.12610070
v 0.18690169 2.01245800 -1.41545030
v 0.93621129 2.01245800 -1.51410070
v 1.68553129 2.01245800 -1.41545030
v 2.38378089 2.01245800 -1.12622070
v 2.98338169 2.01245800 -0.66613030
v 3.44347129 2.01245800 -0.06653030
v 3.73270089 2.01245800 0.63172410
v -3.31772871 -2.84279000 0.00688890
v -5.17429911 -2.66583080 -0.72971110
v -6.96830871 -2.16968120 -0.30080070
v -3.27627911 -4.00709240 -0.12061110
v -5.45690871 -3.85910200 -1.00494150
v -7.76726871 -2.97500200 -0.39078150
v -3.82041831 -5.55322200 0.13861930
v -5.72681831 -5.69001240 -0.23970070
v -7.72396871 -4.60096200 0.31753930
v -9.29865831 -2.96337160 -0.00437110
v -9.40866951 -3.90420200 0.23974890
v 6.86080089 -2.58731320 0.75705290
v 7.53421129 -2.69849560 0.41317690
v 8.20797129 -2.64450760 0.55984570
v 7.15556089 -3.41992200 1.11419050
v 7.50677129 -3.66086200 1.05737770
v 7.87608089 -3.60458200 1.03396650
v -5.85504871 -6.46910200 1.38103850
v -7.84930871 -5.27216200 1.38103850
v -3.61818871 -5.87949240 1.38103930
v -7.63835911 -1.94092600 1.38103930
v -9.58257831 -2.55675240 1.38103850
v -9.83123911 -3.98761160 1.38103850
v -2.53738871 -2.00022920 1.38103930
v -2.72910871 -2.87623560 1.38103930
v -2.71723831 -4.04003240 1.38103930
v 5.71021129 -1.91937080 1.38103930
v 7.46594169 -3.86400200 1.38103930
v 6.67385129 -2.55179960 1.38103930
v 8.44989129 -2.63120920 1.38103930
v 7.10753209 -3.50741160 1.38103930
v 7.88620169 -3.71498200 1.38103930
v -7.41442871 -1.00402200 1.38103930
v -8.10633911 -2.15403240 1.38103930
v -1.89710871 -0.39303160 1.38103930
v -2.35912871 -1.34709880 1.38103930
v 3.83135129 -0.38036200 1.38103930
v 4.66943129 -1.29629720 1.38103930
v 8.52433209 -0.62268200 1.38104010
v -7.11745831 0.64129800 1.38103930
v -6.20364871 2.01279800 1.38103930
v -1.64637271 0.81719800 1.38103930
v -5.19442871 2.88924840 1.38103930
v -4.00831911 3.21068760 1.38103930
v -2.82464871 2.89001800 1.38103930
v -1.96064871 2.01274840 1.38103930
v 3.51518169 0.81604840 1.38103930
v 3.83135129 2.01245800 1.38103930
v 8.53047129 0.81453800 1.38104010
v 7.98243129 2.01417800 1.38104010
v 7.06771209 2.89139800 1.38104010
v 5.88201049 3.21217800 1.38104010
v 4.69706169 2.89004840 1.38104010
v -1.44874311 0.81754760 2.36591930
v -1.36756311 0.20305800 2.72120970
v -1.71643991 -0.37095240 2.55448890
v -1.62933271 0.19996760 2.08166410
v -1.51976471 0.20186840 2.41152970
v -1.11083751 0.81738760 2.94928970
v -0.94714871 0.20288840 3.26567930
v -1.36006071 -0.35917240 3.18160970
v -1.17581351 0.20369800 3.00727930
v -0.63397591 0.81643800 3.42602970
v -0.39398951 0.19706760 3.68404970
v -0.82965191 -0.36847240 3.68754890
v -0.68459351 0.19995800 3.49233930
v -0.05052791 0.81568760 3.76319930
v 0.24789129 0.19665800 3.95000970
v -0.17165111 -0.38051240 4.05528970
v -0.08146951 0.19627800 3.83767930
v 0.59960089 0.81601800 3.93787930
v 0.93622089 0.19706760 4.04102970
v 0.55843129 -0.38067240 4.25107930
v 0.58906089 0.19695800 4.01812970
v 1.27283129 0.81605800 3.93789930
v 1.62467129 0.19709800 3.95040970
v 1.31410089 -0.38036200 4.25134970
v 1.28341129 0.19710760 4.01824970
v 1.92312089 0.81604760 3.76364970
v 2.26622089 0.19709800 3.68466970
v 2.04411129 -0.38036200 4.05574970
v 1.95413129 0.19709800 3.83851930
v 2.50616089 0.81604840 3.42702970
v 2.81712089 0.19709800 3.26194970
v 2.69863129 -0.38036200 3.67785930
v 2.55549129 0.19709800 3.49132970
v 2.98221129 0.81604840 2.95098970
v 3.23985129 0.19709800 2.71103930
v 3.23304089 -0.38036200 3.14344970
v 3.04650169 0.19709800 3.00031930
v 3.31882089 0.81604840 2.36794890
v 3.50558169 0.19709800 2.06950090
v 3.61092089 -0.38036200 2.48893930
v 3.39369129 0.19709800 2.39895930
v -1.86022151 -0.84056200 3.16228890
v -2.34091911 -1.25749320 3.10397930
v -2.10020871 -0.88893240 2.39129930
v -2.00986871 -0.86346200 2.80659930
v -1.37982551 -0.82998200 3.75371930
v -2.00889911 -1.18913000 3.84747930
v -1.64867911 -0.82833240 3.47501930
v -0.70181911 -0.86420200 4.22328890
v -1.35559271 -1.21126200 4.41268890
v -1.06028951 -0.84587240 4.00440890
v 0.08961689 -0.87617240 4.54050890
v -0.50381911 -1.25250600 4.85853930
v -0.31620391 -0.87347240 4.40456970
v 0.93628089 -0.87636200 4.65213930
v 0.44557129 -1.25864520 5.10901930
v 0.50940089 -0.87664200 4.62381930
v 1.78288169 -0.87615240 4.54083930
v 1.42711129 -1.25803240 5.10957930
v 1.36320089 -0.87619240 4.62422970
v 2.57185129 -0.87614200 4.21403930
v 2.37540169 -1.25794280 4.85553930
v 2.18805129 -0.87614200 4.40324970
v 3.24935129 -0.87614200 3.69417930
v 3.22563129 -1.25794600 4.36465930
v 2.92760169 -0.87614200 3.97626970
v 3.76926169 -0.87658200 3.01661930
v 3.91987129 -1.25838200 3.67039930
v 3.53144089 -0.87619240 3.37241930
v 4.09555129 -0.87873240 2.22748170
v 4.41130089 -1.27212040 2.81863930
v 3.95847129 -0.87756200 2.63271930
v -2.60857911 -1.46835240 3.87242970
v -3.10503911 -1.69905080 3.69355930
v -2.62444871 -1.62037480 2.79395930
v -2.66960871 -1.53948440 3.38620970
v -2.09404871 -1.42547400 4.57740890
v -2.84498871 -1.53474600 4.67857930
v -2.40934871 -1.43049480 4.25558890
v -1.22857111 -1.47559640 5.15263930
v -2.05037911 -1.53637080 5.36767930
v -1.69282391 -1.44729400 4.87834890
v -0.18480151 -1.49684120 5.56534970
v -0.95449911 -1.57470600 5.95173930
v -0.72169271 -1.49124520 5.38657930
v 0.93633129 -1.49763400 5.71312890
v 0.29103129 -1.58101320 6.28360890
v 0.37105129 -1.49809000 5.67551930
v 2.05753129 -1.49723000 5.56581930
v 1.58177129 -1.58017000 6.28437930
v 1.50171129 -1.49731400 5.67623930
v 3.10242169 -1.49721400 5.13302010
v 2.82885049 -1.58007240 5.95027930
v 2.59413129 -1.49721080 5.38359930
v 3.99969129 -1.49721640 4.44451930
v 3.94697129 -1.58007720 5.30472970
v 3.57357129 -1.49721640 4.81810970
v 4.68944169 -1.51116200 3.54644970
v 4.86010169 -1.58243880 4.39235930
v 4.37341129 -1.49861080 4.01831930
v 5.11608169 -1.59071080 2.49280970
v 5.52039129 -1.66742440 3.28811930
v 4.94232089 -1.54408280 3.03568970
v -3.60020871 -1.56187800 4.65259930
v -4.52273831 -1.55881080 4.40576890
v -3.87253831 -1.94889080 3.54112890
v -3.76236871 -1.70345720 4.07656890
v -2.90906871 -1.45919960 5.47056970
v -3.79846871 -1.29015880 5.48642970
v -3.31306871 -1.48643800 5.09799930
v -1.82815511 -1.48186200 6.20851930
v -2.75366871 -1.23973240 6.29277930
v -2.40813911 -1.46451400 5.84802890
v -0.50123911 -1.49763640 6.74942890
v -1.40337911 -1.25482600 7.04152890
v -1.18663591 -1.49294040 6.51605930
v 0.93629129 -1.49832120 6.94019930
v 0.13630089 -1.25980440 7.45932890
v 0.21094089 -1.49874600 6.89205930
v 2.37508089 -1.49795400 6.75096970
v 1.73652089 -1.25937240 7.46000890
v 1.66185129 -1.49802840 6.89271930
v 3.71589129 -1.49794120 6.19558010
v 3.28259129 -1.25929640 7.04569930
v 3.06365129 -1.49793800 6.51711930
v 4.86727129 -1.49794280 5.31210010
v 4.66876009 -1.25930040 6.24538970
v 4.32047129 -1.49794280 5.79148970
v 5.75335209 -1.52562680 4.18364970
v 5.80147209 -1.26206520 5.11696970
v 5.34692169 -1.50071080 4.76758970
v 6.43028089 -1.79686600 3.03509930
v 6.63740089 -1.36798600 3.84688970
v 6.09120089 -1.60149240 3.59030970
v -4.78568871 -1.06834040 5.30461930
v -5.85926871 -0.78195240 4.66995930
v -5.67892871 -1.56098440 3.90617930
v -5.26669831 -1.26377320 4.59423930
v -3.71453911 -0.89613240 6.23124890
v -4.67498871 -0.47968200 6.06506970
v -4.27624951 -0.95326520 5.81600970
v -2.36110871 -0.87255240 7.11775930
v -3.34108871 -0.39018200 6.98658890
v -3.07355911 -0.87490200 6.67768890
v -0.77512471 -0.87707240 7.77387930
v -1.73775911 -0.38005240 7.84163930
v -1.59069031 -0.87462200 7.49192890
v 0.93631129 -0.87802200 8.00296890
v 0.02335609 -0.38190200 8.31884970
v 0.07243529 -0.87802200 7.94532890
v 2.65012089 -0.87792200 7.77749930
v 1.84980089 -0.38210200 8.32039930
v 1.80054089 -0.87795240 7.94639850
v 4.24724089 -0.87790200 7.11592010
v 3.61470089 -0.38208200 7.84747930
v 3.47032089 -0.87790200 7.49891930
v 5.61872089 -0.87791240 6.06354970
v 5.19706089 -0.38208200 6.93388890
v 4.96739049 -0.87790200 6.63458010
v 6.69676169 -0.90357400 4.71488010
v 6.49326169 -0.38414200 5.64244010
v 6.19232089 -0.88047240 5.41449930
v 7.51974089 -1.28047400 3.32460010
v 7.54807129 -0.46849240 4.07224970
v 7.14171129 -0.98568120 3.99792970
v -5.52485831 0.03613800 5.58756890
v -6.14896871 0.68663800 4.66467930
v -6.70847911 -0.19064200 3.67536890
v -6.13701911 -0.08166200 4.72118970
v -4.27666951 0.16705800 6.70547930
v -4.99613911 0.77791800 6.20278890
v -4.92326951 0.11860760 6.20930890
v -2.70015911 0.19610760 7.67005930
v -3.59557911 0.81604760 7.27727930
v -3.52650871 0.18934760 7.20070970
v -0.93556311 0.19668760 8.36774010
v -1.86966871 0.81690760 8.14847930
v -1.83427511 0.19736760 8.06728970
v 0.93648089 0.19608760 8.61575930
v -0.01811511 0.81606760 8.63327930
v -0.00742311 0.19622760 8.55254890
v 2.80889129 0.19605720 8.36993930
v 1.89130089 0.81604760 8.63495930
v 1.88065049 0.19604760 8.55430890
v 4.55394089 0.19605800 7.64712970
v 3.73623129 0.81604760 8.14087930
v 3.70505049 0.19605720 8.06560890
v 6.05245129 0.19605800 6.49726970
v 5.39039129 0.81604760 7.18582970
v 5.34079129 0.19605800 7.12119930
v 7.24933209 0.18419800 4.99782970
v 6.74501129 0.81567800 5.83516010
v 6.68108089 0.19487800 5.78552970
v 8.20527129 0.12606760 3.24246970
v 7.82473129 0.80476760 4.17932970
v 7.77420169 0.15650760 4.14596970
v -5.43316871 1.41489800 5.30146890
v -5.59404871 2.01747800 4.16564970
v -6.35513911 1.38833800 3.47860890
v -5.93989911 1.39918840 4.44503930
v -4.26230951 1.43838760 6.62671930
v -4.64303911 2.02336840 5.72845930
v -4.88601911 1.42925720 6.01485930
v -2.70130871 1.43770760 7.66928890
v -3.34405911 2.01832760 6.95260890
v -3.52321911 1.43984760 7.18173930
v -0.93628231 1.43598760 8.36916970
v -1.74127511 2.01408760 7.84638890
v -1.83597911 1.43638760 8.07017930
v 0.93645129 1.43600760 8.61580970
v 0.02306409 2.01405720 8.31944890
v -0.00759111 1.43593800 8.55291930
v 2.80889129 1.43603800 8.36992970
v 1.84980089 2.01417720 8.32035930
v 1.88065049 1.43603800 8.55428890
v 4.55394089 1.43603800 7.64712970
v 3.61470089 2.01417720 7.84747930
v 3.70505049 1.43603800 8.06560890
v 6.05245129 1.43603800 6.49726970
v 5.19706089 2.01417720 6.93388890
v 5.34079129 1.43603800 7.12119930
v 7.22578169 1.43566760 4.99870970
v 6.48979129 2.01417800 5.64188970
v 6.67872169 1.43599720 5.78560970
v 8.05244169 1.43454760 3.25346970
v 7.42608089 2.01417800 4.05952010
v 7.69598089 1.43490760 4.14970010
v -4.80007911 2.51953800 4.71580890
v -4.72781831 2.89101800 3.72601930
v -5.47803831 2.51583800 3.10406970
v -5.19031911 2.51811800 3.93366970
v -3.75181911 2.51469720 6.07110890
v -3.92772871 2.89186840 5.11347930
v -4.31995911 2.51787800 5.43004970
v -2.37372871 2.51024760 7.11376970
v -2.79615911 2.89099800 6.24410890
v -3.09792871 2.51196760 6.63536970
v -0.77687431 2.50982760 7.77630010
v -1.40937111 2.89111800 7.04474970
v -1.59604391 2.50971720 7.49666970
v 0.93625049 2.50999800 8.00303930
v 0.13595129 2.89139800 7.45988970
v 0.07209529 2.50993800 7.94591930
v 2.65013129 2.51000760 7.77748010
v 1.73652089 2.89139800 7.45998010
v 1.80055049 2.51000760 7.94635930
v 4.24724089 2.51000760 7.11592010
v 3.28259129 2.89139800 7.04569930
v 3.47032089 2.51000760 7.49891930
v 5.61872089 2.51000760 6.06354970
v 4.66876009 2.89139800 6.24538970
v 4.96739049 2.51000760 6.63458010
v 6.67182169 2.51000840 4.69206970
v 5.80057129 2.89139800 5.11358970
v 6.18982169 2.51000840 5.41222010
v 7.33659129 2.51000840 3.09496010
v 6.60087129 2.89139800 3.72742010
v 7.05643129 2.51000840 3.91514970
v -3.87783911 3.12776840 4.15664970
v -3.63261911 3.21094760 3.27212970
v -4.43147911 3.12668840 2.81716970
v -4.19861831 3.12719800 3.50464890
v -2.99436871 3.12869800 5.31047930
v -2.98740871 3.21134760 4.39050970
v -3.47389911 3.12824840 4.76227930
v -1.84309911 3.12960760 6.19509930
v -2.07434871 3.21183800 5.30447930
v -2.44755911 3.12917800 5.79065930
v -0.50261911 3.13002760 6.75093930
v -0.95639511 3.21214760 5.95024010
v -1.19103351 3.12988760 6.51690970
v 0.93621129 3.13004760 6.94039930
v 0.29066089 3.21218760 6.28444010
v 0.21057129 3.13005720 6.89276010
v 2.37508089 3.13003720 6.75095930
v 1.58176089 3.21217720 6.28442970
v 1.66184089 3.13004760 6.89272970
v 3.71589129 3.13003720 6.19558010
v 2.82885049 3.21217720 5.95026970
v 3.06365129 3.13003720 6.51711930
v 4.86727129 3.13003800 5.31210010
v 3.94697129 3.21217800 5.30472970
v 4.32047129 3.13003720 5.79148970
v 5.75075049 3.13003800 4.16072010
v 4.85990089 3.21217800 4.39178970
v 5.34666089 3.13003800 4.76529930
v 6.30613209 3.13003800 2.81990970
v 5.50545129 3.21217800 3.27368010
v 6.07229129 3.13003800 3.50846970
v -2.81580871 3.12908840 3.54691930
v -2.53827911 2.89001800 2.82015930
v -3.24845911 3.12905800 2.50223930
v -3.06631911 3.12905800 3.03869930
v -2.12722871 3.12918760 4.44443930
v -2.04739911 2.89001800 3.67040970
v -2.50086871 3.12912840 4.01815930
v -1.22998871 3.12931800 5.13302010
v -1.35318871 2.89003800 4.36466970
v -1.70111431 3.12925800 4.81809930
v -0.18509991 3.12931800 5.56582970
v -0.50297671 2.89004840 4.85554970
v -0.72170311 3.12932760 5.38360010
v 0.93621129 3.12931800 5.71344970
v 0.44533129 2.89004840 5.10964010
v 0.37073129 3.12931800 5.67630970
v 2.05752089 3.12931800 5.56582970
v 1.42709129 2.89004840 5.10964010
v 1.50170089 3.12931800 5.67630970
v 3.10242169 3.12931800 5.13302010
v 2.37540169 2.89004840 4.85553930
v 2.59412169 3.12931800 5.38358970
v 3.99969129 3.12931800 4.44451930
v 3.22563129 2.89004840 4.36465930
v 3.57357129 3.12931800 4.81810970
v 4.68819129 3.12931800 3.54724970
v 3.91984089 2.89004840 3.67044970
v 4.37328089 3.12931800 4.01839930
v 5.12100089 3.12931800 2.50234970
v 4.41072089 2.89004840 2.82022970
v 4.93877129 3.12931800 3.03894970
v -1.89682871 2.50825800 3.01638970
v -1.73920951 2.01249800 2.48727930
v -2.22376871 2.50826840 2.22736330
v -2.08608871 2.50826840 2.63251930
v -1.37688551 2.50825800 3.69405930
v -1.36071511 2.01238840 3.14238970
v -1.65900151 2.50825800 3.37221930
v -0.69941751 2.50823800 4.21403930
v -0.82611351 2.01239800 3.67752970
v -1.05514551 2.50824760 3.97621930
v 0.08954409 2.50824760 4.54084970
v -0.17166951 2.01243800 4.05571930
v -0.31562791 2.50823800 4.40326010
v 0.93621129 2.50824760 4.65230970
v 0.55833129 2.01246760 4.25135930
v 0.50923129 2.50824760 4.62426970
v 1.78288169 2.50824760 4.54083930
v 1.31410089 2.01245800 4.25134970
v 1.36319129 2.50824760 4.62425930
v 2.57185129 2.50824760 4.21404010
v 2.04411129 2.01245800 4.05574970
v 2.18805129 2.50824760 4.40323930
v 3.24935129 2.50824760 3.69418010
v 2.69863129 2.01245800 3.67786010
v 2.92760169 2.50824760 3.97626970
v 3.76922089 2.50824760 3.01667930
v 3.23304089 2.01245800 3.14344970
v 3.53144089 2.50824760 3.37242970
v 4.09602089 2.50824760 2.22770650
v 3.61092089 2.01245800 2.48893930
v 3.95842089 2.50824760 2.63288010
v -1.36850471 1.43495800 2.70756970
v -1.63613191 1.43554840 2.06600330
v -1.52324151 1.43520760 2.39506970
v -0.94469511 1.43486840 3.26027930
v -1.17448711 1.43486840 2.99769930
v -0.39364871 1.43485800 3.68422970
v -0.68291351 1.43485800 3.49037930
v 0.24777129 1.43497800 3.95038970
v -0.08163191 1.43491800 3.83835930
v 0.93621129 1.43500840 4.04104890
v 0.58901129 1.43500840 4.01825930
v 1.62467129 1.43499800 3.95040970
v 1.28341129 1.43499800 4.01823930
v 2.26622089 1.43499800 3.68466970
v 1.95413129 1.43499800 3.83851930
v 2.81712089 1.43499800 3.26194970
v 2.55549129 1.43499800 3.49132970
v 3.23985129 1.43499800 2.71103930
v 3.04650169 1.43499800 3.00032010
v 3.50558169 1.43499800 2.06950090
v 3.39369129 1.43499800 2.39895930
v -5.00067911 -2.20854920 3.53117930
v -4.15290871 -2.79248440 3.23909930
v -3.22406871 -2.37341800 2.78713930
v -4.03046871 -2.33049320 3.27007930
v -6.75322871 -1.72741800 3.17680890
v -6.16268871 -2.42635400 3.44888890
v -5.94427831 -1.97423880 3.53188890
v -5.32023911 -3.17782200 3.66340890
v -4.24437831 -3.99026200 3.47918890
v -3.28223911 -3.34560200 2.83210890
v -4.19150871 -3.30711240 3.38196890
v -7.25753911 -2.54423640 3.10920890
v -6.62568871 -3.50606200 3.60240890
v -6.40666871 -2.89745880 3.56497930
v -5.59841831 -4.78807160 3.53631850
v -4.59415911 -5.77118200 2.89294890
v -3.46472871 -4.89092200 2.78726890
v -4.40576871 -4.91573160 3.31948890
v -7.73838871 -3.86364200 2.96084890
v -6.74198871 -5.19663160 2.73106890
v -6.70375911 -4.35863240 3.29378890
v -8.72254951 -2.91426200 2.93600890
v -9.47029831 -3.43066200 2.77972890
v -8.75967831 -4.20285240 2.48263850
v -8.72260871 -3.58736200 2.90199930
v 7.31289129 -2.09744200 2.76836970
v 7.90525129 -2.68249000 2.35832170
v 8.18786169 -1.74586040 2.57314970
v 7.78672089 -1.93363480 2.78808010
v 6.45242089 -2.17838680 2.27732730
v 7.15833129 -2.65137000 2.22386170
v 6.83655209 -2.16657480 2.59018970
v 7.56500089 -3.25672200 1.98761770
v 7.70907129 -3.68051240 1.72116090
v 8.05018169 -3.29200200 1.90796650
v 7.83567129 -3.29035160 1.99780730
v 7.06713129 -3.08028200 1.78092490
v 7.29991129 -3.57287160 1.67077050
v 7.28634089 -3.17216200 1.91148490
v -1.62933271 0.19996760 0.68041450
v -1.71643991 -0.37095160 0.20758970
v -1.36756231 0.20305800 0.04086890
v -1.44874231 0.81754760 0.39615930
v -1.51976471 0.20186840 0.35054970
v -1.36006071 -0.35917160 -0.41953110
v -0.94714871 0.20288840 -0.50360070
v -1.11083751 0.81738760 -0.18721030
v -1.17581351 0.20369800 -0.24520070
v -0.82965111 -0.36847160 -0.92547030
v -0.39398951 0.19706840 -0.92197030
v -0.63397591 0.81643800 -0.66395030
v -0.68459351 0.19995800 -0.73026070
v -0.17165031 -0.38051160 -1.29321030
v 0.24789129 0.19665800 -1.18793030
v -0.05052791 0.81568840 -1.00112070
v -0.08146951 0.19627800 -1.07560070
v 0.55843129 -0.38067160 -1.48900070
v 0.93622169 0.19706840 -1.27895030
v 0.59960169 0.81601800 -1.17580070
v 0.58906169 0.19695800 -1.25605030
v 1.31410169 -0.38036200 -1.48927030
v 1.62467129 0.19709800 -1.18833030
v 1.27283129 0.81605800 -1.17582070
v 1.28341129 0.19710840 -1.25617030
v 2.04411129 -0.38036200 -1.29367030
v 2.26622169 0.19709800 -0.92259030
v 1.92312169 0.81604840 -1.00157030
v 1.95413129 0.19709800 -1.07644070
v 2.69863129 -0.38036200 -0.91578070
v 2.81712089 0.19709800 -0.49987030
v 2.50616089 0.81604840 -0.66495030
v 2.55549129 0.19709800 -0.72925030
v 3.23304089 -0.38036200 -0.38137030
v 3.23985129 0.19709800 0.05103930
v 2.98221129 0.81604840 -0.18891030
v 3.04650169 0.19709800 -0.23824070
v 3.61092089 -0.38036200 0.27313930
v 3.50558169 0.19709800 0.69257850
v 3.31882089 0.81604840 0.39413050
v 3.39369129 0.19709800 0.36311930
v -2.10020871 -0.88894200 0.37077930
v -2.34091831 -1.25749320 -0.34190070
v -1.86022151 -0.84056200 -0.40021030
v -2.00986871 -0.86346200 -0.04452070
v -2.00889831 -1.18913080 -1.08540070
v -1.37982551 -0.82998200 -0.99164070
v -1.64867831 -0.82833160 -0.71294070
v -1.35559271 -1.21126200 -1.65061030
v -0.70181831 -0.86420200 -1.46121030
v -1.06028951 -0.84587160 -1.24233030
v -0.50381831 -1.25250600 -2.09646070
v 0.08961769 -0.87617160 -1.77843030
v -0.31620391 -0.87347160 -1.64249110
v 0.44557129 -1.25864520 -2.34694070
v 0.93628169 -0.87636200 -1.89006070
v 0.50940169 -0.87664200 -1.86174070
v 1.42711129 -1.25803160 -2.34750070
v 1.78288169 -0.87615160 -1.77876070
v 1.36320169 -0.87619160 -1.86215110
v 2.37540169 -1.25794280 -2.09346070
v 2.57185129 -0.87614200 -1.45196070
v 2.18805129 -0.87614200 -1.64117030
v 3.22563129 -1.25794600 -1.60258070
v 3.24935129 -0.87614200 -0.93210070
v 2.92760169 -0.87614200 -1.21419030
v 3.91987129 -1.25838200 -0.90832070
v 3.76926169 -0.87658200 -0.25454070
v 3.53144089 -0.87619160 -0.61034070
v 4.41130089 -1.27211960 -0.05656070
v 4.09555129 -0.87873240 0.53459770
v 3.95847129 -0.87756200 0.12935930
v -2.62444871 -1.62037560 -0.03188070
v -3.10503831 -1.69905080 -0.93148070
v -2.60857831 -1.46835320 -1.11035110
v -2.66960871 -1.53948360 -0.62413110
v -2.84498871 -1.53474600 -1.91650070
v -2.09404871 -1.42547480 -1.81533030
v -2.40934871 -1.43049480 -1.49351030
v -2.05037831 -1.53637080 -2.60560070
v -1.22857031 -1.47559560 -2.39056070
v -1.69282391 -1.44729400 -2.11627030
v -0.95449831 -1.57470600 -3.18966070
v -0.18480151 -1.49684040 -2.80327110
v -0.72169271 -1.49124520 -2.62450070
v 0.29103129 -1.58101240 -3.52153030
v 0.93633129 -1.49763400 -2.95105030
v 0.37105129 -1.49809000 -2.91344070
v 1.58177129 -1.58017000 -3.52230070
v 2.05753129 -1.49723000 -2.80374070
v 1.50171129 -1.49731400 -2.91416070
v 2.82885129 -1.58007160 -3.18820070
v 3.10242169 -1.49721400 -2.37094070
v 2.59413129 -1.49721160 -2.62152070
v 3.94697129 -1.58007720 -2.54265030
v 3.99969129 -1.49721560 -1.68244070
v 3.57357129 -1.49721560 -2.05603030
v 4.86010169 -1.58243880 -1.63028070
v 4.68944169 -1.51116200 -0.78437030
v 4.37341129 -1.49861080 -1.25624070
v 5.52039129 -1.66742360 -0.52603990
v 5.11608169 -1.59071080 0.26926970
v 4.94232089 -1.54408280 -0.27361030
v -3.87253831 -1.94889080 -0.77905110
v -4.52273831 -1.55881080 -1.64369110
v -3.60020871 -1.56187800 -1.89052070
v -3.76236871 -1.70345720 -1.31449110
v -3.79846871 -1.29015960 -2.72435110
v -2.90906871 -1.45919960 -2.70849110
v -3.31306871 -1.48643800 -2.33592070
v -2.75366871 -1.23973160 -3.53070070
v -1.82815431 -1.48186200 -3.44644070
v -2.40813831 -1.46451480 -3.08595030
v -1.40337831 -1.25482600 -4.27945030
v -0.50123831 -1.49763560 -3.98735030
v -1.18663511 -1.49293960 -3.75398070
v 0.13630169 -1.25980360 -4.69725030
v 0.93629129 -1.49832040 -4.17812070
v 0.21094169 -1.49874600 -4.12998070
v 1.73652169 -1.25937160 -4.69793030
v 2.37508169 -1.49795400 -3.98889110
v 1.66185129 -1.49802840 -4.13064070
v 3.28259209 -1.25929720 -4.28361990
v 3.71589209 -1.49794040 -3.43350070
v 3.06365209 -1.49793800 -3.75504070
v 4.66876089 -1.25929960 -3.48331030
v 4.86727129 -1.49794280 -2.55002070
v 4.32047209 -1.49794280 -3.02941030
v 5.80147209 -1.26206520 -2.35489030
v 5.75335209 -1.52562680 -1.42157030
v 5.34692169 -1.50071080 -2.00551030
v 6.63740089 -1.36798600 -1.08481030
v 6.43028089 -1.79686600 -0.27302070
v 6.09120089 -1.60149160 -0.82823030
v -5.67892871 -1.56098360 -1.14410070
v -5.85926871 -0.78195160 -1.90788070
v -4.78568871 -1.06833960 -2.54254070
v -5.26669831 -1.26377320 -1.83216070
v -4.67498791 -0.47968200 -3.30299110
v -3.71453831 -0.89613160 -3.46917030
v -4.27624871 -0.95326600 -3.05393110
v -3.34108871 -0.39018200 -4.22451030
v -2.36110871 -0.87255160 -4.35568070
v -3.07355831 -0.87490200 -3.91561030
v -1.73775831 -0.38005160 -5.07956070
v -0.77512391 -0.87707160 -5.01180070
v -1.59068951 -0.87462200 -4.72985030
v 0.02335689 -0.38190200 -5.55677110
v 0.93631129 -0.87802200 -5.24089030
v 0.07243529 -0.87802200 -5.18325030
v 1.84980169 -0.38210200 -5.55832070
v 2.65012169 -0.87792200 -5.01541990
v 1.80054169 -0.87795160 -5.18431990
v 3.61470169 -0.38208200 -5.08540070
v 4.24724169 -0.87790200 -4.35384070
v 3.47032169 -0.87790200 -4.73683990
v 5.19706169 -0.38208200 -4.17180950
v 5.61872089 -0.87791160 -3.30147030
v 4.96739129 -0.87791160 -3.87250070
v 6.49326169 -0.38414200 -2.88036070
v 6.69676169 -0.90357400 -1.95280070
v 6.19232089 -0.88047160 -2.65241990
v 7.54807129 -0.46849160 -1.31017030
v 7.51974089 -1.28047400 -0.56252070
v 7.14171129 -0.98568120 -1.23585030
v -6.70847911 -0.19064200 -0.91329110
v -6.14896871 0.68663800 -1.90260070
v -5.52485831 0.03613800 -2.82549030
v -6.13701911 -0.08166200 -1.95911110
v -4.99613831 0.77791800 -3.44071030
v -4.27666871 0.16705800 -3.94340070
v -4.92326871 0.11860840 -3.44723030
v -3.59557831 0.81604840 -4.51520070
v -2.70015831 0.19610840 -4.90798070
v -3.52650871 0.18934840 -4.43863110
v -1.86966871 0.81690840 -5.38640070
v -0.93556231 0.19668840 -5.60566150
v -1.83427431 0.19736840 -5.30521110
v -0.01811431 0.81606840 -5.87120070
v 0.93648169 0.19608840 -5.85368070
v -0.00742231 0.19622840 -5.79047030
v 1.89130169 0.81604840 -5.87288070
v 2.80889209 0.19605800 -5.60786070
v 1.88065129 0.19604840 -5.79223030
v 3.73623209 0.81604840 -5.37880070
v 4.55394169 0.19605800 -4.88505110
v 3.70505129 0.19605800 -5.30353030
v 5.39039129 0.81604840 -4.42375030
v 6.05245129 0.19605800 -3.73519110
v 5.34079209 0.19605800 -4.35911990
v 6.74501129 0.81567800 -3.07308070
v 7.24933209 0.18419800 -2.23575030
v 6.68108089 0.19487800 -3.02345030
v 7.82473129 0.80476760 -1.41725030
v 8.20527129 0.12606760 -0.48039030
v 7.77420169 0.15650840 -1.38389030
v -6.35513911 1.38833800 -0.71653110
v -5.59404871 2.01747800 -1.40357110
v -5.43316871 1.41489800 -2.53939030
v -5.93989911 1.39918840 -1.68296070
v -4.64303911 2.02336840 -2.96638070
v -4.26230871 1.43838840 -3.86464070
v -4.88601831 1.42925800 -3.25278070
v -3.34405831 2.01832840 -4.19053030
v -2.70130871 1.43770840 -4.90721030
v -3.52321831 1.43984840 -4.41966070
v -1.74127431 2.01408840 -5.08431030
v -0.93628151 1.43598840 -5.60709110
v -1.83597831 1.43638840 -5.30810070
v 0.02306489 2.01405800 -5.55737030
v 0.93645129 1.43600840 -5.85373110
v -0.00759031 1.43593880 -5.79084070
v 1.84980169 2.01417800 -5.55828070
v 2.80889209 1.43603800 -5.60785110
v 1.88065129 1.43603800 -5.79221030
v 3.61470169 2.01417800 -5.08540070
v 4.55394169 1.43603800 -4.88505110
v 3.70505129 1.43603800 -5.30353030
v 5.19706169 2.01417800 -4.17180950
v 6.05245129 1.43603800 -3.73519110
v 5.34079209 1.43603800 -4.35911990
v 6.48979129 2.01417800 -2.87981030
v 7.22578169 1.43566760 -2.23663030
v 6.67872169 1.43599800 -3.02353030
v 7.42608089 2.01417800 -1.29743990
v 8.05244169 1.43454760 -0.49139030
v 7.69598089 1.43490760 -1.38761990
v -5.47803831 2.51583800 -0.34199110
v -4.72781831 2.89101800 -0.96394070
v -4.80007911 2.51953800 -1.95373030
v -5.19031911 2.51811800 -1.17159110
v -3.92772871 2.89186840 -2.35140070
v -3.75181831 2.51469800 -3.30903030
v -4.31995911 2.51787800 -2.66797110
v -2.79615831 2.89099880 -3.48203030
v -2.37372871 2.51024840 -4.35169110
v -3.09792871 2.51196840 -3.87329110
v -1.40937031 2.89111880 -4.28267110
v -0.77687351 2.50982840 -5.01422070
v -1.59604311 2.50971800 -4.73459110
v 0.13595129 2.89139880 -4.69781030
v 0.93625129 2.50999880 -5.24096070
v 0.07209529 2.50993880 -5.18384070
v 1.73652169 2.89139880 -4.69790070
v 2.65013209 2.51000840 -5.01540070
v 1.80055129 2.51000840 -5.18428070
v 3.28259209 2.89139880 -4.28361990
v 4.24724169 2.51000840 -4.35384070
v 3.47032169 2.51000840 -4.73683990
v 4.66876089 2.89139880 -3.48331030
v 5.61872089 2.51000840 -3.30147030
v 4.96739129 2.51000840 -3.87250070
v 5.80057129 2.89139800 -2.35151030
v 6.67182169 2.51000840 -1.92999030
v 6.18982169 2.51000840 -2.65014070
v 6.60087129 2.89139800 -0.96533990
v 7.33659129 2.51000840 -0.33287990
v 7.05643129 2.51000840 -1.15307030
v -4.43147911 3.12668840 -0.05509030
v -3.63261911 3.21094760 -0.51005030
v -3.87783831 3.12776840 -1.39457110
v -4.19861831 3.12719800 -0.74257030
v -2.98740871 3.21134760 -1.62843030
v -2.99436871 3.12869800 -2.54840070
v -3.47389831 3.12824840 -2.00020070
v -2.07434871 3.21183800 -2.54240070
v -1.84309831 3.12960840 -3.43302070
v -2.44755831 3.12917880 -3.02858070
v -0.95639431 3.21214840 -3.18816070
v -0.50261831 3.13002840 -3.98885990
v -1.19103351 3.12988840 -3.75483030
v 0.29066169 3.21218840 -3.52236070
v 0.93621129 3.13004840 -4.17831990
v 0.21057129 3.13005800 -4.13068070
v 1.58176169 3.21217800 -3.52235030
v 2.37508169 3.13003800 -3.98887990
v 1.66184169 3.13003800 -4.13065030
v 2.82885129 3.21217800 -3.18819030
v 3.71589209 3.13003800 -3.43350070
v 3.06365209 3.13003800 -3.75503990
v 3.94697129 3.21217800 -2.54265030
v 4.86727129 3.13003800 -2.55002070
v 4.32047209 3.13003800 -3.02941030
v 4.85990089 3.21217800 -1.62971030
v 5.75075049 3.13003800 -1.39863990
v 5.34666089 3.13003800 -2.00321990
v 5.50545129 3.21217800 -0.51159990
v 6.30613209 3.13003800 -0.05783030
v 6.07229129 3.13003800 -0.74639030
v -3.24845911 3.12905800 0.25983930
v -2.53827911 2.89001800 -0.05808070
v -2.81580871 3.12908840 -0.78484070
v -3.06631911 3.12905800 -0.27662070
v -2.04739831 2.89001800 -0.90833030
v -2.12722871 3.12918760 -1.68236070
v -2.50086871 3.12912840 -1.25608070
v -1.35318871 2.89003800 -1.60259030
v -1.22998871 3.12931800 -2.37094070
v -1.70111351 3.12925800 -2.05602070
v -0.50297671 2.89004840 -2.09347030
v -0.18509991 3.12931800 -2.80375030
v -0.72170231 3.12932760 -2.62152070
v 0.44533129 2.89004840 -2.34756070
v 0.93621129 3.12931800 -2.95137030
v 0.37073129 3.12931800 -2.91423030
v 1.42709129 2.89004840 -2.34756070
v 2.05752169 3.12931800 -2.80375030
v 1.50170169 3.12931800 -2.91423030
v 2.37540169 2.89004840 -2.09345990
v 3.10242169 3.12931800 -2.37094070
v 2.59412169 3.12931800 -2.62151030
v 3.22563129 2.89004840 -1.60257990
v 3.99969129 3.12931800 -1.68244070
v 3.57357129 3.12931800 -2.05603030
v 3.91984089 2.89004840 -0.90837030
v 4.68819129 3.12931800 -0.78517030
v 4.37328089 3.12931800 -1.25632070
v 4.41072089 2.89004840 -0.05815030
v 5.12100089 3.12931800 0.25972970
v 4.93877129 3.12931800 -0.27687030
v -2.22376871 2.50826840 0.53471530
v -1.73920951 2.01249800 0.27479930
v -1.89682871 2.50825800 -0.25431030
v -2.08608871 2.50826840 0.12955930
v -1.36071431 2.01238840 -0.38031030
v -1.37688551 2.50825800 -0.93198070
v -1.65900151 2.50825800 -0.61014070
v -0.82611271 2.01239800 -0.91545030
v -0.69941751 2.50823800 -1.45196070
v -1.05514551 2.50824760 -1.21414070
v -0.17166951 2.01243800 -1.29364070
v 0.08954409 2.50824760 -1.77877030
v -0.31562791 2.50823800 -1.64118070
v 0.55833129 2.01246760 -1.48928070
v 0.93621129 2.50824760 -1.89023030
v 0.50923129 2.50824760 -1.86219030
v 1.31410169 2.01245800 -1.48927030
v 1.78288169 2.50824760 -1.77875990
v 1.36319129 2.50824760 -1.86217990
v 2.04411129 2.01245800 -1.29367030
v 2.57185129 2.50824760 -1.45196070
v 2.18805129 2.50824760 -1.64115990
v 2.69863129 2.01245800 -0.91578070
v 3.24935129 2.50824760 -0.93210070
v 2.92760169 2.50824760 -1.21419030
v 3.23304089 2.01245800 -0.38137030
v 3.76922089 2.50824760 -0.25459990
v 3.53144089 2.50824760 -0.61035030
v 3.61092089 2.01245800 0.27314010
v 4.09602089 2.50824760 0.53437290
v 3.95842089 2.50824760 0.12919930
v -1.63613191 1.43554840 0.69607530
v -1.36850471 1.43495800 0.05450970
v -1.52324151 1.43520760 0.36700970
v -0.94469511 1.43486840 -0.49820070
v -1.17448631 1.43486840 -0.23562070
v -0.39364871 1.43485800 -0.92215030
v -0.68291351 1.43485800 -0.72830070
v 0.24777129 1.43497800 -1.18831030
v -0.08163191 1.43491800 -1.07628070
v 0.93621129 1.43500840 -1.27897030
v 0.58901129 1.43500840 -1.25618070
v 1.62467129 1.43499800 -1.18833030
v 1.28341129 1.43499800 -1.25616070
v 2.26622169 1.43499800 -0.92259030
v 1.95413129 1.43499800 -1.07644070
v 2.81712089 1.43499800 -0.49987030
v 2.55549129 1.43499800 -0.72925030
v 3.23985129 1.43499800 0.05103930
v 3.04650169 1.43499800 -0.23824070
v 3.50558169 1.43499800 0.69257850
v 3.39369129 1.43499800 0.36311930
v -3.22406871 -2.37341800 -0.02506070
v -4.15290871 -2.79248360 -0.47702070
v -5.00067911 -2.20854920 -0.76910070
v -4.03046871 -2.33049320 -0.50800070
v -6.16268871 -2.42635400 -0.68681110
v -6.75322871 -1.72741800 -0.41473110
v -5.94427831 -1.97423880 -0.76981110
v -3.28223911 -3.34560200 -0.07003110
v -4.24437831 -3.99026200 -0.71711110
v -5.32023911 -3.17782200 -0.90133110
v -4.19150871 -3.30711160 -0.61989110
v -6.62568871 -3.50606200 -0.84033110
v -7.25753911 -2.54423560 -0.34713110
v -6.40666871 -2.89745880 -0.80290070
v -3.46472871 -4.89092200 -0.02519110
v -4.59415911 -5.77118200 -0.13087110
v -5.59841831 -4.78807160 -0.77424070
v -4.40576871 -4.91573160 -0.55741110
v -6.74198871 -5.19663160 0.03100890
v -7.73838871 -3.86364200 -0.19877110
v -6.70375911 -4.35863240 -0.53171110
v -8.75967831 -4.20285240 0.27943850
v -9.47029831 -3.43066200 -0.01765110
v -8.72254951 -2.91426200 -0.17393110
v -8.72260871 -3.58736200 -0.13992150
v 8.18786169 -1.74585960 0.18892970
v 7.90525129 -2.68249000 0.40375770
v 7.31289129 -2.09744200 -0.00629030
v 7.78672089 -1.93363480 -0.02600070
v 7.15833129 -2.65137000 0.53821770
v 6.45242089 -2.17838680 0.48475130
v 6.83655209 -2.16657480 0.17188970
v 8.05018169 -3.29200200 0.85411290
v 7.70907129 -3.68051240 1.04091850
v 7.56500089 -3.25672200 0.77446170
v 7.83567129 -3.29035160 0.76427130
v 7.29991129 -3.57287160 1.09130890
v 7.06713129 -3.08028200 0.98115450
v 7.28634089 -3.17216200 0.85059450
v -1.62417671 0.81737800 1.71675450
v -1.88036871 -0.38902200 1.79619130
v -1.71470391 0.19587800 1.38103930
v -1.69378471 0.19732760 1.73556970
v 3.49307129 0.81604840 1.71765690
v 3.59622169 0.19709800 1.38103930
v 3.80653129 -0.38036200 1.75892330
v 3.57341129 0.19709800 1.72823370
v -2.37487911 -1.33597320 2.02311530
v -2.14391911 -0.91636600 1.38103930
v -2.13757911 -0.90850520 1.90554970
v 4.20472169 -0.87998200 1.38103930
v 4.64606089 -1.29276520 1.87038090
v 4.17756169 -0.87962200 1.80786490
v -2.64256871 -1.98730760 2.14863690
v -2.46477911 -1.67656120 1.38103930
v -2.51946871 -1.66424680 2.10712410
v 5.17795129 -1.63315720 1.38103930
v 5.73295129 -1.90306280 1.95246170
v 5.17139129 -1.62197320 1.93572250
v -7.19886871 -1.01929720 2.49161930
v -6.99048871 0.63904760 2.53427930
v -7.31767831 -0.20918200 1.38103930
v -7.14566871 -0.21262200 2.54550890
v 8.42353129 -0.65254200 2.23483610
v 8.56027129 0.16796760 1.38104010
v 8.45756089 0.80838760 2.33440490
v 8.47293209 0.14848840 2.31558570
v -6.13504871 2.01220760 2.33306330
v -6.71150871 1.38870760 1.38103930
v -6.61953911 1.38702760 2.44595930
v 8.32408169 1.43588840 1.38104010
v 7.92169129 2.01417800 2.29462090
v 8.25908169 1.43526760 2.32527210
v -5.14232871 2.88932760 2.17962730
v -5.70801911 2.51511800 1.38103930
v -5.65078871 2.51506760 2.24867210
v 7.56296089 2.51000840 1.38104010
v 7.01514169 2.89139800 2.18134650
v 7.50612089 2.51000840 2.24537690
v -3.96601911 3.21071800 2.02611770
v -4.61983911 3.12634760 1.38103930
v -4.57247911 3.12641800 2.10526010
v 6.49556169 3.13003800 1.38104010
v 5.83960089 3.21217800 2.02658410
v 6.44790169 3.13003800 2.10666810
v -2.79239831 2.89001800 1.87189930
v -3.39601831 3.12904760 1.38103930
v -3.35888871 3.12904760 1.94648730
v 5.26863129 3.12931800 1.38104010
v 4.66481129 2.89004840 1.87192010
v 5.23148169 3.12931800 1.94652250
v -1.93562871 2.01269800 1.75802250
v -2.33539911 2.50825800 1.38103930
v -2.30729831 2.50825800 1.80781050
v 4.20748089 2.50824760 1.38104010
v 3.80653129 2.01245800 1.75892330
v 4.17944169 2.50824760 1.80801850
v -1.72814871 1.43599800 1.38103930
v -1.70490551 1.43585800 1.72618970
v 3.59622169 1.43499800 1.38103930
v 3.57341129 1.43499800 1.72823370
v -2.85953831 -2.86802920 2.10911530
v -2.65288871 -2.41041000 1.38103930
v -2.78222871 -2.40115720 2.12260330
v -7.52374871 -1.58555560 1.38103930
v -7.46892871 -2.00001400 2.31890410
v -7.31467911 -1.61155400 2.38237930
v -7.76383911 -2.09498280 1.38103930
v -8.06832871 -2.35796840 2.35799530
v -7.66602871 -2.22829000 2.33046810
v -2.81644871 -4.02638200 2.15909610
v -2.69627911 -3.37339160 1.38103930
v -2.81520871 -3.36557160 2.14001450
v -3.64938871 -5.79066200 2.10120490
v -2.98269831 -4.97507160 1.38103930
v -3.05535911 -4.93990200 2.11797610
v -5.81920871 -6.27039240 2.24737770
v -4.67806871 -6.42135240 1.38103930
v -4.66146871 -6.26798200 2.20732410
v -7.79413911 -5.09336200 1.90763690
v -6.85745911 -5.98286200 1.38103850
v -6.81334791 -5.77171160 2.07487050
v -8.82361911 -2.24696600 1.38103930
v -9.50086871 -2.68267880 2.28422810
v -8.79234871 -2.42979720 2.33456810
v -9.71613911 -3.98758200 2.10634970
v -8.97753911 -4.63872200 1.38103850
v -8.89798871 -4.54225160 1.96265210
v -9.99482871 -3.21465160 1.38103850
v -9.87561831 -3.28731160 2.22980170
v 8.39044089 -2.63083880 1.84665370
v 8.52382169 -1.64191320 1.38104010
v 8.44017209 -1.66216200 2.04705370
v 6.23970089 -2.19591400 1.38103930
v 6.71085129 -2.55712280 1.71219370
v 6.27892169 -2.18980920 1.84981930
v 7.87886169 -3.69636200 1.57099450
v 8.19669129 -3.32066200 1.38103930
v 8.16288169 -3.31184200 1.68026890
v 6.93566169 -3.04582200 1.38103930
v 7.11870169 -3.49553240 1.52060490
v 6.96092169 -3.05100200 1.59394490
v 7.28327129 -3.76437240 1.38103930
v 7.47306169 -3.83450200 1.51668490
v 7.28873129 -3.73922200 1.50559130
v 7.65168169 -3.86901240 1.38103930
v 7.65763129 -3.84251160 1.52958090
v -1.88036871 -0.38902200 0.96588730
v -1.62417671 0.81737800 1.04532410
v -1.69378471 0.19732760 1.02650970
v 3.80653129 -0.38036200 1.00315530
v 3.49307129 0.81604840 1.04442250
v 3.57341129 0.19709800 1.03384570
v -2.37487911 -1.33597320 0.73896330
v -2.13757911 -0.90850520 0.85652890
v 4.64606089 -1.29276520 0.89169850
v 4.17756169 -0.87962200 0.95421450
v -2.64256871 -1.98730760 0.61344090
v -2.51946871 -1.66424680 0.65495450
v 5.73295129 -1.90306200 0.80961770
v 5.17139129 -1.62197320 0.82635690
v -6.99048871 0.63904760 0.22779930
v -7.19886871 -1.01929720 0.27045930
v -7.14566871 -0.21262200 0.21656890
v 8.45756089 0.80838760 0.42767530
v 8.42353129 -0.65254200 0.52724410
v 8.47293209 0.14848840 0.44649370
v -6.13504871 2.01220760 0.42901530
v -6.61953911 1.38702760 0.31611930
v 7.92169129 2.01417800 0.46745850
v 8.25908169 1.43526760 0.43680810
v -5.14232871 2.88932760 0.58245130
v -5.65078871 2.51506760 0.51340650
v 7.01514169 2.89139800 0.58073290
v 7.50612089 2.51000840 0.51670330
v -3.96601911 3.21071800 0.73596170
v -4.57247911 3.12641800 0.65681850
v 5.83960089 3.21217800 0.73549610
v 6.44790169 3.13003800 0.65541210
v -2.79239831 2.89001800 0.89017930
v -3.35888871 3.12904760 0.81559130
v 4.66481129 2.89004840 0.89016010
v 5.23148169 3.12931800 0.81555690
v -1.93562871 2.01269800 1.00405610
v -2.30729831 2.50825800 0.95426810
v 3.80653129 2.01245800 1.00315530
v 4.17944169 2.50824760 0.95406090
v -1.70490551 1.43585800 1.03588970
v 3.57341129 1.43499800 1.03384570
v -2.85953831 -2.86802920 0.65296330
v -2.78222871 -2.40115720 0.63947530
v -7.46892871 -2.00001400 0.44317370
v -7.31467911 -1.61155400 0.37969930
v -8.06832871 -2.35796760 0.40408330
v -7.66602871 -2.22829000 0.43160970
v -2.81644871 -4.02638200 0.60298250
v -2.81520871 -3.36557160 0.62206410
v -3.64938871 -5.79066200 0.66087290
v -3.05535911 -4.93990200 0.64410170
v -5.81920871 -6.27039240 0.51470010
v -4.66146871 -6.26798200 0.55475370
v -7.79413911 -5.09336200 0.85444090
v -6.81334791 -5.77171160 0.68720730
v -9.50086871 -2.68267880 0.47784970
v -8.79234871 -2.42979720 0.42750970
v -9.71613911 -3.98758200 0.65572810
v -8.89798871 -4.54225160 0.79942570
v -9.87561831 -3.28731160 0.53227610
v 8.39044089 -2.63083880 0.91542570
v 8.44017209 -1.66216280 0.71502570
v 6.71085129 -2.55712280 1.04988570
v 6.27892169 -2.18980920 0.91225930
v 7.87886169 -3.69636200 1.19108490
v 8.16288169 -3.31184200 1.08181050
v 7.11870169 -3.49553240 1.24147450
v 6.96092169 -3.05100200 1.16813450
v 7.47306169 -3.83450200 1.24539450
v 7.28873129 -3.73922200 1.25648730
v 7.65763129 -3.84251160 1.23249850
v -1.50863671 0.81760760 2.20813370
v -1.46705591 0.50688760 2.37808010
v -1.58007591 0.20102760 2.24891370
v -1.57638951 0.50639800 2.05627610
v -1.52706391 0.50671800 2.21907530
v -1.37867351 0.81746840 2.51958970
v -1.31648951 0.50704840 2.68234970
v -1.44879511 0.20252760 2.56909930
v -1.39673911 0.50698760 2.53269930
v -1.44991591 -0.08892200 2.78732970
v -1.64490391 -0.36677240 2.72265930
v -1.60388711 -0.09244200 2.46931930
v -1.53234791 -0.09051160 2.63150970
v -1.77584951 -0.37554200 2.37798570
v -1.71283751 -0.09711160 2.12610250
v -1.66417111 -0.09465160 2.30082330
v -1.20935271 0.81739800 2.81190970
v -1.12767191 0.50716760 2.96435930
v -1.27646311 0.20348760 2.86743930
v -1.22668151 0.50713800 2.82642970
v -1.00361991 0.81732840 3.07997930
v -0.90346791 0.50667800 3.21937930
v -1.06593591 0.20354840 3.14019930
v -1.01981511 0.50703800 3.09553930
v -1.01800951 -0.08822200 3.34251930
v -1.24277511 -0.35909240 3.31968890
v -1.25377351 -0.08706200 3.07928970
v -1.14068791 -0.08717160 3.21467930
v -1.46641591 -0.36063240 3.03600890
v -1.35695351 -0.08771160 2.93670970
v -0.76468311 0.81683800 3.31886970
v -0.64705191 0.50510840 3.44285930
v -0.81977191 0.20157800 3.38318890
v -0.77898631 0.50597800 3.33528970
v -0.49659271 0.81605800 3.52444970
v -0.36355111 0.50362760 3.63143930
v -0.54240391 0.19834760 3.59275930
v -0.50834551 0.50426840 3.54170970
v -0.44382471 -0.09833240 3.77068970
v -0.67447591 -0.37306200 3.79355930
v -0.74574551 -0.09318200 3.57404890
v -0.59802551 -0.09600200 3.67692970
v -0.97683591 -0.36405240 3.57292890
v -0.88605111 -0.09040200 3.46243930
v -0.20424311 0.81566760 3.69338970
v -0.05835671 0.50334760 3.78199930
v -0.24014071 0.19643800 3.76582970
v -0.21334711 0.50334760 3.71164970
v 0.10736249 0.81578760 3.82282970
v 0.26350089 0.50368760 3.89175930
v 0.08141209 0.19640760 3.89920890
v 0.10079849 0.50348760 3.84214970
v 0.22230089 -0.09994200 4.04550970
v 0.00578329 -0.38090200 4.12183930
v -0.11939191 -0.10013240 3.92914970
v 0.04960649 -0.10015240 3.99283930
v -0.34459751 -0.37932200 3.97796890
v -0.28407511 -0.09961240 3.85492970
v 0.43311129 0.81596760 3.91036970
v 0.59693129 0.50389800 3.95825930
v 0.41736169 0.19683800 3.98967930
v 0.42912089 0.50381800 3.93048970
v 0.76754089 0.81603800 3.95445930
v 0.93622089 0.50396760 3.98059930
v 0.76227129 0.19702760 4.03526970
v 0.76621129 0.50394760 3.97498970
v 0.93623129 -0.09946200 4.13997930
v 0.74693129 -0.38055240 4.26977930
v 0.57617129 -0.09963240 4.11616970
v 0.75581129 -0.09953240 4.13397930
v 0.37154089 -0.38078200 4.22010970
v 0.39808089 -0.09977240 4.08664970
v 1.10488089 0.81604760 3.95445930
v 1.27552089 0.50398760 3.95831930
v 1.11018089 0.19709800 4.03531930
v 1.10623129 0.50397800 3.97500970
v 1.43934089 0.81604760 3.91041930
v 1.60903129 0.50397800 3.89201930
v 1.45515129 0.19710760 3.98990970
v 1.44336089 0.50398760 3.93061930
v 1.65029129 -0.09941240 4.04600970
v 1.50102089 -0.38035240 4.22051930
v 1.29632089 -0.09941240 4.11636970
v 1.47446089 -0.09940200 4.08697930
v 1.12557129 -0.38039240 4.26991930
v 1.11666089 -0.09942200 4.13406970
v 1.76518089 0.81604760 3.82310970
v 1.93100089 0.50397800 3.78267930
v 1.79123129 0.19709800 3.89985930
v 1.77180089 0.50397800 3.84261930
v 2.07685129 0.81604760 3.69401930
v 2.23599129 0.50397800 3.63232970
v 2.11269129 0.19709800 3.76669930
v 2.08596089 0.50397800 3.71248970
v 2.31570089 -0.09941240 3.77037930
v 2.21669129 -0.38036200 3.97757930
v 1.99201129 -0.09941240 3.92995930
v 2.15647129 -0.09941240 3.85545930
v 1.86681129 -0.38036200 4.12249930
v 1.82304089 -0.09941240 3.99356970
v 2.36899129 0.81604840 3.52534970
v 2.51869129 0.50397800 3.44336970
v 2.41401129 0.19709800 3.59272970
v 2.38043129 0.50397800 3.54246970
v 2.63663129 0.81604840 3.31998970
v 2.77438089 0.50397800 3.21920970
v 2.69006169 0.19709800 3.38090970
v 2.65020169 0.50397800 3.33546970
v 2.88710089 -0.09941160 3.33192970
v 2.84509129 -0.38036200 3.55768970
v 2.61574089 -0.09941240 3.56983930
v 2.75531129 -0.09941160 3.45531930
v 2.54464089 -0.38036200 3.78822970
v 2.46900089 -0.09941240 3.67501930
v 2.87516089 0.81604840 3.08144970
v 2.99854169 0.50397800 2.96351930
v 2.93609129 0.19709800 3.13488970
v 2.89064089 0.50397800 3.09502970
v 3.08052089 0.81604840 2.81381930
v 3.18750169 0.50397800 2.68081930
v 3.14790169 0.19709800 2.85883930
v 3.09764089 0.50397800 2.82525930
v 3.32556089 -0.09941160 2.76052970
v 3.34340169 -0.38036200 2.98946970
v 3.12502089 -0.09941160 3.06056970
v 3.23019129 -0.09941160 2.91381930
v 3.11286169 -0.38036200 3.28991930
v 3.01050089 -0.09941160 3.20013930
v 3.24919129 0.81604840 2.52167930
v 3.33785129 0.50397800 2.37582970
v 3.32187129 0.19709800 2.55751930
v 3.26766169 0.50397800 2.53078970
v 3.37829129 0.81604840 2.21000890
v 3.44719129 0.50397800 2.05385530
v 3.45503129 0.19709800 2.23605850
v 3.39779129 0.50397800 2.21662890
v 3.60118089 -0.09941160 2.09511530
v 3.67767129 -0.38036200 2.31163690
v 3.48513129 -0.09941160 2.43683930
v 3.54874169 -0.09941160 2.26787050
v 3.53275129 -0.38036200 2.66150970
v 3.41063129 -0.09941160 2.60128970
v -1.85444391 -0.62858200 2.67010890
v -2.06221911 -0.87643240 2.60751930
v -1.95548871 -0.64505160 2.28429530
v -1.91161911 -0.63685240 2.48357930
v -1.70019191 -0.61428200 3.01046970
v -1.94269911 -0.85113240 2.99077930
v -1.78396951 -0.62085240 2.84526890
v -2.03574871 -1.04063480 3.33099930
v -2.29173911 -1.23367880 3.31617930
v -2.17470871 -1.07372200 2.95440890
v -2.11423911 -1.05595320 3.15059930
v -2.37095911 -1.28195080 2.87009930
v -2.24662871 -1.10956120 2.50382890
v -2.21841911 -1.09218040 2.73971930
v -1.49318551 -0.60667240 3.31547930
v -1.76197511 -0.83286200 3.32338970
v -1.60310711 -0.60945240 3.16709930
v -1.23672791 -0.60837240 3.58886970
v -1.52105591 -0.82727240 3.61813930
v -1.37090151 -0.60622200 3.45595930
v -1.54058311 -1.02404120 3.93977930
v -1.87138871 -1.18606840 3.99879930
v -1.82207271 -1.02290040 3.65430970
v -1.68922151 -1.02098600 3.80086890
v -2.12603911 -1.19816520 3.68522890
v -1.93796871 -1.02953400 3.49829930
v -0.93545511 -0.62009240 3.83241930
v -1.22571271 -0.83676200 3.88269930
v -1.09113591 -0.61342200 3.71453930
v -0.59913911 -0.63325240 4.04266890
v -0.88513431 -0.85559240 4.11816890
v -0.77101351 -0.62713240 3.94197930
v -0.81829511 -1.06679640 4.42851930
v -1.15610471 -1.22533880 4.53772970
v -1.20129191 -1.04365000 4.19924970
v -1.01433271 -1.05586600 4.31808890
v -1.54272951 -1.19833880 4.28046970
v -1.37732391 -1.03231880 4.07285930
v -0.23776951 -0.63946200 4.21499930
v -0.51191991 -0.86996200 4.31908970
v -0.42116151 -0.63720200 4.13393930
v 0.14250089 -0.64087240 4.34321930
v -0.11543591 -0.87534200 4.47870890
v -0.04965271 -0.64052200 4.28502890
v 0.02941209 -1.08298120 4.76516970
v -0.27297191 -1.25580520 4.94289930
v -0.40540311 -1.07899720 4.62031930
v -0.19029751 -1.08166600 4.69922970
v -0.72863671 -1.24684200 4.76191930
v -0.61502711 -1.07427320 4.52966890
v 0.53601129 -0.64096200 4.42153930
v 0.29819129 -0.87656200 4.58893930
v 0.33800089 -0.64100200 4.38877930
v 0.93626089 -0.64071240 4.44806970
v 0.72239129 -0.87653240 4.64494970
v 0.73571129 -0.64085240 4.44134970
v 0.93629129 -1.08351800 4.88456970
v 0.69043129 -1.25854200 5.13330970
v 0.47909129 -1.08383160 4.85421930
v 0.70722089 -1.08372920 4.87684890
v 0.20273129 -1.25837640 5.06899930
v 0.25285129 -1.08364200 4.81690890
v 1.33655129 -0.64058200 4.42187930
v 1.15018089 -0.87625240 4.64518890
v 1.13683129 -0.64063240 4.44153930
v 1.73005129 -0.64056200 4.34367930
v 1.57440089 -0.87616200 4.58940890
v 1.53458089 -0.64057240 4.38921930
v 1.84305129 -1.08324040 4.76539930
v 1.66992089 -1.25798120 5.06954970
v 1.39355129 -1.08329800 4.85469930
v 1.61976089 -1.08325720 4.81740970
v 1.18222089 -1.25813000 5.13364970
v 1.16540089 -1.08338040 4.87713930
v 2.10994089 -0.64056200 4.21466970
v 1.98771129 -0.87614200 4.47866970
v 1.92210089 -0.64056200 4.28538970
v 2.46979129 -0.64056200 4.03726970
v 2.38305129 -0.87614200 4.31491930
v 2.29277129 -0.64056200 4.13184970
v 2.68809129 -1.08322920 4.41537930
v 2.59958169 -1.25794280 4.75399930
v 2.27702089 -1.08322680 4.61802890
v 2.48587129 -1.08322680 4.52341930
v 2.14508089 -1.25794680 4.94225930
v 2.06244089 -1.08323080 4.69880970
v 2.80334089 -0.64056200 3.81432970
v 2.75361129 -0.87614200 4.10096970
v 2.64021129 -0.64056200 3.93124970
v 3.10501129 -0.64056200 3.54983930
v 3.09309129 -0.87614200 3.84047930
v 2.95850089 -0.64056200 3.68701930
v 3.41374169 -1.08323080 3.85856970
v 3.41588089 -1.25794600 4.20855930
v 3.06912169 -1.08323000 4.16069930
v 3.24637129 -1.08323080 4.01526970
v 3.02560169 -1.25794600 4.50802970
v 2.88277129 -1.08323000 4.29426970
v 3.36950089 -0.64056200 3.24816970
v 3.39565129 -0.87614200 3.53791930
v 3.24219129 -0.64056200 3.40332970
v 3.59244169 -0.64056200 2.91460970
v 3.65616089 -0.87632200 3.19841930
v 3.48643129 -0.64056200 3.08502970
v 3.97071129 -1.08497240 3.13270970
v 4.06336169 -1.25968840 3.47021930
v 3.71589129 -1.08340520 3.51392970
v 3.84951129 -1.08392680 3.32750970
v 3.76373129 -1.25794600 3.86070970
v 3.57044169 -1.08323080 3.69119930
v 3.76984089 -0.64056200 2.55476970
v 3.87017129 -0.87701240 2.82776970
v 3.68702169 -0.64056200 2.73758970
v 3.89885129 -0.64056200 2.17487690
v 4.03374089 -0.87815240 2.43232970
v 3.84056169 -0.64056200 2.36692730
v 4.31869129 -1.09359000 2.28697450
v 4.49643129 -1.27806040 2.58784970
v 4.17343129 -1.08890040 2.72120970
v 4.25358169 -1.09127640 2.50644970
v 4.30996169 -1.26665640 3.04337930
v 4.07891129 -1.08671400 2.93027930
v -2.50048871 -1.41290280 3.24574970
v -2.65808871 -1.58193000 3.10311930
v -2.50291831 -1.47137400 2.70631930
v -2.51059831 -1.44362280 2.98857930
v -2.40998871 -1.35636200 3.68918890
v -2.65487911 -1.50072040 3.64278970
v -2.46836871 -1.38266600 3.47892890
v -2.82242871 -1.54682280 4.06002890
v -3.10066871 -1.63525640 3.98952890
v -2.86446871 -1.63676600 3.53183930
v -2.86204871 -1.58564840 3.81167930
v -3.07470871 -1.78648120 3.37008970
v -2.77100871 -1.76173800 2.88252890
v -2.83416871 -1.70161000 3.22170970
v -2.20468871 -1.32577800 4.04860970
v -2.52543911 -1.44509400 4.07467930
v -2.32112871 -1.33744120 3.87761930
v -1.90057911 -1.32371640 4.35587930
v -2.26424871 -1.42410520 4.42114890
v -2.06353911 -1.32124520 4.20655930
v -2.29366871 -1.49195240 4.80313930
v -2.68568871 -1.52323240 4.85872890
v -2.62281911 -1.50093400 4.46627930
v -2.47210871 -1.49223800 4.63954890
v -2.97042871 -1.55646200 4.47981930
v -2.74113911 -1.51885720 4.27566970
v -1.52032951 -1.34654520 4.64045930
v -1.90266871 -1.43415240 4.73036970
v -1.71868951 -1.33306440 4.50095930
v -1.08398711 -1.37493320 4.89736890
v -1.46721911 -1.46205720 5.01966890
v -1.30794471 -1.36141640 4.77303930
v -1.37768951 -1.53815400 5.41582970
v -1.79753511 -1.54887320 5.52942890
v -1.87039911 -1.51130520 5.12215930
v -1.63129431 -1.52522200 5.27324970
v -2.28458871 -1.52604920 5.20008890
v -2.09214871 -1.49926120 4.96472890
v -0.60990551 -1.39046840 5.11553930
v -0.97959111 -1.48506600 5.27555930
v -0.85090551 -1.38435320 5.01208970
v -0.10896551 -1.39595800 5.28192890
v -0.45629191 -1.49491080 5.48379930
v -0.36219111 -1.39407240 5.20604890
v -0.26328391 -1.55865480 5.85880890
v -0.65249031 -1.57808360 6.06357930
v -0.83721351 -1.55320280 5.66688890
v -0.55361271 -1.55676760 5.77126890
v -1.24724551 -1.56913400 5.82396890
v -1.11245111 -1.54724040 5.54772970
v 0.40933129 -1.39721240 5.38449930
v 0.09136409 -1.49781240 5.62935930
v 0.14856089 -1.39692040 5.34150890
v 0.93632089 -1.39680920 5.41952890
v 0.65309129 -1.49794200 5.70354970
v 0.67227129 -1.39709000 5.41060970
v 0.93633129 -1.55934200 6.01719930
v 0.61297129 -1.58083160 6.31562890
v 0.33139129 -1.55983720 5.97693930
v 0.63321129 -1.55966600 6.00694890
v -0.02810791 -1.58078920 6.23074890
v 0.03213689 -1.55958920 5.92745930
v 1.46339129 -1.39651320 5.38514890
v 1.21961129 -1.49743320 5.70396970
v 1.20040089 -1.39662280 5.41098890
v 1.98153129 -1.39643240 5.28220890
v 1.78143129 -1.49725400 5.63012890
v 1.72414089 -1.39645640 5.34215930
v 2.13622089 -1.55892520 5.85952970
v 1.90109129 -1.58011160 6.23172970
v 1.54140089 -1.55900920 5.97770970
v 1.84074169 -1.55894840 5.92835930
v 1.25972089 -1.58029240 6.31604970
v 1.23950089 -1.55913160 6.00737930
v 2.48177129 -1.39641400 5.11233930
v 2.32880089 -1.49721640 5.48348970
v 2.23442089 -1.39641960 5.20545930
v 2.95561129 -1.39641640 4.87873930
v 2.85237129 -1.49721240 5.26661930
v 2.72251129 -1.39641400 5.00328890
v 3.25445129 -1.55891000 5.39634970
v 3.12366089 -1.58007240 5.81673930
v 2.71048169 -1.55890680 5.66450890
v 2.98686089 -1.55890840 5.53932970
v 2.52596089 -1.58007640 6.06430890
v 2.42654089 -1.55891240 5.77141930
v 3.39483129 -1.39641800 4.58518010
v 3.34314169 -1.49721480 4.98326970
v 3.18002089 -1.39641720 4.73914010
v 3.79207129 -1.39641800 4.23689930
v 3.79274169 -1.49721640 4.63827930
v 3.59915129 -1.39641800 4.41752970
v 4.21470089 -1.55891240 4.65952970
v 4.19717129 -1.58007720 5.09943930
v 3.75867129 -1.55891240 5.05934010
v 3.99322169 -1.55891240 4.86688970
v 3.68391129 -1.58007640 5.49326970
v 3.51207129 -1.55891080 5.23608970
v 4.14043129 -1.39728920 3.83955930
v 4.19345129 -1.49721640 4.23756970
v 3.97270169 -1.39641800 4.04397930
v 4.43471129 -1.40512680 3.39940970
v 4.53894169 -1.50279400 3.78764970
v 4.29463209 -1.39990200 3.62443930
v 4.95318089 -1.57811400 3.70039930
v 5.04922089 -1.58952440 4.13100970
v 4.61468089 -1.56083320 4.20360970
v 4.79193129 -1.56659320 3.95733930
v 4.65461129 -1.58007720 4.64198970
v 4.42206169 -1.55891240 4.43804970
v 4.66868089 -1.42476520 2.92340970
v 4.82429129 -1.52510680 3.29560970
v 4.56004169 -1.41383720 3.16528970
v 4.82796169 -1.44821320 2.42183930
v 5.04238169 -1.56754040 2.76726970
v 4.75864089 -1.43664520 2.67514970
v 5.43460169 -1.71535240 2.56185930
v 5.66300169 -1.73107640 2.98088970
v 5.22899129 -1.62732120 3.15560970
v 5.34985129 -1.67125400 2.86314970
v 5.37577129 -1.62731320 3.57983930
v 5.09782169 -1.59731640 3.43391930
v -3.41128871 -1.72063800 3.88229930
v -3.81614871 -1.81028040 3.78767930
v -3.43362871 -1.95724440 3.30991930
v -3.41557911 -1.82036120 3.57396890
v -3.31871911 -1.59438600 4.45318970
v -3.69360871 -1.62230920 4.37311930
v -3.38148871 -1.64734920 4.18025930
v -3.89505911 -1.49264600 4.84408970
v -4.36805831 -1.46235640 4.72210970
v -4.13745831 -1.64943480 4.25491930
v -4.02610871 -1.56051720 4.55731930
v -4.66200871 -1.67958200 4.10154890
v -4.32777911 -1.90587000 3.71780890
v -4.23579831 -1.76326520 3.96552890
v -3.07578871 -1.52958440 4.89035930
v -3.47251911 -1.51720600 4.89028890
v -3.21549911 -1.55564280 4.68636890
v -2.70279911 -1.50938440 5.25286890
v -3.12440871 -1.46772120 5.28749930
v -2.90356871 -1.51467640 5.07567930
v -3.11499911 -1.37146040 5.67988890
v -3.56961911 -1.26321800 5.68412890
v -3.55467911 -1.40630040 5.29788970
v -3.34686871 -1.38351800 5.49127930
v -4.00711911 -1.33070680 5.27011930
v -3.73766871 -1.44195800 5.08654890
v -2.23009911 -1.52028840 5.61070890
v -2.66957911 -1.45901880 5.65901930
v -2.47744871 -1.51217320 5.43246890
v -1.67966311 -1.54146200 5.94807930
v -2.12693911 -1.47301720 6.03279930
v -1.96330871 -1.53097000 5.78382970
v -1.97245911 -1.38345960 6.45965930
v -2.44104871 -1.24298520 6.49975930
v -2.58312871 -1.37050920 6.07645930
v -2.28674871 -1.37652120 6.27266970
v -3.04697911 -1.24042040 6.08328890
v -2.85981911 -1.36797320 5.87690890
v -1.07157991 -1.55411800 6.23637930
v -1.51398391 -1.48838120 6.37038970
v -1.38173431 -1.54900840 6.09968970
v -0.42283591 -1.55907720 6.45587930
v -0.84831751 -1.49590360 6.64317930
v -0.75126071 -1.55730440 6.35586890
v -0.57695431 -1.39702600 7.03290890
v -1.03085031 -1.25714120 7.18316970
v -1.29784311 -1.39267640 6.78601930
v -0.94204951 -1.39535800 6.92059850
v -1.76405031 -1.25171560 6.87877930
v -1.64206711 -1.38877720 6.63157930
v 0.25065129 -1.56017560 6.59037930
v -0.14760871 -1.49850360 6.83245930
v -0.08836391 -1.55995000 6.53412890
v 0.93631129 -1.55969160 6.63593930
v 0.57279129 -1.49860440 6.92803930
v 0.59271129 -1.56000440 6.62439930
v 0.93628089 -1.39780920 7.23410970
v 0.53534089 -1.25975720 7.49905930
v 0.17259129 -1.39814840 7.18343930
v 0.55355129 -1.39804920 7.22132970
v -0.25898311 -1.25951640 7.39334890
v -0.20482231 -1.39788120 7.12057930
v 1.62215129 -1.55937160 6.59109930
v 1.29983129 -1.49813640 6.92835930
v 1.27995129 -1.55948920 6.62476890
v 2.29635129 -1.55929320 6.45712970
v 2.02078089 -1.49797560 6.83350970
v 1.96144089 -1.55931400 6.53514970
v 2.45113049 -1.39748840 7.03480970
v 2.13240089 -1.25933160 7.39468890
v 1.70020089 -1.39755720 7.18406970
v 2.07811129 -1.39750920 7.12172970
v 1.33724089 -1.25944920 7.49933930
v 1.31904089 -1.39765160 7.22160890
v 2.94723129 -1.55927720 6.23607930
v 2.72318089 -1.49794200 6.64529930
v 2.62540089 -1.55928120 6.35724970
v 3.56379129 -1.55927960 5.93214010
v 3.39503049 -1.49793800 6.36700970
v 3.26049129 -1.55927720 6.09418970
v 3.86281129 -1.39747560 6.45005930
v 3.64808089 -1.25929640 6.88014970
v 3.17609129 -1.39747240 6.78858970
v 3.52499129 -1.39747320 6.63054970
v 2.90709129 -1.25930120 7.18708010
v 2.81763129 -1.39747720 6.92355930
v 4.13529129 -1.55928200 5.55014970
v 4.02478089 -1.49794200 6.00342010
v 3.85578089 -1.55928120 5.75048970
v 4.65217129 -1.55928200 5.09698970
v 4.60171129 -1.49794280 5.56072970
v 4.40114169 -1.55928200 5.33201930
v 5.07505129 -1.39747720 5.51988010
v 4.97895129 -1.25930040 5.99088970
v 4.49935129 -1.39747640 6.02460970
v 4.79546089 -1.39747720 5.78164970
v 4.34264089 -1.25929880 6.47913930
v 4.18803049 -1.39747640 6.24774970
v 5.10552089 -1.56191480 4.58148970
v 5.11590169 -1.49794280 5.04653930
v 4.88719129 -1.55928200 4.84596970
v 5.48927129 -1.58561400 4.02242010
v 5.55963049 -1.50901640 4.47878010
v 5.30645129 -1.56981480 4.30612970
v 6.00991129 -1.42548600 4.33810970
v 6.03794089 -1.27035880 4.80100010
v 5.58025129 -1.40027800 4.94722010
v 5.80479129 -1.40868040 4.64504970
v 5.54606169 -1.25930040 5.42377930
v 5.33683129 -1.39747720 5.24027930
v 5.80821129 -1.65733400 3.43813930
v 5.92738089 -1.55331080 3.88572970
v 5.65328169 -1.61194680 3.73292970
v 6.14594169 -1.83867080 2.86254970
v 6.25432169 -1.67959320 3.30267930
v 5.96378169 -1.73029800 3.13854970
v 6.70883129 -1.72101720 3.16868970
v 6.81218089 -1.46181000 3.54568010
v 6.36810169 -1.50433640 3.72924970
v 6.53675209 -1.58963400 3.43982010
v 6.45345129 -1.31459400 4.16055930
v 6.19509129 -1.45349640 4.03076970
v -4.90440871 -1.43182200 4.51760890
v -5.48768871 -1.39780920 4.22653930
v -5.23866871 -1.71346280 3.90651930
v -5.08228871 -1.55949880 4.18979930
v -4.49824871 -1.24642600 5.17389930
v -5.03106871 -1.15475240 4.96447930
v -4.70854871 -1.32820600 4.85670890
v -5.04470871 -0.85133240 5.41221930
v -5.55619911 -0.67667240 5.11290890
v -5.59385911 -1.04996920 4.63949930
v -5.31911911 -0.93868040 5.04875930
v -6.17457831 -0.91370040 4.18155930
v -6.10471911 -1.36765400 3.82657930
v -5.86924871 -1.18930200 4.20802890
v -4.04229911 -1.13900840 5.65999930
v -4.53544871 -1.00213000 5.58200970
v -4.27705831 -1.18426040 5.43594890
v -3.52138871 -1.08845000 6.06254970
v -4.00397911 -0.91888600 6.02596890
v -3.79129911 -1.10797080 5.86314970
v -3.89270871 -0.67216200 6.38230970
v -4.37059911 -0.44363240 6.29356890
v -4.49044871 -0.73335240 5.95189930
v -4.19972871 -0.69707240 6.17022890
v -4.96956951 -0.52888200 5.80658970
v -4.77029831 -0.78383240 5.70623930
v -2.91834871 -1.07364120 6.49380970
v -3.40383911 -0.88215240 6.45119930
v -3.22990871 -1.07774600 6.27530890
v -2.24090871 -1.07634760 6.91753930
v -2.72541911 -0.87238200 6.90257930
v -2.58817911 -1.07391400 6.71042970
v -2.46924871 -0.63980200 7.29565930
v -2.95934871 -0.38423240 7.22305930
v -3.21567911 -0.64619240 6.84256890
v -2.85004871 -0.64146200 7.07414970
v -3.70551911 -0.40095240 6.74749930
v -3.56396871 -0.65582200 6.60918890
v -1.50142311 -1.08089320 7.27782890
v -1.98233911 -0.87340200 7.31506890
v -1.87799911 -1.07871960 7.10750890
v -0.71501031 -1.08409160 7.54939930
v -1.18775511 -0.87594200 7.64572970
v -1.11310871 -1.08272920 7.42595930
v -0.82810151 -0.64149240 7.97123930
v -1.30991111 -0.38053240 8.00321850
v -1.66989591 -0.63976200 7.68085930
v -1.25371271 -0.64060200 7.83923930
v -2.15579911 -0.38022200 7.65594890
v -2.07546871 -0.63936200 7.49877930
v 0.10275769 -1.08513720 7.71452890
v -0.35439031 -0.87772200 7.87377930
v -0.30907111 -1.08484040 7.64561930
v 0.93628089 -1.08502760 7.76998890
v 0.50334089 -0.87808200 7.98841930
v 0.51853129 -1.08514520 7.75601930
v 0.93634089 -0.64242200 8.20757930
v 0.47881129 -0.38203240 8.36449930
v 0.04580969 -0.64231240 8.14799930
v 0.49002089 -0.64242200 8.19250970
v -0.42794231 -0.38165240 8.24327930
v -0.39424631 -0.64203240 8.07420970
v 1.77013129 -1.08489000 7.71536890
v 1.36933129 -0.87798200 7.98886970
v 1.35408089 -1.08494440 7.75635930
v 2.58982089 -1.08484040 7.55240970
v 2.22810089 -0.87793240 7.87584890
v 2.18264089 -1.08485800 7.64729930
v 2.70310089 -0.64238200 7.97521850
v 2.30170089 -0.38209240 8.24585930
v 1.82727129 -0.64241240 8.14932890
v 2.26803049 -0.64239240 8.07660890
v 1.39404089 -0.38209240 8.36522010
v 1.38273129 -0.64242200 8.19308890
v 3.38115129 -1.08482760 7.28364010
v 3.06477129 -0.87791240 7.65160970
v 2.98987129 -1.08483160 7.43096970
v 4.13074089 -1.08482840 6.91412010
v 3.86505129 -0.87790200 7.32012010
v 3.76199049 -1.08482760 7.11112970
v 4.34959049 -0.64237240 7.29318970
v 4.03191049 -0.38207240 7.65848970
v 3.54865049 -0.64237240 7.68802970
v 3.95558089 -0.64237240 7.50370010
v 3.18604089 -0.38208200 8.00886970
v 3.13057129 -0.64238200 7.84544010
v 4.82555049 -1.08482920 6.44972010
v 4.61518089 -0.87790200 6.88702970
v 4.48573129 -1.08482920 6.69328010
v 5.45395129 -1.08482920 5.89877930
v 5.30240089 -0.87791240 6.35970970
v 5.14876089 -1.08482920 6.18451930
v 5.76346169 -0.64237240 6.20828970
v 5.55115129 -0.38208200 6.64335930
v 5.09200089 -0.64237240 6.79696970
v 5.43736089 -0.64237240 6.51359930
v 4.82479049 -0.38208200 7.20072010
v 4.72890089 -0.64237240 7.05722010
v 6.00655129 -1.08752280 5.27340970
v 5.91488089 -0.87791240 5.74722010
v 5.73969129 -1.08482920 5.59358970
v 6.48589129 -1.11176280 4.60596970
v 6.45247129 -0.88817240 5.06914010
v 6.25509129 -1.09560280 4.94271930
v 6.88304169 -0.66602200 4.80805930
v 6.77270169 -0.39034200 5.27180970
v 6.35561049 -0.64474200 5.53818970
v 6.62626089 -0.65183240 5.17918970
v 6.19853129 -0.38208200 5.99597930
v 6.06878169 -0.64237240 5.88218970
v 6.89757129 -1.19456040 3.93514970
v 6.92663129 -0.92924120 4.35550010
v 6.69950089 -1.13869720 4.26762970
v 7.25363209 -1.46569480 3.31758970
v 7.34165129 -1.09340040 3.64913930
v 7.08173049 -1.29750680 3.61598970
v 7.77974089 -1.04971880 3.27602970
v 7.79275129 -0.55421240 3.63570970
v 7.36292089 -0.74297240 4.03914970
v 7.58818089 -0.84616200 3.64353930
v 7.29770169 -0.42339240 4.48770970
v 7.12823129 -0.68966200 4.42768970
v -6.03631831 -0.45124200 4.70221930
v -6.43307831 -0.14321240 4.21434890
v -6.65751831 -0.62730200 3.65324890
v -6.35123911 -0.55072200 4.19439930
v -5.42051911 -0.29376200 5.55704890
v -5.83154871 -0.02016200 5.18286970
v -5.72580871 -0.36542200 5.16027930
v -5.57587911 0.38361800 5.58155930
v -5.86584871 0.71138760 5.12180890
v -6.17338871 0.30300760 4.71180970
v -5.87701831 0.34385800 5.17270890
v -6.41362871 0.66482760 4.16939930
v -6.70753911 0.23783800 3.67516890
v -6.45390871 0.26601800 4.20918890
v -4.81997911 -0.19269240 6.15293930
v -5.22513911 0.08208760 5.92348890
v -5.12125911 -0.23678200 5.88100970
v -4.17924871 -0.13597240 6.62382890
v -4.61014871 0.14661800 6.46373930
v -4.50864871 -0.15968200 6.39361930
v -4.33719911 0.48331800 6.75184890
v -4.68845911 0.79362760 6.48769930
v -4.98270871 0.44515800 6.22799930
v -4.67132871 0.46710760 6.49730970
v -5.28861911 0.75864760 5.88863930
v -5.28099911 0.41735800 5.92802970
v -3.44615911 -0.10952200 7.10791930
v -3.91371911 0.18083800 6.95320890
v -3.82372871 -0.11975240 6.86435930
v -2.64110871 -0.10095240 7.57496970
v -3.12025911 0.19397800 7.44173930
v -3.05059911 -0.10376200 7.34721930
v -2.73776871 0.50408760 7.73019930
v -3.18061911 0.81734760 7.52221930
v -3.57777911 0.50000760 7.25910970
v -3.16477911 0.50299800 7.50170890
v -3.98960871 0.81239800 7.02056890
v -3.97062871 0.49386760 7.00746890
v -1.79299511 -0.09925240 7.97126890
v -2.27142871 0.19713800 7.87945930
v -2.22175911 -0.09958200 7.78387930
v -0.90905511 -0.10008280 8.27071930
v -1.38891671 0.19710760 8.23091930
v -1.35527591 -0.09955240 8.13444970
v -0.95199831 0.50388760 8.42741930
v -1.41746071 0.81658760 8.31163930
v -1.86027431 0.50451720 8.12717930
v -1.40994311 0.50423720 8.29064890
v -2.31431911 0.81718760 7.96096970
v -2.30290871 0.50452760 7.93952890
v 0.00554969 -0.10066280 8.45414890
v -0.47442391 0.19639720 8.47510890
v -0.45478311 -0.10044280 8.37739930
v 0.93643049 -0.10083240 8.51652970
v 0.46352089 0.19612760 8.59959930
v 0.46995129 -0.10077240 8.50063930
v 0.93651049 0.50344760 8.67635930
v 0.45824089 0.81603720 8.68065930
v -0.01537271 0.50352760 8.61270970
v 0.45959129 0.50346760 8.66003930
v -0.49073271 0.81614760 8.55553930
v -0.48652231 0.50365800 8.53496890
v 1.86766089 -0.10087240 8.45583930
v 1.40954089 0.19605720 8.60054890
v 1.40301129 -0.10086200 8.50148890
v 2.78316089 -0.10086200 8.27392890
v 2.34778089 0.19604760 8.47732890
v 2.32838089 -0.10087240 8.37987930
v 2.82462089 0.50343800 8.42859930
v 2.36369129 0.81604760 8.55715930
v 1.88859049 0.50343800 8.61445930
v 2.35964089 0.50343800 8.53686970
v 1.41489049 0.81604760 8.68167930
v 1.41353049 0.50343800 8.66105930
v 3.66701129 -0.10085240 7.97375930
v 3.26194089 0.19605720 8.23242970
v 3.22998089 -0.10085240 8.13829930
v 4.50423129 -0.10085240 7.56102970
v 4.13634089 0.19605800 7.87024970
v 4.09237049 -0.10085240 7.78107930
v 4.58431129 0.50343800 7.69973930
v 4.17237049 0.81604760 7.94331930
v 3.72830089 0.50343800 8.12173930
v 4.16321049 0.50343800 7.92474010
v 3.28813049 0.81604760 8.30956890
v 3.28147129 0.50343800 8.28995850
v 5.28027129 -0.10085240 7.04232970
v 4.95596089 0.19605800 7.39702970
v 4.90073129 -0.10085240 7.31436970
v 5.98215129 -0.10085240 6.42698010
v 5.70683129 0.19605800 6.82086970
v 5.64128089 -0.10085240 6.74612970
v 6.09541129 0.50343800 6.54022970
v 5.76054089 0.81604760 6.88212010
v 5.37778089 0.50343800 7.16940010
v 5.74688089 0.50343800 6.86654970
v 5.00122089 0.81604760 7.46476970
v 4.98971049 0.50343800 7.44754970
v 6.60211129 -0.10250200 5.72520010
v 6.37604169 0.19605800 6.15164970
v 6.30130089 -0.10085240 6.08610970
v 7.16230089 -0.11736200 4.95000970
v 6.97102169 0.19131800 5.40040970
v 6.88798169 -0.10746200 5.34592970
v 7.29989129 0.49607800 5.02802970
v 7.03597129 0.81457800 5.44582010
v 6.72907129 0.50270760 5.82248970
v 7.02071129 0.50049800 5.43408970
v 6.43729129 0.81604760 6.20536970
v 6.42172089 0.50343800 6.19170970
v 7.68406089 -0.16431240 4.11066970
v 7.51949209 0.17233800 4.57930970
v 7.42844089 -0.13388200 4.53910010
v 8.14271129 -0.25589240 3.20353930
v 8.00618169 0.13746760 3.69894970
v 7.92678169 -0.21598200 3.66220970
v 8.23622169 0.47369800 3.26454970
v 8.04295129 0.80184840 3.73072970
v 7.82180089 0.48087800 4.16968010
v 8.04686169 0.47504760 3.72184970
v 7.57861129 0.80868760 4.61608970
v 7.56987129 0.48870760 4.60581930
v -6.06729911 1.05309800 4.57038890
v -6.16305831 1.39274840 3.97273930
v -6.52610871 1.03247800 3.57403930
v -6.31211911 1.04103800 4.08541930
v -5.52512871 1.08184760 5.43407930
v -5.69386871 1.40684760 4.88984970
v -5.80162871 1.06718760 5.02218890
v -5.30747911 1.73011800 5.15001930
v -5.38572871 2.02009800 4.59101930
v -5.77830871 1.72171800 4.30475930
v -5.55206871 1.72594840 4.74078890
v -5.77689911 2.01491800 3.72313930
v -6.15131831 1.71545800 3.37185930
v -5.98009831 1.71801800 3.84681930
v -4.96142871 1.10786760 6.12749930
v -5.16599831 1.42250840 5.67422970
v -5.24779911 1.09560760 5.79930970
v -4.32862951 1.12541800 6.71119930
v -4.58690871 1.43469720 6.33010890
v -4.65777911 1.11800840 6.42825930
v -4.16464871 1.73889800 6.51202970
v -4.35508871 2.02277800 6.06211930
v -4.77739911 1.73633800 5.87759930
v -4.48346951 1.73813800 6.20435930
v -4.90927911 2.02323800 5.37347930
v -5.05066871 1.73362760 5.52754890
v -3.57552871 1.13104760 7.24936970
v -3.90588871 1.43989800 6.91141930
v -3.96577911 1.12946760 6.98593930
v -2.73818871 1.13028760 7.72983930
v -3.11983911 1.43890760 7.43518970
v -3.16422871 1.13102760 7.49837930
v -2.64364871 1.73443720 7.57367930
v -2.96394871 2.01666760 7.21080890
v -3.44419911 1.73732760 7.08069930
v -3.05166871 1.73583800 7.33765930
v -3.70496871 2.02004760 6.67396890
v -3.81670871 1.73848760 6.80481930
v -1.86111911 1.12926760 8.12869930
v -2.27318871 1.43688760 7.88155930
v -2.30373911 1.12970760 7.94063930
v -0.95236391 1.12875800 8.42815930
v -1.39017671 1.43611800 8.23332970
v -1.41058071 1.12895800 8.29189930
v -0.91010231 1.73279720 8.27270970
v -1.31229271 2.01394760 8.00720970
v -1.79558391 1.73305720 7.97529930
v -1.35712311 1.73284760 8.13779930
v -2.16025911 2.01449720 7.65918970
v -2.22468871 1.73355800 7.78673930
v -0.01545991 1.12860760 8.61290970
v -0.47479431 1.43593800 8.47587850
v -0.48671191 1.12864760 8.53536890
v 0.93649129 1.12863800 8.67638890
v 0.46345129 1.43596760 8.59974970
v 0.45955129 1.12861800 8.66011930
v 0.93639049 1.73291720 8.51659930
v 0.47870089 2.01410760 8.36474890
v 0.00531129 1.73283800 8.45465930
v 0.46985129 1.73287720 8.50084890
v -0.42861271 2.01400760 8.24454970
v -0.45531591 1.73279720 8.37846890
v 1.88859049 1.12865800 8.61444890
v 1.40953129 1.43602760 8.60054890
v 1.41353049 1.12864760 8.66105930
v 2.82462089 1.12865800 8.42859930
v 2.34778089 1.43603800 8.47730890
v 2.35964089 1.12865800 8.53686010
v 2.78316089 1.73295800 8.27391930
v 2.30171049 2.01417720 8.24582890
v 1.86766089 1.73295800 8.45580890
v 2.32838089 1.73295800 8.37984890
v 1.39402089 2.01416760 8.36522010
v 1.40299049 1.73294760 8.50148890
v 3.72830089 1.12865800 8.12173930
v 3.26194089 1.43603800 8.23242970
v 3.28147129 1.12865800 8.28995850
v 4.58431129 1.12865800 7.69973930
v 4.13634089 1.43603800 7.87024970
v 4.16321049 1.12865800 7.92474010
v 4.50423129 1.73295800 7.56102970
v 4.03191049 2.01417720 7.65848970
v 3.66701129 1.73295800 7.97375930
v 4.09237049 1.73295800 7.78107930
v 3.18604089 2.01417720 8.00885930
v 3.22998089 1.73295800 8.13829930
v 5.37778089 1.12865800 7.16940010
v 4.95596089 1.43603800 7.39702970
v 4.98971049 1.12865800 7.44754970
v 6.09541129 1.12865800 6.54022970
v 5.70683129 1.43603800 6.82086970
v 5.74688089 1.12865800 6.86654970
v 5.98215129 1.73295800 6.42698010
v 5.55115129 2.01417720 6.64335930
v 5.28027129 1.73295800 7.04232970
v 5.64128089 1.73295800 6.74612970
v 4.82479049 2.01417720 7.20072010
v 4.90073129 1.73295800 7.31436970
v 6.72782169 1.12850760 5.82257930
v 6.37604169 1.43603800 6.15164970
v 6.42172089 1.12865800 6.19170970
v 7.28734169 1.12718760 5.02891930
v 6.96160169 1.43588840 5.40076010
v 7.01569129 1.12806760 5.43444970
v 7.13085129 1.73295800 4.94905930
v 6.75882089 2.01417800 5.26960970
v 6.59897209 1.73295800 5.72510010
v 6.87540169 1.73295800 5.34554970
v 6.19853129 2.01417720 5.99597930
v 6.30130089 1.73295800 6.08610970
v 7.78088089 1.12414760 4.17244010
v 7.47239129 1.43529800 4.58105930
v 7.54477209 1.12571800 4.60758970
v 8.16085129 1.12270760 3.26846010
v 7.89114089 1.43461800 3.70654010
v 7.98860089 1.12297800 3.72540010
v 7.90819129 1.73295800 3.22798010
v 7.59625209 2.01417800 3.63086970
v 7.57580089 1.73295800 4.11182970
v 7.75792089 1.73295800 3.67480970
v 7.22830169 2.01417800 4.47674010
v 7.36555129 1.73295800 4.53720010
v -5.39864871 2.28326760 4.04381930
v -5.34789911 2.51690840 3.52336890
v -5.70702871 2.28006840 3.18018890
v -5.56712871 2.28151800 3.61717930
v -4.98696871 2.28579800 4.85184890
v -5.00710871 2.51911800 4.33210970
v -5.20433831 2.28485800 4.45654970
v -4.59533831 2.72204760 4.58228970
v -4.56188871 2.89157800 4.09220970
v -4.96729911 2.72102760 3.82959930
v -4.79322871 2.72172760 4.21241930
v -4.86958871 2.89039800 3.34986890
v -5.23915911 2.71939800 3.03424970
v -5.11634871 2.72016760 3.43611930
v -4.49038871 2.28460840 5.58017930
v -4.57102871 2.51903800 5.08189930
v -4.74928871 2.28561800 5.22617930
v -3.90535911 2.28120760 6.22978890
v -4.04688871 2.51633720 5.75989930
v -4.20937911 2.28303720 5.91449930
v -3.58308871 2.71906760 5.89999930
v -3.67369911 2.89159800 5.42337930
v -4.13223911 2.72101800 5.27537930
v -3.86814871 2.72005800 5.59671930
v -4.16099911 2.89201800 4.78747930
v -4.37481831 2.72174840 4.93691930
v -3.22835911 2.27771800 6.80379930
v -3.43476871 2.51322760 6.36334970
v -3.57743911 2.27939800 6.52669930
v -2.47783911 2.27517720 7.29283930
v -2.74351911 2.51095720 6.88591930
v -2.86090871 2.27626760 7.05964970
v -2.25695911 2.71675720 6.91195930
v -2.46960871 2.89094760 6.47773930
v -2.95358871 2.71756760 6.44843850
v -2.61275911 2.71707720 6.69136890
v -3.10671911 2.89111800 5.98982890
v -3.27763911 2.71823720 6.18427930
v -1.67439271 2.27425800 7.68582890
v -1.99076871 2.50985800 7.31765930
v -2.08190871 2.27454760 7.50192890
v -0.82968071 2.27425800 7.97371930
v -1.19094471 2.50973720 7.64985930
v -1.25656231 2.27419720 7.84345930
v -0.71683911 2.71679800 7.55162970
v -1.03412311 2.89122760 7.18642970
v -1.50733511 2.71662760 7.28195930
v -1.11645991 2.71669720 7.42974010
v -1.77469831 2.89101800 6.87892970
v -1.88798871 2.71662760 7.10908890
v 0.04548569 2.27436760 8.14861930
v -0.35523191 2.50988760 7.87505930
v -0.39501991 2.27431800 8.07552970
v 0.93629049 2.27445800 8.20766010
v 0.50322089 2.50997720 7.98865930
v 0.48990089 2.27441800 8.19274970
v 0.93623129 2.71692760 7.77006970
v 0.53521129 2.89140760 7.49932010
v 0.10240969 2.71689800 7.71509930
v 0.51841129 2.71691720 7.75624970
v -0.25985031 2.89137800 7.39446970
v -0.30994391 2.71685800 7.64681930
v 1.82727129 2.27447720 8.14928890
v 1.36931129 2.51000760 7.98885930
v 1.38271129 2.27446760 8.19307930
v 2.70310089 2.27447720 7.97520010
v 2.22810089 2.51000760 7.87581930
v 2.26803049 2.27447720 8.07656890
v 2.58982089 2.71692760 7.55239930
v 2.13240089 2.89139800 7.39465930
v 1.77013129 2.71692760 7.71534010
v 2.18264089 2.71692760 7.64726970
v 1.33722089 2.89140760 7.49934970
v 1.35407129 2.71692760 7.75634970
v 3.54865049 2.27447720 7.68802970
v 3.06477129 2.51000760 7.65160970
v 3.13057129 2.27447720 7.84544010
v 4.34959049 2.27447720 7.29318970
v 3.86505129 2.51000760 7.32012010
v 3.95558089 2.27447720 7.50370010
v 4.13074089 2.71692760 6.91412010
v 3.64808089 2.89139800 6.88014970
v 3.38115129 2.71692760 7.28364010
v 3.76199049 2.71692760 7.11112970
v 2.90709129 2.89139800 7.18708010
v 2.98987129 2.71692760 7.43095930
v 5.09200089 2.27447720 6.79696970
v 4.61518089 2.51000760 6.88702970
v 4.72890089 2.27447720 7.05722010
v 5.76346169 2.27447720 6.20828970
v 5.30240089 2.51000760 6.35970970
v 5.43736089 2.27447720 6.51359930
v 5.45395129 2.71692760 5.89877930
v 4.97895129 2.89139800 5.99088970
v 4.82555049 2.71692760 6.44972010
v 5.14876089 2.71692760 6.18451930
v 4.34264089 2.89139800 6.47913930
v 4.48573129 2.71692760 6.69328010
v 6.35244169 2.27447800 5.53682970
v 5.91488089 2.51000760 5.74722010
v 6.06878169 2.27447720 5.88218970
v 6.85129129 2.27447800 4.79442010
v 6.44249129 2.51000840 5.06000970
v 6.61356089 2.27447800 5.17372970
v 6.46929209 2.71692760 4.57555930
v 6.03431129 2.89139800 4.78746970
v 6.00489129 2.71692760 5.27036970
v 6.24846169 2.71692760 4.93056010
v 5.54606169 2.89139800 5.42377930
v 5.73969129 2.71692760 5.59358970
v 7.25257129 2.27447800 3.99348010
v 6.87675129 2.51000840 4.30988010
v 7.06473129 2.27447800 4.40040970
v 7.54617129 2.27447800 3.14794010
v 7.21000169 2.51000840 3.50960010
v 7.41349129 2.27447800 3.57540010
v 7.10756169 2.71692760 3.03464970
v 6.74225129 2.89139800 3.35192010
v 6.83881049 2.71692760 3.82598010
v 6.98613129 2.71692760 3.43470010
v 6.43532089 2.89139800 4.09290970
v 6.66631129 2.71692760 4.20682010
v -4.47007911 3.02710760 3.61730890
v -4.32630871 3.12691800 3.16466890
v -4.71567831 3.02631800 2.89290970
v -4.60475831 3.02668840 3.25903930
v -4.13200871 3.02788760 4.30423930
v -4.04895911 3.12748840 3.83576970
v -4.31228871 3.02752760 3.96621930
v -3.61464871 3.18953800 4.00544970
v -3.49928871 3.21103800 3.56676970
v -3.91795831 3.18917800 3.38920970
v -3.77643911 3.18934840 3.70217930
v -3.74641911 3.21086760 2.96950970
v -4.13818871 3.18888760 2.73926970
v -4.03870871 3.18901800 3.06780970
v -3.70692871 3.02825800 4.94164970
v -3.68581911 3.12801800 4.46594970
v -3.92989911 3.02811800 4.62984890
v -3.20233911 3.02844760 5.51828890
v -3.24307911 3.12847800 5.04425930
v -3.46407911 3.02835800 5.23825930
v -2.77935911 3.19032840 5.09581930
v -2.78204871 3.21146840 4.64105930
v -3.23269911 3.18992840 4.57776970
v -3.01446871 3.19012760 4.84422970
v -3.17598871 3.21123800 4.12715930
v -3.43307911 3.18972760 4.29774970
v -2.62646871 3.02873720 6.02349930
v -2.72878871 3.12893800 5.55958890
v -2.92267911 3.02857800 5.78035930
v -1.98978871 3.02906760 6.44921930
v -2.15191911 3.12940760 6.00279930
v -2.31504871 3.02889800 6.24676970
v -1.69116231 3.19109800 5.93188890
v -1.81134311 3.21195800 5.49310970
v -2.26250871 3.19074760 5.54962970
v -1.98306871 3.19093800 5.75012890
v -2.32452871 3.21171800 5.09904890
v -2.52831911 3.19054840 5.33123930
v -1.30325831 3.02934760 6.78812010
v -1.52232631 3.12976760 6.36667930
v -1.65202871 3.02921800 6.62987930
v -0.57858791 3.02953800 7.03465930
v -0.85065511 3.12996840 6.64520010
v -0.94495191 3.02945800 6.92325930
v -0.42391831 3.19137720 6.45712970
v -0.65352471 3.21216760 6.06429930
v -1.07473431 3.19129720 6.23598970
v -0.75294311 3.19134760 6.35721930
v -1.25117831 3.21210840 5.81666010
v -1.38792791 3.19121720 6.09402970
v 0.17223129 3.02959800 7.18406010
v -0.14835831 3.13005720 6.83351930
v -0.20564471 3.02957720 7.12166010
v 0.93621129 3.02958760 7.23424970
v 0.57261129 3.13005720 6.92844970
v 0.55340089 3.02958760 7.22164970
v 0.93621129 3.19138760 6.63619930
v 0.61275129 3.21217720 6.31620010
v 0.25028089 3.19139800 6.59115930
v 0.59251129 3.19139800 6.62489930
v -0.02866471 3.21218760 6.23175930
v -0.08902231 3.19139800 6.53518010
v 1.70019129 3.02957720 7.18406010
v 1.29980089 3.13004760 6.92842970
v 1.31902089 3.02957720 7.22164970
v 2.45113049 3.02957720 7.03479930
v 2.02078089 3.13003720 6.83350970
v 2.07811129 3.02957720 7.12170970
v 2.29635129 3.19137720 6.45712970
v 1.90108089 3.21217720 6.23173930
v 1.62213129 3.19137720 6.59113930
v 1.96144089 3.19137720 6.53514970
v 1.25967129 3.21217720 6.31618970
v 1.27990089 3.19138760 6.62488010
v 3.17609129 3.02957720 6.78858970
v 2.72318089 3.13003720 6.64530010
v 2.81763129 3.02957720 6.92354970
v 3.86281129 3.02957720 6.45005930
v 3.39503049 3.13003720 6.36700970
v 3.52499129 3.02957720 6.63054970
v 3.56379129 3.19137720 5.93212970
v 3.12366089 3.21217720 5.81672970
v 2.94723129 3.19137720 6.23607930
v 3.26048089 3.19137720 6.09418010
v 2.52596089 3.21217720 6.06430970
v 2.62540089 3.19137720 6.35723930
v 4.49935129 3.02957720 6.02460970
v 4.02478089 3.13003720 6.00342010
v 4.18803049 3.02957720 6.24774970
v 5.07505129 3.02957800 5.51988010
v 4.60171129 3.13003800 5.56072970
v 4.79546089 3.02957720 5.78164970
v 4.65217129 3.19137800 5.09698970
v 4.19717129 3.21217800 5.09943930
v 4.13529129 3.19137800 5.55014970
v 4.40114169 3.19137800 5.33201930
v 3.68391129 3.21217800 5.49326970
v 3.85578089 3.19137720 5.75048970
v 5.57978089 3.02957800 4.94418010
v 5.11590169 3.13003800 5.04653930
v 5.33683129 3.02957800 5.24027930
v 6.00523049 3.02957800 4.30764010
v 5.55860089 3.13003800 4.46960970
v 5.80292169 3.02957800 4.63285930
v 5.48731209 3.19137800 4.00860970
v 5.04845129 3.21217800 4.12874010
v 5.10533129 3.19137800 4.58010970
v 5.30566089 3.19137800 4.30060970
v 4.65461129 3.21217800 4.64198970
v 4.88719129 3.19137800 4.84596970
v 6.34376089 3.02957800 3.62092010
v 5.92218089 3.13003800 3.83986010
v 6.18572089 3.02957800 3.96982010
v 6.58997129 3.02957800 2.89596010
v 6.20047049 3.13003800 3.16800970
v 6.47872089 3.02957800 3.26246010
v 6.01230169 3.19137800 2.74116970
v 5.61948089 3.21217800 2.97078970
v 5.79125129 3.19137800 3.39206010
v 5.91242169 3.19137800 3.07022970
v 5.37191129 3.21217800 3.56848970
v 5.64936089 3.19137800 3.70530970
v -3.34711831 3.19040840 3.15459930
v -3.16615911 3.12905800 2.77344970
v -3.54190871 3.19034760 2.58063930
v -3.45389831 3.19037800 2.87079930
v -3.07911911 3.19047720 3.69843930
v -2.94937831 3.12906840 3.29688970
v -3.22202871 3.19043800 3.43086970
v -2.56150871 3.02842840 3.40032970
v -2.43673911 2.89001800 3.04432970
v -2.79507831 3.02842840 2.92651930
v -2.68604871 3.02842840 3.16723930
v -2.62499831 2.89001800 2.58984970
v -2.96493911 3.02843800 2.42634970
v -2.88818871 3.02842840 2.67920890
v -2.74207911 3.19058840 4.20288970
v -2.66605911 3.12909800 3.78766970
v -2.91886871 3.19052760 3.95613930
v -2.34218871 3.19071800 4.65925930
v -2.32101911 3.12915800 4.23741930
v -2.54957911 3.19064840 4.43761930
v -1.91962871 3.02846840 4.23688970
v -1.89127911 2.89002840 3.86067930
v -2.26792871 3.02843800 3.83958970
v -2.10026871 3.02845800 4.04393930
v -2.19076871 2.89001800 3.47035930
v -2.42190871 3.02843800 3.62474970
v -1.88615911 3.19085800 5.05924970
v -1.92027911 3.12922840 4.63823930
v -2.12069911 3.19078840 4.86672890
v -1.38199271 3.19096840 5.39630970
v -1.47069671 3.12928840 4.98326970
v -1.63958311 3.19091800 5.23602970
v -1.08318951 3.02852840 4.87874970
v -1.15316711 2.89004840 4.50803930
v -1.52239511 3.02850840 4.58518970
v -1.30758951 3.02851800 4.73914970
v -1.54343911 2.89003800 4.20854970
v -1.72670711 3.02848760 4.41752970
v -0.83805191 3.19101800 5.66450010
v -0.97994871 3.12932760 5.26662010
v -1.11441351 3.19099800 5.53929930
v -0.26379911 3.19101720 5.85953930
v -0.45637911 3.12932760 5.48348970
v -0.55411191 3.19101720 5.77140970
v -0.10910711 3.02851800 5.28221930
v -0.27265511 2.89004840 4.94225930
v -0.60934551 3.02852840 5.11233930
v -0.36200071 3.02852840 5.20546010
v -0.72715511 2.89004840 4.75400970
v -0.85009271 3.02852840 5.00328970
v 0.33104089 3.19101720 5.97776970
v 0.09100489 3.12931800 5.63015930
v 0.03168329 3.19101720 5.92837930
v 0.93621129 3.19100760 6.01751930
v 0.65287129 3.12931800 5.70412970
v 0.63298089 3.19101720 6.00753930
v 0.93621129 3.02851800 5.41984010
v 0.69025129 2.89004840 5.13378970
v 0.40905129 3.02851800 5.38520970
v 0.67207129 3.02851800 5.41114970
v 0.20251129 2.89004840 5.06957930
v 0.14829129 3.02851800 5.34218970
v 1.54138089 3.19100760 5.97776970
v 1.21956089 3.12931800 5.70412970
v 1.23944089 3.19100760 6.00753930
v 2.13622089 3.19100760 5.85953930
v 1.78142089 3.12931800 5.63015930
v 1.84074169 3.19100760 5.92837930
v 1.98153129 3.02851800 5.28221930
v 1.66991129 2.89004840 5.06957930
v 1.46337129 3.02851800 5.38520970
v 1.72414089 3.02851800 5.34218970
v 1.18218089 2.89004840 5.13378970
v 1.20035129 3.02851800 5.41114970
v 2.71048169 3.19100840 5.66450970
v 2.32880089 3.12931800 5.48348970
v 2.42654089 3.19100760 5.77140970
v 3.25445129 3.19100840 5.39634970
v 2.85237129 3.12931800 5.26662010
v 2.98686089 3.19100840 5.53931930
v 2.95561129 3.02851800 4.87874010
v 2.59958169 2.89004840 4.75399930
v 2.48177129 3.02851800 5.11232970
v 2.72251129 3.02851800 5.00328970
v 2.14508089 2.89004840 4.94225930
v 2.23442089 3.02851800 5.20546010
v 3.75867129 3.19100840 5.05934010
v 3.34314169 3.12931800 4.98326970
v 3.51207129 3.19100840 5.23608970
v 4.21470089 3.19100840 4.65952970
v 3.79274169 3.12931800 4.63827930
v 3.99322169 3.19100840 4.86688970
v 3.79207129 3.02851800 4.23689930
v 3.41588089 2.89004840 4.20855930
v 3.39483129 3.02851800 4.58518010
v 3.59915129 3.02851800 4.41752970
v 3.02560169 2.89004840 4.50802970
v 3.18002089 3.02851800 4.73914010
v 4.61451129 3.19100840 4.20349930
v 4.19345129 3.12931800 4.23756970
v 4.42206169 3.19100840 4.43804970
v 4.95152169 3.19100840 3.69928010
v 4.53844089 3.12931800 3.78796970
v 4.79126089 3.19100840 3.95690010
v 4.43392089 3.02851800 3.40044010
v 4.06321129 2.89004840 3.47042010
v 4.14035129 3.02851800 3.83966010
v 4.29432089 3.02851800 3.62484970
v 3.76373129 2.89004840 3.86070970
v 3.97270169 3.02851800 4.04398010
v 5.21968169 3.19100840 3.15530970
v 4.82179129 3.12931800 3.29719930
v 5.09449129 3.19100840 3.43168010
v 5.41471129 3.19100840 2.58104970
v 5.03866169 3.12931800 2.77362970
v 5.32659129 3.19100840 2.87136970
v 4.83739129 3.02851800 2.42636010
v 4.49743129 2.89004840 2.58990970
v 4.66751129 3.02851800 2.92658970
v 4.76063129 3.02851800 2.67924970
v 4.30917129 2.89004840 3.04440010
v 4.55846169 3.02851800 3.16733930
v -2.30077911 2.71533800 2.72171930
v -2.16155911 2.50826840 2.43217930
v -2.44818871 2.71532840 2.28775370
v -2.38157911 2.71533800 2.50713930
v -2.09811911 2.71533800 3.13280970
v -1.99773911 2.50825800 2.82754970
v -2.20616871 2.71533800 2.93057930
v -1.72017751 2.27265800 2.91390970
v -1.66086391 2.01244760 2.65992970
v -1.89772871 2.27268840 2.55392970
v -1.81483351 2.27267800 2.73680970
v -1.80615271 2.01254840 2.30998650
v -2.02693831 2.27271800 2.17409210
v -1.96853831 2.27270760 2.36608730
v -1.84342711 2.71533800 3.51387930
v -1.78373511 2.50825800 3.19818970
v -1.97700871 2.71533800 3.32750970
v -1.54128391 2.71533800 3.85852970
v -1.52319911 2.50825800 3.53775930
v -1.69798551 2.71533800 3.69114970
v -1.23253991 2.27264840 3.54952970
v -1.24044391 2.01238840 3.28905930
v -1.49710391 2.27264840 3.24764970
v -1.36974391 2.27264840 3.40291930
v -1.47120951 2.01239800 2.98819930
v -1.61409191 2.27265800 3.08441930
v -1.19667991 2.71533800 4.16069930
v -1.22062711 2.50824760 3.84039930
v -1.37392151 2.71533800 4.01524970
v -0.81566391 2.71532840 4.41538970
v -0.88116791 2.50823800 4.10094970
v -1.01033351 2.71533800 4.29427930
v -0.59734311 2.27264840 4.03722970
v -0.67214551 2.01240760 3.78801930
v -0.93086391 2.27264840 3.81417930
v -0.76774551 2.27264840 3.93116970
v -0.97257511 2.01239800 3.55720970
v -1.08602071 2.27264840 3.68678970
v -0.40459351 2.71532840 4.61804010
v -0.51062151 2.50823800 4.31492970
v -0.61344711 2.71532840 4.52342970
v 0.02937369 2.71532840 4.76540970
v -0.11528951 2.50823800 4.47867930
v -0.19001671 2.71532840 4.69881930
v 0.14237129 2.27265800 4.34367930
v 0.00562409 2.01244760 4.12249930
v -0.23750951 2.27264840 4.21466970
v -0.04967511 2.27265800 4.28538970
v -0.34423111 2.01242840 3.97750970
v -0.42033191 2.27264840 4.13183930
v 0.47889129 2.71532840 4.85474970
v 0.29802089 2.50824760 4.58942010
v 0.25267129 2.71532840 4.81742970
v 0.93621129 2.71532840 4.88478970
v 0.72227129 2.50824760 4.64526970
v 0.70706089 2.71532840 4.87724970
v 0.93621129 2.27266840 4.44818970
v 0.74687129 2.01245800 4.26994970
v 0.53588089 2.27266840 4.42189930
v 0.73562089 2.27266840 4.44158970
v 0.37140089 2.01245800 4.22051930
v 0.33784089 2.27266840 4.38921930
v 1.39354089 2.71532840 4.85474970
v 1.15016089 2.50824760 4.64526970
v 1.16536089 2.71532840 4.87724970
v 1.84305129 2.71532840 4.76540010
v 1.57440089 2.50824760 4.58942010
v 1.61976089 2.71532840 4.81742970
v 1.73005129 2.27265800 4.34367930
v 1.50102089 2.01245800 4.22050970
v 1.33655129 2.27266840 4.42188970
v 1.53458089 2.27265800 4.38922010
v 1.12556089 2.01245800 4.26993930
v 1.13681129 2.27266840 4.44158970
v 2.27702089 2.71532840 4.61802010
v 1.98771129 2.50824760 4.47866970
v 2.06244089 2.71532840 4.69880970
v 2.68809129 2.71532840 4.41538010
v 2.38305129 2.50824760 4.31492010
v 2.48587129 2.71532840 4.52342010
v 2.46979129 2.27265800 4.03726970
v 2.21669129 2.01245800 3.97757930
v 2.10994089 2.27265800 4.21466010
v 2.29277129 2.27265800 4.13184970
v 1.86681129 2.01245800 4.12249930
v 1.92210089 2.27265800 4.28537930
v 3.06912169 2.71532840 4.16069930
v 2.75361129 2.50824760 4.10096970
v 2.88277129 2.71532840 4.29426970
v 3.41374169 2.71532840 3.85856970
v 3.09309129 2.50824760 3.84047930
v 3.24637129 2.71532840 4.01526970
v 3.10501129 2.27265800 3.54983930
v 2.84509129 2.01245800 3.55768970
v 2.80334089 2.27265800 3.81432970
v 2.95850089 2.27265800 3.68702010
v 2.54464089 2.01245800 3.78822970
v 2.64021129 2.27265800 3.93124970
v 3.71587129 2.71532840 3.51394970
v 3.39565129 2.50824760 3.53791930
v 3.57044169 2.71532840 3.69119930
v 3.97055129 2.71532840 3.13292010
v 3.65615129 2.50824760 3.19843930
v 3.84944169 2.71532840 3.32758970
v 3.59244169 2.27265800 2.91460970
v 3.34340169 2.01245800 2.98946970
v 3.36950089 2.27265800 3.24816970
v 3.48643129 2.27265800 3.08502970
v 3.11286169 2.01245800 3.28992010
v 3.24219129 2.27265800 3.40332970
v 4.17320169 2.71532840 2.72183930
v 3.87009129 2.50824760 2.82786970
v 4.07859129 2.71532840 2.93069930
v 4.32058089 2.71532840 2.28787770
v 4.03384169 2.50824760 2.43254010
v 4.25398089 2.71532840 2.50726970
v 3.89885129 2.27265800 2.17487690
v 3.67767129 2.01245800 2.31163690
v 3.76984089 2.27265800 2.55476970
v 3.84056169 2.27265800 2.36692730
v 3.53275129 2.01245800 2.66150970
v 3.68702169 2.27265800 2.73758970
v -1.61404471 1.73155800 2.43390970
v -1.58506871 1.43537800 2.23224170
v -1.73081431 1.73179800 2.09246010
v -1.67800871 1.73167800 2.26498650
v -1.45384871 1.73138760 2.75795930
v -1.45095351 1.43506760 2.55375930
v -1.53922391 1.73145800 2.59848970
v -1.31645671 1.12850840 2.67731930
v -1.46780711 1.12876760 2.37199610
v -1.39709111 1.12861800 2.52703930
v -1.57823351 1.12907800 2.05047610
v -1.52829111 1.12892760 2.21290650
v -1.25281671 1.73132760 3.05864970
v -1.27619671 1.43489800 2.85576970
v -1.35821991 1.73133800 2.91155930
v -1.01460711 1.73133800 3.33072970
v -1.06383351 1.43486840 3.13274970
v -1.13811991 1.73132760 3.19858970
v -0.90218551 1.12834840 3.21741930
v -1.12680151 1.12842760 2.96082970
v -1.01864711 1.12839800 3.09279930
v -1.22621591 1.12844760 2.82211930
v -0.74316951 1.73137800 3.56919930
v -0.81752951 1.43485800 3.37963930
v -0.88275751 1.73135800 3.45441930
v -0.44317911 1.73142760 3.77010970
v -0.54142791 1.43484760 3.59205930
v -0.59644471 1.73139800 3.67458970
v -0.36340711 1.12790760 3.63169930
v -0.64622311 1.12811800 3.44225930
v -0.50788151 1.12799800 3.54161930
v -0.77785111 1.12824840 3.33404970
v -0.11953991 1.73147800 3.92987930
v -0.24015511 1.43488760 3.76641930
v -0.28397271 1.73144840 3.85530970
v 0.22214089 1.73150840 4.04600970
v 0.08123849 1.43495800 3.89977930
v 0.04940329 1.73149800 3.99353930
v 0.26343129 1.12805800 3.89195930
v -0.05845671 1.12793800 3.78239930
v 0.10069929 1.12799800 3.84245930
v -0.21337911 1.12789800 3.71204970
v 0.57610089 1.73151800 4.11637930
v 0.41727129 1.43499800 3.98990970
v 0.39796089 1.73151800 4.08697930
v 0.93621129 1.73151800 4.14001930
v 0.76224089 1.43500840 4.03533930
v 0.75577129 1.73151800 4.13408970
v 0.93621129 1.12811800 3.98060970
v 0.59691129 1.12810760 3.95831930
v 0.76619129 1.12811800 3.97502010
v 0.42907129 1.12808760 3.93060970
v 1.29632089 1.73150840 4.11635930
v 1.11018089 1.43500840 4.03532970
v 1.11665129 1.73150840 4.13407930
v 1.65029129 1.73150840 4.04600970
v 1.45515129 1.43499800 3.98990970
v 1.47446089 1.73150840 4.08696970
v 1.60903129 1.12811800 3.89201930
v 1.27552089 1.12811800 3.95830970
v 1.44336089 1.12811800 3.93061930
v 1.10623129 1.12811800 3.97500970
v 1.99201129 1.73150840 3.92995930
v 1.79123129 1.43499800 3.89984970
v 1.82304089 1.73150840 3.99356970
v 2.31570089 1.73150840 3.77038010
v 2.11269129 1.43499800 3.76669930
v 2.15647129 1.73150840 3.85546010
v 2.23599129 1.12811800 3.63231930
v 1.93100089 1.12811800 3.78267930
v 2.08596089 1.12811800 3.71248970
v 1.77180089 1.12811800 3.84260970
v 2.61574089 1.73150840 3.56984010
v 2.41401129 1.43499800 3.59272970
v 2.46900089 1.73150840 3.67502010
v 2.88710089 1.73150840 3.33192970
v 2.69006169 1.43499800 3.38090970
v 2.75531129 1.73150840 3.45531930
v 2.77438089 1.12811800 3.21920970
v 2.51869129 1.12811800 3.44336970
v 2.65020169 1.12811800 3.33546970
v 2.38043129 1.12811800 3.54246970
v 3.12502089 1.73150840 3.06056970
v 2.93609129 1.43499800 3.13488970
v 3.01050089 1.73150840 3.20013930
v 3.32556089 1.73150840 2.76052970
v 3.14790169 1.43499800 2.85883930
v 3.23019129 1.73150840 2.91381930
v 3.18750169 1.12811800 2.68081930
v 2.99854169 1.12811800 2.96351930
v 3.09764089 1.12811800 2.82525930
v 2.89064089 1.12811800 3.09502970
v 3.48513129 1.73150840 2.43684010
v 3.32187129 1.43499800 2.55751930
v 3.41063129 1.73150840 2.60128970
v 3.60118089 1.73150840 2.09511530
v 3.45503129 1.43499800 2.23605850
v 3.54874169 1.73150840 2.26787050
v 3.44719129 1.12811800 2.05385530
v 3.33785129 1.12811800 2.37582970
v 3.39779129 1.12811800 2.21662890
v 3.26766169 1.12811800 2.53078970
v -3.94913831 -2.12540200 3.37162890
v -3.59191911 -2.35731320 3.05454890
v -3.13196871 -2.14951880 2.85940890
v -3.50467911 -2.14201080 3.14476890
v -4.89961911 -2.00576040 3.65045930
v -4.50824871 -2.28296920 3.43021930
v -4.42005831 -2.08111720 3.54043930
v -5.09177911 -2.43041880 3.47917930
v -4.65474871 -2.74235720 3.39854890
v -4.10105911 -2.55484520 3.22736890
v -4.58794871 -2.50539400 3.38397930
v -3.69761911 -2.82352520 3.02183930
v -3.28786871 -2.60530600 2.75371930
v -3.65855831 -2.58580440 3.01528890
v -5.82530871 -1.75742520 3.67795930
v -5.48317831 -2.10103800 3.56913930
v -5.36999911 -1.89593720 3.70097930
v -6.65427831 -1.45520840 3.33139930
v -6.37252871 -1.84195160 3.40716890
v -6.25965831 -1.59600200 3.56736890
v -6.85574871 -1.96235240 3.09194890
v -6.59697831 -2.29281400 3.30155930
v -6.05331911 -2.19853480 3.45797930
v -6.48174871 -2.07311000 3.32276890
v -5.68269831 -2.55559400 3.51043930
v -5.58511911 -2.32288520 3.50697930
v -4.17800871 -3.03744200 3.30086890
v -3.69221831 -3.33250200 3.13216890
v -3.30802871 -3.08348200 2.78756890
v -3.70216871 -3.06652200 3.06905930
v -5.24963831 -2.90924200 3.56635930
v -4.74566871 -3.25902200 3.56465930
v -4.70425831 -2.98782200 3.47072890
v -5.38851911 -3.48872200 3.74344890
v -4.84086871 -3.94757240 3.67416890
v -4.20857911 -3.61892200 3.45164890
v -4.78813911 -3.57320200 3.64442890
v -3.70899911 -4.00437240 3.20703930
v -3.26382871 -3.64740200 2.87006890
v -3.68781911 -3.63921240 3.18641930
v -6.28266871 -2.65373720 3.49727930
v -5.88077911 -3.05309240 3.66137930
v -5.78284871 -2.79328440 3.57548890
v -7.09734871 -2.35907400 3.07562890
v -6.87731831 -2.72352920 3.38056890
v -6.72790871 -2.50440120 3.33093930
v -7.46352791 -2.73887000 3.14258890
v -7.18379831 -3.26722200 3.40691930
v -6.52812871 -3.17429240 3.61376890
v -7.04801831 -2.96585240 3.42009930
v -6.05095831 -3.70764200 3.73276890
v -5.97173831 -3.35216200 3.72738890
v -4.31406871 -4.43854200 3.43385930
v -3.88095911 -4.90548200 3.08020890
v -3.34305831 -4.44292200 2.85121930
v -3.77579831 -4.44570200 3.16925930
v -5.52784871 -4.30611240 3.69464890
v -4.99520871 -4.88485160 3.48132890
v -4.91303911 -4.39938200 3.61799930
v -5.66571831 -5.26327160 3.30202890
v -5.15181831 -5.78161240 2.98820890
v -4.50757911 -5.37378200 3.13991930
v -5.07794871 -5.36018200 3.26958890
v -4.12344871 -5.67566200 2.75266890
v -3.64187831 -5.28713240 2.70244890
v -4.01720871 -5.32601240 2.94701930
v -6.67802871 -3.91458200 3.48961930
v -6.16455831 -4.60066200 3.45505930
v -6.11366871 -4.13665240 3.63677850
v -7.75850871 -3.44265240 3.12699930
v -7.22615911 -4.09797160 3.10874890
v -7.22844871 -3.66349240 3.29838890
v -7.72298871 -4.25551160 2.72006890
v -7.22612871 -4.88824200 2.56117930
v -6.72148871 -4.79694200 3.03329930
v -7.22111911 -4.51399240 2.85221930
v -6.24954871 -5.47946200 2.89699850
v -6.20829911 -5.06112200 3.20324890
v -8.24711831 -3.70056200 2.91100890
v -8.73153831 -3.91867240 2.71990890
v -8.25748871 -4.38149240 2.43832890
v -8.24290871 -4.06472200 2.69688890
v -8.29435831 -2.93934200 3.01094890
v -8.71573831 -3.24132200 2.98828890
v -8.26177911 -3.31137240 3.03931930
v -9.07451831 -2.92589240 2.85628890
v -9.39842871 -3.15771240 2.80784890
v -9.13514871 -3.50266200 2.87663850
v -9.09783911 -3.20419240 2.92679930
v -9.46583831 -3.70520200 2.66141850
v -9.16350951 -4.03802200 2.51749850
v -9.13954871 -3.79440200 2.72634890
v 7.66928089 -1.57498120 3.03978970
v 8.00154089 -1.83354200 2.71710970
v 8.13046089 -1.25503800 2.80862970
v 7.91333209 -1.40413800 2.97184970
v 7.15443129 -1.82949800 3.00482970
v 7.55450169 -2.02468840 2.80193930
v 7.41490089 -1.71727800 3.04741930
v 7.44416169 -2.39397720 2.55068970
v 7.72451129 -2.69672200 2.37089050
v 7.86849129 -2.31315240 2.56282010
v 7.66138169 -2.36035880 2.57760970
v 8.06891209 -2.66276280 2.30437610
v 8.21817129 -2.21676120 2.37473450
v 8.05694169 -2.26205320 2.49798010
v 6.63263209 -1.96256120 2.79984970
v 7.06988089 -2.14263720 2.69705930
v 6.89212089 -1.91011240 2.92212970
v 6.17798089 -2.00668280 2.43439930
v 6.62395129 -2.17556120 2.44990970
v 6.38063129 -1.99028520 2.63853930
v 6.68170089 -2.37010200 2.13501450
v 6.99436089 -2.61766040 2.12509690
v 7.01725209 -2.39880600 2.39936970
v 6.83195129 -2.38492040 2.28005290
v 7.34188169 -2.68084680 2.29917850
v 7.22539129 -2.40430920 2.49042970
v 7.88761129 -3.01060200 2.16889450
v 7.95343129 -3.29148200 1.96869530
v 8.14387129 -3.00587160 2.04449050
v 8.02680169 -3.00876200 2.12623290
v 7.56899129 -2.99039160 2.16011290
v 7.70443129 -3.27963160 2.00271370
v 7.73283129 -3.00621240 2.17825930
v 7.53876089 -3.48452200 1.83471530
v 7.60990169 -3.68156200 1.71487930
v 7.76952169 -3.51460200 1.84833130
v 7.65743129 -3.50781240 1.84725370
v 7.80341129 -3.65004200 1.72572170
v 7.95118089 -3.49404200 1.79911930
v 7.87159129 -3.50233160 1.83690890
v 7.24338089 -2.91638200 2.06010250
v 7.42265129 -3.21900200 1.95672570
v 7.40263049 -2.95797160 2.12023770
v 6.98472169 -2.83550760 1.88492970
v 7.16503129 -3.12189160 1.85334250
v 7.10087129 -2.87308200 1.98117770
v 7.12170089 -3.28723160 1.69921290
v 7.21334089 -3.49687160 1.65630330
v 7.30114169 -3.39703240 1.78139530
v 7.20040169 -3.33482200 1.74663930
v 7.40059129 -3.62609160 1.68845050
v 7.41696089 -3.44726200 1.81175770
v -1.57638951 0.50639800 0.70580250
v -1.58007591 0.20102760 0.51316570
v -1.46705591 0.50688760 0.38399850
v -1.50863671 0.81760760 0.55394570
v -1.52706391 0.50671800 0.54300330
v -1.71283751 -0.09711160 0.63597610
v -1.77584951 -0.37554200 0.38409290
v -1.60388631 -0.09244200 0.29275930
v -1.66417031 -0.09465160 0.46125530
v -1.64490391 -0.36677160 0.03941930
v -1.44991591 -0.08892200 -0.02525030
v -1.44879431 0.20252760 0.19297930
v -1.53234791 -0.09051160 0.13056970
v -1.31648951 0.50704840 0.07972970
v -1.37867351 0.81746840 0.24248970
v -1.39673831 0.50698760 0.22937930
v -1.27646231 0.20348760 -0.10536070
v -1.12767191 0.50716760 -0.20228070
v -1.20935271 0.81739800 -0.04983030
v -1.22668151 0.50713800 -0.06435030
v -1.46641591 -0.36063160 -0.27393030
v -1.25377351 -0.08706200 -0.31721110
v -1.35695351 -0.08771160 -0.17463030
v -1.24277431 -0.35909160 -0.55761030
v -1.01800951 -0.08822200 -0.58044070
v -1.06593591 0.20354840 -0.37812070
v -1.14068791 -0.08717160 -0.45260070
v -0.90346791 0.50667800 -0.45730070
v -1.00361991 0.81732840 -0.31790070
v -1.01981431 0.50703800 -0.33346070
v -0.81977191 0.20157800 -0.62111030
v -0.64705191 0.50510840 -0.68078070
v -0.76468231 0.81683800 -0.55679030
v -0.77898631 0.50597800 -0.57321030
v -0.97683591 -0.36405160 -0.81085030
v -0.74574551 -0.09318200 -0.81197030
v -0.88605111 -0.09040200 -0.70036070
v -0.67447591 -0.37306200 -1.03148070
v -0.44382471 -0.09833160 -1.00861030
v -0.54240391 0.19834840 -0.83068070
v -0.59802551 -0.09600200 -0.91485110
v -0.36355031 0.50362840 -0.86936070
v -0.49659271 0.81605800 -0.76237030
v -0.50834551 0.50426840 -0.77963030
v -0.24014071 0.19643800 -1.00375030
v -0.05835671 0.50334840 -1.01992070
v -0.20424231 0.81566840 -0.93131030
v -0.21334631 0.50334840 -0.94957030
v -0.34459751 -0.37932200 -1.21589030
v -0.11939191 -0.10013160 -1.16707030
v -0.28407431 -0.09961160 -1.09285030
v 0.00578329 -0.38090200 -1.35976070
v 0.22230169 -0.09994200 -1.28343030
v 0.08141209 0.19640840 -1.13713030
v 0.04960649 -0.10015160 -1.23076070
v 0.26350169 0.50368840 -1.12968070
v 0.10736249 0.81578840 -1.06075030
v 0.10079849 0.50348840 -1.08007030
v 0.41736169 0.19683800 -1.22760070
v 0.59693129 0.50389800 -1.19618070
v 0.43311129 0.81596840 -1.14829030
v 0.42912169 0.50381800 -1.16841030
v 0.37154169 -0.38078200 -1.45803030
v 0.57617129 -0.09963160 -1.35409030
v 0.39808169 -0.09977160 -1.32457030
v 0.74693129 -0.38055160 -1.50770070
v 0.93623129 -0.09946200 -1.37790070
v 0.76227129 0.19702840 -1.27319030
v 0.75581129 -0.09953160 -1.37190070
v 0.93622169 0.50396840 -1.21852070
v 0.76754169 0.81603800 -1.19238070
v 0.76621129 0.50394840 -1.21291030
v 1.11018169 0.19709800 -1.27324070
v 1.27552169 0.50398840 -1.19624070
v 1.10488169 0.81604840 -1.19238070
v 1.10623129 0.50397800 -1.21293030
v 1.12557129 -0.38039160 -1.50784070
v 1.29632169 -0.09941160 -1.35429030
v 1.11666169 -0.09942200 -1.37199030
v 1.50102169 -0.38035160 -1.45844070
v 1.65029129 -0.09941160 -1.28393030
v 1.45515129 0.19710840 -1.22783030
v 1.47446169 -0.09940200 -1.32490070
v 1.60903129 0.50397800 -1.12994070
v 1.43934169 0.81604840 -1.14834070
v 1.44336169 0.50398840 -1.16854070
v 1.79123129 0.19709800 -1.13778070
v 1.93100169 0.50397800 -1.02060070
v 1.76518169 0.81604840 -1.06103030
v 1.77180169 0.50397800 -1.08054070
v 1.86681129 -0.38036200 -1.36042070
v 1.99201129 -0.09941160 -1.16788070
v 1.82304169 -0.09941160 -1.23149030
v 2.21669129 -0.38036200 -1.21550070
v 2.31570169 -0.09941160 -1.00830070
v 2.11269129 0.19709800 -1.00462070
v 2.15647129 -0.09941160 -1.09338070
v 2.23599129 0.50397800 -0.87025030
v 2.07685129 0.81604840 -0.93194070
v 2.08596169 0.50397800 -0.95041030
v 2.41401129 0.19709800 -0.83065030
v 2.51869129 0.50397800 -0.68129030
v 2.36899129 0.81604840 -0.76327030
v 2.38043129 0.50397800 -0.78039030
v 2.54464089 -0.38036200 -1.02615030
v 2.61574089 -0.09941160 -0.80776070
v 2.46900089 -0.09941160 -0.91294070
v 2.84509129 -0.38036200 -0.79561030
v 2.88710089 -0.09941160 -0.56985030
v 2.69006169 0.19709800 -0.61883030
v 2.75531129 -0.09941160 -0.69324070
v 2.77438089 0.50397800 -0.45713030
v 2.63663129 0.81604840 -0.55791030
v 2.65020169 0.50397800 -0.57339030
v 2.93609129 0.19709800 -0.37281030
v 2.99854169 0.50397800 -0.20144070
v 2.87516089 0.81604840 -0.31937030
v 2.89064089 0.50397800 -0.33295030
v 3.11286169 -0.38036200 -0.52784070
v 3.12502089 -0.09941160 -0.29849030
v 3.01050089 -0.09941160 -0.43806070
v 3.34340169 -0.38036200 -0.22739030
v 3.32556089 -0.09941160 0.00154970
v 3.14790169 0.19709800 -0.09676070
v 3.23019129 -0.09941160 -0.15173990
v 3.18750169 0.50397800 0.08125930
v 3.08052089 0.81604840 -0.05174070
v 3.09764089 0.50397800 -0.06318070
v 3.32187129 0.19709800 0.20455930
v 3.33785129 0.50397800 0.38624970
v 3.24919129 0.81604840 0.24039930
v 3.26766169 0.50397800 0.23128970
v 3.53275129 -0.38036200 0.10056970
v 3.48513129 -0.09941160 0.32523930
v 3.41063129 -0.09941160 0.16078970
v 3.67767129 -0.38036200 0.45044250
v 3.60118089 -0.09941160 0.66696330
v 3.45503129 0.19709800 0.52602090
v 3.54874169 -0.09941160 0.49420890
v 3.44719129 0.50397800 0.70822330
v 3.37829129 0.81604840 0.55207050
v 3.39779129 0.50397800 0.54545050
v -1.95548871 -0.64505160 0.47778330
v -2.06221831 -0.87643160 0.15455930
v -1.85444391 -0.62858200 0.09196970
v -1.91161831 -0.63685160 0.27849930
v -2.24662871 -1.10956120 0.25824970
v -2.37095831 -1.28195160 -0.10802070
v -2.17470871 -1.07372200 -0.19233030
v -2.21841831 -1.09217960 0.02235930
v -2.29173831 -1.23367880 -0.55410070
v -2.03574871 -1.04063560 -0.56892070
v -1.94269831 -0.85113160 -0.22870070
v -2.11423831 -1.05595320 -0.38852070
v -1.70019191 -0.61428200 -0.24839110
v -1.78396951 -0.62085160 -0.08319030
v -1.76197431 -0.83286200 -0.56131110
v -1.49318551 -0.60667240 -0.55340070
v -1.60310631 -0.60945160 -0.40502070
v -2.12603831 -1.19816600 -0.92315030
v -1.82207271 -1.02289960 -0.89223110
v -1.93796871 -1.02953400 -0.73622070
v -1.87138871 -1.18606760 -1.23672070
v -1.54058231 -1.02404200 -1.17770070
v -1.52105591 -0.82727160 -0.85606070
v -1.68922151 -1.02098600 -1.03879030
v -1.23672791 -0.60837160 -0.82679110
v -1.37090151 -0.60622200 -0.69388070
v -1.22571271 -0.83676200 -1.12062070
v -0.93545511 -0.62009160 -1.07034070
v -1.09113591 -0.61342200 -0.95246070
v -1.54272951 -1.19833880 -1.51839110
v -1.20129191 -1.04365000 -1.43717110
v -1.37732391 -1.03231880 -1.31078070
v -1.15610471 -1.22533880 -1.77565110
v -0.81829511 -1.06679560 -1.66644070
v -0.88513351 -0.85559160 -1.35609030
v -1.01433271 -1.05586600 -1.55601030
v -0.59913831 -0.63325160 -1.28059030
v -0.77101271 -0.62713160 -1.17990070
v -0.51191991 -0.86996200 -1.55701110
v -0.23776951 -0.63946200 -1.45292070
v -0.42116151 -0.63720200 -1.37186070
v -0.72863671 -1.24684200 -1.99984070
v -0.40540231 -1.07899720 -1.85824070
v -0.61502631 -1.07427320 -1.76759030
v -0.27297191 -1.25580520 -2.18082070
v 0.02941289 -1.08298040 -2.00309110
v -0.11543591 -0.87534200 -1.71663030
v -0.19029751 -1.08166600 -1.93715110
v 0.14250169 -0.64087160 -1.58114070
v -0.04965271 -0.64052200 -1.52295030
v 0.29819129 -0.87656200 -1.82686070
v 0.53601129 -0.64096200 -1.65946070
v 0.33800169 -0.64100200 -1.62670070
v 0.20273129 -1.25837560 -2.30692070
v 0.47909129 -1.08383080 -2.09214070
v 0.25285129 -1.08364200 -2.05483030
v 0.69043129 -1.25854200 -2.37123110
v 0.93629129 -1.08351800 -2.12249110
v 0.72239129 -0.87653160 -1.88287110
v 0.70722169 -1.08372920 -2.11477030
v 0.93626169 -0.64071160 -1.68599030
v 0.73571129 -0.64085160 -1.67927030
v 1.15018169 -0.87625160 -1.88311030
v 1.33655129 -0.64058200 -1.65980070
v 1.13683129 -0.64063160 -1.67946070
v 1.18222169 -1.25813000 -2.37157110
v 1.39355129 -1.08329800 -2.09262070
v 1.16540169 -1.08337960 -2.11506070
v 1.66992169 -1.25798120 -2.30747110
v 1.84305129 -1.08323960 -2.00332070
v 1.57440169 -0.87616200 -1.82733030
v 1.61976169 -1.08325720 -2.05533110
v 1.73005129 -0.64056200 -1.58160070
v 1.53458169 -0.64057160 -1.62714070
v 1.98771129 -0.87614200 -1.71659030
v 2.10994169 -0.64056200 -1.45259030
v 1.92210169 -0.64056200 -1.52331030
v 2.14508169 -1.25794680 -2.18018070
v 2.27702169 -1.08322760 -1.85595030
v 2.06244169 -1.08323080 -1.93673110
v 2.59958169 -1.25794280 -1.99192070
v 2.68809129 -1.08322920 -1.65330070
v 2.38305129 -0.87614200 -1.55284070
v 2.48587129 -1.08322760 -1.76134070
v 2.46979129 -0.64056200 -1.27519030
v 2.29277129 -0.64056200 -1.36977030
v 2.75361129 -0.87614200 -1.33889030
v 2.80334089 -0.64056200 -1.05225030
v 2.64021129 -0.64056200 -1.16917030
v 3.02560169 -1.25794600 -1.74595030
v 3.06912169 -1.08323080 -1.39862070
v 2.88277129 -1.08323000 -1.53219030
v 3.41588089 -1.25794680 -1.44648070
v 3.41374169 -1.08323080 -1.09649030
v 3.09309129 -0.87614200 -1.07840070
v 3.24637129 -1.08323080 -1.25319030
v 3.10501129 -0.64056200 -0.78776070
v 2.95850089 -0.64056200 -0.92494070
v 3.39565129 -0.87614200 -0.77584070
v 3.36950089 -0.64056200 -0.48609030
v 3.24219129 -0.64056200 -0.64125030
v 3.76373129 -1.25794680 -1.09863030
v 3.71589129 -1.08340520 -0.75185030
v 3.57044169 -1.08323080 -0.92912070
v 4.06336169 -1.25968760 -0.70814070
v 3.97071129 -1.08497320 -0.37063030
v 3.65616089 -0.87632200 -0.43634070
v 3.84951129 -1.08392680 -0.56543030
v 3.59244169 -0.64056200 -0.15253030
v 3.48643129 -0.64056200 -0.32295030
v 3.87017129 -0.87701160 -0.06569030
v 3.76984089 -0.64056200 0.20730970
v 3.68702169 -0.64056200 0.02448970
v 4.30996169 -1.26665560 -0.28130070
v 4.17343129 -1.08889960 0.04086970
v 4.07891129 -1.08671400 -0.16820070
v 4.49643129 -1.27805960 0.17422970
v 4.31869129 -1.09359000 0.47510490
v 4.03374089 -0.87815240 0.32974970
v 4.25358169 -1.09127560 0.25562970
v 3.89885129 -0.64056200 0.58720250
v 3.84056169 -0.64056200 0.39515130
v -2.50291831 -1.47137400 0.05575930
v -2.65808871 -1.58193000 -0.34104070
v -2.50048871 -1.41290280 -0.48367110
v -2.51059831 -1.44362280 -0.22650070
v -2.77100871 -1.76173800 -0.12045110
v -3.07470871 -1.78648120 -0.60801110
v -2.86446871 -1.63676600 -0.76976070
v -2.83416871 -1.70161000 -0.45963110
v -3.10066871 -1.63525560 -1.22745030
v -2.82242871 -1.54682280 -1.29795030
v -2.65487831 -1.50072120 -0.88071110
v -2.86204871 -1.58564760 -1.04960070
v -2.40998871 -1.35636200 -0.92711030
v -2.46836871 -1.38266600 -0.71685030
v -2.52543831 -1.44509400 -1.31260070
v -2.20468871 -1.32577800 -1.28653110
v -2.32112871 -1.33744120 -1.11554070
v -2.97042871 -1.55646200 -1.71774070
v -2.62281831 -1.50093400 -1.70420070
v -2.74113831 -1.51885720 -1.51359110
v -2.68568871 -1.52323160 -2.09665030
v -2.29366871 -1.49195320 -2.04106070
v -2.26424871 -1.42410520 -1.65907030
v -2.47210871 -1.49223800 -1.87747030
v -1.90057831 -1.32371560 -1.59380070
v -2.06353831 -1.32124520 -1.44448070
v -1.90266871 -1.43415160 -1.96829110
v -1.52032951 -1.34654520 -1.87838070
v -1.71868951 -1.33306360 -1.73888070
v -2.28458871 -1.52604920 -2.43801030
v -1.87039831 -1.51130520 -2.36008070
v -2.09214871 -1.49926200 -2.20265030
v -1.79753431 -1.54887320 -2.76735030
v -1.37768951 -1.53815400 -2.65375110
v -1.46721831 -1.46205720 -2.25759030
v -1.63129351 -1.52522280 -2.51117110
v -1.08398631 -1.37493320 -2.13529030
v -1.30794471 -1.36141560 -2.01096070
v -0.97959031 -1.48506600 -2.51348070
v -0.60990551 -1.39046760 -2.35346070
v -0.85090551 -1.38435320 -2.25001110
v -1.24724551 -1.56913400 -3.06189030
v -0.83721351 -1.55320280 -2.90481030
v -1.11245031 -1.54723960 -2.78565110
v -0.65248951 -1.57808280 -3.30150070
v -0.26328391 -1.55865480 -3.09673030
v -0.45629191 -1.49491080 -2.72172070
v -0.55361271 -1.55676680 -3.00919030
v -0.10896551 -1.39595800 -2.51985030
v -0.36219031 -1.39407160 -2.44397030
v 0.09136409 -1.49781160 -2.86728070
v 0.40933129 -1.39721160 -2.62242070
v 0.14856169 -1.39691960 -2.57943030
v -0.02810791 -1.58078840 -3.46867030
v 0.33139129 -1.55983800 -3.21486070
v 0.03213769 -1.55958920 -3.16538070
v 0.61297129 -1.58083080 -3.55355030
v 0.93633129 -1.55934200 -3.25512070
v 0.65309129 -1.49794200 -2.94147110
v 0.63321129 -1.55966600 -3.24487030
v 0.93632169 -1.39680920 -2.65745030
v 0.67227129 -1.39709000 -2.64853110
v 1.21961129 -1.49743320 -2.94189110
v 1.46339129 -1.39651320 -2.62307030
v 1.20040169 -1.39662280 -2.64891030
v 1.25972169 -1.58029160 -3.55397110
v 1.54140169 -1.55900920 -3.21563110
v 1.23950169 -1.55913080 -3.24530070
v 1.90109209 -1.58011080 -3.46965110
v 2.13622169 -1.55892520 -3.09745110
v 1.78143129 -1.49725400 -2.86805030
v 1.84074169 -1.55894760 -3.16628070
v 1.98153129 -1.39643160 -2.52013030
v 1.72414169 -1.39645560 -2.58008070
v 2.32880169 -1.49721720 -2.72141110
v 2.48177129 -1.39641400 -2.35026070
v 2.23442169 -1.39641880 -2.44338070
v 2.52596169 -1.58007560 -3.30223030
v 2.71048169 -1.55890680 -2.90243030
v 2.42654169 -1.55891160 -3.00934070
v 3.12366169 -1.58007240 -3.05466070
v 3.25445129 -1.55891000 -2.63427030
v 2.85237129 -1.49721160 -2.50454070
v 2.98686089 -1.55890760 -2.77725110
v 2.95561129 -1.39641560 -2.11666070
v 2.72251129 -1.39641400 -2.24121030
v 3.34314169 -1.49721480 -2.22119030
v 3.39483129 -1.39641800 -1.82310070
v 3.18002089 -1.39641720 -1.97706070
v 3.68391129 -1.58007560 -2.73119030
v 3.75867129 -1.55891160 -2.29726070
v 3.51207129 -1.55891080 -2.47401030
v 4.19717129 -1.58007720 -2.33735990
v 4.21470089 -1.55891160 -1.89745030
v 3.79274169 -1.49721560 -1.87619990
v 3.99322169 -1.55891160 -2.10481030
v 3.79207129 -1.39641800 -1.47482070
v 3.59915129 -1.39641800 -1.65545030
v 4.19345129 -1.49721560 -1.47549030
v 4.14043129 -1.39728920 -1.07748070
v 3.97270169 -1.39641800 -1.28190070
v 4.65461129 -1.58007720 -1.87991030
v 4.61468089 -1.56083320 -1.44153030
v 4.42206169 -1.55891160 -1.67597030
v 5.04922089 -1.58952360 -1.36893030
v 4.95318089 -1.57811400 -0.93832070
v 4.53894169 -1.50279480 -1.02557030
v 4.79193129 -1.56659320 -1.19526070
v 4.43471129 -1.40512760 -0.63733030
v 4.29463209 -1.39990200 -0.86236070
v 4.82429129 -1.52510680 -0.53353030
v 4.66868089 -1.42476520 -0.16133030
v 4.56004169 -1.41383720 -0.40321030
v 5.37577129 -1.62731320 -0.81776070
v 5.22899129 -1.62732120 -0.39353030
v 5.09782169 -1.59731560 -0.67184070
v 5.66300169 -1.73107560 -0.21881030
v 5.43460169 -1.71535160 0.20021930
v 5.04238169 -1.56753960 -0.00519030
v 5.34985129 -1.67125400 -0.10107030
v 4.82796169 -1.44821320 0.34023930
v 4.75864089 -1.43664520 0.08692970
v -3.43362871 -1.95724360 -0.54784070
v -3.81614871 -1.81027960 -1.02560070
v -3.41128871 -1.72063800 -1.12022070
v -3.41557831 -1.82036120 -0.81189110
v -4.32777911 -1.90587000 -0.95573110
v -4.66200871 -1.67958200 -1.33947110
v -4.13745831 -1.64943480 -1.49284070
v -4.23579831 -1.76326520 -1.20345110
v -4.36805831 -1.46235560 -1.96003110
v -3.89505831 -1.49264680 -2.08201110
v -3.69360871 -1.62230920 -1.61104070
v -4.02610871 -1.56051720 -1.79524070
v -3.31871831 -1.59438600 -1.69111110
v -3.38148871 -1.64734920 -1.41818070
v -3.47251831 -1.51720600 -2.12821030
v -3.07578871 -1.52958360 -2.12828070
v -3.21549831 -1.55564280 -1.92429030
v -4.00711831 -1.33070760 -2.50804070
v -3.55467831 -1.40629960 -2.53581110
v -3.73766871 -1.44195800 -2.32447030
v -3.56961831 -1.26321800 -2.92205030
v -3.11499831 -1.37145960 -2.91781030
v -3.12440871 -1.46772120 -2.52542070
v -3.34686871 -1.38351800 -2.72920070
v -2.70279831 -1.50938360 -2.49079030
v -2.90356871 -1.51467560 -2.31360070
v -2.66957831 -1.45901960 -2.89694070
v -2.23009831 -1.52028760 -2.84863030
v -2.47744871 -1.51217400 -2.67039030
v -3.04697831 -1.24042040 -3.32121030
v -2.58312871 -1.37051000 -3.31438070
v -2.85981831 -1.36797320 -3.11483030
v -2.44104871 -1.24298440 -3.73768070
v -1.97245831 -1.38345880 -3.69758070
v -2.12693831 -1.47301800 -3.27072070
v -2.28674871 -1.37652040 -3.51059110
v -1.67966231 -1.54146200 -3.18600070
v -1.96330871 -1.53097000 -3.02175110
v -1.51398311 -1.48838040 -3.60831110
v -1.07157911 -1.55411800 -3.47430070
v -1.38173351 -1.54900760 -3.33761110
v -1.76404951 -1.25171560 -4.11670070
v -1.29784231 -1.39267560 -4.02394070
v -1.64206631 -1.38877640 -3.86950070
v -1.03084951 -1.25714200 -4.42109110
v -0.57695351 -1.39702600 -4.27083030
v -0.84831671 -1.49590360 -3.88110070
v -0.94204951 -1.39535800 -4.15851990
v -0.42283511 -1.55907640 -3.69380070
v -0.75126071 -1.55730360 -3.59379030
v -0.14760871 -1.49850280 -4.07038070
v 0.25065129 -1.56017480 -3.82830070
v -0.08836311 -1.55995000 -3.77205030
v -0.25898231 -1.25951560 -4.63127030
v 0.17259129 -1.39814760 -4.42136070
v -0.20482151 -1.39788040 -4.35850070
v 0.53534169 -1.25975640 -4.73698070
v 0.93628169 -1.39780840 -4.47203110
v 0.57279129 -1.49860440 -4.16596070
v 0.55355129 -1.39804840 -4.45925110
v 0.93631129 -1.55969080 -3.87386070
v 0.59271129 -1.56000360 -3.86232070
v 1.29983129 -1.49813560 -4.16628070
v 1.62215129 -1.55937080 -3.82902070
v 1.27995129 -1.55948840 -3.86269030
v 1.33724169 -1.25944840 -4.73726070
v 1.70020169 -1.39755640 -4.42199110
v 1.31904169 -1.39765080 -4.45953030
v 2.13240169 -1.25933080 -4.63261030
v 2.45113129 -1.39748760 -4.27273110
v 2.02078169 -1.49797480 -4.07143110
v 2.07811129 -1.39750840 -4.35965110
v 2.29635129 -1.55929240 -3.69505110
v 1.96144169 -1.55931400 -3.77307110
v 2.72318169 -1.49794200 -3.88322070
v 2.94723209 -1.55927640 -3.47400070
v 2.62540169 -1.55928040 -3.59517110
v 2.90709129 -1.25930040 -4.42500070
v 3.17609209 -1.39747240 -4.02651030
v 2.81763129 -1.39747640 -4.16148070
v 3.64808169 -1.25929720 -4.11807110
v 3.86281209 -1.39747480 -3.68797990
v 3.39503129 -1.49793800 -3.60493030
v 3.52499209 -1.39747240 -3.86847030
v 3.56379209 -1.55927960 -3.17006070
v 3.26049209 -1.55927640 -3.33211030
v 4.02478169 -1.49794200 -3.24134070
v 4.13529129 -1.55928200 -2.78807030
v 3.85578169 -1.55928040 -2.98841030
v 4.34264169 -1.25929880 -3.71705990
v 4.49935209 -1.39747640 -3.26253030
v 4.18803129 -1.39747560 -3.48567030
v 4.97895209 -1.25929960 -3.22881030
v 5.07505129 -1.39747640 -2.75780070
v 4.60171129 -1.49794280 -2.79865030
v 4.79546169 -1.39747640 -3.01957030
v 4.65217129 -1.55928200 -2.33491030
v 4.40114169 -1.55928200 -2.56994070
v 5.11590169 -1.49794280 -2.28445990
v 5.10552089 -1.56191480 -1.81941030
v 4.88719129 -1.55928200 -2.08389030
v 5.54606169 -1.25929960 -2.66169990
v 5.58025129 -1.40027800 -2.18514070
v 5.33683129 -1.39747640 -2.47819990
v 6.03794089 -1.27035880 -2.03892070
v 6.00991129 -1.42548600 -1.57603030
v 5.55963049 -1.50901720 -1.71670070
v 5.80479129 -1.40868120 -1.88297030
v 5.48927129 -1.58561400 -1.26034070
v 5.30645129 -1.56981480 -1.54405030
v 5.92738089 -1.55331080 -1.12365030
v 5.80821129 -1.65733400 -0.67605990
v 5.65328169 -1.61194680 -0.97085030
v 6.45345129 -1.31459400 -1.39847990
v 6.36810169 -1.50433560 -0.96717030
v 6.19509129 -1.45349560 -1.26869030
v 6.81218089 -1.46181000 -0.78360070
v 6.70883129 -1.72101800 -0.40661030
v 6.25432169 -1.67959320 -0.54060070
v 6.53675209 -1.58963480 -0.67774070
v 6.14594169 -1.83867080 -0.10047030
v 5.96378169 -1.73029800 -0.37647030
v -5.23866871 -1.71346280 -1.14444070
v -5.48768871 -1.39780920 -1.46446070
v -4.90440871 -1.43182200 -1.75553030
v -5.08228871 -1.55949960 -1.42772070
v -6.10471911 -1.36765400 -1.06450070
v -6.17457831 -0.91369960 -1.41948070
v -5.59385911 -1.04996920 -1.87742070
v -5.86924871 -1.18930200 -1.44595110
v -5.55619911 -0.67667160 -2.35083030
v -5.04470871 -0.85133160 -2.65014070
v -5.03106871 -1.15475160 -2.20240070
v -5.31911911 -0.93867960 -2.28668070
v -4.49824871 -1.24642680 -2.41182070
v -4.70854871 -1.32820600 -2.09463030
v -4.53544871 -1.00213080 -2.81993110
v -4.04229831 -1.13900760 -2.89792070
v -4.27705831 -1.18425960 -2.67387030
v -4.96956871 -0.52888200 -3.04451110
v -4.49044791 -0.73335160 -3.18982070
v -4.77029831 -0.78383160 -2.94416070
v -4.37059831 -0.44363160 -3.53149030
v -3.89270871 -0.67216200 -3.62023110
v -4.00397831 -0.91888600 -3.26389030
v -4.19972791 -0.69707160 -3.40815030
v -3.52138871 -1.08845000 -3.30047110
v -3.79129831 -1.10797080 -3.10107110
v -3.40383831 -0.88215160 -3.68912070
v -2.91834871 -1.07364120 -3.73173110
v -3.22990871 -1.07774680 -3.51323030
v -3.70551831 -0.40095160 -3.98542070
v -3.21567831 -0.64619160 -4.08049030
v -3.56396871 -0.65582200 -3.84711030
v -2.95934871 -0.38423160 -4.46098070
v -2.46924871 -0.63980200 -4.53358070
v -2.72541831 -0.87238200 -4.14050070
v -2.85004871 -0.64146200 -4.31207110
v -2.24090871 -1.07634680 -4.15546070
v -2.58817831 -1.07391480 -3.94835110
v -1.98233831 -0.87340200 -4.55299030
v -1.50142231 -1.08089240 -4.51575030
v -1.87799831 -1.07871880 -4.34543030
v -2.15579831 -0.38022200 -4.89387030
v -1.66989511 -0.63976200 -4.91878070
v -2.07546871 -0.63936200 -4.73670070
v -1.30991031 -0.38053160 -5.24113990
v -0.82810071 -0.64149160 -5.20916070
v -1.18775431 -0.87594200 -4.88365110
v -1.25371271 -0.64060200 -5.07716070
v -0.71500951 -1.08409080 -4.78732070
v -1.11310871 -1.08273000 -4.66388070
v -0.35438951 -0.87772200 -5.11170070
v 0.10275849 -1.08513640 -4.95245030
v -0.30907031 -1.08483960 -4.88354070
v -0.42794151 -0.38165160 -5.48120070
v 0.04581049 -0.64232200 -5.38592070
v -0.39424551 -0.64204200 -5.31213110
v 0.47881209 -0.38203160 -5.60242070
v 0.93634169 -0.64242200 -5.44550070
v 0.50334169 -0.87808200 -5.22634070
v 0.49002169 -0.64242200 -5.43043110
v 0.93628169 -1.08502680 -5.00791030
v 0.51853129 -1.08514600 -4.99394070
v 1.36933209 -0.87798200 -5.22679110
v 1.77013129 -1.08489000 -4.95329030
v 1.35408169 -1.08494360 -4.99428070
v 1.39404169 -0.38209160 -5.60314150
v 1.82727209 -0.64241160 -5.38725030
v 1.38273209 -0.64242200 -5.43101030
v 2.30170169 -0.38209160 -5.48378070
v 2.70310169 -0.64238200 -5.21313990
v 2.22810169 -0.87793160 -5.11377030
v 2.26803129 -0.64239160 -5.31453030
v 2.58982169 -1.08483960 -4.79033110
v 2.18264169 -1.08485800 -4.88522070
v 3.06477209 -0.87791160 -4.88953030
v 3.38115209 -1.08482680 -4.52156070
v 2.98987209 -1.08483080 -4.66889030
v 3.18604169 -0.38208200 -5.24679110
v 3.54865129 -0.64237160 -4.92595030
v 3.13057209 -0.64238200 -5.08336150
v 4.03191129 -0.38207160 -4.89641030
v 4.34959129 -0.64237160 -4.53111030
v 3.86505209 -0.87790200 -4.55804070
v 3.95558169 -0.64237160 -4.74162070
v 4.13074169 -1.08482760 -4.15204070
v 3.76199129 -1.08482680 -4.34905030
v 4.61518169 -0.87790200 -4.12495030
v 4.82555129 -1.08482920 -3.68764070
v 4.48573129 -1.08482920 -3.93120070
v 4.82479129 -0.38208200 -4.43864070
v 5.09200169 -0.64237160 -4.03489030
v 4.72890169 -0.64237160 -4.29514070
v 5.55115129 -0.38208200 -3.88127990
v 5.76346169 -0.64237160 -3.44621030
v 5.30240169 -0.87791160 -3.59763030
v 5.43736169 -0.64237160 -3.75151990
v 5.45395209 -1.08482920 -3.13669990
v 5.14876169 -1.08482920 -3.42243990
v 5.91488089 -0.87791160 -2.98514070
v 6.00655129 -1.08752280 -2.51133030
v 5.73969129 -1.08482920 -2.83151030
v 6.19853129 -0.38208200 -3.23389990
v 6.35561049 -0.64474200 -2.77611030
v 6.06878169 -0.64237160 -3.12011030
v 6.77270169 -0.39034200 -2.50973030
v 6.88304169 -0.66602200 -2.04597990
v 6.45247129 -0.88817160 -2.30706070
v 6.62626089 -0.65183160 -2.41711030
v 6.48589129 -1.11176280 -1.84389030
v 6.25509129 -1.09560280 -2.18063990
v 6.92663129 -0.92924120 -1.59342070
v 6.89757129 -1.19455960 -1.17307030
v 6.69950089 -1.13869720 -1.50555030
v 7.29770169 -0.42339160 -1.72563030
v 7.36292089 -0.74297160 -1.27707030
v 7.12823129 -0.68966200 -1.66561030
v 7.79275129 -0.55421160 -0.87363030
v 7.77974089 -1.04971880 -0.51395030
v 7.34165129 -1.09339960 -0.88705990
v 7.58818089 -0.84616200 -0.88146070
v 7.25363209 -1.46569480 -0.55551030
v 7.08173049 -1.29750760 -0.85391030
v -6.65751831 -0.62730200 -0.89117110
v -6.43307831 -0.14321160 -1.45227110
v -6.03631831 -0.45124200 -1.94014070
v -6.35123911 -0.55073160 -1.43232070
v -6.70753911 0.23783800 -0.91309110
v -6.41362871 0.66482840 -1.40732150
v -6.17338871 0.30300840 -1.94973110
v -6.45390871 0.26601800 -1.44711110
v -5.86584871 0.71138840 -2.35973030
v -5.57587911 0.38361800 -2.81948070
v -5.83154871 -0.02016200 -2.42079110
v -5.87701831 0.34385800 -2.41063030
v -5.42051911 -0.29376200 -2.79497030
v -5.72580871 -0.36542200 -2.39820070
v -5.22513831 0.08208840 -3.16141030
v -4.81997831 -0.19269160 -3.39086070
v -5.12125831 -0.23678200 -3.11893110
v -5.28861831 0.75864840 -3.12656070
v -4.98270791 0.44515800 -3.46592070
v -5.28099831 0.41735800 -3.16595110
v -4.68845831 0.79362840 -3.72562070
v -4.33719831 0.48331800 -3.98977030
v -4.61014791 0.14661800 -3.70166070
v -4.67132791 0.46710840 -3.73523110
v -4.17924791 -0.13597160 -3.86175030
v -4.50864791 -0.15968200 -3.63154070
v -3.91371831 0.18083800 -4.19113030
v -3.44615831 -0.10952200 -4.34584070
v -3.82372871 -0.11975160 -4.10228070
v -3.98960871 0.81239800 -4.25849030
v -3.57777831 0.50000840 -4.49703110
v -3.97062871 0.49386840 -4.24539030
v -3.18061831 0.81734840 -4.76014070
v -2.73776871 0.50408840 -4.96812070
v -3.12025831 0.19397800 -4.67966070
v -3.16477831 0.50299800 -4.73963030
v -2.64110871 -0.10095160 -4.81289110
v -3.05059831 -0.10376200 -4.58514070
v -2.27142871 0.19713800 -5.11738070
v -1.79299431 -0.09925160 -5.20919030
v -2.22175831 -0.09958200 -5.02180070
v -2.31431831 0.81718840 -5.19889110
v -1.86027351 0.50451800 -5.36510070
v -2.30290871 0.50452840 -5.17745030
v -1.41746071 0.81658840 -5.54956070
v -0.95199751 0.50388840 -5.66534070
v -1.38891671 0.19710840 -5.46884070
v -1.40994231 0.50423800 -5.52857030
v -0.90905431 -0.10008200 -5.50864070
v -1.35527511 -0.09955160 -5.37237110
v -0.47442311 0.19639800 -5.71303030
v 0.00555049 -0.10066200 -5.69207030
v -0.45478231 -0.10044200 -5.61532070
v -0.49073271 0.81614840 -5.79346070
v -0.01537271 0.50352840 -5.85063110
v -0.48652151 0.50365880 -5.77289030
v 0.45824169 0.81603800 -5.91858070
v 0.93651129 0.50344840 -5.91428070
v 0.46352169 0.19612840 -5.83752070
v 0.45959129 0.50346840 -5.89796070
v 0.93643129 -0.10083160 -5.75445110
v 0.46995129 -0.10077160 -5.73856070
v 1.40954169 0.19605800 -5.83847030
v 1.86766169 -0.10087160 -5.69376070
v 1.40301129 -0.10086120 -5.73941030
v 1.41489129 0.81604840 -5.91960070
v 1.88859129 0.50343800 -5.85238070
v 1.41353129 0.50343800 -5.89898070
v 2.36369209 0.81604840 -5.79508070
v 2.82462169 0.50343800 -5.66652070
v 2.34778169 0.19604840 -5.71525030
v 2.35964169 0.50343800 -5.77479110
v 2.78316169 -0.10086120 -5.51185030
v 2.32838169 -0.10087160 -5.61780070
v 3.26194169 0.19605800 -5.47035110
v 3.66701209 -0.10085160 -5.21168070
v 3.22998169 -0.10085160 -5.37622070
v 3.28813129 0.81604840 -5.54749030
v 3.72830169 0.50343800 -5.35966070
v 3.28147209 0.50343800 -5.52787990
v 4.17237129 0.81604840 -5.18124070
v 4.58431209 0.50343800 -4.93765990
v 4.13634169 0.19605800 -5.10817110
v 4.16321129 0.50343800 -5.16266150
v 4.50423209 -0.10085160 -4.79895030
v 4.09237129 -0.10085160 -5.01900070
v 4.95596169 0.19605800 -4.63495030
v 5.28027129 -0.10085160 -4.28025030
v 4.90073209 -0.10085160 -4.55229030
v 5.00122169 0.81604840 -4.70269030
v 5.37778169 0.50343800 -4.40732070
v 4.98971129 0.50343800 -4.68547030
v 5.76054089 0.81604840 -4.12004070
v 6.09541129 0.50343800 -3.77815030
v 5.70683129 0.19605800 -4.05879030
v 5.74688089 0.50343800 -4.10447030
v 5.98215129 -0.10085160 -3.66490070
v 5.64128089 -0.10085160 -3.98405030
v 6.37604169 0.19605800 -3.38957030
v 6.60211129 -0.10250200 -2.96312070
v 6.30130089 -0.10085160 -3.32403030
v 6.43729129 0.81604840 -3.44329030
v 6.72907129 0.50270840 -3.06041030
v 6.42172089 0.50343800 -3.42963030
v 7.03597129 0.81457800 -2.68374070
v 7.29989129 0.49607800 -2.26595030
v 6.97102169 0.19131800 -2.63833030
v 7.02071129 0.50049800 -2.67201030
v 7.16230089 -0.11736200 -2.18793030
v 6.88798169 -0.10746200 -2.58385030
v 7.51949209 0.17233800 -1.81723030
v 7.68406089 -0.16431160 -1.34859030
v 7.42844089 -0.13388200 -1.77702070
v 7.57861129 0.80868840 -1.85401030
v 7.82180089 0.48087800 -1.40759990
v 7.56987129 0.48870840 -1.84373990
v 8.04295129 0.80184840 -0.96865030
v 8.23622169 0.47369800 -0.50247030
v 8.00618169 0.13746840 -0.93687030
v 8.04686169 0.47504840 -0.95977030
v 8.14271129 -0.25589240 -0.44145990
v 7.92678169 -0.21598200 -0.90013030
v -6.52610871 1.03247800 -0.81196070
v -6.16305831 1.39274840 -1.21066070
v -6.06729911 1.05309800 -1.80831110
v -6.31211911 1.04103800 -1.32334070
v -6.15131831 1.71545800 -0.60978070
v -5.77689911 2.01491800 -0.96106070
v -5.77830871 1.72171800 -1.54268070
v -5.98009831 1.71801800 -1.08474070
v -5.38572871 2.02009800 -1.82894070
v -5.30747911 1.73011800 -2.38794070
v -5.69386871 1.40684760 -2.12777110
v -5.55206871 1.72594840 -1.97871030
v -5.52512871 1.08184840 -2.67200070
v -5.80162871 1.06718840 -2.26011030
v -5.16599831 1.42250840 -2.91215110
v -4.96142791 1.10786840 -3.36542070
v -5.24779831 1.09560840 -3.03723110
v -4.90927911 2.02323800 -2.61140070
v -4.77739831 1.73633880 -3.11552070
v -5.05066871 1.73362760 -2.76547030
v -4.35508791 2.02277880 -3.30004070
v -4.16464791 1.73889880 -3.74995110
v -4.58690791 1.43469800 -3.56803030
v -4.48346871 1.73813800 -3.44228070
v -4.32862871 1.12541800 -3.94912070
v -4.65777831 1.11800840 -3.66618070
v -3.90588871 1.43989880 -4.14934070
v -3.57552871 1.13104760 -4.48729110
v -3.96577831 1.12946840 -4.22386070
v -3.70496791 2.02004840 -3.91189030
v -3.44419831 1.73732840 -4.31862070
v -3.81670871 1.73848840 -4.04274070
v -2.96394871 2.01666840 -4.44873030
v -2.64364871 1.73443800 -4.81160070
v -3.11983831 1.43890840 -4.67311110
v -3.05166871 1.73583880 -4.57558070
v -2.73818871 1.13028840 -4.96776070
v -3.16422871 1.13102840 -4.73630070
v -2.27318871 1.43688840 -5.11948070
v -1.86111831 1.12926840 -5.36662070
v -2.30373831 1.12970840 -5.17856070
v -2.16025831 2.01449800 -4.89711110
v -1.79558311 1.73305800 -5.21322070
v -2.22468871 1.73355880 -5.02466070
v -1.31229271 2.01394840 -5.24513110
v -0.91010231 1.73279800 -5.51063110
v -1.39017671 1.43611880 -5.47125110
v -1.35712231 1.73284840 -5.37572070
v -0.95236311 1.12875880 -5.66608070
v -1.41058071 1.12895880 -5.52982070
v -0.47479351 1.43593880 -5.71379990
v -0.01545911 1.12860840 -5.85083110
v -0.48671111 1.12864840 -5.77329030
v -0.42861271 2.01400840 -5.48247110
v 0.00531129 1.73283880 -5.69258070
v -0.45531511 1.73279800 -5.61639030
v 0.47870169 2.01410840 -5.60267030
v 0.93639129 1.73291800 -5.75452070
v 0.46345129 1.43596840 -5.83767110
v 0.46985129 1.73287800 -5.73877030
v 0.93649209 1.12863880 -5.91431030
v 0.45955129 1.12861880 -5.89804070
v 1.40953209 1.43602840 -5.83847030
v 1.88859129 1.12865880 -5.85237030
v 1.41353129 1.12864840 -5.89898070
v 1.39402169 2.01416840 -5.60314150
v 1.86766169 1.73295800 -5.69373030
v 1.40299129 1.73294840 -5.73941030
v 2.30171129 2.01417800 -5.48375030
v 2.78316169 1.73295800 -5.51184070
v 2.34778169 1.43603800 -5.71523030
v 2.32838169 1.73295800 -5.61777030
v 2.82462169 1.12865880 -5.66652070
v 2.35964169 1.12865880 -5.77478150
v 3.26194169 1.43603800 -5.47035110
v 3.72830169 1.12865880 -5.35966070
v 3.28147209 1.12865880 -5.52787990
v 3.18604169 2.01417800 -5.24678070
v 3.66701209 1.73295800 -5.21168070
v 3.22998169 1.73295800 -5.37622070
v 4.03191129 2.01417800 -4.89641030
v 4.50423209 1.73295800 -4.79895030
v 4.13634169 1.43603800 -5.10817110
v 4.09237129 1.73295800 -5.01900070
v 4.58431209 1.12865800 -4.93765990
v 4.16321129 1.12865800 -5.16266150
v 4.95596169 1.43603800 -4.63495030
v 5.37778169 1.12865800 -4.40732070
v 4.98971129 1.12865800 -4.68547030
v 4.82479129 2.01417800 -4.43864070
v 5.28027129 1.73295800 -4.28025030
v 4.90073209 1.73295800 -4.55229030
v 5.55115129 2.01417800 -3.88127990
v 5.98215129 1.73295800 -3.66490070
v 5.70683129 1.43603800 -4.05879030
v 5.64128089 1.73295800 -3.98405030
v 6.09541129 1.12865800 -3.77815030
v 5.74688089 1.12865800 -4.10447030
v 6.37604169 1.43603800 -3.38957030
v 6.72782169 1.12850840 -3.06049990
v 6.42172089 1.12865800 -3.42963030
v 6.19853129 2.01417800 -3.23389990
v 6.59897209 1.73295800 -2.96302070
v 6.30130089 1.73295800 -3.32403030
v 6.75882089 2.01417800 -2.50753030
v 7.13085129 1.73295800 -2.18697990
v 6.96160169 1.43588840 -2.63868070
v 6.87540169 1.73295800 -2.58347030
v 7.28734169 1.12718840 -2.26683990
v 7.01569129 1.12806840 -2.67237030
v 7.47239129 1.43529800 -1.81897990
v 7.78088089 1.12414840 -1.41035990
v 7.54477209 1.12571800 -1.84551030
v 7.22830169 2.01417800 -1.71465990
v 7.57580089 1.73295800 -1.34975030
v 7.36555129 1.73295800 -1.77511990
v 7.59625209 2.01417800 -0.86879030
v 7.90819129 1.73295800 -0.46589990
v 7.89114089 1.43461800 -0.94445990
v 7.75792089 1.73295800 -0.91273030
v 8.16085129 1.12270760 -0.50637990
v 7.98860089 1.12297800 -0.96331990
v -5.70702871 2.28006840 -0.41811030
v -5.34789911 2.51690840 -0.76129030
v -5.39864871 2.28326760 -1.28174070
v -5.56712871 2.28151800 -0.85510070
v -5.23915911 2.71939800 -0.27217110
v -4.86958871 2.89039800 -0.58779030
v -4.96729911 2.72102760 -1.06752070
v -5.11634871 2.72016760 -0.67404070
v -4.56188871 2.89157800 -1.33013110
v -4.59533831 2.72204760 -1.82021110
v -5.00710871 2.51911800 -1.57003110
v -4.79322871 2.72172760 -1.45034070
v -4.98696871 2.28579800 -2.08977030
v -5.20433831 2.28485800 -1.69447110
v -4.57102871 2.51903800 -2.31982070
v -4.49038871 2.28460840 -2.81810070
v -4.74928871 2.28561800 -2.46410070
v -4.16099911 2.89201800 -2.02540070
v -4.13223911 2.72101800 -2.51330070
v -4.37481831 2.72174840 -2.17484070
v -3.67369831 2.89159800 -2.66130070
v -3.58308871 2.71906840 -3.13792070
v -4.04688871 2.51633800 -2.99782070
v -3.86814871 2.72005800 -2.83464070
v -3.90535831 2.28120840 -3.46771030
v -4.20937831 2.28303800 -3.15242070
v -3.43476871 2.51322840 -3.60127110
v -3.22835831 2.27771880 -4.04172070
v -3.57743831 2.27939880 -3.76462070
v -3.10671831 2.89111880 -3.22775030
v -2.95358871 2.71756840 -3.68635990
v -3.27763831 2.71823800 -3.42220070
v -2.46960871 2.89094840 -3.71566070
v -2.25695831 2.71675800 -4.14988070
v -2.74351831 2.51095800 -4.12384070
v -2.61275831 2.71707800 -3.92929030
v -2.47783831 2.27517800 -4.53076070
v -2.86090871 2.27626840 -4.29757110
v -1.99076871 2.50985880 -4.55558070
v -1.67439271 2.27425880 -4.92375030
v -2.08190871 2.27454840 -4.73985030
v -1.77469751 2.89101880 -4.11685110
v -1.50733431 2.71662840 -4.51988070
v -1.88798871 2.71662840 -4.34701030
v -1.03412231 2.89122840 -4.42435030
v -0.71683831 2.71679880 -4.78955030
v -1.19094471 2.50973800 -4.88778070
v -1.11645911 2.71669800 -4.66766070
v -0.82968071 2.27425880 -5.21164070
v -1.25656151 2.27419800 -5.08138070
v -0.35523111 2.50988840 -5.11298070
v 0.04548649 2.27436840 -5.38654070
v -0.39501911 2.27431880 -5.31345110
v -0.25984951 2.89137880 -4.63239030
v 0.10241049 2.71689880 -4.95301990
v -0.30994311 2.71685880 -4.88473990
v 0.53521129 2.89140840 -4.73724070
v 0.93623129 2.71692840 -5.00799030
v 0.50322169 2.50997800 -5.22658070
v 0.51841129 2.71691800 -4.99417030
v 0.93629129 2.27445880 -5.44558150
v 0.48990169 2.27441880 -5.43067110
v 1.36931129 2.51000840 -5.22678070
v 1.82727209 2.27447800 -5.38721030
v 1.38271209 2.27446840 -5.43100070
v 1.33722169 2.89140840 -4.73727030
v 1.77013129 2.71692840 -4.95326070
v 1.35407129 2.71692840 -4.99427030
v 2.13240169 2.89139880 -4.63258070
v 2.58982169 2.71692840 -4.79032070
v 2.22810169 2.51000840 -5.11374070
v 2.18264169 2.71692840 -4.88519030
v 2.70310169 2.27447800 -5.21312150
v 2.26803129 2.27447800 -5.31449030
v 3.06477209 2.51000840 -4.88953030
v 3.54865129 2.27447800 -4.92595030
v 3.13057209 2.27447800 -5.08336150
v 2.90709129 2.89139880 -4.42500070
v 3.38115209 2.71692840 -4.52156070
v 2.98987209 2.71692840 -4.66887990
v 3.64808169 2.89139880 -4.11807110
v 4.13074169 2.71692840 -4.15204070
v 3.86505209 2.51000840 -4.55804070
v 3.76199129 2.71692840 -4.34905030
v 4.34959129 2.27447800 -4.53111030
v 3.95558169 2.27447800 -4.74162070
v 4.61518169 2.51000840 -4.12495030
v 5.09200169 2.27447800 -4.03489030
v 4.72890169 2.27447800 -4.29514070
v 4.34264169 2.89139880 -3.71705990
v 4.82555129 2.71692840 -3.68764070
v 4.48573129 2.71692840 -3.93120070
v 4.97895209 2.89139880 -3.22881030
v 5.45395209 2.71692840 -3.13669990
v 5.30240169 2.51000840 -3.59763030
v 5.14876169 2.71692840 -3.42243990
v 5.76346169 2.27447800 -3.44621030
v 5.43736169 2.27447800 -3.75151990
v 5.91488089 2.51000840 -2.98514070
v 6.35244169 2.27447800 -2.77475030
v 6.06878169 2.27447800 -3.12011030
v 5.54606169 2.89139800 -2.66169990
v 6.00489129 2.71692760 -2.50829030
v 5.73969129 2.71692760 -2.83151030
v 6.03431129 2.89139800 -2.02539030
v 6.46929209 2.71692760 -1.81347990
v 6.44249129 2.51000840 -2.29793030
v 6.24846169 2.71692760 -2.16848070
v 6.85129129 2.27447800 -2.03234070
v 6.61356089 2.27447800 -2.41165030
v 6.87675129 2.51000840 -1.54779990
v 7.25257129 2.27447800 -1.23139990
v 7.06473129 2.27447800 -1.63833030
v 6.43532089 2.89139800 -1.33083030
v 6.83881049 2.71692760 -1.06389990
v 6.66631129 2.71692760 -1.44473990
v 6.74225129 2.89139800 -0.58983990
v 7.10756169 2.71692760 -0.27257030
v 7.21000169 2.51000840 -0.74751990
v 6.98613129 2.71692760 -0.67261990
v 7.54617129 2.27447800 -0.38585990
v 7.41349129 2.27447800 -0.81331990
v -4.71567831 3.02631800 -0.13083110
v -4.32630871 3.12691800 -0.40259030
v -4.47007911 3.02710760 -0.85523030
v -4.60475831 3.02668840 -0.49696070
v -4.13818871 3.18888760 0.02280970
v -3.74641911 3.21086760 -0.20743030
v -3.91795831 3.18917800 -0.62713110
v -4.03870871 3.18901800 -0.30573110
v -3.49928871 3.21103800 -0.80469030
v -3.61464871 3.18953800 -1.24337030
v -4.04895831 3.12748840 -1.07369110
v -3.77643831 3.18934840 -0.94010070
v -4.13200871 3.02788760 -1.54216070
v -4.31228871 3.02752760 -1.20414070
v -3.68581831 3.12801800 -1.70387030
v -3.70692871 3.02825800 -2.17957110
v -3.92989831 3.02811800 -1.86777030
v -3.17598871 3.21123800 -1.36508070
v -3.23269831 3.18992840 -1.81569030
v -3.43307831 3.18972760 -1.53567030
v -2.78204871 3.21146840 -1.87898070
v -2.77935831 3.19032840 -2.33374070
v -3.24307831 3.12847800 -2.28218070
v -3.01446871 3.19012760 -2.08215110
v -3.20233831 3.02844760 -2.75621030
v -3.46407831 3.02835800 -2.47618070
v -2.72878871 3.12893800 -2.79751030
v -2.62646871 3.02873800 -3.26142070
v -2.92267831 3.02857800 -3.01828070
v -2.32452871 3.21171800 -2.33697030
v -2.26250871 3.19074760 -2.78755110
v -2.52831831 3.19054840 -2.56916070
v -1.81134231 3.21195800 -2.73103110
v -1.69116151 3.19109880 -3.16981030
v -2.15191831 3.12940840 -3.24072070
v -1.98306871 3.19093800 -2.98805030
v -1.98978871 3.02906840 -3.68714070
v -2.31504871 3.02889880 -3.48469110
v -1.52232551 3.12976840 -3.60459990
v -1.30325751 3.02934840 -4.02604070
v -1.65202871 3.02921880 -3.86780070
v -1.25117751 3.21210840 -3.05458070
v -1.07473351 3.19129800 -3.47391030
v -1.38792711 3.19121800 -3.33195030
v -0.65352471 3.21216840 -3.30221990
v -0.42391751 3.19137800 -3.69505030
v -0.85065431 3.12996920 -3.88312070
v -0.75294231 3.19134840 -3.59513990
v -0.57858711 3.02953880 -4.27257990
v -0.94495111 3.02945880 -4.16117990
v -0.14835751 3.13005800 -4.07143990
v 0.17223129 3.02959880 -4.42198070
v -0.20564471 3.02957800 -4.35958070
v -0.02866471 3.21218840 -3.46967990
v 0.25028169 3.19139880 -3.82908070
v -0.08902151 3.19139880 -3.77310070
v 0.61275129 3.21217800 -3.55412070
v 0.93621129 3.19138840 -3.87411990
v 0.57261129 3.13005800 -4.16637030
v 0.59251129 3.19139880 -3.86281990
v 0.93621129 3.02958840 -4.47217030
v 0.55340169 3.02958840 -4.45957030
v 1.29980169 3.13004840 -4.16635030
v 1.70019129 3.02957800 -4.42198070
v 1.31902169 3.02957800 -4.45957030
v 1.25967129 3.21217800 -3.55411030
v 1.62213129 3.19137800 -3.82905990
v 1.27990169 3.19138840 -3.86280070
v 1.90108169 3.21217800 -3.46966070
v 2.29635129 3.19137800 -3.69505030
v 2.02078169 3.13003800 -4.07143030
v 1.96144169 3.19137800 -3.77307030
v 2.45113129 3.02957800 -4.27271990
v 2.07811129 3.02957800 -4.35963030
v 2.72318169 3.13003800 -3.88322070
v 3.17609209 3.02957800 -4.02651030
v 2.81763129 3.02957800 -4.16147030
v 2.52596169 3.21217800 -3.30223030
v 2.94723209 3.19137800 -3.47399990
v 2.62540169 3.19137800 -3.59515990
v 3.12366169 3.21217800 -3.05465030
v 3.56379209 3.19137800 -3.17005030
v 3.39503129 3.13003800 -3.60493030
v 3.26048169 3.19137800 -3.33210070
v 3.86281209 3.02957800 -3.68797990
v 3.52499209 3.02957800 -3.86847030
v 4.02478169 3.13003800 -3.24134070
v 4.49935209 3.02957800 -3.26253030
v 4.18803129 3.02957800 -3.48567030
v 3.68391129 3.21217800 -2.73119030
v 4.13529129 3.19137800 -2.78807030
v 3.85578169 3.19137800 -2.98841030
v 4.19717129 3.21217800 -2.33735990
v 4.65217129 3.19137800 -2.33491030
v 4.60171129 3.13003800 -2.79865030
v 4.40114169 3.19137800 -2.56994070
v 5.07505129 3.02957800 -2.75780070
v 4.79546169 3.02957800 -3.01957030
v 5.11590169 3.13003800 -2.28445990
v 5.57978089 3.02957800 -2.18210070
v 5.33683129 3.02957800 -2.47819990
v 4.65461129 3.21217800 -1.87991030
v 5.10533129 3.19137800 -1.81803030
v 4.88719129 3.19137800 -2.08389030
v 5.04845129 3.21217800 -1.36665990
v 5.48731209 3.19137800 -1.24653030
v 5.55860089 3.13003800 -1.70753030
v 5.30566089 3.19137800 -1.53853030
v 6.00523049 3.02957800 -1.54555990
v 5.80292169 3.02957800 -1.87078070
v 5.92218089 3.13003800 -1.07777990
v 6.34376089 3.02957800 -0.85883990
v 6.18572089 3.02957800 -1.20773990
v 5.37191129 3.21217800 -0.80641030
v 5.79125129 3.19137800 -0.62997990
v 5.64936089 3.19137800 -0.94323030
v 5.61948089 3.21217800 -0.20871030
v 6.01230169 3.19137800 0.02090970
v 6.20047049 3.13003800 -0.40593030
v 5.91242169 3.19137800 -0.30815030
v 6.58997129 3.02957800 -0.13387990
v 6.47872089 3.02957800 -0.50037990
v -3.54190871 3.19034760 0.18143930
v -3.16615911 3.12905800 -0.01137030
v -3.34711831 3.19040840 -0.39252070
v -3.45389831 3.19037800 -0.10872070
v -2.96493911 3.02843800 0.33572970
v -2.62499831 2.89001800 0.17222970
v -2.79507831 3.02842840 -0.16444070
v -2.88818871 3.02842840 0.08286970
v -2.43673831 2.89001800 -0.28225030
v -2.56150871 3.02842840 -0.63825030
v -2.94937831 3.12906840 -0.53481030
v -2.68604871 3.02842840 -0.40516070
v -3.07911831 3.19047720 -0.93636070
v -3.22202871 3.19043800 -0.66879030
v -2.66605831 3.12909800 -1.02559030
v -2.74207831 3.19058840 -1.44081030
v -2.91886871 3.19052760 -1.19406070
v -2.19076871 2.89001800 -0.70828070
v -2.26792871 3.02843800 -1.07751030
v -2.42190871 3.02843800 -0.86267030
v -1.89127831 2.89002840 -1.09860070
v -1.91962871 3.02846840 -1.47481030
v -2.32101831 3.12915800 -1.47534070
v -2.10026871 3.02845800 -1.28186070
v -2.34218871 3.19071800 -1.89718070
v -2.54957831 3.19064840 -1.67554070
v -1.92027831 3.12922840 -1.87616070
v -1.88615831 3.19085800 -2.29717110
v -2.12069831 3.19078840 -2.10465030
v -1.54343831 2.89003800 -1.44647030
v -1.52239431 3.02850840 -1.82311110
v -1.72670631 3.02848760 -1.65545030
v -1.15316631 2.89004840 -1.74596070
v -1.08318951 3.02852840 -2.11667030
v -1.47069671 3.12928840 -2.22119030
v -1.30758951 3.02851800 -1.97707030
v -1.38199271 3.19096840 -2.63423030
v -1.63958231 3.19091800 -2.47395110
v -0.97994871 3.12932760 -2.50454070
v -0.83805191 3.19101800 -2.90242070
v -1.11441351 3.19099800 -2.77721990
v -0.72715431 2.89004840 -1.99193030
v -0.60934551 3.02852840 -2.35025990
v -0.85009191 3.02852840 -2.24121030
v -0.27265431 2.89004840 -2.18017990
v -0.10910631 3.02851800 -2.52013990
v -0.45637831 3.12932760 -2.72141030
v -0.36200071 3.02852840 -2.44338070
v -0.26379831 3.19101800 -3.09746070
v -0.55411191 3.19101800 -3.00933030
v 0.09100569 3.12931800 -2.86807990
v 0.33104169 3.19101800 -3.21569030
v 0.03168329 3.19101800 -3.16630070
v 0.20251129 2.89004840 -2.30749990
v 0.40905129 3.02851800 -2.62313030
v 0.14829129 3.02851800 -2.58011030
v 0.69025129 2.89004840 -2.37171030
v 0.93621129 3.02851800 -2.65776070
v 0.65287129 3.12931800 -2.94205030
v 0.67207129 3.02851800 -2.64907030
v 0.93621129 3.19100840 -3.25543990
v 0.63298169 3.19101800 -3.24545990
v 1.21956169 3.12931800 -2.94205030
v 1.54138169 3.19100840 -3.21569030
v 1.23944169 3.19100840 -3.24545990
v 1.18218169 2.89004840 -2.37171030
v 1.46337129 3.02851800 -2.62313030
v 1.20035129 3.02851800 -2.64907030
v 1.66991129 2.89004840 -2.30749990
v 1.98153129 3.02851800 -2.52013990
v 1.78142169 3.12931800 -2.86807990
v 1.72414169 3.02851800 -2.58011030
v 2.13622169 3.19100840 -3.09746070
v 1.84074169 3.19100840 -3.16630070
v 2.32880169 3.12931800 -2.72141030
v 2.71048169 3.19100840 -2.90243030
v 2.42654169 3.19100840 -3.00933030
v 2.14508169 2.89004840 -2.18017990
v 2.48177129 3.02851800 -2.35025030
v 2.23442169 3.02851800 -2.44338070
v 2.59958169 2.89004840 -1.99191990
v 2.95561129 3.02851800 -2.11666070
v 2.85237129 3.12931800 -2.50454070
v 2.72251129 3.02851800 -2.24121030
v 3.25445129 3.19100840 -2.63427030
v 2.98686089 3.19100840 -2.77723990
v 3.34314169 3.12931800 -2.22119030
v 3.75867129 3.19100840 -2.29726070
v 3.51207129 3.19100840 -2.47401030
v 3.02560169 2.89004840 -1.74595030
v 3.39483129 3.02851800 -1.82310070
v 3.18002089 3.02851800 -1.97706070
v 3.41588089 2.89004840 -1.44648070
v 3.79207129 3.02851800 -1.47481990
v 3.79274169 3.12931800 -1.87619990
v 3.59915129 3.02851800 -1.65545030
v 4.21470089 3.19100840 -1.89745030
v 3.99322169 3.19100840 -2.10481030
v 4.19345129 3.12931800 -1.47549030
v 4.61451129 3.19100840 -1.44142070
v 4.42206169 3.19100840 -1.67597030
v 3.76373129 2.89004840 -1.09863030
v 4.14035129 3.02851800 -1.07758070
v 3.97270169 3.02851800 -1.28190070
v 4.06321129 2.89004840 -0.70834070
v 4.43392089 3.02851800 -0.63836070
v 4.53844089 3.12931800 -1.02589030
v 4.29432089 3.02851800 -0.86277030
v 4.95152169 3.19100840 -0.93719990
v 4.79126089 3.19100840 -1.19482070
v 4.82179129 3.12931800 -0.53512070
v 5.21968169 3.19100840 -0.39323030
v 5.09449129 3.19100840 -0.66959990
v 4.30917129 2.89004840 -0.28232070
v 4.66751129 3.02851800 -0.16451030
v 4.55846169 3.02851800 -0.40525990
v 4.49743129 2.89004840 0.17216970
v 4.83739129 3.02851800 0.33572010
v 5.03866169 3.12931800 -0.01155030
v 4.76063129 3.02851800 0.08282970
v 5.41471129 3.19100840 0.18102970
v 5.32659129 3.19100840 -0.10929030
v -2.44818871 2.71532840 0.47432570
v -2.16155911 2.50826840 0.32989930
v -2.30077831 2.71533800 0.04035930
v -2.38157831 2.71533800 0.25493930
v -2.02693831 2.27271800 0.58798650
v -1.80615271 2.01254840 0.45209210
v -1.89772871 2.27268840 0.20814970
v -1.96853831 2.27270760 0.39599130
v -1.66086391 2.01244760 0.10214970
v -1.72017751 2.27265800 -0.15183030
v -1.99773831 2.50825800 -0.06547030
v -1.81483351 2.27267800 0.02526970
v -2.09811831 2.71533800 -0.37073030
v -2.20616871 2.71533800 -0.16850070
v -1.78373431 2.50825800 -0.43611030
v -1.84342631 2.71533800 -0.75180070
v -1.97700871 2.71533800 -0.56543030
v -1.47120951 2.01239800 -0.22612070
v -1.49710391 2.27264840 -0.48557030
v -1.61409191 2.27265800 -0.32234070
v -1.24044391 2.01238840 -0.52698070
v -1.23253991 2.27264840 -0.78745030
v -1.52319831 2.50825800 -0.77568070
v -1.36974391 2.27264840 -0.64084070
v -1.54128391 2.71533800 -1.09645030
v -1.69798551 2.71533800 -0.92907030
v -1.22062631 2.50824760 -1.07832070
v -1.19667991 2.71533800 -1.39862070
v -1.37392151 2.71533800 -1.25317030
v -0.97257431 2.01239800 -0.79513030
v -0.93086391 2.27264840 -1.05210070
v -1.08602071 2.27264840 -0.92471030
v -0.67214551 2.01240760 -1.02594070
v -0.59734231 2.27264840 -1.27515030
v -0.88116791 2.50823800 -1.33887030
v -0.76774551 2.27264840 -1.16909030
v -0.81566311 2.71532840 -1.65331030
v -1.01033351 2.71533800 -1.53220070
v -0.51062151 2.50823800 -1.55285030
v -0.40459351 2.71532840 -1.85596070
v -0.61344631 2.71532840 -1.76135030
v -0.34423031 2.01242840 -1.21543030
v -0.23750951 2.27264840 -1.45259030
v -0.42033191 2.27264840 -1.36976070
v 0.00562409 2.01244760 -1.36042070
v 0.14237129 2.27265800 -1.58160070
v -0.11528951 2.50823800 -1.71660070
v -0.04967431 2.27265800 -1.52331030
v 0.02937449 2.71532840 -2.00333030
v -0.19001671 2.71532840 -1.93673990
v 0.29802169 2.50824760 -1.82734070
v 0.47889129 2.71532840 -2.09267030
v 0.25267129 2.71532840 -2.05535030
v 0.37140169 2.01245800 -1.45844070
v 0.53588169 2.27266840 -1.65982070
v 0.33784169 2.27266840 -1.62714070
v 0.74687129 2.01245800 -1.50787030
v 0.93621129 2.27266840 -1.68611030
v 0.72227129 2.50824760 -1.88319030
v 0.73562169 2.27266840 -1.67951030
v 0.93621129 2.71532840 -2.12271030
v 0.70706169 2.71532840 -2.11517030
v 1.15016169 2.50824760 -1.88319030
v 1.39354169 2.71532840 -2.09267030
v 1.16536169 2.71532840 -2.11517030
v 1.12556169 2.01245800 -1.50786070
v 1.33655129 2.27266840 -1.65981030
v 1.13681129 2.27266840 -1.67951030
v 1.50102169 2.01245800 -1.45843030
v 1.73005129 2.27265800 -1.58160070
v 1.57440169 2.50824760 -1.82734070
v 1.53458169 2.27265800 -1.62714070
v 1.84305129 2.71532840 -2.00332070
v 1.61976169 2.71532840 -2.05535030
v 1.98771129 2.50824760 -1.71659030
v 2.27702169 2.71532840 -1.85594070
v 2.06244169 2.71532840 -1.93673030
v 1.86681129 2.01245800 -1.36041990
v 2.10994169 2.27265800 -1.45258070
v 1.92210169 2.27265800 -1.52329990
v 2.21669129 2.01245800 -1.21549990
v 2.46979129 2.27265800 -1.27519030
v 2.38305129 2.50824760 -1.55284070
v 2.29277129 2.27265800 -1.36977030
v 2.68809129 2.71532840 -1.65330070
v 2.48587129 2.71532840 -1.76134070
v 2.75361129 2.50824760 -1.33889030
v 3.06912169 2.71532840 -1.39861990
v 2.88277129 2.71532840 -1.53219030
v 2.54464089 2.01245800 -1.02615030
v 2.80334089 2.27265800 -1.05225030
v 2.64021129 2.27265800 -1.16917030
v 2.84509129 2.01245800 -0.79561030
v 3.10501129 2.27265800 -0.78775990
v 3.09309129 2.50824760 -1.07839990
v 2.95850089 2.27265800 -0.92494070
v 3.41374169 2.71532840 -1.09649030
v 3.24637129 2.71532840 -1.25319030
v 3.39565129 2.50824760 -0.77584070
v 3.71587129 2.71532840 -0.75187030
v 3.57044169 2.71532840 -0.92911990
v 3.11286169 2.01245800 -0.52784070
v 3.36950089 2.27265800 -0.48609030
v 3.24219129 2.27265800 -0.64125030
v 3.34340169 2.01245800 -0.22739030
v 3.59244169 2.27265800 -0.15253030
v 3.65615129 2.50824760 -0.43635990
v 3.48643129 2.27265800 -0.32295030
v 3.97055129 2.71532840 -0.37084070
v 3.84944169 2.71532840 -0.56551030
v 3.87009129 2.50824760 -0.06579030
v 4.17320169 2.71532840 0.04024010
v 4.07859129 2.71532840 -0.16861990
v 3.53275129 2.01245800 0.10056970
v 3.76984089 2.27265800 0.20730970
v 3.68702169 2.27265800 0.02448970
v 3.67767129 2.01245800 0.45044250
v 3.89885129 2.27265800 0.58720250
v 4.03384169 2.50824760 0.32953930
v 3.84056169 2.27265800 0.39515130
v 4.32058089 2.71532840 0.47420170
v 4.25398089 2.71532840 0.25480970
v -1.73081431 1.73179800 0.66961850
v -1.58506871 1.43537800 0.52983770
v -1.61404471 1.73155800 0.32816970
v -1.67800871 1.73167800 0.49709210
v -1.57823351 1.12907800 0.71160250
v -1.46780631 1.12876760 0.39008250
v -1.52829031 1.12892760 0.54917210
v -1.31645671 1.12850840 0.08475930
v -1.45095351 1.43506760 0.20831930
v -1.39709031 1.12861800 0.23503930
v -1.45384871 1.73138760 0.00411930
v -1.53922391 1.73145800 0.16358970
v -1.27619671 1.43489800 -0.09369110
v -1.25281671 1.73132760 -0.29657030
v -1.35821991 1.73133800 -0.14948070
v -1.12680151 1.12842760 -0.19875030
v -1.22621591 1.12844760 -0.06004070
v -0.90218551 1.12834840 -0.45534070
v -1.06383351 1.43486840 -0.37067030
v -1.01864631 1.12839800 -0.33072070
v -1.01460631 1.73133800 -0.56865030
v -1.13811991 1.73132760 -0.43651030
v -0.81752951 1.43485800 -0.61756070
v -0.74316951 1.73137800 -0.80712070
v -0.88275751 1.73135800 -0.69234070
v -0.64622231 1.12811800 -0.68018070
v -0.77785111 1.12824840 -0.57197030
v -0.36340631 1.12790840 -0.86962070
v -0.54142791 1.43484760 -0.82998070
v -0.50788151 1.12799800 -0.77954070
v -0.44317831 1.73142760 -1.00803030
v -0.59644471 1.73139800 -0.91251030
v -0.24015431 1.43488760 -1.00434070
v -0.11953991 1.73147800 -1.16780070
v -0.28397271 1.73144840 -1.09323030
v -0.05845671 1.12793800 -1.02032070
v -0.21337831 1.12789800 -0.94997030
v 0.26343129 1.12805800 -1.12988070
v 0.08123849 1.43495800 -1.13770070
v 0.10069929 1.12799800 -1.08038070
v 0.22214169 1.73150840 -1.28393030
v 0.04940329 1.73149800 -1.23146070
v 0.41727129 1.43499800 -1.22783030
v 0.57610169 1.73151800 -1.35430070
v 0.39796089 1.73151800 -1.32490070
v 0.59691129 1.12810840 -1.19624070
v 0.42907129 1.12808760 -1.16853030
v 0.93621129 1.12811800 -1.21853030
v 0.76224169 1.43500840 -1.27326070
v 0.76619129 1.12811800 -1.21294070
v 0.93621129 1.73151800 -1.37794070
v 0.75577129 1.73151800 -1.37201030
v 1.11018169 1.43500840 -1.27325030
v 1.29632169 1.73150840 -1.35428070
v 1.11665129 1.73150840 -1.37200070
v 1.27552169 1.12811800 -1.19623030
v 1.10623129 1.12811800 -1.21293030
v 1.60903129 1.12811800 -1.12994070
v 1.45515129 1.43499800 -1.22783030
v 1.44336169 1.12811800 -1.16854070
v 1.65029129 1.73150840 -1.28393030
v 1.47446169 1.73150840 -1.32489030
v 1.79123129 1.43499800 -1.13777030
v 1.99201129 1.73150840 -1.16788070
v 1.82304169 1.73150840 -1.23149030
v 1.93100169 1.12811800 -1.02060070
v 1.77180169 1.12811800 -1.08053030
v 2.23599129 1.12811800 -0.87024070
v 2.11269129 1.43499800 -1.00462070
v 2.08596169 1.12811800 -0.95041030
v 2.31570169 1.73150840 -1.00830070
v 2.15647129 1.73150840 -1.09338070
v 2.41401129 1.43499800 -0.83065030
v 2.61574089 1.73150840 -0.80776070
v 2.46900089 1.73150840 -0.91294070
v 2.51869129 1.12811800 -0.68129030
v 2.38043129 1.12811800 -0.78039030
v 2.77438089 1.12811800 -0.45713030
v 2.69006169 1.43499800 -0.61883030
v 2.65020169 1.12811800 -0.57339030
v 2.88710089 1.73150840 -0.56985030
v 2.75531129 1.73150840 -0.69323990
v 2.93609129 1.43499800 -0.37281030
v 3.12502089 1.73150840 -0.29849030
v 3.01050089 1.73150840 -0.43806070
v 2.99854169 1.12811800 -0.20144070
v 2.89064089 1.12811800 -0.33295030
v 3.18750169 1.12811800 0.08125930
v 3.14790169 1.43499800 -0.09676070
v 3.09764089 1.12811800 -0.06318070
v 3.32556089 1.73150840 0.00154970
v 3.23019129 1.73150840 -0.15173990
v 3.32187129 1.43499800 0.20455930
v 3.48513129 1.73150840 0.32523930
v 3.41063129 1.73150840 0.16078970
v 3.33785129 1.12811800 0.38624970
v 3.26766169 1.12811800 0.23128970
v 3.44719129 1.12811800 0.70822330
v 3.45503129 1.43499800 0.52602090
v 3.39779129 1.12811800 0.54545050
v 3.60118089 1.73150840 0.66696330
v 3.54874169 1.73150840 0.49420890
v -3.13196871 -2.14951880 -0.09733110
v -3.59191911 -2.35731320 -0.29247110
v -3.94913831 -2.12540200 -0.60955110
v -3.50467911 -2.14201080 -0.38269110
v -3.28786871 -2.60530600 0.00835930
v -3.69761911 -2.82352520 -0.25976070
v -4.10105911 -2.55484520 -0.46529110
v -3.65855831 -2.58580360 -0.25321110
v -4.65474871 -2.74235720 -0.63647110
v -5.09177911 -2.43041880 -0.71710070
v -4.50824871 -2.28296920 -0.66814070
v -4.58794871 -2.50539400 -0.62190070
v -4.89961911 -2.00575960 -0.88838070
v -4.42005831 -2.08111720 -0.77836070
v -5.48317831 -2.10103800 -0.80706070
v -5.82530871 -1.75742520 -0.91588070
v -5.36999911 -1.89593720 -0.93890070
v -5.68269831 -2.55559400 -0.74836070
v -6.05331911 -2.19853480 -0.69590070
v -5.58511911 -2.32288520 -0.74490070
v -6.59697831 -2.29281400 -0.53948070
v -6.85574871 -1.96235240 -0.32987110
v -6.37252871 -1.84195160 -0.64509110
v -6.48174871 -2.07311000 -0.56069110
v -6.65427831 -1.45520760 -0.56932070
v -6.25965831 -1.59600200 -0.80529110
v -3.30802871 -3.08348200 -0.02549110
v -3.69221831 -3.33250200 -0.37009110
v -4.17800871 -3.03744200 -0.53879110
v -3.70216871 -3.06652200 -0.30698070
v -3.26382871 -3.64740200 -0.10799110
v -3.70899911 -4.00437240 -0.44496070
v -4.20857911 -3.61892200 -0.68957110
v -3.68781911 -3.63921240 -0.42434070
v -4.84086871 -3.94757160 -0.91209110
v -5.38851911 -3.48872200 -0.98137110
v -4.74566871 -3.25902200 -0.80258070
v -4.78813911 -3.57320200 -0.88235110
v -5.24963831 -2.90924200 -0.80428070
v -4.70425831 -2.98782200 -0.70865110
v -5.88077911 -3.05309160 -0.89930070
v -6.28266871 -2.65373720 -0.73520070
v -5.78284871 -2.79328360 -0.81341110
v -6.05095831 -3.70764200 -0.97069110
v -6.52812871 -3.17429160 -0.85169110
v -5.97173831 -3.35216200 -0.96531110
v -7.18379831 -3.26722200 -0.64484150
v -7.46352791 -2.73887000 -0.38051110
v -6.87731831 -2.72352920 -0.61849110
v -7.04801831 -2.96585160 -0.65802150
v -7.09734871 -2.35907400 -0.31355110
v -6.72790871 -2.50440120 -0.56886070
v -3.34305831 -4.44292200 -0.08914070
v -3.88095911 -4.90548200 -0.31813110
v -4.31406871 -4.43854200 -0.67178070
v -3.77579831 -4.44570200 -0.40718070
v -3.64187831 -5.28713240 0.05962890
v -4.12344871 -5.67566200 0.00940890
v -4.50757911 -5.37378200 -0.37784150
v -4.01720871 -5.32601240 -0.18494070
v -5.15181831 -5.78161240 -0.22613110
v -5.66571831 -5.26327160 -0.53995110
v -4.99520871 -4.88485160 -0.71925110
v -5.07794871 -5.36018200 -0.50751110
v -5.52784871 -4.30611160 -0.93257110
v -4.91303911 -4.39938200 -0.85592070
v -6.16455831 -4.60066200 -0.69298070
v -6.67802871 -3.91458200 -0.72754070
v -6.11366871 -4.13665160 -0.87470070
v -6.24954871 -5.47946200 -0.13492070
v -6.72148871 -4.79694200 -0.27122070
v -6.20829911 -5.06112200 -0.44117110
v -7.22612871 -4.88824200 0.20089930
v -7.72298871 -4.25551160 0.04200890
v -7.22615911 -4.09797160 -0.34667110
v -7.22111911 -4.51399240 -0.09014150
v -7.75850871 -3.44265160 -0.36492150
v -7.22844871 -3.66349240 -0.53631110
v -8.25748871 -4.38149240 0.32374890
v -8.73153831 -3.91867240 0.04216890
v -8.24711831 -3.70056200 -0.14893110
v -8.24290871 -4.06472200 0.06518890
v -9.16350951 -4.03802200 0.24457850
v -9.46583831 -3.70520200 0.10065850
v -9.13514871 -3.50266200 -0.11456150
v -9.13954871 -3.79440200 0.03572890
v -9.39842871 -3.15771160 -0.04577110
v -9.07451831 -2.92589160 -0.09421110
v -8.71573831 -3.24132200 -0.22621110
v -9.09783911 -3.20419160 -0.16472150
v -8.29435831 -2.93934200 -0.24887110
v -8.26177911 -3.31137160 -0.27724070
v 8.13046089 -1.25503800 -0.04655030
v 8.00154089 -1.83354280 0.04496970
v 7.66928089 -1.57498120 -0.27771030
v 7.91333209 -1.40413800 -0.20977030
v 8.21817129 -2.21676120 0.38734490
v 8.06891209 -2.66276280 0.45770330
v 7.86849129 -2.31315160 0.19925930
v 8.05694169 -2.26205320 0.26409930
v 7.72451129 -2.69672200 0.39118890
v 7.44416169 -2.39397720 0.21138970
v 7.55450169 -2.02468760 -0.03985990
v 7.66138169 -2.36035880 0.18446970
v 7.15443129 -1.82949800 -0.24275030
v 7.41490089 -1.71727800 -0.28533990
v 7.06988089 -2.14263720 0.06501930
v 6.63263209 -1.96256120 -0.03777030
v 6.89212089 -1.91011240 -0.16005030
v 7.34188169 -2.68084680 0.46290090
v 7.01725209 -2.39880600 0.36270970
v 7.22539129 -2.40430920 0.27164970
v 6.99436089 -2.61765960 0.63698250
v 6.68170089 -2.37010200 0.62706490
v 6.62395129 -2.17556120 0.31216970
v 6.83195129 -2.38491960 0.48202650
v 6.17798089 -2.00668280 0.32767930
v 6.38063129 -1.99028520 0.12353930
v 8.14387129 -3.00587160 0.71758890
v 7.95343129 -3.29148200 0.79338330
v 7.88761129 -3.01060200 0.59318490
v 8.02680169 -3.00876200 0.63584650
v 7.95118089 -3.49404200 0.96295930
v 7.80341129 -3.65004200 1.03635770
v 7.76952169 -3.51460200 0.91374730
v 7.87159129 -3.50233160 0.92517050
v 7.60990169 -3.68156200 1.04719930
v 7.53876089 -3.48452200 0.92736330
v 7.70443129 -3.27963160 0.75936570
v 7.65743129 -3.50781240 0.91482570
v 7.56899129 -2.99039160 0.60196650
v 7.73283129 -3.00621240 0.58381930
v 7.42265129 -3.21900200 0.80535370
v 7.24338089 -2.91638200 0.70197690
v 7.40263049 -2.95797160 0.64184170
v 7.40059129 -3.62609160 1.07362890
v 7.30114169 -3.39703240 0.98068330
v 7.41696089 -3.44726200 0.95032170
v 7.21334089 -3.49687160 1.10577530
v 7.12170089 -3.28723160 1.06286650
v 7.16503129 -3.12189160 0.90873690
v 7.20040169 -3.33482200 1.01543930
v 6.98472169 -2.83550760 0.87714970
v 7.10087129 -2.87308200 0.78090170
v -1.64080551 0.81725800 1.54924570
v -1.64192231 0.50529800 1.72186330
v -1.70954471 0.19630760 1.55883130
v -1.66365911 0.50461800 1.38103930
v -1.65823911 0.50482840 1.55185210
v -1.59655751 0.81751800 1.88286970
v -1.66714151 0.19863800 1.91019930
v -1.61465751 0.50586760 1.89027210
v -1.85732951 -0.38498200 1.99792010
v -1.77489191 -0.10222200 1.75972730
v -1.74952631 -0.09977160 1.94522330
v -1.89322871 -0.39189160 1.58978570
v -1.79426631 -0.10476200 1.38103930
v -1.78958711 -0.10402200 1.57115370
v 3.46559129 0.81604840 1.88416890
v 3.51348089 0.50397800 1.72034490
v 3.54508169 0.19709800 1.89997850
v 3.48579129 0.50397800 1.88818570
v 3.50963129 0.81604840 1.54970650
v 3.53577129 0.50397800 1.38103930
v 3.59049129 0.19709800 1.55500730
v 3.53018089 0.50397800 1.55105370
v 3.69519129 -0.09941160 1.38103930
v 3.82512169 -0.38036200 1.57038490
v 3.67154169 -0.09941160 1.74115130
v 3.68925129 -0.09941160 1.56147930
v 3.77569129 -0.38036200 1.94584970
v 3.64215129 -0.09941160 1.91928650
v -2.00534871 -0.65878200 1.84681770
v -2.14309911 -0.91423400 1.64571690
v -2.01797911 -0.66464200 1.38103930
v -2.01531911 -0.66302200 1.61569770
v -2.12430871 -0.89985240 2.15569050
v -1.98606871 -0.65257160 2.07086250
v -2.38354871 -1.32262440 2.32756330
v -2.26483911 -1.13522920 1.96633290
v -2.26060871 -1.12410280 2.24404410
v -2.36464871 -1.34423800 1.70539530
v -2.26195911 -1.14493480 1.38103930
v -2.26379911 -1.14236360 1.67667290
v 3.97707129 -0.64056200 1.78137530
v 4.14346089 -0.87923160 2.01902490
v 3.94439129 -0.64056200 1.97940730
v 4.00336089 -0.64056200 1.38103930
v 4.19795129 -0.87988200 1.59490250
v 3.99676089 -0.64056200 1.58163450
v 4.42891129 -1.09857080 1.38103930
v 4.66407129 -1.29534360 1.62618250
v 4.40242169 -1.09715800 1.83774650
v 4.42247129 -1.09819000 1.60986090
v 4.61342089 -1.28883880 2.11268730
v 4.36807129 -1.09558840 2.06376330
v -2.45546871 -1.50776120 2.06984090
v -2.48058871 -1.67372840 1.74628410
v -2.42247911 -1.51960680 1.38103930
v -2.43286871 -1.51668120 1.72871130
v -2.57282871 -1.64713880 2.45914890
v -2.48167911 -1.49270600 2.39788890
v -2.77890871 -1.96573080 2.54232890
v -2.57975831 -1.81908520 2.13557610
v -2.67482871 -1.79871240 2.51548890
v -2.56298871 -1.99777400 1.76286010
v -2.49881831 -1.83206760 1.38103930
v -2.51992871 -1.82941400 1.75777930
v 4.90287129 -1.46605480 1.90512090
v 5.15500089 -1.60882520 2.21480730
v 4.87469129 -1.45820200 2.16486250
v 4.91975129 -1.47311800 1.38103930
v 5.17748089 -1.63024200 1.65803130
v 4.91654089 -1.47121320 1.64354090
v 5.44208089 -1.78053400 1.38103930
v 5.71517129 -1.91556200 1.66280890
v 5.45013129 -1.76546440 1.95593690
v 5.44449129 -1.77687720 1.66575530
v 5.76644169 -1.88079640 2.25788570
v 5.45743129 -1.74585640 2.25704650
v -7.35909831 -1.00681080 1.93798570
v -7.17312871 -0.63378200 2.52689930
v -7.27162951 -0.21106200 1.96536490
v -7.37044871 -0.62492200 1.38103930
v -7.31889831 -0.62720200 1.95489370
v -6.93952871 -1.04559880 3.03861930
v -6.95197831 -0.20980200 3.11729930
v -6.94207911 -0.64440200 3.09521930
v -6.84319831 0.64101800 3.09736890
v -7.09061831 0.21849800 2.54917930
v -6.92322871 0.22339800 3.12007930
v -7.08407911 0.64004840 1.96036730
v -7.23903831 0.22046760 1.38103930
v -7.19934871 0.21891800 1.96774330
v 8.28688169 -0.68442200 2.66478970
v 8.44564169 -0.22676200 2.28705770
v 8.36131049 0.13315800 2.78074970
v 8.31794169 -0.25106200 2.74450010
v 8.50065129 -0.63093240 1.80732570
v 8.54201129 -0.20049240 1.38104010
v 8.53879129 0.16180840 1.84873370
v 8.51895049 -0.20828200 1.83316170
v 8.56210089 0.50040760 1.38104010
v 8.51282169 0.81252840 1.85868570
v 8.48270089 0.48811800 2.33003370
v 8.54260169 0.49639800 1.85644170
v 8.36237129 0.80397800 2.80626970
v 8.38104089 0.47929800 2.80000970
v -6.82775831 1.02848760 2.49719930
v -6.68803831 1.38802760 1.91551930
v -6.93584871 1.03059800 1.38103930
v -6.90788871 1.02963800 1.94157930
v -6.50793911 1.38678760 2.96833930
v -6.69923911 1.02886760 3.04299930
v -6.04954871 2.01221800 2.80364890
v -6.38293831 1.71486760 2.38857930
v -6.28584871 1.71462840 2.88476890
v -6.18646871 2.01254840 1.85813610
v -6.46167831 1.71598760 1.38103930
v -6.44179831 1.71554840 1.88632490
v 8.38009129 1.12559800 2.33270090
v 8.17444169 1.43482760 2.79238010
v 8.29054089 1.12382760 2.80356010
v 8.44835129 1.12804760 1.38104010
v 8.30832169 1.43568840 1.85415770
v 8.43189129 1.12724760 1.85786490
v 8.16600089 1.73295800 1.38104010
v 7.96736169 2.01417800 1.83880490
v 8.10335129 1.73295800 2.31246170
v 8.15064169 1.73295800 1.84774490
v 7.84493209 2.01417800 2.74654010
v 8.02294169 1.73295800 2.77320010
v -5.89297911 2.27925800 2.28743610
v -5.69375831 2.51506760 1.81562010
v -5.95468871 2.27949800 1.38103930
v -5.93929911 2.27936840 1.83509130
v -5.57894871 2.51527800 2.67866970
v -5.81559831 2.27939800 2.73636970
v -5.07729831 2.88951800 2.57496890
v -5.40255911 2.71873800 2.21374410
v -5.33452871 2.71894840 2.62628970
v -5.18138871 2.88925800 1.78112330
v -5.45685831 2.71868760 1.38103930
v -5.44329831 2.71867800 1.79815450
v 7.72290169 2.27447800 2.27209370
v 7.43535129 2.51000840 2.67292970
v 7.64929129 2.27447800 2.71286970
v 7.78172169 2.27447800 1.38104010
v 7.54871129 2.51000840 1.81413050
v 7.76702169 2.27447800 1.82751770
v 7.32526089 2.71692760 1.38104010
v 7.05451129 2.89139800 1.78204730
v 7.27048089 2.71692760 2.21496250
v 7.31151129 2.71692760 1.79889050
v 6.94982089 2.89139800 2.57722970
v 7.20242169 2.71692760 2.62746970
v -4.86417831 3.02592760 2.14329610
v -4.60795911 3.12636840 1.74391930
v -4.91395911 3.02583800 1.38103930
v -4.90147911 3.02585800 1.76295770
v -4.51359831 3.12652760 2.46352970
v -4.80219831 3.02606760 2.52047930
v -3.91344871 3.21074840 2.34519530
v -4.27163911 3.18871800 2.06603050
v -4.21588871 3.18878840 2.40485930
v -3.99769831 3.21069800 1.70427050
v -4.31649911 3.18866840 1.38103930
v -4.30522871 3.18867800 1.72426970
v 6.73923129 3.02957800 2.14502170
v 6.38868089 3.13003800 2.46560970
v 6.67688169 3.02957800 2.52294010
v 6.78941129 3.02957800 1.38104010
v 6.48360169 3.13003800 1.74462810
v 6.77681129 3.02957800 1.76384570
v 6.19136169 3.19137800 1.38104010
v 5.87136089 3.21217800 1.70450090
v 6.14631129 3.19137800 2.06696170
v 6.18005049 3.19137800 1.72473290
v 5.78692169 3.21217800 2.34591050
v 6.09033129 3.19137800 2.40626010
v -3.66000871 3.19031800 1.98603130
v -3.38668871 3.12904760 1.66436970
v -3.69971831 3.19030760 1.38103930
v -3.68974871 3.19030760 1.68418410
v -3.31274871 3.12904760 2.22618170
v -3.61066871 3.19032840 2.28528170
v -2.75232871 2.89001800 2.11470970
v -3.06791911 3.02843800 1.90820570
v -3.02489911 3.02843800 2.16896730
v -2.81654871 2.89001800 1.62699370
v -3.10254871 3.02843800 1.38103930
v -3.09385911 3.02843800 1.64518650
v 5.53294169 3.19100840 1.98621050
v 5.18533129 3.12931800 2.22624650
v 5.48355129 3.19100840 2.28556810
v 5.57269049 3.19100840 1.38104010
v 5.25930089 3.12931800 1.66438490
v 5.56271129 3.19100840 1.68427050
v 4.97501129 3.02851800 1.38104010
v 4.68896089 2.89004840 1.62700410
v 4.94039129 3.02851800 1.90820010
v 4.96632089 3.02851800 1.64518170
v 4.62475129 2.89004840 2.11474010
v 4.89736169 3.02851800 2.16896650
v -2.53757831 2.71532840 1.83828730
v -2.32833831 2.50825800 1.59487610
v -2.56764871 2.71531800 1.38103930
v -2.56009831 2.71531800 1.61015050
v -2.27239831 2.50826840 2.01894010
v -2.50022871 2.71532840 2.06447930
v -1.90458871 2.01265800 1.94458330
v -2.10536871 2.27274760 1.78090810
v -2.07258871 2.27273800 1.97875370
v -1.95435911 2.01273800 1.56991610
v -2.13177831 2.27275800 1.38103930
v -2.12513831 2.27275800 1.58139130
v 4.40992169 2.71532840 1.83836250
v 4.14459129 2.50824760 2.01922970
v 4.37260089 2.71532840 2.06458490
v 4.43996169 2.71532840 1.38104010
v 4.20044169 2.50824760 1.59498490
v 4.43242089 2.71532840 1.61018970
v 4.00336089 2.27265800 1.38103930
v 3.82512169 2.01245800 1.57038490
v 3.97707129 2.27265800 1.78137610
v 3.99676089 2.27265800 1.58163450
v 3.77569129 2.01245800 1.94584970
v 3.94439129 2.27265800 1.97940810
v -1.80188951 1.73203800 1.73959210
v -1.72229751 1.43595800 1.55394810
v -1.82588951 1.73214760 1.38103930
v -1.81985031 1.73211800 1.56067130
v -1.67613111 1.43571800 1.89709770
v -1.77215991 1.73192840 1.91709210
v -1.64541991 1.12926840 1.71838650
v -1.61732231 1.12918760 1.88541770
v -1.66808951 1.12933800 1.38103930
v -1.66238791 1.12931800 1.55004170
v 3.67154169 1.73150840 1.74115130
v 3.54508169 1.43499800 1.89997850
v 3.64214169 1.73150840 1.91928650
v 3.69519129 1.73150840 1.38103930
v 3.59049129 1.43499800 1.55500730
v 3.68925129 1.73150840 1.56147930
v 3.53577129 1.12811800 1.38103930
v 3.51348089 1.12811800 1.72034490
v 3.53018089 1.12811800 1.55105370
v 3.48579129 1.12811800 1.88818570
v -2.71411831 -2.18394840 2.13974730
v -2.68315911 -2.40821000 1.75622490
v -2.59325911 -2.19515240 1.38103930
v -2.62188871 -2.19284200 1.76119210
v -2.95834871 -2.38879640 2.47136890
v -2.87628871 -2.16650200 2.51510890
v -3.04208871 -2.85759000 2.44752890
v -2.83474871 -2.63108680 2.11090330
v -3.01642871 -2.62038280 2.44862890
v -2.75892871 -2.87421000 1.75020250
v -2.70268871 -2.63957880 1.38103930
v -2.73332871 -2.63746920 1.75141130
v -7.24872871 -1.34346920 2.43792890
v -7.07170871 -1.65388120 2.82262890
v -6.99036871 -1.37858600 2.93227930
v -7.46668871 -1.32376440 1.38103930
v -7.46885911 -1.59065080 1.89378970
v -7.41018871 -1.32719240 1.91630170
v -7.58213831 -1.79080680 1.38103930
v -7.59568871 -1.95601480 1.86208970
v -7.38867831 -1.82880280 2.34151210
v -7.53179911 -1.79949080 1.87440330
v -7.25937911 -2.07165800 2.72724890
v -7.16069831 -1.88200360 2.75610890
v -7.55361831 -2.12998600 2.31811770
v -7.51217831 -2.37251080 2.75195930
v -7.36978871 -2.23155240 2.73053930
v -7.68894871 -2.03732280 1.38103930
v -7.74389831 -2.13151080 1.86639930
v -7.65720871 -2.06252600 1.86080090
v -7.89298871 -2.12889000 1.38103930
v -8.10287911 -2.20684440 1.88169770
v -7.82944871 -2.30449640 2.34726730
v -7.88327831 -2.17545480 1.87474410
v -7.97850871 -2.60008600 2.78556890
v -7.70676871 -2.50535880 2.77742890
v -2.84448871 -3.10627160 2.12170810
v -2.72141831 -3.37129160 1.76470730
v -2.71856871 -3.11395240 1.38103930
v -2.74647831 -3.11202200 1.75604890
v -2.99602871 -3.35682200 2.49859930
v -3.02690871 -3.09674200 2.46865930
v -2.98776871 -4.01563240 2.53109930
v -2.79732871 -3.66569160 2.15536650
v -2.97459911 -3.65679160 2.52389930
v -2.73527911 -4.03572200 1.77347130
v -2.68743911 -3.67520200 1.38103930
v -2.70920871 -3.67240200 1.77192890
v -2.89818871 -4.46739160 2.14253530
v -2.99302871 -4.96443160 1.75390010
v -2.81087831 -4.48854200 1.38103930
v -2.82508871 -4.48163160 1.76508810
v -3.20106871 -4.90890200 2.46447930
v -3.06067911 -4.45232200 2.50677930
v -3.72372871 -5.67601240 2.40888890
v -3.30077911 -5.39510200 2.09770970
v -3.41664871 -5.32742200 2.41776890
v -3.62093911 -5.85780200 1.75160170
v -3.24702871 -5.45394200 1.38103930
v -3.25350871 -5.43839240 1.74703130
v -4.11614871 -6.08430200 2.14792730
v -4.67399911 -6.38441240 1.80300170
v -4.11051831 -6.20605240 1.38103930
v -4.10972871 -6.17694200 1.77473690
v -4.64014871 -6.06640200 2.57635850
v -4.13857831 -5.92282200 2.48009930
v -5.77882871 -6.02660200 2.64556890
v -5.24571911 -6.33365160 2.24884410
v -5.20738871 -6.10534200 2.64260890
v -5.84545911 -6.41877160 1.82120410
v -5.27489911 -6.51312200 1.38103930
v -5.26786871 -6.46882200 1.82296890
v -6.33222871 -6.06725160 2.17781770
v -6.84388871 -5.92764200 1.73030650
v -6.37256871 -6.27702200 1.38103850
v -6.36088871 -6.22285160 1.78427770
v -6.77598871 -5.52480200 2.41002890
v -6.29298871 -5.81714200 2.55195930
v -7.75297831 -4.88269240 2.17415450
v -7.29112871 -5.43125160 1.97324170
v -7.25394871 -5.19738200 2.26800970
v -7.83154871 -5.22563160 1.64369370
v -7.33970871 -5.63258200 1.38103850
v -7.32419911 -5.57971240 1.67740650
v -8.40714871 -2.38806600 2.35212890
v -8.75470871 -2.63993880 2.70239930
v -8.35233831 -2.62668280 2.75497930
v -8.43383911 -2.18539080 1.38103930
v -8.81558871 -2.29530200 1.87958970
v -8.43022871 -2.23816440 1.88312330
v -9.22381911 -2.36275400 1.38103930
v -9.56147911 -2.59058920 1.85992890
v -9.17038871 -2.51816600 2.31021290
v -9.20924871 -2.40414760 1.87166810
v -9.40345911 -2.82359800 2.59933930
v -9.11208871 -2.69464680 2.64458890
v -8.35093831 -4.80550200 1.91276410
v -8.95398871 -4.61663160 1.67637450
v -8.41624791 -4.94759160 1.38103850
v -8.39565911 -4.91197240 1.64728570
v -8.82418871 -4.40752200 2.23080970
v -8.29919911 -4.62855160 2.17670250
v -9.56727911 -3.95394200 2.36838970
v -9.37169911 -4.27818200 2.03133210
v -9.25954871 -4.19216200 2.29163450
v -9.80317911 -3.99240200 1.76381770
v -9.47019831 -4.32544200 1.38103850
v -9.44400951 -4.31747240 1.71915450
v -9.74337831 -2.95284200 2.26177610
v -9.71360871 -3.35553240 2.55606890
v -9.60779831 -3.05958200 2.58445850
v -9.84801831 -2.85295800 1.38103850
v -9.96687911 -3.23604200 1.82504250
v -9.82253831 -2.88051480 1.84494410
v -9.99766871 -3.60511240 1.38103850
v -9.87531911 -3.64476200 2.17524970
v -9.96894871 -3.61930200 1.79855690
v -9.70935911 -3.66436200 2.47028890
v 8.42932169 -1.14374040 2.14930890
v 8.50305129 -1.64632280 1.72200250
v 8.52426089 -1.11631000 1.38104010
v 8.50147129 -1.12317560 1.76882810
v 8.33459209 -1.69203720 2.34028090
v 8.30405129 -1.17796600 2.51518010
v 8.31492169 -2.63468680 2.04507450
v 8.43326089 -2.16962600 1.94464890
v 8.34362089 -2.18697080 2.18472650
v 8.43520169 -2.63050120 1.62072330
v 8.50502169 -2.16003160 1.38103930
v 8.48707129 -2.16166600 1.67118970
v 6.01370089 -2.04130200 1.91199770
v 6.34233129 -2.18384600 2.07351770
v 6.06649129 -2.02515240 2.18362730
v 5.98040089 -2.05378760 1.38103930
v 6.24745129 -2.19415000 1.61756730
v 5.98713049 -2.05074440 1.64528890
v 6.47517209 -2.35787480 1.38103930
v 6.68148169 -2.55253800 1.54901130
v 6.51511129 -2.35821000 1.78120250
v 6.48321129 -2.35750520 1.58401850
v 6.76846169 -2.56792440 1.86579530
v 6.57868169 -2.36180280 1.96679930
v 8.29353129 -3.01051160 1.75762970
v 8.18856169 -3.31844200 1.53498890
v 8.34045129 -3.01598200 1.38103930
v 8.32909129 -3.01412200 1.57494250
v 8.11837209 -3.30090200 1.80820970
v 8.23229129 -3.00710200 1.91788490
v 7.87619129 -3.65584200 1.66041050
v 8.01881129 -3.53801160 1.61726090
v 7.99583129 -3.51275160 1.72110170
v 7.88344169 -3.71279240 1.47712970
v 8.03860089 -3.55156200 1.38103930
v 8.03340169 -3.54936200 1.50200330
v 6.85469049 -2.79716760 1.64883770
v 7.00107129 -3.05940200 1.69285690
v 6.90457129 -2.81110840 1.77282890
v 6.82281129 -2.78981400 1.38103930
v 6.94075129 -3.04684200 1.48900090
v 6.82935129 -2.79097480 1.51692090
v 7.02603049 -3.29372200 1.38103930
v 7.10990169 -3.50698200 1.45070090
v 7.04381129 -3.29129160 1.55032490
v 7.02962089 -3.29417240 1.46650890
v 7.13563209 -3.46291240 1.59099290
v 7.07200089 -3.28084200 1.63083370
v 7.20091129 -3.64125160 1.50741530
v 7.29478169 -3.68159240 1.58054570
v 7.21018169 -3.59306200 1.57756650
v 7.19378169 -3.66080200 1.38103930
v 7.28475129 -3.76182200 1.44078010
v 7.19551209 -3.65930200 1.44283450
v 7.37450089 -3.82860200 1.38103930
v 7.46720169 -3.86017160 1.44558890
v 7.38044169 -3.80023160 1.50996970
v 7.37589129 -3.82522200 1.44240730
v 7.48556169 -3.77279160 1.60087370
v 7.38854169 -3.73880200 1.58991930
v 7.56362169 -3.85227160 1.52187130
v 7.67424089 -3.78527240 1.61699130
v 7.57995129 -3.79169160 1.60859290
v 7.55609049 -3.88103240 1.38103930
v 7.65186169 -3.86583160 1.45268170
v 7.55699129 -3.87736200 1.44819450
v 7.75947129 -3.81723160 1.38103930
v 7.76059129 -3.79420200 1.54386170
v 7.75847209 -3.81462200 1.46150810
v 7.77099129 -3.74333160 1.62998570
v -1.70954471 0.19630760 1.20324730
v -1.64192231 0.50529800 1.04021530
v -1.64080551 0.81725800 1.21283370
v -1.65823911 0.50482840 1.21022650
v -1.89322871 -0.39189160 1.17229370
v -1.77489191 -0.10222200 1.00235130
v -1.78958711 -0.10402200 1.19092570
v -1.85732951 -0.38498200 0.76415850
v -1.66714151 0.19863800 0.85187930
v -1.74952631 -0.09977160 0.81685530
v -1.59655751 0.81751800 0.87920970
v -1.61465751 0.50586760 0.87180650
v 3.54508169 0.19709800 0.86210090
v 3.51348089 0.50397800 1.04173450
v 3.46559129 0.81604840 0.87791050
v 3.48579129 0.50397800 0.87389370
v 3.77569129 -0.38036200 0.81622970
v 3.67154169 -0.09941160 1.02092730
v 3.64215129 -0.09941160 0.84279290
v 3.82512169 -0.38036200 1.19169450
v 3.59049129 0.19709800 1.20707130
v 3.68925129 -0.09941160 1.20059930
v 3.50963129 0.81604840 1.21237290
v 3.53018089 0.50397800 1.21102570
v -2.14309911 -0.91423400 1.11636090
v -2.00534871 -0.65878200 0.91526090
v -2.01531911 -0.66302200 1.14638090
v -2.36464871 -1.34423800 1.05668330
v -2.26483911 -1.13522920 0.79574490
v -2.26379911 -1.14236520 1.08540490
v -2.38354871 -1.32262360 0.43451530
v -2.12430871 -0.89985240 0.60638810
v -2.26060871 -1.12410280 0.51803450
v -1.98606871 -0.65257160 0.69121610
v 4.14346089 -0.87923160 0.74305450
v 3.97707129 -0.64056200 0.98070330
v 3.94439129 -0.64056200 0.78267130
v 4.61342089 -1.28883880 0.64939130
v 4.40242169 -1.09715800 0.92433290
v 4.36807129 -1.09558840 0.69831530
v 4.66407129 -1.29534360 1.13589690
v 4.19795129 -0.87988200 1.16717690
v 4.42247129 -1.09819000 1.15221850
v 3.99676089 -0.64056200 1.18044490
v -2.48058871 -1.67372760 1.01579450
v -2.45546871 -1.50776120 0.69223690
v -2.43286871 -1.51668120 1.03336730
v -2.56298871 -1.99777400 0.99921850
v -2.57975831 -1.81908520 0.62650250
v -2.51992871 -1.82941400 1.00429930
v -2.77890871 -1.96573080 0.21974890
v -2.57282871 -1.64713880 0.30292890
v -2.67482871 -1.79871160 0.24658890
v -2.48167911 -1.49270600 0.36418890
v 5.15500089 -1.60882520 0.54727130
v 4.90287129 -1.46605480 0.85695850
v 4.87469129 -1.45820200 0.59721690
v 5.76644169 -1.88079640 0.50419370
v 5.45013129 -1.76546360 0.80614250
v 5.45743129 -1.74585560 0.50503290
v 5.71517129 -1.91556200 1.09927050
v 5.17748089 -1.63024200 1.10404730
v 5.44449129 -1.77687720 1.09632330
v 4.91654089 -1.47121320 1.11853850
v -7.27162951 -0.21106200 0.79671290
v -7.17312871 -0.63378200 0.23517930
v -7.35909831 -1.00681080 0.82409210
v -7.31889831 -0.62720200 0.80718410
v -7.08407911 0.64004840 0.80171130
v -7.09061831 0.21849800 0.21289930
v -7.19934871 0.21891800 0.79433530
v -6.84319831 0.64101800 -0.33529110
v -6.95197831 -0.20980200 -0.35522070
v -6.92322871 0.22339800 -0.35800070
v -6.93952871 -1.04559880 -0.27654070
v -6.94207911 -0.64440200 -0.33314070
v 8.36131049 0.13315800 -0.01867030
v 8.44564169 -0.22676200 0.47502170
v 8.28688169 -0.68442200 0.09728970
v 8.31794169 -0.25106200 0.01758010
v 8.36237129 0.80397800 -0.04419030
v 8.48270089 0.48811800 0.43204570
v 8.38104089 0.47929800 -0.03793030
v 8.51282169 0.81252840 0.90339370
v 8.53879129 0.16180840 0.91334570
v 8.54260169 0.49639800 0.90563770
v 8.50065129 -0.63093240 0.95475370
v 8.51895049 -0.20828200 0.92891770
v -6.68803831 1.38802760 0.84655930
v -6.82775831 1.02848760 0.26487930
v -6.90788871 1.02963800 0.82049930
v -6.18646871 2.01254840 0.90394250
v -6.38293831 1.71486760 0.37349930
v -6.44179831 1.71554840 0.87575290
v -6.04954871 2.01221800 -0.04157110
v -6.50793911 1.38678760 -0.20626070
v -6.28584871 1.71462840 -0.12269110
v -6.69923911 1.02886760 -0.28092070
v 8.17444169 1.43482760 -0.03029990
v 8.38009129 1.12559800 0.42937850
v 8.29054089 1.12382760 -0.04147990
v 7.84493209 2.01417800 0.01554010
v 8.10335129 1.73295800 0.44961770
v 8.02294169 1.73295800 -0.01111990
v 7.96736169 2.01417800 0.92327450
v 8.30832169 1.43568840 0.90792170
v 8.15064169 1.73295800 0.91433450
v 8.43189129 1.12724760 0.90421450
v -5.69375831 2.51506760 0.94645850
v -5.89297911 2.27925800 0.47464250
v -5.93929911 2.27936840 0.92698730
v -5.18138871 2.88925800 0.98095530
v -5.40255911 2.71873800 0.54833450
v -5.44329831 2.71867800 0.96392410
v -5.07729831 2.88951800 0.18710970
v -5.57894871 2.51527800 0.08340890
v -5.33452871 2.71894840 0.13578890
v -5.81559831 2.27939800 0.02570890
v 7.43535129 2.51000840 0.08914970
v 7.72290169 2.27447800 0.48998570
v 7.64929129 2.27447800 0.04920970
v 6.94982089 2.89139800 0.18484970
v 7.27048089 2.71692760 0.54711690
v 7.20242169 2.71692760 0.13460970
v 7.05451129 2.89139800 0.98003290
v 7.54871129 2.51000840 0.94794890
v 7.31151129 2.71692760 0.96318890
v 7.76702169 2.27447800 0.93456170
v -4.60795911 3.12636840 1.01815930
v -4.86417831 3.02592760 0.61878250
v -4.90147911 3.02585800 0.99912170
v -3.99769831 3.21069800 1.05780810
v -4.27163911 3.18871800 0.69604810
v -4.30522871 3.18867800 1.03780970
v -3.91344871 3.21074840 0.41688330
v -4.51359831 3.12652760 0.29854970
v -4.21588871 3.18878840 0.35721930
v -4.80219831 3.02606760 0.24159930
v 6.38868089 3.13003800 0.29646970
v 6.73923129 3.02957800 0.61705770
v 6.67688169 3.02957800 0.23914010
v 5.78692169 3.21217800 0.41616810
v 6.14631129 3.19137800 0.69511770
v 6.09033129 3.19137800 0.35582010
v 5.87136089 3.21217800 1.05757850
v 6.48360169 3.13003800 1.01745210
v 6.18005049 3.19137800 1.03734650
v 6.77681129 3.02957800 0.99823370
v -3.38668871 3.12904760 1.09770970
v -3.66000871 3.19031800 0.77604730
v -3.68974871 3.19030760 1.07789450
v -2.81654871 2.89001800 1.13508570
v -3.06791911 3.02843800 0.85387370
v -3.09385911 3.02843800 1.11689210
v -2.75232871 2.89001800 0.64736970
v -3.31274871 3.12904760 0.53589770
v -3.02489911 3.02843800 0.59311130
v -3.61066871 3.19032840 0.47679770
v 5.18533129 3.12931800 0.53583210
v 5.53294169 3.19100840 0.77586890
v 5.48355129 3.19100840 0.47651210
v 4.62475129 2.89004840 0.64733930
v 4.94039129 3.02851800 0.85388010
v 4.89736169 3.02851800 0.59311290
v 4.68896089 2.89004840 1.13507610
v 5.25930089 3.12931800 1.09769450
v 4.96632089 3.02851800 1.11689770
v 5.56271129 3.19100840 1.07780890
v -2.32833831 2.50825800 1.16720250
v -2.53757831 2.71532840 0.92379130
v -2.56009831 2.71531800 1.15192810
v -1.95435911 2.01273800 1.19216250
v -2.10536871 2.27274760 0.98117050
v -2.12513831 2.27275800 1.18068730
v -1.90458871 2.01265800 0.81749530
v -2.27239831 2.50826840 0.74313850
v -2.07258871 2.27273800 0.78332570
v -2.50022871 2.71532840 0.69759930
v 4.14459129 2.50824760 0.74284970
v 4.40992169 2.71532840 0.92371690
v 4.37260089 2.71532840 0.69749450
v 3.77569129 2.01245800 0.81622970
v 3.97707129 2.27265800 0.98070330
v 3.94439129 2.27265800 0.78267130
v 3.82512169 2.01245800 1.19169450
v 4.20044169 2.50824760 1.16709450
v 3.99676089 2.27265800 1.18044490
v 4.43242089 2.71532840 1.15188970
v -1.72229751 1.43595800 1.20813050
v -1.80188951 1.73203800 1.02248650
v -1.81985031 1.73211800 1.20140730
v -1.64541991 1.12926840 1.04369210
v -1.66238791 1.12931800 1.21203770
v -1.67613111 1.43571800 0.86498170
v -1.61732231 1.12918760 0.87666170
v -1.77215991 1.73192840 0.84498650
v 3.54508169 1.43499800 0.86210090
v 3.67154169 1.73150840 1.02092730
v 3.64214169 1.73150840 0.84279290
v 3.51348089 1.12811800 1.04173450
v 3.48579129 1.12811800 0.87389370
v 3.59049129 1.43499800 1.20707130
v 3.53018089 1.12811800 1.21102570
v 3.68925129 1.73150840 1.20059930
v -2.68315911 -2.40821000 1.00585290
v -2.71411831 -2.18394760 0.62233130
v -2.62188871 -2.19284200 1.00088650
v -2.75892871 -2.87421000 1.01187610
v -2.83474871 -2.63108680 0.65117530
v -2.73332871 -2.63746920 1.01066730
v -3.04208871 -2.85759000 0.31454890
v -2.95834871 -2.38879560 0.29070890
v -3.01642871 -2.62038280 0.31344890
v -2.87628871 -2.16650200 0.24696890
v -7.07170871 -1.65388120 -0.06055110
v -7.24872871 -1.34346920 0.32414890
v -6.99036871 -1.37858600 -0.17020070
v -7.25937911 -2.07165800 0.03482890
v -7.38867831 -1.82880280 0.42056570
v -7.16069831 -1.88200280 0.00596890
v -7.59568871 -1.95601480 0.89998810
v -7.46885911 -1.59065080 0.86828810
v -7.53179911 -1.79949080 0.88767530
v -7.41018871 -1.32719240 0.84577610
v -7.51217831 -2.37251080 0.01011930
v -7.55361831 -2.12998600 0.44396010
v -7.36978871 -2.23155160 0.03153930
v -7.97850871 -2.60008600 -0.02349110
v -7.82944871 -2.30449560 0.41481130
v -7.70676871 -2.50535880 -0.01535110
v -8.10287911 -2.20684360 0.88038010
v -7.74389831 -2.13151080 0.89567930
v -7.88327831 -2.17545480 0.88733370
v -7.65720871 -2.06252600 0.90127690
v -2.72141831 -3.37129160 0.99737130
v -2.84448871 -3.10627160 0.64037050
v -2.74647831 -3.11202200 1.00602890
v -2.73527911 -4.03572200 0.98860730
v -2.79732871 -3.66569160 0.60671210
v -2.70920871 -3.67240200 0.99014890
v -2.98776871 -4.01563240 0.23097930
v -2.99602871 -3.35682200 0.26347930
v -2.97459911 -3.65679160 0.23817930
v -3.02690871 -3.09674200 0.29341930
v -2.99302871 -4.96443160 1.00817770
v -2.89818871 -4.46739160 0.61954330
v -2.82508871 -4.48163160 0.99698970
v -3.62093911 -5.85780200 1.01047610
v -3.30077911 -5.39510200 0.66436810
v -3.25350871 -5.43839240 1.01504730
v -3.72372871 -5.67601240 0.35318890
v -3.20106871 -4.90890200 0.29759930
v -3.41664871 -5.32742200 0.34430890
v -3.06067911 -4.45232200 0.25529930
v -4.67399911 -6.38441240 0.95907610
v -4.11614871 -6.08430200 0.61415130
v -4.10972871 -6.17694200 0.98734090
v -5.84545911 -6.41877160 0.94087370
v -5.24571911 -6.33365160 0.51323370
v -5.26786871 -6.46882200 0.93910890
v -5.77882871 -6.02660200 0.11650890
v -4.64014871 -6.06640200 0.18571930
v -5.20738871 -6.10534200 0.11946890
v -4.13857831 -5.92282200 0.28197930
v -6.84388871 -5.92764200 1.03177050
v -6.33222871 -6.06725160 0.58426010
v -6.36088871 -6.22285160 0.97780010
v -7.83154871 -5.22563160 1.11838410
v -7.29112871 -5.43125160 0.78883610
v -7.32419911 -5.57971240 1.08467050
v -7.75297831 -4.88269240 0.58792250
v -6.77598871 -5.52480200 0.35204890
v -7.25394871 -5.19738200 0.49406810
v -6.29298871 -5.81714200 0.21011930
v -8.75470871 -2.63993880 0.05967930
v -8.40714871 -2.38806600 0.40994890
v -8.35233831 -2.62668280 0.00709930
v -9.40345911 -2.82359800 0.16273850
v -9.17038871 -2.51816600 0.45186490
v -9.11208871 -2.69464680 0.11748890
v -9.56147911 -2.59058920 0.90214890
v -8.81558871 -2.29530200 0.88248810
v -9.20924871 -2.40414760 0.89040970
v -8.43022871 -2.23816360 0.87895530
v -8.95398871 -4.61663160 1.08570250
v -8.35093831 -4.80550200 0.84931370
v -8.39565911 -4.91197240 1.11479210
v -9.80317911 -3.99240200 0.99826010
v -9.37169911 -4.27818200 0.73074570
v -9.44400951 -4.31747240 1.04292250
v -9.56727911 -3.95394200 0.39368810
v -8.82418871 -4.40752200 0.53126810
v -9.25954871 -4.19216200 0.47044250
v -8.29919911 -4.62855160 0.58537450
v -9.71360871 -3.35553160 0.20600890
v -9.74337831 -2.95284200 0.50030170
v -9.60779831 -3.05958200 0.17761850
v -9.87531911 -3.64476200 0.58682810
v -9.70935911 -3.66436200 0.29178890
v -9.96687911 -3.23604200 0.93703450
v -9.96894871 -3.61930200 0.96352090
v -9.82253831 -2.88051480 0.91713370
v 8.50305129 -1.64632280 1.04007690
v 8.42932169 -1.14373960 0.61277050
v 8.50147129 -1.12317560 0.99325210
v 8.43520169 -2.63050120 1.14135530
v 8.43326089 -2.16962600 0.81743050
v 8.48707129 -2.16166600 1.09088970
v 8.31492169 -2.63468680 0.71700490
v 8.33459209 -1.69203800 0.42179850
v 8.34362089 -2.18697080 0.57735290
v 8.30405129 -1.17796600 0.24690010
v 6.34233129 -2.18384600 0.68856170
v 6.01370089 -2.04130200 0.85008170
v 6.06649129 -2.02515160 0.57845130
v 6.76846169 -2.56792440 0.89628330
v 6.51511129 -2.35821000 0.98087690
v 6.57868169 -2.36180280 0.79527930
v 6.68148169 -2.55253800 1.21306730
v 6.24745129 -2.19415000 1.14451130
v 6.48321129 -2.35750520 1.17806090
v 5.98713049 -2.05074360 1.11679050
v 8.18856169 -3.31844200 1.22709050
v 8.29353129 -3.01051160 1.00444970
v 8.32909129 -3.01412200 1.18713690
v 7.88344169 -3.71279240 1.28494970
v 8.01881129 -3.53801160 1.14481850
v 8.03340169 -3.54936200 1.26007530
v 7.87619129 -3.65584200 1.10166890
v 8.11837209 -3.30090200 0.95386970
v 7.99583129 -3.51275160 1.04097770
v 8.23229129 -3.00710200 0.84419450
v 7.00107129 -3.05940200 1.06922250
v 6.85469049 -2.79716760 1.11324170
v 6.90457129 -2.81110840 0.98925050
v 7.13563209 -3.46291240 1.17108650
v 7.04381129 -3.29129160 1.21175450
v 7.07200089 -3.28084200 1.13124570
v 7.10990169 -3.50698200 1.31137770
v 6.94075129 -3.04684200 1.27307850
v 7.02962089 -3.29417240 1.29557050
v 6.82935129 -2.79097480 1.24515850
v 7.29478169 -3.68159240 1.18153370
v 7.20091129 -3.64125160 1.25466330
v 7.21018169 -3.59306200 1.18451290
v 7.48556169 -3.77279160 1.16120570
v 7.38044169 -3.80023160 1.25210970
v 7.38854169 -3.73880200 1.17215930
v 7.46720169 -3.86017160 1.31649050
v 7.28475129 -3.76182200 1.32129930
v 7.37589129 -3.82522200 1.31967130
v 7.19551209 -3.65930200 1.31924410
v 7.67424089 -3.78527240 1.14508730
v 7.56362169 -3.85227160 1.24020730
v 7.57995129 -3.79169160 1.15348650
v 7.76059129 -3.79420200 1.21821770
v 7.77099129 -3.74333160 1.13209370
v 7.65186169 -3.86583160 1.30939690
v 7.75847209 -3.81462200 1.30057130
v 7.55699129 -3.87736200 1.31388410
f 1341 1340 1337
f 1 1337 1340
f 339 1339 1338
f 1341 1338 1339
f 1345 1338 1342
f 335 1342 1338
f 336 1344 1343
f 1345 1343 1344
f 1349 1348 1344
f 339 1344 1348
f 13 1347 1346
f 1349 1346 1347
f 1352 1351 1339
f 338 1339 1351
f 337 1350 1348
f 1352 1348 1350
f 1356 1343 1353
f 2 1353 1343
f 343 1355 1354
f 1356 1354 1355
f 1360 1354 1357
f 340 1357 1354
f 341 1359 1358
f 1360 1358 1359
f 1364 1363 1359
f 343 1359 1363
f 14 1362 1361
f 1364 1361 1362
f 1366 1346 1355
f 336 1355 1346
f 342 1365 1363
f 1366 1363 1365
f 1370 1358 1367
f 3 1367 1358
f 347 1369 1368
f 1370 1368 1369
f 1374 1368 1371
f 344 1371 1368
f 345 1373 1372
f 1374 1372 1373
f 1378 1377 1373
f 347 1373 1377
f 15 1376 1375
f 1378 1375 1376
f 1380 1361 1369
f 341 1369 1361
f 346 1379 1377
f 1380 1377 1379
f 1384 1372 1381
f 4 1381 1372
f 351 1383 1382
f 1384 1382 1383
f 1382 348 1388
f 1385 1388 348
f 1387 1388 349
f 1386 349 1388
f 1392 1391 1387
f 351 1387 1391
f 16 1390 1389
f 1392 1389 1390
f 1394 1375 1383
f 345 1383 1375
f 350 1393 1391
f 1394 1391 1393
f 1386 5 1398
f 1395 1398 5
f 1397 1398 355
f 1396 355 1398
f 1396 352 1402
f 1399 1402 352
f 1401 1402 353
f 1400 353 1402
f 1405 355 1406
f 1401 1406 355
f 1404 1406 17
f 1403 17 1406
f 1389 349 1408
f 1397 1408 349
f 1407 1408 354
f 1405 354 1408
f 1400 6 1412
f 1409 1412 6
f 1411 1412 359
f 1410 359 1412
f 1416 1410 1413
f 356 1413 1410
f 357 1415 1414
f 1416 1414 1415
f 1420 1419 1415
f 359 1415 1419
f 18 1418 1417
f 1420 1417 1418
f 1403 353 1422
f 1411 1422 353
f 1421 1422 358
f 1419 358 1422
f 1414 7 1426
f 1423 1426 7
f 1425 1426 363
f 1424 363 1426
f 1430 1424 1427
f 360 1427 1424
f 361 1429 1428
f 1430 1428 1429
f 1434 1433 1429
f 363 1429 1433
f 19 1432 1431
f 1434 1431 1432
f 1417 357 1436
f 1425 1436 357
f 1435 1436 362
f 1433 362 1436
f 1428 8 1440
f 1437 1440 8
f 1439 1440 367
f 1438 367 1440
f 1444 1438 1441
f 364 1441 1438
f 365 1443 1442
f 1444 1442 1443
f 1448 1447 1443
f 367 1443 1447
f 20 1446 1445
f 1448 1445 1446
f 1431 361 1450
f 1439 1450 361
f 1449 1450 366
f 1447 366 1450
f 1442 9 1454
f 1451 1454 9
f 1453 1454 371
f 1452 371 1454
f 1458 1452 1455
f 368 1455 1452
f 369 1457 1456
f 1458 1456 1457
f 1462 1461 1457
f 371 1457 1461
f 21 1460 1459
f 1462 1459 1460
f 1445 365 1464
f 1453 1464 365
f 1463 1464 370
f 1461 370 1464
f 1456 10 1468
f 1465 1468 10
f 1467 1468 375
f 1466 375 1468
f 1472 1466 1469
f 372 1469 1466
f 373 1471 1470
f 1472 1470 1471
f 1476 1475 1471
f 375 1471 1475
f 22 1474 1473
f 1476 1473 1474
f 1459 369 1478
f 1467 1478 369
f 1477 1478 374
f 1475 374 1478
f 12 1350 1481
f 1482 1481 1350
f 1482 1479 1480
f 379 1480 1479
f 1485 1479 1347
f 337 1347 1479
f 1485 1483 1484
f 376 1484 1483
f 379 1484 1488
f 1489 1488 1484
f 1489 1486 1487
f 24 1487 1486
f 378 1480 1491
f 1492 1491 1480
f 1492 1488 1490
f 377 1490 1488
f 1495 1483 1365
f 13 1365 1483
f 382 1494 1493
f 1495 1493 1494
f 1498 1493 1362
f 342 1362 1493
f 380 1497 1496
f 1498 1496 1497
f 1502 1501 1497
f 382 1497 1501
f 25 1500 1499
f 1502 1499 1500
f 1504 1486 1494
f 376 1494 1486
f 381 1503 1501
f 1504 1501 1503
f 1507 1496 1379
f 14 1379 1496
f 385 1506 1505
f 1507 1505 1506
f 1510 1505 1376
f 346 1376 1505
f 383 1509 1508
f 1510 1508 1509
f 1514 1513 1509
f 385 1509 1513
f 1512 1514 26
f 1511 26 1514
f 1516 1499 1506
f 380 1506 1499
f 384 1515 1513
f 1516 1513 1515
f 1519 1508 1393
f 15 1393 1508
f 388 1518 1517
f 1519 1517 1518
f 1522 1517 1390
f 350 1390 1517
f 386 1521 1520
f 1522 1520 1521
f 1526 1525 1521
f 388 1521 1525
f 27 1524 1523
f 1526 1523 1524
f 1528 1511 1518
f 383 1518 1511
f 1527 1528 387
f 1525 387 1528
f 1531 1520 1407
f 16 1407 1520
f 391 1530 1529
f 1531 1529 1530
f 1529 354 1534
f 1404 1534 354
f 389 1533 1532
f 1534 1532 1533
f 1538 1537 1533
f 391 1533 1537
f 28 1536 1535
f 1538 1535 1536
f 1540 1523 1530
f 386 1530 1523
f 390 1539 1537
f 1540 1537 1539
f 1532 17 1543
f 1421 1543 17
f 1542 1543 394
f 1541 394 1543
f 1546 1541 1418
f 358 1418 1541
f 392 1545 1544
f 1546 1544 1545
f 1550 1549 1545
f 394 1545 1549
f 29 1548 1547
f 1550 1547 1548
f 1535 389 1552
f 1542 1552 389
f 1551 1552 393
f 1549 393 1552
f 1544 18 1555
f 1435 1555 18
f 1554 1555 397
f 1553 397 1555
f 1558 1553 1432
f 362 1432 1553
f 395 1557 1556
f 1558 1556 1557
f 1562 1561 1557
f 397 1557 1561
f 30 1560 1559
f 1562 1559 1560
f 1547 392 1564
f 1554 1564 392
f 1563 1564 396
f 1561 396 1564
f 1556 19 1567
f 1449 1567 19
f 1566 1567 400
f 1565 400 1567
f 1570 1565 1446
f 366 1446 1565
f 398 1569 1568
f 1570 1568 1569
f 1574 1573 1569
f 400 1569 1573
f 31 1572 1571
f 1574 1571 1572
f 1559 395 1576
f 1566 1576 395
f 1575 1576 399
f 1573 399 1576
f 1568 20 1579
f 1463 1579 20
f 403 1578 1577
f 1579 1577 1578
f 1582 1577 1460
f 370 1460 1577
f 401 1581 1580
f 1582 1580 1581
f 1586 1585 1581
f 403 1581 1585
f 32 1584 1583
f 1586 1583 1584
f 1571 398 1588
f 1578 1588 398
f 402 1587 1585
f 1588 1585 1587
f 1580 21 1591
f 1477 1591 21
f 406 1590 1589
f 1591 1589 1590
f 1594 1589 1474
f 374 1474 1589
f 404 1593 1592
f 1594 1592 1593
f 1598 1597 1593
f 406 1593 1597
f 33 1596 1595
f 1598 1595 1596
f 1600 1583 1590
f 401 1590 1583
f 405 1599 1597
f 1600 1597 1599
f 23 1490 1603
f 1604 1603 1490
f 1604 1601 1602
f 410 1602 1601
f 377 1487 1601
f 1607 1601 1487
f 1607 1605 1606
f 407 1606 1605
f 410 1606 1610
f 1611 1610 1606
f 1611 1608 1609
f 35 1609 1608
f 409 1602 1613
f 1614 1613 1602
f 1614 1610 1612
f 408 1612 1610
f 24 1503 1605
f 1617 1605 1503
f 1617 1615 1616
f 413 1616 1615
f 1620 1615 1500
f 381 1500 1615
f 411 1619 1618
f 1620 1618 1619
f 1624 1623 1619
f 413 1619 1623
f 1622 1624 36
f 1621 36 1624
f 407 1616 1608
f 1626 1608 1616
f 1626 1623 1625
f 412 1625 1623
f 1618 25 1629
f 1515 1629 25
f 1628 1629 416
f 1627 416 1629
f 1627 384 1632
f 1512 1632 384
f 414 1631 1630
f 1632 1630 1631
f 1635 416 1636
f 1631 1636 416
f 37 1634 1633
f 1636 1633 1634
f 1621 411 1638
f 1628 1638 411
f 1635 415 1638
f 1637 1638 415
f 1641 1630 1527
f 26 1527 1630
f 419 1640 1639
f 1641 1639 1640
f 1644 1639 1524
f 387 1524 1639
f 417 1643 1642
f 1644 1642 1643
f 1648 1647 1643
f 419 1643 1647
f 38 1646 1645
f 1648 1645 1646
f 1650 1633 1640
f 414 1640 1633
f 418 1649 1647
f 1650 1647 1649
f 1653 1642 1539
f 27 1539 1642
f 422 1652 1651
f 1653 1651 1652
f 1656 1651 1536
f 390 1536 1651
f 420 1655 1654
f 1656 1654 1655
f 1660 1659 1655
f 422 1655 1659
f 39 1658 1657
f 1660 1657 1658
f 1662 1645 1652
f 417 1652 1645
f 421 1661 1659
f 1662 1659 1661
f 1665 1654 1551
f 28 1551 1654
f 425 1664 1663
f 1665 1663 1664
f 1668 1663 1548
f 393 1548 1663
f 423 1667 1666
f 1668 1666 1667
f 1672 1671 1667
f 425 1667 1671
f 40 1670 1669
f 1672 1669 1670
f 1674 1657 1664
f 420 1664 1657
f 424 1673 1671
f 1674 1671 1673
f 1677 1666 1563
f 29 1563 1666
f 428 1676 1675
f 1677 1675 1676
f 1680 1675 1560
f 396 1560 1675
f 426 1679 1678
f 1680 1678 1679
f 1684 1683 1679
f 428 1679 1683
f 41 1682 1681
f 1684 1681 1682
f 1686 1669 1676
f 423 1676 1669
f 427 1685 1683
f 1686 1683 1685
f 1689 1678 1575
f 30 1575 1678
f 431 1688 1687
f 1689 1687 1688
f 1692 1687 1572
f 399 1572 1687
f 429 1691 1690
f 1692 1690 1691
f 1696 1695 1691
f 431 1691 1695
f 42 1694 1693
f 1696 1693 1694
f 1698 1681 1688
f 426 1688 1681
f 430 1697 1695
f 1698 1695 1697
f 1701 1690 1587
f 31 1587 1690
f 434 1700 1699
f 1701 1699 1700
f 1704 1699 1584
f 402 1584 1699
f 432 1703 1702
f 1704 1702 1703
f 1708 1707 1703
f 434 1703 1707
f 43 1706 1705
f 1708 1705 1706
f 1710 1693 1700
f 429 1700 1693
f 433 1709 1707
f 1710 1707 1709
f 1713 1702 1599
f 32 1599 1702
f 437 1712 1711
f 1713 1711 1712
f 1716 1711 1596
f 405 1596 1711
f 435 1715 1714
f 1716 1714 1715
f 1720 1719 1715
f 437 1715 1719
f 44 1718 1717
f 1720 1717 1718
f 1722 1705 1712
f 432 1712 1705
f 436 1721 1719
f 1722 1719 1721
f 34 1612 1725
f 1726 1725 1612
f 1726 1723 1724
f 441 1724 1723
f 408 1609 1723
f 1729 1723 1609
f 1729 1727 1728
f 438 1728 1727
f 441 1728 1732
f 1733 1732 1728
f 1733 1730 1731
f 46 1731 1730
f 440 1724 1735
f 1736 1735 1724
f 439 1734 1732
f 1736 1732 1734
f 35 1625 1727
f 1739 1727 1625
f 1739 1737 1738
f 444 1738 1737
f 1742 1737 1622
f 412 1622 1737
f 1740 442 1742
f 1741 1742 442
f 1741 1746 444
f 1745 444 1746
f 1743 47 1746
f 1744 1746 47
f 438 1738 1730
f 1748 1730 1738
f 1747 1748 443
f 1745 443 1748
f 1637 1751 36
f 1740 36 1751
f 1749 447 1751
f 1750 1751 447
f 1634 1754 415
f 1749 415 1754
f 445 1753 1752
f 1754 1752 1753
f 1753 1758 447
f 1757 447 1758
f 1756 1758 48
f 1755 48 1758
f 1750 1760 442
f 1743 442 1760
f 1757 446 1760
f 1759 1760 446
f 1763 1752 1649
f 37 1649 1752
f 450 1762 1761
f 1763 1761 1762
f 1766 1761 1646
f 418 1646 1761
f 448 1765 1764
f 1766 1764 1765
f 1770 1769 1765
f 450 1765 1769
f 49 1768 1767
f 1770 1767 1768
f 1755 445 1772
f 1762 1772 445
f 1771 1772 449
f 1769 449 1772
f 1775 1764 1661
f 38 1661 1764
f 453 1774 1773
f 1775 1773 1774
f 1778 1773 1658
f 421 1658 1773
f 451 1777 1776
f 1778 1776 1777
f 1782 1781 1777
f 453 1777 1781
f 50 1780 1779
f 1782 1779 1780
f 1784 1767 1774
f 448 1774 1767
f 452 1783 1781
f 1784 1781 1783
f 1787 1776 1673
f 39 1673 1776
f 456 1786 1785
f 1787 1785 1786
f 1790 1785 1670
f 424 1670 1785
f 454 1789 1788
f 1790 1788 1789
f 1794 1793 1789
f 456 1789 1793
f 51 1792 1791
f 1794 1791 1792
f 1796 1779 1786
f 451 1786 1779
f 455 1795 1793
f 1796 1793 1795
f 1799 1788 1685
f 40 1685 1788
f 459 1798 1797
f 1799 1797 1798
f 1802 1797 1682
f 427 1682 1797
f 457 1801 1800
f 1802 1800 1801
f 1806 1805 1801
f 459 1801 1805
f 52 1804 1803
f 1806 1803 1804
f 1808 1791 1798
f 454 1798 1791
f 1807 1808 458
f 1805 458 1808
f 1811 1800 1697
f 41 1697 1800
f 462 1810 1809
f 1811 1809 1810
f 1814 1809 1694
f 430 1694 1809
f 460 1813 1812
f 1814 1812 1813
f 1818 1817 1813
f 462 1813 1817
f 53 1816 1815
f 1818 1815 1816
f 1820 1803 1810
f 457 1810 1803
f 1819 1820 461
f 1817 461 1820
f 1823 1812 1709
f 42 1709 1812
f 465 1822 1821
f 1823 1821 1822
f 1826 1821 1706
f 433 1706 1821
f 463 1825 1824
f 1826 1824 1825
f 1830 1829 1825
f 465 1825 1829
f 54 1828 1827
f 1830 1827 1828
f 1832 1815 1822
f 460 1822 1815
f 464 1831 1829
f 1832 1829 1831
f 1721 1835 43
f 1824 43 1835
f 1833 468 1835
f 1834 1835 468
f 1718 1838 436
f 1833 436 1838
f 1838 1836 1837
f 466 1837 1836
f 1837 1842 468
f 1841 468 1842
f 1842 1839 1840
f 55 1840 1839
f 1844 1827 1834
f 463 1834 1827
f 467 1843 1841
f 1844 1841 1843
f 1734 1848 45
f 1847 45 1848
f 1845 472 1848
f 1846 1848 472
f 1845 439 1851
f 1731 1851 439
f 1849 469 1851
f 1850 1851 469
f 1850 1855 472
f 1854 472 1855
f 1853 1855 57
f 1852 57 1855
f 1846 1858 471
f 1857 471 1858
f 1854 470 1858
f 1856 1858 470
f 1747 1861 46
f 1849 46 1861
f 1859 475 1861
f 1860 1861 475
f 1744 1864 443
f 1859 443 1864
f 1862 473 1864
f 1863 1864 473
f 1863 1868 475
f 1867 475 1868
f 1865 58 1868
f 1866 1868 58
f 1860 1870 469
f 1852 469 1870
f 1867 474 1870
f 1869 1870 474
f 1759 1873 47
f 1862 47 1873
f 1871 478 1873
f 1872 1873 478
f 1756 1876 446
f 1871 446 1876
f 1875 1876 476
f 1874 476 1876
f 1879 478 1880
f 1875 1880 478
f 1878 1880 59
f 1877 59 1880
f 1872 1882 473
f 1865 473 1882
f 1879 477 1882
f 1881 1882 477
f 1874 48 1885
f 1771 1885 48
f 1884 1885 481
f 1883 481 1885
f 1888 1883 1768
f 449 1768 1883
f 479 1887 1886
f 1888 1886 1887
f 1891 481 1892
f 1887 1892 481
f 60 1890 1889
f 1892 1889 1890
f 1877 476 1894
f 1884 1894 476
f 1893 1894 480
f 1891 480 1894
f 1897 1886 1783
f 49 1783 1886
f 484 1896 1895
f 1897 1895 1896
f 1900 1895 1780
f 452 1780 1895
f 482 1899 1898
f 1900 1898 1899
f 1904 1903 1899
f 484 1899 1903
f 61 1902 1901
f 1904 1901 1902
f 1906 1889 1896
f 479 1896 1889
f 483 1905 1903
f 1906 1903 1905
f 1909 1898 1795
f 50 1795 1898
f 487 1908 1907
f 1909 1907 1908
f 1912 1907 1792
f 455 1792 1907
f 485 1911 1910
f 1912 1910 1911
f 1916 1915 1911
f 487 1911 1915
f 62 1914 1913
f 1916 1913 1914
f 1918 1901 1908
f 482 1908 1901
f 486 1917 1915
f 1918 1915 1917
f 1910 51 1921
f 1807 1921 51
f 1920 1921 490
f 1919 490 1921
f 1924 1919 1804
f 458 1804 1919
f 488 1923 1922
f 1924 1922 1923
f 1928 1927 1923
f 490 1923 1927
f 63 1926 1925
f 1928 1925 1926
f 1913 485 1930
f 1920 1930 485
f 1929 1930 489
f 1927 489 1930
f 1922 52 1933
f 1819 1933 52
f 1932 1933 493
f 1931 493 1933
f 1936 1931 1816
f 461 1816 1931
f 491 1935 1934
f 1936 1934 1935
f 1940 1939 1935
f 493 1935 1939
f 64 1938 1937
f 1940 1937 1938
f 1925 488 1942
f 1932 1942 488
f 1941 1942 492
f 1939 492 1942
f 1934 53 1945
f 1831 1945 53
f 496 1944 1943
f 1945 1943 1944
f 1948 1943 1828
f 464 1828 1943
f 494 1947 1946
f 1948 1946 1947
f 1952 1951 1947
f 496 1947 1951
f 65 1950 1949
f 1952 1949 1950
f 1937 491 1954
f 1944 1954 491
f 495 1953 1951
f 1954 1951 1953
f 1957 1946 1843
f 54 1843 1946
f 1957 1955 1956
f 499 1956 1955
f 467 1840 1955
f 1960 1955 1840
f 497 1959 1958
f 1960 1958 1959
f 499 1959 1963
f 1964 1963 1959
f 66 1962 1961
f 1964 1961 1962
f 1966 1949 1956
f 494 1956 1949
f 498 1965 1963
f 1966 1963 1965
f 56 1856 1969
f 1970 1969 1856
f 1970 1967 1968
f 503 1968 1967
f 1967 470 1973
f 1853 1973 470
f 1972 1973 500
f 1971 500 1973
f 503 1972 1976
f 1977 1976 1972
f 1975 1977 68
f 1974 68 1977
f 502 1968 1979
f 1980 1979 1968
f 1980 1976 1978
f 501 1978 1976
f 1971 57 1983
f 1869 1983 57
f 1982 1983 506
f 1981 506 1983
f 1866 1986 474
f 1981 474 1986
f 1984 504 1986
f 1985 1986 504
f 1989 506 1990
f 1985 1990 506
f 1988 1990 69
f 1987 69 1990
f 1974 500 1992
f 1982 1992 500
f 1991 1992 505
f 1989 505 1992
f 1881 1995 58
f 1984 58 1995
f 1994 1995 509
f 1993 509 1995
f 1993 477 1998
f 1878 1998 477
f 1997 1998 507
f 1996 507 1998
f 2001 509 2002
f 1997 2002 509
f 2000 2002 70
f 1999 70 2002
f 1987 504 2004
f 1994 2004 504
f 2003 2004 508
f 2001 508 2004
f 1996 59 2007
f 1893 2007 59
f 2006 2007 512
f 2005 512 2007
f 2005 480 2010
f 1890 2010 480
f 2009 2010 510
f 2008 510 2010
f 2013 512 2014
f 2009 2014 512
f 2012 2014 71
f 2011 71 2014
f 1999 507 2016
f 2006 2016 507
f 2015 2016 511
f 2013 511 2016
f 2008 60 2019
f 1905 2019 60
f 2018 2019 515
f 2017 515 2019
f 2022 2017 1902
f 483 1902 2017
f 513 2021 2020
f 2022 2020 2021
f 2026 2025 2021
f 515 2021 2025
f 72 2024 2023
f 2026 2023 2024
f 2011 510 2028
f 2018 2028 510
f 2027 2028 514
f 2025 514 2028
f 2031 2020 1917
f 61 1917 2020
f 518 2030 2029
f 2031 2029 2030
f 2034 2029 1914
f 486 1914 2029
f 516 2033 2032
f 2034 2032 2033
f 2038 2037 2033
f 518 2033 2037
f 73 2036 2035
f 2038 2035 2036
f 2040 2023 2030
f 513 2030 2023
f 517 2039 2037
f 2040 2037 2039
f 2032 62 2043
f 1929 2043 62
f 2042 2043 521
f 2041 521 2043
f 2046 2041 1926
f 489 1926 2041
f 519 2045 2044
f 2046 2044 2045
f 2050 2049 2045
f 521 2045 2049
f 74 2048 2047
f 2050 2047 2048
f 2052 2035 2042
f 516 2042 2035
f 2051 2052 520
f 2049 520 2052
f 2044 63 2055
f 1941 2055 63
f 2054 2055 524
f 2053 524 2055
f 2058 2053 1938
f 492 1938 2053
f 522 2057 2056
f 2058 2056 2057
f 2062 2061 2057
f 524 2057 2061
f 75 2060 2059
f 2062 2059 2060
f 2047 519 2064
f 2054 2064 519
f 2063 2064 523
f 2061 523 2064
f 2056 64 2067
f 1953 2067 64
f 527 2066 2065
f 2067 2065 2066
f 2070 2065 1950
f 495 1950 2065
f 525 2069 2068
f 2070 2068 2069
f 2073 527 2074
f 2069 2074 527
f 2071 76 2074
f 2072 2074 76
f 2059 522 2076
f 2066 2076 522
f 2075 2076 526
f 2073 526 2076
f 2079 2068 1965
f 65 1965 2068
f 530 2078 2077
f 2079 2077 2078
f 1962 2082 498
f 2077 498 2082
f 2080 528 2082
f 2081 2082 528
f 2081 2086 530
f 2085 530 2086
f 2083 77 2086
f 2084 2086 77
f 2078 2088 525
f 2071 525 2088
f 2085 529 2088
f 2087 2088 529
f 1978 2092 67
f 2091 67 2092
f 2089 534 2092
f 2090 2092 534
f 1975 2095 501
f 2089 501 2095
f 2093 531 2095
f 2094 2095 531
f 2094 2099 534
f 2098 534 2099
f 2096 79 2099
f 2097 2099 79
f 2090 2102 533
f 2101 533 2102
f 2098 532 2102
f 2100 2102 532
f 1991 2105 68
f 2093 68 2105
f 2103 537 2105
f 2104 2105 537
f 2103 505 2108
f 1988 2108 505
f 2107 2108 535
f 2106 535 2108
f 2107 2112 537
f 2111 537 2112
f 2110 2112 80
f 2109 80 2112
f 2104 2114 531
f 2096 531 2114
f 2111 536 2114
f 2113 2114 536
f 2106 69 2117
f 2003 2117 69
f 2117 2115 2116
f 540 2116 2115
f 508 2000 2115
f 2120 2115 2000
f 2120 2118 2119
f 538 2119 2118
f 540 2119 2123
f 2124 2123 2119
f 2124 2121 2122
f 81 2122 2121
f 535 2116 2109
f 2126 2109 2116
f 2126 2123 2125
f 539 2125 2123
f 70 2015 2118
f 2129 2118 2015
f 2129 2127 2128
f 543 2128 2127
f 511 2012 2127
f 2132 2127 2012
f 2132 2130 2131
f 541 2131 2130
f 543 2131 2135
f 2136 2135 2131
f 2136 2133 2134
f 82 2134 2133
f 538 2128 2121
f 2138 2121 2128
f 2138 2135 2137
f 542 2137 2135
f 2027 2141 71
f 2130 71 2141
f 2141 2139 2140
f 546 2140 2139
f 2024 2144 514
f 2139 514 2144
f 2142 544 2144
f 2143 2144 544
f 2143 2148 546
f 2147 546 2148
f 2145 83 2148
f 2146 2148 83
f 541 2140 2133
f 2150 2133 2140
f 2150 2147 2149
f 545 2149 2147
f 2039 2153 72
f 2142 72 2153
f 2151 549 2153
f 2152 2153 549
f 2036 2156 517
f 2151 517 2156
f 2154 547 2156
f 2155 2156 547
f 2155 2160 549
f 2159 549 2160
f 2157 84 2160
f 2158 2160 84
f 2152 2162 544
f 2145 544 2162
f 2159 548 2162
f 2161 2162 548
f 73 2051 2154
f 2165 2154 2051
f 2165 2163 2164
f 552 2164 2163
f 2048 2168 520
f 2163 520 2168
f 2166 550 2168
f 2167 2168 550
f 2167 2172 552
f 2171 552 2172
f 2169 85 2172
f 2170 2172 85
f 547 2164 2157
f 2174 2157 2164
f 2174 2171 2173
f 551 2173 2171
f 74 2063 2166
f 2177 2166 2063
f 2177 2175 2176
f 555 2176 2175
f 2060 2180 523
f 2175 523 2180
f 2178 553 2180
f 2179 2180 553
f 2179 2184 555
f 2183 555 2184
f 2181 86 2184
f 2182 2184 86
f 550 2176 2169
f 2186 2169 2176
f 2186 2183 2185
f 554 2185 2183
f 75 2075 2178
f 2189 2178 2075
f 2187 558 2189
f 2188 2189 558
f 2072 2192 526
f 2187 526 2192
f 2190 556 2192
f 2191 2192 556
f 2191 2196 558
f 2195 558 2196
f 2193 87 2196
f 2194 2196 87
f 553 2188 2181
f 2198 2181 2188
f 2195 557 2198
f 2197 2198 557
f 2087 2201 76
f 2190 76 2201
f 2199 561 2201
f 2200 2201 561
f 2084 2204 529
f 2199 529 2204
f 2202 559 2204
f 2203 2204 559
f 2203 2208 561
f 2207 561 2208
f 2205 88 2208
f 2206 2208 88
f 2200 2210 556
f 2193 556 2210
f 2207 560 2210
f 2209 2210 560
f 2100 2214 78
f 2213 78 2214
f 2211 565 2214
f 2212 2214 565
f 2097 2217 532
f 2211 532 2217
f 2215 562 2217
f 2216 2217 562
f 2216 2221 565
f 2220 565 2221
f 2218 90 2221
f 2219 2221 90
f 2212 2224 564
f 2223 564 2224
f 2220 563 2224
f 2222 2224 563
f 2113 2227 79
f 2215 79 2227
f 2225 568 2227
f 2226 2227 568
f 2110 2230 536
f 2225 536 2230
f 2228 566 2230
f 2229 2230 566
f 2229 2234 568
f 2233 568 2234
f 2231 91 2234
f 2232 2234 91
f 2226 2236 562
f 2218 562 2236
f 2233 567 2236
f 2235 2236 567
f 80 2125 2228
f 2239 2228 2125
f 2239 2237 2238
f 571 2238 2237
f 539 2122 2237
f 2242 2237 2122
f 2242 2240 2241
f 569 2241 2240
f 571 2241 2245
f 2246 2245 2241
f 2246 2243 2244
f 92 2244 2243
f 566 2238 2231
f 2248 2231 2238
f 2248 2245 2247
f 570 2247 2245
f 81 2137 2240
f 2251 2240 2137
f 2251 2249 2250
f 574 2250 2249
f 542 2134 2249
f 2254 2249 2134
f 2252 572 2254
f 2253 2254 572
f 2253 2258 574
f 2257 574 2258
f 2255 93 2258
f 2256 2258 93
f 569 2250 2243
f 2260 2243 2250
f 2257 573 2260
f 2259 2260 573
f 2149 2263 82
f 2252 82 2263
f 2261 577 2263
f 2262 2263 577
f 2146 2266 545
f 2261 545 2266
f 2264 575 2266
f 2265 2266 575
f 2265 2270 577
f 2269 577 2270
f 2267 94 2270
f 2268 2270 94
f 2262 2272 572
f 2255 572 2272
f 2269 576 2272
f 2271 2272 576
f 2161 2275 83
f 2264 83 2275
f 2273 580 2275
f 2274 2275 580
f 2158 2278 548
f 2273 548 2278
f 2276 578 2278
f 2277 2278 578
f 2277 2282 580
f 2281 580 2282
f 2279 95 2282
f 2280 2282 95
f 2274 2284 575
f 2267 575 2284
f 2284 2281 2283
f 579 2283 2281
f 84 2173 2276
f 2287 2276 2173
f 2287 2285 2286
f 583 2286 2285
f 2170 2290 551
f 2285 551 2290
f 2288 581 2290
f 2289 2290 581
f 2289 2294 583
f 2293 583 2294
f 2291 96 2294
f 2292 2294 96
f 578 2286 2279
f 2296 2279 2286
f 2296 2293 2295
f 582 2295 2293
f 85 2185 2288
f 2299 2288 2185
f 2299 2297 2298
f 586 2298 2297
f 2182 2302 554
f 2297 554 2302
f 2300 584 2302
f 2301 2302 584
f 2301 2306 586
f 2305 586 2306
f 2303 97 2306
f 2304 2306 97
f 581 2298 2291
f 2308 2291 2298
f 2308 2305 2307
f 585 2307 2305
f 86 2197 2300
f 2311 2300 2197
f 2309 589 2311
f 2310 2311 589
f 2194 2314 557
f 2309 557 2314
f 2312 587 2314
f 2313 2314 587
f 2313 2318 589
f 2317 589 2318
f 2315 98 2318
f 2316 2318 98
f 584 2310 2303
f 2320 2303 2310
f 2320 2317 2319
f 588 2319 2317
f 2209 2323 87
f 2312 87 2323
f 2321 592 2323
f 2322 2323 592
f 2206 2326 560
f 2321 560 2326
f 2324 590 2326
f 2325 2326 590
f 2325 2330 592
f 2329 592 2330
f 2327 99 2330
f 2328 2330 99
f 2322 2332 587
f 2315 587 2332
f 2332 2329 2331
f 591 2331 2329
f 2222 2336 89
f 2335 89 2336
f 2336 2333 2334
f 596 2334 2333
f 2219 2339 563
f 2333 563 2339
f 2339 2337 2338
f 593 2338 2337
f 596 2338 2342
f 2343 2342 2338
f 2343 2340 2341
f 101 2341 2340
f 595 2334 2345
f 2346 2345 2334
f 2346 2342 2344
f 594 2344 2342
f 2235 2349 90
f 2337 90 2349
f 2349 2347 2348
f 599 2348 2347
f 2232 2352 567
f 2347 567 2352
f 2352 2350 2351
f 597 2351 2350
f 599 2351 2355
f 2356 2355 2351
f 2356 2353 2354
f 102 2354 2353
f 593 2348 2340
f 2358 2340 2348
f 2358 2355 2357
f 598 2357 2355
f 91 2247 2350
f 2361 2350 2247
f 2361 2359 2360
f 602 2360 2359
f 570 2244 2359
f 2364 2359 2244
f 2364 2362 2363
f 600 2363 2362
f 602 2363 2367
f 2368 2367 2363
f 2368 2365 2366
f 103 2366 2365
f 597 2360 2353
f 2370 2353 2360
f 2370 2367 2369
f 601 2369 2367
f 2259 2373 92
f 2362 92 2373
f 2373 2371 2372
f 605 2372 2371
f 2256 2376 573
f 2371 573 2376
f 2376 2374 2375
f 603 2375 2374
f 605 2375 2379
f 2380 2379 2375
f 2380 2377 2378
f 104 2378 2377
f 600 2372 2365
f 2382 2365 2372
f 2382 2379 2381
f 604 2381 2379
f 2271 2385 93
f 2374 93 2385
f 2385 2383 2384
f 608 2384 2383
f 2268 2388 576
f 2383 576 2388
f 2388 2386 2387
f 606 2387 2386
f 608 2387 2391
f 2392 2391 2387
f 2392 2389 2390
f 105 2390 2389
f 603 2384 2377
f 2394 2377 2384
f 2394 2391 2393
f 607 2393 2391
f 94 2283 2386
f 2397 2386 2283
f 2397 2395 2396
f 611 2396 2395
f 2280 2400 579
f 2395 579 2400
f 2400 2398 2399
f 609 2399 2398
f 611 2399 2403
f 2404 2403 2399
f 2404 2401 2402
f 106 2402 2401
f 606 2396 2389
f 2406 2389 2396
f 2406 2403 2405
f 610 2405 2403
f 95 2295 2398
f 2409 2398 2295
f 2409 2407 2408
f 614 2408 2407
f 2292 2412 582
f 2407 582 2412
f 2412 2410 2411
f 612 2411 2410
f 614 2411 2415
f 2416 2415 2411
f 2416 2413 2414
f 107 2414 2413
f 609 2408 2401
f 2418 2401 2408
f 2418 2415 2417
f 613 2417 2415
f 96 2307 2410
f 2421 2410 2307
f 2421 2419 2420
f 617 2420 2419
f 2304 2424 585
f 2419 585 2424
f 2424 2422 2423
f 615 2423 2422
f 617 2423 2427
f 2428 2427 2423
f 2428 2425 2426
f 108 2426 2425
f 612 2420 2413
f 2430 2413 2420
f 2430 2427 2429
f 616 2429 2427
f 97 2319 2422
f 2433 2422 2319
f 2433 2431 2432
f 620 2432 2431
f 2316 2436 588
f 2431 588 2436
f 2436 2434 2435
f 618 2435 2434
f 620 2435 2439
f 2440 2439 2435
f 2440 2437 2438
f 109 2438 2437
f 615 2432 2425
f 2442 2425 2432
f 2442 2439 2441
f 619 2441 2439
f 98 2331 2434
f 2445 2434 2331
f 2445 2443 2444
f 623 2444 2443
f 2328 2448 591
f 2443 591 2448
f 2448 2446 2447
f 621 2447 2446
f 623 2447 2451
f 2452 2451 2447
f 2452 2449 2450
f 110 2450 2449
f 618 2444 2437
f 2454 2437 2444
f 2454 2451 2453
f 622 2453 2451
f 100 2344 2457
f 2458 2457 2344
f 2458 2455 2456
f 627 2456 2455
f 594 2341 2455
f 2461 2455 2341
f 2461 2459 2460
f 624 2460 2459
f 627 2460 2464
f 2465 2464 2460
f 2465 2462 2463
f 112 2463 2462
f 626 2456 2467
f 2468 2467 2456
f 2468 2464 2466
f 625 2466 2464
f 101 2357 2459
f 2471 2459 2357
f 2471 2469 2470
f 630 2470 2469
f 598 2354 2469
f 2474 2469 2354
f 2474 2472 2473
f 628 2473 2472
f 630 2473 2477
f 2478 2477 2473
f 2478 2475 2476
f 113 2476 2475
f 624 2470 2462
f 2480 2462 2470
f 2480 2477 2479
f 629 2479 2477
f 102 2369 2472
f 2483 2472 2369
f 2483 2481 2482
f 633 2482 2481
f 601 2366 2481
f 2486 2481 2366
f 2486 2484 2485
f 631 2485 2484
f 633 2485 2489
f 2490 2489 2485
f 2490 2487 2488
f 114 2488 2487
f 628 2482 2475
f 2492 2475 2482
f 2492 2489 2491
f 632 2491 2489
f 103 2381 2484
f 2495 2484 2381
f 2495 2493 2494
f 636 2494 2493
f 604 2378 2493
f 2498 2493 2378
f 2498 2496 2497
f 634 2497 2496
f 636 2497 2501
f 2502 2501 2497
f 2502 2499 2500
f 115 2500 2499
f 631 2494 2487
f 2504 2487 2494
f 2504 2501 2503
f 635 2503 2501
f 104 2393 2496
f 2507 2496 2393
f 2507 2505 2506
f 639 2506 2505
f 607 2390 2505
f 2510 2505 2390
f 2510 2508 2509
f 637 2509 2508
f 639 2509 2513
f 2514 2513 2509
f 2514 2511 2512
f 116 2512 2511
f 634 2506 2499
f 2516 2499 2506
f 2516 2513 2515
f 638 2515 2513
f 105 2405 2508
f 2519 2508 2405
f 2519 2517 2518
f 642 2518 2517
f 610 2402 2517
f 2522 2517 2402
f 2522 2520 2521
f 640 2521 2520
f 642 2521 2525
f 2526 2525 2521
f 2526 2523 2524
f 117 2524 2523
f 637 2518 2511
f 2528 2511 2518
f 2528 2525 2527
f 641 2527 2525
f 106 2417 2520
f 2531 2520 2417
f 2531 2529 2530
f 645 2530 2529
f 613 2414 2529
f 2534 2529 2414
f 2534 2532 2533
f 643 2533 2532
f 645 2533 2537
f 2538 2537 2533
f 2538 2535 2536
f 118 2536 2535
f 640 2530 2523
f 2540 2523 2530
f 2540 2537 2539
f 644 2539 2537
f 107 2429 2532
f 2543 2532 2429
f 2543 2541 2542
f 648 2542 2541
f 616 2426 2541
f 2546 2541 2426
f 2546 2544 2545
f 646 2545 2544
f 648 2545 2549
f 2550 2549 2545
f 2550 2547 2548
f 119 2548 2547
f 643 2542 2535
f 2552 2535 2542
f 2552 2549 2551
f 647 2551 2549
f 108 2441 2544
f 2555 2544 2441
f 2555 2553 2554
f 651 2554 2553
f 619 2438 2553
f 2558 2553 2438
f 2558 2556 2557
f 649 2557 2556
f 651 2557 2561
f 2562 2561 2557
f 2562 2559 2560
f 120 2560 2559
f 646 2554 2547
f 2564 2547 2554
f 2564 2561 2563
f 650 2563 2561
f 109 2453 2556
f 2567 2556 2453
f 2567 2565 2566
f 654 2566 2565
f 622 2450 2565
f 2570 2565 2450
f 2570 2568 2569
f 652 2569 2568
f 654 2569 2573
f 2574 2573 2569
f 2574 2571 2572
f 121 2572 2571
f 649 2566 2559
f 2576 2559 2566
f 2576 2573 2575
f 653 2575 2573
f 2466 2580 111
f 2579 111 2580
f 2577 658 2580
f 2578 2580 658
f 2463 2583 625
f 2577 625 2583
f 2581 655 2583
f 2582 2583 655
f 2582 2587 658
f 2586 658 2587
f 2584 123 2587
f 2585 2587 123
f 2578 2590 657
f 2589 657 2590
f 2586 656 2590
f 2588 2590 656
f 112 2479 2581
f 2593 2581 2479
f 2591 661 2593
f 2592 2593 661
f 2476 2596 629
f 2591 629 2596
f 2594 659 2596
f 2595 2596 659
f 2595 2600 661
f 2599 661 2600
f 2597 124 2600
f 2598 2600 124
f 2592 2602 655
f 2584 655 2602
f 2599 660 2602
f 2601 2602 660
f 113 2491 2594
f 2605 2594 2491
f 2603 664 2605
f 2604 2605 664
f 2488 2608 632
f 2603 632 2608
f 2606 662 2608
f 2607 2608 662
f 2607 2612 664
f 2611 664 2612
f 2609 125 2612
f 2610 2612 125
f 2604 2614 659
f 2597 659 2614
f 2611 663 2614
f 2613 2614 663
f 114 2503 2606
f 2617 2606 2503
f 2617 2615 2616
f 667 2616 2615
f 2500 2620 635
f 2615 635 2620
f 2618 665 2620
f 2619 2620 665
f 2619 2624 667
f 2623 667 2624
f 2621 126 2624
f 2622 2624 126
f 662 2616 2609
f 2626 2609 2616
f 2623 666 2626
f 2625 2626 666
f 115 2515 2618
f 2629 2618 2515
f 2629 2627 2628
f 670 2628 2627
f 2512 2632 638
f 2627 638 2632
f 2630 668 2632
f 2631 2632 668
f 2631 2636 670
f 2635 670 2636
f 2633 127 2636
f 2634 2636 127
f 665 2628 2621
f 2638 2621 2628
f 2638 2635 2637
f 669 2637 2635
f 116 2527 2630
f 2641 2630 2527
f 2641 2639 2640
f 673 2640 2639
f 2524 2644 641
f 2639 641 2644
f 2642 671 2644
f 2643 2644 671
f 2643 2648 673
f 2647 673 2648
f 2645 128 2648
f 2646 2648 128
f 668 2640 2633
f 2650 2633 2640
f 2650 2647 2649
f 672 2649 2647
f 117 2539 2642
f 2653 2642 2539
f 2653 2651 2652
f 676 2652 2651
f 2536 2656 644
f 2651 644 2656
f 2654 674 2656
f 2655 2656 674
f 2655 2660 676
f 2659 676 2660
f 2657 129 2660
f 2658 2660 129
f 671 2652 2645
f 2662 2645 2652
f 2662 2659 2661
f 675 2661 2659
f 118 2551 2654
f 2665 2654 2551
f 2665 2663 2664
f 679 2664 2663
f 2548 2668 647
f 2663 647 2668
f 2666 677 2668
f 2667 2668 677
f 2667 2672 679
f 2671 679 2672
f 2669 130 2672
f 2670 2672 130
f 674 2664 2657
f 2674 2657 2664
f 2674 2671 2673
f 678 2673 2671
f 119 2563 2666
f 2677 2666 2563
f 2677 2675 2676
f 682 2676 2675
f 2560 2680 650
f 2675 650 2680
f 2678 680 2680
f 2679 2680 680
f 2679 2684 682
f 2683 682 2684
f 2681 131 2684
f 2682 2684 131
f 677 2676 2669
f 2686 2669 2676
f 2686 2683 2685
f 681 2685 2683
f 120 2575 2678
f 2689 2678 2575
f 2689 2687 2688
f 685 2688 2687
f 2572 2692 653
f 2687 653 2692
f 2690 683 2692
f 2691 2692 683
f 2691 2696 685
f 2695 685 2696
f 2693 132 2696
f 2694 2696 132
f 680 2688 2681
f 2698 2681 2688
f 2698 2695 2697
f 684 2697 2695
f 2588 2702 122
f 2701 122 2702
f 2699 688 2702
f 2700 2702 688
f 2585 2705 656
f 2699 656 2705
f 2703 686 2705
f 2704 2705 686
f 688 2704 2707
f 2708 2707 2704
f 2708 2706 1342
f 2 1342 2706
f 687 2700 2709
f 2710 2709 2700
f 2710 2707 1337
f 335 1337 2707
f 2601 2713 123
f 2703 123 2713
f 2711 690 2713
f 2712 2713 690
f 2598 2716 660
f 2711 660 2716
f 2714 689 2716
f 2715 2716 689
f 2715 2719 690
f 2718 690 2719
f 2719 2717 1357
f 3 1357 2717
f 2712 2720 686
f 2706 686 2720
f 2720 2718 1353
f 340 1353 2718
f 2613 2723 124
f 2714 124 2723
f 2721 692 2723
f 2722 2723 692
f 2610 2726 663
f 2721 663 2726
f 2724 691 2726
f 2725 2726 691
f 2725 2729 692
f 2728 692 2729
f 2729 2727 1371
f 4 1371 2727
f 2722 2730 689
f 2717 689 2730
f 2730 2728 1367
f 344 1367 2728
f 2625 2733 125
f 2724 125 2733
f 2731 694 2733
f 2732 2733 694
f 2622 2736 666
f 2731 666 2736
f 2734 693 2736
f 2735 2736 693
f 2735 2739 694
f 2738 694 2739
f 2737 5 2739
f 1385 2739 5
f 2732 2740 691
f 2727 691 2740
f 2738 348 2740
f 1381 2740 348
f 126 2637 2734
f 2743 2734 2637
f 2743 2741 2742
f 696 2742 2741
f 2634 2746 669
f 2741 669 2746
f 2744 695 2746
f 2745 2746 695
f 2745 2749 696
f 2748 696 2749
f 2747 6 2749
f 1399 2749 6
f 2742 2750 693
f 2737 693 2750
f 2748 352 2750
f 1395 2750 352
f 127 2649 2744
f 2753 2744 2649
f 2753 2751 2752
f 698 2752 2751
f 2646 2756 672
f 2751 672 2756
f 2754 697 2756
f 2755 2756 697
f 2755 2759 698
f 2758 698 2759
f 2757 7 2759
f 1413 2759 7
f 695 2752 2747
f 2760 2747 2752
f 2760 2758 1409
f 356 1409 2758
f 128 2661 2754
f 2763 2754 2661
f 2763 2761 2762
f 700 2762 2761
f 2658 2766 675
f 2761 675 2766
f 2764 699 2766
f 2765 2766 699
f 2765 2769 700
f 2768 700 2769
f 2767 8 2769
f 1427 2769 8
f 697 2762 2757
f 2770 2757 2762
f 2770 2768 1423
f 360 1423 2768
f 129 2673 2764
f 2773 2764 2673
f 2773 2771 2772
f 702 2772 2771
f 2670 2776 678
f 2771 678 2776
f 2774 701 2776
f 2775 2776 701
f 2775 2779 702
f 2778 702 2779
f 2777 9 2779
f 1441 2779 9
f 699 2772 2767
f 2780 2767 2772
f 2780 2778 1437
f 364 1437 2778
f 130 2685 2774
f 2783 2774 2685
f 2783 2781 2782
f 704 2782 2781
f 2682 2786 681
f 2781 681 2786
f 2784 703 2786
f 2785 2786 703
f 2785 2789 704
f 2788 704 2789
f 2787 10 2789
f 1455 2789 10
f 701 2782 2777
f 2790 2777 2782
f 2790 2788 1451
f 368 1451 2788
f 131 2697 2784
f 2793 2784 2697
f 2793 2791 2792
f 706 2792 2791
f 2694 2796 684
f 2791 684 2796
f 2794 705 2796
f 2795 2796 705
f 2795 2799 706
f 2798 706 2799
f 2797 11 2799
f 1469 2799 11
f 703 2792 2787
f 2800 2787 2792
f 2800 2798 1465
f 372 1465 2798
f 34 1725 2803
f 2804 2803 1725
f 2804 2801 2802
f 710 2802 2801
f 2807 2801 1735
f 440 1735 2801
f 707 2806 2805
f 2807 2805 2806
f 2811 2810 2806
f 710 2806 2810
f 134 2809 2808
f 2811 2808 2809
f 709 2802 2813
f 2814 2813 2802
f 708 2812 2810
f 2814 2810 2812
f 2817 2805 1847
f 45 1847 2805
f 2817 2815 2816
f 713 2816 2815
f 471 1857 2815
f 2820 2815 1857
f 2820 2818 2819
f 711 2819 2818
f 713 2819 2823
f 2824 2823 2819
f 2824 2821 2822
f 135 2822 2821
f 2826 2808 2816
f 707 2816 2808
f 712 2825 2823
f 2826 2823 2825
f 2830 2829 2812
f 133 2812 2829
f 717 2828 2827
f 2830 2827 2828
f 2833 2827 2809
f 708 2809 2827
f 714 2832 2831
f 2833 2831 2832
f 2837 2836 2832
f 717 2832 2836
f 137 2835 2834
f 2837 2834 2835
f 2840 2839 2828
f 716 2828 2839
f 715 2838 2836
f 2840 2836 2838
f 2843 2831 2825
f 134 2825 2831
f 720 2842 2841
f 2843 2841 2842
f 712 2822 2841
f 2846 2841 2822
f 2846 2844 2845
f 718 2845 2844
f 2850 2849 2845
f 720 2845 2849
f 138 2848 2847
f 2850 2847 2848
f 2852 2834 2842
f 714 2842 2834
f 2851 2852 719
f 2849 719 2852
f 136 2838 2855
f 2856 2855 2838
f 2856 2853 2854
f 724 2854 2853
f 2859 2853 2835
f 715 2835 2853
f 2857 721 2859
f 2858 2859 721
f 724 2858 2862
f 2863 2862 2858
f 2860 140 2863
f 2861 2863 140
f 723 2854 2865
f 2866 2865 2854
f 2866 2862 2864
f 722 2864 2862
f 2851 2869 137
f 2857 137 2869
f 2867 727 2869
f 2868 2869 727
f 2848 2872 719
f 2867 719 2872
f 2870 725 2872
f 2871 2872 725
f 2871 2876 727
f 2875 727 2876
f 2873 141 2876
f 2874 2876 141
f 2868 2878 721
f 2860 721 2878
f 2875 726 2878
f 2877 2878 726
f 141 2873 2881
f 2882 2881 2873
f 2882 2879 2880
f 731 2880 2879
f 725 2870 2879
f 2885 2879 2870
f 2885 2883 2884
f 728 2884 2883
f 731 2884 2888
f 2889 2888 2884
f 2889 2886 2887
f 142 2887 2886
f 730 2880 2891
f 2892 2891 2880
f 2892 2888 2890
f 729 2890 2888
f 66 1961 2895
f 2896 2895 1961
f 2896 2893 2894
f 735 2894 2893
f 497 1958 2893
f 2899 2893 1958
f 2899 2897 2898
f 732 2898 2897
f 735 2898 2902
f 2903 2902 2898
f 2900 145 2903
f 2901 2903 145
f 2894 2906 734
f 2905 734 2906
f 2906 2902 2904
f 733 2904 2902
f 1839 2909 55
f 2897 55 2909
f 2907 738 2909
f 2908 2909 738
f 1836 2912 466
f 2907 466 2912
f 2910 736 2912
f 2911 2912 736
f 2911 2916 738
f 2915 738 2916
f 2913 144 2916
f 2914 2916 144
f 2908 2918 732
f 2900 732 2918
f 2915 737 2918
f 2917 2918 737
f 2904 2922 146
f 2921 146 2922
f 2922 2919 2920
f 742 2920 2919
f 733 2901 2919
f 2925 2919 2901
f 2925 2923 2924
f 739 2924 2923
f 742 2924 2928
f 2929 2928 2924
f 2929 2926 2927
f 148 2927 2926
f 741 2920 2931
f 2932 2931 2920
f 2932 2928 2930
f 740 2930 2928
f 2917 2935 145
f 2923 145 2935
f 2933 745 2935
f 2934 2935 745
f 2914 2938 737
f 2933 737 2938
f 2936 743 2938
f 2937 2938 743
f 2937 2942 745
f 2941 745 2942
f 2939 147 2942
f 2940 2942 147
f 2934 2944 739
f 2926 739 2944
f 2941 744 2944
f 2943 2944 744
f 2949 2948 2945
f 150 2945 2948
f 750 2947 2946
f 2949 2946 2947
f 2953 2946 2950
f 746 2950 2946
f 747 2952 2951
f 2953 2951 2952
f 2957 2956 2952
f 750 2952 2956
f 162 2955 2954
f 2957 2954 2955
f 2960 2959 2947
f 749 2947 2959
f 748 2958 2956
f 2960 2956 2958
f 2964 2963 2958
f 151 2958 2963
f 754 2962 2961
f 2964 2961 2962
f 2967 2961 2955
f 748 2955 2961
f 751 2966 2965
f 2967 2965 2966
f 2971 2970 2966
f 754 2966 2970
f 163 2969 2968
f 2971 2968 2969
f 2974 2973 2962
f 753 2962 2973
f 752 2972 2970
f 2974 2970 2972
f 2978 2977 2972
f 152 2972 2977
f 758 2976 2975
f 2978 2975 2976
f 2981 2975 2969
f 752 2969 2975
f 755 2980 2979
f 2981 2979 2980
f 2985 2984 2980
f 758 2980 2984
f 164 2983 2982
f 2985 2982 2983
f 2988 2987 2976
f 757 2976 2987
f 756 2986 2984
f 2988 2984 2986
f 2992 2991 2986
f 153 2986 2991
f 762 2990 2989
f 2992 2989 2990
f 2995 2989 2983
f 756 2983 2989
f 759 2994 2993
f 2995 2993 2994
f 2999 2998 2994
f 762 2994 2998
f 165 2997 2996
f 2999 2996 2997
f 2990 3002 761
f 3001 761 3002
f 2998 760 3002
f 3000 3002 760
f 3000 3006 154
f 3005 154 3006
f 3003 766 3006
f 3004 3006 766
f 2997 3009 760
f 3003 760 3009
f 3007 763 3009
f 3008 3009 763
f 3008 3013 766
f 3012 766 3013
f 3010 166 3013
f 3011 3013 166
f 3004 3016 765
f 3015 765 3016
f 3012 764 3016
f 3014 3016 764
f 3014 3020 155
f 3019 155 3020
f 3017 770 3020
f 3018 3020 770
f 3011 3023 764
f 3017 764 3023
f 3021 767 3023
f 3022 3023 767
f 3027 3026 3022
f 770 3022 3026
f 167 3025 3024
f 3027 3024 3025
f 3030 3029 3018
f 769 3018 3029
f 768 3028 3026
f 3030 3026 3028
f 3028 3034 156
f 3033 156 3034
f 3031 774 3034
f 3032 3034 774
f 3025 3037 768
f 3031 768 3037
f 3035 771 3037
f 3036 3037 771
f 3041 3040 3036
f 774 3036 3040
f 168 3039 3038
f 3041 3038 3039
f 3044 3043 3032
f 773 3032 3043
f 772 3042 3040
f 3044 3040 3042
f 3042 3048 157
f 3047 157 3048
f 3045 778 3048
f 3046 3048 778
f 3039 3051 772
f 3045 772 3051
f 3049 775 3051
f 3050 3051 775
f 3055 3054 3050
f 778 3050 3054
f 169 3053 3052
f 3055 3052 3053
f 3058 3057 3046
f 777 3046 3057
f 776 3056 3054
f 3058 3054 3056
f 3056 3062 158
f 3061 158 3062
f 3059 782 3062
f 3060 3062 782
f 3053 3065 776
f 3059 776 3065
f 3063 779 3065
f 3064 3065 779
f 3069 3068 3064
f 782 3064 3068
f 170 3067 3066
f 3069 3066 3067
f 3072 3071 3060
f 781 3060 3071
f 780 3070 3068
f 3072 3068 3070
f 3070 3076 159
f 3075 159 3076
f 3073 786 3076
f 3074 3076 786
f 3067 3079 780
f 3073 780 3079
f 3077 783 3079
f 3078 3079 783
f 3083 3082 3078
f 786 3078 3082
f 171 3081 3080
f 3083 3080 3081
f 3086 3085 3074
f 785 3074 3085
f 784 3084 3082
f 3086 3082 3084
f 161 3087 2951
f 3090 2951 3087
f 3090 3088 3089
f 790 3089 3088
f 787 3091 3088
f 3094 3088 3091
f 3094 3092 3093
f 788 3093 3092
f 790 3093 3097
f 3098 3097 3093
f 3098 3095 3096
f 173 3096 3095
f 3100 2954 3089
f 747 3089 2954
f 3100 3097 3099
f 789 3099 3097
f 3103 2965 3099
f 162 3099 2965
f 793 3102 3101
f 3103 3101 3102
f 3106 3101 3096
f 789 3096 3101
f 791 3105 3104
f 3106 3104 3105
f 3110 3109 3105
f 793 3105 3109
f 174 3108 3107
f 3110 3107 3108
f 3112 2968 3102
f 751 3102 2968
f 792 3111 3109
f 3112 3109 3111
f 3115 2979 3111
f 163 3111 2979
f 796 3114 3113
f 3115 3113 3114
f 3118 3113 3108
f 792 3108 3113
f 794 3117 3116
f 3118 3116 3117
f 3122 3121 3117
f 796 3117 3121
f 3119 175 3122
f 3120 3122 175
f 3124 2982 3114
f 755 3114 2982
f 795 3123 3121
f 3124 3121 3123
f 3127 2993 3123
f 164 3123 2993
f 799 3126 3125
f 3127 3125 3126
f 3130 3125 3120
f 795 3120 3125
f 3128 797 3130
f 3129 3130 797
f 3134 3133 3129
f 799 3129 3133
f 176 3132 3131
f 3134 3131 3132
f 3136 2996 3126
f 759 3126 2996
f 798 3135 3133
f 3136 3133 3135
f 3139 3007 3135
f 165 3135 3007
f 802 3138 3137
f 3139 3137 3138
f 3142 3137 3132
f 798 3132 3137
f 800 3141 3140
f 3142 3140 3141
f 3146 3145 3141
f 802 3141 3145
f 177 3144 3143
f 3146 3143 3144
f 3138 3148 763
f 3010 763 3148
f 801 3147 3145
f 3148 3145 3147
f 3147 3151 166
f 3021 166 3151
f 3149 805 3151
f 3150 3151 805
f 3144 3154 801
f 3149 801 3154
f 3152 803 3154
f 3153 3154 803
f 3158 3157 3153
f 805 3153 3157
f 178 3156 3155
f 3158 3155 3156
f 3160 3024 3150
f 767 3150 3024
f 804 3159 3157
f 3160 3157 3159
f 3159 3163 167
f 3035 167 3163
f 3161 808 3163
f 3162 3163 808
f 3156 3166 804
f 3161 804 3166
f 3164 806 3166
f 3165 3166 806
f 3170 3169 3165
f 808 3165 3169
f 179 3168 3167
f 3170 3167 3168
f 3172 3038 3162
f 771 3162 3038
f 807 3171 3169
f 3172 3169 3171
f 3171 3175 168
f 3049 168 3175
f 3173 811 3175
f 3174 3175 811
f 3168 3178 807
f 3173 807 3178
f 3176 809 3178
f 3177 3178 809
f 3182 3181 3177
f 811 3177 3181
f 180 3180 3179
f 3182 3179 3180
f 3184 3052 3174
f 775 3174 3052
f 810 3183 3181
f 3184 3181 3183
f 3183 3187 169
f 3063 169 3187
f 814 3186 3185
f 3187 3185 3186
f 3180 3190 810
f 3185 810 3190
f 812 3189 3188
f 3190 3188 3189
f 3194 3193 3189
f 814 3189 3193
f 181 3192 3191
f 3194 3191 3192
f 3196 3066 3186
f 779 3186 3066
f 813 3195 3193
f 3196 3193 3195
f 3195 3199 170
f 3077 170 3199
f 817 3198 3197
f 3199 3197 3198
f 3202 3197 3192
f 813 3192 3197
f 815 3201 3200
f 3202 3200 3201
f 3206 3205 3201
f 817 3201 3205
f 182 3204 3203
f 3206 3203 3204
f 3208 3080 3198
f 783 3198 3080
f 816 3207 3205
f 3208 3205 3207
f 172 3209 3092
f 3212 3092 3209
f 3212 3210 3211
f 821 3211 3210
f 818 3213 3210
f 3216 3210 3213
f 3216 3214 3215
f 819 3215 3214
f 821 3215 3219
f 3220 3219 3215
f 3220 3217 3218
f 184 3218 3217
f 788 3211 3095
f 3222 3095 3211
f 3222 3219 3221
f 820 3221 3219
f 173 3221 3104
f 3225 3104 3221
f 3225 3223 3224
f 824 3224 3223
f 820 3218 3223
f 3228 3223 3218
f 3228 3226 3227
f 822 3227 3226
f 3232 3231 3227
f 824 3227 3231
f 3229 185 3232
f 3230 3232 185
f 3234 3107 3224
f 791 3224 3107
f 823 3233 3231
f 3234 3231 3233
f 3233 3237 174
f 3116 174 3237
f 3235 827 3237
f 3236 3237 827
f 3230 3240 823
f 3235 823 3240
f 3238 825 3240
f 3239 3240 825
f 3239 3244 827
f 3243 827 3244
f 3241 186 3244
f 3242 3244 186
f 3236 3246 794
f 3119 794 3246
f 3243 826 3246
f 3245 3246 826
f 3245 3249 175
f 3128 175 3249
f 3247 830 3249
f 3248 3249 830
f 3242 3252 826
f 3247 826 3252
f 3250 828 3252
f 3251 3252 828
f 3251 3256 830
f 3255 830 3256
f 3253 187 3256
f 3254 3256 187
f 3248 3258 797
f 3131 797 3258
f 3255 829 3258
f 3257 3258 829
f 3257 3261 176
f 3140 176 3261
f 3259 833 3261
f 3260 3261 833
f 3254 3264 829
f 3259 829 3264
f 3262 831 3264
f 3263 3264 831
f 3263 3268 833
f 3267 833 3268
f 3265 188 3268
f 3266 3268 188
f 3260 3270 800
f 3143 800 3270
f 3267 832 3270
f 3269 3270 832
f 3269 3273 177
f 3152 177 3273
f 3271 836 3273
f 3272 3273 836
f 3266 3276 832
f 3271 832 3276
f 3274 834 3276
f 3275 3276 834
f 3275 3280 836
f 3279 836 3280
f 3277 189 3280
f 3278 3280 189
f 3272 3282 803
f 3155 803 3282
f 3279 835 3282
f 3281 3282 835
f 3281 3285 178
f 3164 178 3285
f 3283 839 3285
f 3284 3285 839
f 3278 3288 835
f 3283 835 3288
f 3286 837 3288
f 3287 3288 837
f 3287 3292 839
f 3291 839 3292
f 3289 190 3292
f 3290 3292 190
f 3284 3294 806
f 3167 806 3294
f 3291 838 3294
f 3293 3294 838
f 3293 3297 179
f 3176 179 3297
f 3295 842 3297
f 3296 3297 842
f 3290 3300 838
f 3295 838 3300
f 3298 840 3300
f 3299 3300 840
f 3299 3304 842
f 3303 842 3304
f 3301 191 3304
f 3302 3304 191
f 3296 3306 809
f 3179 809 3306
f 3303 841 3306
f 3305 3306 841
f 3305 3309 180
f 3188 180 3309
f 3307 845 3309
f 3308 3309 845
f 3302 3312 841
f 3307 841 3312
f 3310 843 3312
f 3311 3312 843
f 3311 3316 845
f 3315 845 3316
f 3313 192 3316
f 3314 3316 192
f 3308 3318 812
f 3191 812 3318
f 3315 844 3318
f 3317 3318 844
f 3321 3200 3317
f 181 3317 3200
f 3319 848 3321
f 3320 3321 848
f 3314 3324 844
f 3319 844 3324
f 3322 846 3324
f 3323 3324 846
f 3328 3327 3323
f 848 3323 3327
f 193 3326 3325
f 3328 3325 3326
f 3330 3203 3320
f 815 3320 3203
f 3327 847 3330
f 3329 3330 847
f 183 3331 3214
f 3334 3214 3331
f 3334 3332 3333
f 852 3333 3332
f 849 3335 3332
f 3338 3332 3335
f 3336 850 3338
f 3337 3338 850
f 852 3337 3341
f 3342 3341 3337
f 3342 3339 3340
f 195 3340 3339
f 819 3333 3217
f 3344 3217 3333
f 3344 3341 3343
f 851 3343 3341
f 184 3343 3226
f 3347 3226 3343
f 3347 3345 3346
f 855 3346 3345
f 851 3340 3345
f 3350 3345 3340
f 3348 853 3350
f 3349 3350 853
f 3349 3354 855
f 3353 855 3354
f 3351 196 3354
f 3352 3354 196
f 3356 3229 3346
f 822 3346 3229
f 3353 854 3356
f 3355 3356 854
f 3355 3359 185
f 3238 185 3359
f 3357 858 3359
f 3358 3359 858
f 3352 3362 854
f 3357 854 3362
f 3360 856 3362
f 3361 3362 856
f 3361 3366 858
f 3365 858 3366
f 3363 197 3366
f 3364 3366 197
f 3358 3368 825
f 3241 825 3368
f 3365 857 3368
f 3367 3368 857
f 3367 3371 186
f 3250 186 3371
f 3369 861 3371
f 3370 3371 861
f 3364 3374 857
f 3369 857 3374
f 3372 859 3374
f 3373 3374 859
f 3373 3378 861
f 3377 861 3378
f 198 3376 3375
f 3378 3375 3376
f 3370 3380 828
f 3253 828 3380
f 3377 860 3380
f 3379 3380 860
f 3379 3383 187
f 3262 187 3383
f 3381 864 3383
f 3382 3383 864
f 3376 3386 860
f 3381 860 3386
f 862 3385 3384
f 3386 3384 3385
f 3385 3390 864
f 3389 864 3390
f 199 3388 3387
f 3390 3387 3388
f 3382 3392 831
f 3265 831 3392
f 3389 863 3392
f 3391 3392 863
f 3391 3395 188
f 3274 188 3395
f 3393 867 3395
f 3394 3395 867
f 3388 3398 863
f 3393 863 3398
f 865 3397 3396
f 3398 3396 3397
f 3397 3402 867
f 3401 867 3402
f 200 3400 3399
f 3402 3399 3400
f 3394 3404 834
f 3277 834 3404
f 3401 866 3404
f 3403 3404 866
f 3403 3407 189
f 3286 189 3407
f 3405 870 3407
f 3406 3407 870
f 3400 3410 866
f 3405 866 3410
f 3408 868 3410
f 3409 3410 868
f 3409 3414 870
f 3413 870 3414
f 201 3412 3411
f 3414 3411 3412
f 3406 3416 837
f 3289 837 3416
f 3413 869 3416
f 3415 3416 869
f 3415 3419 190
f 3298 190 3419
f 3417 873 3419
f 3418 3419 873
f 3412 3422 869
f 3417 869 3422
f 3420 871 3422
f 3421 3422 871
f 3421 3426 873
f 3425 873 3426
f 202 3424 3423
f 3426 3423 3424
f 3418 3428 840
f 3301 840 3428
f 3425 872 3428
f 3427 3428 872
f 3427 3431 191
f 3310 191 3431
f 3429 876 3431
f 3430 3431 876
f 3424 3434 872
f 3429 872 3434
f 874 3433 3432
f 3434 3432 3433
f 3433 3438 876
f 3437 876 3438
f 203 3436 3435
f 3438 3435 3436
f 3430 3440 843
f 3313 843 3440
f 3437 875 3440
f 3439 3440 875
f 3439 3443 192
f 3322 192 3443
f 3441 879 3443
f 3442 3443 879
f 3436 3446 875
f 3441 875 3446
f 877 3445 3444
f 3446 3444 3445
f 3445 3450 879
f 3449 879 3450
f 3450 3447 3448
f 204 3448 3447
f 3442 3452 846
f 3325 846 3452
f 3452 3449 3451
f 878 3451 3449
f 3453 3456 194
f 3336 194 3456
f 3454 883 3456
f 3455 3456 883
f 3457 3460 880
f 3454 880 3460
f 3458 881 3460
f 3459 3460 881
f 3459 3464 883
f 3463 883 3464
f 3461 206 3464
f 3462 3464 206
f 3455 3466 850
f 3339 850 3466
f 3463 882 3466
f 3465 3466 882
f 3465 3469 195
f 3348 195 3469
f 3467 886 3469
f 3468 3469 886
f 3462 3472 882
f 3467 882 3472
f 3470 884 3472
f 3471 3472 884
f 3471 3476 886
f 3475 886 3476
f 3473 207 3476
f 3474 3476 207
f 3468 3478 853
f 3351 853 3478
f 3475 885 3478
f 3477 3478 885
f 3477 3481 196
f 3360 196 3481
f 3479 889 3481
f 3480 3481 889
f 3474 3484 885
f 3479 885 3484
f 3482 887 3484
f 3483 3484 887
f 3483 3488 889
f 3487 889 3488
f 3485 208 3488
f 3486 3488 208
f 3480 3490 856
f 3363 856 3490
f 3487 888 3490
f 3489 3490 888
f 3489 3493 197
f 3372 197 3493
f 3491 892 3493
f 3492 3493 892
f 3486 3496 888
f 3491 888 3496
f 3494 890 3496
f 3495 3496 890
f 3495 3500 892
f 3499 892 3500
f 209 3498 3497
f 3500 3497 3498
f 3502 3375 3492
f 859 3492 3375
f 891 3501 3499
f 3502 3499 3501
f 3505 3384 3501
f 198 3501 3384
f 895 3504 3503
f 3505 3503 3504
f 3508 3503 3498
f 891 3498 3503
f 893 3507 3506
f 3508 3506 3507
f 3512 3511 3507
f 895 3507 3511
f 210 3510 3509
f 3512 3509 3510
f 3514 3387 3504
f 862 3504 3387
f 894 3513 3511
f 3514 3511 3513
f 3517 3396 3513
f 199 3513 3396
f 898 3516 3515
f 3517 3515 3516
f 3520 3515 3510
f 894 3510 3515
f 896 3519 3518
f 3520 3518 3519
f 3524 3523 3519
f 898 3519 3523
f 211 3522 3521
f 3524 3521 3522
f 3526 3399 3516
f 865 3516 3399
f 897 3525 3523
f 3526 3523 3525
f 3525 3529 200
f 3408 200 3529
f 3527 901 3529
f 3528 3529 901
f 3522 3532 897
f 3527 897 3532
f 3530 899 3532
f 3531 3532 899
f 3536 3535 3531
f 901 3531 3535
f 212 3534 3533
f 3536 3533 3534
f 3538 3411 3528
f 868 3528 3411
f 900 3537 3535
f 3538 3535 3537
f 3537 3541 201
f 3420 201 3541
f 3539 904 3541
f 3540 3541 904
f 3534 3544 900
f 3539 900 3544
f 3542 902 3544
f 3543 3544 902
f 3548 3547 3543
f 904 3543 3547
f 213 3546 3545
f 3548 3545 3546
f 3550 3423 3540
f 871 3540 3423
f 903 3549 3547
f 3550 3547 3549
f 3549 3553 202
f 3432 202 3553
f 907 3552 3551
f 3553 3551 3552
f 3546 3556 903
f 3551 903 3556
f 905 3555 3554
f 3556 3554 3555
f 3560 3559 3555
f 907 3555 3559
f 214 3558 3557
f 3560 3557 3558
f 3562 3435 3552
f 874 3552 3435
f 906 3561 3559
f 3562 3559 3561
f 3565 3444 3561
f 203 3561 3444
f 3565 3563 3564
f 910 3564 3563
f 3568 3563 3558
f 906 3558 3563
f 908 3567 3566
f 3568 3566 3567
f 910 3567 3571
f 3572 3571 3567
f 215 3570 3569
f 3572 3569 3570
f 877 3564 3447
f 3574 3447 3564
f 909 3573 3571
f 3574 3571 3573
f 205 3575 3458
f 3578 3458 3575
f 3578 3576 3577
f 914 3577 3576
f 911 3579 3576
f 3582 3576 3579
f 3582 3580 3581
f 912 3581 3580
f 914 3581 3585
f 3586 3585 3581
f 3583 217 3586
f 3584 3586 217
f 3577 3588 881
f 3461 881 3588
f 3585 913 3588
f 3587 3588 913
f 3587 3591 206
f 3470 206 3591
f 3589 917 3591
f 3590 3591 917
f 3584 3594 913
f 3589 913 3594
f 3592 915 3594
f 3593 3594 915
f 3593 3598 917
f 3597 917 3598
f 3595 218 3598
f 3596 3598 218
f 3590 3600 884
f 3473 884 3600
f 3597 916 3600
f 3599 3600 916
f 3599 3603 207
f 3482 207 3603
f 3601 920 3603
f 3602 3603 920
f 3596 3606 916
f 3601 916 3606
f 3604 918 3606
f 3605 3606 918
f 3605 3610 920
f 3609 920 3610
f 3607 219 3610
f 3608 3610 219
f 3602 3612 887
f 3485 887 3612
f 3609 919 3612
f 3611 3612 919
f 3611 3615 208
f 3494 208 3615
f 3613 923 3615
f 3614 3615 923
f 3608 3618 919
f 3613 919 3618
f 3616 921 3618
f 3617 3618 921
f 3617 3622 923
f 3621 923 3622
f 3619 220 3622
f 3620 3622 220
f 3614 3624 890
f 3497 890 3624
f 3621 922 3624
f 3623 3624 922
f 3623 3627 209
f 3506 209 3627
f 3625 926 3627
f 3626 3627 926
f 3620 3630 922
f 3625 922 3630
f 3628 924 3630
f 3629 3630 924
f 3634 3633 3629
f 926 3629 3633
f 221 3632 3631
f 3634 3631 3632
f 3636 3509 3626
f 893 3626 3509
f 925 3635 3633
f 3636 3633 3635
f 3639 3518 3635
f 210 3635 3518
f 929 3638 3637
f 3639 3637 3638
f 3642 3637 3632
f 925 3632 3637
f 927 3641 3640
f 3642 3640 3641
f 3646 3645 3641
f 929 3641 3645
f 222 3644 3643
f 3646 3643 3644
f 3648 3521 3638
f 896 3638 3521
f 928 3647 3645
f 3648 3645 3647
f 3647 3651 211
f 3530 211 3651
f 3649 932 3651
f 3650 3651 932
f 3654 3649 3644
f 928 3644 3649
f 3652 930 3654
f 3653 3654 930
f 3658 3657 3653
f 932 3653 3657
f 223 3656 3655
f 3658 3655 3656
f 3660 3533 3650
f 899 3650 3533
f 931 3659 3657
f 3660 3657 3659
f 3659 3663 212
f 3542 212 3663
f 3661 935 3663
f 3662 3663 935
f 3656 3666 931
f 3661 931 3666
f 3664 933 3666
f 3665 3666 933
f 3670 3669 3665
f 935 3665 3669
f 224 3668 3667
f 3670 3667 3668
f 3672 3545 3662
f 902 3662 3545
f 934 3671 3669
f 3672 3669 3671
f 3671 3675 213
f 3554 213 3675
f 938 3674 3673
f 3675 3673 3674
f 3668 3678 934
f 3673 934 3678
f 3676 936 3678
f 3677 3678 936
f 3677 3682 938
f 3681 938 3682
f 3680 3682 225
f 3679 225 3682
f 3684 3557 3674
f 905 3674 3557
f 937 3683 3681
f 3684 3681 3683
f 3687 3566 3683
f 214 3683 3566
f 941 3686 3685
f 3687 3685 3686
f 3685 937 3690
f 3680 3690 937
f 3689 3690 939
f 3688 939 3690
f 3693 941 3694
f 3689 3694 941
f 3692 3694 226
f 3691 226 3694
f 3569 908 3696
f 3686 3696 908
f 3695 3696 940
f 3693 940 3696
f 3580 216 3700
f 3697 3700 216
f 3698 945 3700
f 3699 3700 945
f 3701 3704 942
f 3698 942 3704
f 3702 943 3704
f 3703 3704 943
f 3703 3708 945
f 3707 945 3708
f 3705 228 3708
f 3706 3708 228
f 3699 3710 912
f 3583 912 3710
f 3707 944 3710
f 3709 3710 944
f 3709 3713 217
f 3592 217 3713
f 3711 948 3713
f 3712 3713 948
f 3706 3716 944
f 3711 944 3716
f 3714 946 3716
f 3715 3716 946
f 3715 3720 948
f 3719 948 3720
f 3717 229 3720
f 3718 3720 229
f 3712 3722 915
f 3595 915 3722
f 3719 947 3722
f 3721 3722 947
f 3721 3725 218
f 3604 218 3725
f 3725 3723 3724
f 951 3724 3723
f 947 3718 3723
f 3728 3723 3718
f 3728 3726 3727
f 949 3727 3726
f 951 3727 3731
f 3732 3731 3727
f 3732 3729 3730
f 230 3730 3729
f 918 3724 3607
f 3734 3607 3724
f 3734 3731 3733
f 950 3733 3731
f 219 3733 3616
f 3737 3616 3733
f 3737 3735 3736
f 954 3736 3735
f 950 3730 3735
f 3740 3735 3730
f 3740 3738 3739
f 952 3739 3738
f 954 3739 3743
f 3744 3743 3739
f 3744 3741 3742
f 231 3742 3741
f 921 3736 3619
f 3746 3619 3736
f 3746 3743 3745
f 953 3745 3743
f 3628 220 3749
f 3745 3749 220
f 3749 3747 3748
f 957 3748 3747
f 953 3742 3747
f 3752 3747 3742
f 3752 3750 3751
f 955 3751 3750
f 3755 957 3756
f 3751 3756 957
f 3754 3756 232
f 3753 232 3756
f 3631 924 3758
f 3748 3758 924
f 3757 3758 956
f 3755 956 3758
f 3640 221 3761
f 3757 3761 221
f 3760 3761 960
f 3759 960 3761
f 3759 956 3764
f 3754 3764 956
f 3763 3764 958
f 3762 958 3764
f 3767 960 3768
f 3763 3768 960
f 3766 3768 233
f 3765 233 3768
f 3643 927 3770
f 3760 3770 927
f 3769 3770 959
f 3767 959 3770
f 222 3769 3652
f 3773 3652 3769
f 3773 3771 3772
f 963 3772 3771
f 959 3766 3771
f 3776 3771 3766
f 3776 3774 3775
f 961 3775 3774
f 3779 963 3780
f 3775 3780 963
f 3778 3780 234
f 3777 234 3780
f 3655 930 3782
f 3772 3782 930
f 3781 3782 962
f 3779 962 3782
f 223 3781 3664
f 3785 3664 3781
f 3785 3783 3784
f 966 3784 3783
f 962 3778 3783
f 3788 3783 3778
f 3788 3786 3787
f 964 3787 3786
f 3791 966 3792
f 3787 3792 966
f 3790 3792 235
f 3789 235 3792
f 3667 933 3794
f 3784 3794 933
f 3793 3794 965
f 3791 965 3794
f 224 3793 3676
f 3797 3676 3793
f 3796 3797 969
f 3795 969 3797
f 965 3790 3795
f 3800 3795 3790
f 3799 3800 967
f 3798 967 3800
f 3803 969 3804
f 3799 3804 969
f 3802 3804 236
f 3801 236 3804
f 3679 936 3806
f 3796 3806 936
f 3805 3806 968
f 3803 968 3806
f 3688 225 3809
f 3805 3809 225
f 3808 3809 972
f 3807 972 3809
f 3807 968 3812
f 3802 3812 968
f 3811 3812 970
f 3810 970 3812
f 3815 972 3816
f 3811 3816 972
f 3814 3816 237
f 3813 237 3816
f 3691 939 3818
f 3808 3818 939
f 3817 3818 971
f 3815 971 3818
f 3819 3822 227
f 3702 227 3822
f 3821 3822 976
f 3820 976 3822
f 3820 973 3826
f 3823 3826 973
f 3825 3826 974
f 3824 974 3826
f 3829 976 3830
f 3825 3830 976
f 3828 3830 239
f 3827 239 3830
f 3821 3832 943
f 3705 943 3832
f 3829 975 3832
f 3831 3832 975
f 3831 3835 228
f 3714 228 3835
f 3833 979 3835
f 3834 3835 979
f 3833 975 3838
f 3828 3838 975
f 3837 3838 977
f 3836 977 3838
f 3841 979 3842
f 3837 3842 979
f 3840 3842 240
f 3839 240 3842
f 3834 3844 946
f 3717 946 3844
f 3843 3844 978
f 3841 978 3844
f 229 3843 3726
f 3847 3726 3843
f 3847 3845 3846
f 982 3846 3845
f 978 3840 3845
f 3850 3845 3840
f 3850 3848 3849
f 980 3849 3848
f 982 3849 3853
f 3854 3853 3849
f 3854 3851 3852
f 241 3852 3851
f 949 3846 3729
f 3856 3729 3846
f 3856 3853 3855
f 981 3855 3853
f 230 3855 3738
f 3859 3738 3855
f 3859 3857 3858
f 985 3858 3857
f 981 3852 3857
f 3862 3857 3852
f 3861 3862 983
f 3860 983 3862
f 3865 985 3866
f 3861 3866 985
f 3864 3866 242
f 3863 242 3866
f 952 3858 3741
f 3868 3741 3858
f 3867 3868 984
f 3865 984 3868
f 3750 231 3871
f 3867 3871 231
f 3870 3871 988
f 3869 988 3871
f 3869 984 3874
f 3864 3874 984
f 3873 3874 986
f 3872 986 3874
f 3877 988 3878
f 3873 3878 988
f 3876 3878 243
f 3875 243 3878
f 3753 955 3880
f 3870 3880 955
f 3879 3880 987
f 3877 987 3880
f 3762 232 3883
f 3879 3883 232
f 3882 3883 991
f 3881 991 3883
f 3881 987 3886
f 3876 3886 987
f 3886 3884 3885
f 989 3885 3884
f 3889 991 3890
f 3885 3890 991
f 3888 3890 244
f 3887 244 3890
f 3765 958 3892
f 3882 3892 958
f 3891 3892 990
f 3889 990 3892
f 233 3891 3774
f 3895 3774 3891
f 3895 3893 3894
f 994 3894 3893
f 990 3888 3893
f 3898 3893 3888
f 3898 3896 3897
f 992 3897 3896
f 3901 994 3902
f 3897 3902 994
f 3900 3902 245
f 3899 245 3902
f 3777 961 3904
f 3894 3904 961
f 3903 3904 993
f 3901 993 3904
f 234 3903 3786
f 3907 3786 3903
f 3907 3905 3906
f 997 3906 3905
f 993 3900 3905
f 3910 3905 3900
f 3910 3908 3909
f 995 3909 3908
f 3913 997 3914
f 3909 3914 997
f 3912 3914 246
f 3911 246 3914
f 3789 964 3916
f 3906 3916 964
f 3915 3916 996
f 3913 996 3916
f 235 3915 3798
f 3919 3798 3915
f 3918 3919 1000
f 3917 1000 3919
f 996 3912 3917
f 3922 3917 3912
f 3922 3920 3921
f 998 3921 3920
f 3925 1000 3926
f 3921 3926 1000
f 3924 3926 247
f 3923 247 3926
f 3801 967 3928
f 3918 3928 967
f 3927 3928 999
f 3925 999 3928
f 3810 236 3931
f 3927 3931 236
f 3930 3931 1003
f 3929 1003 3931
f 3929 999 3934
f 3924 3934 999
f 3934 3932 3933
f 1001 3933 3932
f 3937 1003 3938
f 3933 3938 1003
f 3936 3938 248
f 3935 248 3938
f 3813 970 3940
f 3930 3940 970
f 3939 3940 1002
f 3937 1002 3940
f 3824 238 3944
f 3941 3944 238
f 3944 3942 3943
f 1007 3943 3942
f 1004 3945 3942
f 3948 3942 3945
f 3948 3946 3947
f 1005 3947 3946
f 1007 3947 3951
f 3952 3951 3947
f 3952 3949 3950
f 250 3950 3949
f 3827 974 3954
f 3943 3954 974
f 3954 3951 3953
f 1006 3953 3951
f 3836 239 3957
f 3953 3957 239
f 3957 3955 3956
f 1010 3956 3955
f 1006 3950 3955
f 3960 3955 3950
f 3960 3958 3959
f 1008 3959 3958
f 1010 3959 3963
f 3964 3963 3959
f 3964 3961 3962
f 251 3962 3961
f 3839 977 3966
f 3956 3966 977
f 3966 3963 3965
f 1009 3965 3963
f 240 3965 3848
f 3969 3848 3965
f 3969 3967 3968
f 1013 3968 3967
f 1009 3962 3967
f 3972 3967 3962
f 3972 3970 3971
f 1011 3971 3970
f 1013 3971 3975
f 3976 3975 3971
f 3976 3973 3974
f 252 3974 3973
f 980 3968 3851
f 3978 3851 3968
f 3978 3975 3977
f 1012 3977 3975
f 3860 241 3981
f 3977 3981 241
f 3981 3979 3980
f 1016 3980 3979
f 1012 3974 3979
f 3984 3979 3974
f 3984 3982 3983
f 1014 3983 3982
f 1016 3983 3987
f 3988 3987 3983
f 3988 3985 3986
f 253 3986 3985
f 3863 983 3990
f 3980 3990 983
f 3990 3987 3989
f 1015 3989 3987
f 3872 242 3993
f 3989 3993 242
f 3993 3991 3992
f 1019 3992 3991
f 1015 3986 3991
f 3996 3991 3986
f 3996 3994 3995
f 1017 3995 3994
f 1019 3995 3999
f 4000 3999 3995
f 4000 3997 3998
f 254 3998 3997
f 3875 986 4002
f 3992 4002 986
f 4002 3999 4001
f 1018 4001 3999
f 243 4001 3884
f 4005 3884 4001
f 4005 4003 4004
f 1022 4004 4003
f 1018 3998 4003
f 4008 4003 3998
f 4008 4006 4007
f 1020 4007 4006
f 1022 4007 4011
f 4012 4011 4007
f 4012 4009 4010
f 255 4010 4009
f 3887 989 4014
f 4004 4014 989
f 4014 4011 4013
f 1021 4013 4011
f 244 4013 3896
f 4017 3896 4013
f 4017 4015 4016
f 1025 4016 4015
f 1021 4010 4015
f 4020 4015 4010
f 4020 4018 4019
f 1023 4019 4018
f 1025 4019 4023
f 4024 4023 4019
f 4024 4021 4022
f 256 4022 4021
f 3899 992 4026
f 4016 4026 992
f 4026 4023 4025
f 1024 4025 4023
f 245 4025 3908
f 4029 3908 4025
f 4029 4027 4028
f 1028 4028 4027
f 1024 4022 4027
f 4032 4027 4022
f 4032 4030 4031
f 1026 4031 4030
f 1028 4031 4035
f 4036 4035 4031
f 4036 4033 4034
f 257 4034 4033
f 3911 995 4038
f 4028 4038 995
f 4038 4035 4037
f 1027 4037 4035
f 246 4037 3920
f 4041 3920 4037
f 4041 4039 4040
f 1031 4040 4039
f 1027 4034 4039
f 4044 4039 4034
f 4044 4042 4043
f 1029 4043 4042
f 1031 4043 4047
f 4048 4047 4043
f 4048 4045 4046
f 258 4046 4045
f 3923 998 4050
f 4040 4050 998
f 4050 4047 4049
f 1030 4049 4047
f 247 4049 3932
f 4053 3932 4049
f 4053 4051 4052
f 1034 4052 4051
f 1030 4046 4051
f 4056 4051 4046
f 4056 4054 4055
f 1032 4055 4054
f 1034 4055 4059
f 4060 4059 4055
f 4060 4057 4058
f 259 4058 4057
f 3935 1001 4062
f 4052 4062 1001
f 4062 4059 4061
f 1033 4061 4059
f 249 4063 3946
f 4066 3946 4063
f 4066 4064 4065
f 1038 4065 4064
f 1035 4067 4064
f 4070 4064 4067
f 4070 4068 4069
f 1036 4069 4068
f 1038 4069 4073
f 4074 4073 4069
f 4074 4071 4072
f 261 4072 4071
f 1005 4065 3949
f 4076 3949 4065
f 4076 4073 4075
f 1037 4075 4073
f 250 4075 3958
f 4079 3958 4075
f 4079 4077 4078
f 1041 4078 4077
f 1037 4072 4077
f 4082 4077 4072
f 4082 4080 4081
f 1039 4081 4080
f 1041 4081 4085
f 4086 4085 4081
f 4086 4083 4084
f 262 4084 4083
f 1008 4078 3961
f 4088 3961 4078
f 4088 4085 4087
f 1040 4087 4085
f 251 4087 3970
f 4091 3970 4087
f 4091 4089 4090
f 1044 4090 4089
f 1040 4084 4089
f 4094 4089 4084
f 4094 4092 4093
f 1042 4093 4092
f 1044 4093 4097
f 4098 4097 4093
f 4098 4095 4096
f 263 4096 4095
f 1011 4090 3973
f 4100 3973 4090
f 4100 4097 4099
f 1043 4099 4097
f 252 4099 3982
f 4103 3982 4099
f 4103 4101 4102
f 1047 4102 4101
f 1043 4096 4101
f 4106 4101 4096
f 4106 4104 4105
f 1045 4105 4104
f 1047 4105 4109
f 4110 4109 4105
f 4110 4107 4108
f 264 4108 4107
f 1014 4102 3985
f 4112 3985 4102
f 4112 4109 4111
f 1046 4111 4109
f 253 4111 3994
f 4115 3994 4111
f 4115 4113 4114
f 1050 4114 4113
f 1046 4108 4113
f 4118 4113 4108
f 4118 4116 4117
f 1048 4117 4116
f 1050 4117 4121
f 4122 4121 4117
f 4122 4119 4120
f 265 4120 4119
f 1017 4114 3997
f 4124 3997 4114
f 4124 4121 4123
f 1049 4123 4121
f 254 4123 4006
f 4127 4006 4123
f 4127 4125 4126
f 1053 4126 4125
f 1049 4120 4125
f 4130 4125 4120
f 4130 4128 4129
f 1051 4129 4128
f 1053 4129 4133
f 4134 4133 4129
f 4134 4131 4132
f 266 4132 4131
f 1020 4126 4009
f 4136 4009 4126
f 4136 4133 4135
f 1052 4135 4133
f 255 4135 4018
f 4139 4018 4135
f 4139 4137 4138
f 1056 4138 4137
f 1052 4132 4137
f 4142 4137 4132
f 4142 4140 4141
f 1054 4141 4140
f 1056 4141 4145
f 4146 4145 4141
f 4146 4143 4144
f 267 4144 4143
f 1023 4138 4021
f 4148 4021 4138
f 4148 4145 4147
f 1055 4147 4145
f 256 4147 4030
f 4151 4030 4147
f 4151 4149 4150
f 1059 4150 4149
f 1055 4144 4149
f 4154 4149 4144
f 4154 4152 4153
f 1057 4153 4152
f 1059 4153 4157
f 4158 4157 4153
f 4158 4155 4156
f 268 4156 4155
f 1026 4150 4033
f 4160 4033 4150
f 4160 4157 4159
f 1058 4159 4157
f 257 4159 4042
f 4163 4042 4159
f 4163 4161 4162
f 1062 4162 4161
f 1058 4156 4161
f 4166 4161 4156
f 4166 4164 4165
f 1060 4165 4164
f 1062 4165 4169
f 4170 4169 4165
f 4170 4167 4168
f 269 4168 4167
f 1029 4162 4045
f 4172 4045 4162
f 4172 4169 4171
f 1061 4171 4169
f 258 4171 4054
f 4175 4054 4171
f 4175 4173 4174
f 1065 4174 4173
f 1061 4168 4173
f 4178 4173 4168
f 4178 4176 4177
f 1063 4177 4176
f 1065 4177 4181
f 4182 4181 4177
f 4182 4179 4180
f 270 4180 4179
f 1032 4174 4057
f 4184 4057 4174
f 4184 4181 4183
f 1064 4183 4181
f 4068 260 4188
f 4185 4188 260
f 4187 4188 1069
f 4186 1069 4188
f 4186 1066 4192
f 4189 4192 1066
f 4191 4192 1067
f 4190 1067 4192
f 4195 1069 4196
f 4191 4196 1069
f 4194 4196 272
f 4193 272 4196
f 4071 1036 4198
f 4187 4198 1036
f 4197 4198 1068
f 4195 1068 4198
f 261 4197 4080
f 4201 4080 4197
f 4200 4201 1072
f 4199 1072 4201
f 4199 1068 4204
f 4194 4204 1068
f 4203 4204 1070
f 4202 1070 4204
f 4207 1072 4208
f 4203 4208 1072
f 4206 4208 273
f 4205 273 4208
f 4083 1039 4210
f 4200 4210 1039
f 4209 4210 1071
f 4207 1071 4210
f 262 4209 4092
f 4213 4092 4209
f 4212 4213 1075
f 4211 1075 4213
f 4211 1071 4216
f 4206 4216 1071
f 4215 4216 1073
f 4214 1073 4216
f 4219 1075 4220
f 4215 4220 1075
f 4218 4220 274
f 4217 274 4220
f 4095 1042 4222
f 4212 4222 1042
f 4221 4222 1074
f 4219 1074 4222
f 263 4221 4104
f 4225 4104 4221
f 4225 4223 4224
f 1078 4224 4223
f 1074 4218 4223
f 4228 4223 4218
f 4227 4228 1076
f 4226 1076 4228
f 4231 1078 4232
f 4227 4232 1078
f 4230 4232 275
f 4229 275 4232
f 4107 1045 4234
f 4224 4234 1045
f 4233 4234 1077
f 4231 1077 4234
f 264 4233 4116
f 4237 4116 4233
f 4237 4235 4236
f 1081 4236 4235
f 1077 4230 4235
f 4240 4235 4230
f 4240 4238 4239
f 1079 4239 4238
f 4243 1081 4244
f 4239 4244 1081
f 4242 4244 276
f 4241 276 4244
f 4119 1048 4246
f 4236 4246 1048
f 4245 4246 1080
f 4243 1080 4246
f 265 4245 4128
f 4249 4128 4245
f 4249 4247 4248
f 1084 4248 4247
f 1080 4242 4247
f 4252 4247 4242
f 4252 4250 4251
f 1082 4251 4250
f 4255 1084 4256
f 4251 4256 1084
f 4254 4256 277
f 4253 277 4256
f 4131 1051 4258
f 4248 4258 1051
f 4257 4258 1083
f 4255 1083 4258
f 266 4257 4140
f 4261 4140 4257
f 4261 4259 4260
f 1087 4260 4259
f 1083 4254 4259
f 4264 4259 4254
f 4264 4262 4263
f 1085 4263 4262
f 4267 1087 4268
f 4263 4268 1087
f 4266 4268 278
f 4265 278 4268
f 4143 1054 4270
f 4260 4270 1054
f 4269 4270 1086
f 4267 1086 4270
f 267 4269 4152
f 4273 4152 4269
f 4273 4271 4272
f 1090 4272 4271
f 1086 4266 4271
f 4276 4271 4266
f 4276 4274 4275
f 1088 4275 4274
f 4279 1090 4280
f 4275 4280 1090
f 4278 4280 279
f 4277 279 4280
f 4155 1057 4282
f 4272 4282 1057
f 4281 4282 1089
f 4279 1089 4282
f 268 4281 4164
f 4285 4164 4281
f 4285 4283 4284
f 1093 4284 4283
f 1089 4278 4283
f 4288 4283 4278
f 4288 4286 4287
f 1091 4287 4286
f 4291 1093 4292
f 4287 4292 1093
f 4290 4292 280
f 4289 280 4292
f 4167 1060 4294
f 4284 4294 1060
f 4293 4294 1092
f 4291 1092 4294
f 269 4293 4176
f 4297 4176 4293
f 4297 4295 4296
f 1096 4296 4295
f 1092 4290 4295
f 4300 4295 4290
f 4300 4298 4299
f 1094 4299 4298
f 4303 1096 4304
f 4299 4304 1096
f 4302 4304 281
f 4301 281 4304
f 4179 1063 4306
f 4296 4306 1063
f 4305 4306 1095
f 4303 1095 4306
f 4190 271 4310
f 4307 4310 271
f 4309 4310 1099
f 4308 1099 4310
f 1097 4311 4308
f 4313 4308 4311
f 4313 2948 4312
f 749 4312 2948
f 1099 4312 4315
f 4316 4315 4312
f 4316 2959 4314
f 151 4314 2959
f 4193 1067 4318
f 4309 4318 1067
f 4317 4318 1098
f 4315 1098 4318
f 4202 272 4321
f 4317 4321 272
f 4320 4321 1101
f 4319 1101 4321
f 4319 1098 4323
f 4314 4323 1098
f 4323 2963 4322
f 753 4322 2963
f 4325 1101 4326
f 4322 4326 1101
f 4326 2973 4324
f 152 4324 2973
f 4205 1070 4328
f 4320 4328 1070
f 4327 4328 1100
f 4325 1100 4328
f 4214 273 4331
f 4327 4331 273
f 4330 4331 1103
f 4329 1103 4331
f 4329 1100 4333
f 4324 4333 1100
f 4333 2977 4332
f 757 4332 2977
f 4335 1103 4336
f 4332 4336 1103
f 4336 2987 4334
f 153 4334 2987
f 4217 1073 4338
f 4330 4338 1073
f 4337 4338 1102
f 4335 1102 4338
f 4226 274 4341
f 4337 4341 274
f 4340 4341 1105
f 4339 1105 4341
f 4339 1102 4343
f 4334 4343 1102
f 4342 4343 761
f 2991 761 4343
f 4345 1105 4346
f 4342 4346 1105
f 4344 4346 154
f 3001 154 4346
f 4229 1076 4348
f 4340 4348 1076
f 4347 4348 1104
f 4345 1104 4348
f 275 4347 4238
f 4351 4238 4347
f 4351 4349 4350
f 1107 4350 4349
f 4349 1104 4353
f 4344 4353 1104
f 4352 4353 765
f 3005 765 4353
f 4355 1107 4356
f 4352 4356 1107
f 4354 4356 155
f 3015 155 4356
f 4241 1079 4358
f 4350 4358 1079
f 4357 4358 1106
f 4355 1106 4358
f 276 4357 4250
f 4361 4250 4357
f 4361 4359 4360
f 1109 4360 4359
f 1106 4354 4359
f 4363 4359 4354
f 4363 3019 4362
f 769 4362 3019
f 4365 1109 4366
f 4362 4366 1109
f 4364 4366 156
f 3029 156 4366
f 4253 1082 4368
f 4360 4368 1082
f 4367 4368 1108
f 4365 1108 4368
f 277 4367 4262
f 4371 4262 4367
f 4371 4369 4370
f 1111 4370 4369
f 1108 4364 4369
f 4373 4369 4364
f 4373 3033 4372
f 773 4372 3033
f 4375 1111 4376
f 4372 4376 1111
f 4374 4376 157
f 3043 157 4376
f 4265 1085 4378
f 4370 4378 1085
f 4377 4378 1110
f 4375 1110 4378
f 278 4377 4274
f 4381 4274 4377
f 4381 4379 4380
f 1113 4380 4379
f 1110 4374 4379
f 4383 4379 4374
f 4383 3047 4382
f 777 4382 3047
f 4385 1113 4386
f 4382 4386 1113
f 4384 4386 158
f 3057 158 4386
f 4277 1088 4388
f 4380 4388 1088
f 4387 4388 1112
f 4385 1112 4388
f 279 4387 4286
f 4391 4286 4387
f 4391 4389 4390
f 1115 4390 4389
f 1112 4384 4389
f 4393 4389 4384
f 4393 3061 4392
f 781 4392 3061
f 4395 1115 4396
f 4392 4396 1115
f 4394 4396 159
f 3071 159 4396
f 4289 1091 4398
f 4390 4398 1091
f 4397 4398 1114
f 4395 1114 4398
f 280 4397 4298
f 4401 4298 4397
f 4401 4399 4400
f 1117 4400 4399
f 1114 4394 4399
f 4403 4399 4394
f 4403 3075 4402
f 785 4402 3075
f 4405 1117 4406
f 4402 4406 1117
f 4404 4406 160
f 3085 160 4406
f 4301 1094 4408
f 4400 4408 1094
f 4407 4408 1116
f 4405 1116 4408
f 183 4409 3331
f 4412 3331 4409
f 4412 4410 4411
f 1121 4411 4410
f 1118 4413 4410
f 4416 4410 4413
f 1119 4415 4414
f 4416 4414 4415
f 4420 4419 4415
f 1121 4415 4419
f 283 4418 4417
f 4420 4417 4418
f 4422 3335 4411
f 849 4411 3335
f 1120 4421 4419
f 4422 4419 4421
f 4425 3453 4421
f 194 4421 3453
f 4425 4423 4424
f 1124 4424 4423
f 4428 4423 4418
f 1120 4418 4423
f 1122 4427 4426
f 4428 4426 4427
f 1124 4427 4431
f 4432 4431 4427
f 4432 4429 4430
f 284 4430 4429
f 880 4424 3457
f 4434 3457 4424
f 4434 4431 4433
f 1123 4433 4431
f 4438 4414 4435
f 282 4435 4414
f 1128 4437 4436
f 4438 4436 4437
f 4442 4436 4439
f 1125 4439 4436
f 1126 4441 4440
f 4442 4440 4441
f 4446 4445 4441
f 1128 4441 4445
f 286 4444 4443
f 4446 4443 4444
f 4448 4417 4437
f 1119 4437 4417
f 1127 4447 4445
f 4448 4445 4447
f 4451 4426 4447
f 283 4447 4426
f 1131 4450 4449
f 4451 4449 4450
f 4454 4449 4444
f 1127 4444 4449
f 4452 1129 4454
f 4453 4454 1129
f 4458 4457 4453
f 1131 4453 4457
f 287 4456 4455
f 4458 4455 4456
f 1122 4450 4429
f 4460 4429 4450
f 4460 4457 4459
f 1130 4459 4457
f 285 4461 4440
f 4464 4440 4461
f 4464 4462 4463
f 1135 4463 4462
f 1132 4465 4462
f 4468 4462 4465
f 4468 4466 4467
f 1133 4467 4466
f 1135 4467 4471
f 4472 4471 4467
f 4470 4472 289
f 4469 289 4472
f 4474 4443 4463
f 1126 4463 4443
f 4473 4474 1134
f 4471 1134 4474
f 4473 4477 286
f 4452 286 4477
f 4475 1138 4477
f 4476 4477 1138
f 4470 4480 1134
f 4475 1134 4480
f 4478 1136 4480
f 4479 4480 1136
f 4479 4484 1138
f 4483 1138 4484
f 4481 290 4484
f 4482 4484 290
f 4476 4486 1129
f 4455 1129 4486
f 4483 1137 4486
f 4485 4486 1137
f 290 4487 4482
f 4490 4482 4487
f 4490 4488 4489
f 1142 4489 4488
f 1139 4491 4488
f 4494 4488 4491
f 4494 4492 4493
f 1140 4493 4492
f 1142 4493 4497
f 4498 4497 4493
f 4498 4495 4496
f 291 4496 4495
f 1137 4489 4485
f 4500 4485 4489
f 4500 4497 4499
f 1141 4499 4497
f 215 4501 3570
f 4504 3570 4501
f 4504 4502 4503
f 1146 4503 4502
f 4502 1143 4508
f 4505 4508 1143
f 4508 4506 4507
f 1144 4507 4506
f 1146 4507 4511
f 4512 4511 4507
f 4510 4512 294
f 4509 294 4512
f 909 4503 3573
f 4514 3573 4503
f 4514 4511 4513
f 1145 4513 4511
f 4513 4517 204
f 3448 204 4517
f 4515 1149 4517
f 4516 4517 1149
f 4515 1145 4520
f 4510 4520 1145
f 4518 1147 4520
f 4519 4520 1147
f 4519 4524 1149
f 4523 1149 4524
f 4522 4524 293
f 4521 293 4524
f 4516 4526 878
f 3451 878 4526
f 4523 1148 4526
f 4525 4526 1148
f 4506 295 4530
f 4527 4530 295
f 4530 4528 4529
f 1153 4529 4528
f 1150 4531 4528
f 4534 4528 4531
f 4534 4532 4533
f 1151 4533 4532
f 1153 4533 4537
f 4538 4537 4533
f 4538 4535 4536
f 297 4536 4535
f 1144 4529 4509
f 4540 4509 4529
f 4540 4537 4539
f 1152 4539 4537
f 4518 294 4543
f 4539 4543 294
f 4542 4543 1156
f 4541 1156 4543
f 4541 1152 4546
f 4536 4546 1152
f 4545 4546 1154
f 4544 1154 4546
f 4549 1156 4550
f 4545 4550 1156
f 4548 4550 296
f 4547 296 4550
f 4521 1147 4552
f 4542 4552 1147
f 4551 4552 1155
f 4549 1155 4552
f 4557 4556 4553
f 323 4553 4556
f 1160 4555 4554
f 4557 4554 4555
f 4560 4554 4558
f 1157 4558 4554
f 338 4559 1340
f 4560 1340 4559
f 4563 4562 4559
f 1160 4559 4562
f 12 4561 1351
f 4563 1351 4561
f 4566 4565 4555
f 1159 4555 4565
f 1158 4564 4562
f 4566 4562 4564
f 1470 11 4570
f 4567 4570 11
f 4569 4570 1164
f 4568 1164 4570
f 4574 4568 4571
f 1161 4571 4568
f 1162 4573 4572
f 4574 4572 4573
f 4578 4577 4573
f 1164 4573 4577
f 318 4576 4575
f 4578 4575 4576
f 1473 373 4580
f 4569 4580 373
f 4579 4580 1163
f 4577 1163 4580
f 4584 4583 4564
f 316 4564 4583
f 4584 4581 4582
f 1167 4582 4581
f 1158 4561 4581
f 4586 4581 4561
f 4586 1481 4585
f 378 4585 1481
f 1167 4585 4588
f 4589 4588 4585
f 4589 1491 4587
f 23 4587 1491
f 4592 4591 4582
f 1166 4582 4591
f 4592 4588 4590
f 1165 4590 4588
f 1592 22 4595
f 4579 4595 22
f 4594 4595 1170
f 4593 1170 4595
f 4598 4593 4576
f 1163 4576 4593
f 4597 4598 1168
f 4596 1168 4598
f 4601 1170 4602
f 4597 4602 1170
f 4600 4602 319
f 4599 319 4602
f 1595 404 4604
f 4594 4604 404
f 4603 4604 1169
f 4601 1169 4604
f 4608 4607 4590
f 317 4590 4607
f 1173 4606 4605
f 4608 4605 4606
f 1165 4587 4605
f 4610 4605 4587
f 4610 1603 4609
f 409 4609 1603
f 4613 4612 4609
f 1173 4609 4612
f 4613 1613 4611
f 34 4611 1613
f 4616 4615 4606
f 1172 4606 4615
f 1171 4614 4612
f 4616 4612 4614
f 1714 33 4619
f 4603 4619 33
f 4618 4619 1176
f 4617 1176 4619
f 4617 1169 4622
f 4600 4622 1169
f 1174 4621 4620
f 4622 4620 4621
f 4625 1176 4626
f 4621 4626 1176
f 4626 4623 4624
f 308 4624 4623
f 1717 435 4628
f 4618 4628 435
f 4627 4628 1175
f 4625 1175 4628
f 4633 4632 4629
f 314 4629 4632
f 1180 4631 4630
f 4633 4630 4631
f 4636 4630 4634
f 1177 4634 4630
f 4636 1969 4635
f 502 4635 1969
f 1180 4635 4638
f 4639 4638 4635
f 4639 1979 4637
f 67 4637 1979
f 4642 4641 4631
f 1179 4631 4641
f 4642 4638 4640
f 1178 4640 4638
f 66 4643 2080
f 4646 2080 4643
f 4645 4646 1184
f 4644 1184 4646
f 4647 4650 1181
f 4644 1181 4650
f 4649 4650 1182
f 4648 1182 4650
f 4653 1184 4654
f 4649 4654 1184
f 4652 4654 330
f 4651 330 4654
f 2083 528 4656
f 4645 4656 528
f 4655 4656 1183
f 4653 1183 4656
f 321 4640 4659
f 4660 4659 4640
f 4657 1187 4660
f 4658 4660 1187
f 4637 4662 1178
f 4657 1178 4662
f 2091 533 4662
f 4661 4662 533
f 4661 4665 1187
f 4664 1187 4665
f 2101 78 4665
f 4663 4665 78
f 4658 4668 1186
f 4667 1186 4668
f 4664 1185 4668
f 4666 4668 1185
f 4655 4671 77
f 2202 77 4671
f 4669 1190 4671
f 4670 4671 1190
f 4669 1183 4674
f 4652 4674 1183
f 4672 1188 4674
f 4673 4674 1188
f 4673 4678 1190
f 4677 1190 4678
f 4675 331 4678
f 4676 4678 331
f 4670 4680 559
f 2205 559 4680
f 4677 1189 4680
f 4679 4680 1189
f 4666 4684 322
f 4683 322 4684
f 4681 1193 4684
f 4682 4684 1193
f 4663 4686 1185
f 4681 1185 4686
f 2213 564 4686
f 4685 4686 564
f 4685 4689 1193
f 4688 1193 4689
f 2223 89 4689
f 4687 4689 89
f 4682 4692 1192
f 4691 1192 4692
f 4692 4688 4690
f 1191 4690 4688
f 4679 4695 88
f 2324 88 4695
f 4693 1196 4695
f 4694 4695 1196
f 4676 4698 1189
f 4693 1189 4698
f 4696 1194 4698
f 4697 4698 1194
f 4697 4702 1196
f 4701 1196 4702
f 4699 332 4702
f 4700 4702 332
f 4694 4704 590
f 2327 590 4704
f 4704 4701 4703
f 1195 4703 4701
f 324 4690 4707
f 4708 4707 4690
f 4708 4705 4706
f 1199 4706 4705
f 1191 4687 4705
f 4710 4705 4687
f 4710 2335 4709
f 595 4709 2335
f 1199 4709 4712
f 4713 4712 4709
f 4713 2345 4711
f 100 4711 2345
f 1198 4706 4715
f 4716 4715 4706
f 4716 4712 4714
f 1197 4714 4712
f 99 4703 2446
f 4719 2446 4703
f 4719 4717 4718
f 1202 4718 4717
f 4700 4722 1195
f 4717 1195 4722
f 4722 4720 4721
f 1200 4721 4720
f 1202 4721 4725
f 4726 4725 4721
f 4726 4723 4724
f 333 4724 4723
f 621 4718 2449
f 4728 2449 4718
f 4728 4725 4727
f 1201 4727 4725
f 325 4714 4731
f 4732 4731 4714
f 4732 4729 4730
f 1205 4730 4729
f 1197 4711 4729
f 4734 4729 4711
f 4734 2457 4733
f 626 4733 2457
f 1205 4733 4736
f 4737 4736 4733
f 4737 2467 4735
f 111 4735 2467
f 1204 4730 4739
f 4740 4739 4730
f 4740 4736 4738
f 1203 4738 4736
f 110 4727 2568
f 4743 2568 4727
f 4743 4741 4742
f 1208 4742 4741
f 1201 4724 4741
f 4746 4741 4724
f 4746 4744 4745
f 1206 4745 4744
f 1208 4745 4749
f 4750 4749 4745
f 4750 4747 4748
f 334 4748 4747
f 652 4742 2571
f 4752 2571 4742
f 4752 4749 4751
f 1207 4751 4749
f 326 4738 4755
f 4756 4755 4738
f 4753 1211 4756
f 4754 4756 1211
f 4735 4758 1203
f 4753 1203 4758
f 2579 657 4758
f 4757 4758 657
f 4757 4761 1211
f 4760 1211 4761
f 2589 122 4761
f 4759 4761 122
f 4754 4764 1210
f 4763 1210 4764
f 4760 1209 4764
f 4762 4764 1209
f 121 4751 2690
f 4767 2690 4751
f 4767 4765 4766
f 1214 4766 4765
f 4748 4770 1207
f 4765 1207 4770
f 4768 1212 4770
f 4769 4770 1212
f 4769 4774 1214
f 4773 1214 4774
f 4771 329 4774
f 4772 4774 329
f 683 4766 2693
f 4776 2693 4766
f 4776 4773 4775
f 1213 4775 4773
f 4762 4780 327
f 4779 327 4780
f 4777 1216 4780
f 4778 4780 1216
f 4759 4782 1209
f 4777 1209 4782
f 2701 687 4782
f 4781 4782 687
f 1216 4781 4783
f 4784 4783 4781
f 4784 2709 4558
f 1 4558 2709
f 1215 4778 4785
f 4786 4785 4778
f 4786 4783 4553
f 1157 4553 4783
f 132 4775 2794
f 4789 2794 4775
f 4789 4787 4788
f 1218 4788 4787
f 4772 4792 1213
f 4787 1213 4792
f 4790 1217 4792
f 4791 4792 1217
f 4791 4795 1218
f 4794 1218 4795
f 4793 328 4795
f 4571 4795 328
f 705 4788 2797
f 4796 2797 4788
f 4796 4794 4567
f 1161 4567 4794
f 4800 4799 4614
f 305 4614 4799
f 4797 1221 4800
f 4798 4800 1221
f 4802 4797 4611
f 1171 4611 4797
f 2803 709 4802
f 4801 4802 709
f 1221 4801 4804
f 4805 4804 4801
f 133 4803 2813
f 4805 2813 4803
f 1220 4798 4807
f 4808 4807 4798
f 4808 4804 4806
f 1219 4806 4804
f 56 4634 2818
f 4811 2818 4634
f 4811 4809 4810
f 1224 4810 4809
f 1177 4629 4809
f 4814 4809 4629
f 4814 4812 4813
f 1222 4813 4812
f 1224 4813 4817
f 4818 4817 4813
f 4818 4815 4816
f 302 4816 4815
f 711 4810 2821
f 4820 2821 4810
f 4820 4817 4819
f 1223 4819 4817
f 135 4819 2844
f 4823 2844 4819
f 4822 4823 1227
f 4821 1227 4823
f 1223 4816 4821
f 4826 4821 4816
f 4825 4826 1225
f 4824 1225 4826
f 4829 1227 4830
f 4825 4830 1227
f 4828 4830 315
f 4827 315 4830
f 718 4822 2847
f 4832 2847 4822
f 4832 4829 4831
f 1226 4831 4829
f 4836 4835 4806
f 306 4806 4835
f 1230 4834 4833
f 4836 4833 4834
f 4838 4833 4803
f 1219 4803 4833
f 716 4837 2829
f 4838 2829 4837
f 4841 4840 4837
f 1230 4837 4840
f 136 4839 2839
f 4841 2839 4839
f 4844 4843 4834
f 1229 4834 4843
f 4844 4840 4842
f 1228 4842 4840
f 4842 4848 307
f 4847 307 4848
f 4845 1233 4848
f 4846 4848 1233
f 1228 4839 4845
f 4850 4845 4839
f 4850 2855 4849
f 723 4849 2855
f 1233 4849 4852
f 4853 4852 4849
f 4853 2865 4851
f 139 4851 2865
f 4846 4856 1232
f 4855 1232 4856
f 4854 4856 1231
f 4852 1231 4856
f 4859 301 4860
f 4854 4860 301
f 4858 4860 1236
f 4857 1236 4860
f 4857 1231 4862
f 4851 4862 1231
f 4861 4862 722
f 2864 722 4862
f 4864 1236 4865
f 4861 4865 1236
f 140 4863 2861
f 4865 2861 4863
f 4867 1235 4868
f 4858 4868 1235
f 4866 4868 1234
f 4864 1234 4868
f 4866 4872 299
f 4871 299 4872
f 4872 4869 4870
f 1239 4870 4869
f 4863 4874 1234
f 4869 1234 4874
f 4874 2877 4873
f 726 4873 2877
f 1239 4873 4876
f 4877 4876 4873
f 4877 2874 4875
f 141 4875 2874
f 1238 4870 4879
f 4880 4879 4870
f 4880 4876 4878
f 1237 4878 4876
f 138 4831 2883
f 4883 2883 4831
f 4883 4881 4882
f 1242 4882 4881
f 1226 4828 4881
f 4886 4881 4828
f 4884 1240 4886
f 4885 4886 1240
f 1242 4885 4889
f 4890 4889 4885
f 4887 303 4890
f 4888 4890 303
f 728 4882 2886
f 4892 2886 4882
f 4892 4889 4891
f 1241 4891 4889
f 300 4878 4895
f 4896 4895 4878
f 1245 4894 4893
f 4896 4893 4894
f 1237 4875 4893
f 4898 4893 4875
f 4898 2881 4897
f 730 4897 2881
f 1245 4897 4900
f 4901 4900 4897
f 4901 2891 4899
f 143 4899 2891
f 4903 1244 4904
f 4894 4904 1244
f 4902 4904 1243
f 4900 1243 4904
f 4891 4907 142
f 2887 142 4907
f 4905 1247 4907
f 4906 4907 1247
f 4888 4910 1241
f 4905 1241 4910
f 4908 1246 4910
f 4909 4910 1246
f 1247 4909 4912
f 4913 4912 4909
f 4913 4911 4902
f 304 4902 4911
f 729 4906 2890
f 4914 2890 4906
f 4914 4912 4899
f 1243 4899 4912
f 320 4647 4917
f 4918 4917 4647
f 4915 1250 4918
f 4916 4918 1250
f 4643 4920 1181
f 4915 1181 4920
f 2895 734 4920
f 4919 4920 734
f 4919 4923 1250
f 4922 1250 4923
f 2905 146 4923
f 4921 4923 146
f 4916 4926 1249
f 4925 1249 4926
f 4922 1248 4926
f 4924 4926 1248
f 44 4627 2910
f 4929 2910 4627
f 4929 4927 4928
f 1253 4928 4927
f 1175 4624 4927
f 4932 4927 4624
f 4932 4930 4931
f 1251 4931 4930
f 1253 4931 4935
f 4936 4935 4931
f 4936 4933 4934
f 310 4934 4933
f 4928 4938 736
f 2913 736 4938
f 4938 4935 4937
f 1252 4937 4935
f 4924 4942 311
f 4941 311 4942
f 4939 1256 4942
f 4940 4942 1256
f 4921 4944 1248
f 4939 1248 4944
f 2921 741 4944
f 4943 4944 741
f 4943 4947 1256
f 4946 1256 4947
f 2931 149 4947
f 4945 4947 149
f 4940 4950 1255
f 4949 1255 4950
f 4946 1254 4950
f 4948 4950 1254
f 4937 4953 144
f 2936 144 4953
f 4951 1259 4953
f 4952 4953 1259
f 1252 4934 4951
f 4956 4951 4934
f 4956 4954 4955
f 1257 4955 4954
f 1259 4955 4959
f 4960 4959 4955
f 4960 4957 4958
f 312 4958 4957
f 4952 4962 743
f 2939 743 4962
f 4962 4959 4961
f 1258 4961 4959
f 147 4961 2940
f 4965 2940 4961
f 4965 4963 4964
f 1262 4964 4963
f 1258 4958 4963
f 4968 4963 4958
f 4968 4966 4967
f 1260 4967 4966
f 4972 4971 4967
f 1262 4967 4971
f 4970 4972 309
f 4969 309 4972
f 744 4964 2943
f 4974 2943 4964
f 4974 4971 4973
f 1261 4973 4971
f 2927 148 4977
f 4973 4977 148
f 4975 1264 4977
f 4976 4977 1264
f 4970 4980 1261
f 4975 1261 4980
f 4979 4980 1263
f 4978 1263 4980
f 4979 4983 1264
f 4982 1264 4983
f 4948 4983 313
f 4981 313 4983
f 4976 4984 740
f 2930 740 4984
f 4982 1254 4984
f 4945 4984 1254
f 4988 4987 4556
f 323 4556 4987
f 1267 4986 4985
f 4988 4985 4986
f 4991 4985 4565
f 1159 4565 4985
f 1265 4990 4989
f 4991 4989 4990
f 4994 4993 4990
f 1267 4990 4993
f 161 2950 4992
f 4994 4992 2950
f 4996 4995 4986
f 1266 4986 4995
f 746 2945 4993
f 4996 4993 2945
f 3084 5000 160
f 4999 160 5000
f 4997 1270 5000
f 4998 5000 1270
f 3081 5003 784
f 4997 784 5003
f 5001 1268 5003
f 5002 5003 1268
f 5006 5005 5002
f 1270 5002 5005
f 318 4575 5004
f 5006 5004 4575
f 5008 5007 4998
f 1269 4998 5007
f 1162 4572 5005
f 5008 5005 4572
f 5011 4989 4583
f 316 4583 4989
f 5011 5009 5010
f 1272 5010 5009
f 5014 5009 4591
f 1166 4591 5009
f 5014 5012 5013
f 1271 5013 5012
f 1272 5013 5016
f 5017 5016 5013
f 5017 5015 3091
f 172 3091 5015
f 1265 5010 4992
f 5018 4992 5010
f 5018 5016 3087
f 787 3087 5016
f 3207 5021 171
f 5001 171 5021
f 5019 1274 5021
f 5020 5021 1274
f 3204 5024 816
f 5019 816 5024
f 5022 1273 5024
f 5023 5024 1273
f 5023 5027 1274
f 5026 1274 5027
f 5025 319 5027
f 4599 5027 319
f 5028 5004 5020
f 1268 5020 5004
f 5026 1168 5028
f 4596 5028 1168
f 5031 5012 4607
f 317 4607 5012
f 1276 5030 5029
f 5031 5029 5030
f 5034 5029 4615
f 1172 4615 5029
f 1275 5033 5032
f 5034 5032 5033
f 5037 5036 5033
f 1276 5033 5036
f 5037 5035 3213
f 183 3213 5035
f 1271 5030 5015
f 5038 5015 5030
f 5038 5036 3209
f 818 3209 5036
f 3329 5041 182
f 5022 182 5041
f 5039 1278 5041
f 5040 5041 1278
f 3326 5044 847
f 5039 847 5044
f 5042 1277 5044
f 5043 5044 1277
f 5043 5047 1278
f 5046 1278 5047
f 5047 5045 4623
f 308 4623 5045
f 5040 5048 1273
f 5025 1273 5048
f 5046 1174 5048
f 4620 5048 1174
f 5052 5051 4632
f 314 4632 5051
f 1281 5050 5049
f 5052 5049 5050
f 5055 5049 4641
f 1179 4641 5049
f 5055 5053 5054
f 1279 5054 5053
f 1281 5054 5057
f 5058 5057 5054
f 5058 5056 3579
f 216 3579 5056
f 5060 5059 5050
f 1280 5050 5059
f 5060 5057 3575
f 911 3575 5057
f 215 3695 5063
f 5064 5063 3695
f 5061 1284 5064
f 5062 5064 1284
f 3692 5067 940
f 5061 940 5067
f 5065 1282 5067
f 5066 5067 1282
f 5066 5070 1284
f 5069 1284 5070
f 5068 330 5070
f 4651 5070 330
f 5062 5072 1283
f 5071 1283 5072
f 5069 1182 5072
f 4648 5072 1182
f 321 4659 5053
f 5075 5053 4659
f 5074 5075 1286
f 5073 1286 5075
f 5073 1186 5078
f 4667 5078 1186
f 5077 5078 1285
f 5076 1285 5078
f 5077 5081 1286
f 5080 1286 5081
f 5079 227 5081
f 3701 5081 227
f 5056 1279 5082
f 5074 5082 1279
f 5080 942 5082
f 3697 5082 942
f 5065 226 5085
f 3817 5085 226
f 5084 5085 1288
f 5083 1288 5085
f 5083 971 5088
f 3814 5088 971
f 5087 5088 1287
f 5086 1287 5088
f 5090 1288 5091
f 5087 5091 1288
f 4675 5091 331
f 5089 331 5091
f 5084 5092 1282
f 5068 1282 5092
f 4672 5092 1188
f 5090 1188 5092
f 5076 322 5095
f 4683 5095 322
f 5094 5095 1290
f 5093 1290 5095
f 5093 1192 5098
f 4691 5098 1192
f 5098 5096 5097
f 1289 5097 5096
f 5100 1290 5101
f 5097 5101 1290
f 3823 5101 238
f 5099 238 5101
f 5079 1285 5102
f 5094 5102 1285
f 3819 5102 973
f 5100 973 5102
f 5086 237 5105
f 3939 5105 237
f 5104 5105 1292
f 5103 1292 5105
f 5103 1002 5108
f 3936 5108 1002
f 5108 5106 5107
f 1291 5107 5106
f 5110 1292 5111
f 5107 5111 1292
f 4699 5111 332
f 5109 332 5111
f 5089 1287 5112
f 5104 5112 1287
f 4696 5112 1194
f 5110 1194 5112
f 324 4707 5096
f 5115 5096 4707
f 5115 5113 5114
f 1294 5114 5113
f 1198 4715 5113
f 5118 5113 4715
f 5118 5116 5117
f 1293 5117 5116
f 1294 5117 5120
f 5121 5120 5117
f 5121 5119 3945
f 249 3945 5119
f 1289 5114 5099
f 5122 5099 5114
f 5122 5120 3941
f 1004 3941 5120
f 248 4061 5106
f 5125 5106 4061
f 5125 5123 5124
f 1296 5124 5123
f 1033 4058 5123
f 5128 5123 4058
f 5128 5126 5127
f 1295 5127 5126
f 1296 5127 5130
f 5131 5130 5127
f 5131 5129 4723
f 333 4723 5129
f 5109 1291 5132
f 5124 5132 1291
f 5132 5130 4720
f 1200 4720 5130
f 325 4731 5116
f 5135 5116 4731
f 5135 5133 5134
f 1298 5134 5133
f 1204 4739 5133
f 5138 5133 4739
f 5138 5136 5137
f 1297 5137 5136
f 1298 5137 5140
f 5141 5140 5137
f 5141 5139 4067
f 260 4067 5139
f 1293 5134 5119
f 5142 5119 5134
f 5142 5140 4063
f 1035 4063 5140
f 259 4183 5126
f 5145 5126 4183
f 5145 5143 5144
f 1300 5144 5143
f 1064 4180 5143
f 5148 5143 4180
f 5148 5146 5147
f 1299 5147 5146
f 1300 5147 5150
f 5151 5150 5147
f 5151 5149 4747
f 334 4747 5149
f 1295 5144 5129
f 5152 5129 5144
f 5152 5150 4744
f 1206 4744 5150
f 326 4755 5136
f 5155 5136 4755
f 5154 5155 1302
f 5153 1302 5155
f 5153 1210 5158
f 4763 5158 1210
f 5157 5158 1301
f 5156 1301 5158
f 5160 1302 5161
f 5157 5161 1302
f 4189 5161 271
f 5159 271 5161
f 5139 1297 5162
f 5154 5162 1297
f 4185 5162 1066
f 5160 1066 5162
f 270 4305 5146
f 5165 5146 4305
f 5165 5163 5164
f 1304 5164 5163
f 1095 4302 5163
f 5168 5163 4302
f 5168 5166 5167
f 1303 5167 5166
f 5170 1304 5171
f 5167 5171 1304
f 4771 5171 329
f 5169 329 5171
f 5149 1299 5172
f 5164 5172 1299
f 4768 5172 1212
f 5170 1212 5172
f 5156 327 5175
f 4779 5175 327
f 5174 5175 1305
f 5173 1305 5175
f 1215 4785 5173
f 5177 5173 4785
f 5177 4987 5176
f 1266 5176 4987
f 1305 5176 5178
f 5179 5178 5176
f 5179 4995 4311
f 150 4311 4995
f 5159 1301 5180
f 5174 5180 1301
f 4307 5180 1097
f 5178 1097 5180
f 281 4407 5166
f 5183 5166 4407
f 5183 5181 5182
f 1306 5182 5181
f 1116 4404 5181
f 5185 5181 4404
f 5185 4999 5184
f 1269 5184 4999
f 5186 1306 5187
f 5184 5187 1306
f 4793 5187 328
f 5007 328 5187
f 5169 1303 5188
f 5182 5188 1303
f 4790 5188 1217
f 5186 1217 5188
f 5191 5032 4799
f 305 4799 5032
f 5190 5191 1308
f 5189 1308 5191
f 1220 4807 5189
f 5194 5189 4807
f 5194 5192 5193
f 1307 5193 5192
f 1308 5193 5196
f 5197 5196 5193
f 282 4413 5195
f 5197 5195 4413
f 5198 5035 5190
f 1275 5190 5035
f 4409 5198 1118
f 5196 1118 5198
f 205 4433 5059
f 5201 5059 4433
f 5201 5199 5200
f 1310 5200 5199
f 1123 4430 5199
f 5204 5199 4430
f 5204 5202 5203
f 1309 5203 5202
f 1310 5203 5206
f 5207 5206 5203
f 5207 5205 4815
f 302 4815 5205
f 1280 5200 5051
f 5208 5051 5200
f 5208 5206 4812
f 1222 4812 5206
f 284 4459 5202
f 5211 5202 4459
f 5209 1312 5211
f 5210 5211 1312
f 1130 4456 5209
f 5214 5209 4456
f 5214 5212 5213
f 1311 5213 5212
f 5213 5217 1312
f 5216 1312 5217
f 5215 315 5217
f 4827 5217 315
f 1309 5210 5205
f 5218 5205 5210
f 5216 1225 5218
f 4824 5218 1225
f 5221 5192 4835
f 306 4835 5192
f 1314 5220 5219
f 5221 5219 5220
f 5224 5219 4843
f 1229 4843 5219
f 5224 5222 5223
f 1313 5223 5222
f 5227 5226 5223
f 1314 5223 5226
f 285 4439 5225
f 5227 5225 4439
f 5228 5195 5220
f 1307 5220 5195
f 1125 4435 5226
f 5228 5226 4435
f 5222 307 5231
f 4847 5231 307
f 5230 5231 1316
f 5229 1316 5231
f 5229 1232 5234
f 4855 5234 1232
f 5232 1315 5234
f 5233 5234 1315
f 1316 5233 5236
f 5237 5236 5233
f 5237 5235 4465
f 288 4465 5235
f 1313 5230 5225
f 5238 5225 5230
f 5238 5236 4461
f 1132 4461 5236
f 4859 5241 301
f 5232 301 5241
f 5239 1318 5241
f 5240 5241 1318
f 4867 5244 1235
f 5239 1235 5244
f 5242 1317 5244
f 5243 5244 1317
f 5243 5247 1318
f 5246 1318 5247
f 289 4469 5245
f 5247 5245 4469
f 5240 5248 1315
f 5235 1315 5248
f 5246 1133 5248
f 4466 5248 1133
f 5242 299 5251
f 4871 5251 299
f 5251 5249 5250
f 1320 5250 5249
f 1238 4879 5249
f 5254 5249 4879
f 5254 5252 5253
f 1319 5253 5252
f 1320 5253 5256
f 5257 5256 5253
f 5257 5255 4481
f 290 4481 5255
f 5245 1317 5258
f 5250 5258 1317
f 5258 5256 4478
f 1136 4478 5256
f 287 4499 5212
f 5261 5212 4499
f 5261 5259 5260
f 1322 5260 5259
f 1141 4496 5259
f 5264 5259 4496
f 5264 5262 5263
f 1321 5263 5262
f 1322 5263 5266
f 5267 5266 5263
f 4887 5267 303
f 5265 303 5267
f 1311 5260 5215
f 5268 5215 5260
f 4884 5268 1240
f 5266 1240 5268
f 300 4895 5252
f 5271 5252 4895
f 1324 5270 5269
f 5271 5269 5270
f 4903 5274 1244
f 5269 1244 5274
f 5272 1323 5274
f 5273 5274 1323
f 1324 5273 5276
f 5277 5276 5273
f 5277 5275 4491
f 292 4491 5275
f 1319 5270 5255
f 5278 5255 5270
f 5278 5276 4487
f 1139 4487 5276
f 4495 5281 291
f 5262 291 5281
f 1325 5280 5279
f 5281 5279 5280
f 1140 4492 5279
f 5283 5279 4492
f 5283 5275 5282
f 1323 5282 5275
f 1325 5282 5284
f 5285 5284 5282
f 5285 5272 4911
f 304 4911 5272
f 5286 5265 5280
f 1321 5280 5265
f 4908 5286 1246
f 5284 1246 5286
f 320 4917 5071
f 5289 5071 4917
f 5288 5289 1327
f 5287 1327 5289
f 5287 1249 5292
f 4925 5292 1249
f 5291 5292 1326
f 5290 1326 5292
f 5294 1327 5295
f 5291 5295 1327
f 4505 5295 295
f 5293 295 5295
f 5288 5296 1283
f 5063 1283 5296
f 4501 5296 1143
f 5294 1143 5296
f 193 4525 5042
f 5299 5042 4525
f 5299 5297 5298
f 1329 5298 5297
f 5297 1148 5302
f 4522 5302 1148
f 5302 5300 5301
f 1328 5301 5300
f 1329 5301 5304
f 5305 5304 5301
f 5305 5303 4933
f 310 4933 5303
f 1277 5298 5045
f 5306 5045 5298
f 5306 5304 4930
f 1251 4930 5304
f 5290 311 5309
f 4941 5309 311
f 5308 5309 1331
f 5307 1331 5309
f 5307 1255 5312
f 4949 5312 1255
f 5311 5312 1330
f 5310 1330 5312
f 5314 1331 5315
f 5311 5315 1331
f 4531 5315 298
f 5313 298 5315
f 5293 1326 5316
f 5308 5316 1326
f 4527 5316 1150
f 5314 1150 5316
f 5300 293 5319
f 4551 5319 293
f 5318 5319 1333
f 5317 1333 5319
f 5317 1155 5322
f 4548 5322 1155
f 5322 5320 5321
f 1332 5321 5320
f 1333 5321 5324
f 5325 5324 5321
f 5325 5323 4957
f 312 4957 5323
f 1328 5318 5303
f 5326 5303 5318
f 5326 5324 4954
f 1257 4954 5324
f 296 4547 5320
f 5329 5320 4547
f 5329 5327 5328
f 1335 5328 5327
f 1154 4544 5327
f 5332 5327 4544
f 5332 5330 5331
f 1334 5331 5330
f 5335 5334 5331
f 1335 5331 5334
f 5333 309 5335
f 4969 5335 309
f 1332 5328 5323
f 5336 5323 5328
f 5336 5334 4966
f 1260 4966 5334
f 4535 5339 297
f 5330 297 5339
f 5337 1336 5339
f 5338 5339 1336
f 4532 5341 1151
f 5337 1151 5341
f 5313 1330 5341
f 5340 5341 1330
f 5340 5343 1336
f 5342 1336 5343
f 5310 313 5343
f 4981 5343 313
f 5338 5344 1334
f 5333 1334 5344
f 5342 1263 5344
f 4978 5344 1263
f 1338 1341 335
f 1337 335 1341
f 1339 338 1341
f 1340 1341 338
f 1343 1345 2
f 1342 2 1345
f 1344 339 1345
f 1338 1345 339
f 1346 1349 336
f 1344 336 1349
f 1347 337 1349
f 1348 1349 337
f 1348 1352 339
f 1339 339 1352
f 1350 12 1352
f 1351 1352 12
f 1354 1356 340
f 1353 340 1356
f 1355 336 1356
f 1343 1356 336
f 1358 1360 3
f 1357 3 1360
f 1359 343 1360
f 1354 1360 343
f 1361 1364 341
f 1359 341 1364
f 1362 342 1364
f 1363 1364 342
f 1363 1366 343
f 1355 343 1366
f 1365 13 1366
f 1346 1366 13
f 1368 1370 344
f 1367 344 1370
f 1369 341 1370
f 1358 1370 341
f 1372 1374 4
f 1371 4 1374
f 1373 347 1374
f 1368 1374 347
f 1375 1378 345
f 1373 345 1378
f 1376 346 1378
f 1377 1378 346
f 1377 1380 347
f 1369 347 1380
f 1379 14 1380
f 1361 1380 14
f 1384 1381 1382
f 348 1382 1381
f 1383 345 1384
f 1372 1384 345
f 1388 1385 1386
f 5 1386 1385
f 351 1382 1387
f 1388 1387 1382
f 1392 1387 1389
f 349 1389 1387
f 1390 350 1392
f 1391 1392 350
f 1391 1394 351
f 1383 351 1394
f 1393 15 1394
f 1375 1394 15
f 1398 1395 1396
f 352 1396 1395
f 349 1386 1397
f 1398 1397 1386
f 1402 1399 1400
f 6 1400 1399
f 355 1396 1401
f 1402 1401 1396
f 1406 1401 1403
f 353 1403 1401
f 354 1405 1404
f 1406 1404 1405
f 1408 1397 1405
f 355 1405 1397
f 16 1389 1407
f 1408 1407 1389
f 1412 1409 1410
f 356 1410 1409
f 353 1400 1411
f 1412 1411 1400
f 1414 1416 7
f 1413 7 1416
f 1415 359 1416
f 1410 1416 359
f 1417 1420 357
f 1415 357 1420
f 1418 358 1420
f 1419 1420 358
f 1422 1411 1419
f 359 1419 1411
f 17 1403 1421
f 1422 1421 1403
f 1426 1423 1424
f 360 1424 1423
f 357 1414 1425
f 1426 1425 1414
f 1428 1430 8
f 1427 8 1430
f 1429 363 1430
f 1424 1430 363
f 1431 1434 361
f 1429 361 1434
f 1432 362 1434
f 1433 1434 362
f 1436 1425 1433
f 363 1433 1425
f 18 1417 1435
f 1436 1435 1417
f 1440 1437 1438
f 364 1438 1437
f 361 1428 1439
f 1440 1439 1428
f 1442 1444 9
f 1441 9 1444
f 1443 367 1444
f 1438 1444 367
f 1445 1448 365
f 1443 365 1448
f 1446 366 1448
f 1447 1448 366
f 1450 1439 1447
f 367 1447 1439
f 19 1431 1449
f 1450 1449 1431
f 1454 1451 1452
f 368 1452 1451
f 365 1442 1453
f 1454 1453 1442
f 1456 1458 10
f 1455 10 1458
f 1457 371 1458
f 1452 1458 371
f 1459 1462 369
f 1457 369 1462
f 1460 370 1462
f 1461 1462 370
f 1464 1453 1461
f 371 1461 1453
f 20 1445 1463
f 1464 1463 1445
f 1468 1465 1466
f 372 1466 1465
f 369 1456 1467
f 1468 1467 1456
f 1470 1472 11
f 1469 11 1472
f 1471 375 1472
f 1466 1472 375
f 1473 1476 373
f 1471 373 1476
f 1474 374 1476
f 1475 1476 374
f 1478 1467 1475
f 375 1475 1467
f 21 1459 1477
f 1478 1477 1459
f 1350 337 1482
f 1479 1482 337
f 1481 1482 378
f 1480 378 1482
f 1483 1485 13
f 1347 13 1485
f 1479 1485 379
f 1484 379 1485
f 1484 376 1489
f 1486 1489 376
f 1488 1489 377
f 1487 377 1489
f 1480 379 1492
f 1488 1492 379
f 1491 1492 23
f 1490 23 1492
f 1493 1495 342
f 1365 342 1495
f 1494 376 1495
f 1483 1495 376
f 1496 1498 14
f 1362 14 1498
f 1497 382 1498
f 1493 1498 382
f 1499 1502 380
f 1497 380 1502
f 1500 381 1502
f 1501 1502 381
f 1501 1504 382
f 1494 382 1504
f 1486 1504 24
f 1503 24 1504
f 1505 1507 346
f 1379 346 1507
f 1506 380 1507
f 1496 1507 380
f 1508 1510 15
f 1376 15 1510
f 1509 385 1510
f 1505 1510 385
f 1511 1514 383
f 1509 383 1514
f 384 1513 1512
f 1514 1512 1513
f 1513 1516 385
f 1506 385 1516
f 1515 25 1516
f 1499 1516 25
f 1517 1519 350
f 1393 350 1519
f 1518 383 1519
f 1508 1519 383
f 1520 1522 16
f 1390 16 1522
f 1521 388 1522
f 1517 1522 388
f 1523 1526 386
f 1521 386 1526
f 387 1525 1524
f 1526 1524 1525
f 1525 1528 388
f 1518 388 1528
f 26 1511 1527
f 1528 1527 1511
f 1529 1531 354
f 1407 354 1531
f 1530 386 1531
f 1520 1531 386
f 1534 1404 1532
f 17 1532 1404
f 1533 391 1534
f 1529 1534 391
f 1535 1538 389
f 1533 389 1538
f 1536 390 1538
f 1537 1538 390
f 1537 1540 391
f 1530 391 1540
f 1539 27 1540
f 1523 1540 27
f 1543 1421 1541
f 358 1541 1421
f 389 1532 1542
f 1543 1542 1532
f 1544 1546 18
f 1418 18 1546
f 1545 394 1546
f 1541 1546 394
f 1547 1550 392
f 1545 392 1550
f 1548 393 1550
f 1549 1550 393
f 1552 1542 1549
f 394 1549 1542
f 28 1535 1551
f 1552 1551 1535
f 1555 1435 1553
f 362 1553 1435
f 392 1544 1554
f 1555 1554 1544
f 1556 1558 19
f 1432 19 1558
f 1557 397 1558
f 1553 1558 397
f 1559 1562 395
f 1557 395 1562
f 1560 396 1562
f 1561 1562 396
f 1564 1554 1561
f 397 1561 1554
f 29 1547 1563
f 1564 1563 1547
f 1567 1449 1565
f 366 1565 1449
f 395 1556 1566
f 1567 1566 1556
f 1568 1570 20
f 1446 20 1570
f 1569 400 1570
f 1565 1570 400
f 1571 1574 398
f 1569 398 1574
f 1572 399 1574
f 1573 1574 399
f 1576 1566 1573
f 400 1573 1566
f 30 1559 1575
f 1576 1575 1559
f 1579 1463 1577
f 370 1577 1463
f 398 1568 1578
f 1579 1578 1568
f 1580 1582 21
f 1460 21 1582
f 1581 403 1582
f 1577 1582 403
f 1583 1586 401
f 1581 401 1586
f 1584 402 1586
f 1585 1586 402
f 1585 1588 403
f 1578 403 1588
f 31 1571 1587
f 1588 1587 1571
f 1591 1477 1589
f 374 1589 1477
f 1590 401 1591
f 1580 1591 401
f 1592 1594 22
f 1474 22 1594
f 1593 406 1594
f 1589 1594 406
f 1595 1598 404
f 1593 404 1598
f 1596 405 1598
f 1597 1598 405
f 1597 1600 406
f 1590 406 1600
f 1599 32 1600
f 1583 1600 32
f 1490 377 1604
f 1601 1604 377
f 1603 1604 409
f 1602 409 1604
f 1487 24 1607
f 1605 1607 24
f 1601 1607 410
f 1606 410 1607
f 1606 407 1611
f 1608 1611 407
f 1610 1611 408
f 1609 408 1611
f 1602 410 1614
f 1610 1614 410
f 1613 1614 34
f 1612 34 1614
f 1503 381 1617
f 1615 1617 381
f 1605 1617 407
f 1616 407 1617
f 1618 1620 25
f 1500 25 1620
f 1619 413 1620
f 1615 1620 413
f 1624 1619 1621
f 411 1621 1619
f 1622 412 1624
f 1623 1624 412
f 1616 413 1626
f 1623 1626 413
f 1608 1626 35
f 1625 35 1626
f 1629 1515 1627
f 384 1627 1515
f 411 1618 1628
f 1629 1628 1618
f 1632 1512 1630
f 26 1630 1512
f 416 1627 1631
f 1632 1631 1627
f 1633 1636 414
f 1631 414 1636
f 1636 1634 1635
f 415 1635 1634
f 1638 1628 1635
f 416 1635 1628
f 36 1621 1637
f 1638 1637 1621
f 1639 1641 387
f 1527 387 1641
f 1640 414 1641
f 1630 1641 414
f 1642 1644 27
f 1524 27 1644
f 1643 419 1644
f 1639 1644 419
f 1645 1648 417
f 1643 417 1648
f 1646 418 1648
f 1647 1648 418
f 1647 1650 419
f 1640 419 1650
f 1649 37 1650
f 1633 1650 37
f 1651 1653 390
f 1539 390 1653
f 1652 417 1653
f 1642 1653 417
f 1654 1656 28
f 1536 28 1656
f 1655 422 1656
f 1651 1656 422
f 1657 1660 420
f 1655 420 1660
f 1658 421 1660
f 1659 1660 421
f 1659 1662 422
f 1652 422 1662
f 1661 38 1662
f 1645 1662 38
f 1663 1665 393
f 1551 393 1665
f 1664 420 1665
f 1654 1665 420
f 1666 1668 29
f 1548 29 1668
f 1667 425 1668
f 1663 1668 425
f 1669 1672 423
f 1667 423 1672
f 1670 424 1672
f 1671 1672 424
f 1671 1674 425
f 1664 425 1674
f 1673 39 1674
f 1657 1674 39
f 1675 1677 396
f 1563 396 1677
f 1676 423 1677
f 1666 1677 423
f 1678 1680 30
f 1560 30 1680
f 1679 428 1680
f 1675 1680 428
f 1681 1684 426
f 1679 426 1684
f 1682 427 1684
f 1683 1684 427
f 1683 1686 428
f 1676 428 1686
f 1685 40 1686
f 1669 1686 40
f 1687 1689 399
f 1575 399 1689
f 1688 426 1689
f 1678 1689 426
f 1690 1692 31
f 1572 31 1692
f 1691 431 1692
f 1687 1692 431
f 1693 1696 429
f 1691 429 1696
f 1694 430 1696
f 1695 1696 430
f 1695 1698 431
f 1688 431 1698
f 1697 41 1698
f 1681 1698 41
f 1699 1701 402
f 1587 402 1701
f 1700 429 1701
f 1690 1701 429
f 1702 1704 32
f 1584 32 1704
f 1703 434 1704
f 1699 1704 434
f 1705 1708 432
f 1703 432 1708
f 1706 433 1708
f 1707 1708 433
f 1707 1710 434
f 1700 434 1710
f 1709 42 1710
f 1693 1710 42
f 1711 1713 405
f 1599 405 1713
f 1712 432 1713
f 1702 1713 432
f 1714 1716 33
f 1596 33 1716
f 1715 437 1716
f 1711 1716 437
f 1717 1720 435
f 1715 435 1720
f 1718 436 1720
f 1719 1720 436
f 1719 1722 437
f 1712 437 1722
f 1721 43 1722
f 1705 1722 43
f 1612 408 1726
f 1723 1726 408
f 1725 1726 440
f 1724 440 1726
f 1609 35 1729
f 1727 1729 35
f 1723 1729 441
f 1728 441 1729
f 1728 438 1733
f 1730 1733 438
f 1732 1733 439
f 1731 439 1733
f 1724 441 1736
f 1732 1736 441
f 45 1735 1734
f 1736 1734 1735
f 1625 412 1739
f 1737 1739 412
f 1727 1739 438
f 1738 438 1739
f 1742 1622 1740
f 36 1740 1622
f 444 1737 1741
f 1742 1741 1737
f 442 1743 1741
f 1746 1741 1743
f 1746 1744 1745
f 443 1745 1744
f 1745 1748 444
f 1738 444 1748
f 1747 46 1748
f 1730 1748 46
f 415 1749 1637
f 1751 1637 1749
f 1751 1750 1740
f 442 1740 1750
f 37 1752 1634
f 1754 1634 1752
f 1754 1753 1749
f 447 1749 1753
f 1758 1753 1755
f 445 1755 1753
f 1758 1756 1757
f 446 1757 1756
f 447 1757 1750
f 1760 1750 1757
f 1760 1759 1743
f 47 1743 1759
f 1761 1763 418
f 1649 418 1763
f 1762 445 1763
f 1752 1763 445
f 1764 1766 38
f 1646 38 1766
f 1765 450 1766
f 1761 1766 450
f 1767 1770 448
f 1765 448 1770
f 1768 449 1770
f 1769 1770 449
f 1769 1772 450
f 1762 450 1772
f 48 1755 1771
f 1772 1771 1755
f 1773 1775 421
f 1661 421 1775
f 1774 448 1775
f 1764 1775 448
f 1776 1778 39
f 1658 39 1778
f 1777 453 1778
f 1773 1778 453
f 1779 1782 451
f 1777 451 1782
f 1780 452 1782
f 1781 1782 452
f 1781 1784 453
f 1774 453 1784
f 1783 49 1784
f 1767 1784 49
f 1785 1787 424
f 1673 424 1787
f 1786 451 1787
f 1776 1787 451
f 1788 1790 40
f 1670 40 1790
f 1789 456 1790
f 1785 1790 456
f 1791 1794 454
f 1789 454 1794
f 1792 455 1794
f 1793 1794 455
f 1793 1796 456
f 1786 456 1796
f 1795 50 1796
f 1779 1796 50
f 1797 1799 427
f 1685 427 1799
f 1798 454 1799
f 1788 1799 454
f 1800 1802 41
f 1682 41 1802
f 1801 459 1802
f 1797 1802 459
f 1803 1806 457
f 1801 457 1806
f 1804 458 1806
f 1805 1806 458
f 1805 1808 459
f 1798 459 1808
f 51 1791 1807
f 1808 1807 1791
f 1809 1811 430
f 1697 430 1811
f 1810 457 1811
f 1800 1811 457
f 1812 1814 42
f 1694 42 1814
f 1813 462 1814
f 1809 1814 462
f 1815 1818 460
f 1813 460 1818
f 1816 461 1818
f 1817 1818 461
f 1817 1820 462
f 1810 462 1820
f 52 1803 1819
f 1820 1819 1803
f 1821 1823 433
f 1709 433 1823
f 1822 460 1823
f 1812 1823 460
f 1824 1826 43
f 1706 43 1826
f 1825 465 1826
f 1821 1826 465
f 1827 1830 463
f 1825 463 1830
f 1828 464 1830
f 1829 1830 464
f 1829 1832 465
f 1822 465 1832
f 53 1815 1831
f 1832 1831 1815
f 436 1833 1721
f 1835 1721 1833
f 1835 1834 1824
f 463 1824 1834
f 44 1836 1718
f 1838 1718 1836
f 1838 1837 1833
f 468 1833 1837
f 1837 466 1842
f 1839 1842 466
f 1840 467 1842
f 1841 1842 467
f 468 1841 1834
f 1844 1834 1841
f 1843 54 1844
f 1827 1844 54
f 439 1845 1734
f 1848 1734 1845
f 1848 1846 1847
f 471 1847 1846
f 1851 1731 1849
f 46 1849 1731
f 1851 1850 1845
f 472 1845 1850
f 469 1852 1850
f 1855 1850 1852
f 470 1854 1853
f 1855 1853 1854
f 472 1854 1846
f 1858 1846 1854
f 1858 1856 1857
f 56 1857 1856
f 443 1859 1747
f 1861 1747 1859
f 1861 1860 1849
f 469 1849 1860
f 47 1862 1744
f 1864 1744 1862
f 1864 1863 1859
f 475 1859 1863
f 473 1865 1863
f 1868 1863 1865
f 1868 1866 1867
f 474 1867 1866
f 475 1867 1860
f 1870 1860 1867
f 1870 1869 1852
f 57 1852 1869
f 446 1871 1759
f 1873 1759 1871
f 1873 1872 1862
f 473 1862 1872
f 1876 1756 1874
f 48 1874 1756
f 1876 1875 1871
f 478 1871 1875
f 1880 1875 1877
f 476 1877 1875
f 477 1879 1878
f 1880 1878 1879
f 478 1879 1872
f 1882 1872 1879
f 1882 1881 1865
f 58 1865 1881
f 1885 1771 1883
f 449 1883 1771
f 476 1874 1884
f 1885 1884 1874
f 1886 1888 49
f 1768 49 1888
f 1887 481 1888
f 1883 1888 481
f 1889 1892 479
f 1887 479 1892
f 480 1891 1890
f 1892 1890 1891
f 1894 1884 1891
f 481 1891 1884
f 59 1877 1893
f 1894 1893 1877
f 1895 1897 452
f 1783 452 1897
f 1896 479 1897
f 1886 1897 479
f 1898 1900 50
f 1780 50 1900
f 1899 484 1900
f 1895 1900 484
f 1901 1904 482
f 1899 482 1904
f 1902 483 1904
f 1903 1904 483
f 1903 1906 484
f 1896 484 1906
f 1905 60 1906
f 1889 1906 60
f 1907 1909 455
f 1795 455 1909
f 1908 482 1909
f 1898 1909 482
f 1910 1912 51
f 1792 51 1912
f 1911 487 1912
f 1907 1912 487
f 1913 1916 485
f 1911 485 1916
f 1914 486 1916
f 1915 1916 486
f 1915 1918 487
f 1908 487 1918
f 1917 61 1918
f 1901 1918 61
f 1921 1807 1919
f 458 1919 1807
f 485 1910 1920
f 1921 1920 1910
f 1922 1924 52
f 1804 52 1924
f 1923 490 1924
f 1919 1924 490
f 1925 1928 488
f 1923 488 1928
f 1926 489 1928
f 1927 1928 489
f 1930 1920 1927
f 490 1927 1920
f 62 1913 1929
f 1930 1929 1913
f 1933 1819 1931
f 461 1931 1819
f 488 1922 1932
f 1933 1932 1922
f 1934 1936 53
f 1816 53 1936
f 1935 493 1936
f 1931 1936 493
f 1937 1940 491
f 1935 491 1940
f 1938 492 1940
f 1939 1940 492
f 1942 1932 1939
f 493 1939 1932
f 63 1925 1941
f 1942 1941 1925
f 1943 1945 464
f 1831 464 1945
f 491 1934 1944
f 1945 1944 1934
f 1946 1948 54
f 1828 54 1948
f 1947 496 1948
f 1943 1948 496
f 1949 1952 494
f 1947 494 1952
f 1950 495 1952
f 1951 1952 495
f 1951 1954 496
f 1944 496 1954
f 64 1937 1953
f 1954 1953 1937
f 1843 467 1957
f 1955 1957 467
f 1956 494 1957
f 1946 1957 494
f 1840 55 1960
f 1958 1960 55
f 1955 1960 499
f 1959 499 1960
f 1961 1964 497
f 1959 497 1964
f 1962 498 1964
f 1963 1964 498
f 1963 1966 499
f 1956 499 1966
f 1965 65 1966
f 1949 1966 65
f 1970 1856 1967
f 470 1967 1856
f 1969 1970 502
f 1968 502 1970
f 1973 1853 1971
f 57 1971 1853
f 1967 1973 503
f 1972 503 1973
f 1977 1972 1974
f 500 1974 1972
f 501 1976 1975
f 1977 1975 1976
f 1968 503 1980
f 1976 1980 503
f 1979 1980 67
f 1978 67 1980
f 474 1981 1869
f 1983 1869 1981
f 500 1971 1982
f 1983 1982 1971
f 58 1984 1866
f 1986 1866 1984
f 1986 1985 1981
f 506 1981 1985
f 1990 1985 1987
f 504 1987 1985
f 505 1989 1988
f 1990 1988 1989
f 1992 1982 1989
f 506 1989 1982
f 68 1974 1991
f 1992 1991 1974
f 1995 1881 1993
f 477 1993 1881
f 1995 1994 1984
f 504 1984 1994
f 1998 1878 1996
f 59 1996 1878
f 509 1993 1997
f 1998 1997 1993
f 2002 1997 1999
f 507 1999 1997
f 508 2001 2000
f 2002 2000 2001
f 2004 1994 2001
f 509 2001 1994
f 69 1987 2003
f 2004 2003 1987
f 2007 1893 2005
f 480 2005 1893
f 507 1996 2006
f 2007 2006 1996
f 2010 1890 2008
f 60 2008 1890
f 512 2005 2009
f 2010 2009 2005
f 2014 2009 2011
f 510 2011 2009
f 511 2013 2012
f 2014 2012 2013
f 2016 2006 2013
f 512 2013 2006
f 70 1999 2015
f 2016 2015 1999
f 2019 1905 2017
f 483 2017 1905
f 510 2008 2018
f 2019 2018 2008
f 2020 2022 61
f 1902 61 2022
f 2021 515 2022
f 2017 2022 515
f 2023 2026 513
f 2021 513 2026
f 514 2025 2024
f 2026 2024 2025
f 2028 2018 2025
f 515 2025 2018
f 71 2011 2027
f 2028 2027 2011
f 2029 2031 486
f 1917 486 2031
f 2030 513 2031
f 2020 2031 513
f 2032 2034 62
f 1914 62 2034
f 2033 518 2034
f 2029 2034 518
f 2035 2038 516
f 2033 516 2038
f 2036 517 2038
f 2037 2038 517
f 2037 2040 518
f 2030 518 2040
f 2039 72 2040
f 2023 2040 72
f 2043 1929 2041
f 489 2041 1929
f 516 2032 2042
f 2043 2042 2032
f 2044 2046 63
f 1926 63 2046
f 2045 521 2046
f 2041 2046 521
f 2047 2050 519
f 2045 519 2050
f 2048 520 2050
f 2049 2050 520
f 2052 2042 2049
f 521 2049 2042
f 2051 73 2052
f 2035 2052 73
f 2055 1941 2053
f 492 2053 1941
f 519 2044 2054
f 2055 2054 2044
f 2056 2058 64
f 1938 64 2058
f 2057 524 2058
f 2053 2058 524
f 2059 2062 522
f 2057 522 2062
f 2060 523 2062
f 2061 2062 523
f 2064 2054 2061
f 524 2061 2054
f 74 2047 2063
f 2064 2063 2047
f 2065 2067 495
f 1953 495 2067
f 522 2056 2066
f 2067 2066 2056
f 2068 2070 65
f 1950 65 2070
f 2069 527 2070
f 2065 2070 527
f 525 2071 2069
f 2074 2069 2071
f 2074 2072 2073
f 526 2073 2072
f 2076 2066 2073
f 527 2073 2066
f 75 2059 2075
f 2076 2075 2059
f 2077 2079 498
f 1965 498 2079
f 2078 525 2079
f 2068 2079 525
f 66 2080 1962
f 2082 1962 2080
f 2082 2081 2077
f 530 2077 2081
f 528 2083 2081
f 2086 2081 2083
f 2086 2084 2085
f 529 2085 2084
f 530 2085 2078
f 2088 2078 2085
f 2088 2087 2071
f 76 2071 2087
f 501 2089 1978
f 2092 1978 2089
f 2092 2090 2091
f 533 2091 2090
f 68 2093 1975
f 2095 1975 2093
f 2095 2094 2089
f 534 2089 2094
f 531 2096 2094
f 2099 2094 2096
f 2099 2097 2098
f 532 2098 2097
f 534 2098 2090
f 2102 2090 2098
f 2102 2100 2101
f 78 2101 2100
f 505 2103 1991
f 2105 1991 2103
f 2105 2104 2093
f 531 2093 2104
f 2108 1988 2106
f 69 2106 1988
f 2108 2107 2103
f 537 2103 2107
f 2112 2107 2109
f 535 2109 2107
f 2112 2110 2111
f 536 2111 2110
f 537 2111 2104
f 2114 2104 2111
f 2114 2113 2096
f 79 2096 2113
f 2003 508 2117
f 2115 2117 508
f 2106 2117 535
f 2116 535 2117
f 2000 70 2120
f 2118 2120 70
f 2115 2120 540
f 2119 540 2120
f 2119 538 2124
f 2121 2124 538
f 2123 2124 539
f 2122 539 2124
f 2116 540 2126
f 2123 2126 540
f 2109 2126 80
f 2125 80 2126
f 2015 511 2129
f 2127 2129 511
f 2118 2129 538
f 2128 538 2129
f 2012 71 2132
f 2130 2132 71
f 2127 2132 543
f 2131 543 2132
f 2131 541 2136
f 2133 2136 541
f 2135 2136 542
f 2134 542 2136
f 2128 543 2138
f 2135 2138 543
f 2121 2138 81
f 2137 81 2138
f 514 2139 2027
f 2141 2027 2139
f 2130 2141 541
f 2140 541 2141
f 72 2142 2024
f 2144 2024 2142
f 2144 2143 2139
f 546 2139 2143
f 544 2145 2143
f 2148 2143 2145
f 2148 2146 2147
f 545 2147 2146
f 2140 546 2150
f 2147 2150 546
f 2133 2150 82
f 2149 82 2150
f 517 2151 2039
f 2153 2039 2151
f 2153 2152 2142
f 544 2142 2152
f 73 2154 2036
f 2156 2036 2154
f 2156 2155 2151
f 549 2151 2155
f 547 2157 2155
f 2160 2155 2157
f 2160 2158 2159
f 548 2159 2158
f 549 2159 2152
f 2162 2152 2159
f 2162 2161 2145
f 83 2145 2161
f 2051 520 2165
f 2163 2165 520
f 2154 2165 547
f 2164 547 2165
f 74 2166 2048
f 2168 2048 2166
f 2168 2167 2163
f 552 2163 2167
f 550 2169 2167
f 2172 2167 2169
f 2172 2170 2171
f 551 2171 2170
f 2164 552 2174
f 2171 2174 552
f 2157 2174 84
f 2173 84 2174
f 2063 523 2177
f 2175 2177 523
f 2166 2177 550
f 2176 550 2177
f 75 2178 2060
f 2180 2060 2178
f 2180 2179 2175
f 555 2175 2179
f 553 2181 2179
f 2184 2179 2181
f 2184 2182 2183
f 554 2183 2182
f 2176 555 2186
f 2183 2186 555
f 2169 2186 85
f 2185 85 2186
f 526 2187 2075
f 2189 2075 2187
f 2178 2189 553
f 2188 553 2189
f 76 2190 2072
f 2192 2072 2190
f 2192 2191 2187
f 558 2187 2191
f 556 2193 2191
f 2196 2191 2193
f 2196 2194 2195
f 557 2195 2194
f 558 2195 2188
f 2198 2188 2195
f 2181 2198 86
f 2197 86 2198
f 529 2199 2087
f 2201 2087 2199
f 2201 2200 2190
f 556 2190 2200
f 77 2202 2084
f 2204 2084 2202
f 2204 2203 2199
f 561 2199 2203
f 559 2205 2203
f 2208 2203 2205
f 2208 2206 2207
f 560 2207 2206
f 561 2207 2200
f 2210 2200 2207
f 2210 2209 2193
f 87 2193 2209
f 532 2211 2100
f 2214 2100 2211
f 2214 2212 2213
f 564 2213 2212
f 79 2215 2097
f 2217 2097 2215
f 2217 2216 2211
f 565 2211 2216
f 562 2218 2216
f 2221 2216 2218
f 2221 2219 2220
f 563 2220 2219
f 565 2220 2212
f 2224 2212 2220
f 2224 2222 2223
f 89 2223 2222
f 536 2225 2113
f 2227 2113 2225
f 2227 2226 2215
f 562 2215 2226
f 2230 2110 2228
f 80 2228 2110
f 2230 2229 2225
f 568 2225 2229
f 566 2231 2229
f 2234 2229 2231
f 2234 2232 2233
f 567 2233 2232
f 568 2233 2226
f 2236 2226 2233
f 2236 2235 2218
f 90 2218 2235
f 2125 539 2239
f 2237 2239 539
f 2228 2239 566
f 2238 566 2239
f 2122 81 2242
f 2240 2242 81
f 2237 2242 571
f 2241 571 2242
f 2241 569 2246
f 2243 2246 569
f 2245 2246 570
f 2244 570 2246
f 2238 571 2248
f 2245 2248 571
f 2231 2248 91
f 2247 91 2248
f 2137 542 2251
f 2249 2251 542
f 2240 2251 569
f 2250 569 2251
f 2134 82 2254
f 2252 2254 82
f 2254 2253 2249
f 574 2249 2253
f 572 2255 2253
f 2258 2253 2255
f 2258 2256 2257
f 573 2257 2256
f 574 2257 2250
f 2260 2250 2257
f 2260 2259 2243
f 92 2243 2259
f 545 2261 2149
f 2263 2149 2261
f 2263 2262 2252
f 572 2252 2262
f 83 2264 2146
f 2266 2146 2264
f 2266 2265 2261
f 577 2261 2265
f 575 2267 2265
f 2270 2265 2267
f 2270 2268 2269
f 576 2269 2268
f 577 2269 2262
f 2272 2262 2269
f 2272 2271 2255
f 93 2255 2271
f 548 2273 2161
f 2275 2161 2273
f 2275 2274 2264
f 575 2264 2274
f 84 2276 2158
f 2278 2158 2276
f 2278 2277 2273
f 580 2273 2277
f 578 2279 2277
f 2282 2277 2279
f 2282 2280 2281
f 579 2281 2280
f 2274 580 2284
f 2281 2284 580
f 2267 2284 94
f 2283 94 2284
f 2173 551 2287
f 2285 2287 551
f 2276 2287 578
f 2286 578 2287
f 85 2288 2170
f 2290 2170 2288
f 2290 2289 2285
f 583 2285 2289
f 581 2291 2289
f 2294 2289 2291
f 2294 2292 2293
f 582 2293 2292
f 2286 583 2296
f 2293 2296 583
f 2279 2296 95
f 2295 95 2296
f 2185 554 2299
f 2297 2299 554
f 2288 2299 581
f 2298 581 2299
f 86 2300 2182
f 2302 2182 2300
f 2302 2301 2297
f 586 2297 2301
f 584 2303 2301
f 2306 2301 2303
f 2306 2304 2305
f 585 2305 2304
f 2298 586 2308
f 2305 2308 586
f 2291 2308 96
f 2307 96 2308
f 557 2309 2197
f 2311 2197 2309
f 2300 2311 584
f 2310 584 2311
f 87 2312 2194
f 2314 2194 2312
f 2314 2313 2309
f 589 2309 2313
f 587 2315 2313
f 2318 2313 2315
f 2318 2316 2317
f 588 2317 2316
f 589 2317 2310
f 2320 2310 2317
f 2303 2320 97
f 2319 97 2320
f 560 2321 2209
f 2323 2209 2321
f 2323 2322 2312
f 587 2312 2322
f 88 2324 2206
f 2326 2206 2324
f 2326 2325 2321
f 592 2321 2325
f 590 2327 2325
f 2330 2325 2327
f 2330 2328 2329
f 591 2329 2328
f 592 2329 2322
f 2332 2322 2329
f 2315 2332 98
f 2331 98 2332
f 563 2333 2222
f 2336 2222 2333
f 2335 2336 595
f 2334 595 2336
f 90 2337 2219
f 2339 2219 2337
f 2333 2339 596
f 2338 596 2339
f 2338 593 2343
f 2340 2343 593
f 2342 2343 594
f 2341 594 2343
f 2334 596 2346
f 2342 2346 596
f 2345 2346 100
f 2344 100 2346
f 567 2347 2235
f 2349 2235 2347
f 2337 2349 593
f 2348 593 2349
f 91 2350 2232
f 2352 2232 2350
f 2347 2352 599
f 2351 599 2352
f 2351 597 2356
f 2353 2356 597
f 2355 2356 598
f 2354 598 2356
f 2348 599 2358
f 2355 2358 599
f 2340 2358 101
f 2357 101 2358
f 2247 570 2361
f 2359 2361 570
f 2350 2361 597
f 2360 597 2361
f 2244 92 2364
f 2362 2364 92
f 2359 2364 602
f 2363 602 2364
f 2363 600 2368
f 2365 2368 600
f 2367 2368 601
f 2366 601 2368
f 2360 602 2370
f 2367 2370 602
f 2353 2370 102
f 2369 102 2370
f 573 2371 2259
f 2373 2259 2371
f 2362 2373 600
f 2372 600 2373
f 93 2374 2256
f 2376 2256 2374
f 2371 2376 605
f 2375 605 2376
f 2375 603 2380
f 2377 2380 603
f 2379 2380 604
f 2378 604 2380
f 2372 605 2382
f 2379 2382 605
f 2365 2382 103
f 2381 103 2382
f 576 2383 2271
f 2385 2271 2383
f 2374 2385 603
f 2384 603 2385
f 94 2386 2268
f 2388 2268 2386
f 2383 2388 608
f 2387 608 2388
f 2387 606 2392
f 2389 2392 606
f 2391 2392 607
f 2390 607 2392
f 2384 608 2394
f 2391 2394 608
f 2377 2394 104
f 2393 104 2394
f 2283 579 2397
f 2395 2397 579
f 2386 2397 606
f 2396 606 2397
f 95 2398 2280
f 2400 2280 2398
f 2395 2400 611
f 2399 611 2400
f 2399 609 2404
f 2401 2404 609
f 2403 2404 610
f 2402 610 2404
f 2396 611 2406
f 2403 2406 611
f 2389 2406 105
f 2405 105 2406
f 2295 582 2409
f 2407 2409 582
f 2398 2409 609
f 2408 609 2409
f 96 2410 2292
f 2412 2292 2410
f 2407 2412 614
f 2411 614 2412
f 2411 612 2416
f 2413 2416 612
f 2415 2416 613
f 2414 613 2416
f 2408 614 2418
f 2415 2418 614
f 2401 2418 106
f 2417 106 2418
f 2307 585 2421
f 2419 2421 585
f 2410 2421 612
f 2420 612 2421
f 97 2422 2304
f 2424 2304 2422
f 2419 2424 617
f 2423 617 2424
f 2423 615 2428
f 2425 2428 615
f 2427 2428 616
f 2426 616 2428
f 2420 617 2430
f 2427 2430 617
f 2413 2430 107
f 2429 107 2430
f 2319 588 2433
f 2431 2433 588
f 2422 2433 615
f 2432 615 2433
f 98 2434 2316
f 2436 2316 2434
f 2431 2436 620
f 2435 620 2436
f 2435 618 2440
f 2437 2440 618
f 2439 2440 619
f 2438 619 2440
f 2432 620 2442
f 2439 2442 620
f 2425 2442 108
f 2441 108 2442
f 2331 591 2445
f 2443 2445 591
f 2434 2445 618
f 2444 618 2445
f 99 2446 2328
f 2448 2328 2446
f 2443 2448 623
f 2447 623 2448
f 2447 621 2452
f 2449 2452 621
f 2451 2452 622
f 2450 622 2452
f 2444 623 2454
f 2451 2454 623
f 2437 2454 109
f 2453 109 2454
f 2344 594 2458
f 2455 2458 594
f 2457 2458 626
f 2456 626 2458
f 2341 101 2461
f 2459 2461 101
f 2455 2461 627
f 2460 627 2461
f 2460 624 2465
f 2462 2465 624
f 2464 2465 625
f 2463 625 2465
f 2456 627 2468
f 2464 2468 627
f 2467 2468 111
f 2466 111 2468
f 2357 598 2471
f 2469 2471 598
f 2459 2471 624
f 2470 624 2471
f 2354 102 2474
f 2472 2474 102
f 2469 2474 630
f 2473 630 2474
f 2473 628 2478
f 2475 2478 628
f 2477 2478 629
f 2476 629 2478
f 2470 630 2480
f 2477 2480 630
f 2462 2480 112
f 2479 112 2480
f 2369 601 2483
f 2481 2483 601
f 2472 2483 628
f 2482 628 2483
f 2366 103 2486
f 2484 2486 103
f 2481 2486 633
f 2485 633 2486
f 2485 631 2490
f 2487 2490 631
f 2489 2490 632
f 2488 632 2490
f 2482 633 2492
f 2489 2492 633
f 2475 2492 113
f 2491 113 2492
f 2381 604 2495
f 2493 2495 604
f 2484 2495 631
f 2494 631 2495
f 2378 104 2498
f 2496 2498 104
f 2493 2498 636
f 2497 636 2498
f 2497 634 2502
f 2499 2502 634
f 2501 2502 635
f 2500 635 2502
f 2494 636 2504
f 2501 2504 636
f 2487 2504 114
f 2503 114 2504
f 2393 607 2507
f 2505 2507 607
f 2496 2507 634
f 2506 634 2507
f 2390 105 2510
f 2508 2510 105
f 2505 2510 639
f 2509 639 2510
f 2509 637 2514
f 2511 2514 637
f 2513 2514 638
f 2512 638 2514
f 2506 639 2516
f 2513 2516 639
f 2499 2516 115
f 2515 115 2516
f 2405 610 2519
f 2517 2519 610
f 2508 2519 637
f 2518 637 2519
f 2402 106 2522
f 2520 2522 106
f 2517 2522 642
f 2521 642 2522
f 2521 640 2526
f 2523 2526 640
f 2525 2526 641
f 2524 641 2526
f 2518 642 2528
f 2525 2528 642
f 2511 2528 116
f 2527 116 2528
f 2417 613 2531
f 2529 2531 613
f 2520 2531 640
f 2530 640 2531
f 2414 107 2534
f 2532 2534 107
f 2529 2534 645
f 2533 645 2534
f 2533 643 2538
f 2535 2538 643
f 2537 2538 644
f 2536 644 2538
f 2530 645 2540
f 2537 2540 645
f 2523 2540 117
f 2539 117 2540
f 2429 616 2543
f 2541 2543 616
f 2532 2543 643
f 2542 643 2543
f 2426 108 2546
f 2544 2546 108
f 2541 2546 648
f 2545 648 2546
f 2545 646 2550
f 2547 2550 646
f 2549 2550 647
f 2548 647 2550
f 2542 648 2552
f 2549 2552 648
f 2535 2552 118
f 2551 118 2552
f 2441 619 2555
f 2553 2555 619
f 2544 2555 646
f 2554 646 2555
f 2438 109 2558
f 2556 2558 109
f 2553 2558 651
f 2557 651 2558
f 2557 649 2562
f 2559 2562 649
f 2561 2562 650
f 2560 650 2562
f 2554 651 2564
f 2561 2564 651
f 2547 2564 119
f 2563 119 2564
f 2453 622 2567
f 2565 2567 622
f 2556 2567 649
f 2566 649 2567
f 2450 110 2570
f 2568 2570 110
f 2565 2570 654
f 2569 654 2570
f 2569 652 2574
f 2571 2574 652
f 2573 2574 653
f 2572 653 2574
f 2566 654 2576
f 2573 2576 654
f 2559 2576 120
f 2575 120 2576
f 625 2577 2466
f 2580 2466 2577
f 2580 2578 2579
f 657 2579 2578
f 112 2581 2463
f 2583 2463 2581
f 2583 2582 2577
f 658 2577 2582
f 655 2584 2582
f 2587 2582 2584
f 2587 2585 2586
f 656 2586 2585
f 658 2586 2578
f 2590 2578 2586
f 2590 2588 2589
f 122 2589 2588
f 2479 629 2593
f 2591 2593 629
f 2593 2592 2581
f 655 2581 2592
f 113 2594 2476
f 2596 2476 2594
f 2596 2595 2591
f 661 2591 2595
f 659 2597 2595
f 2600 2595 2597
f 2600 2598 2599
f 660 2599 2598
f 661 2599 2592
f 2602 2592 2599
f 2602 2601 2584
f 123 2584 2601
f 2491 632 2605
f 2603 2605 632
f 2605 2604 2594
f 659 2594 2604
f 114 2606 2488
f 2608 2488 2606
f 2608 2607 2603
f 664 2603 2607
f 662 2609 2607
f 2612 2607 2609
f 2612 2610 2611
f 663 2611 2610
f 664 2611 2604
f 2614 2604 2611
f 2614 2613 2597
f 124 2597 2613
f 2503 635 2617
f 2615 2617 635
f 2606 2617 662
f 2616 662 2617
f 115 2618 2500
f 2620 2500 2618
f 2620 2619 2615
f 667 2615 2619
f 665 2621 2619
f 2624 2619 2621
f 2624 2622 2623
f 666 2623 2622
f 2616 667 2626
f 2623 2626 667
f 2626 2625 2609
f 125 2609 2625
f 2515 638 2629
f 2627 2629 638
f 2618 2629 665
f 2628 665 2629
f 116 2630 2512
f 2632 2512 2630
f 2632 2631 2627
f 670 2627 2631
f 668 2633 2631
f 2636 2631 2633
f 2636 2634 2635
f 669 2635 2634
f 2628 670 2638
f 2635 2638 670
f 2621 2638 126
f 2637 126 2638
f 2527 641 2641
f 2639 2641 641
f 2630 2641 668
f 2640 668 2641
f 117 2642 2524
f 2644 2524 2642
f 2644 2643 2639
f 673 2639 2643
f 671 2645 2643
f 2648 2643 2645
f 2648 2646 2647
f 672 2647 2646
f 2640 673 2650
f 2647 2650 673
f 2633 2650 127
f 2649 127 2650
f 2539 644 2653
f 2651 2653 644
f 2642 2653 671
f 2652 671 2653
f 118 2654 2536
f 2656 2536 2654
f 2656 2655 2651
f 676 2651 2655
f 674 2657 2655
f 2660 2655 2657
f 2660 2658 2659
f 675 2659 2658
f 2652 676 2662
f 2659 2662 676
f 2645 2662 128
f 2661 128 2662
f 2551 647 2665
f 2663 2665 647
f 2654 2665 674
f 2664 674 2665
f 119 2666 2548
f 2668 2548 2666
f 2668 2667 2663
f 679 2663 2667
f 677 2669 2667
f 2672 2667 2669
f 2672 2670 2671
f 678 2671 2670
f 2664 679 2674
f 2671 2674 679
f 2657 2674 129
f 2673 129 2674
f 2563 650 2677
f 2675 2677 650
f 2666 2677 677
f 2676 677 2677
f 120 2678 2560
f 2680 2560 2678
f 2680 2679 2675
f 682 2675 2679
f 680 2681 2679
f 2684 2679 2681
f 2684 2682 2683
f 681 2683 2682
f 2676 682 2686
f 2683 2686 682
f 2669 2686 130
f 2685 130 2686
f 2575 653 2689
f 2687 2689 653
f 2678 2689 680
f 2688 680 2689
f 121 2690 2572
f 2692 2572 2690
f 2692 2691 2687
f 685 2687 2691
f 683 2693 2691
f 2696 2691 2693
f 2696 2694 2695
f 684 2695 2694
f 2688 685 2698
f 2695 2698 685
f 2681 2698 131
f 2697 131 2698
f 656 2699 2588
f 2702 2588 2699
f 2702 2700 2701
f 687 2701 2700
f 123 2703 2585
f 2705 2585 2703
f 2705 2704 2699
f 688 2699 2704
f 2704 686 2708
f 2706 2708 686
f 2707 2708 335
f 1342 335 2708
f 2700 688 2710
f 2707 2710 688
f 2709 2710 1
f 1337 1 2710
f 660 2711 2601
f 2713 2601 2711
f 2713 2712 2703
f 686 2703 2712
f 124 2714 2598
f 2716 2598 2714
f 2716 2715 2711
f 690 2711 2715
f 689 2717 2715
f 2719 2715 2717
f 2718 2719 340
f 1357 340 2719
f 690 2718 2712
f 2720 2712 2718
f 2706 2720 2
f 1353 2 2720
f 663 2721 2613
f 2723 2613 2721
f 2723 2722 2714
f 689 2714 2722
f 125 2724 2610
f 2726 2610 2724
f 2726 2725 2721
f 692 2721 2725
f 691 2727 2725
f 2729 2725 2727
f 2728 2729 344
f 1371 344 2729
f 692 2728 2722
f 2730 2722 2728
f 2717 2730 3
f 1367 3 2730
f 666 2731 2625
f 2733 2625 2731
f 2733 2732 2724
f 691 2724 2732
f 126 2734 2622
f 2736 2622 2734
f 2736 2735 2731
f 694 2731 2735
f 693 2737 2735
f 2739 2735 2737
f 2739 1385 2738
f 348 2738 1385
f 694 2738 2732
f 2740 2732 2738
f 2740 1381 2727
f 4 2727 1381
f 2637 669 2743
f 2741 2743 669
f 2743 2742 2734
f 693 2734 2742
f 127 2744 2634
f 2746 2634 2744
f 2746 2745 2741
f 696 2741 2745
f 695 2747 2745
f 2749 2745 2747
f 2749 1399 2748
f 352 2748 1399
f 696 2748 2742
f 2750 2742 2748
f 2750 1395 2737
f 5 2737 1395
f 2649 672 2753
f 2751 2753 672
f 2744 2753 695
f 2752 695 2753
f 128 2754 2646
f 2756 2646 2754
f 2756 2755 2751
f 698 2751 2755
f 697 2757 2755
f 2759 2755 2757
f 2759 1413 2758
f 356 2758 1413
f 2752 698 2760
f 2758 2760 698
f 2747 2760 6
f 1409 6 2760
f 2661 675 2763
f 2761 2763 675
f 2754 2763 697
f 2762 697 2763
f 129 2764 2658
f 2766 2658 2764
f 2766 2765 2761
f 700 2761 2765
f 699 2767 2765
f 2769 2765 2767
f 2769 1427 2768
f 360 2768 1427
f 2762 700 2770
f 2768 2770 700
f 2757 2770 7
f 1423 7 2770
f 2673 678 2773
f 2771 2773 678
f 2764 2773 699
f 2772 699 2773
f 130 2774 2670
f 2776 2670 2774
f 2776 2775 2771
f 702 2771 2775
f 701 2777 2775
f 2779 2775 2777
f 2779 1441 2778
f 364 2778 1441
f 2772 702 2780
f 2778 2780 702
f 2767 2780 8
f 1437 8 2780
f 2685 681 2783
f 2781 2783 681
f 2774 2783 701
f 2782 701 2783
f 131 2784 2682
f 2786 2682 2784
f 2786 2785 2781
f 704 2781 2785
f 703 2787 2785
f 2789 2785 2787
f 2789 1455 2788
f 368 2788 1455
f 2782 704 2790
f 2788 2790 704
f 2777 2790 9
f 1451 9 2790
f 2697 684 2793
f 2791 2793 684
f 2784 2793 703
f 2792 703 2793
f 132 2794 2694
f 2796 2694 2794
f 2796 2795 2791
f 706 2791 2795
f 705 2797 2795
f 2799 2795 2797
f 2799 1469 2798
f 372 2798 1469
f 2792 706 2800
f 2798 2800 706
f 2787 2800 10
f 1465 10 2800
f 2804 1725 2801
f 440 2801 1725
f 2803 2804 709
f 2802 709 2804
f 2805 2807 45
f 1735 45 2807
f 2806 710 2807
f 2801 2807 710
f 2808 2811 707
f 2806 707 2811
f 2809 708 2811
f 2810 2811 708
f 2802 710 2814
f 2810 2814 710
f 2812 133 2814
f 2813 2814 133
f 1847 471 2817
f 2815 2817 471
f 2816 707 2817
f 2805 2817 707
f 1857 56 2820
f 2818 2820 56
f 2815 2820 713
f 2819 713 2820
f 2819 711 2824
f 2821 2824 711
f 2822 712 2824
f 2823 2824 712
f 2823 2826 713
f 2816 713 2826
f 2825 134 2826
f 2808 2826 134
f 2827 2830 708
f 2812 708 2830
f 2828 716 2830
f 2829 2830 716
f 2831 2833 134
f 2809 134 2833
f 2832 717 2833
f 2827 2833 717
f 2834 2837 714
f 2832 714 2837
f 2835 715 2837
f 2836 2837 715
f 2836 2840 717
f 2828 717 2840
f 2838 136 2840
f 2839 2840 136
f 2841 2843 712
f 2825 712 2843
f 2842 714 2843
f 2831 2843 714
f 2822 135 2846
f 2844 2846 135
f 2845 720 2846
f 2841 2846 720
f 2847 2850 718
f 2845 718 2850
f 719 2849 2848
f 2850 2848 2849
f 2852 2842 2849
f 720 2849 2842
f 137 2834 2851
f 2852 2851 2834
f 2838 715 2856
f 2853 2856 715
f 2855 2856 723
f 2854 723 2856
f 2859 2835 2857
f 137 2857 2835
f 2853 2859 724
f 2858 724 2859
f 721 2860 2858
f 2863 2858 2860
f 2862 2863 722
f 2861 722 2863
f 2854 724 2866
f 2862 2866 724
f 2865 2866 139
f 2864 139 2866
f 719 2867 2851
f 2869 2851 2867
f 2869 2868 2857
f 721 2857 2868
f 138 2870 2848
f 2872 2848 2870
f 2872 2871 2867
f 727 2867 2871
f 725 2873 2871
f 2876 2871 2873
f 2876 2874 2875
f 726 2875 2874
f 727 2875 2868
f 2878 2868 2875
f 2878 2877 2860
f 140 2860 2877
f 2873 725 2882
f 2879 2882 725
f 2881 2882 730
f 2880 730 2882
f 2870 138 2885
f 2883 2885 138
f 2879 2885 731
f 2884 731 2885
f 2884 728 2889
f 2886 2889 728
f 2888 2889 729
f 2887 729 2889
f 2880 731 2892
f 2888 2892 731
f 2891 2892 143
f 2890 143 2892
f 1961 497 2896
f 2893 2896 497
f 2895 2896 734
f 2894 734 2896
f 1958 55 2899
f 2897 2899 55
f 2893 2899 735
f 2898 735 2899
f 732 2900 2898
f 2903 2898 2900
f 2902 2903 733
f 2901 733 2903
f 2894 735 2906
f 2902 2906 735
f 2906 2904 2905
f 146 2905 2904
f 466 2907 1839
f 2909 1839 2907
f 2909 2908 2897
f 732 2897 2908
f 44 2910 1836
f 2912 1836 2910
f 2912 2911 2907
f 738 2907 2911
f 736 2913 2911
f 2916 2911 2913
f 2916 2914 2915
f 737 2915 2914
f 738 2915 2908
f 2918 2908 2915
f 2918 2917 2900
f 145 2900 2917
f 2904 733 2922
f 2919 2922 733
f 2922 2920 2921
f 741 2921 2920
f 145 2923 2901
f 2925 2901 2923
f 2919 2925 742
f 2924 742 2925
f 2924 739 2929
f 2926 2929 739
f 2928 2929 740
f 2927 740 2929
f 2920 742 2932
f 2928 2932 742
f 2931 2932 149
f 2930 149 2932
f 737 2933 2917
f 2935 2917 2933
f 2935 2934 2923
f 739 2923 2934
f 144 2936 2914
f 2938 2914 2936
f 2938 2937 2933
f 745 2933 2937
f 743 2939 2937
f 2942 2937 2939
f 2942 2940 2941
f 744 2941 2940
f 745 2941 2934
f 2944 2934 2941
f 2944 2943 2926
f 148 2926 2943
f 2946 2949 746
f 2945 746 2949
f 2947 749 2949
f 2948 2949 749
f 2951 2953 161
f 2950 161 2953
f 2952 750 2953
f 2946 2953 750
f 2954 2957 747
f 2952 747 2957
f 2955 748 2957
f 2956 2957 748
f 2956 2960 750
f 2947 750 2960
f 2958 151 2960
f 2959 2960 151
f 2961 2964 748
f 2958 748 2964
f 2962 753 2964
f 2963 2964 753
f 2965 2967 162
f 2955 162 2967
f 2966 754 2967
f 2961 2967 754
f 2968 2971 751
f 2966 751 2971
f 2969 752 2971
f 2970 2971 752
f 2970 2974 754
f 2962 754 2974
f 2972 152 2974
f 2973 2974 152
f 2975 2978 752
f 2972 752 2978
f 2976 757 2978
f 2977 2978 757
f 2979 2981 163
f 2969 163 2981
f 2980 758 2981
f 2975 2981 758
f 2982 2985 755
f 2980 755 2985
f 2983 756 2985
f 2984 2985 756
f 2984 2988 758
f 2976 758 2988
f 2986 153 2988
f 2987 2988 153
f 2989 2992 756
f 2986 756 2992
f 2992 2990 2991
f 761 2991 2990
f 2993 2995 164
f 2983 164 2995
f 2994 762 2995
f 2989 2995 762
f 2996 2999 759
f 2994 759 2999
f 2999 2997 2998
f 760 2998 2997
f 762 2998 2990
f 3002 2990 2998
f 3002 3000 3001
f 154 3001 3000
f 760 3003 3000
f 3006 3000 3003
f 3006 3004 3005
f 765 3005 3004
f 165 3007 2997
f 3009 2997 3007
f 3009 3008 3003
f 766 3003 3008
f 763 3010 3008
f 3013 3008 3010
f 3013 3011 3012
f 764 3012 3011
f 766 3012 3004
f 3016 3004 3012
f 3016 3014 3015
f 155 3015 3014
f 764 3017 3014
f 3020 3014 3017
f 3020 3018 3019
f 769 3019 3018
f 166 3021 3011
f 3023 3011 3021
f 3023 3022 3017
f 770 3017 3022
f 3024 3027 767
f 3022 767 3027
f 3025 768 3027
f 3026 3027 768
f 3026 3030 770
f 3018 770 3030
f 3028 156 3030
f 3029 3030 156
f 768 3031 3028
f 3034 3028 3031
f 3034 3032 3033
f 773 3033 3032
f 167 3035 3025
f 3037 3025 3035
f 3037 3036 3031
f 774 3031 3036
f 3038 3041 771
f 3036 771 3041
f 3039 772 3041
f 3040 3041 772
f 3040 3044 774
f 3032 774 3044
f 3042 157 3044
f 3043 3044 157
f 772 3045 3042
f 3048 3042 3045
f 3048 3046 3047
f 777 3047 3046
f 168 3049 3039
f 3051 3039 3049
f 3051 3050 3045
f 778 3045 3050
f 3052 3055 775
f 3050 775 3055
f 3053 776 3055
f 3054 3055 776
f 3054 3058 778
f 3046 778 3058
f 3056 158 3058
f 3057 3058 158
f 776 3059 3056
f 3062 3056 3059
f 3062 3060 3061
f 781 3061 3060
f 169 3063 3053
f 3065 3053 3063
f 3065 3064 3059
f 782 3059 3064
f 3066 3069 779
f 3064 779 3069
f 3067 780 3069
f 3068 3069 780
f 3068 3072 782
f 3060 782 3072
f 3070 159 3072
f 3071 3072 159
f 780 3073 3070
f 3076 3070 3073
f 3076 3074 3075
f 785 3075 3074
f 170 3077 3067
f 3079 3067 3077
f 3079 3078 3073
f 786 3073 3078
f 3080 3083 783
f 3078 783 3083
f 3081 784 3083
f 3082 3083 784
f 3082 3086 786
f 3074 786 3086
f 3084 160 3086
f 3085 3086 160
f 3087 787 3090
f 3088 3090 787
f 2951 3090 747
f 3089 747 3090
f 3091 172 3094
f 3092 3094 172
f 3088 3094 790
f 3093 790 3094
f 3093 788 3098
f 3095 3098 788
f 3097 3098 789
f 3096 789 3098
f 3089 790 3100
f 3097 3100 790
f 3099 162 3100
f 2954 3100 162
f 3101 3103 789
f 3099 789 3103
f 3102 751 3103
f 2965 3103 751
f 3096 173 3106
f 3104 3106 173
f 3105 793 3106
f 3101 3106 793
f 3107 3110 791
f 3105 791 3110
f 3108 792 3110
f 3109 3110 792
f 3109 3112 793
f 3102 793 3112
f 3111 163 3112
f 2968 3112 163
f 3113 3115 792
f 3111 792 3115
f 3114 755 3115
f 2979 3115 755
f 3116 3118 174
f 3108 174 3118
f 3117 796 3118
f 3113 3118 796
f 794 3119 3117
f 3122 3117 3119
f 3120 795 3122
f 3121 3122 795
f 3121 3124 796
f 3114 796 3124
f 3123 164 3124
f 2982 3124 164
f 3125 3127 795
f 3123 795 3127
f 3126 759 3127
f 2993 3127 759
f 175 3128 3120
f 3130 3120 3128
f 3129 799 3130
f 3125 3130 799
f 797 3131 3129
f 3134 3129 3131
f 3132 798 3134
f 3133 3134 798
f 3133 3136 799
f 3126 799 3136
f 3135 165 3136
f 2996 3136 165
f 3137 3139 798
f 3135 798 3139
f 3138 763 3139
f 3007 3139 763
f 3140 3142 176
f 3132 176 3142
f 3141 802 3142
f 3137 3142 802
f 3143 3146 800
f 3141 800 3146
f 3144 801 3146
f 3145 3146 801
f 3145 3148 802
f 3138 802 3148
f 3148 3147 3010
f 166 3010 3147
f 801 3149 3147
f 3151 3147 3149
f 3151 3150 3021
f 767 3021 3150
f 177 3152 3144
f 3154 3144 3152
f 3154 3153 3149
f 805 3149 3153
f 3155 3158 803
f 3153 803 3158
f 3156 804 3158
f 3157 3158 804
f 3157 3160 805
f 3150 805 3160
f 3159 167 3160
f 3024 3160 167
f 804 3161 3159
f 3163 3159 3161
f 3163 3162 3035
f 771 3035 3162
f 178 3164 3156
f 3166 3156 3164
f 3166 3165 3161
f 808 3161 3165
f 3167 3170 806
f 3165 806 3170
f 3168 807 3170
f 3169 3170 807
f 3169 3172 808
f 3162 808 3172
f 3171 168 3172
f 3038 3172 168
f 807 3173 3171
f 3175 3171 3173
f 3175 3174 3049
f 775 3049 3174
f 179 3176 3168
f 3178 3168 3176
f 3178 3177 3173
f 811 3173 3177
f 3179 3182 809
f 3177 809 3182
f 3180 810 3182
f 3181 3182 810
f 3181 3184 811
f 3174 811 3184
f 3183 169 3184
f 3052 3184 169
f 810 3185 3183
f 3187 3183 3185
f 3187 3186 3063
f 779 3063 3186
f 180 3188 3180
f 3190 3180 3188
f 3189 814 3190
f 3185 3190 814
f 3191 3194 812
f 3189 812 3194
f 3192 813 3194
f 3193 3194 813
f 3193 3196 814
f 3186 814 3196
f 3195 170 3196
f 3066 3196 170
f 3197 3199 813
f 3195 813 3199
f 3199 3198 3077
f 783 3077 3198
f 3200 3202 181
f 3192 181 3202
f 3201 817 3202
f 3197 3202 817
f 3203 3206 815
f 3201 815 3206
f 3204 816 3206
f 3205 3206 816
f 3205 3208 817
f 3198 817 3208
f 3207 171 3208
f 3080 3208 171
f 3209 818 3212
f 3210 3212 818
f 3092 3212 788
f 3211 788 3212
f 3213 183 3216
f 3214 3216 183
f 3210 3216 821
f 3215 821 3216
f 3215 819 3220
f 3217 3220 819
f 3219 3220 820
f 3218 820 3220
f 3211 821 3222
f 3219 3222 821
f 3095 3222 173
f 3221 173 3222
f 3221 820 3225
f 3223 3225 820
f 3104 3225 791
f 3224 791 3225
f 3218 184 3228
f 3226 3228 184
f 3223 3228 824
f 3227 824 3228
f 3229 3232 822
f 3227 822 3232
f 3232 3230 3231
f 823 3231 3230
f 3231 3234 824
f 3224 824 3234
f 3233 174 3234
f 3107 3234 174
f 823 3235 3233
f 3237 3233 3235
f 3237 3236 3116
f 794 3116 3236
f 185 3238 3230
f 3240 3230 3238
f 3240 3239 3235
f 827 3235 3239
f 825 3241 3239
f 3244 3239 3241
f 3244 3242 3243
f 826 3243 3242
f 827 3243 3236
f 3246 3236 3243
f 3246 3245 3119
f 175 3119 3245
f 826 3247 3245
f 3249 3245 3247
f 3249 3248 3128
f 797 3128 3248
f 186 3250 3242
f 3252 3242 3250
f 3252 3251 3247
f 830 3247 3251
f 828 3253 3251
f 3256 3251 3253
f 3256 3254 3255
f 829 3255 3254
f 830 3255 3248
f 3258 3248 3255
f 3258 3257 3131
f 176 3131 3257
f 829 3259 3257
f 3261 3257 3259
f 3261 3260 3140
f 800 3140 3260
f 187 3262 3254
f 3264 3254 3262
f 3264 3263 3259
f 833 3259 3263
f 831 3265 3263
f 3268 3263 3265
f 3268 3266 3267
f 832 3267 3266
f 833 3267 3260
f 3270 3260 3267
f 3270 3269 3143
f 177 3143 3269
f 832 3271 3269
f 3273 3269 3271
f 3273 3272 3152
f 803 3152 3272
f 188 3274 3266
f 3276 3266 3274
f 3276 3275 3271
f 836 3271 3275
f 834 3277 3275
f 3280 3275 3277
f 3280 3278 3279
f 835 3279 3278
f 836 3279 3272
f 3282 3272 3279
f 3282 3281 3155
f 178 3155 3281
f 835 3283 3281
f 3285 3281 3283
f 3285 3284 3164
f 806 3164 3284
f 189 3286 3278
f 3288 3278 3286
f 3288 3287 3283
f 839 3283 3287
f 837 3289 3287
f 3292 3287 3289
f 3292 3290 3291
f 838 3291 3290
f 839 3291 3284
f 3294 3284 3291
f 3294 3293 3167
f 179 3167 3293
f 838 3295 3293
f 3297 3293 3295
f 3297 3296 3176
f 809 3176 3296
f 190 3298 3290
f 3300 3290 3298
f 3300 3299 3295
f 842 3295 3299
f 840 3301 3299
f 3304 3299 3301
f 3304 3302 3303
f 841 3303 3302
f 842 3303 3296
f 3306 3296 3303
f 3306 3305 3179
f 180 3179 3305
f 841 3307 3305
f 3309 3305 3307
f 3309 3308 3188
f 812 3188 3308
f 191 3310 3302
f 3312 3302 3310
f 3312 3311 3307
f 845 3307 3311
f 843 3313 3311
f 3316 3311 3313
f 3316 3314 3315
f 844 3315 3314
f 845 3315 3308
f 3318 3308 3315
f 3318 3317 3191
f 181 3191 3317
f 844 3319 3317
f 3321 3317 3319
f 3320 815 3321
f 3200 3321 815
f 192 3322 3314
f 3324 3314 3322
f 3324 3323 3319
f 848 3319 3323
f 3325 3328 846
f 3323 846 3328
f 3326 847 3328
f 3327 3328 847
f 3327 3330 848
f 3320 848 3330
f 3330 3329 3203
f 182 3203 3329
f 3331 849 3334
f 3332 3334 849
f 3214 3334 819
f 3333 819 3334
f 194 3336 3335
f 3338 3335 3336
f 3332 3338 852
f 3337 852 3338
f 3337 850 3342
f 3339 3342 850
f 3341 3342 851
f 3340 851 3342
f 3333 852 3344
f 3341 3344 852
f 3217 3344 184
f 3343 184 3344
f 3343 851 3347
f 3345 3347 851
f 3226 3347 822
f 3346 822 3347
f 195 3348 3340
f 3350 3340 3348
f 3350 3349 3345
f 855 3345 3349
f 853 3351 3349
f 3354 3349 3351
f 3354 3352 3353
f 854 3353 3352
f 855 3353 3346
f 3356 3346 3353
f 3356 3355 3229
f 185 3229 3355
f 854 3357 3355
f 3359 3355 3357
f 3359 3358 3238
f 825 3238 3358
f 196 3360 3352
f 3362 3352 3360
f 3362 3361 3357
f 858 3357 3361
f 856 3363 3361
f 3366 3361 3363
f 3366 3364 3365
f 857 3365 3364
f 858 3365 3358
f 3368 3358 3365
f 3368 3367 3241
f 186 3241 3367
f 857 3369 3367
f 3371 3367 3369
f 3371 3370 3250
f 828 3250 3370
f 197 3372 3364
f 3374 3364 3372
f 3374 3373 3369
f 861 3369 3373
f 3375 3378 859
f 3373 859 3378
f 3378 3376 3377
f 860 3377 3376
f 861 3377 3370
f 3380 3370 3377
f 3380 3379 3253
f 187 3253 3379
f 860 3381 3379
f 3383 3379 3381
f 3383 3382 3262
f 831 3262 3382
f 3384 3386 198
f 3376 198 3386
f 3386 3385 3381
f 864 3381 3385
f 3387 3390 862
f 3385 862 3390
f 3390 3388 3389
f 863 3389 3388
f 864 3389 3382
f 3392 3382 3389
f 3392 3391 3265
f 188 3265 3391
f 863 3393 3391
f 3395 3391 3393
f 3395 3394 3274
f 834 3274 3394
f 3396 3398 199
f 3388 199 3398
f 3398 3397 3393
f 867 3393 3397
f 3399 3402 865
f 3397 865 3402
f 3402 3400 3401
f 866 3401 3400
f 867 3401 3394
f 3404 3394 3401
f 3404 3403 3277
f 189 3277 3403
f 866 3405 3403
f 3407 3403 3405
f 3407 3406 3286
f 837 3286 3406
f 200 3408 3400
f 3410 3400 3408
f 3410 3409 3405
f 870 3405 3409
f 3411 3414 868
f 3409 868 3414
f 3414 3412 3413
f 869 3413 3412
f 870 3413 3406
f 3416 3406 3413
f 3416 3415 3289
f 190 3289 3415
f 869 3417 3415
f 3419 3415 3417
f 3419 3418 3298
f 840 3298 3418
f 201 3420 3412
f 3422 3412 3420
f 3422 3421 3417
f 873 3417 3421
f 3423 3426 871
f 3421 871 3426
f 3426 3424 3425
f 872 3425 3424
f 873 3425 3418
f 3428 3418 3425
f 3428 3427 3301
f 191 3301 3427
f 872 3429 3427
f 3431 3427 3429
f 3431 3430 3310
f 843 3310 3430
f 202 3432 3424
f 3434 3424 3432
f 3434 3433 3429
f 876 3429 3433
f 3435 3438 874
f 3433 874 3438
f 3438 3436 3437
f 875 3437 3436
f 876 3437 3430
f 3440 3430 3437
f 3440 3439 3313
f 192 3313 3439
f 875 3441 3439
f 3443 3439 3441
f 3443 3442 3322
f 846 3322 3442
f 3444 3446 203
f 3436 203 3446
f 3446 3445 3441
f 879 3441 3445
f 877 3447 3445
f 3450 3445 3447
f 3449 3450 878
f 3448 878 3450
f 879 3449 3442
f 3452 3442 3449
f 193 3325 3451
f 3452 3451 3325
f 880 3454 3453
f 3456 3453 3454
f 3456 3455 3336
f 850 3336 3455
f 205 3458 3457
f 3460 3457 3458
f 3460 3459 3454
f 883 3454 3459
f 881 3461 3459
f 3464 3459 3461
f 3464 3462 3463
f 882 3463 3462
f 883 3463 3455
f 3466 3455 3463
f 3466 3465 3339
f 195 3339 3465
f 882 3467 3465
f 3469 3465 3467
f 3469 3468 3348
f 853 3348 3468
f 206 3470 3462
f 3472 3462 3470
f 3472 3471 3467
f 886 3467 3471
f 884 3473 3471
f 3476 3471 3473
f 3476 3474 3475
f 885 3475 3474
f 886 3475 3468
f 3478 3468 3475
f 3478 3477 3351
f 196 3351 3477
f 885 3479 3477
f 3481 3477 3479
f 3481 3480 3360
f 856 3360 3480
f 207 3482 3474
f 3484 3474 3482
f 3484 3483 3479
f 889 3479 3483
f 887 3485 3483
f 3488 3483 3485
f 3488 3486 3487
f 888 3487 3486
f 889 3487 3480
f 3490 3480 3487
f 3490 3489 3363
f 197 3363 3489
f 888 3491 3489
f 3493 3489 3491
f 3493 3492 3372
f 859 3372 3492
f 208 3494 3486
f 3496 3486 3494
f 3496 3495 3491
f 892 3491 3495
f 890 3497 3495
f 3500 3495 3497
f 3498 891 3500
f 3499 3500 891
f 3499 3502 892
f 3492 892 3502
f 3501 198 3502
f 3375 3502 198
f 3503 3505 891
f 3501 891 3505
f 3504 862 3505
f 3384 3505 862
f 3506 3508 209
f 3498 209 3508
f 3507 895 3508
f 3503 3508 895
f 3509 3512 893
f 3507 893 3512
f 3510 894 3512
f 3511 3512 894
f 3511 3514 895
f 3504 895 3514
f 3513 199 3514
f 3387 3514 199
f 3515 3517 894
f 3513 894 3517
f 3516 865 3517
f 3396 3517 865
f 3518 3520 210
f 3510 210 3520
f 3519 898 3520
f 3515 3520 898
f 3521 3524 896
f 3519 896 3524
f 3522 897 3524
f 3523 3524 897
f 3523 3526 898
f 3516 898 3526
f 3525 200 3526
f 3399 3526 200
f 897 3527 3525
f 3529 3525 3527
f 3529 3528 3408
f 868 3408 3528
f 211 3530 3522
f 3532 3522 3530
f 3532 3531 3527
f 901 3527 3531
f 3533 3536 899
f 3531 899 3536
f 3534 900 3536
f 3535 3536 900
f 3535 3538 901
f 3528 901 3538
f 3537 201 3538
f 3411 3538 201
f 900 3539 3537
f 3541 3537 3539
f 3541 3540 3420
f 871 3420 3540
f 212 3542 3534
f 3544 3534 3542
f 3544 3543 3539
f 904 3539 3543
f 3545 3548 902
f 3543 902 3548
f 3546 903 3548
f 3547 3548 903
f 3547 3550 904
f 3540 904 3550
f 3549 202 3550
f 3423 3550 202
f 903 3551 3549
f 3553 3549 3551
f 3552 874 3553
f 3432 3553 874
f 213 3554 3546
f 3556 3546 3554
f 3555 907 3556
f 3551 3556 907
f 3557 3560 905
f 3555 905 3560
f 3558 906 3560
f 3559 3560 906
f 3559 3562 907
f 3552 907 3562
f 3561 203 3562
f 3435 3562 203
f 3563 3565 906
f 3561 906 3565
f 3444 3565 877
f 3564 877 3565
f 3566 3568 214
f 3558 214 3568
f 3567 910 3568
f 3563 3568 910
f 3569 3572 908
f 3567 908 3572
f 3570 909 3572
f 3571 3572 909
f 3564 910 3574
f 3571 3574 910
f 3447 3574 204
f 3573 204 3574
f 3575 911 3578
f 3576 3578 911
f 3578 3577 3458
f 881 3458 3577
f 3579 216 3582
f 3580 3582 216
f 3576 3582 914
f 3581 914 3582
f 912 3583 3581
f 3586 3581 3583
f 3586 3584 3585
f 913 3585 3584
f 3577 914 3588
f 3585 3588 914
f 3588 3587 3461
f 206 3461 3587
f 913 3589 3587
f 3591 3587 3589
f 3591 3590 3470
f 884 3470 3590
f 217 3592 3584
f 3594 3584 3592
f 3594 3593 3589
f 917 3589 3593
f 915 3595 3593
f 3598 3593 3595
f 3598 3596 3597
f 916 3597 3596
f 917 3597 3590
f 3600 3590 3597
f 3600 3599 3473
f 207 3473 3599
f 916 3601 3599
f 3603 3599 3601
f 3603 3602 3482
f 887 3482 3602
f 218 3604 3596
f 3606 3596 3604
f 3606 3605 3601
f 920 3601 3605
f 918 3607 3605
f 3610 3605 3607
f 3610 3608 3609
f 919 3609 3608
f 920 3609 3602
f 3612 3602 3609
f 3612 3611 3485
f 208 3485 3611
f 919 3613 3611
f 3615 3611 3613
f 3615 3614 3494
f 890 3494 3614
f 219 3616 3608
f 3618 3608 3616
f 3618 3617 3613
f 923 3613 3617
f 921 3619 3617
f 3622 3617 3619
f 3622 3620 3621
f 922 3621 3620
f 923 3621 3614
f 3624 3614 3621
f 3624 3623 3497
f 209 3497 3623
f 922 3625 3623
f 3627 3623 3625
f 3627 3626 3506
f 893 3506 3626
f 220 3628 3620
f 3630 3620 3628
f 3630 3629 3625
f 926 3625 3629
f 924 3631 3629
f 3634 3629 3631
f 3632 925 3634
f 3633 3634 925
f 3633 3636 926
f 3626 926 3636
f 3635 210 3636
f 3509 3636 210
f 3637 3639 925
f 3635 925 3639
f 3638 896 3639
f 3518 3639 896
f 3640 3642 221
f 3632 221 3642
f 3641 929 3642
f 3637 3642 929
f 3643 3646 927
f 3641 927 3646
f 3644 928 3646
f 3645 3646 928
f 3645 3648 929
f 3638 929 3648
f 3647 211 3648
f 3521 3648 211
f 928 3649 3647
f 3651 3647 3649
f 3651 3650 3530
f 899 3530 3650
f 3652 3654 222
f 3644 222 3654
f 3654 3653 3649
f 932 3649 3653
f 3655 3658 930
f 3653 930 3658
f 3656 931 3658
f 3657 3658 931
f 3657 3660 932
f 3650 932 3660
f 3659 212 3660
f 3533 3660 212
f 931 3661 3659
f 3663 3659 3661
f 3663 3662 3542
f 902 3542 3662
f 223 3664 3656
f 3666 3656 3664
f 3666 3665 3661
f 935 3661 3665
f 3667 3670 933
f 3665 933 3670
f 3668 934 3670
f 3669 3670 934
f 3669 3672 935
f 3662 935 3672
f 3671 213 3672
f 3545 3672 213
f 934 3673 3671
f 3675 3671 3673
f 3674 905 3675
f 3554 3675 905
f 224 3676 3668
f 3678 3668 3676
f 3678 3677 3673
f 938 3673 3677
f 3682 3677 3679
f 936 3679 3677
f 937 3681 3680
f 3682 3680 3681
f 3681 3684 938
f 3674 938 3684
f 3683 214 3684
f 3557 3684 214
f 3685 3687 937
f 3683 937 3687
f 3686 908 3687
f 3566 3687 908
f 3690 3680 3688
f 225 3688 3680
f 941 3685 3689
f 3690 3689 3685
f 3694 3689 3691
f 939 3691 3689
f 940 3693 3692
f 3694 3692 3693
f 3696 3686 3693
f 941 3693 3686
f 215 3569 3695
f 3696 3695 3569
f 942 3698 3697
f 3700 3697 3698
f 3700 3699 3580
f 912 3580 3699
f 227 3702 3701
f 3704 3701 3702
f 3704 3703 3698
f 945 3698 3703
f 943 3705 3703
f 3708 3703 3705
f 3708 3706 3707
f 944 3707 3706
f 945 3707 3699
f 3710 3699 3707
f 3710 3709 3583
f 217 3583 3709
f 944 3711 3709
f 3713 3709 3711
f 3713 3712 3592
f 915 3592 3712
f 228 3714 3706
f 3716 3706 3714
f 3716 3715 3711
f 948 3711 3715
f 946 3717 3715
f 3720 3715 3717
f 3720 3718 3719
f 947 3719 3718
f 948 3719 3712
f 3722 3712 3719
f 3722 3721 3595
f 218 3595 3721
f 3721 947 3725
f 3723 3725 947
f 3604 3725 918
f 3724 918 3725
f 3718 229 3728
f 3726 3728 229
f 3723 3728 951
f 3727 951 3728
f 3727 949 3732
f 3729 3732 949
f 3731 3732 950
f 3730 950 3732
f 3724 951 3734
f 3731 3734 951
f 3607 3734 219
f 3733 219 3734
f 3733 950 3737
f 3735 3737 950
f 3616 3737 921
f 3736 921 3737
f 3730 230 3740
f 3738 3740 230
f 3735 3740 954
f 3739 954 3740
f 3739 952 3744
f 3741 3744 952
f 3743 3744 953
f 3742 953 3744
f 3736 954 3746
f 3743 3746 954
f 3619 3746 220
f 3745 220 3746
f 3745 953 3749
f 3747 3749 953
f 924 3628 3748
f 3749 3748 3628
f 3742 231 3752
f 3750 3752 231
f 3747 3752 957
f 3751 957 3752
f 3756 3751 3753
f 955 3753 3751
f 956 3755 3754
f 3756 3754 3755
f 3758 3748 3755
f 957 3755 3748
f 221 3631 3757
f 3758 3757 3631
f 3761 3757 3759
f 956 3759 3757
f 927 3640 3760
f 3761 3760 3640
f 3764 3754 3762
f 232 3762 3754
f 960 3759 3763
f 3764 3763 3759
f 3768 3763 3765
f 958 3765 3763
f 959 3767 3766
f 3768 3766 3767
f 3770 3760 3767
f 960 3767 3760
f 222 3643 3769
f 3770 3769 3643
f 3769 959 3773
f 3771 3773 959
f 3652 3773 930
f 3772 930 3773
f 3766 233 3776
f 3774 3776 233
f 3771 3776 963
f 3775 963 3776
f 3780 3775 3777
f 961 3777 3775
f 962 3779 3778
f 3780 3778 3779
f 3782 3772 3779
f 963 3779 3772
f 223 3655 3781
f 3782 3781 3655
f 3781 962 3785
f 3783 3785 962
f 3664 3785 933
f 3784 933 3785
f 3778 234 3788
f 3786 3788 234
f 3783 3788 966
f 3787 966 3788
f 3792 3787 3789
f 964 3789 3787
f 965 3791 3790
f 3792 3790 3791
f 3794 3784 3791
f 966 3791 3784
f 224 3667 3793
f 3794 3793 3667
f 3793 965 3797
f 3795 3797 965
f 936 3676 3796
f 3797 3796 3676
f 3790 235 3800
f 3798 3800 235
f 969 3795 3799
f 3800 3799 3795
f 3804 3799 3801
f 967 3801 3799
f 968 3803 3802
f 3804 3802 3803
f 3806 3796 3803
f 969 3803 3796
f 225 3679 3805
f 3806 3805 3679
f 3809 3805 3807
f 968 3807 3805
f 939 3688 3808
f 3809 3808 3688
f 3812 3802 3810
f 236 3810 3802
f 972 3807 3811
f 3812 3811 3807
f 3816 3811 3813
f 970 3813 3811
f 971 3815 3814
f 3816 3814 3815
f 3818 3808 3815
f 972 3815 3808
f 226 3691 3817
f 3818 3817 3691
f 3822 3819 3820
f 973 3820 3819
f 3822 3821 3702
f 943 3702 3821
f 3826 3823 3824
f 238 3824 3823
f 976 3820 3825
f 3826 3825 3820
f 3830 3825 3827
f 974 3827 3825
f 975 3829 3828
f 3830 3828 3829
f 3832 3821 3829
f 976 3829 3821
f 3832 3831 3705
f 228 3705 3831
f 975 3833 3831
f 3835 3831 3833
f 3835 3834 3714
f 946 3714 3834
f 3838 3828 3836
f 239 3836 3828
f 979 3833 3837
f 3838 3837 3833
f 3842 3837 3839
f 977 3839 3837
f 978 3841 3840
f 3842 3840 3841
f 3844 3834 3841
f 979 3841 3834
f 3844 3843 3717
f 229 3717 3843
f 3843 978 3847
f 3845 3847 978
f 3726 3847 949
f 3846 949 3847
f 3840 240 3850
f 3848 3850 240
f 3845 3850 982
f 3849 982 3850
f 3849 980 3854
f 3851 3854 980
f 3853 3854 981
f 3852 981 3854
f 3846 982 3856
f 3853 3856 982
f 3729 3856 230
f 3855 230 3856
f 3855 981 3859
f 3857 3859 981
f 3738 3859 952
f 3858 952 3859
f 3862 3852 3860
f 241 3860 3852
f 985 3857 3861
f 3862 3861 3857
f 3866 3861 3863
f 983 3863 3861
f 984 3865 3864
f 3866 3864 3865
f 3868 3858 3865
f 985 3865 3858
f 3741 3868 231
f 3867 231 3868
f 3871 3867 3869
f 984 3869 3867
f 955 3750 3870
f 3871 3870 3750
f 3874 3864 3872
f 242 3872 3864
f 988 3869 3873
f 3874 3873 3869
f 3878 3873 3875
f 986 3875 3873
f 987 3877 3876
f 3878 3876 3877
f 3880 3870 3877
f 988 3877 3870
f 232 3753 3879
f 3880 3879 3753
f 3883 3879 3881
f 987 3881 3879
f 958 3762 3882
f 3883 3882 3762
f 3876 243 3886
f 3884 3886 243
f 3881 3886 991
f 3885 991 3886
f 3890 3885 3887
f 989 3887 3885
f 990 3889 3888
f 3890 3888 3889
f 3892 3882 3889
f 991 3889 3882
f 233 3765 3891
f 3892 3891 3765
f 3891 990 3895
f 3893 3895 990
f 3774 3895 961
f 3894 961 3895
f 3888 244 3898
f 3896 3898 244
f 3893 3898 994
f 3897 994 3898
f 3902 3897 3899
f 992 3899 3897
f 993 3901 3900
f 3902 3900 3901
f 3904 3894 3901
f 994 3901 3894
f 234 3777 3903
f 3904 3903 3777
f 3903 993 3907
f 3905 3907 993
f 3786 3907 964
f 3906 964 3907
f 3900 245 3910
f 3908 3910 245
f 3905 3910 997
f 3909 997 3910
f 3914 3909 3911
f 995 3911 3909
f 996 3913 3912
f 3914 3912 3913
f 3916 3906 3913
f 997 3913 3906
f 235 3789 3915
f 3916 3915 3789
f 3915 996 3919
f 3917 3919 996
f 967 3798 3918
f 3919 3918 3798
f 3912 246 3922
f 3920 3922 246
f 1000 3917 3921
f 3922 3921 3917
f 3926 3921 3923
f 998 3923 3921
f 999 3925 3924
f 3926 3924 3925
f 3928 3918 3925
f 1000 3925 3918
f 236 3801 3927
f 3928 3927 3801
f 3931 3927 3929
f 999 3929 3927
f 970 3810 3930
f 3931 3930 3810
f 3924 247 3934
f 3932 3934 247
f 1003 3929 3933
f 3934 3933 3929
f 3938 3933 3935
f 1001 3935 3933
f 1002 3937 3936
f 3938 3936 3937
f 3940 3930 3937
f 1003 3937 3930
f 237 3813 3939
f 3940 3939 3813
f 3941 1004 3944
f 3942 3944 1004
f 974 3824 3943
f 3944 3943 3824
f 3945 249 3948
f 3946 3948 249
f 3942 3948 1007
f 3947 1007 3948
f 3947 1005 3952
f 3949 3952 1005
f 3951 3952 1006
f 3950 1006 3952
f 3943 1007 3954
f 3951 3954 1007
f 239 3827 3953
f 3954 3953 3827
f 3953 1006 3957
f 3955 3957 1006
f 977 3836 3956
f 3957 3956 3836
f 3950 250 3960
f 3958 3960 250
f 3955 3960 1010
f 3959 1010 3960
f 3959 1008 3964
f 3961 3964 1008
f 3963 3964 1009
f 3962 1009 3964
f 3956 1010 3966
f 3963 3966 1010
f 240 3839 3965
f 3966 3965 3839
f 3965 1009 3969
f 3967 3969 1009
f 3848 3969 980
f 3968 980 3969
f 3962 251 3972
f 3970 3972 251
f 3967 3972 1013
f 3971 1013 3972
f 3971 1011 3976
f 3973 3976 1011
f 3975 3976 1012
f 3974 1012 3976
f 3968 1013 3978
f 3975 3978 1013
f 3851 3978 241
f 3977 241 3978
f 3977 1012 3981
f 3979 3981 1012
f 983 3860 3980
f 3981 3980 3860
f 3974 252 3984
f 3982 3984 252
f 3979 3984 1016
f 3983 1016 3984
f 3983 1014 3988
f 3985 3988 1014
f 3987 3988 1015
f 3986 1015 3988
f 3980 1016 3990
f 3987 3990 1016
f 242 3863 3989
f 3990 3989 3863
f 3989 1015 3993
f 3991 3993 1015
f 986 3872 3992
f 3993 3992 3872
f 3986 253 3996
f 3994 3996 253
f 3991 3996 1019
f 3995 1019 3996
f 3995 1017 4000
f 3997 4000 1017
f 3999 4000 1018
f 3998 1018 4000
f 3992 1019 4002
f 3999 4002 1019
f 243 3875 4001
f 4002 4001 3875
f 4001 1018 4005
f 4003 4005 1018
f 3884 4005 989
f 4004 989 4005
f 3998 254 4008
f 4006 4008 254
f 4003 4008 1022
f 4007 1022 4008
f 4007 1020 4012
f 4009 4012 1020
f 4011 4012 1021
f 4010 1021 4012
f 4004 1022 4014
f 4011 4014 1022
f 244 3887 4013
f 4014 4013 3887
f 4013 1021 4017
f 4015 4017 1021
f 3896 4017 992
f 4016 992 4017
f 4010 255 4020
f 4018 4020 255
f 4015 4020 1025
f 4019 1025 4020
f 4019 1023 4024
f 4021 4024 1023
f 4023 4024 1024
f 4022 1024 4024
f 4016 1025 4026
f 4023 4026 1025
f 245 3899 4025
f 4026 4025 3899
f 4025 1024 4029
f 4027 4029 1024
f 3908 4029 995
f 4028 995 4029
f 4022 256 4032
f 4030 4032 256
f 4027 4032 1028
f 4031 1028 4032
f 4031 1026 4036
f 4033 4036 1026
f 4035 4036 1027
f 4034 1027 4036
f 4028 1028 4038
f 4035 4038 1028
f 246 3911 4037
f 4038 4037 3911
f 4037 1027 4041
f 4039 4041 1027
f 3920 4041 998
f 4040 998 4041
f 4034 257 4044
f 4042 4044 257
f 4039 4044 1031
f 4043 1031 4044
f 4043 1029 4048
f 4045 4048 1029
f 4047 4048 1030
f 4046 1030 4048
f 4040 1031 4050
f 4047 4050 1031
f 247 3923 4049
f 4050 4049 3923
f 4049 1030 4053
f 4051 4053 1030
f 3932 4053 1001
f 4052 1001 4053
f 4046 258 4056
f 4054 4056 258
f 4051 4056 1034
f 4055 1034 4056
f 4055 1032 4060
f 4057 4060 1032
f 4059 4060 1033
f 4058 1033 4060
f 4052 1034 4062
f 4059 4062 1034
f 248 3935 4061
f 4062 4061 3935
f 4063 1035 4066
f 4064 4066 1035
f 3946 4066 1005
f 4065 1005 4066
f 4067 260 4070
f 4068 4070 260
f 4064 4070 1038
f 4069 1038 4070
f 4069 1036 4074
f 4071 4074 1036
f 4073 4074 1037
f 4072 1037 4074
f 4065 1038 4076
f 4073 4076 1038
f 3949 4076 250
f 4075 250 4076
f 4075 1037 4079
f 4077 4079 1037
f 3958 4079 1008
f 4078 1008 4079
f 4072 261 4082
f 4080 4082 261
f 4077 4082 1041
f 4081 1041 4082
f 4081 1039 4086
f 4083 4086 1039
f 4085 4086 1040
f 4084 1040 4086
f 4078 1041 4088
f 4085 4088 1041
f 3961 4088 251
f 4087 251 4088
f 4087 1040 4091
f 4089 4091 1040
f 3970 4091 1011
f 4090 1011 4091
f 4084 262 4094
f 4092 4094 262
f 4089 4094 1044
f 4093 1044 4094
f 4093 1042 4098
f 4095 4098 1042
f 4097 4098 1043
f 4096 1043 4098
f 4090 1044 4100
f 4097 4100 1044
f 3973 4100 252
f 4099 252 4100
f 4099 1043 4103
f 4101 4103 1043
f 3982 4103 1014
f 4102 1014 4103
f 4096 263 4106
f 4104 4106 263
f 4101 4106 1047
f 4105 1047 4106
f 4105 1045 4110
f 4107 4110 1045
f 4109 4110 1046
f 4108 1046 4110
f 4102 1047 4112
f 4109 4112 1047
f 3985 4112 253
f 4111 253 4112
f 4111 1046 4115
f 4113 4115 1046
f 3994 4115 1017
f 4114 1017 4115
f 4108 264 4118
f 4116 4118 264
f 4113 4118 1050
f 4117 1050 4118
f 4117 1048 4122
f 4119 4122 1048
f 4121 4122 1049
f 4120 1049 4122
f 4114 1050 4124
f 4121 4124 1050
f 3997 4124 254
f 4123 254 4124
f 4123 1049 4127
f 4125 4127 1049
f 4006 4127 1020
f 4126 1020 4127
f 4120 265 4130
f 4128 4130 265
f 4125 4130 1053
f 4129 1053 4130
f 4129 1051 4134
f 4131 4134 1051
f 4133 4134 1052
f 4132 1052 4134
f 4126 1053 4136
f 4133 4136 1053
f 4009 4136 255
f 4135 255 4136
f 4135 1052 4139
f 4137 4139 1052
f 4018 4139 1023
f 4138 1023 4139
f 4132 266 4142
f 4140 4142 266
f 4137 4142 1056
f 4141 1056 4142
f 4141 1054 4146
f 4143 4146 1054
f 4145 4146 1055
f 4144 1055 4146
f 4138 1056 4148
f 4145 4148 1056
f 4021 4148 256
f 4147 256 4148
f 4147 1055 4151
f 4149 4151 1055
f 4030 4151 1026
f 4150 1026 4151
f 4144 267 4154
f 4152 4154 267
f 4149 4154 1059
f 4153 1059 4154
f 4153 1057 4158
f 4155 4158 1057
f 4157 4158 1058
f 4156 1058 4158
f 4150 1059 4160
f 4157 4160 1059
f 4033 4160 257
f 4159 257 4160
f 4159 1058 4163
f 4161 4163 1058
f 4042 4163 1029
f 4162 1029 4163
f 4156 268 4166
f 4164 4166 268
f 4161 4166 1062
f 4165 1062 4166
f 4165 1060 4170
f 4167 4170 1060
f 4169 4170 1061
f 4168 1061 4170
f 4162 1062 4172
f 4169 4172 1062
f 4045 4172 258
f 4171 258 4172
f 4171 1061 4175
f 4173 4175 1061
f 4054 4175 1032
f 4174 1032 4175
f 4168 269 4178
f 4176 4178 269
f 4173 4178 1065
f 4177 1065 4178
f 4177 1063 4182
f 4179 4182 1063
f 4181 4182 1064
f 4180 1064 4182
f 4174 1065 4184
f 4181 4184 1065
f 4057 4184 259
f 4183 259 4184
f 4188 4185 4186
f 1066 4186 4185
f 1036 4068 4187
f 4188 4187 4068
f 4192 4189 4190
f 271 4190 4189
f 1069 4186 4191
f 4192 4191 4186
f 4196 4191 4193
f 1067 4193 4191
f 1068 4195 4194
f 4196 4194 4195
f 4198 4187 4195
f 1069 4195 4187
f 261 4071 4197
f 4198 4197 4071
f 4201 4197 4199
f 1068 4199 4197
f 4080 4201 1039
f 4200 1039 4201
f 4204 4194 4202
f 272 4202 4194
f 1072 4199 4203
f 4204 4203 4199
f 4208 4203 4205
f 1070 4205 4203
f 1071 4207 4206
f 4208 4206 4207
f 4210 4200 4207
f 1072 4207 4200
f 262 4083 4209
f 4210 4209 4083
f 4213 4209 4211
f 1071 4211 4209
f 4092 4213 1042
f 4212 1042 4213
f 4216 4206 4214
f 273 4214 4206
f 1075 4211 4215
f 4216 4215 4211
f 4220 4215 4217
f 1073 4217 4215
f 1074 4219 4218
f 4220 4218 4219
f 4222 4212 4219
f 1075 4219 4212
f 263 4095 4221
f 4222 4221 4095
f 4221 1074 4225
f 4223 4225 1074
f 4104 4225 1045
f 4224 1045 4225
f 4228 4218 4226
f 274 4226 4218
f 4223 4228 1078
f 4227 1078 4228
f 4232 4227 4229
f 1076 4229 4227
f 1077 4231 4230
f 4232 4230 4231
f 4234 4224 4231
f 1078 4231 4224
f 264 4107 4233
f 4234 4233 4107
f 4233 1077 4237
f 4235 4237 1077
f 4116 4237 1048
f 4236 1048 4237
f 4230 275 4240
f 4238 4240 275
f 4235 4240 1081
f 4239 1081 4240
f 4244 4239 4241
f 1079 4241 4239
f 1080 4243 4242
f 4244 4242 4243
f 4246 4236 4243
f 1081 4243 4236
f 265 4119 4245
f 4246 4245 4119
f 4245 1080 4249
f 4247 4249 1080
f 4128 4249 1051
f 4248 1051 4249
f 4242 276 4252
f 4250 4252 276
f 4247 4252 1084
f 4251 1084 4252
f 4256 4251 4253
f 1082 4253 4251
f 1083 4255 4254
f 4256 4254 4255
f 4258 4248 4255
f 1084 4255 4248
f 266 4131 4257
f 4258 4257 4131
f 4257 1083 4261
f 4259 4261 1083
f 4140 4261 1054
f 4260 1054 4261
f 4254 277 4264
f 4262 4264 277
f 4259 4264 1087
f 4263 1087 4264
f 4268 4263 4265
f 1085 4265 4263
f 1086 4267 4266
f 4268 4266 4267
f 4270 4260 4267
f 1087 4267 4260
f 267 4143 4269
f 4270 4269 4143
f 4269 1086 4273
f 4271 4273 1086
f 4152 4273 1057
f 4272 1057 4273
f 4266 278 4276
f 4274 4276 278
f 4271 4276 1090
f 4275 1090 4276
f 4280 4275 4277
f 1088 4277 4275
f 1089 4279 4278
f 4280 4278 4279
f 4282 4272 4279
f 1090 4279 4272
f 268 4155 4281
f 4282 4281 4155
f 4281 1089 4285
f 4283 4285 1089
f 4164 4285 1060
f 4284 1060 4285
f 4278 279 4288
f 4286 4288 279
f 4283 4288 1093
f 4287 1093 4288
f 4292 4287 4289
f 1091 4289 4287
f 1092 4291 4290
f 4292 4290 4291
f 4294 4284 4291
f 1093 4291 4284
f 269 4167 4293
f 4294 4293 4167
f 4293 1092 4297
f 4295 4297 1092
f 4176 4297 1063
f 4296 1063 4297
f 4290 280 4300
f 4298 4300 280
f 4295 4300 1096
f 4299 1096 4300
f 4304 4299 4301
f 1094 4301 4299
f 1095 4303 4302
f 4304 4302 4303
f 4306 4296 4303
f 1096 4303 4296
f 270 4179 4305
f 4306 4305 4179
f 4310 4307 4308
f 1097 4308 4307
f 1067 4190 4309
f 4310 4309 4190
f 4311 150 4313
f 2948 4313 150
f 4308 4313 1099
f 4312 1099 4313
f 4312 749 4316
f 2959 4316 749
f 4315 4316 1098
f 4314 1098 4316
f 4318 4309 4315
f 1099 4315 4309
f 272 4193 4317
f 4318 4317 4193
f 4321 4317 4319
f 1098 4319 4317
f 1070 4202 4320
f 4321 4320 4202
f 4314 151 4323
f 2963 4323 151
f 1101 4319 4322
f 4323 4322 4319
f 4322 753 4326
f 2973 4326 753
f 1100 4325 4324
f 4326 4324 4325
f 4328 4320 4325
f 1101 4325 4320
f 273 4205 4327
f 4328 4327 4205
f 4331 4327 4329
f 1100 4329 4327
f 1073 4214 4330
f 4331 4330 4214
f 4324 152 4333
f 2977 4333 152
f 1103 4329 4332
f 4333 4332 4329
f 4332 757 4336
f 2987 4336 757
f 1102 4335 4334
f 4336 4334 4335
f 4338 4330 4335
f 1103 4335 4330
f 274 4217 4337
f 4338 4337 4217
f 4341 4337 4339
f 1102 4339 4337
f 1076 4226 4340
f 4341 4340 4226
f 4343 4334 2991
f 153 2991 4334
f 1105 4339 4342
f 4343 4342 4339
f 4346 4342 3001
f 761 3001 4342
f 1104 4345 4344
f 4346 4344 4345
f 4348 4340 4345
f 1105 4345 4340
f 275 4229 4347
f 4348 4347 4229
f 4351 4347 4349
f 1104 4349 4347
f 4238 4351 1079
f 4350 1079 4351
f 4353 4344 3005
f 154 3005 4344
f 1107 4349 4352
f 4353 4352 4349
f 4356 4352 3015
f 765 3015 4352
f 1106 4355 4354
f 4356 4354 4355
f 4358 4350 4355
f 1107 4355 4350
f 276 4241 4357
f 4358 4357 4241
f 4357 1106 4361
f 4359 4361 1106
f 4250 4361 1082
f 4360 1082 4361
f 4354 155 4363
f 3019 4363 155
f 4359 4363 1109
f 4362 1109 4363
f 4366 4362 3029
f 769 3029 4362
f 1108 4365 4364
f 4366 4364 4365
f 4368 4360 4365
f 1109 4365 4360
f 277 4253 4367
f 4368 4367 4253
f 4367 1108 4371
f 4369 4371 1108
f 4262 4371 1085
f 4370 1085 4371
f 4364 156 4373
f 3033 4373 156
f 4369 4373 1111
f 4372 1111 4373
f 4376 4372 3043
f 773 3043 4372
f 1110 4375 4374
f 4376 4374 4375
f 4378 4370 4375
f 1111 4375 4370
f 278 4265 4377
f 4378 4377 4265
f 4377 1110 4381
f 4379 4381 1110
f 4274 4381 1088
f 4380 1088 4381
f 4374 157 4383
f 3047 4383 157
f 4379 4383 1113
f 4382 1113 4383
f 4386 4382 3057
f 777 3057 4382
f 1112 4385 4384
f 4386 4384 4385
f 4388 4380 4385
f 1113 4385 4380
f 279 4277 4387
f 4388 4387 4277
f 4387 1112 4391
f 4389 4391 1112
f 4286 4391 1091
f 4390 1091 4391
f 4384 158 4393
f 3061 4393 158
f 4389 4393 1115
f 4392 1115 4393
f 4396 4392 3071
f 781 3071 4392
f 1114 4395 4394
f 4396 4394 4395
f 4398 4390 4395
f 1115 4395 4390
f 280 4289 4397
f 4398 4397 4289
f 4397 1114 4401
f 4399 4401 1114
f 4298 4401 1094
f 4400 1094 4401
f 4394 159 4403
f 3075 4403 159
f 4399 4403 1117
f 4402 1117 4403
f 4406 4402 3085
f 785 3085 4402
f 1116 4405 4404
f 4406 4404 4405
f 4408 4400 4405
f 1117 4405 4400
f 281 4301 4407
f 4408 4407 4301
f 4409 1118 4412
f 4410 4412 1118
f 4412 4411 3331
f 849 3331 4411
f 4414 4416 282
f 4413 282 4416
f 4410 4416 1121
f 4415 1121 4416
f 4417 4420 1119
f 4415 1119 4420
f 4418 1120 4420
f 4419 4420 1120
f 4419 4422 1121
f 4411 1121 4422
f 4421 194 4422
f 3335 4422 194
f 4423 4425 1120
f 4421 1120 4425
f 3453 4425 880
f 4424 880 4425
f 4426 4428 283
f 4418 283 4428
f 4427 1124 4428
f 4423 4428 1124
f 4429 4432 1122
f 4427 1122 4432
f 4431 4432 1123
f 4430 1123 4432
f 4424 1124 4434
f 4431 4434 1124
f 3457 4434 205
f 4433 205 4434
f 4436 4438 1125
f 4435 1125 4438
f 4437 1119 4438
f 4414 4438 1119
f 4440 4442 285
f 4439 285 4442
f 4441 1128 4442
f 4436 4442 1128
f 4443 4446 1126
f 4441 1126 4446
f 4444 1127 4446
f 4445 4446 1127
f 4445 4448 1128
f 4437 1128 4448
f 4447 283 4448
f 4417 4448 283
f 4449 4451 1127
f 4447 1127 4451
f 4450 1122 4451
f 4426 4451 1122
f 286 4452 4444
f 4454 4444 4452
f 4454 4453 4449
f 1131 4449 4453
f 1129 4455 4453
f 4458 4453 4455
f 4456 1130 4458
f 4457 4458 1130
f 4457 4460 1131
f 4450 1131 4460
f 4429 4460 284
f 4459 284 4460
f 4461 1132 4464
f 4462 4464 1132
f 4440 4464 1126
f 4463 1126 4464
f 4465 288 4468
f 4466 4468 288
f 4462 4468 1135
f 4467 1135 4468
f 4467 1133 4472
f 4469 4472 1133
f 4472 4470 4471
f 1134 4471 4470
f 4463 1135 4474
f 4471 4474 1135
f 4474 4473 4443
f 286 4443 4473
f 1134 4475 4473
f 4477 4473 4475
f 4477 4476 4452
f 1129 4452 4476
f 289 4478 4470
f 4480 4470 4478
f 4480 4479 4475
f 1138 4475 4479
f 1136 4481 4479
f 4484 4479 4481
f 4484 4482 4483
f 1137 4483 4482
f 1138 4483 4476
f 4486 4476 4483
f 4486 4485 4455
f 287 4455 4485
f 4487 1139 4490
f 4488 4490 1139
f 4482 4490 1137
f 4489 1137 4490
f 4491 292 4494
f 4492 4494 292
f 4488 4494 1142
f 4493 1142 4494
f 4493 1140 4498
f 4495 4498 1140
f 4497 4498 1141
f 4496 1141 4498
f 4489 1142 4500
f 4497 4500 1142
f 4485 4500 287
f 4499 287 4500
f 4501 1143 4504
f 4502 4504 1143
f 3570 4504 909
f 4503 909 4504
f 4508 4505 4506
f 295 4506 4505
f 4502 4508 1146
f 4507 1146 4508
f 4507 1144 4512
f 4509 4512 1144
f 1145 4511 4510
f 4512 4510 4511
f 4503 1146 4514
f 4511 4514 1146
f 3573 4514 204
f 4513 204 4514
f 1145 4515 4513
f 4517 4513 4515
f 4517 4516 3448
f 878 3448 4516
f 4520 4510 4518
f 294 4518 4510
f 4520 4519 4515
f 1149 4515 4519
f 1147 4521 4519
f 4524 4519 4521
f 4524 4522 4523
f 1148 4523 4522
f 1149 4523 4516
f 4526 4516 4523
f 193 3451 4525
f 4526 4525 3451
f 4530 4527 4528
f 1150 4528 4527
f 4506 4530 1144
f 4529 1144 4530
f 4531 298 4534
f 4532 4534 298
f 4528 4534 1153
f 4533 1153 4534
f 4533 1151 4538
f 4535 4538 1151
f 4537 4538 1152
f 4536 1152 4538
f 4529 1153 4540
f 4537 4540 1153
f 294 4509 4539
f 4540 4539 4509
f 4543 4539 4541
f 1152 4541 4539
f 1147 4518 4542
f 4543 4542 4518
f 4546 4536 4544
f 297 4544 4536
f 1156 4541 4545
f 4546 4545 4541
f 4550 4545 4547
f 1154 4547 4545
f 1155 4549 4548
f 4550 4548 4549
f 4552 4542 4549
f 1156 4549 4542
f 293 4521 4551
f 4552 4551 4521
f 4554 4557 1157
f 4553 1157 4557
f 4555 1159 4557
f 4556 4557 1159
f 1340 4560 1
f 4558 1 4560
f 4559 1160 4560
f 4554 4560 1160
f 1351 4563 338
f 4559 338 4563
f 4561 1158 4563
f 4562 4563 1158
f 4562 4566 1160
f 4555 1160 4566
f 4564 316 4566
f 4565 4566 316
f 4570 4567 4568
f 1161 4568 4567
f 373 1470 4569
f 4570 4569 1470
f 4572 4574 328
f 4571 328 4574
f 4573 1164 4574
f 4568 4574 1164
f 4575 4578 1162
f 4573 1162 4578
f 4576 1163 4578
f 4577 4578 1163
f 4580 4569 4577
f 1164 4577 4569
f 22 1473 4579
f 4580 4579 1473
f 4581 4584 1158
f 4564 1158 4584
f 4582 1166 4584
f 4583 4584 1166
f 4561 12 4586
f 1481 4586 12
f 4581 4586 1167
f 4585 1167 4586
f 4585 378 4589
f 1491 4589 378
f 4588 4589 1165
f 4587 1165 4589
f 4582 1167 4592
f 4588 4592 1167
f 4590 317 4592
f 4591 4592 317
f 4595 4579 4593
f 1163 4593 4579
f 404 1592 4594
f 4595 4594 1592
f 4596 4598 318
f 4576 318 4598
f 1170 4593 4597
f 4598 4597 4593
f 4602 4597 4599
f 1168 4599 4597
f 1169 4601 4600
f 4602 4600 4601
f 4604 4594 4601
f 1170 4601 4594
f 33 1595 4603
f 4604 4603 1595
f 4605 4608 1165
f 4590 1165 4608
f 4606 1172 4608
f 4607 4608 1172
f 4587 23 4610
f 1603 4610 23
f 4609 1173 4610
f 4605 4610 1173
f 4609 409 4613
f 1613 4613 409
f 4611 1171 4613
f 4612 4613 1171
f 4612 4616 1173
f 4606 1173 4616
f 4614 305 4616
f 4615 4616 305
f 4619 4603 4617
f 1169 4617 4603
f 435 1714 4618
f 4619 4618 1714
f 4620 4622 319
f 4600 319 4622
f 1176 4617 4621
f 4622 4621 4617
f 4626 4621 4623
f 1174 4623 4621
f 4625 4626 1175
f 4624 1175 4626
f 4628 4618 4625
f 1176 4625 4618
f 44 1717 4627
f 4628 4627 1717
f 4630 4633 1177
f 4629 1177 4633
f 4631 1179 4633
f 4632 4633 1179
f 56 1969 4634
f 4636 4634 1969
f 4635 1180 4636
f 4630 4636 1180
f 4635 502 4639
f 1979 4639 502
f 4638 4639 1178
f 4637 1178 4639
f 4631 1180 4642
f 4638 4642 1180
f 4641 4642 321
f 4640 321 4642
f 1181 4644 4643
f 4646 4643 4644
f 4646 4645 2080
f 528 2080 4645
f 4648 4650 320
f 4647 320 4650
f 1184 4644 4649
f 4650 4649 4644
f 4654 4649 4651
f 1182 4651 4649
f 1183 4653 4652
f 4654 4652 4653
f 4656 4645 4653
f 1184 4653 4645
f 77 2083 4655
f 4656 4655 2083
f 1178 4657 4640
f 4660 4640 4657
f 4660 4658 4659
f 1186 4659 4658
f 67 2091 4637
f 4662 4637 2091
f 4662 4661 4657
f 1187 4657 4661
f 533 2101 4661
f 4665 4661 2101
f 4665 4663 4664
f 1185 4664 4663
f 1187 4664 4658
f 4668 4658 4664
f 4668 4666 4667
f 322 4667 4666
f 1183 4669 4655
f 4671 4655 4669
f 4671 4670 2202
f 559 2202 4670
f 4674 4652 4672
f 330 4672 4652
f 4674 4673 4669
f 1190 4669 4673
f 1188 4675 4673
f 4678 4673 4675
f 4678 4676 4677
f 1189 4677 4676
f 1190 4677 4670
f 4680 4670 4677
f 4680 4679 2205
f 88 2205 4679
f 1185 4681 4666
f 4684 4666 4681
f 4684 4682 4683
f 1192 4683 4682
f 78 2213 4663
f 4686 4663 2213
f 4686 4685 4681
f 1193 4681 4685
f 564 2223 4685
f 4689 4685 2223
f 4688 4689 1191
f 4687 1191 4689
f 1193 4688 4682
f 4692 4682 4688
f 4692 4690 4691
f 324 4691 4690
f 1189 4693 4679
f 4695 4679 4693
f 4695 4694 2324
f 590 2324 4694
f 331 4696 4676
f 4698 4676 4696
f 4698 4697 4693
f 1196 4693 4697
f 1194 4699 4697
f 4702 4697 4699
f 4702 4700 4701
f 1195 4701 4700
f 1196 4701 4694
f 4704 4694 4701
f 2327 4704 99
f 4703 99 4704
f 4690 1191 4708
f 4705 4708 1191
f 4707 4708 1198
f 4706 1198 4708
f 4687 89 4710
f 2335 4710 89
f 4705 4710 1199
f 4709 1199 4710
f 4709 595 4713
f 2345 4713 595
f 4712 4713 1197
f 4711 1197 4713
f 4706 1199 4716
f 4712 4716 1199
f 4715 4716 325
f 4714 325 4716
f 4703 1195 4719
f 4717 4719 1195
f 2446 4719 621
f 4718 621 4719
f 332 4720 4700
f 4722 4700 4720
f 4717 4722 1202
f 4721 1202 4722
f 4721 1200 4726
f 4723 4726 1200
f 4725 4726 1201
f 4724 1201 4726
f 4718 1202 4728
f 4725 4728 1202
f 2449 4728 110
f 4727 110 4728
f 4714 1197 4732
f 4729 4732 1197
f 4731 4732 1204
f 4730 1204 4732
f 4711 100 4734
f 2457 4734 100
f 4729 4734 1205
f 4733 1205 4734
f 4733 626 4737
f 2467 4737 626
f 4736 4737 1203
f 4735 1203 4737
f 4730 1205 4740
f 4736 4740 1205
f 4739 4740 326
f 4738 326 4740
f 4727 1201 4743
f 4741 4743 1201
f 2568 4743 652
f 4742 652 4743
f 4724 333 4746
f 4744 4746 333
f 4741 4746 1208
f 4745 1208 4746
f 4745 1206 4750
f 4747 4750 1206
f 4749 4750 1207
f 4748 1207 4750
f 4742 1208 4752
f 4749 4752 1208
f 2571 4752 121
f 4751 121 4752
f 1203 4753 4738
f 4756 4738 4753
f 4755 4756 1210
f 4754 1210 4756
f 111 2579 4735
f 4758 4735 2579
f 4758 4757 4753
f 1211 4753 4757
f 657 2589 4757
f 4761 4757 2589
f 4761 4759 4760
f 1209 4760 4759
f 1211 4760 4754
f 4764 4754 4760
f 4764 4762 4763
f 327 4763 4762
f 4751 1207 4767
f 4765 4767 1207
f 2690 4767 683
f 4766 683 4767
f 334 4768 4748
f 4770 4748 4768
f 4770 4769 4765
f 1214 4765 4769
f 1212 4771 4769
f 4774 4769 4771
f 4774 4772 4773
f 1213 4773 4772
f 4766 1214 4776
f 4773 4776 1214
f 2693 4776 132
f 4775 132 4776
f 1209 4777 4762
f 4780 4762 4777
f 4780 4778 4779
f 1215 4779 4778
f 122 2701 4759
f 4782 4759 2701
f 4782 4781 4777
f 1216 4777 4781
f 4781 687 4784
f 2709 4784 687
f 4783 4784 1157
f 4558 1157 4784
f 4778 1216 4786
f 4783 4786 1216
f 4785 4786 323
f 4553 323 4786
f 4775 1213 4789
f 4787 4789 1213
f 2794 4789 705
f 4788 705 4789
f 329 4790 4772
f 4792 4772 4790
f 4792 4791 4787
f 1218 4787 4791
f 1217 4793 4791
f 4795 4791 4793
f 4795 4571 4794
f 1161 4794 4571
f 4788 1218 4796
f 4794 4796 1218
f 2797 4796 11
f 4567 11 4796
f 4797 4800 1171
f 4614 1171 4800
f 4799 4800 1220
f 4798 1220 4800
f 34 2803 4611
f 4802 4611 2803
f 4802 4801 4797
f 1221 4797 4801
f 2813 4805 709
f 4801 709 4805
f 4803 1219 4805
f 4804 4805 1219
f 4798 1221 4808
f 4804 4808 1221
f 4807 4808 306
f 4806 306 4808
f 4634 1177 4811
f 4809 4811 1177
f 2818 4811 711
f 4810 711 4811
f 4629 314 4814
f 4812 4814 314
f 4809 4814 1224
f 4813 1224 4814
f 4813 1222 4818
f 4815 4818 1222
f 4817 4818 1223
f 4816 1223 4818
f 4810 1224 4820
f 4817 4820 1224
f 2821 4820 135
f 4819 135 4820
f 4819 1223 4823
f 4821 4823 1223
f 2844 4823 718
f 4822 718 4823
f 4816 302 4826
f 4824 4826 302
f 1227 4821 4825
f 4826 4825 4821
f 4830 4825 4827
f 1225 4827 4825
f 1226 4829 4828
f 4830 4828 4829
f 4832 4822 4829
f 1227 4829 4822
f 2847 4832 138
f 4831 138 4832
f 4833 4836 1219
f 4806 1219 4836
f 4834 1229 4836
f 4835 4836 1229
f 2829 4838 133
f 4803 133 4838
f 4837 1230 4838
f 4833 4838 1230
f 2839 4841 716
f 4837 716 4841
f 4840 4841 1228
f 4839 1228 4841
f 4840 4844 1230
f 4834 1230 4844
f 307 4843 4842
f 4844 4842 4843
f 1228 4845 4842
f 4848 4842 4845
f 4848 4846 4847
f 1232 4847 4846
f 4839 136 4850
f 2855 4850 136
f 4845 4850 1233
f 4849 1233 4850
f 4849 723 4853
f 2865 4853 723
f 1231 4852 4851
f 4853 4851 4852
f 4856 4846 4852
f 1233 4852 4846
f 301 4855 4854
f 4856 4854 4855
f 4860 4854 4857
f 1231 4857 4854
f 1235 4859 4858
f 4860 4858 4859
f 2864 4862 139
f 4851 139 4862
f 1236 4857 4861
f 4862 4861 4857
f 4865 4861 2861
f 722 2861 4861
f 1234 4864 4863
f 4865 4863 4864
f 4868 4858 4864
f 1236 4864 4858
f 299 4867 4866
f 4868 4866 4867
f 1234 4869 4866
f 4872 4866 4869
f 4872 4870 4871
f 1238 4871 4870
f 4863 140 4874
f 2877 4874 140
f 4869 4874 1239
f 4873 1239 4874
f 4873 726 4877
f 2874 4877 726
f 4876 4877 1237
f 4875 1237 4877
f 4870 1239 4880
f 4876 4880 1239
f 4879 4880 300
f 4878 300 4880
f 4831 1226 4883
f 4881 4883 1226
f 2883 4883 728
f 4882 728 4883
f 4886 4828 4884
f 315 4884 4828
f 4881 4886 1242
f 4885 1242 4886
f 1240 4887 4885
f 4890 4885 4887
f 4889 4890 1241
f 4888 1241 4890
f 4882 1242 4892
f 4889 4892 1242
f 2886 4892 142
f 4891 142 4892
f 4878 1237 4896
f 4893 4896 1237
f 1244 4895 4894
f 4896 4894 4895
f 4875 141 4898
f 2881 4898 141
f 4893 4898 1245
f 4897 1245 4898
f 4897 730 4901
f 2891 4901 730
f 1243 4900 4899
f 4901 4899 4900
f 4904 4894 4900
f 1245 4900 4894
f 4902 304 4904
f 4903 4904 304
f 1241 4905 4891
f 4907 4891 4905
f 4907 4906 2887
f 729 2887 4906
f 303 4908 4888
f 4910 4888 4908
f 4910 4909 4905
f 1247 4905 4909
f 4909 1246 4913
f 4911 4913 1246
f 4912 4913 1243
f 4902 1243 4913
f 4906 1247 4914
f 4912 4914 1247
f 2890 4914 143
f 4899 143 4914
f 1181 4915 4647
f 4918 4647 4915
f 4918 4916 4917
f 1249 4917 4916
f 66 2895 4643
f 4920 4643 2895
f 4920 4919 4915
f 1250 4915 4919
f 734 2905 4919
f 4923 4919 2905
f 4923 4921 4922
f 1248 4922 4921
f 1250 4922 4916
f 4926 4916 4922
f 4926 4924 4925
f 311 4925 4924
f 4627 1175 4929
f 4927 4929 1175
f 2910 4929 736
f 4928 736 4929
f 4624 308 4932
f 4930 4932 308
f 4927 4932 1253
f 4931 1253 4932
f 4931 1251 4936
f 4933 4936 1251
f 4935 4936 1252
f 4934 1252 4936
f 4928 1253 4938
f 4935 4938 1253
f 4938 4937 2913
f 144 2913 4937
f 1248 4939 4924
f 4942 4924 4939
f 4942 4940 4941
f 1255 4941 4940
f 146 2921 4921
f 4944 4921 2921
f 4944 4943 4939
f 1256 4939 4943
f 741 2931 4943
f 4947 4943 2931
f 4947 4945 4946
f 1254 4946 4945
f 1256 4946 4940
f 4950 4940 4946
f 4950 4948 4949
f 313 4949 4948
f 4937 1252 4953
f 4951 4953 1252
f 4953 4952 2936
f 743 2936 4952
f 4934 310 4956
f 4954 4956 310
f 4951 4956 1259
f 4955 1259 4956
f 4955 1257 4960
f 4957 4960 1257
f 4959 4960 1258
f 4958 1258 4960
f 4952 1259 4962
f 4959 4962 1259
f 2939 4962 147
f 4961 147 4962
f 4961 1258 4965
f 4963 4965 1258
f 2940 4965 744
f 4964 744 4965
f 4958 312 4968
f 4966 4968 312
f 4967 1262 4968
f 4963 4968 1262
f 4969 4972 1260
f 4967 1260 4972
f 4970 1261 4972
f 4971 4972 1261
f 4964 1262 4974
f 4971 4974 1262
f 2943 4974 148
f 4973 148 4974
f 1261 4975 4973
f 4977 4973 4975
f 4977 4976 2927
f 740 2927 4976
f 4980 4970 4978
f 309 4978 4970
f 4980 4979 4975
f 1264 4975 4979
f 4983 4979 4981
f 1263 4981 4979
f 4983 4948 4982
f 1254 4982 4948
f 1264 4982 4976
f 4984 4976 4982
f 4984 4945 2930
f 149 2930 4945
f 4985 4988 1159
f 4556 1159 4988
f 4986 1266 4988
f 4987 4988 1266
f 4989 4991 316
f 4565 316 4991
f 4990 1267 4991
f 4985 4991 1267
f 4992 4994 1265
f 4990 1265 4994
f 2950 746 4994
f 4993 4994 746
f 4993 4996 1267
f 4986 1267 4996
f 2945 150 4996
f 4995 4996 150
f 784 4997 3084
f 5000 3084 4997
f 5000 4998 4999
f 1269 4999 4998
f 171 5001 3081
f 5003 3081 5001
f 5003 5002 4997
f 1270 4997 5002
f 5004 5006 1268
f 5002 1268 5006
f 4575 1162 5006
f 5005 5006 1162
f 5005 5008 1270
f 4998 1270 5008
f 4572 328 5008
f 5007 5008 328
f 1166 5009 4583
f 5011 4583 5009
f 5010 1265 5011
f 4989 5011 1265
f 5012 5014 317
f 4591 317 5014
f 5009 5014 1272
f 5013 1272 5014
f 5013 1271 5017
f 5015 5017 1271
f 5016 5017 787
f 3091 787 5017
f 5010 1272 5018
f 5016 5018 1272
f 4992 5018 161
f 3087 161 5018
f 816 5019 3207
f 5021 3207 5019
f 5021 5020 5001
f 1268 5001 5020
f 182 5022 3204
f 5024 3204 5022
f 5024 5023 5019
f 1274 5019 5023
f 1273 5025 5023
f 5027 5023 5025
f 5027 4599 5026
f 1168 5026 4599
f 1274 5026 5020
f 5028 5020 5026
f 4596 318 5028
f 5004 5028 318
f 5029 5031 1172
f 4607 1172 5031
f 5030 1271 5031
f 5012 5031 1271
f 5032 5034 305
f 4615 305 5034
f 5033 1276 5034
f 5029 5034 1276
f 5035 5037 1275
f 5033 1275 5037
f 5036 5037 818
f 3213 818 5037
f 5036 5038 1276
f 5030 1276 5038
f 5015 5038 172
f 3209 172 5038
f 847 5039 3329
f 5041 3329 5039
f 5041 5040 5022
f 1273 5022 5040
f 193 5042 3326
f 5044 3326 5042
f 5044 5043 5039
f 1278 5039 5043
f 5043 1277 5047
f 5045 5047 1277
f 5047 4623 5046
f 1174 5046 4623
f 1278 5046 5040
f 5048 5040 5046
f 5048 4620 5025
f 319 5025 4620
f 5049 5052 1179
f 4632 1179 5052
f 5050 1280 5052
f 5051 5052 1280
f 4641 321 5055
f 5053 5055 321
f 5049 5055 1281
f 5054 1281 5055
f 5054 1279 5058
f 5056 5058 1279
f 5057 5058 911
f 3579 911 5058
f 5057 5060 1281
f 5050 1281 5060
f 205 5059 3575
f 5060 3575 5059
f 940 5061 3695
f 5064 3695 5061
f 5064 5062 5063
f 1283 5063 5062
f 226 5065 3692
f 5067 3692 5065
f 5067 5066 5061
f 1284 5061 5066
f 1282 5068 5066
f 5070 5066 5068
f 5070 4651 5069
f 1182 5069 4651
f 1284 5069 5062
f 5072 5062 5069
f 5072 4648 5071
f 320 5071 4648
f 5075 4659 5073
f 1186 5073 4659
f 1279 5053 5074
f 5075 5074 5053
f 5078 4667 5076
f 322 5076 4667
f 1286 5073 5077
f 5078 5077 5073
f 1285 5079 5077
f 5081 5077 5079
f 5081 3701 5080
f 942 5080 3701
f 5082 5074 5080
f 1286 5080 5074
f 216 5056 3697
f 5082 3697 5056
f 5085 3817 5083
f 971 5083 3817
f 1282 5065 5084
f 5085 5084 5065
f 5088 3814 5086
f 237 5086 3814
f 1288 5083 5087
f 5088 5087 5083
f 5091 5087 5089
f 1287 5089 5087
f 1188 5090 4675
f 5091 4675 5090
f 5092 5084 5090
f 1288 5090 5084
f 5092 4672 5068
f 330 5068 4672
f 5095 4683 5093
f 1192 5093 4683
f 1285 5076 5094
f 5095 5094 5076
f 5098 4691 5096
f 324 5096 4691
f 1290 5093 5097
f 5098 5097 5093
f 5097 1289 5101
f 5099 5101 1289
f 973 5100 3823
f 5101 3823 5100
f 5102 5094 5100
f 1290 5100 5094
f 227 5079 3819
f 5102 3819 5079
f 5105 3939 5103
f 1002 5103 3939
f 1287 5086 5104
f 5105 5104 5086
f 3936 248 5108
f 5106 5108 248
f 1292 5103 5107
f 5108 5107 5103
f 5111 5107 5109
f 1291 5109 5107
f 1194 5110 4699
f 5111 4699 5110
f 5112 5104 5110
f 1292 5110 5104
f 331 5089 4696
f 5112 4696 5089
f 4707 1198 5115
f 5113 5115 1198
f 5096 5115 1289
f 5114 1289 5115
f 4715 325 5118
f 5116 5118 325
f 5113 5118 1294
f 5117 1294 5118
f 5117 1293 5121
f 5119 5121 1293
f 5120 5121 1004
f 3945 1004 5121
f 5114 1294 5122
f 5120 5122 1294
f 5099 5122 238
f 3941 238 5122
f 4061 1033 5125
f 5123 5125 1033
f 5106 5125 1291
f 5124 1291 5125
f 4058 259 5128
f 5126 5128 259
f 5123 5128 1296
f 5127 1296 5128
f 5127 1295 5131
f 5129 5131 1295
f 5130 5131 1200
f 4723 1200 5131
f 5124 1296 5132
f 5130 5132 1296
f 332 5109 4720
f 5132 4720 5109
f 4731 1204 5135
f 5133 5135 1204
f 5116 5135 1293
f 5134 1293 5135
f 4739 326 5138
f 5136 5138 326
f 5133 5138 1298
f 5137 1298 5138
f 5137 1297 5141
f 5139 5141 1297
f 5140 5141 1035
f 4067 1035 5141
f 5134 1298 5142
f 5140 5142 1298
f 5119 5142 249
f 4063 249 5142
f 4183 1064 5145
f 5143 5145 1064
f 5126 5145 1295
f 5144 1295 5145
f 4180 270 5148
f 5146 5148 270
f 5143 5148 1300
f 5147 1300 5148
f 5147 1299 5151
f 5149 5151 1299
f 5150 5151 1206
f 4747 1206 5151
f 5144 1300 5152
f 5150 5152 1300
f 5129 5152 333
f 4744 333 5152
f 4755 1210 5155
f 5153 5155 1210
f 1297 5136 5154
f 5155 5154 5136
f 5158 4763 5156
f 327 5156 4763
f 1302 5153 5157
f 5158 5157 5153
f 5161 5157 5159
f 1301 5159 5157
f 1066 5160 4189
f 5161 4189 5160
f 5162 5154 5160
f 1302 5160 5154
f 260 5139 4185
f 5162 4185 5139
f 4305 1095 5165
f 5163 5165 1095
f 5146 5165 1299
f 5164 1299 5165
f 4302 281 5168
f 5166 5168 281
f 5163 5168 1304
f 5167 1304 5168
f 5171 5167 5169
f 1303 5169 5167
f 1212 5170 4771
f 5171 4771 5170
f 5172 5164 5170
f 1304 5170 5164
f 334 5149 4768
f 5172 4768 5149
f 5175 4779 5173
f 1215 5173 4779
f 1301 5156 5174
f 5175 5174 5156
f 4785 323 5177
f 4987 5177 323
f 5173 5177 1305
f 5176 1305 5177
f 5176 1266 5179
f 4995 5179 1266
f 5178 5179 1097
f 4311 1097 5179
f 5180 5174 5178
f 1305 5178 5174
f 271 5159 4307
f 5180 4307 5159
f 4407 1116 5183
f 5181 5183 1116
f 5166 5183 1303
f 5182 1303 5183
f 4404 160 5185
f 4999 5185 160
f 5181 5185 1306
f 5184 1306 5185
f 5187 5184 5007
f 1269 5007 5184
f 1217 5186 4793
f 5187 4793 5186
f 5188 5182 5186
f 1306 5186 5182
f 329 5169 4790
f 5188 4790 5169
f 4799 1220 5191
f 5189 5191 1220
f 5190 1275 5191
f 5032 5191 1275
f 4807 306 5194
f 5192 5194 306
f 5189 5194 1308
f 5193 1308 5194
f 5195 5197 1307
f 5193 1307 5197
f 4413 1118 5197
f 5196 5197 1118
f 5198 5190 5196
f 1308 5196 5190
f 183 5035 4409
f 5198 4409 5035
f 4433 1123 5201
f 5199 5201 1123
f 5059 5201 1280
f 5200 1280 5201
f 4430 284 5204
f 5202 5204 284
f 5199 5204 1310
f 5203 1310 5204
f 5203 1309 5207
f 5205 5207 1309
f 5206 5207 1222
f 4815 1222 5207
f 5200 1310 5208
f 5206 5208 1310
f 5051 5208 314
f 4812 314 5208
f 4459 1130 5211
f 5209 5211 1130
f 5202 5211 1309
f 5210 1309 5211
f 4456 287 5214
f 5212 5214 287
f 5214 5213 5209
f 1312 5209 5213
f 1311 5215 5213
f 5217 5213 5215
f 5217 4827 5216
f 1225 5216 4827
f 1312 5216 5210
f 5218 5210 5216
f 5205 5218 302
f 4824 302 5218
f 5219 5221 1229
f 4835 1229 5221
f 5220 1307 5221
f 5192 5221 1307
f 307 5222 4843
f 5224 4843 5222
f 5223 1314 5224
f 5219 5224 1314
f 5223 1313 5227
f 5225 5227 1313
f 4439 1125 5227
f 5226 5227 1125
f 5226 5228 1314
f 5220 1314 5228
f 4435 282 5228
f 5195 5228 282
f 5231 4847 5229
f 1232 5229 4847
f 5231 5230 5222
f 1313 5222 5230
f 301 5232 4855
f 5234 4855 5232
f 5234 5233 5229
f 1316 5229 5233
f 1315 5235 5233
f 5237 5233 5235
f 5236 5237 1132
f 4465 1132 5237
f 5230 1316 5238
f 5236 5238 1316
f 5225 5238 285
f 4461 285 5238
f 1235 5239 4859
f 5241 4859 5239
f 5241 5240 5232
f 1315 5232 5240
f 299 5242 4867
f 5244 4867 5242
f 5244 5243 5239
f 1318 5239 5243
f 1317 5245 5243
f 5247 5243 5245
f 5247 4469 5246
f 1133 5246 4469
f 1318 5246 5240
f 5248 5240 5246
f 5248 4466 5235
f 288 5235 4466
f 5251 4871 5249
f 1238 5249 4871
f 1317 5242 5250
f 5251 5250 5242
f 4879 300 5254
f 5252 5254 300
f 5249 5254 1320
f 5253 1320 5254
f 5253 1319 5257
f 5255 5257 1319
f 5256 5257 1136
f 4481 1136 5257
f 5250 1320 5258
f 5256 5258 1320
f 5245 5258 289
f 4478 289 5258
f 4499 1141 5261
f 5259 5261 1141
f 5212 5261 1311
f 5260 1311 5261
f 4496 291 5264
f 5262 5264 291
f 5259 5264 1322
f 5263 1322 5264
f 5263 1321 5267
f 5265 5267 1321
f 1240 5266 4887
f 5267 4887 5266
f 5260 1322 5268
f 5266 5268 1322
f 5268 4884 5215
f 315 5215 4884
f 1244 5269 4895
f 5271 4895 5269
f 5252 5271 1319
f 5270 1319 5271
f 304 5272 4903
f 5274 4903 5272
f 5274 5273 5269
f 1324 5269 5273
f 1323 5275 5273
f 5277 5273 5275
f 5276 5277 1139
f 4491 1139 5277
f 5270 1324 5278
f 5276 5278 1324
f 5255 5278 290
f 4487 290 5278
f 5279 5281 1140
f 4495 1140 5281
f 5280 1321 5281
f 5262 5281 1321
f 4492 292 5283
f 5275 5283 292
f 5279 5283 1325
f 5282 1325 5283
f 5282 1323 5285
f 5272 5285 1323
f 5284 5285 1246
f 4911 1246 5285
f 5284 5286 1325
f 5280 1325 5286
f 303 5265 4908
f 5286 4908 5265
f 5289 4917 5287
f 1249 5287 4917
f 1283 5071 5288
f 5289 5288 5071
f 5292 4925 5290
f 311 5290 4925
f 1327 5287 5291
f 5292 5291 5287
f 5295 5291 5293
f 1326 5293 5291
f 1143 5294 4505
f 5295 4505 5294
f 5296 5288 5294
f 1327 5294 5288
f 215 5063 4501
f 5296 4501 5063
f 4525 1148 5299
f 5297 5299 1148
f 5042 5299 1277
f 5298 1277 5299
f 5302 4522 5300
f 293 5300 4522
f 5297 5302 1329
f 5301 1329 5302
f 5301 1328 5305
f 5303 5305 1328
f 5304 5305 1251
f 4933 1251 5305
f 5298 1329 5306
f 5304 5306 1329
f 5045 5306 308
f 4930 308 5306
f 5309 4941 5307
f 1255 5307 4941
f 1326 5290 5308
f 5309 5308 5290
f 5312 4949 5310
f 313 5310 4949
f 1331 5307 5311
f 5312 5311 5307
f 5315 5311 5313
f 1330 5313 5311
f 1150 5314 4531
f 5315 4531 5314
f 5316 5308 5314
f 1331 5314 5308
f 295 5293 4527
f 5316 4527 5293
f 5319 4551 5317
f 1155 5317 4551
f 5300 5319 1328
f 5318 1328 5319
f 4548 296 5322
f 5320 5322 296
f 5317 5322 1333
f 5321 1333 5322
f 5321 1332 5325
f 5323 5325 1332
f 5324 5325 1257
f 4957 1257 5325
f 5318 1333 5326
f 5324 5326 1333
f 5303 5326 310
f 4954 310 5326
f 4547 1154 5329
f 5327 5329 1154
f 5320 5329 1332
f 5328 1332 5329
f 4544 297 5332
f 5330 5332 297
f 5327 5332 1335
f 5331 1335 5332
f 5333 5335 1334
f 5331 1334 5335
f 4969 1260 5335
f 5334 5335 1260
f 5334 5336 1335
f 5328 1335 5336
f 5323 5336 312
f 4966 312 5336
f 1151 5337 4535
f 5339 4535 5337
f 5339 5338 5330
f 1334 5330 5338
f 298 5313 4532
f 5341 4532 5313
f 5341 5340 5337
f 1336 5337 5340
f 1330 5310 5340
f 5343 5340 5310
f 5343 4981 5342
f 1263 5342 4981
f 1336 5342 5338
f 5344 5338 5342
f 5344 4978 5333
f 309 5333 4978

