# https://github.com/mikedh/trimesh

o bob_larger
v -0.48377093 3.19338510 0.66585538
v -0.22451573 3.19318510 1.28743058
v 0.18614747 3.19294590 1.82234018
v 0.72110507 3.19154510 2.23267058
v 1.34304027 3.19167550 2.49095058
v 2.01046027 3.19182510 2.57897058
v 2.67794987 3.19182510 2.49109058
v 3.29994987 3.19182510 2.23345058
v 3.83406987 3.19182590 1.82360018
v 4.24390987 3.19182590 1.28948018
v 4.50154987 3.19182590 0.66748658
v -0.74864453 1.99547550 0.81159218
v -0.48723253 2.01252510 1.50196018
v -0.04066453 2.01514510 2.06912018
v 0.56182907 1.99881550 2.50946978
v 1.26130987 1.99491550 2.79596018
v 2.01048987 1.99532510 2.89506018
v 2.75978027 1.99541550 2.79649058
v 3.45802987 1.99541550 2.50726018
v 4.05763067 1.99541550 2.04717058
v 4.51772027 1.99541550 1.44757058
v 4.80694987 1.99541550 0.74931618
v -1.31009013 1.07126750 1.23106018
v -1.14669013 1.16272270 2.12808018
v -0.64112613 1.18667950 2.76110018
v 0.12784347 1.13773550 3.27346018
v 1.03713387 1.11827230 3.63250018
v 2.01056027 1.11748350 3.76057058
v 2.98384027 1.11781870 3.63269058
v 3.89088027 1.11783310 3.25699058
v 4.66978027 1.11783150 2.65932018
v 5.26784987 1.11347630 1.87991058
v 5.63844027 1.09193310 0.97112178
v -1.92666933 0.45437150 1.60931058
v -1.98299973 0.78620830 2.87216978
v -1.42305013 0.85504830 3.64845058
v -0.45462693 0.81504270 4.30144018
v 0.73117387 0.79587710 4.77626978
v 2.01056987 0.79527310 4.94550018
v 3.29052987 0.79568910 4.77727058
v 4.48336027 0.79570270 4.28319058
v 5.50766987 0.79570030 3.49720018
v 6.29558027 0.77208270 2.47857058
v 6.90224027 0.53731950 1.24402018
v -3.71295013 0.54818590 2.45866018
v -3.12237973 0.98848270 3.63927058
v -2.24521973 1.12832830 4.49708018
v -1.03641973 1.12799790 5.31634018
v 0.42559467 1.11708350 5.92022018
v 2.01052027 1.11620510 6.13140018
v 3.59740987 1.11646590 5.92258978
v 5.07620987 1.11647950 5.31003058
v 6.34609067 1.11647710 4.33562098
v 7.32956107 1.08883070 3.09957058
v 8.05709947 0.76502510 1.88193058
v -5.46826933 1.27760830 2.23500018
v -4.18681973 1.78206510 4.11540018
v -2.97543013 1.95755550 5.13276978
v -1.48901013 1.99431550 6.06781058
v 0.20120507 1.99456510 6.75696018
v 2.01062987 1.99370510 6.99898978
v 3.82201947 1.99369550 6.76087058
v 5.51012987 1.99370510 6.06161058
v 6.95974027 1.99369550 4.94928098
v 8.11409067 1.97304510 3.50516018
v 9.12674987 1.64602510 1.75295058
v -5.57447973 3.02447550 2.26316978
v -4.50111973 3.11208510 4.15150978
v -3.28185013 3.18106510 5.37502018
v -1.67707973 3.19313550 6.37040018
v 0.11646027 3.19208510 7.06707058
v 2.01076987 3.19181470 7.31598098
v 3.90422987 3.19182510 7.06756018
v 5.66892027 3.19182510 6.33664098
v 7.18430027 3.19182510 5.17384018
v 8.38716987 3.18814510 3.65790098
v 9.29918987 3.17695550 1.89131058
v -4.85586933 4.38875550 1.88670018
v -4.08183013 4.39797550 3.61400018
v -2.96891013 4.39738510 4.99554018
v -1.49391973 4.39109550 6.06586018
v 0.19986667 4.38974510 6.75932018
v 2.01058027 4.38992510 6.99906978
v 3.82202987 4.38995470 6.76086098
v 5.51012987 4.38995470 6.06161058
v 6.95974027 4.38995470 4.94928098
v 8.07939947 4.38995550 3.49967058
v 8.81086027 4.38995550 1.81156098
v -3.91211973 5.26563550 1.58454018
v -3.29841973 5.26773550 3.06560018
v -2.32549973 5.26709550 4.33487058
v -1.05435973 5.26673550 5.30864018
v 0.42379787 5.26709470 5.92221058
v 2.01046027 5.26718510 6.13150018
v 3.59740987 5.26717550 5.92258018
v 5.07620987 5.26717550 5.31003058
v 6.34609067 5.26717550 4.33562098
v 7.32050107 5.26717550 3.06575058
v 7.93304027 5.26717550 1.58695058
v -2.76595013 5.58657550 1.27908018
v -2.27267013 5.58690510 2.47115058
v -1.48653973 5.58736590 3.49659058
v -0.46233973 5.58782590 4.28307058
v 0.73039547 5.58795470 4.77728098
v 2.01046027 5.58795470 4.94580018
v 3.29052987 5.58795470 4.77727058
v 4.48336027 5.58795550 4.28318018
v 5.50766987 5.58795550 3.49720018
v 6.29365067 5.58795550 2.47290098
v 6.78772987 5.58795550 1.28007058
v -1.62222933 5.26579550 0.97333698
v -1.24651973 5.26579550 1.88035058
v -0.64883413 5.26580590 2.65930018
v 0.13003867 5.26582590 3.25700018
v 1.03708347 5.26582590 3.63270018
v 2.01046027 5.26582590 3.76084018
v 2.98384027 5.26582590 3.63270018
v 3.89088027 5.26582590 3.25699058
v 4.66978027 5.26582590 2.65932018
v 5.26744987 5.26582590 1.88042018
v 5.64316027 5.26582590 0.97337858
v -0.78713413 4.38837550 0.74778898
v -0.49717653 4.38819550 1.44613058
v -0.03664693 4.38816590 2.04651058
v 0.56294187 4.38819550 2.50714018
v 1.26114987 4.38823550 2.79649058
v 2.01046027 4.38823550 2.89514018
v 2.75978027 4.38823550 2.79649058
v 3.45802987 4.38823550 2.50726098
v 4.05763067 4.38823550 2.04717058
v 4.51772027 4.38823550 1.44757058
v 4.80694987 4.38823550 0.74931618
v -2.24347973 -0.46701250 1.37414978
v -4.10005013 -0.29005330 2.11074978
v -5.89405973 0.20609630 1.68184018
v -2.20203013 -1.63131490 1.50164978
v -4.38265973 -1.48332450 2.38598018
v -6.69301973 -0.59922450 1.77182018
v -2.74616933 -3.17744450 1.24242018
v -4.65256933 -3.31423490 1.62073938
v -6.64971973 -2.22518450 1.06349938
v -8.22440933 -0.58759490 1.38540978
v -8.33442053 -1.52842450 1.14128978
v 7.93504987 -0.21153570 0.62398738
v 8.60846027 -0.32271890 0.96786338
v 9.28222027 -0.26873090 0.82119458
v 8.22980987 -1.04414450 0.26684978
v 8.58102027 -1.28508450 0.32366258
v 8.95032987 -1.22880450 0.34707378
v -0.48377093 3.19338510 -0.66585502
v -0.22451573 3.19318510 -1.28742942
v 0.18614747 3.19294590 -1.82233982
v 0.72110507 3.19154590 -2.23266942
v 1.34304027 3.19167550 -2.49094942
v 2.01046027 3.19182590 -2.57896942
v 2.67795067 3.19182590 -2.49108942
v 3.29995067 3.19182590 -2.23344942
v 3.83406987 3.19182590 -1.82359982
v 4.24390987 3.19182590 -1.28947982
v 4.50154987 3.19182590 -0.66748542
v -0.74864453 1.99547550 -0.81159182
v -0.48723253 2.01252590 -1.50195982
v -0.04066453 2.01514590 -2.06911982
v 0.56182907 1.99881550 -2.50946942
v 1.26131067 1.99491550 -2.79595982
v 2.01049067 1.99532590 -2.89505982
v 2.75978027 1.99541550 -2.79648942
v 3.45802987 1.99541550 -2.50725982
v 4.05763067 1.99541550 -2.04716942
v 4.51772027 1.99541550 -1.44756942
v 4.80694987 1.99541550 -0.74931582
v -1.31008933 1.07126750 -1.23105982
v -1.14668933 1.16272270 -2.12807982
v -0.64112533 1.18667950 -2.76109982
v 0.12784347 1.13773550 -3.27345982
v 1.03713467 1.11827230 -3.63249982
v 2.01056027 1.11748350 -3.76057022
v 2.98384027 1.11781870 -3.63269022
v 3.89088027 1.11783230 -3.25699022
v 4.66978027 1.11783070 -2.65931982
v 5.26784987 1.11347630 -1.87990942
v 5.63844027 1.09193390 -0.97112062
v -1.92666933 0.45437230 -1.60931022
v -1.98299973 0.78620830 -2.87216942
v -1.42304933 0.85504830 -3.64845022
v -0.45462693 0.81504270 -4.30143982
v 0.73117467 0.79587790 -4.77626942
v 2.01057067 0.79527390 -4.94549982
v 3.29053067 0.79568990 -4.77727022
v 4.48336027 0.79570270 -4.28318942
v 5.50766987 0.79570030 -3.49719982
v 6.29558027 0.77208270 -2.47856942
v 6.90224027 0.53731950 -1.24401982
v -3.71295013 0.54818670 -2.45865982
v -3.12237973 0.98848270 -3.63927022
v -2.24521973 1.12832910 -4.49707982
v -1.03641973 1.12799870 -5.31633982
v 0.42559547 1.11708270 -5.92021982
v 2.01052027 1.11620510 -6.13139982
v 3.59741067 1.11646670 -5.92258942
v 5.07621067 1.11647950 -5.31002942
v 6.34609067 1.11647790 -4.33561982
v 7.32956107 1.08883070 -3.09956942
v 8.05709947 0.76502590 -1.88192942
v -5.46826933 1.27760830 -2.23499982
v -4.18681973 1.78206590 -4.11539982
v -2.97542933 1.95755550 -5.13276942
v -1.48900933 1.99431550 -6.06781022
v 0.20120587 1.99456590 -6.75695982
v 2.01063067 1.99370590 -6.99898942
v 3.82202027 1.99369550 -6.76087022
v 5.51013067 1.99370590 -6.06160942
v 6.95974027 1.99369550 -4.94927982
v 8.11409067 1.97304590 -3.50515902
v 9.12674987 1.64602590 -1.75294942
v -5.57447973 3.02447550 -2.26317022
v -4.50111973 3.11208590 -4.15150942
v -3.28184933 3.18106590 -5.37501982
v -1.67707973 3.19313550 -6.37039982
v 0.11646107 3.19208590 -7.06707022
v 2.01077067 3.19181550 -7.31598062
v 3.90423067 3.19182590 -7.06755982
v 5.66892107 3.19182590 -6.33663982
v 7.18430027 3.19182590 -5.17383902
v 8.38716987 3.18814590 -3.65789982
v 9.29918987 3.17695550 -1.89130942
v -4.85586933 4.38875550 -1.88669982
v -4.08183013 4.39797550 -3.61399982
v -2.96890933 4.39738590 -4.99553982
v -1.49391973 4.39109630 -6.06585982
v 0.19986667 4.38974590 -6.75931982
v 2.01058107 4.38992590 -6.99906942
v 3.82203067 4.38995550 -6.76086062
v 5.51013067 4.38995550 -6.06160942
v 6.95974027 4.38995550 -4.94927982
v 8.07939947 4.38995550 -3.49966942
v 8.81086027 4.38995550 -1.81155902
v -3.91211973 5.26563550 -1.58453982
v -3.29841973 5.26773550 -3.06559982
v -2.32549973 5.26709550 -4.33487022
v -1.05435973 5.26673630 -5.30863982
v 0.42379867 5.26709550 -5.92220942
v 2.01046027 5.26718590 -6.13149902
v 3.59741067 5.26717630 -5.92257902
v 5.07621067 5.26717630 -5.31002942
v 6.34609067 5.26717550 -4.33561982
v 7.32050107 5.26717550 -3.06574942
v 7.93304027 5.26717550 -1.58694942
v -2.76595013 5.58657550 -1.27907982
v -2.27266933 5.58690510 -2.47114942
v -1.48653973 5.58736590 -3.49659022
v -0.46233973 5.58782590 -4.28306942
v 0.73039547 5.58795550 -4.77727982
v 2.01046027 5.58795550 -4.94579982
v 3.29053067 5.58795550 -4.77726942
v 4.48336027 5.58795550 -4.28317902
v 5.50766987 5.58795550 -3.49719982
v 6.29365067 5.58795550 -2.47289902
v 6.78772987 5.58795550 -1.28006942
v -1.62222933 5.26579550 -0.97333662
v -1.24651973 5.26579550 -1.88034942
v -0.64883333 5.26580590 -2.65929982
v 0.13003867 5.26582590 -3.25699902
v 1.03708347 5.26582590 -3.63269902
v 2.01046027 5.26582590 -3.76083902
v 2.98384027 5.26582590 -3.63269902
v 3.89088027 5.26582590 -3.25698942
v 4.66978027 5.26582590 -2.65931902
v 5.26744987 5.26582590 -1.88041902
v 5.64316027 5.26582590 -0.97337742
v -0.78713413 4.38837550 -0.74778862
v -0.49717653 4.38819550 -1.44612942
v -0.03664693 4.38816590 -2.04650942
v 0.56294267 4.38819550 -2.50713982
v 1.26115067 4.38823550 -2.79648942
v 2.01046027 4.38823550 -2.89513982
v 2.75978027 4.38823550 -2.79648942
v 3.45802987 4.38823550 -2.50725982
v 4.05763067 4.38823550 -2.04716942
v 4.51772027 4.38823550 -1.44756942
v 4.80694987 4.38823550 -0.74931502
v -2.24347973 -0.46701250 -1.37415022
v -4.10005013 -0.29005330 -2.11075022
v -5.89405973 0.20609630 -1.68183982
v -2.20203013 -1.63131490 -1.50165022
v -4.38265973 -1.48332450 -2.38598062
v -6.69301973 -0.59922450 -1.77182062
v -2.74616933 -3.17744450 -1.24241982
v -4.65256933 -3.31423490 -1.62073982
v -6.64971973 -2.22518450 -1.06349982
v -8.22440933 -0.58759410 -1.38541022
v -8.33442053 -1.52842450 -1.14129022
v 7.93504987 -0.21153570 -0.62398622
v 8.60846027 -0.32271810 -0.96786222
v 9.28222027 -0.26873010 -0.82119342
v 8.22980987 -1.04414450 -0.26684862
v 8.58102027 -1.28508450 -0.32366142
v 8.95032987 -1.22880450 -0.34707262
v -4.78079973 -4.09332450 -0.00000062
v -6.77505973 -2.89638450 -0.00000062
v -2.54393973 -3.50371490 0.00000018
v -6.56411013 0.43485150 0.00000018
v -8.50832933 -0.18097490 -0.00000062
v -8.75699013 -1.61183410 -0.00000062
v -1.46313973 0.37554830 0.00000018
v -1.65485973 -0.50045810 0.00000018
v -1.64298933 -1.66425490 0.00000018
v 6.78446027 0.45640670 0.00000018
v 8.54019067 -1.48822450 0.00000018
v 7.74810027 -0.17602210 0.00000018
v 9.52414027 -0.25543170 0.00000018
v 8.18178107 -1.13163410 0.00000018
v 8.96045067 -1.33920450 0.00000018
v -6.34017973 1.37175550 0.00000018
v -7.03209013 0.22174510 0.00000018
v -0.82285973 1.98274590 0.00000018
v -1.28487973 1.02867870 0.00000018
v 4.90560027 1.99541550 0.00000018
v 5.74368027 1.07948030 0.00000018
v 9.59858107 1.75309550 0.00000098
v -6.04320933 3.01707550 0.00000018
v -5.12939973 4.38857550 0.00000018
v -0.57212373 3.19297550 0.00000018
v -4.12017973 5.26502590 0.00000018
v -2.93407013 5.58646510 0.00000018
v -1.75039973 5.26579550 0.00000018
v -0.88639973 4.38852590 0.00000018
v 4.58943067 3.19182590 0.00000018
v 4.90560027 4.38823550 0.00000018
v 9.60472027 3.19031550 0.00000098
v 9.05668027 4.38995550 0.00000098
v 8.14196107 5.26717550 0.00000098
v 6.95625947 5.58795550 0.00000098
v 5.77131067 5.26582590 0.00000098
v -0.37449413 3.19332510 0.98488018
v -0.29331413 2.57883550 1.34017058
v -0.64219093 2.00482510 1.17344978
v -0.55508373 2.57574510 0.70062498
v -0.44551573 2.57764590 1.03049058
v -0.03658853 3.19316510 1.56825058
v 0.12710027 2.57866590 1.88464018
v -0.28581173 2.01660510 1.80057058
v -0.10156453 2.57947550 1.62624018
v 0.44027307 3.19221550 2.04499058
v 0.68025947 2.57284510 2.30301058
v 0.24459707 2.00730510 2.30650978
v 0.38965547 2.57573550 2.11130018
v 1.02372107 3.19146510 2.38216018
v 1.32214027 2.57243550 2.56897058
v 0.90259787 1.99526510 2.67425058
v 0.99277947 2.57205550 2.45664018
v 1.67384987 3.19179550 2.55684018
v 2.01046987 2.57284510 2.65999058
v 1.63268027 1.99510510 2.87004018
v 1.66330987 2.57273550 2.63709058
v 2.34708027 3.19183550 2.55686018
v 2.69892027 2.57287550 2.56937058
v 2.38834987 1.99541550 2.87031058
v 2.35766027 2.57288510 2.63721058
v 2.99736987 3.19182510 2.38261058
v 3.34046987 2.57287550 2.30363058
v 3.11836027 1.99541550 2.67471058
v 3.02838027 2.57287550 2.45748018
v 3.58040987 3.19182590 2.04599058
v 3.89136987 2.57287550 1.88091058
v 3.77288027 1.99541550 2.29682018
v 3.62974027 2.57287550 2.11029058
v 4.05646027 3.19182590 1.56995058
v 4.31410027 2.57287550 1.33000018
v 4.30728987 1.99541550 1.76241058
v 4.12075067 2.57287550 1.61928018
v 4.39306987 3.19182590 0.98690978
v 4.57983067 2.57287550 0.68846178
v 4.68516987 1.99541550 1.10790018
v 4.46794027 2.57287550 1.01792018
v -0.78597253 1.53521550 1.78124978
v -1.26667013 1.11828430 1.72294018
v -1.02595973 1.48684510 1.01026018
v -0.93561973 1.51231550 1.42556018
v -0.30557653 1.54579550 2.37268018
v -0.93465013 1.18664750 2.46644018
v -0.57443013 1.54744510 2.09398018
v 0.37242987 1.51157550 2.84224978
v -0.28134373 1.16451550 3.03164978
v 0.01395947 1.52990510 2.62336978
v 1.16386587 1.49960510 3.15946978
v 0.57042987 1.12327150 3.47750018
v 0.75804507 1.50230510 3.02353058
v 2.01052987 1.49941550 3.27110018
v 1.51982027 1.11713230 3.72798018
v 1.58364987 1.49913550 3.24278018
v 2.85713067 1.49962510 3.15980018
v 2.50136027 1.11774510 3.72854018
v 2.43744987 1.49958510 3.24319058
v 3.64610027 1.49963550 2.83300018
v 3.44965067 1.11783470 3.47450018
v 3.26230027 1.49963550 3.02221058
v 4.32360027 1.49963550 2.31314018
v 4.29988027 1.11783150 2.98362018
v 4.00185067 1.49963550 2.59523058
v 4.84351067 1.49919550 1.63558018
v 4.99412027 1.11739550 2.28936018
v 4.60568987 1.49958510 1.99138018
v 5.16980027 1.49704510 0.84644258
v 5.48554987 1.10365710 1.43760018
v 5.03272027 1.49821550 1.25168018
v -1.53433013 0.90742510 2.49139058
v -2.03079013 0.67672670 2.31252018
v -1.55019973 0.75540270 1.41292018
v -1.59535973 0.83629310 2.00517058
v -1.01979973 0.95030350 3.19636978
v -1.77073973 0.84103150 3.29754018
v -1.33509973 0.94528270 2.87454978
v -0.15432213 0.90018110 3.77160018
v -0.97613013 0.83940670 3.98664018
v -0.61857493 0.92848350 3.49730978
v 0.88944747 0.87893630 4.18431058
v 0.11974987 0.80107150 4.57070018
v 0.35255627 0.88453230 4.00554018
v 2.01058027 0.87814350 4.33208978
v 1.36528027 0.79476430 4.90256978
v 1.44530027 0.87768750 4.29448018
v 3.13178027 0.87854750 4.18478018
v 2.65602027 0.79560750 4.90334018
v 2.57596027 0.87846350 4.29520018
v 4.17667067 0.87856350 3.75198098
v 3.90309947 0.79570510 4.56924018
v 3.66838027 0.87856670 4.00256018
v 5.07394027 0.87856110 3.06348018
v 5.02122027 0.79570030 3.92369058
v 4.64782027 0.87856110 3.43707058
v 5.76369067 0.86461550 2.16541058
v 5.93435067 0.79333870 3.01132018
v 5.44766027 0.87716670 2.63728018
v 6.19033067 0.78506670 1.11177058
v 6.59464027 0.70835310 1.90708018
v 6.01656987 0.83169470 1.65465058
v -2.52595973 0.81389950 3.27156018
v -3.44848933 0.81696670 3.02472978
v -2.79828933 0.42688670 2.16008978
v -2.68811973 0.67232030 2.69552978
v -1.83481973 0.91657790 4.08953058
v -2.72421973 1.08561870 4.10539058
v -2.23881973 0.88933950 3.71696018
v -0.75390613 0.89391550 4.82748018
v -1.67941973 1.13604510 4.91174018
v -1.33389013 0.91126350 4.46698978
v 0.57300987 0.87814110 5.36838978
v -0.32913013 1.12095150 5.66048978
v -0.11238693 0.88283710 5.13502018
v 2.01054027 0.87745630 5.55916018
v 1.21054987 1.11597310 6.07828978
v 1.28518987 0.87703150 5.51102018
v 3.44932987 0.87782350 5.36993058
v 2.81076987 1.11640510 6.07896978
v 2.73610027 0.87774910 5.51168018
v 4.79014027 0.87783630 4.81454098
v 4.35684027 1.11648110 5.66466018
v 4.13790027 0.87783950 5.13608018
v 5.94152027 0.87783470 3.93106098
v 5.74300907 1.11647710 4.86435058
v 5.39472027 0.87783470 4.41045058
v 6.82760107 0.85015070 2.80261058
v 6.87572107 1.11371230 3.73593058
v 6.42117067 0.87506670 3.38655058
v 7.50452987 0.57891150 1.65406018
v 7.71164987 1.00779150 2.46585058
v 7.16544987 0.77428510 2.20927058
v -3.71143973 1.30743710 3.92358018
v -4.78501973 1.59382510 3.28892018
v -4.60467973 0.81479310 2.52514018
v -4.19244933 1.11200430 3.21320018
v -2.64029013 1.47964510 4.85020978
v -3.60073973 1.89609550 4.68403058
v -3.20200053 1.42251230 4.43497058
v -1.28685973 1.50322510 5.73672018
v -2.26683973 1.98559550 5.60554978
v -1.99931013 1.50087550 5.29664978
v 0.29912427 1.49870510 6.39284018
v -0.66351013 1.99572510 6.46060018
v -0.51644133 1.50115550 6.11088978
v 2.01056027 1.49775550 6.62192978
v 1.09760507 1.99387550 6.93781058
v 1.14668427 1.49775550 6.56428978
v 3.72436987 1.49785550 6.39646018
v 2.92404987 1.99367550 6.93936018
v 2.87478987 1.49782510 6.56535938
v 5.32148987 1.49787550 5.73488098
v 4.68894987 1.99369550 6.46644018
v 4.54456987 1.49787550 6.11788018
v 6.69296987 1.49786510 4.68251058
v 6.27130987 1.99369550 5.55284978
v 6.04163947 1.49787550 5.25354098
v 7.77101067 1.47220350 3.33384098
v 7.56751067 1.99163550 4.26140098
v 7.26656987 1.49530510 4.03346018
v 8.59398987 1.09530350 1.94356098
v 8.62232027 1.90728510 2.69121058
v 8.21596027 1.39009630 2.61689058
v -4.45060933 2.41191550 4.20652978
v -5.07471973 3.06241550 3.28364018
v -5.63423013 2.18513550 2.29432978
v -5.06277013 2.29411550 3.34015058
v -3.20242053 2.54283550 5.32444018
v -3.92189013 3.15369550 4.82174978
v -3.84902053 2.49438510 4.82826978
v -1.62591013 2.57188510 6.28902018
v -2.52133013 3.19182510 5.89624018
v -2.45225973 2.56512510 5.81967058
v 0.13868587 2.57246510 6.98670098
v -0.79541973 3.19268510 6.76744018
v -0.76002613 2.57314510 6.68625058
v 2.01072987 2.57186510 7.23472018
v 1.05613387 3.19184510 7.25224018
v 1.06682587 2.57200510 7.17150978
v 3.88314027 2.57183470 6.98890018
v 2.96554987 3.19182510 7.25392018
v 2.95489947 2.57182510 7.17326978
v 5.62818987 2.57183550 6.26609058
v 4.81048027 3.19182510 6.75984018
v 4.77929947 2.57183470 6.68456978
v 7.12670027 2.57183550 5.11623058
v 6.46464027 3.19182510 5.80479058
v 6.41504027 2.57183550 5.74016018
v 8.32358107 2.55997550 3.61679058
v 7.81926027 3.19145550 4.45412098
v 7.75532987 2.57065550 4.40449058
v 9.27952027 2.50184510 1.86143058
v 8.89898027 3.18054510 2.79829058
v 8.84845067 2.53228510 2.76493058
v -4.35891973 3.79067550 3.92042978
v -4.51979973 4.39325550 2.78461058
v -5.28089013 3.76411550 2.09756978
v -4.86565013 3.77496590 3.06400018
v -3.18806053 3.81416510 5.24568018
v -3.56879013 4.39914590 4.34742018
v -3.81177013 3.80503470 4.63382018
v -1.62705973 3.81348510 6.28824978
v -2.26981013 4.39410510 5.57156978
v -2.44897013 3.81562510 5.80070018
v 0.13796667 3.81176510 6.98813058
v -0.66702613 4.38986510 6.46534978
v -0.76173013 3.81216510 6.68914018
v 2.01070027 3.81178510 7.23477058
v 1.09731307 4.38983470 6.93840978
v 1.06665787 3.81171550 7.17188018
v 3.88314027 3.81181550 6.98889058
v 2.92404987 4.38995470 6.93932018
v 2.95489947 3.81181550 7.17324978
v 5.62818987 3.81181550 6.26609058
v 4.68894987 4.38995470 6.46644018
v 4.77929947 3.81181550 6.68456978
v 7.12670027 3.81181550 5.11623058
v 6.27130987 4.38995470 5.55284978
v 6.41504027 3.81181550 5.74016018
v 8.30003067 3.81144510 3.61767058
v 7.56404027 4.38995550 4.26085058
v 7.75297067 3.81177470 4.40457058
v 9.12669067 3.81032510 1.87243058
v 8.50032987 4.38995550 2.67848098
v 8.77022987 3.81068510 2.76866098
v -3.72583013 4.89531550 3.33476978
v -3.65356933 5.26679550 2.34498018
v -4.40378933 4.89161550 1.72303058
v -4.11607013 4.89389550 2.55263058
v -2.67757013 4.89047470 4.69006978
v -2.85347973 5.26764590 3.73244018
v -3.24571013 4.89365550 4.04901058
v -1.29947973 4.88602510 5.73273058
v -1.72191013 5.26677550 4.86306978
v -2.02367973 4.88774510 5.25433058
v 0.29737467 4.88560510 6.39526098
v -0.33512213 5.26689550 5.66371058
v -0.52179493 4.88549470 6.11563058
v 2.01049947 4.88577550 6.62200018
v 1.21020027 5.26717550 6.07885058
v 1.14634427 4.88571550 6.56488018
v 3.72438027 4.88578510 6.39644098
v 2.81076987 5.26717550 6.07894098
v 2.87479947 4.88578510 6.56532018
v 5.32148987 4.88578510 5.73488098
v 4.35684027 5.26717550 5.66466018
v 4.54456987 4.88578510 6.11788018
v 6.69296987 4.88578510 4.68251058
v 5.74300907 5.26717550 4.86435058
v 6.04163947 4.88578510 5.25354098
v 7.74607067 4.88578590 3.31103058
v 6.87482027 5.26717550 3.73255058
v 7.26407067 4.88578590 4.03118098
v 8.41084027 4.88578590 1.71392098
v 7.67512027 5.26717550 2.34638098
v 8.13068027 4.88578590 2.53411058
v -2.80359013 5.50354590 2.77561058
v -2.55837013 5.58672510 1.89109058
v -3.35723013 5.50246590 1.43613058
v -3.12436933 5.50297550 2.12360978
v -1.92011973 5.50447550 3.92944018
v -1.91315973 5.58712510 3.00947058
v -2.39965013 5.50402590 3.38124018
v -0.76885013 5.50538510 4.81406018
v -1.00009973 5.58761550 3.92344018
v -1.37331013 5.50495550 4.40962018
v 0.57162987 5.50580510 5.36990018
v 0.11785387 5.58792510 4.56920098
v -0.11678453 5.50566510 5.13587058
v 2.01046027 5.50582510 5.55936018
v 1.36490987 5.58796510 4.90340098
v 1.28482027 5.50583470 5.51172098
v 3.44932987 5.50581470 5.36992018
v 2.65600987 5.58795470 4.90339058
v 2.73608987 5.50582510 5.51169058
v 4.79014027 5.50581470 4.81454098
v 3.90309947 5.58795470 4.56923058
v 4.13790027 5.50581470 5.13608018
v 5.94152027 5.50581550 3.93106098
v 5.02122027 5.58795550 3.92369058
v 5.39472027 5.50581470 4.41045058
v 6.82499947 5.50581550 2.77968098
v 5.93414987 5.58795550 3.01075058
v 6.42090987 5.50581550 3.38426018
v 7.38038107 5.50581550 1.43887058
v 6.57970027 5.58795550 1.89264098
v 7.14654027 5.50581550 2.12743058
v -1.74155973 5.50486590 2.16588018
v -1.46403013 5.26579550 1.43912018
v -2.17421013 5.50483550 1.12120018
v -1.99207013 5.50483550 1.65766018
v -1.05297973 5.50496510 3.06340018
v -0.97315013 5.26579550 2.28937058
v -1.42661973 5.50490590 2.63712018
v -0.15573973 5.50509550 3.75198098
v -0.27893973 5.26581550 2.98363058
v -0.62686533 5.50503550 3.43706018
v 0.88914907 5.50509550 4.18479058
v 0.57127227 5.26582590 3.47451058
v 0.35254587 5.50510510 4.00256098
v 2.01046027 5.50509550 4.33241058
v 1.51958027 5.26582590 3.72860098
v 1.44498027 5.50509550 4.29527058
v 3.13176987 5.50509550 4.18479058
v 2.50134027 5.26582590 3.72860098
v 2.57594987 5.50509550 4.29527058
v 4.17667067 5.50509550 3.75198098
v 3.44965067 5.26582590 3.47450018
v 3.66837067 5.50509550 4.00255058
v 5.07394027 5.50509550 3.06348018
v 4.29988027 5.26582590 2.98362018
v 4.64782027 5.50509550 3.43707058
v 5.76244027 5.50509550 2.16621058
v 4.99408987 5.26582590 2.28941058
v 5.44752987 5.50509550 2.63736018
v 6.19524987 5.50509550 1.12131058
v 5.48496987 5.26582590 1.43919058
v 6.01302027 5.50509550 1.65791058
v -0.82257973 4.88403550 1.63535058
v -0.66496053 4.38827550 1.10624018
v -1.14951973 4.88404590 0.84632418
v -1.01183973 4.88404590 1.25148018
v -0.30263653 4.88403550 2.31302018
v -0.28646613 4.38816590 1.76135058
v -0.58475253 4.88403550 1.99118018
v 0.37483147 4.88401550 2.83300018
v 0.24813547 4.38817550 2.29649058
v 0.01910347 4.88402510 2.59518018
v 1.16379307 4.88402510 3.15981058
v 0.90257947 4.38821550 2.67468018
v 0.75862107 4.88401550 3.02222098
v 2.01046027 4.88402510 3.27127058
v 1.63258027 4.38824510 2.87032018
v 1.58348027 4.88402510 3.24323058
v 2.85713067 4.88402510 3.15980018
v 2.38834987 4.38823550 2.87031058
v 2.43744027 4.88402510 3.24322018
v 3.64610027 4.88402510 2.83300098
v 3.11836027 4.38823550 2.67471058
v 3.26230027 4.88402510 3.02220018
v 4.32360027 4.88402510 2.31314098
v 3.77288027 4.38823550 2.29682098
v 4.00185067 4.88402510 2.59523058
v 4.84346987 4.88402510 1.63564018
v 4.30728987 4.38823550 1.76241058
v 4.60568987 4.88402510 1.99139058
v 5.17026987 4.88402510 0.84666738
v 4.68516987 4.38823550 1.10790018
v 5.03266987 4.88402510 1.25184098
v -0.29425573 3.81073550 1.32653058
v -0.56188293 3.81132590 0.68496418
v -0.44899253 3.81098510 1.01403058
v 0.12955387 3.81064590 1.87924018
v -0.10023813 3.81064590 1.61666018
v 0.68060027 3.81063550 2.30319058
v 0.39133547 3.81063550 2.10934018
v 1.32202027 3.81075550 2.56935058
v 0.99261707 3.81069550 2.45732018
v 2.01046027 3.81078590 2.66000978
v 1.66326027 3.81078590 2.63722018
v 2.69892027 3.81077550 2.56937058
v 2.35766027 3.81077550 2.63720018
v 3.34046987 3.81077550 2.30363058
v 3.02838027 3.81077550 2.45748018
v 3.89136987 3.81077550 1.88091058
v 3.62974027 3.81077550 2.11029058
v 4.31410027 3.81077550 1.33000018
v 4.12075067 3.81077550 1.61928098
v 4.57983067 3.81077550 0.68846178
v 4.46794027 3.81077550 1.01792018
v -3.92643013 0.16722830 2.15014018
v -3.07865973 -0.41670690 1.85806018
v -2.14981973 0.00235950 1.40610018
v -2.95621973 0.04528430 1.88904018
v -5.67897973 0.64835950 1.79576978
v -5.08843973 -0.05057650 2.06784978
v -4.87002933 0.40153870 2.15084978
v -4.24599013 -0.80204450 2.28236978
v -3.17012933 -1.61448450 2.09814978
v -2.20799013 -0.96982450 1.45106978
v -3.11725973 -0.93133490 2.00092978
v -6.18329013 -0.16845890 1.72816978
v -5.55143973 -1.13028450 2.22136978
v -5.33241973 -0.52168130 2.18394018
v -4.52416933 -2.41229410 2.15527938
v -3.51991013 -3.39540450 1.51190978
v -2.39047973 -2.51514450 1.40622978
v -3.33151973 -2.53995410 1.93844978
v -6.66413973 -1.48786450 1.57980978
v -5.66773973 -2.82085410 1.35002978
v -5.62951013 -1.98285490 1.91274978
v -7.64830053 -0.53848450 1.55496978
v -8.39604933 -1.05488450 1.39868978
v -7.68542933 -1.82707490 1.10159938
v -7.64835973 -1.21158450 1.52096018
v 8.38714027 0.27833550 1.38733058
v 8.97950027 -0.30671250 0.97728258
v 9.26211067 0.62991710 1.19211058
v 8.86096987 0.44214270 1.40704098
v 7.52666987 0.19739070 0.89628818
v 8.23258027 -0.27559250 0.84282258
v 7.91080107 0.20920270 1.20915058
v 8.63924987 -0.88094450 0.60657858
v 8.78332027 -1.30473490 0.34012178
v 9.12443067 -0.91622450 0.52692738
v 8.90992027 -0.91457410 0.61676818
v 8.14138027 -0.70450450 0.39988578
v 8.37416027 -1.19709410 0.28973138
v 8.36058987 -0.79638450 0.53044578
v -0.55508373 2.57574510 -0.70062462
v -0.64219093 2.00482590 -1.17344942
v -0.29331333 2.57883550 -1.34017022
v -0.37449333 3.19332510 -0.98487982
v -0.44551573 2.57764590 -1.03048942
v -0.28581173 2.01660590 -1.80057022
v 0.12710027 2.57866590 -1.88463982
v -0.03658853 3.19316510 -1.56824942
v -0.10156453 2.57947550 -1.62623982
v 0.24459787 2.00730590 -2.30650942
v 0.68025947 2.57284590 -2.30300942
v 0.44027307 3.19221550 -2.04498942
v 0.38965547 2.57573550 -2.11129982
v 0.90259867 1.99526590 -2.67424942
v 1.32214027 2.57243550 -2.56896942
v 1.02372107 3.19146590 -2.38215982
v 0.99277947 2.57205550 -2.45663982
v 1.63268027 1.99510590 -2.87003982
v 2.01047067 2.57284590 -2.65998942
v 1.67385067 3.19179550 -2.55683982
v 1.66331067 2.57273550 -2.63708942
v 2.38835067 1.99541550 -2.87030942
v 2.69892027 2.57287550 -2.56936942
v 2.34708027 3.19183550 -2.55685982
v 2.35766027 2.57288590 -2.63720942
v 3.11836027 1.99541550 -2.67470942
v 3.34047067 2.57287550 -2.30362942
v 2.99737067 3.19182590 -2.38260942
v 3.02838027 2.57287550 -2.45747982
v 3.77288027 1.99541550 -2.29681982
v 3.89136987 2.57287550 -1.88090942
v 3.58040987 3.19182590 -2.04598942
v 3.62974027 2.57287550 -2.11028942
v 4.30728987 1.99541550 -1.76240942
v 4.31410027 2.57287550 -1.32999982
v 4.05646027 3.19182590 -1.56994942
v 4.12075067 2.57287550 -1.61927982
v 4.68516987 1.99541550 -1.10789982
v 4.57983067 2.57287550 -0.68846062
v 4.39306987 3.19182590 -0.98690862
v 4.46794027 2.57287550 -1.01791982
v -1.02595973 1.48683550 -1.01025982
v -1.26666933 1.11828430 -1.72293982
v -0.78597253 1.53521550 -1.78124942
v -0.93561973 1.51231550 -1.42555982
v -0.93464933 1.18664670 -2.46643982
v -0.30557653 1.54579550 -2.37267982
v -0.57442933 1.54744590 -2.09397982
v -0.28134373 1.16451550 -3.03164942
v 0.37243067 1.51157550 -2.84224942
v 0.01395947 1.52990590 -2.62336942
v 0.57043067 1.12327150 -3.47749982
v 1.16386667 1.49960590 -3.15946942
v 0.75804507 1.50230590 -3.02353022
v 1.51982027 1.11713230 -3.72797982
v 2.01053067 1.49941550 -3.27109982
v 1.58365067 1.49913550 -3.24277982
v 2.50136027 1.11774590 -3.72853982
v 2.85713067 1.49962590 -3.15979982
v 2.43745067 1.49958590 -3.24319022
v 3.44965067 1.11783470 -3.47449982
v 3.64610027 1.49963550 -2.83299982
v 3.26230027 1.49963550 -3.02220942
v 4.29988027 1.11783150 -2.98361982
v 4.32360027 1.49963550 -2.31313982
v 4.00185067 1.49963550 -2.59522942
v 4.99412027 1.11739550 -2.28935982
v 4.84351067 1.49919550 -1.63557982
v 4.60568987 1.49958590 -1.99137982
v 5.48554987 1.10365790 -1.43759982
v 5.16980027 1.49704510 -0.84644142
v 5.03272027 1.49821550 -1.25167982
v -1.55019973 0.75540190 -1.41291982
v -2.03078933 0.67672670 -2.31251982
v -1.53432933 0.90742430 -2.49139022
v -1.59535973 0.83629390 -2.00517022
v -1.77073973 0.84103150 -3.29753982
v -1.01979973 0.95030270 -3.19636942
v -1.33509973 0.94528270 -2.87454942
v -0.97612933 0.83940670 -3.98663982
v -0.15432133 0.90018190 -3.77159982
v -0.61857493 0.92848350 -3.49730942
v 0.11975067 0.80107150 -4.57069982
v 0.88944747 0.87893710 -4.18431022
v 0.35255627 0.88453230 -4.00553982
v 1.36528027 0.79476510 -4.90256942
v 2.01058027 0.87814350 -4.33208942
v 1.44530027 0.87768750 -4.29447982
v 2.65602027 0.79560750 -4.90333982
v 3.13178027 0.87854750 -4.18477982
v 2.57596027 0.87846350 -4.29519982
v 3.90310027 0.79570590 -4.56923982
v 4.17667067 0.87856350 -3.75197982
v 3.66838027 0.87856590 -4.00255982
v 5.02122027 0.79570030 -3.92368942
v 5.07394027 0.87856190 -3.06347982
v 4.64782027 0.87856190 -3.43706942
v 5.93435067 0.79333870 -3.01131982
v 5.76369067 0.86461550 -2.16540942
v 5.44766027 0.87716670 -2.63727982
v 6.59464027 0.70835390 -1.90707902
v 6.19033067 0.78506670 -1.11176942
v 6.01656987 0.83169470 -1.65464942
v -2.79828933 0.42688670 -2.16009022
v -3.44848933 0.81696670 -3.02473022
v -2.52595973 0.81389950 -3.27155982
v -2.68811973 0.67232030 -2.69553022
v -2.72421973 1.08561790 -4.10539022
v -1.83481973 0.91657790 -4.08953022
v -2.23881973 0.88933950 -3.71695982
v -1.67941973 1.13604590 -4.91173982
v -0.75390533 0.89391550 -4.82747982
v -1.33388933 0.91126270 -4.46698942
v -0.32912933 1.12095150 -5.66048942
v 0.57301067 0.87814190 -5.36838942
v -0.11238613 0.88283790 -5.13501982
v 1.21055067 1.11597390 -6.07828942
v 2.01054027 0.87745710 -5.55915982
v 1.28519067 0.87703150 -5.51101982
v 2.81077067 1.11640590 -6.07896942
v 3.44933067 0.87782350 -5.36993022
v 2.73610027 0.87774910 -5.51167982
v 4.35684107 1.11648030 -5.66465902
v 4.79014107 0.87783710 -4.81453982
v 4.13790107 0.87783950 -5.13607982
v 5.74300987 1.11647790 -4.86434942
v 5.94152027 0.87783470 -3.93105982
v 5.39472107 0.87783470 -4.41044942
v 6.87572107 1.11371230 -3.73592942
v 6.82760107 0.85015070 -2.80260942
v 6.42117067 0.87506670 -3.38654942
v 7.71164987 1.00779150 -2.46584942
v 7.50452987 0.57891150 -1.65405982
v 7.16544987 0.77428590 -2.20926942
v -4.60467973 0.81479390 -2.52513982
v -4.78501973 1.59382590 -3.28891982
v -3.71143973 1.30743790 -3.92357982
v -4.19244933 1.11200430 -3.21319982
v -3.60073893 1.89609550 -4.68403022
v -2.64028933 1.47964590 -4.85020942
v -3.20199973 1.42251150 -4.43497022
v -2.26683973 1.98559550 -5.60554942
v -1.28685973 1.50322590 -5.73671982
v -1.99930933 1.50087550 -5.29664942
v -0.66350933 1.99572590 -6.46059982
v 0.29912507 1.49870590 -6.39283982
v -0.51644053 1.50115550 -6.11088942
v 1.09760587 1.99387550 -6.93781022
v 2.01056027 1.49775550 -6.62192942
v 1.14668427 1.49775550 -6.56428942
v 2.92405067 1.99367550 -6.93935982
v 3.72437067 1.49785550 -6.39645902
v 2.87479067 1.49782590 -6.56535902
v 4.68895067 1.99369550 -6.46643982
v 5.32149067 1.49787550 -5.73487982
v 4.54457067 1.49787550 -6.11787902
v 6.27131067 1.99369550 -5.55284862
v 6.69296987 1.49786590 -4.68250942
v 6.04164027 1.49786590 -5.25353982
v 7.56751067 1.99163550 -4.26139982
v 7.77101067 1.47220350 -3.33383982
v 7.26656987 1.49530590 -4.03345902
v 8.62232027 1.90728590 -2.69120942
v 8.59398987 1.09530350 -1.94355982
v 8.21596027 1.39009630 -2.61688942
v -5.63423013 2.18513550 -2.29433022
v -5.07471973 3.06241550 -3.28363982
v -4.45060933 2.41191550 -4.20652942
v -5.06277013 2.29411550 -3.34015022
v -3.92188933 3.15369550 -4.82174942
v -3.20241973 2.54283550 -5.32443982
v -3.84901973 2.49438590 -4.82826942
v -2.52132933 3.19182590 -5.89623982
v -1.62590933 2.57188590 -6.28901982
v -2.45225973 2.56512590 -5.81967022
v -0.79541973 3.19268590 -6.76743982
v 0.13868667 2.57246590 -6.98670062
v -0.76002533 2.57314590 -6.68625022
v 1.05613467 3.19184590 -7.25223982
v 2.01073067 2.57186590 -7.23471982
v 1.06682667 2.57200590 -7.17150942
v 2.96555067 3.19182590 -7.25391982
v 3.88314107 2.57183550 -6.98889982
v 2.95490027 2.57182590 -7.17326942
v 4.81048107 3.19182590 -6.75983982
v 5.62819067 2.57183550 -6.26609022
v 4.77930027 2.57183550 -6.68456942
v 6.46464027 3.19182590 -5.80478942
v 7.12670027 2.57183550 -5.11623022
v 6.41504107 2.57183550 -5.74015902
v 7.81926027 3.19145550 -4.45411982
v 8.32358107 2.55997550 -3.61678942
v 7.75532987 2.57065550 -4.40448942
v 8.89898027 3.18054510 -2.79828942
v 9.27952027 2.50184510 -1.86142942
v 8.84845067 2.53228590 -2.76492942
v -5.28089013 3.76411550 -2.09757022
v -4.51979973 4.39325550 -2.78461022
v -4.35891973 3.79067550 -3.92042942
v -4.86565013 3.77496590 -3.06399982
v -3.56879013 4.39914590 -4.34741982
v -3.18805973 3.81416590 -5.24567982
v -3.81176933 3.80503550 -4.63381982
v -2.26980933 4.39410590 -5.57156942
v -1.62705973 3.81348590 -6.28824942
v -2.44896933 3.81562590 -5.80069982
v -0.66702533 4.38986590 -6.46534942
v 0.13796747 3.81176590 -6.98813022
v -0.76172933 3.81216590 -6.68913982
v 1.09731387 4.38983550 -6.93840942
v 2.01070027 3.81178590 -7.23477022
v 1.06665867 3.81171630 -7.17187982
v 2.92405067 4.38995550 -6.93931982
v 3.88314107 3.81181550 -6.98889022
v 2.95490027 3.81181550 -7.17324942
v 4.68895067 4.38995550 -6.46643982
v 5.62819067 3.81181550 -6.26609022
v 4.77930027 3.81181550 -6.68456942
v 6.27131067 4.38995550 -5.55284862
v 7.12670027 3.81181550 -5.11623022
v 6.41504107 3.81181550 -5.74015902
v 7.56404027 4.38995550 -4.26084942
v 8.30003067 3.81144510 -3.61766942
v 7.75297067 3.81177550 -4.40456942
v 8.50032987 4.38995550 -2.67847902
v 9.12669067 3.81032510 -1.87242942
v 8.77022987 3.81068510 -2.76865902
v -4.40378933 4.89161550 -1.72303022
v -3.65356933 5.26679550 -2.34497982
v -3.72583013 4.89531550 -3.33476942
v -4.11607013 4.89389550 -2.55263022
v -2.85347973 5.26764590 -3.73243982
v -2.67756933 4.89047550 -4.69006942
v -3.24571013 4.89365550 -4.04901022
v -1.72190933 5.26677630 -4.86306942
v -1.29947973 4.88602590 -5.73273022
v -2.02367973 4.88774590 -5.25433022
v -0.33512133 5.26689630 -5.66371022
v 0.29737547 4.88560590 -6.39525982
v -0.52179413 4.88549550 -6.11563022
v 1.21020027 5.26717630 -6.07884942
v 2.01050027 4.88577630 -6.62199982
v 1.14634427 4.88571630 -6.56487982
v 2.81077067 5.26717630 -6.07893982
v 3.72438107 4.88578590 -6.39643982
v 2.87480027 4.88578590 -6.56531982
v 4.35684107 5.26717630 -5.66465902
v 5.32149067 4.88578590 -5.73487982
v 4.54457067 4.88578590 -6.11787902
v 5.74300987 5.26717630 -4.86434942
v 6.69296987 4.88578590 -4.68250942
v 6.04164027 4.88578590 -5.25353982
v 6.87482027 5.26717550 -3.73254942
v 7.74607067 4.88578590 -3.31102942
v 7.26407067 4.88578590 -4.03117982
v 7.67512027 5.26717550 -2.34637902
v 8.41084027 4.88578590 -1.71391902
v 8.13068027 4.88578590 -2.53410942
v -3.35723013 5.50246590 -1.43612942
v -2.55837013 5.58672510 -1.89108942
v -2.80358933 5.50354590 -2.77561022
v -3.12436933 5.50297550 -2.12360942
v -1.91315973 5.58712510 -3.00946942
v -1.92011973 5.50447550 -3.92943982
v -2.39964933 5.50402590 -3.38123982
v -1.00009973 5.58761550 -3.92343982
v -0.76884933 5.50538590 -4.81405982
v -1.37330933 5.50495630 -4.40961982
v 0.11785467 5.58792590 -4.56919982
v 0.57163067 5.50580590 -5.36989902
v -0.11678453 5.50566590 -5.13586942
v 1.36491067 5.58796590 -4.90339982
v 2.01046027 5.50582590 -5.55935902
v 1.28482027 5.50583550 -5.51171982
v 2.65601067 5.58795550 -4.90338942
v 3.44933067 5.50581550 -5.36991902
v 2.73609067 5.50581550 -5.51168942
v 3.90310027 5.58795550 -4.56922942
v 4.79014107 5.50581550 -4.81453982
v 4.13790107 5.50581550 -5.13607902
v 5.02122027 5.58795550 -3.92368942
v 5.94152027 5.50581550 -3.93105982
v 5.39472107 5.50581550 -4.41044942
v 5.93414987 5.58795550 -3.01074942
v 6.82499947 5.50581550 -2.77967902
v 6.42090987 5.50581550 -3.38425902
v 6.57970027 5.58795550 -1.89263902
v 7.38038107 5.50581550 -1.43886942
v 7.14654027 5.50581550 -2.12742942
v -2.17421013 5.50483550 -1.12119982
v -1.46403013 5.26579550 -1.43911982
v -1.74155973 5.50486590 -2.16587982
v -1.99207013 5.50483550 -1.65765982
v -0.97314933 5.26579550 -2.28936942
v -1.05297973 5.50496510 -3.06339982
v -1.42661973 5.50490590 -2.63711982
v -0.27893973 5.26581550 -2.98362942
v -0.15573973 5.50509550 -3.75197982
v -0.62686453 5.50503550 -3.43705982
v 0.57127227 5.26582590 -3.47450942
v 0.88914907 5.50509550 -4.18478942
v 0.35254667 5.50510510 -4.00255982
v 1.51958027 5.26582590 -3.72859982
v 2.01046027 5.50509550 -4.33240942
v 1.44498027 5.50509550 -4.29526942
v 2.50134027 5.26582590 -3.72859982
v 3.13177067 5.50509550 -4.18478942
v 2.57595067 5.50509550 -4.29526942
v 3.44965067 5.26582590 -3.47449902
v 4.17667067 5.50509550 -3.75197982
v 3.66837067 5.50509550 -4.00254942
v 4.29988027 5.26582590 -2.98361902
v 5.07394027 5.50509550 -3.06347982
v 4.64782027 5.50509550 -3.43706942
v 4.99408987 5.26582590 -2.28940942
v 5.76244027 5.50509550 -2.16620942
v 5.44752987 5.50509550 -2.63735982
v 5.48496987 5.26582590 -1.43918942
v 6.19524987 5.50509550 -1.12130942
v 6.01302027 5.50509550 -1.65790942
v -1.14951973 4.88404590 -0.84632382
v -0.66496053 4.38827550 -1.10623982
v -0.82257973 4.88403550 -1.63534942
v -1.01183973 4.88404590 -1.25147982
v -0.28646533 4.38816590 -1.76134942
v -0.30263653 4.88403550 -2.31301982
v -0.58475253 4.88403550 -1.99117982
v 0.24813627 4.38817550 -2.29648942
v 0.37483147 4.88401550 -2.83299982
v 0.01910347 4.88402510 -2.59517982
v 0.90257947 4.38821550 -2.67467982
v 1.16379307 4.88402510 -3.15980942
v 0.75862107 4.88401550 -3.02221982
v 1.63258027 4.38824510 -2.87031982
v 2.01046027 4.88402510 -3.27126942
v 1.58348027 4.88402510 -3.24322942
v 2.38835067 4.38823550 -2.87030942
v 2.85713067 4.88402510 -3.15979902
v 2.43744027 4.88402510 -3.24321902
v 3.11836027 4.38823550 -2.67470942
v 3.64610027 4.88402510 -2.83299982
v 3.26230027 4.88402510 -3.02219902
v 3.77288027 4.38823550 -2.29681982
v 4.32360027 4.88402510 -2.31313982
v 4.00185067 4.88402510 -2.59522942
v 4.30728987 4.38823550 -1.76240942
v 4.84346987 4.88402510 -1.63563902
v 4.60568987 4.88402510 -1.99138942
v 4.68516987 4.38823550 -1.10789902
v 5.17026987 4.88402510 -0.84666622
v 5.03266987 4.88402510 -1.25183982
v -0.56188293 3.81132590 -0.68496382
v -0.29425573 3.81073550 -1.32652942
v -0.44899253 3.81098510 -1.01402942
v 0.12955387 3.81064590 -1.87923982
v -0.10023733 3.81064590 -1.61665982
v 0.68060027 3.81063550 -2.30318942
v 0.39133547 3.81063550 -2.10933982
v 1.32202027 3.81075550 -2.56934942
v 0.99261707 3.81069550 -2.45731982
v 2.01046027 3.81078590 -2.66000942
v 1.66326027 3.81078590 -2.63721982
v 2.69892027 3.81077550 -2.56936942
v 2.35766027 3.81077550 -2.63719982
v 3.34047067 3.81077550 -2.30362942
v 3.02838027 3.81077550 -2.45747982
v 3.89136987 3.81077550 -1.88090942
v 3.62974027 3.81077550 -2.11028942
v 4.31410027 3.81077550 -1.32999982
v 4.12075067 3.81077550 -1.61927982
v 4.57983067 3.81077550 -0.68846062
v 4.46794027 3.81077550 -1.01791982
v -2.14981973 0.00235950 -1.40609982
v -3.07865973 -0.41670610 -1.85805982
v -3.92643013 0.16722830 -2.15013982
v -2.95621973 0.04528430 -1.88903982
v -5.08843973 -0.05057650 -2.06785022
v -5.67897973 0.64835950 -1.79577022
v -4.87002933 0.40153870 -2.15085022
v -2.20799013 -0.96982450 -1.45107022
v -3.17012933 -1.61448450 -2.09815022
v -4.24599013 -0.80204450 -2.28237022
v -3.11725973 -0.93133410 -2.00093022
v -5.55143973 -1.13028450 -2.22137022
v -6.18329013 -0.16845810 -1.72817022
v -5.33241973 -0.52168130 -2.18393982
v -2.39047973 -2.51514450 -1.40623022
v -3.51991013 -3.39540450 -1.51191022
v -4.52416933 -2.41229410 -2.15527982
v -3.33151973 -2.53995410 -1.93845022
v -5.66773973 -2.82085410 -1.35003022
v -6.66413973 -1.48786450 -1.57981022
v -5.62951013 -1.98285490 -1.91275022
v -7.68542933 -1.82707490 -1.10160062
v -8.39604933 -1.05488450 -1.39869022
v -7.64830053 -0.53848450 -1.55497022
v -7.64835973 -1.21158450 -1.52096062
v 9.26211067 0.62991790 -1.19210942
v 8.97950027 -0.30671250 -0.97728142
v 8.38714027 0.27833550 -1.38732942
v 8.86096987 0.44214270 -1.40703982
v 8.23258027 -0.27559250 -0.84282142
v 7.52666987 0.19739070 -0.89628782
v 7.91080107 0.20920270 -1.20914942
v 9.12443067 -0.91622450 -0.52692622
v 8.78332027 -1.30473490 -0.34012062
v 8.63924987 -0.88094450 -0.60657742
v 8.90992027 -0.91457410 -0.61676782
v 8.37416027 -1.19709410 -0.28973022
v 8.14138027 -0.70450450 -0.39988462
v 8.36058987 -0.79638450 -0.53044462
v -0.54992773 3.19315550 0.33571538
v -0.80611973 1.98675550 0.41515218
v -0.64045493 2.57165550 0.00000018
v -0.61953573 2.57310510 0.35453058
v 4.56732027 3.19182590 0.33661778
v 4.67047067 2.57287550 0.00000018
v 4.88078027 1.99541550 0.37788418
v 4.64766027 2.57287550 0.34719458
v -1.30063013 1.03980430 0.64207618
v -1.06967013 1.45941150 0.00000018
v -1.06333013 1.46727230 0.52451058
v 5.27897067 1.49579550 0.00000018
v 5.72030987 1.08301230 0.48934178
v 5.25181067 1.49615550 0.42682578
v -1.56831973 0.38846990 0.76759778
v -1.39053013 0.69921630 0.00000018
v -1.44521973 0.71153070 0.72608498
v 6.25220027 0.74262030 0.00000018
v 6.80720027 0.47271470 0.57142258
v 6.24564027 0.75380430 0.55468338
v -6.12461973 1.35648030 1.11058018
v -5.91623973 3.01482510 1.15324018
v -6.24342933 2.16659550 0.00000018
v -6.07141973 2.16315550 1.16446978
v 9.49778027 1.72323550 0.85379698
v 9.63452027 2.54374510 0.00000098
v 9.53180987 3.18416510 0.95336578
v 9.54718107 2.52426590 0.93454658
v -5.06079973 4.38798510 0.95202418
v -5.63725973 3.76448510 0.00000018
v -5.54529013 3.76280510 1.06492018
v 9.39833067 3.81166590 0.00000098
v 8.99594027 4.38995550 0.91358178
v 9.33333067 3.81104510 0.94423298
v -4.06807973 5.26510510 0.79858818
v -4.63377013 4.89089550 0.00000018
v -4.57653973 4.89084510 0.86763298
v 8.63720987 4.88578590 0.00000098
v 8.08939067 5.26717550 0.80030738
v 8.58036987 4.88578590 0.86433778
v -2.89177013 5.58649550 0.64507858
v -3.54559013 5.50212510 0.00000018
v -3.49823013 5.50219550 0.72422098
v 7.56981067 5.50581550 0.00000098
v 6.91384987 5.58795550 0.64554498
v 7.52215067 5.50581550 0.72562898
v -1.71814933 5.26579550 0.49086018
v -2.32176933 5.50482510 0.00000018
v -2.28463973 5.50482510 0.56544818
v 6.34288027 5.50509550 0.00000098
v 5.73906027 5.26582590 0.49088098
v 6.30573067 5.50509550 0.56548338
v -0.86137973 4.38847550 0.37698338
v -1.26115013 4.88403550 0.00000018
v -1.23304933 4.88403550 0.42677138
v 5.28172987 4.88402510 0.00000098
v 4.88078027 4.38823550 0.37788418
v 5.25369067 4.88402510 0.42697938
v -0.65389973 3.81177550 0.00000018
v -0.63065653 3.81163550 0.34515058
v 4.67047067 3.81077550 0.00000018
v 4.64766027 3.81077550 0.34719458
v -1.78528933 -0.49225170 0.72807618
v -1.57863973 -0.03463250 0.00000018
v -1.70797973 -0.02537970 0.74156418
v -6.44949973 0.79022190 0.00000018
v -6.39467973 0.37576350 0.93786498
v -6.24043013 0.76422350 1.00134018
v -6.68959013 0.28079470 0.00000018
v -6.99407973 0.01780910 0.97695618
v -6.59177973 0.14748750 0.94942898
v -1.74219973 -1.65060450 0.77805698
v -1.62203013 -0.99761410 0.00000018
v -1.74095973 -0.98979410 0.75897538
v -2.57513973 -3.41488450 0.72016578
v -1.90844933 -2.59929410 0.00000018
v -1.98111013 -2.56412450 0.73693698
v -4.74495973 -3.89461490 0.86633858
v -3.60381973 -4.04557490 0.00000018
v -3.58721973 -3.89220450 0.82628498
v -6.71989013 -2.71758450 0.52659778
v -5.78321013 -3.60708450 -0.00000062
v -5.73909893 -3.39593410 0.69383138
v -7.74937013 0.12881150 0.00000018
v -8.42661973 -0.30690130 0.90318898
v -7.71809973 -0.05401970 0.95352898
v -8.64189013 -1.61180450 0.72531058
v -7.90329013 -2.26294450 -0.00000062
v -7.82373973 -2.16647410 0.58161298
v -8.92057973 -0.83887410 -0.00000062
v -8.80136933 -0.91153410 0.84876258
v 9.46468987 -0.25506130 0.46561458
v 9.59807067 0.73386430 0.00000098
v 9.51442107 0.71361550 0.66601458
v 7.31394987 0.17986350 0.00000018
v 7.78510027 -0.18134530 0.33115458
v 7.35317067 0.18596830 0.46878018
v 8.95311067 -1.32058450 0.18995538
v 9.27094027 -0.94488450 0.00000018
v 9.23713067 -0.93606450 0.29922978
v 8.00991067 -0.67004450 0.00000018
v 8.19295067 -1.11975490 0.13956578
v 8.03517067 -0.67522450 0.21290578
v 8.35752027 -1.38859490 0.00000018
v 8.54731067 -1.45872450 0.13564578
v 8.36298027 -1.36344450 0.12455218
v 8.72593067 -1.49323490 0.00000018
v 8.73188027 -1.46673410 0.14854178
v -0.80611973 1.98675550 -0.41515182
v -0.54992773 3.19315550 -0.33571502
v -0.61953573 2.57310510 -0.35452942
v 4.88078027 1.99541550 -0.37788382
v 4.56732027 3.19182590 -0.33661662
v 4.64766027 2.57287550 -0.34719342
v -1.30063013 1.03980430 -0.64207582
v -1.06333013 1.46727230 -0.52451022
v 5.72030987 1.08301230 -0.48934062
v 5.25181067 1.49615550 -0.42682462
v -1.56831973 0.38846990 -0.76759822
v -1.44521973 0.71153070 -0.72608462
v 6.80720027 0.47271550 -0.57142142
v 6.24564027 0.75380430 -0.55468222
v -5.91623973 3.01482510 -1.15323982
v -6.12461973 1.35648030 -1.11057982
v -6.07141973 2.16315550 -1.16447022
v 9.53180987 3.18416510 -0.95336382
v 9.49778027 1.72323550 -0.85379502
v 9.54718107 2.52426590 -0.93454542
v -5.06079973 4.38798510 -0.95202382
v -5.54529013 3.76280510 -1.06491982
v 8.99594027 4.38995550 -0.91358062
v 9.33333067 3.81104510 -0.94423102
v -4.06807973 5.26510510 -0.79858782
v -4.57653973 4.89084510 -0.86763262
v 8.08939067 5.26717550 -0.80030622
v 8.58036987 4.88578590 -0.86433582
v -2.89177013 5.58649550 -0.64507742
v -3.49823013 5.50219550 -0.72422062
v 6.91384987 5.58795550 -0.64554302
v 7.52215067 5.50581550 -0.72562702
v -1.71814933 5.26579550 -0.49085982
v -2.28463973 5.50482510 -0.56544782
v 5.73906027 5.26582590 -0.49087902
v 6.30573067 5.50509550 -0.56548222
v -0.86137973 4.38847550 -0.37698302
v -1.23304933 4.88403550 -0.42677102
v 4.88078027 4.38823550 -0.37788382
v 5.25369067 4.88402510 -0.42697822
v -0.63065653 3.81163550 -0.34514942
v 4.64766027 3.81077550 -0.34719342
v -1.78528933 -0.49225170 -0.72807582
v -1.70797973 -0.02537970 -0.74156382
v -6.39467973 0.37576350 -0.93786542
v -6.24043013 0.76422350 -1.00133982
v -6.99407973 0.01780990 -0.97695582
v -6.59177973 0.14748750 -0.94942942
v -1.74219973 -1.65060450 -0.77805662
v -1.74095973 -0.98979410 -0.75897502
v -2.57513973 -3.41488450 -0.72016622
v -1.98111013 -2.56412450 -0.73693742
v -4.74495973 -3.89461490 -0.86633902
v -3.58721973 -3.89220450 -0.82628542
v -6.71989013 -2.71758450 -0.52659822
v -5.73909893 -3.39593410 -0.69383182
v -8.42661973 -0.30690130 -0.90318942
v -7.71809973 -0.05401970 -0.95352942
v -8.64189013 -1.61180450 -0.72531102
v -7.82373973 -2.16647410 -0.58161342
v -8.80136933 -0.91153410 -0.84876302
v 9.46468987 -0.25506130 -0.46561342
v 9.51442107 0.71361470 -0.66601342
v 7.78510027 -0.18134530 -0.33115342
v 7.35317067 0.18596830 -0.46877982
v 8.95311067 -1.32058450 -0.18995422
v 9.23713067 -0.93606450 -0.29922862
v 8.19295067 -1.11975490 -0.13956462
v 8.03517067 -0.67522450 -0.21290462
v 8.54731067 -1.45872450 -0.13564462
v 8.36298027 -1.36344450 -0.12455182
v 8.73188027 -1.46673410 -0.14854062
v -0.43438773 3.19338510 0.82709458
v -0.39280693 2.88266510 0.99704098
v -0.50582693 2.57680510 0.86787458
v -0.50214053 2.88217550 0.67523698
v -0.45281493 2.88249550 0.83803618
v -0.30442453 3.19324590 1.13855058
v -0.24224053 2.88282590 1.30131058
v -0.37454613 2.57830510 1.18806018
v -0.32249013 2.88276510 1.15166018
v -0.37566693 2.28685550 1.40629058
v -0.57065493 2.00900510 1.34162018
v -0.52963813 2.28333550 1.08828018
v -0.45809893 2.28526590 1.25047058
v -0.70160053 2.00023550 0.99694658
v -0.63858853 2.27866590 0.74506338
v -0.58992213 2.28112590 0.91978418
v -0.13510373 3.19317550 1.43087058
v -0.05342293 2.88294510 1.58332018
v -0.20221413 2.57926510 1.48640018
v -0.15243253 2.88291550 1.44539058
v 0.07062907 3.19310590 1.69894018
v 0.17078107 2.88245550 1.83834018
v 0.00831307 2.57932590 1.75916018
v 0.05443387 2.88281550 1.71450018
v 0.05623947 2.28755550 1.96148018
v -0.16852613 2.01668510 1.93864978
v -0.17952453 2.28871550 1.69825058
v -0.06643893 2.28860590 1.83364018
v -0.39216693 2.01514510 1.65496978
v -0.28270453 2.28806590 1.55567058
v 0.30956587 3.19261550 1.93783058
v 0.42719707 2.88088590 2.06182018
v 0.25447707 2.57735550 2.00214978
v 0.29526267 2.88175550 1.95425058
v 0.57765627 3.19183550 2.14341058
v 0.71069787 2.87940510 2.25040018
v 0.53184507 2.57412510 2.21172018
v 0.56590347 2.88004590 2.16067058
v 0.63042427 2.27744510 2.38965058
v 0.39977307 2.00271550 2.41252018
v 0.32850347 2.28259550 2.19300978
v 0.47622347 2.27977550 2.29589058
v 0.09741307 2.01172510 2.19188978
v 0.18819787 2.28537550 2.08140018
v 0.87000587 3.19144510 2.31235058
v 1.01589227 2.87912510 2.40096018
v 0.83410827 2.57221550 2.38479058
v 0.86090187 2.87912510 2.33061058
v 1.18161147 3.19156510 2.44179058
v 1.33774987 2.87946510 2.51072018
v 1.15566107 2.57218510 2.51816978
v 1.17504747 2.87926510 2.46111058
v 1.29654987 2.27583550 2.66447058
v 1.08003227 1.99487550 2.74080018
v 0.95485707 2.27564510 2.54811058
v 1.12385547 2.27562510 2.61180018
v 0.72965147 1.99645550 2.59692978
v 0.79017387 2.27616510 2.47389058
v 1.50736027 3.19174510 2.52933058
v 1.67118027 2.87967550 2.57722018
v 1.49161067 2.57261550 2.60864018
v 1.50336987 2.87959550 2.54945058
v 1.84178987 3.19181550 2.57342018
v 2.01046987 2.87974510 2.59956018
v 1.83652027 2.57280510 2.65423058
v 1.84046027 2.87972510 2.59395058
v 2.01048027 2.27631550 2.75894018
v 1.82118027 1.99522510 2.88874018
v 1.65042027 2.27614510 2.73513058
v 1.83006027 2.27624510 2.75294018
v 1.44578987 1.99499550 2.83907058
v 1.47232987 2.27600510 2.70561058
v 2.17912987 3.19182510 2.57342018
v 2.34976987 2.87976510 2.57728018
v 2.18442987 2.57287550 2.65428018
v 2.18048027 2.87975550 2.59397058
v 2.51358987 3.19182510 2.52938018
v 2.68328027 2.87975550 2.51098018
v 2.52940027 2.57288510 2.60887058
v 2.51760987 2.87976510 2.54958018
v 2.72454027 2.27636510 2.66497058
v 2.57526987 1.99542510 2.83948018
v 2.37056987 2.27636510 2.73533058
v 2.54870987 2.27637550 2.70594018
v 2.19982027 1.99538510 2.88888018
v 2.19090987 2.27635550 2.75303058
v 2.83942987 3.19182510 2.44207058
v 3.00524987 2.87975550 2.40164018
v 2.86548027 2.57287550 2.51882018
v 2.84604987 2.87975550 2.46158018
v 3.15110027 3.19182510 2.31298018
v 3.31024027 2.87975550 2.25129058
v 3.18694027 2.57287550 2.38566018
v 3.16020987 2.87975550 2.33145058
v 3.38994987 2.27636510 2.38934018
v 3.29094027 1.99541550 2.59654018
v 3.06626027 2.27636510 2.54892018
v 3.23072027 2.27636510 2.47442018
v 2.94106027 1.99541550 2.74146018
v 2.89728987 2.27636510 2.61253058
v 3.44324027 3.19182590 2.14431058
v 3.59294027 2.87975550 2.06233058
v 3.48826027 2.57287550 2.21169058
v 3.45468027 2.87975550 2.16143058
v 3.71088027 3.19182590 1.93895058
v 3.84862987 2.87975550 1.83817058
v 3.76431067 2.57287550 1.99987058
v 3.72445067 2.87975550 1.95443058
v 3.96134987 2.27636590 1.95089058
v 3.91934027 1.99541550 2.17665058
v 3.68998987 2.27636510 2.18880018
v 3.82956027 2.27636590 2.07428018
v 3.61888987 1.99541550 2.40719058
v 3.54324987 2.27636510 2.29398018
v 3.94940987 3.19182590 1.70041058
v 4.07279067 2.87975550 1.58248018
v 4.01034027 2.57287550 1.75385058
v 3.96488987 2.87975550 1.71399058
v 4.15476987 3.19182590 1.43278018
v 4.26175067 2.87975550 1.29978018
v 4.22215067 2.57287550 1.47780018
v 4.17188987 2.87975550 1.44422018
v 4.39980987 2.27636590 1.37949058
v 4.41765067 1.99541550 1.60843058
v 4.19926987 2.27636590 1.67953058
v 4.30444027 2.27636590 1.53278018
v 4.18711067 1.99541550 1.90888018
v 4.08474987 2.27636590 1.81910018
v 4.32344027 3.19182590 1.14064018
v 4.41210027 2.87975550 0.99479058
v 4.39612027 2.57287550 1.17648018
v 4.34191067 2.87975550 1.14975058
v 4.45254027 3.19182590 0.82896978
v 4.52144027 2.87975550 0.67281618
v 4.52928027 2.57287550 0.85501938
v 4.47204027 2.87975550 0.83558978
v 4.67542987 2.27636590 0.71407618
v 4.75192027 1.99541550 0.93059778
v 4.55938027 2.27636590 1.05580018
v 4.62299067 2.27636590 0.88683138
v 4.60700027 1.99541550 1.28047058
v 4.48488027 2.27636590 1.22025058
v -0.78019493 1.74719550 1.28906978
v -0.98797013 1.49934510 1.22648018
v -0.88123973 1.73072590 0.90325618
v -0.83737013 1.73892510 1.10254018
v -0.62594293 1.76149550 1.62943058
v -0.86845013 1.52464510 1.60974018
v -0.70972053 1.75492510 1.46422978
v -0.96149973 1.33514270 1.94996018
v -1.21749013 1.14209870 1.93514018
v -1.10045973 1.30205550 1.57336978
v -1.03999013 1.31982430 1.76956018
v -1.29671013 1.09382670 1.48906018
v -1.17237973 1.26621630 1.12278978
v -1.14417013 1.28359710 1.35868018
v -0.41893653 1.76910510 1.93444018
v -0.68772613 1.54291550 1.94235058
v -0.52885813 1.76632510 1.78606018
v -0.16247893 1.76740510 2.20783058
v -0.44680693 1.54850510 2.23710018
v -0.29665253 1.76955550 2.07492018
v -0.46633413 1.35173630 2.55874018
v -0.79713973 1.18970910 2.61776018
v -0.74782373 1.35287710 2.27327058
v -0.61497253 1.35479150 2.41982978
v -1.05179013 1.17761230 2.30418978
v -0.86371973 1.34624350 2.11726018
v 0.13879387 1.75568510 2.45138018
v -0.15146373 1.53901550 2.50166018
v -0.01688693 1.76235550 2.33350018
v 0.47510987 1.74252510 2.66162978
v 0.18911467 1.52018510 2.73712978
v 0.30323547 1.74864510 2.56094018
v 0.25595387 1.30898110 3.04748018
v -0.08185573 1.15043870 3.15669058
v -0.12704293 1.33212750 2.81821058
v 0.05991627 1.31991150 2.93704978
v -0.46848053 1.17743870 2.89943058
v -0.30307493 1.34345870 2.69182018
v 0.83647947 1.73631550 2.83396018
v 0.56232907 1.50581550 2.93805058
v 0.65308747 1.73857550 2.75290018
v 1.21674987 1.73490510 2.96218018
v 0.95881307 1.50043550 3.09766978
v 1.02459627 1.73525550 2.90398978
v 1.10366107 1.29279630 3.38413058
v 0.80127707 1.11997230 3.56186018
v 0.66884587 1.29678030 3.23928018
v 0.88395147 1.29411150 3.31819058
v 0.34561227 1.12893550 3.38088018
v 0.45922187 1.30150430 3.14862978
v 1.61026027 1.73481550 3.04050018
v 1.37244027 1.49921550 3.20790018
v 1.41224987 1.73477550 3.00774018
v 2.01050987 1.73506510 3.06703058
v 1.79664027 1.49924510 3.26391058
v 1.80996027 1.73492510 3.06031058
v 2.01054027 1.29225950 3.50353058
v 1.76468027 1.11723550 3.75227058
v 1.55334027 1.29194590 3.47318018
v 1.78146987 1.29204830 3.49580978
v 1.27698027 1.11740110 3.68796018
v 1.32710027 1.29213550 3.43586978
v 2.41080027 1.73519550 3.04084018
v 2.22442987 1.49952510 3.26414978
v 2.21108027 1.73514510 3.06050018
v 2.80430027 1.73521550 2.96264018
v 2.64864987 1.49961550 3.20836978
v 2.60882987 1.73520510 3.00818018
v 2.91730027 1.29253710 3.38436018
v 2.74416987 1.11779630 3.68851058
v 2.46780027 1.29247950 3.47366018
v 2.69400987 1.29252030 3.43637058
v 2.25646987 1.11764750 3.75261058
v 2.23964987 1.29239710 3.49610018
v 3.18418987 1.73521550 2.83363058
v 3.06196027 1.49963550 3.09763058
v 2.99634987 1.73521550 2.90435058
v 3.54404027 1.73521550 2.65623058
v 3.45730027 1.49963550 2.93388018
v 3.36702027 1.73521550 2.75081058
v 3.76234027 1.29254830 3.03434018
v 3.67383067 1.11783470 3.37296018
v 3.35126987 1.29255070 3.23698978
v 3.56012027 1.29255070 3.14238018
v 3.21932987 1.11783070 3.56122018
v 3.13668987 1.29254670 3.31777058
v 3.87758987 1.73521550 2.43329058
v 3.82786027 1.49963550 2.71993058
v 3.71446027 1.73521550 2.55021058
v 4.17926027 1.73521550 2.16880018
v 4.16734027 1.49963550 2.45944018
v 4.03274987 1.73521550 2.30598018
v 4.48799067 1.29254670 2.47753058
v 4.49012987 1.11783150 2.82752018
v 4.14337067 1.29254750 2.77966018
v 4.32062027 1.29254670 2.63423058
v 4.09985067 1.11783150 3.12699058
v 3.95702027 1.29254750 2.91323058
v 4.44374987 1.73521550 1.86713058
v 4.46990027 1.49963550 2.15688018
v 4.31644027 1.73521550 2.02229058
v 4.66669067 1.73521550 1.53357058
v 4.73040987 1.49945550 1.81738018
v 4.56068027 1.73521550 1.70399058
v 5.04496027 1.29080510 1.75167058
v 5.13761067 1.11608910 2.08918018
v 4.79014027 1.29237230 2.13289058
v 4.92376027 1.29185070 1.94647058
v 4.83798027 1.11783150 2.47967058
v 4.64469067 1.29254670 2.31016018
v 4.84408987 1.73521550 1.17373058
v 4.94442027 1.49876510 1.44673058
v 4.76127067 1.73521550 1.35655058
v 4.97310027 1.73521550 0.79383778
v 5.10798987 1.49762510 1.05129058
v 4.91481067 1.73521550 0.98588818
v 5.39294027 1.28218750 0.90593538
v 5.57068027 1.09771710 1.20681058
v 5.24768027 1.28687710 1.34017058
v 5.32783067 1.28450110 1.12541058
v 5.38421067 1.10912110 1.66234018
v 5.15316027 1.28906350 1.54924018
v -1.42623973 0.96287470 1.86471058
v -1.58383973 0.79384750 1.72208018
v -1.42866933 0.90440350 1.32528018
v -1.43634933 0.93215470 1.60754018
v -1.33573973 1.01941550 2.30814978
v -1.58063013 0.87505710 2.26175058
v -1.39411973 0.99311150 2.09788978
v -1.74817973 0.82895470 2.67898978
v -2.02641973 0.74052110 2.60848978
v -1.79021973 0.73901150 2.15080018
v -1.78779973 0.79012910 2.43064018
v -2.00045973 0.58929630 1.98905058
v -1.69675973 0.61403950 1.50148978
v -1.75991973 0.67416750 1.84067058
v -1.13043973 1.04999950 2.66757058
v -1.45119013 0.93068350 2.69364018
v -1.24687973 1.03833630 2.49658018
v -0.82633013 1.05206110 2.97484018
v -1.18999973 0.95167230 3.04010978
v -0.98929013 1.05453230 2.82552018
v -1.21941973 0.88382510 3.42210018
v -1.61143973 0.85254510 3.47768978
v -1.54857013 0.87484350 3.08524018
v -1.39785973 0.88353950 3.25850978
v -1.89617973 0.81931550 3.09878018
v -1.66689013 0.85692030 2.89463058
v -0.44608053 1.02923230 3.25942018
v -0.82841973 0.94162510 3.34933058
v -0.64444053 1.04271310 3.11992018
v -0.00973813 1.00084430 3.51632978
v -0.39297013 0.91372030 3.63862978
v -0.23369573 1.01436110 3.39200018
v -0.30344053 0.83762350 4.03479058
v -0.72328613 0.82690430 4.14838978
v -0.79615013 0.86447230 3.74112018
v -0.55704533 0.85055550 3.89221058
v -1.21033973 0.84972830 3.81904978
v -1.01789973 0.87651630 3.58368978
v 0.46434347 0.98530910 3.73450018
v 0.09465787 0.89071150 3.89452018
v 0.22334347 0.99142430 3.63105058
v 0.96528347 0.97981950 3.90088978
v 0.61795707 0.88086670 4.10276018
v 0.71205787 0.98170510 3.82500978
v 0.81096507 0.81712270 4.47776978
v 0.42175867 0.79769390 4.68254018
v 0.23703547 0.82257470 4.28584978
v 0.52063627 0.81900990 4.39022978
v -0.17299653 0.80664350 4.44292978
v -0.03820213 0.82853710 4.16669058
v 1.48358027 0.97856510 4.00346018
v 1.16561307 0.87796510 4.24832018
v 1.22280987 0.97885710 3.96046978
v 2.01056987 0.97896830 4.03848978
v 1.72734027 0.87783550 4.32251058
v 1.74652027 0.97868750 4.02957058
v 2.01058027 0.81643550 4.63616018
v 1.68722027 0.79494590 4.93458978
v 1.40564027 0.81594030 4.59590018
v 1.70746027 0.81611150 4.62590978
v 1.04614107 0.79498830 4.84970978
v 1.10638587 0.81618830 4.54642018
v 2.53764027 0.97926430 4.00410978
v 2.29386027 0.87834430 4.32293058
v 2.27464987 0.97915470 4.02994978
v 3.05578027 0.97934510 3.90116978
v 2.85568027 0.87852350 4.24908978
v 2.79838987 0.97932110 3.96112018
v 3.21046987 0.81685230 4.47849058
v 2.97534027 0.79566590 4.85069058
v 2.61564987 0.81676830 4.59667058
v 2.91499067 0.81682910 4.54732018
v 2.33396987 0.79548510 4.93501058
v 2.31374987 0.81664590 4.62634018
v 3.55602027 0.97936350 3.73130018
v 3.40304987 0.87856110 4.10245058
v 3.30866987 0.97935790 3.82442018
v 4.02986027 0.97936110 3.49770018
v 3.92662027 0.87856510 3.88558018
v 3.79676027 0.97936350 3.62224978
v 4.32870027 0.81686750 4.01531058
v 4.19790987 0.79570510 4.43570018
v 3.78473067 0.81687070 4.28346978
v 4.06110987 0.81686910 4.15829058
v 3.60020987 0.79570110 4.68326978
v 3.50078987 0.81686510 4.39038018
v 4.46908027 0.97935950 3.20414098
v 4.41739067 0.87856270 3.60223058
v 4.25426987 0.97936030 3.35810098
v 4.86632027 0.97935950 2.85586018
v 4.86699067 0.87856110 3.25724018
v 4.67340027 0.97935950 3.03649058
v 5.28894987 0.81686510 3.27849058
v 5.27142027 0.79570030 3.71840018
v 4.83292027 0.81686510 3.67830098
v 5.06747067 0.81686510 3.48585058
v 4.75816027 0.79570110 4.11223058
v 4.58632027 0.81686670 3.85505058
v 5.21468027 0.97848830 2.45852018
v 5.26770027 0.87856110 2.85653058
v 5.04695067 0.97935950 2.66294018
v 5.50896027 0.97065070 2.01837058
v 5.61319067 0.87298350 2.40661058
v 5.36888107 0.97587550 2.24340018
v 6.02742987 0.79766350 2.31936018
v 6.12346987 0.78625310 2.74997058
v 5.68892987 0.81494430 2.82257058
v 5.86618027 0.80918430 2.57630018
v 5.72886027 0.79570030 3.26095058
v 5.49631067 0.81686510 3.05701058
v 5.74292987 0.95101230 1.54237058
v 5.89854027 0.85067070 1.91457058
v 5.63429067 0.96194030 1.78425058
v 5.90221067 0.92756430 1.04080018
v 6.11663067 0.80823710 1.38623058
v 5.83288987 0.93913230 1.29411058
v 6.50885067 0.66042510 1.18082018
v 6.73725067 0.64470110 1.59985058
v 6.30324027 0.74845630 1.77457058
v 6.42410027 0.70452350 1.48211058
v 6.45002027 0.74846430 2.19880018
v 6.17207067 0.77846110 2.05288018
v -2.33703973 0.65513950 2.50126018
v -2.74189973 0.56549710 2.40664018
v -2.35937973 0.41853310 1.92888018
v -2.34133013 0.55541630 2.19292978
v -2.24447013 0.78139150 3.07215058
v -2.61935973 0.75346830 2.99208018
v -2.30723973 0.72842830 2.79922018
v -2.82081013 0.88313150 3.46305058
v -3.29380933 0.91342110 3.34107058
v -3.06320933 0.72634270 2.87388018
v -2.95185973 0.81526030 3.17628018
v -3.58775973 0.69619550 2.72050978
v -3.25353013 0.46990750 2.33676978
v -3.16154933 0.61251230 2.58448978
v -2.00153973 0.84619310 3.50932018
v -2.39827013 0.85857150 3.50924978
v -2.14125013 0.82013470 3.30532978
v -1.62855013 0.86639310 3.87182978
v -2.05015973 0.90805630 3.90646018
v -1.82931973 0.86110110 3.69464018
v -2.04075013 1.00431710 4.29884978
v -2.49537013 1.11255950 4.30308978
v -2.48043013 0.96947710 3.91685058
v -2.27261973 0.99225950 4.11024018
v -2.93287013 1.04507070 3.88908018
v -2.66341973 0.93381950 3.70550978
v -1.15585013 0.85548910 4.22966978
v -1.59533013 0.91675870 4.27798018
v -1.40319973 0.86360430 4.05142978
v -0.60541413 0.83431550 4.56704018
v -1.05269013 0.90276030 4.65176018
v -0.88905973 0.84480750 4.40279058
v -0.89821013 0.99231790 5.07862018
v -1.36679973 1.13279230 5.11872018
v -1.50887973 1.00526830 4.69542018
v -1.21249973 0.99925630 4.89163058
v -1.97273013 1.13535710 4.70224978
v -1.78557013 1.00780430 4.49586978
v 0.00266907 0.82165950 4.85534018
v -0.43973493 0.88739630 4.98935058
v -0.30748533 0.82676910 4.71865058
v 0.65141307 0.81670030 5.07484018
v 0.22593147 0.87987390 5.26214018
v 0.32298827 0.81847310 4.97482978
v 0.49729467 0.97875150 5.65186978
v 0.04339867 1.11863630 5.80213058
v -0.22359413 0.98310110 5.40498018
v 0.13219947 0.98041950 5.53955938
v -0.68980133 1.12406190 5.49774018
v -0.56781813 0.98700030 5.25054018
v 1.32490027 0.81560190 5.20934018
v 0.92664027 0.87727390 5.45142018
v 0.98588507 0.81582750 5.15308978
v 2.01056027 0.81608590 5.25490018
v 1.64704027 0.87717310 5.54700018
v 1.66696027 0.81577310 5.24336018
v 2.01052987 0.97796830 5.85307058
v 1.60958987 1.11602030 6.11802018
v 1.24684027 0.97762910 5.80240018
v 1.62780027 0.97772830 5.84029058
v 0.81526587 1.11626110 6.01230978
v 0.86942667 0.97789630 5.73954018
v 2.69640027 0.81640590 5.21006018
v 2.37408027 0.87764110 5.54732018
v 2.35420027 0.81628830 5.24372978
v 3.37060027 0.81648430 5.07609058
v 3.09502987 0.87780190 5.45247058
v 3.03568987 0.81646350 5.15411058
v 3.52537947 0.97828910 5.65377058
v 3.20664987 1.11644590 6.01364978
v 2.77444987 0.97822030 5.80303058
v 3.15236027 0.97826830 5.74069058
v 2.41148987 1.11632830 6.11830018
v 2.39328987 0.97812590 5.84056978
v 4.02148027 0.81650030 4.85504018
v 3.79742987 0.87783550 5.26426018
v 3.69964987 0.81649630 4.97621058
v 4.63804027 0.81649790 4.55110098
v 4.46927947 0.87783950 4.98597058
v 4.33474027 0.81650030 4.71315058
v 4.93706027 0.97830190 5.06902018
v 4.72232987 1.11648110 5.49911058
v 4.25034027 0.97830510 5.40755058
v 4.59924027 0.97830430 5.24951058
v 3.98134027 1.11647630 5.80604098
v 3.89188027 0.97830030 5.54252018
v 5.20954027 0.81649550 4.16911058
v 5.09902987 0.87783550 4.62238098
v 4.93002987 0.81649630 4.36945058
v 5.72642027 0.81649550 3.71595058
v 5.67596027 0.87783470 4.17969058
v 5.47539067 0.81649550 3.95098018
v 6.14930027 0.97830030 4.13884098
v 6.05320027 1.11647710 4.60985058
v 5.57360027 0.97830110 4.64357058
v 5.86970987 0.97830030 4.40061058
v 5.41688987 1.11647870 5.09810018
v 5.26227947 0.97830110 4.86671058
v 6.17976987 0.81386270 3.20045058
v 6.19015067 0.87783470 3.66550018
v 5.96144027 0.81649550 3.46493058
v 6.56352027 0.79016350 2.64138098
v 6.63387947 0.86676110 3.09774098
v 6.38070027 0.80596270 2.92509058
v 7.08416027 0.95029150 2.95707058
v 7.11218987 1.10541870 3.41996098
v 6.65450027 0.97549950 3.56618098
v 6.87904027 0.96709710 3.26401058
v 6.62031067 1.11647710 4.04274018
v 6.41108027 0.97830030 3.85924018
v 6.88246027 0.71844350 2.05710018
v 7.00162987 0.82246670 2.50469058
v 6.72753067 0.76383070 2.35189058
v 7.22019067 0.53710670 1.48151058
v 7.32857067 0.69618430 1.92164018
v 7.03803067 0.64547950 1.75751058
v 7.78308027 0.65476030 1.78765058
v 7.88642987 0.91396750 2.16464098
v 7.44235067 0.87144110 2.34821058
v 7.61100107 0.78614350 2.05878098
v 7.52770027 1.06118350 2.77952018
v 7.26934027 0.92228110 2.64973058
v -3.83015973 0.94395550 3.13656978
v -4.41343973 0.97796830 2.84550018
v -4.16441973 0.66231470 2.52548018
v -4.00803973 0.81627870 2.80876018
v -3.42399973 1.12935150 3.79286018
v -3.95681973 1.22102510 3.58344018
v -3.63429973 1.04757150 3.47566978
v -3.97045973 1.52444510 4.03118018
v -4.48195013 1.69910510 3.73186978
v -4.51961013 1.32580830 3.25846018
v -4.24487013 1.43709710 3.66772018
v -5.10032933 1.46207710 2.80052018
v -5.03047013 1.00812350 2.44554018
v -4.79499973 1.18647550 2.82698978
v -2.96805013 1.23676910 4.27896018
v -3.46119973 1.37364750 4.20097058
v -3.20280933 1.19151710 4.05490978
v -2.44713973 1.28732750 4.68151058
v -2.92973013 1.45689150 4.64492978
v -2.71705013 1.26780670 4.48211058
v -2.81845973 1.70361550 5.00127058
v -3.29635013 1.93214510 4.91252978
v -3.41619973 1.64242510 4.57086018
v -3.12547973 1.67870510 4.78918978
v -3.89532053 1.84689550 4.42555058
v -3.69604933 1.59194510 4.32520018
v -1.84409973 1.30213630 5.11277058
v -2.32959013 1.49362510 5.07016018
v -2.15565973 1.29803150 4.89426978
v -1.16665973 1.29942990 5.53650018
v -1.65117013 1.50339550 5.52154018
v -1.51393013 1.30186350 5.32939058
v -1.39499973 1.73597550 5.91462018
v -1.88509973 1.99154510 5.84202018
v -2.14143013 1.72958510 5.46152978
v -1.77579973 1.73431550 5.69311058
v -2.63127013 1.97482510 5.36646018
v -2.48971973 1.71995550 5.22814978
v -0.42717413 1.29488430 5.89678978
v -0.90809013 1.50237550 5.93402978
v -0.80375013 1.29705790 5.72646978
v 0.35923867 1.29168590 6.16836018
v -0.11350613 1.49983550 6.26469058
v -0.03885973 1.29304830 6.04492018
v 0.24614747 1.73428510 6.59020018
v -0.23566213 1.99524510 6.62217938
v -0.59564693 1.73601550 6.29982018
v -0.17946373 1.73517550 6.45820018
v -1.08155013 1.99555550 6.27490978
v -1.00121973 1.73641550 6.11774018
v 1.17700667 1.29064030 6.33348978
v 0.71985867 1.49805550 6.49274018
v 0.76517787 1.29093710 6.26458018
v 2.01052987 1.29074990 6.38894978
v 1.57758987 1.49769550 6.60738018
v 1.59278027 1.29063230 6.37498018
v 2.01058987 1.73335550 6.82654018
v 1.55306027 1.99374510 6.98346018
v 1.12005867 1.73346510 6.76696018
v 1.56426987 1.73335550 6.81147058
v 0.64630667 1.99412510 6.86224018
v 0.68000267 1.73374510 6.69317058
v 2.84438027 1.29088750 6.33432978
v 2.44358027 1.49779550 6.60783058
v 2.42832987 1.29083310 6.37532018
v 3.66406987 1.29093710 6.17137058
v 3.30234987 1.49784510 6.49480978
v 3.25688987 1.29091950 6.26626018
v 3.77734987 1.73339550 6.59417938
v 3.37594987 1.99368510 6.86482018
v 2.90152027 1.73336510 6.76828978
v 3.34227947 1.73338510 6.69556978
v 2.46828987 1.99368510 6.98418098
v 2.45698027 1.73335550 6.81204978
v 4.45540027 1.29094990 5.90260098
v 4.13902027 1.49786510 6.27057058
v 4.06412027 1.29094590 6.04993058
v 5.20498987 1.29094910 5.53308098
v 4.93930027 1.49787550 5.93908098
v 4.83623947 1.29094990 5.73009058
v 5.42383947 1.73340510 5.91215058
v 5.10615947 1.99370510 6.27745058
v 4.62289947 1.73340510 6.30699058
v 5.02982987 1.73340510 6.12266098
v 4.26028987 1.99369550 6.62783058
v 4.20482027 1.73339550 6.46440098
v 5.89979947 1.29094830 5.06868098
v 5.68942987 1.49787550 5.50599058
v 5.55998027 1.29094830 5.31224098
v 6.52820027 1.29094830 4.51774018
v 6.37664987 1.49786510 4.97867058
v 6.22300987 1.29094830 4.80348018
v 6.83771067 1.73340510 4.82725058
v 6.62540027 1.99369550 5.26232018
v 6.16624987 1.73340510 5.41593058
v 6.51160987 1.73340510 5.13256018
v 5.89903947 1.99369550 5.81968098
v 5.80314987 1.73340510 5.67618098
v 7.08080027 1.28825470 3.89237058
v 6.98912987 1.49786510 4.36618098
v 6.81394027 1.29094830 4.21255058
v 7.56014027 1.26401470 3.22493058
v 7.52672027 1.48760510 3.68810098
v 7.32934027 1.28017470 3.56168018
v 7.95729067 1.70975550 3.42702018
v 7.84695067 1.98543550 3.89077058
v 7.42985947 1.73103550 4.15715058
v 7.70050987 1.72394510 3.79815058
v 7.27278027 1.99369550 4.61494018
v 7.14303067 1.73340510 4.50115058
v 7.97182027 1.18121710 2.55411058
v 8.00088027 1.44653630 2.97446098
v 7.77374987 1.23708030 2.88659058
v 8.32788107 0.91008270 1.93655058
v 8.41590027 1.28237710 2.26810018
v 8.15597947 1.07827070 2.23495058
v 8.85398987 1.32605870 1.89499058
v 8.86700027 1.82156510 2.25467058
v 8.43716987 1.63280510 2.65811058
v 8.66242987 1.52961550 2.26250018
v 8.37195067 1.95238510 3.10667058
v 8.20248027 1.68611550 3.04665058
v -4.96206933 1.92453550 3.32118018
v -5.35882933 2.23256510 2.83330978
v -5.58326933 1.74847550 2.27220978
v -5.27699013 1.82505550 2.81336018
v -4.34627013 2.08201550 4.17600978
v -4.75729973 2.35561550 3.80183058
v -4.65155973 2.01035550 3.77924018
v -4.50163013 2.75939550 4.20052018
v -4.79159973 3.08716510 3.74076978
v -5.09913973 2.67878510 3.33077058
v -4.80276933 2.71963550 3.79166978
v -5.33937973 3.04060510 2.78836018
v -5.63329013 2.61361550 2.29412978
v -5.37965973 2.64179550 2.82814978
v -3.74573013 2.18308510 4.77190018
v -4.15089013 2.45786510 4.54244978
v -4.04701013 2.13899550 4.49997058
v -3.10499973 2.23980510 5.24278978
v -3.53589973 2.52239550 5.08270018
v -3.43439973 2.21609550 5.01258018
v -3.26295013 2.85909550 5.37080978
v -3.61421013 3.16940510 5.10666018
v -3.90845973 2.82093550 4.84696018
v -3.59707973 2.84288510 5.11627058
v -4.21437013 3.13442510 4.50760018
v -4.20675013 2.79313550 4.54699058
v -2.37191013 2.26625550 5.72688018
v -2.83947013 2.55661550 5.57216978
v -2.74947973 2.25602510 5.48332018
v -1.56685973 2.27482510 6.19393058
v -2.04601013 2.56975550 6.06070018
v -1.97635013 2.27201550 5.96618018
v -1.66351973 2.87986510 6.34916018
v -2.10637013 3.19312510 6.14118018
v -2.50353013 2.87578510 5.87807058
v -2.09053013 2.87877550 6.12066978
v -2.91535973 3.18817550 5.63952978
v -2.89637973 2.86964510 5.62642978
v -0.71874613 2.27652510 6.59022978
v -1.19717973 2.57291550 6.49842018
v -1.14751013 2.27619550 6.40284018
v 0.16519387 2.27569470 6.88968018
v -0.31466773 2.57288510 6.84988018
v -0.28102693 2.27622510 6.75341058
v 0.12225067 2.87966510 7.04638018
v -0.34321173 3.19236510 6.93060018
v -0.78602533 2.88029470 6.74614018
v -0.33569413 2.88001470 6.90960978
v -1.24007013 3.19296510 6.57993058
v -1.22865973 2.88030510 6.55848978
v 1.07979867 2.27511470 7.07310978
v 0.59982507 2.57217470 7.09406978
v 0.61946587 2.27533470 6.99636018
v 2.01067947 2.27494510 7.13549058
v 1.53776987 2.57190510 7.21856018
v 1.54420027 2.27500510 7.11960018
v 2.01075947 2.87922510 7.29532018
v 1.53248987 3.19181470 7.29962018
v 1.05887627 2.87930510 7.23167058
v 1.53384027 2.87924510 7.27900018
v 0.58351627 3.19192510 7.17450018
v 0.58772667 2.87943550 7.15392978
v 2.94190987 2.27490510 7.07480018
v 2.48378987 2.57183470 7.21950978
v 2.47726027 2.27491550 7.12044978
v 3.85740987 2.27491550 6.89288978
v 3.42202987 2.57182510 7.09628978
v 3.40262987 2.27490510 6.99884018
v 3.89886987 2.87921550 7.04756018
v 3.43794027 3.19182510 7.17612018
v 2.96283947 2.87921550 7.23342018
v 3.43388987 2.87921550 7.15583058
v 2.48913947 3.19182510 7.30064018
v 2.48777947 2.87921550 7.28002018
v 4.74126027 2.27492510 6.59272018
v 4.33618987 2.57183470 6.85139058
v 4.30422987 2.27492510 6.75726018
v 5.57848027 2.27492510 6.17999058
v 5.21058987 2.57183550 6.48921058
v 5.16661947 2.27492510 6.40004018
v 5.65856027 2.87921550 6.31870018
v 5.24661947 3.19182510 6.56228018
v 4.80254987 2.87921550 6.74070018
v 5.23745947 2.87921550 6.54370098
v 4.36237947 3.19182510 6.92852978
v 4.35572027 2.87921550 6.90891938
v 6.35452027 2.27492510 5.66129058
v 6.03020987 2.57183550 6.01599058
v 5.97498027 2.27492510 5.93333058
v 7.05640027 2.27492510 5.04594098
v 6.78108027 2.57183550 5.43983058
v 6.71552987 2.27492510 5.36509058
v 7.16966027 2.87921550 5.15919058
v 6.83478987 3.19182510 5.50108098
v 6.45202987 2.87921550 5.78836098
v 6.82112987 2.87921550 5.48551058
v 6.07546987 3.19182510 6.08373058
v 6.06395947 2.87921550 6.06651058
v 7.67636027 2.27327550 4.34416098
v 7.45029067 2.57183550 4.77061058
v 7.37554987 2.27492510 4.70507058
v 8.23654987 2.25841550 3.56897058
v 8.04527067 2.56709550 4.01937058
v 7.96223067 2.26831550 3.96489058
v 8.37414027 2.87185550 3.64699058
v 8.11022027 3.19035550 4.06478098
v 7.80332027 2.87848510 4.44145058
v 8.09496027 2.87627550 4.05305058
v 7.51154027 3.19182510 4.82433058
v 7.49596987 2.87921550 4.81067058
v 8.75830987 2.21146510 2.72963058
v 8.59374107 2.54811550 3.19827058
v 8.50268987 2.24189550 3.15806098
v 9.21696027 2.11988510 1.82250018
v 9.08043067 2.51324510 2.31791058
v 9.00103067 2.15979550 2.28117058
v 9.31047067 2.84947550 1.88351058
v 9.11720027 3.17762590 2.34969058
v 8.89604987 2.85665550 2.78864098
v 9.12111067 2.85082510 2.34081058
v 8.65286027 3.18446510 3.23505058
v 8.64412027 2.86448510 3.22478018
v -4.99305013 3.42887550 3.18934978
v -5.08880933 3.76852590 2.59170018
v -5.45185973 3.40825550 2.19300018
v -5.23787013 3.41681550 2.70438018
v -4.45087973 3.45762510 4.05304018
v -4.61961973 3.78262510 3.50881058
v -4.72737973 3.44296510 3.64114978
v -4.23323013 4.10589550 3.76898018
v -4.31147973 4.39587550 3.20998018
v -4.70405973 4.09749550 2.92372018
v -4.47781973 4.10172590 3.35974978
v -4.70265013 4.39069550 2.34210018
v -5.07706933 4.09123550 1.99082018
v -4.90584933 4.09379550 2.46578018
v -3.88717973 3.48364510 4.74646018
v -4.09174933 3.79828590 4.29319058
v -4.17355013 3.47138510 4.41827058
v -3.25438053 3.50119550 5.33016018
v -3.51265973 3.81047470 4.94906978
v -3.58353013 3.49378590 5.04722018
v -3.09039973 4.11467550 5.13099058
v -3.28083973 4.39855550 4.68108018
v -3.70315013 4.11211550 4.49656018
v -3.40922053 4.11391550 4.82332018
v -3.83503013 4.39901550 3.99244018
v -3.97641973 4.10940510 4.14650978
v -2.50127973 3.50682510 5.86833058
v -2.83163973 3.81567550 5.53038018
v -2.89153013 3.50524510 5.60490018
v -1.66393973 3.50606510 6.34880018
v -2.04559013 3.81468510 6.05415058
v -2.08997973 3.50680510 6.11734018
v -1.56939973 4.11021470 6.19264018
v -1.88969973 4.39244510 5.82976978
v -2.36995013 4.11310510 5.69966018
v -1.97741973 4.11161550 5.95662018
v -2.63071973 4.39582510 5.29292978
v -2.74245973 4.11426510 5.42378018
v -0.78687013 3.50504510 6.74766018
v -1.19893973 3.81266510 6.50052018
v -1.22949013 3.50548510 6.55960018
v 0.12188507 3.50453550 7.04712018
v -0.31592773 3.81189550 6.85229058
v -0.33633173 3.50473550 6.91086018
v 0.16414667 4.10857470 6.89167058
v -0.23804373 4.38972510 6.62617058
v -0.72133493 4.10883470 6.59426018
v -0.28287413 4.10862510 6.75676018
v -1.08601013 4.39027470 6.27815058
v -1.15043973 4.10933550 6.40570018
v 1.05878907 3.50438510 7.23187058
v 0.59945467 3.81171550 7.09483938
v 0.58753707 3.50442510 7.15432978
v 2.01074027 3.50441550 7.29534978
v 1.53770027 3.81174510 7.21871058
v 1.53380027 3.50439550 7.27908018
v 2.01063947 4.10869470 7.13556018
v 1.55294987 4.38988510 6.98370978
v 1.07956027 4.10861550 7.07362018
v 1.54410027 4.10865470 7.11980978
v 0.64563627 4.38978510 6.86351058
v 0.61893307 4.10857470 6.99742978
v 2.96283947 3.50443550 7.23340978
v 2.48378027 3.81180510 7.21950978
v 2.48777947 3.50442510 7.28002018
v 3.89886987 3.50443550 7.04756018
v 3.42202987 3.81181550 7.09626978
v 3.43388987 3.50443550 7.15582098
v 3.85740987 4.10873550 6.89288018
v 3.37595947 4.38995470 6.86478978
v 2.94190987 4.10873550 7.07476978
v 3.40262987 4.10873550 6.99880978
v 2.46826987 4.38994510 6.98418098
v 2.47723947 4.10872510 7.12044978
v 4.80254987 3.50443550 6.74070018
v 4.33618987 3.81181550 6.85139058
v 4.35572027 3.50443550 6.90891938
v 5.65856027 3.50443550 6.31870018
v 5.21058987 3.81181550 6.48921058
v 5.23745947 3.50443550 6.54370098
v 5.57848027 4.10873550 6.17999058
v 5.10615947 4.38995470 6.27745058
v 4.74126027 4.10873550 6.59272018
v 5.16661947 4.10873550 6.40004018
v 4.26028987 4.38995470 6.62782018
v 4.30422987 4.10873550 6.75726018
v 6.45202987 3.50443550 5.78836098
v 6.03020987 3.81181550 6.01599058
v 6.06395947 3.50443550 6.06651058
v 7.16966027 3.50443550 5.15919058
v 6.78108027 3.81181550 5.43983058
v 6.82112987 3.50443550 5.48551058
v 7.05640027 4.10873550 5.04594098
v 6.62540027 4.38995470 5.26232018
v 6.35452027 4.10873550 5.66129058
v 6.71552987 4.10873550 5.36509058
v 5.89903947 4.38995470 5.81968098
v 5.97498027 4.10873550 5.93333058
v 7.80207067 3.50428510 4.44154018
v 7.45029067 3.81181550 4.77061058
v 7.49596987 3.50443550 4.81067058
v 8.36159067 3.50296510 3.64788018
v 8.03585067 3.81166590 4.01972098
v 8.08994027 3.50384510 4.05341058
v 8.20510027 4.10873550 3.56802018
v 7.83306987 4.38995550 3.88857058
v 7.67322107 4.10873550 4.34406098
v 7.94965067 4.10873550 3.96451058
v 7.27278027 4.38995470 4.61494018
v 7.37554987 4.10873550 4.70507058
v 8.85512987 3.49992510 2.79140098
v 8.54664027 3.81107550 3.20002018
v 8.61902107 3.50149550 3.22655058
v 9.23510027 3.49848510 1.88742098
v 8.96538987 3.81039550 2.32550098
v 9.06284987 3.49875550 2.34436098
v 8.98244027 4.10873550 1.84694098
v 8.67050107 4.38995550 2.24983058
v 8.65004987 4.10873550 2.73079058
v 8.83216987 4.10873550 2.29377058
v 8.30255067 4.38995550 3.09570098
v 8.43980027 4.10873550 3.15616098
v -4.32439973 4.65904510 2.66278018
v -4.27365013 4.89268590 2.14232978
v -4.63277973 4.65584590 1.79914978
v -4.49287973 4.65729550 2.23614018
v -3.91271973 4.66157550 3.47080978
v -3.93285973 4.89489550 2.95107058
v -4.13008933 4.66063550 3.07551058
v -3.52108933 5.09782510 3.20125058
v -3.48763973 5.26735550 2.71117058
v -3.89305013 5.09680510 2.44856018
v -3.71897973 5.09750510 2.83138018
v -3.79533973 5.26617550 1.96882978
v -4.16491013 5.09517550 1.65321058
v -4.04209973 5.09594510 2.05508018
v -3.41613973 4.66038590 4.19914018
v -3.49677973 4.89481550 3.70086018
v -3.67503973 4.66139550 3.84514018
v -2.83111013 4.65698510 4.84874978
v -2.97263973 4.89211470 4.37886018
v -3.13513013 4.65881470 4.53346018
v -2.50883973 5.09484510 4.51896018
v -2.59945013 5.26737550 4.04234018
v -3.05799013 5.09679550 3.89434018
v -2.79389973 5.09583550 4.21568018
v -3.08675013 5.26779550 3.40644018
v -3.30056933 5.09752590 3.55588018
v -2.15411013 4.65349550 5.42276018
v -2.36051973 4.88900510 4.98231058
v -2.50319013 4.65517550 5.14566018
v -1.40359013 4.65095470 5.91180018
v -1.66927013 4.88673470 5.50488018
v -1.78665973 4.65204510 5.67861058
v -1.18271013 5.09253470 5.53092018
v -1.39535973 5.26672510 5.09670018
v -1.87933973 5.09334510 5.06739938
v -1.53851013 5.09285470 5.31032978
v -2.03247013 5.26689550 4.60878978
v -2.20339013 5.09401470 4.80324018
v -0.60014373 4.65003550 6.30478978
v -0.91651973 4.88563550 5.93662018
v -1.00765973 4.65032510 6.12088978
v 0.24456827 4.65003550 6.59268018
v -0.11669573 4.88551470 6.26882018
v -0.18231333 4.64997470 6.46242018
v 0.35740987 5.09257550 6.17059058
v 0.04012587 5.26700510 5.80539058
v -0.43308613 5.09240510 5.90092018
v -0.04221093 5.09247470 6.04870098
v -0.70044933 5.26679550 5.49789058
v -0.81373973 5.09240510 5.72804978
v 1.11973467 4.65014510 6.76758018
v 0.71901707 4.88566510 6.49402018
v 0.67922907 4.65009550 6.69449058
v 2.01053947 4.65023550 6.82662098
v 1.57746987 4.88575470 6.60762018
v 1.56414987 4.65019550 6.81171058
v 2.01048027 5.09270510 6.38903058
v 1.60946027 5.26718510 6.11828098
v 1.17665867 5.09267550 6.33406018
v 1.59266027 5.09269470 6.37521058
v 0.81439867 5.26715550 6.01343058
v 0.76430507 5.09263550 6.26578018
v 2.90152027 4.65025470 6.76824978
v 2.44356027 4.88578510 6.60782018
v 2.45696027 4.65024510 6.81204018
v 3.77734987 4.65025470 6.59416098
v 3.30234987 4.88578510 6.49478018
v 3.34227947 4.65025470 6.69552978
v 3.66406987 5.09270510 6.17136018
v 3.20664987 5.26717550 6.01362018
v 2.84438027 5.09270510 6.33430098
v 3.25688987 5.09270510 6.26623058
v 2.41146987 5.26718510 6.11831058
v 2.42832027 5.09270510 6.37531058
v 4.62289947 4.65025470 6.30699058
v 4.13902027 4.88578510 6.27057058
v 4.20482027 4.65025470 6.46440098
v 5.42383947 4.65025470 5.91215058
v 4.93930027 4.88578510 5.93908098
v 5.02982987 4.65025470 6.12266098
v 5.20498987 5.09270510 5.53308098
v 4.72232987 5.26717550 5.49911058
v 4.45540027 5.09270510 5.90260098
v 4.83623947 5.09270510 5.73009058
v 3.98134027 5.26717550 5.80604098
v 4.06412027 5.09270510 6.04992018
v 6.16624987 4.65025470 5.41593058
v 5.68942987 4.88578510 5.50599058
v 5.80314987 4.65025470 5.67618098
v 6.83771067 4.65025470 4.82725058
v 6.37664987 4.88578510 4.97867058
v 6.51160987 4.65025470 5.13256018
v 6.52820027 5.09270510 4.51774018
v 6.05320027 5.26717550 4.60985058
v 5.89979947 5.09270510 5.06868098
v 6.22300987 5.09270510 4.80348018
v 5.41688987 5.26717550 5.09810018
v 5.55998027 5.09270510 5.31224098
v 7.42669067 4.65025550 4.15579058
v 6.98912987 4.88578510 4.36618098
v 7.14303067 4.65025470 4.50115058
v 7.92554027 4.65025550 3.41338098
v 7.51674027 4.88578590 3.67897058
v 7.68780987 4.65025550 3.79269058
v 7.54354107 5.09270510 3.19452018
v 7.10856027 5.26717550 3.40643058
v 7.07914027 5.09270510 3.88933058
v 7.32271067 5.09270510 3.54952098
v 6.62031067 5.26717550 4.04274018
v 6.81394027 5.09270510 4.21255058
v 8.32682027 4.65025550 2.61244098
v 7.95100027 4.88578590 2.92884098
v 8.13898027 4.65025550 3.01937058
v 8.62042027 4.65025550 1.76690098
v 8.28425067 4.88578590 2.12856098
v 8.48774027 4.65025550 2.19436098
v 8.18181067 5.09270510 1.65361058
v 7.81650027 5.26717550 1.97088098
v 7.91305947 5.09270510 2.44494098
v 8.06038027 5.09270510 2.05366098
v 7.50956987 5.26717550 2.71187058
v 7.74056027 5.09270510 2.82578098
v -3.39583013 5.40288510 2.23626978
v -3.25205973 5.50269550 1.78362978
v -3.64142933 5.40209550 1.51187058
v -3.53050933 5.40246590 1.87800018
v -3.05775973 5.40366510 2.92320018
v -2.97471013 5.50326590 2.45473058
v -3.23803973 5.40330510 2.58518018
v -2.54039973 5.56531550 2.62441058
v -2.42503973 5.58681550 2.18573058
v -2.84370933 5.56495550 2.00817058
v -2.70219013 5.56512590 2.32114018
v -2.67217013 5.58664510 1.58847058
v -3.06393973 5.56466510 1.35823058
v -2.96445973 5.56479550 1.68677058
v -2.63267973 5.40403550 3.56061058
v -2.61157013 5.50379550 3.08491058
v -2.85565013 5.40389550 3.24880978
v -2.12809013 5.40422510 4.13724978
v -2.16883013 5.50425550 3.66322018
v -2.38983013 5.40413550 3.85722018
v -1.70511013 5.56610590 3.71478018
v -1.70779973 5.58724590 3.26002018
v -2.15845013 5.56570590 3.19673058
v -1.94021973 5.56590510 3.46319058
v -2.10173973 5.58701550 2.74612018
v -2.35883013 5.56550510 2.91671058
v -1.55221973 5.40451470 4.64246018
v -1.65453973 5.50471550 4.17854978
v -1.84843013 5.40435550 4.39932018
v -0.91553973 5.40484510 5.06818018
v -1.07767013 5.50518510 4.62176018
v -1.24079973 5.40467550 4.86573058
v -0.61691333 5.56687550 4.55084978
v -0.73709413 5.58773550 4.11207058
v -1.18825973 5.56652510 4.16859058
v -0.90881973 5.56671550 4.36908978
v -1.25027973 5.58749550 3.71800978
v -1.45407013 5.56632590 3.95020018
v -0.22900933 5.40512510 5.40708098
v -0.44807733 5.50554510 4.98564018
v -0.57777973 5.40499550 5.24884018
v 0.49566107 5.40531550 5.65362018
v 0.22359387 5.50574590 5.26416098
v 0.12929707 5.40523550 5.54222018
v 0.65033067 5.56715470 5.07609058
v 0.42072427 5.58794510 4.68326018
v -0.00048533 5.56707470 4.85495058
v 0.32130587 5.56712510 4.97618018
v -0.17692933 5.58788590 4.43562098
v -0.31367893 5.56699470 4.71299058
v 1.24648027 5.40537550 5.80302098
v 0.92589067 5.50583470 5.45248018
v 0.86860427 5.40535470 5.74062098
v 2.01046027 5.40536510 5.85321058
v 1.64686027 5.50583470 5.54741058
v 1.62764987 5.40536510 5.84061058
v 2.01046027 5.56716510 5.25516018
v 1.68700027 5.58795470 4.93516098
v 1.32452987 5.56717550 5.21012018
v 1.66676027 5.56717550 5.24386018
v 1.04558427 5.58796510 4.85072018
v 0.98522667 5.56717550 5.15414098
v 2.77444027 5.40535470 5.80302098
v 2.37404987 5.50582510 5.54739058
v 2.39326987 5.40535470 5.84061058
v 3.52537947 5.40535470 5.65376018
v 3.09502987 5.50581470 5.45247058
v 3.15236027 5.40535470 5.74067058
v 3.37060027 5.56715470 5.07609058
v 2.97532987 5.58795470 4.85070018
v 2.69638027 5.56715470 5.21010018
v 3.03568987 5.56715470 5.15411058
v 2.33392027 5.58795470 4.93515058
v 2.35414987 5.56716510 5.24384098
v 4.25034027 5.40535470 5.40755058
v 3.79742987 5.50581470 5.26426098
v 3.89188027 5.40535470 5.54251058
v 4.93706027 5.40535470 5.06902018
v 4.46927947 5.50581470 4.98597058
v 4.59924027 5.40535470 5.24951058
v 4.63804027 5.56715470 4.55109058
v 4.19790987 5.58795470 4.43569058
v 4.02148027 5.56715470 4.85504018
v 4.33472987 5.56715470 4.71314098
v 3.60020987 5.58795470 4.68327058
v 3.69964987 5.56715470 4.97620018
v 5.57360027 5.40535470 4.64357058
v 5.09902987 5.50581470 4.62238098
v 5.26227947 5.40535470 4.86671058
v 6.14930027 5.40535550 4.13884098
v 5.67596027 5.50581550 4.17969058
v 5.86970987 5.40535470 4.40061058
v 5.72642027 5.56715550 3.71595058
v 5.27142027 5.58795550 3.71840018
v 5.20954027 5.56715550 4.16911058
v 5.47539067 5.56715550 3.95098018
v 4.75816027 5.58795550 4.11223058
v 4.93002987 5.56715470 4.36945058
v 6.65402987 5.40535550 3.56314098
v 6.19015067 5.50581550 3.66550018
v 6.41108027 5.40535550 3.85924018
v 7.07947947 5.40535550 2.92660098
v 6.63284987 5.50581550 3.08857058
v 6.87717067 5.40535550 3.25182018
v 6.56156107 5.56715550 2.62757058
v 6.12270027 5.58795550 2.74770098
v 6.17958027 5.56715550 3.19907058
v 6.37990987 5.56715550 2.91957058
v 5.72886027 5.58795550 3.26095058
v 5.96144027 5.56715550 3.46493058
v 7.41800987 5.40535550 2.23988098
v 6.99642987 5.50581550 2.45882098
v 7.25996987 5.40535550 2.58878098
v 7.66422027 5.40535550 1.51492098
v 7.27471947 5.50581550 1.78697058
v 7.55296987 5.40535550 1.88142098
v 7.08655067 5.56715550 1.36013058
v 6.69372987 5.58795550 1.58975058
v 6.86550027 5.56715550 2.01102098
v 6.98667067 5.56715550 1.68919058
v 6.44616027 5.58795550 2.18745058
v 6.72360987 5.56715550 2.32427058
v -2.27286933 5.56618590 1.77356018
v -2.09191013 5.50483550 1.39241058
v -2.46765973 5.56612510 1.19960018
v -2.37964933 5.56615550 1.48976018
v -2.00487013 5.56625470 2.31740018
v -1.87512933 5.50484590 1.91585058
v -2.14777973 5.56621550 2.04983058
v -1.48725973 5.40420590 2.01929058
v -1.36249013 5.26579550 1.66329058
v -1.72082933 5.40420590 1.54548018
v -1.61179973 5.40420590 1.78620018
v -1.55074933 5.26579550 1.20881058
v -1.89069013 5.40421550 1.04531058
v -1.81393973 5.40420590 1.29816978
v -1.66783013 5.56636590 2.82185058
v -1.59181013 5.50487550 2.40663058
v -1.84461973 5.56630510 2.57510018
v -1.26793973 5.56649550 3.27822018
v -1.24677013 5.50493550 2.85638018
v -1.47533013 5.56642590 3.05658018
v -0.84537973 5.40424590 2.85585058
v -0.81703013 5.26580590 2.47964018
v -1.19367973 5.40421550 2.45855058
v -1.02601973 5.40423550 2.66290018
v -1.11651973 5.26579550 2.08932018
v -1.34765973 5.40421550 2.24371058
v -0.81191013 5.56663550 3.67821058
v -0.84603013 5.50500590 3.25720018
v -1.04645013 5.56656590 3.48568978
v -0.30774373 5.56674590 4.01527058
v -0.39644773 5.50506590 3.60223058
v -0.56533413 5.56669550 3.85499058
v -0.00894053 5.40430590 3.49771058
v -0.07891813 5.26582590 3.12700018
v -0.44814613 5.40428590 3.20415058
v -0.23334053 5.40429550 3.35811058
v -0.46919013 5.26581550 2.82751058
v -0.65245813 5.40426510 3.03649058
v 0.23619707 5.56679550 4.28346098
v 0.09430027 5.50510510 3.88558098
v -0.04016453 5.56677550 4.15826018
v 0.81044987 5.56679470 4.47850018
v 0.61786987 5.50510510 4.10245058
v 0.52013707 5.56679470 4.39037058
v 0.96514187 5.40429550 3.90118018
v 0.80159387 5.26582590 3.56122018
v 0.46490347 5.40430590 3.73130018
v 0.71224827 5.40430590 3.82442098
v 0.34709387 5.26582590 3.37297058
v 0.22415627 5.40430590 3.62225058
v 1.40528987 5.56679470 4.59673058
v 1.16525387 5.50509550 4.24912018
v 1.10593227 5.56679470 4.54734018
v 2.01046027 5.56678510 4.63648018
v 1.72712027 5.50509550 4.32309058
v 1.70722987 5.56679470 4.62650018
v 2.01046027 5.40429550 4.03880098
v 1.76450027 5.26582590 3.75275058
v 1.48330027 5.40429550 4.00417058
v 1.74632027 5.40429550 4.03011058
v 1.27676027 5.26582590 3.68854018
v 1.22254027 5.40429550 3.96115058
v 2.61562987 5.56678510 4.59673058
v 2.29380987 5.50509550 4.32309058
v 2.31368987 5.56678510 4.62650018
v 3.21046987 5.56678510 4.47850018
v 2.85566987 5.50509550 4.24912018
v 2.91499067 5.56678510 4.54734018
v 3.05578027 5.40429550 3.90118018
v 2.74416027 5.26582590 3.68854018
v 2.53762027 5.40429550 4.00417058
v 2.79838987 5.40429550 3.96115058
v 2.25642987 5.26582590 3.75275058
v 2.27460027 5.40429550 4.03011058
v 3.78473067 5.56678590 4.28347058
v 3.40304987 5.50509550 4.10245058
v 3.50078987 5.56678510 4.39037058
v 4.32870027 5.56678590 4.01531058
v 3.92662027 5.50509550 3.88558098
v 4.06110987 5.56678590 4.15828018
v 4.02986027 5.40429550 3.49770098
v 3.67383067 5.26582590 3.37296018
v 3.55602027 5.40429550 3.73129058
v 3.79676027 5.40429550 3.62225058
v 3.21932987 5.26582590 3.56122018
v 3.30866987 5.40429550 3.82442098
v 4.83292027 5.56678590 3.67830098
v 4.41739067 5.50509550 3.60223058
v 4.58632027 5.56678590 3.85505058
v 5.28894987 5.56678590 3.27849058
v 4.86699067 5.50509550 3.25724018
v 5.06747067 5.56678590 3.48585058
v 4.86632027 5.40429550 2.85586018
v 4.49012987 5.26582590 2.82752018
v 4.46908027 5.40429550 3.20414098
v 4.67340027 5.40429550 3.03649058
v 4.09985067 5.26582590 3.12699058
v 4.25426987 5.40429550 3.35810098
v 5.68876027 5.56678590 2.82246018
v 5.26770027 5.50509550 2.85653058
v 5.49631067 5.56678590 3.05701058
v 6.02577067 5.56678590 2.31824098
v 5.61268987 5.50509550 2.40693058
v 5.86550987 5.56678590 2.57586098
v 5.50816987 5.40429550 2.01940098
v 5.13746027 5.26582590 2.08938098
v 5.21460027 5.40429550 2.45862098
v 5.36856987 5.40429550 2.24381058
v 4.83798027 5.26582590 2.47967058
v 5.04695067 5.40429550 2.66294098
v 6.29393067 5.56678590 1.77427058
v 5.89604027 5.50509550 1.91616018
v 6.16874027 5.56678590 2.05064098
v 6.48896027 5.56678590 1.20001058
v 6.11291067 5.50509550 1.39259058
v 6.40084027 5.56678590 1.49033058
v 5.91164027 5.40429550 1.04532098
v 5.57168027 5.26582590 1.20887058
v 5.74176027 5.40429550 1.54555058
v 5.83488027 5.40429550 1.29821058
v 5.38342027 5.26582590 1.66336098
v 5.63271067 5.40429550 1.78630018
v -1.22653013 5.09111550 1.34068018
v -1.08731013 4.88404590 1.05114018
v -1.37393973 5.09110590 0.90671458
v -1.30733013 5.09111550 1.12610018
v -1.02387013 5.09111550 1.75177058
v -0.92349013 4.88403550 1.44651058
v -1.13191973 5.09111550 1.54954018
v -0.64592853 4.64843550 1.53287058
v -0.58661493 4.38822510 1.27889058
v -0.82347973 4.64846590 1.17289058
v -0.74058453 4.64845550 1.35577058
v -0.73190373 4.38832590 0.92894738
v -0.95268933 4.64849550 0.79305298
v -0.89428933 4.64848510 0.98504818
v -0.76917813 5.09111550 2.13284018
v -0.70948613 4.88403550 1.81715058
v -0.90275973 5.09111550 1.94647058
v -0.46703493 5.09111550 2.47749058
v -0.44895013 4.88403550 2.15672018
v -0.62373653 5.09111550 2.31011058
v -0.15829093 4.64842590 2.16849058
v -0.16619493 4.38816590 1.90802018
v -0.42285493 4.64842590 1.86661058
v -0.29549493 4.64842590 2.02188018
v -0.39696053 4.38817550 1.60716018
v -0.53984293 4.64843550 1.70338018
v -0.12243093 5.09111550 2.77966018
v -0.14637813 4.88402510 2.45936018
v -0.29967253 5.09111550 2.63421058
v 0.25858507 5.09110590 3.03435058
v 0.19308107 4.88401550 2.71991058
v 0.06391547 5.09111550 2.91324018
v 0.47690587 4.64842590 2.65619058
v 0.40210347 4.38818510 2.40698018
v 0.14338507 4.64842590 2.43314018
v 0.30650347 4.64842590 2.55013058
v 0.10167387 4.38817550 2.17617058
v -0.01177173 4.64842590 2.30575058
v 0.66965547 5.09110590 3.23700098
v 0.56362747 4.88401550 2.93389058
v 0.46080187 5.09110590 3.14239058
v 1.10362267 5.09110590 3.38437058
v 0.95895947 4.88401550 3.09764018
v 0.88423227 5.09110590 3.31778018
v 1.21662027 4.64843550 2.96264018
v 1.07987307 4.38822510 2.74146018
v 0.83673947 4.64842590 2.83363058
v 1.02457387 4.64843550 2.90435058
v 0.73001787 4.38820590 2.59647058
v 0.65391707 4.64842590 2.75080018
v 1.55314027 5.09110590 3.47371058
v 1.37226987 4.88402510 3.20838098
v 1.32692027 5.09110590 3.43639058
v 2.01046027 5.09110590 3.50375058
v 1.79652027 4.88402510 3.26423058
v 1.78130987 5.09110590 3.49621058
v 2.01046027 4.64844590 3.06715058
v 1.82112027 4.38823550 2.88891058
v 1.61012987 4.64844590 3.04086018
v 1.80986987 4.64844590 3.06055058
v 1.44564987 4.38823550 2.83948018
v 1.41208987 4.64844590 3.00818018
v 2.46778987 5.09110590 3.47371058
v 2.22440987 4.88402510 3.26423058
v 2.23960987 5.09110590 3.49621058
v 2.91730027 5.09110590 3.38436098
v 2.64864987 4.88402510 3.20838098
v 2.69400987 5.09110590 3.43639058
v 2.80430027 4.64843550 2.96264018
v 2.57526987 4.38823550 2.83947058
v 2.41080027 4.64844590 3.04085058
v 2.60882987 4.64843550 3.00818098
v 2.19980987 4.38823550 2.88890018
v 2.21106027 4.64844590 3.06055058
v 3.35126987 5.09110590 3.23698098
v 3.06196027 4.88402510 3.09763058
v 3.13668987 5.09110590 3.31777058
v 3.76234027 5.09110590 3.03434098
v 3.45730027 4.88402510 2.93388098
v 3.56012027 5.09110590 3.14238098
v 3.54404027 4.64843550 2.65623058
v 3.29094027 4.38823550 2.59654018
v 3.18418987 4.64843550 2.83362098
v 3.36702027 4.64843550 2.75081058
v 2.94106027 4.38823550 2.74146018
v 2.99634987 4.64843550 2.90434018
v 4.14337067 5.09110590 2.77966018
v 3.82786027 4.88402510 2.71993058
v 3.95702027 5.09110590 2.91323058
v 4.48799067 5.09110590 2.47753058
v 4.16734027 4.88402510 2.45944018
v 4.32062027 5.09110590 2.63423058
v 4.17926027 4.64843550 2.16880018
v 3.91934027 4.38823550 2.17665058
v 3.87758987 4.64843550 2.43329058
v 4.03274987 4.64843550 2.30598098
v 3.61888987 4.38823550 2.40719058
v 3.71446027 4.64843550 2.55021058
v 4.79012027 5.09110590 2.13291058
v 4.46990027 4.88402510 2.15688018
v 4.64469067 5.09110590 2.31016018
v 5.04480027 5.09110590 1.75188098
v 4.73040027 4.88402510 1.81740018
v 4.92369067 5.09110590 1.94655058
v 4.66669067 4.64843550 1.53357058
v 4.41765067 4.38823550 1.60843058
v 4.44374987 4.64843550 1.86713058
v 4.56068027 4.64843550 1.70399058
v 4.18711067 4.38823550 1.90888098
v 4.31644027 4.64843550 2.02229058
v 5.24745067 5.09110590 1.34080018
v 4.94434027 4.88402510 1.44683058
v 5.15284027 5.09110590 1.54966018
v 5.39482987 5.09110590 0.90683858
v 5.10809067 4.88402510 1.05150098
v 5.32822987 5.09110590 1.12623058
v 4.97310027 4.64843550 0.79383778
v 4.75192027 4.38823550 0.93059778
v 4.84408987 4.64843550 1.17373058
v 4.91481067 4.64843550 0.98588818
v 4.60700027 4.38823550 1.28047058
v 4.76127067 4.64843550 1.35655058
v -0.53979573 4.10733550 1.05287058
v -0.51081973 3.81115550 0.85120258
v -0.65656533 4.10757550 0.71142098
v -0.60375973 4.10745550 0.88394738
v -0.37959973 4.10716510 1.37692018
v -0.37670453 3.81084510 1.17272018
v -0.46497493 4.10723550 1.21745058
v -0.24220773 3.50428590 1.29628018
v -0.39355813 3.50454510 0.99095698
v -0.32284213 3.50439550 1.14600018
v -0.50398453 3.50485550 0.66943698
v -0.45404213 3.50470510 0.83186738
v -0.17856773 4.10710510 1.67761058
v -0.20194773 3.81067550 1.47473058
v -0.28397093 4.10711550 1.53052018
v 0.05964187 4.10711550 1.94969058
v 0.01041547 3.81064590 1.75171058
v -0.06387093 4.10710510 1.81755058
v 0.17206347 3.50412590 1.83638018
v -0.05255253 3.50420510 1.57979058
v 0.05560187 3.50417550 1.71176018
v -0.15196693 3.50422510 1.44108018
v 0.33107947 4.10715550 2.18816018
v 0.25671947 3.81063550 1.99860018
v 0.19149147 4.10713550 2.07338018
v 0.63106987 4.10720510 2.38907058
v 0.53282107 3.81062510 2.21102018
v 0.47780427 4.10717550 2.29355058
v 0.71084187 3.50368510 2.25066018
v 0.42802587 3.50389550 2.06122018
v 0.56636747 3.50377550 2.16058018
v 0.29639787 3.50402590 1.95301058
v 0.95470907 4.10725550 2.54884018
v 0.83409387 3.81066510 2.38538018
v 0.79027627 4.10722590 2.47427058
v 1.29638987 4.10728590 2.66497058
v 1.15548747 3.81073550 2.51874018
v 1.12365227 4.10727550 2.61250018
v 1.33768027 3.50383550 2.51092018
v 1.01579227 3.50371550 2.40136018
v 1.17494827 3.50377550 2.46142018
v 0.86086987 3.50367550 2.33101058
v 1.65034987 4.10729550 2.73534018
v 1.49152027 3.81077550 2.60887058
v 1.47220987 4.10729550 2.70594018
v 2.01046027 4.10729550 2.75898018
v 1.83648987 3.81078590 2.65430018
v 1.83002027 4.10729550 2.75305058
v 2.01046027 3.50389550 2.59957058
v 1.67116027 3.50388510 2.57728018
v 1.84044027 3.50389550 2.59398098
v 1.50332027 3.50386510 2.54957058
v 2.37056987 4.10728590 2.73532018
v 2.18442987 3.81078590 2.65429058
v 2.19090027 4.10728590 2.75304018
v 2.72454027 4.10728590 2.66497058
v 2.52940027 3.81077550 2.60887058
v 2.54870987 4.10728590 2.70593058
v 2.68328027 3.50389550 2.51098018
v 2.34976987 3.50389550 2.57727058
v 2.51760987 3.50389550 2.54958018
v 2.18048027 3.50389550 2.59397058
v 3.06626027 4.10728590 2.54892018
v 2.86548027 3.81077550 2.51881058
v 2.89728987 4.10728590 2.61253058
v 3.38994987 4.10728590 2.38934098
v 3.18694027 3.81077550 2.38566018
v 3.23072027 4.10728590 2.47442098
v 3.31024027 3.50389550 2.25128018
v 3.00524987 3.50389550 2.40164018
v 3.16020987 3.50389550 2.33145058
v 2.84604987 3.50389550 2.46157058
v 3.68998987 4.10728590 2.18880098
v 3.48826027 3.81077550 2.21169058
v 3.54324987 4.10728590 2.29398098
v 3.96134987 4.10728590 1.95089058
v 3.76431067 3.81077550 1.99987058
v 3.82956027 4.10728590 2.07428018
v 3.84862987 3.50389550 1.83817058
v 3.59294027 3.50389550 2.06233058
v 3.72445067 3.50389550 1.95443058
v 3.45468027 3.50389550 2.16143058
v 4.19926987 4.10728590 1.67953058
v 4.01034027 3.81077550 1.75385058
v 4.08474987 4.10728590 1.81910018
v 4.39980987 4.10728590 1.37949058
v 4.22215067 3.81077550 1.47780018
v 4.30444027 4.10728590 1.53278018
v 4.26175067 3.50389550 1.29978018
v 4.07279067 3.50389550 1.58248018
v 4.17188987 3.50389550 1.44422018
v 3.96488987 3.50389550 1.71399058
v 4.55938027 4.10728590 1.05580098
v 4.39612027 3.81077550 1.17648018
v 4.48488027 4.10728590 1.22025058
v 4.67542987 4.10728590 0.71407618
v 4.52928027 3.81077550 0.85501938
v 4.62299067 4.10728590 0.88683138
v 4.52144027 3.50389550 0.67281618
v 4.41210027 3.50389550 0.99479058
v 4.47204027 3.50389550 0.83558978
v 4.34191067 3.50389550 1.14975058
v -2.87488933 0.25037550 1.99058978
v -2.51767013 0.01846430 1.67350978
v -2.05771973 0.22625870 1.47836978
v -2.43043013 0.23376670 1.76372978
v -3.82537013 0.37001710 2.26942018
v -3.43399973 0.09280830 2.04918018
v -3.34580933 0.29466030 2.15940018
v -4.01753013 -0.05464130 2.09814018
v -3.58049973 -0.36657970 2.01750978
v -3.02681013 -0.17906770 1.84632978
v -3.51369973 -0.12961650 2.00294018
v -2.62337013 -0.44774770 1.64080018
v -2.21361973 -0.22952850 1.37268018
v -2.58430933 -0.21002690 1.63424978
v -4.75105973 0.61835230 2.29692018
v -4.40892933 0.27473950 2.18810018
v -4.29575013 0.47984030 2.31994018
v -5.58002933 0.92056910 1.95036018
v -5.29827973 0.53382590 2.02612978
v -5.18540933 0.77977550 2.18632978
v -5.78149973 0.41342510 1.71090978
v -5.52272933 0.08296350 1.92052018
v -4.97907013 0.17724270 2.07694018
v -5.40749973 0.30266750 1.94172978
v -4.60844933 -0.17981650 2.12940018
v -4.51087013 0.05289230 2.12594018
v -3.10375973 -0.66166450 1.91982978
v -2.61796933 -0.95672450 1.75112978
v -2.23377973 -0.70770450 1.40652978
v -2.62791973 -0.69074450 1.68802018
v -4.17538933 -0.53346450 2.18532018
v -3.67141973 -0.88324450 2.18362018
v -3.63000933 -0.61204450 2.08968978
v -4.31427013 -1.11294450 2.36240978
v -3.76661973 -1.57179490 2.29312978
v -3.13433013 -1.24314450 2.07060978
v -3.71389013 -1.19742450 2.26338978
v -2.63475013 -1.62859490 1.82600018
v -2.18957973 -1.27162450 1.48902978
v -2.61357013 -1.26343490 1.80538018
v -5.20841973 -0.27795970 2.11624018
v -4.80653013 -0.67731490 2.28034018
v -4.70859973 -0.41750690 2.19444978
v -6.02309973 0.01670350 1.69458978
v -5.80306933 -0.34775170 1.99952978
v -5.65365973 -0.12862370 1.94990018
v -6.38927893 -0.36309250 1.76154978
v -6.10954933 -0.89144450 2.02588018
v -5.45387973 -0.79851490 2.23272978
v -5.97376933 -0.59007490 2.03906018
v -4.97670933 -1.33186450 2.35172978
v -4.89748933 -0.97638450 2.34634978
v -3.23981973 -2.06276450 2.05282018
v -2.80671013 -2.52970450 1.69916978
v -2.26880933 -2.06714450 1.47018018
v -2.70154933 -2.06992450 1.78822018
v -4.45359973 -1.93033490 2.31360978
v -3.92095973 -2.50907410 2.10028978
v -3.83879013 -2.02360450 2.23696018
v -4.59146933 -2.88749410 1.92098978
v -4.07756933 -3.40583490 1.60716978
v -3.43333013 -2.99800450 1.75888018
v -4.00369973 -2.98440450 1.88854978
v -3.04919973 -3.29988450 1.37162978
v -2.56762933 -2.91135490 1.32140978
v -2.94295973 -2.95023490 1.56598018
v -5.60377973 -1.53880450 2.10858018
v -5.09030933 -2.22488450 2.07402018
v -5.03941973 -1.76087490 2.25573938
v -6.68425973 -1.06687490 1.74596018
v -6.15191013 -1.72219410 1.72770978
v -6.15419973 -1.28771490 1.91734978
v -6.64873973 -1.87973410 1.33902978
v -6.15187973 -2.51246450 1.18014018
v -5.64723973 -2.42116450 1.65226018
v -6.14687013 -2.13821490 1.47118018
v -5.17529973 -3.10368450 1.51595938
v -5.13405013 -2.68534450 1.82220978
v -7.17286933 -1.32478450 1.52996978
v -7.65728933 -1.54289490 1.33886978
v -7.18323973 -2.00571490 1.05728978
v -7.16865973 -1.68894450 1.31584978
v -7.22010933 -0.56356450 1.62990978
v -7.64148933 -0.86554450 1.60724978
v -7.18753013 -0.93559490 1.65828018
v -8.00026933 -0.55011490 1.47524978
v -8.32417973 -0.78193490 1.42680978
v -8.06089973 -1.12688450 1.49559938
v -8.02359013 -0.82841490 1.54576018
v -8.39158933 -1.32942450 1.28037938
v -8.08926053 -1.66224450 1.13645938
v -8.06529973 -1.41862450 1.34530978
v 8.74352987 0.80079630 1.65875058
v 9.07578987 0.54223550 1.33607058
v 9.20470987 1.12073950 1.42759058
v 8.98758107 0.97163950 1.59081058
v 8.22868027 0.54627950 1.62379058
v 8.62875067 0.35108910 1.42090018
v 8.48914987 0.65849950 1.66638018
v 8.51841067 -0.01819970 1.16965058
v 8.79876027 -0.32094450 0.98985138
v 8.94274027 0.06262510 1.18178098
v 8.73563067 0.01541870 1.19657058
v 9.14316107 -0.28698530 0.92333698
v 9.29242027 0.15901630 0.99369538
v 9.13119067 0.11372430 1.11694098
v 7.70688107 0.41321630 1.41881058
v 8.14412987 0.23314030 1.31602018
v 7.96636987 0.46566510 1.54109058
v 7.25222987 0.36909470 1.05336018
v 7.69820027 0.20021630 1.06887058
v 7.45488027 0.38549230 1.25750018
v 7.75594987 0.00567550 0.75397538
v 8.06860987 -0.24188290 0.74405778
v 8.09150107 -0.02302850 1.01833058
v 7.90620027 -0.00914290 0.89901378
v 8.41613067 -0.30506930 0.91813938
v 8.29964027 -0.02853170 1.10939058
v 8.96186027 -0.63482450 0.78785538
v 9.02768027 -0.91570450 0.58765618
v 9.21812027 -0.63009410 0.66345138
v 9.10105067 -0.63298450 0.74519378
v 8.64324027 -0.61461410 0.77907378
v 8.77868027 -0.90385410 0.62167458
v 8.80708027 -0.63043490 0.79722018
v 8.61300987 -1.10874450 0.45367618
v 8.68415067 -1.30578450 0.33384018
v 8.84377067 -1.13882450 0.46729218
v 8.73168027 -1.13203490 0.46621458
v 8.87766027 -1.27426450 0.34468258
v 9.02542987 -1.11826450 0.41808018
v 8.94584027 -1.12655410 0.45586978
v 8.31762987 -0.54060450 0.67906338
v 8.49690027 -0.84322450 0.57568658
v 8.47687947 -0.58219410 0.73919858
v 8.05897067 -0.45973010 0.50389058
v 8.23928027 -0.74611410 0.47230338
v 8.17512027 -0.49730450 0.60013858
v 8.19594987 -0.91145410 0.31817378
v 8.28758987 -1.12109410 0.27526418
v 8.37539067 -1.02125490 0.40035618
v 8.27465067 -0.95904450 0.36560018
v 8.47484027 -1.25031410 0.30741138
v 8.49120987 -1.07148450 0.43071858
v -0.50214053 2.88217550 -0.67523662
v -0.50582693 2.57680510 -0.86787342
v -0.39280693 2.88266510 -0.99704062
v -0.43438773 3.19338510 -0.82709342
v -0.45281493 2.88249550 -0.83803582
v -0.63858853 2.27866590 -0.74506302
v -0.70160053 2.00023550 -0.99694622
v -0.52963733 2.28333550 -1.08827982
v -0.58992133 2.28112590 -0.91978382
v -0.57065493 2.00900590 -1.34161982
v -0.37566693 2.28685550 -1.40628942
v -0.37454533 2.57830510 -1.18805982
v -0.45809893 2.28526590 -1.25046942
v -0.24224053 2.88282590 -1.30130942
v -0.30442453 3.19324590 -1.13854942
v -0.32248933 2.88276510 -1.15165982
v -0.20221333 2.57926510 -1.48639982
v -0.05342293 2.88294510 -1.58331982
v -0.13510373 3.19317550 -1.43086942
v -0.15243253 2.88291550 -1.44538942
v -0.39216693 2.01514590 -1.65496942
v -0.17952453 2.28871550 -1.69825022
v -0.28270453 2.28806590 -1.55566942
v -0.16852533 2.01668590 -1.93864942
v 0.05623947 2.28755550 -1.96147982
v 0.00831307 2.57932590 -1.75915982
v -0.06643893 2.28860590 -1.83363982
v 0.17078107 2.88245550 -1.83833982
v 0.07062907 3.19310590 -1.69893982
v 0.05443467 2.88281550 -1.71449982
v 0.25447707 2.57735550 -2.00214942
v 0.42719707 2.88088590 -2.06181982
v 0.30956667 3.19261550 -1.93782942
v 0.29526267 2.88175550 -1.95424942
v 0.09741307 2.01172590 -2.19188942
v 0.32850347 2.28259550 -2.19300942
v 0.18819787 2.28537550 -2.08139982
v 0.39977307 2.00271550 -2.41251982
v 0.63042427 2.27744590 -2.38964942
v 0.53184507 2.57412590 -2.21171982
v 0.47622347 2.27977550 -2.29589022
v 0.71069867 2.87940590 -2.25039982
v 0.57765627 3.19183550 -2.14340942
v 0.56590347 2.88004590 -2.16066942
v 0.83410827 2.57221550 -2.38478942
v 1.01589227 2.87912590 -2.40095982
v 0.87000667 3.19144590 -2.31234942
v 0.86090267 2.87912590 -2.33060942
v 0.72965147 1.99645550 -2.59692942
v 0.95485707 2.27564590 -2.54810942
v 0.79017467 2.27616590 -2.47388942
v 1.08003227 1.99487550 -2.74079982
v 1.29655067 2.27583550 -2.66446942
v 1.15566107 2.57218590 -2.51816942
v 1.12385547 2.27562590 -2.61179982
v 1.33775067 2.87946590 -2.51071982
v 1.18161147 3.19156590 -2.44178942
v 1.17504747 2.87926590 -2.46110942
v 1.49161067 2.57261550 -2.60863982
v 1.67118027 2.87967550 -2.57721982
v 1.50736027 3.19174590 -2.52932942
v 1.50337067 2.87959550 -2.54944942
v 1.44579067 1.99499550 -2.83906942
v 1.65042027 2.27614590 -2.73512942
v 1.47233067 2.27600590 -2.70560942
v 1.82118027 1.99522590 -2.88873982
v 2.01048027 2.27631550 -2.75893982
v 1.83652027 2.57280590 -2.65422942
v 1.83006027 2.27624590 -2.75293982
v 2.01047067 2.87974590 -2.59955982
v 1.84179067 3.19181550 -2.57341982
v 1.84046027 2.87972590 -2.59394942
v 2.18443067 2.57287550 -2.65427982
v 2.34977067 2.87976590 -2.57727982
v 2.17913067 3.19182590 -2.57341982
v 2.18048027 2.87975550 -2.59396942
v 2.19982027 1.99538590 -2.88887982
v 2.37057067 2.27636590 -2.73532942
v 2.19091067 2.27635550 -2.75302942
v 2.57527067 1.99542590 -2.83947982
v 2.72454027 2.27636590 -2.66496942
v 2.52940027 2.57288590 -2.60886942
v 2.54871067 2.27637550 -2.70593982
v 2.68328027 2.87975550 -2.51097982
v 2.51359067 3.19182590 -2.52937982
v 2.51761067 2.87976590 -2.54957982
v 2.86548027 2.57287550 -2.51881982
v 3.00525067 2.87975550 -2.40163982
v 2.83943067 3.19182590 -2.44206942
v 2.84605067 2.87975550 -2.46157982
v 2.94106027 1.99541550 -2.74145982
v 3.06626027 2.27636590 -2.54891982
v 2.89729067 2.27636590 -2.61252942
v 3.29094027 1.99541550 -2.59653982
v 3.38995067 2.27636590 -2.38933982
v 3.18694027 2.57287550 -2.38565982
v 3.23072027 2.27636590 -2.47441982
v 3.31024027 2.87975550 -2.25128942
v 3.15110027 3.19182590 -2.31297982
v 3.16021067 2.87975550 -2.33144942
v 3.48826027 2.57287550 -2.21168942
v 3.59294027 2.87975550 -2.06232942
v 3.44324027 3.19182590 -2.14430942
v 3.45468027 2.87975550 -2.16142942
v 3.61888987 1.99541550 -2.40718942
v 3.68998987 2.27636590 -2.18879982
v 3.54324987 2.27636590 -2.29397982
v 3.91934027 1.99541550 -2.17664942
v 3.96134987 2.27636590 -1.95088942
v 3.76431067 2.57287550 -1.99986942
v 3.82956027 2.27636590 -2.07427982
v 3.84862987 2.87975550 -1.83816942
v 3.71088027 3.19182590 -1.93894942
v 3.72445067 2.87975550 -1.95442942
v 4.01034027 2.57287550 -1.75384942
v 4.07279067 2.87975550 -1.58247982
v 3.94940987 3.19182590 -1.70040942
v 3.96488987 2.87975550 -1.71398942
v 4.18711067 1.99541550 -1.90887982
v 4.19926987 2.27636590 -1.67952942
v 4.08474987 2.27636590 -1.81909982
v 4.41765067 1.99541550 -1.60842942
v 4.39980987 2.27636590 -1.37948942
v 4.22215067 2.57287550 -1.47779982
v 4.30444027 2.27636590 -1.53277902
v 4.26175067 2.87975550 -1.29977982
v 4.15476987 3.19182590 -1.43277982
v 4.17188987 2.87975550 -1.44421982
v 4.39612027 2.57287550 -1.17647982
v 4.41210027 2.87975550 -0.99478942
v 4.32344027 3.19182590 -1.14063982
v 4.34191067 2.87975550 -1.14974942
v 4.60700027 1.99541550 -1.28046942
v 4.55938027 2.27636590 -1.05579982
v 4.48488027 2.27636590 -1.22024942
v 4.75192027 1.99541550 -0.93059662
v 4.67542987 2.27636590 -0.71407582
v 4.52928027 2.57287550 -0.85501822
v 4.62299067 2.27636590 -0.88683022
v 4.52144027 2.87975550 -0.67281582
v 4.45254027 3.19182590 -0.82896862
v 4.47204027 2.87975550 -0.83558862
v -0.88123973 1.73072590 -0.90325582
v -0.98796933 1.49934590 -1.22647982
v -0.78019493 1.74719550 -1.28906942
v -0.83736933 1.73892590 -1.10253982
v -1.17237973 1.26621630 -1.12278942
v -1.29670933 1.09382590 -1.48905982
v -1.10045973 1.30205550 -1.57336942
v -1.14416933 1.28359790 -1.35867982
v -1.21748933 1.14209870 -1.93513982
v -0.96149973 1.33514190 -1.94995982
v -0.86844933 1.52464590 -1.60973982
v -1.03998933 1.31982430 -1.76955982
v -0.62594293 1.76149550 -1.62943022
v -0.70972053 1.75492590 -1.46422942
v -0.68772533 1.54291550 -1.94235022
v -0.41893653 1.76910510 -1.93443982
v -0.52885733 1.76632590 -1.78605982
v -1.05178933 1.17761150 -2.30418942
v -0.74782373 1.35287790 -2.27327022
v -0.86371973 1.34624350 -2.11725982
v -0.79713973 1.18970990 -2.61775982
v -0.46633333 1.35173550 -2.55873982
v -0.44680693 1.54850590 -2.23709982
v -0.61497253 1.35479150 -2.41982942
v -0.16247893 1.76740590 -2.20783022
v -0.29665253 1.76955550 -2.07491982
v -0.15146373 1.53901550 -2.50165982
v 0.13879387 1.75568590 -2.45137982
v -0.01688693 1.76235550 -2.33349982
v -0.46848053 1.17743870 -2.89943022
v -0.12704293 1.33212750 -2.81821022
v -0.30307493 1.34345870 -2.69181982
v -0.08185573 1.15043870 -3.15669022
v 0.25595387 1.30898190 -3.04747982
v 0.18911547 1.52018590 -2.73712942
v 0.05991627 1.31991150 -2.93704942
v 0.47511067 1.74252590 -2.66162942
v 0.30323627 1.74864590 -2.56093982
v 0.56232907 1.50581550 -2.93805022
v 0.83647947 1.73631550 -2.83395982
v 0.65308747 1.73857550 -2.75289982
v 0.34561227 1.12893550 -3.38087982
v 0.66884667 1.29678030 -3.23927982
v 0.45922267 1.30150430 -3.14862942
v 0.80127707 1.11997230 -3.56185982
v 1.10366187 1.29279710 -3.38413022
v 0.95881307 1.50043550 -3.09766942
v 0.88395147 1.29411150 -3.31819022
v 1.21675067 1.73490590 -2.96217982
v 1.02459627 1.73525550 -2.90398942
v 1.37244027 1.49921550 -3.20789982
v 1.61026027 1.73481550 -3.04049982
v 1.41225067 1.73477550 -3.00773982
v 1.27698027 1.11740190 -3.68795982
v 1.55334027 1.29194670 -3.47317982
v 1.32710027 1.29213550 -3.43586942
v 1.76468027 1.11723550 -3.75227022
v 2.01054027 1.29225950 -3.50353022
v 1.79664027 1.49924590 -3.26391022
v 1.78147067 1.29204830 -3.49580942
v 2.01051067 1.73506590 -3.06702942
v 1.80996027 1.73492590 -3.06030942
v 2.22443067 1.49952590 -3.26414942
v 2.41080027 1.73519550 -3.04083982
v 2.21108027 1.73514590 -3.06049982
v 2.25647067 1.11764750 -3.75261022
v 2.46780027 1.29247950 -3.47365982
v 2.23965067 1.29239790 -3.49609982
v 2.74417067 1.11779630 -3.68851022
v 2.91730027 1.29253790 -3.38435982
v 2.64865067 1.49961550 -3.20836942
v 2.69401067 1.29252030 -3.43637022
v 2.80430027 1.73521550 -2.96263982
v 2.60883067 1.73520590 -3.00817982
v 3.06196027 1.49963550 -3.09762942
v 3.18419067 1.73521550 -2.83362942
v 2.99635067 1.73521550 -2.90434942
v 3.21933067 1.11783070 -3.56121982
v 3.35127067 1.29254990 -3.23698942
v 3.13669067 1.29254670 -3.31777022
v 3.67383067 1.11783470 -3.37295982
v 3.76234027 1.29254830 -3.03433982
v 3.45730027 1.49963550 -2.93387982
v 3.56012027 1.29254990 -3.14237982
v 3.54404027 1.73521550 -2.65622942
v 3.36702027 1.73521550 -2.75080942
v 3.82786027 1.49963550 -2.71992942
v 3.87758987 1.73521550 -2.43328942
v 3.71446027 1.73521550 -2.55020942
v 4.09985067 1.11783150 -3.12698942
v 4.14337067 1.29254670 -2.77965982
v 3.95702027 1.29254750 -2.91322942
v 4.49012987 1.11783070 -2.82751982
v 4.48799067 1.29254670 -2.47752942
v 4.16734027 1.49963550 -2.45943982
v 4.32062027 1.29254670 -2.63422942
v 4.17926027 1.73521550 -2.16879982
v 4.03274987 1.73521550 -2.30597982
v 4.46990027 1.49963550 -2.15687982
v 4.44374987 1.73521550 -1.86712942
v 4.31644027 1.73521550 -2.02228942
v 4.83798027 1.11783070 -2.47966942
v 4.79014027 1.29237230 -2.13288942
v 4.64469067 1.29254670 -2.31015982
v 5.13761067 1.11608990 -2.08917982
v 5.04496027 1.29080430 -1.75166942
v 4.73040987 1.49945550 -1.81737982
v 4.92376027 1.29185070 -1.94646942
v 4.66669067 1.73521550 -1.53356942
v 4.56068027 1.73521550 -1.70398942
v 4.94442027 1.49876590 -1.44672942
v 4.84408987 1.73521550 -1.17372942
v 4.76127067 1.73521550 -1.35654942
v 5.38421067 1.10912190 -1.66233982
v 5.24768027 1.28687790 -1.34016942
v 5.15316027 1.28906350 -1.54923982
v 5.57068027 1.09771790 -1.20680942
v 5.39294027 1.28218750 -0.90593422
v 5.10798987 1.49762510 -1.05128942
v 5.32783067 1.28450190 -1.12540942
v 4.97310027 1.73521550 -0.79383662
v 4.91481067 1.73521550 -0.98588782
v -1.42866933 0.90440350 -1.32527982
v -1.58383973 0.79384750 -1.72207982
v -1.42623973 0.96287470 -1.86471022
v -1.43634933 0.93215470 -1.60753982
v -1.69675973 0.61403950 -1.50149022
v -2.00045973 0.58929630 -1.98905022
v -1.79021973 0.73901150 -2.15079982
v -1.75991973 0.67416750 -1.84067022
v -2.02641973 0.74052190 -2.60848942
v -1.74817973 0.82895470 -2.67898942
v -1.58062933 0.87505630 -2.26175022
v -1.78779973 0.79012990 -2.43063982
v -1.33573973 1.01941550 -2.30814942
v -1.39411973 0.99311150 -2.09788942
v -1.45118933 0.93068350 -2.69363982
v -1.13043973 1.04999950 -2.66757022
v -1.24687973 1.03833630 -2.49657982
v -1.89617973 0.81931550 -3.09877982
v -1.54856933 0.87484350 -3.08523982
v -1.66688933 0.85692030 -2.89463022
v -1.61143973 0.85254590 -3.47768942
v -1.21941973 0.88382430 -3.42209982
v -1.18999973 0.95167230 -3.04010942
v -1.39785973 0.88353950 -3.25850942
v -0.82632933 1.05206190 -2.97483982
v -0.98928933 1.05453230 -2.82551982
v -0.82841973 0.94162590 -3.34933022
v -0.44608053 1.02923230 -3.25941982
v -0.64444053 1.04271390 -3.11991982
v -1.21033973 0.84972830 -3.81904942
v -0.79614933 0.86447230 -3.74111982
v -1.01789973 0.87651550 -3.58368942
v -0.72328533 0.82690430 -4.14838942
v -0.30344053 0.83762350 -4.03479022
v -0.39296933 0.91372030 -3.63862942
v -0.55704453 0.85055470 -3.89221022
v -0.00973733 1.00084430 -3.51632942
v -0.23369573 1.01436190 -3.39199982
v 0.09465867 0.89071150 -3.89451982
v 0.46434347 0.98530990 -3.73449982
v 0.22334347 0.99142430 -3.63105022
v -0.17299653 0.80664350 -4.44292942
v 0.23703547 0.82257470 -4.28584942
v -0.03820133 0.82853790 -4.16669022
v 0.42175947 0.79769470 -4.68253982
v 0.81096507 0.81712270 -4.47776942
v 0.61795707 0.88086670 -4.10275982
v 0.52063627 0.81901070 -4.39022942
v 0.96528347 0.97981950 -3.90088942
v 0.71205867 0.98170590 -3.82500942
v 1.16561307 0.87796590 -4.24831982
v 1.48358027 0.97856590 -4.00345982
v 1.22281067 0.97885790 -3.96046942
v 1.04614107 0.79498910 -4.84970942
v 1.40564027 0.81593950 -4.59589982
v 1.10638667 0.81618830 -4.54641982
v 1.68722027 0.79494670 -4.93458942
v 2.01058027 0.81643550 -4.63615982
v 1.72734027 0.87783550 -4.32251022
v 1.70746027 0.81611150 -4.62590942
v 2.01057067 0.97896830 -4.03848942
v 1.74652027 0.97868750 -4.02957022
v 2.29386027 0.87834430 -4.32293022
v 2.53764027 0.97926430 -4.00410942
v 2.27465067 0.97915470 -4.02994942
v 2.33397067 0.79548590 -4.93501022
v 2.61565067 0.81676830 -4.59667022
v 2.31375067 0.81664670 -4.62633982
v 2.97534107 0.79566670 -4.85069022
v 3.21047067 0.81685230 -4.47849022
v 2.85568027 0.87852350 -4.24908942
v 2.91499067 0.81682990 -4.54731982
v 3.05578027 0.97934590 -3.90116942
v 2.79839067 0.97932190 -3.96111982
v 3.40305067 0.87856030 -4.10245022
v 3.55602027 0.97936350 -3.73129982
v 3.30867067 0.97935870 -3.82441982
v 3.60021067 0.79570190 -4.68326942
v 3.78473067 0.81687070 -4.28346942
v 3.50079067 0.81686590 -4.39037982
v 4.19791067 0.79570510 -4.43569982
v 4.32870027 0.81686750 -4.01530942
v 3.92662027 0.87856590 -3.88557982
v 4.06110987 0.81686990 -4.15829022
v 4.02986027 0.97936190 -3.49769982
v 3.79676027 0.97936350 -3.62224942
v 4.41739067 0.87856270 -3.60222942
v 4.46908027 0.97935950 -3.20413982
v 4.25426987 0.97936030 -3.35809982
v 4.75816027 0.79570190 -4.11222942
v 4.83292027 0.81686590 -3.67829982
v 4.58632027 0.81686670 -3.85504942
v 5.27142027 0.79570030 -3.71839902
v 5.28894987 0.81686590 -3.27848942
v 4.86699067 0.87856190 -3.25723902
v 5.06747067 0.81686590 -3.48584942
v 4.86632027 0.97935950 -2.85585982
v 4.67340027 0.97935950 -3.03648942
v 5.26770027 0.87856190 -2.85652942
v 5.21468027 0.97848830 -2.45851982
v 5.04695067 0.97935950 -2.66293982
v 5.72886027 0.79570030 -3.26094942
v 5.68892987 0.81494430 -2.82256942
v 5.49631067 0.81686590 -3.05700942
v 6.12346987 0.78625390 -2.74996942
v 6.02742987 0.79766350 -2.31935982
v 5.61319067 0.87298270 -2.40660942
v 5.86618027 0.80918430 -2.57629982
v 5.50896027 0.97064990 -2.01836942
v 5.36888107 0.97587550 -2.24339982
v 5.89854027 0.85067070 -1.91456942
v 5.74292987 0.95101230 -1.54236942
v 5.63429067 0.96194030 -1.78424942
v 6.45002027 0.74846430 -2.19879982
v 6.30324027 0.74845630 -1.77456942
v 6.17207067 0.77846190 -2.05287982
v 6.73725067 0.64470190 -1.59984942
v 6.50885067 0.66042590 -1.18081982
v 6.11663067 0.80823790 -1.38622942
v 6.42410027 0.70452350 -1.48210942
v 5.90221067 0.92756430 -1.04079982
v 5.83288987 0.93913230 -1.29410942
v -2.35937973 0.41853390 -1.92887982
v -2.74189973 0.56549790 -2.40663982
v -2.33703973 0.65513950 -2.50125982
v -2.34132933 0.55541630 -2.19293022
v -3.25353013 0.46990750 -2.33677022
v -3.58775973 0.69619550 -2.72051022
v -3.06320933 0.72634270 -2.87387982
v -3.16154933 0.61251230 -2.58449022
v -3.29380933 0.91342190 -3.34107022
v -2.82080933 0.88313070 -3.46305022
v -2.61935973 0.75346830 -2.99207982
v -2.95185973 0.81526030 -3.17627982
v -2.24446933 0.78139150 -3.07215022
v -2.30723973 0.72842830 -2.79921982
v -2.39826933 0.85857150 -3.50924942
v -2.00153973 0.84619390 -3.50931982
v -2.14124933 0.82013470 -3.30532942
v -2.93286933 1.04506990 -3.88907982
v -2.48042933 0.96947790 -3.91685022
v -2.66341973 0.93381950 -3.70550942
v -2.49536933 1.11255950 -4.30308942
v -2.04074933 1.00431790 -4.29884942
v -2.05015973 0.90805630 -3.90645982
v -2.27261973 0.99225950 -4.11023982
v -1.62854933 0.86639390 -3.87182942
v -1.82931973 0.86110190 -3.69463982
v -1.59532933 0.91675790 -4.27797982
v -1.15584933 0.85548990 -4.22966942
v -1.40319973 0.86360350 -4.05142942
v -1.97272933 1.13535710 -4.70224942
v -1.50887973 1.00526750 -4.69541982
v -1.78556933 1.00780430 -4.49586942
v -1.36679973 1.13279310 -5.11871982
v -0.89820933 0.99231870 -5.07861982
v -1.05268933 0.90275950 -4.65175982
v -1.21249973 0.99925710 -4.89163022
v -0.60541333 0.83431550 -4.56703982
v -0.88905973 0.84480750 -4.40279022
v -0.43973413 0.88739710 -4.98935022
v 0.00266987 0.82165950 -4.85533982
v -0.30748453 0.82676990 -4.71865022
v -0.68980053 1.12406190 -5.49773982
v -0.22359333 0.98310190 -5.40497982
v -0.56781733 0.98700110 -5.25053982
v 0.04339947 1.11863550 -5.80213022
v 0.49729547 0.97875150 -5.65186942
v 0.22593227 0.87987390 -5.26213982
v 0.13219947 0.98041950 -5.53955902
v 0.65141387 0.81670110 -5.07483982
v 0.32298827 0.81847390 -4.97482942
v 0.92664027 0.87727470 -5.45141982
v 1.32490027 0.81560270 -5.20933982
v 0.98588587 0.81582750 -5.15308942
v 0.81526667 1.11626190 -6.01230942
v 1.24684027 0.97762990 -5.80239982
v 0.86942747 0.97789710 -5.73953982
v 1.60959067 1.11602110 -6.11801982
v 2.01053067 0.97796910 -5.85307022
v 1.64704027 0.87717310 -5.54699982
v 1.62780027 0.97772910 -5.84029022
v 2.01056027 0.81608670 -5.25489982
v 1.66696027 0.81577390 -5.24335982
v 2.37408027 0.87764190 -5.54731982
v 2.69640027 0.81640670 -5.21005982
v 2.35420027 0.81628910 -5.24372942
v 2.41149067 1.11632910 -6.11829982
v 2.77445067 0.97822110 -5.80303022
v 2.39329067 0.97812670 -5.84056942
v 3.20665067 1.11644670 -6.01364942
v 3.52538027 0.97828990 -5.65377022
v 3.09503067 0.87780270 -5.45247022
v 3.15236027 0.97826910 -5.74069022
v 3.37060027 0.81648510 -5.07609022
v 3.03569067 0.81646350 -5.15411022
v 3.79743067 0.87783550 -5.26425982
v 4.02148107 0.81650110 -4.85503982
v 3.69965067 0.81649710 -4.97621022
v 3.98134027 1.11647710 -5.80603982
v 4.25034107 0.97830510 -5.40754942
v 3.89188027 0.97830110 -5.54251982
v 4.72233067 1.11648030 -5.49911022
v 4.93706107 0.97830270 -5.06901902
v 4.46928027 0.87783950 -4.98596942
v 4.59924107 0.97830510 -5.24950942
v 4.63804107 0.81649790 -4.55109982
v 4.33474107 0.81650110 -4.71314942
v 5.09903067 0.87783550 -4.62237982
v 5.20954027 0.81649550 -4.16910942
v 4.93003067 0.81649710 -4.36944942
v 5.41689067 1.11647870 -5.09809902
v 5.57360107 0.97830110 -4.64356942
v 5.26228027 0.97830190 -4.86670942
v 6.05320107 1.11647790 -4.60984942
v 6.14930027 0.97830110 -4.13883982
v 5.67596027 0.87783470 -4.17968942
v 5.86971067 0.97830110 -4.40060942
v 5.72642027 0.81649550 -3.71594942
v 5.47539067 0.81649550 -3.95097982
v 6.19015067 0.87783470 -3.66549902
v 6.17976987 0.81386270 -3.20044942
v 5.96144027 0.81649550 -3.46492942
v 6.62031067 1.11647790 -4.04273902
v 6.65450027 0.97549950 -3.56617982
v 6.41108027 0.97830110 -3.85923902
v 7.11218987 1.10541870 -3.41995982
v 7.08416027 0.95029150 -2.95706942
v 6.63387947 0.86676030 -3.09773982
v 6.87904027 0.96709630 -3.26400942
v 6.56352027 0.79016350 -2.64137982
v 6.38070027 0.80596270 -2.92508942
v 7.00162987 0.82246670 -2.50468942
v 6.88246027 0.71844350 -2.05709902
v 6.72753067 0.76383070 -2.35188942
v 7.52770027 1.06118350 -2.77951902
v 7.44235067 0.87144190 -2.34820942
v 7.26934027 0.92228190 -2.64972942
v 7.88642987 0.91396750 -2.16463982
v 7.78308027 0.65475950 -1.78764942
v 7.32857067 0.69618430 -1.92163982
v 7.61100107 0.78614270 -2.05877982
v 7.22019067 0.53710670 -1.48150942
v 7.03803067 0.64547950 -1.75750942
v -4.16441973 0.66231470 -2.52547982
v -4.41343973 0.97796830 -2.84549982
v -3.83015973 0.94395550 -3.13656942
v -4.00803973 0.81627790 -2.80875982
v -5.03047013 1.00812350 -2.44553982
v -5.10032933 1.46207790 -2.80051982
v -4.51961013 1.32580830 -3.25845982
v -4.79499973 1.18647550 -2.82699022
v -4.48195013 1.69910590 -3.73186942
v -3.97045973 1.52444590 -4.03117982
v -3.95681973 1.22102590 -3.58343982
v -4.24487013 1.43709790 -3.66771982
v -3.42399973 1.12935070 -3.79285982
v -3.63429973 1.04757150 -3.47566942
v -3.46119973 1.37364670 -4.20097022
v -2.96804933 1.23676990 -4.27895982
v -3.20280933 1.19151790 -4.05490942
v -3.89531973 1.84689550 -4.42555022
v -3.41619893 1.64242590 -4.57085982
v -3.69604933 1.59194590 -4.32519982
v -3.29634933 1.93214590 -4.91252942
v -2.81845973 1.70361550 -5.00127022
v -2.92972933 1.45689150 -4.64492942
v -3.12547893 1.67870590 -4.78918942
v -2.44713973 1.28732750 -4.68151022
v -2.71704933 1.26780670 -4.48211022
v -2.32958933 1.49362590 -5.07015982
v -1.84409973 1.30213630 -5.11277022
v -2.15565973 1.29803070 -4.89426942
v -2.63126933 1.97482590 -5.36645982
v -2.14142933 1.72958590 -5.46152942
v -2.48971973 1.71995550 -5.22814942
v -1.88509973 1.99154590 -5.84201982
v -1.39499973 1.73597550 -5.91461982
v -1.65116933 1.50339550 -5.52153982
v -1.77579973 1.73431550 -5.69311022
v -1.16665973 1.29943070 -5.53649982
v -1.51392933 1.30186270 -5.32939022
v -0.90808933 1.50237550 -5.93402942
v -0.42717333 1.29488510 -5.89678942
v -0.80374933 1.29705870 -5.72646942
v -1.08154933 1.99555550 -6.27490942
v -0.59564613 1.73601550 -6.29981982
v -1.00121973 1.73641550 -6.11773982
v -0.23566133 1.99524590 -6.62217902
v 0.24614827 1.73428590 -6.59019982
v -0.11350533 1.49983550 -6.26469022
v -0.17946373 1.73517550 -6.45819982
v 0.35923947 1.29168670 -6.16835982
v -0.03885973 1.29304750 -6.04491982
v 0.71985947 1.49805550 -6.49273982
v 1.17700747 1.29064110 -6.33348942
v 0.76517867 1.29093790 -6.26457982
v 0.64630747 1.99412590 -6.86223982
v 1.12005947 1.73345550 -6.76695982
v 0.68000347 1.73373550 -6.69317022
v 1.55306107 1.99374590 -6.98345982
v 2.01059067 1.73335550 -6.82653982
v 1.57759067 1.49769550 -6.60737982
v 1.56427067 1.73335550 -6.81147022
v 2.01053067 1.29075070 -6.38894942
v 1.59278027 1.29063150 -6.37497982
v 2.44358107 1.49779550 -6.60783022
v 2.84438027 1.29088750 -6.33432942
v 2.42833067 1.29083390 -6.37531982
v 2.46829067 1.99368590 -6.98418062
v 2.90152107 1.73336590 -6.76828942
v 2.45698107 1.73335550 -6.81204942
v 3.37595067 1.99368590 -6.86481982
v 3.77735067 1.73339550 -6.59417902
v 3.30235067 1.49784590 -6.49480942
v 3.34228027 1.73338590 -6.69556942
v 3.66407067 1.29093790 -6.17137022
v 3.25689067 1.29091950 -6.26625982
v 4.13902107 1.49786590 -6.27056942
v 4.45540107 1.29095070 -5.90259982
v 4.06412107 1.29094670 -6.04992942
v 4.26029067 1.99369550 -6.62783022
v 4.62290027 1.73340590 -6.30698942
v 4.20482107 1.73339550 -6.46440062
v 5.10616027 1.99370590 -6.27744942
v 5.42384027 1.73340590 -5.91214942
v 4.93930107 1.49787550 -5.93907982
v 5.02983067 1.73340590 -6.12265982
v 5.20499067 1.29094990 -5.53307982
v 4.83624027 1.29095070 -5.73008942
v 5.68943067 1.49787550 -5.50598942
v 5.89980027 1.29094830 -5.06867982
v 5.55998027 1.29094830 -5.31223982
v 5.89904027 1.99369550 -5.81967982
v 6.16625067 1.73340590 -5.41592942
v 5.80315067 1.73340590 -5.67617982
v 6.62540027 1.99369550 -5.26231902
v 6.83771067 1.73340590 -4.82724942
v 6.37665067 1.49786590 -4.97866942
v 6.51161067 1.73340590 -5.13255902
v 6.52820107 1.29094830 -4.51773902
v 6.22301067 1.29094830 -4.80347902
v 6.98912987 1.49786590 -4.36617982
v 7.08080027 1.28825470 -3.89236942
v 6.81394027 1.29094830 -4.21254942
v 7.27278027 1.99369550 -4.61493902
v 7.42985947 1.73103550 -4.15714942
v 7.14303067 1.73340590 -4.50114942
v 7.84695067 1.98543550 -3.89076942
v 7.95729067 1.70975550 -3.42701902
v 7.52672027 1.48760590 -3.68809982
v 7.70050987 1.72394590 -3.79814942
v 7.56014027 1.26401470 -3.22492942
v 7.32934027 1.28017470 -3.56167902
v 8.00088027 1.44653630 -2.97445982
v 7.97182027 1.18121790 -2.55410942
v 7.77374987 1.23708030 -2.88658942
v 8.37195067 1.95238590 -3.10666942
v 8.43716987 1.63280590 -2.65810942
v 8.20248027 1.68611550 -3.04664942
v 8.86700027 1.82156590 -2.25466942
v 8.85398987 1.32605870 -1.89498942
v 8.41590027 1.28237790 -2.26809902
v 8.66242987 1.52961550 -2.26249982
v 8.32788107 0.91008270 -1.93654942
v 8.15597947 1.07826990 -2.23494942
v -5.58326933 1.74847550 -2.27221022
v -5.35882933 2.23256590 -2.83331022
v -4.96206933 1.92453550 -3.32117982
v -5.27699013 1.82504590 -2.81335982
v -5.63329013 2.61361550 -2.29413022
v -5.33937973 3.04060590 -2.78836062
v -5.09913973 2.67878590 -3.33077022
v -5.37965973 2.64179550 -2.82815022
v -4.79159973 3.08716590 -3.74076942
v -4.50163013 2.75939550 -4.20051982
v -4.75729973 2.35561550 -3.80183022
v -4.80276933 2.71963550 -3.79166942
v -4.34627013 2.08201550 -4.17600942
v -4.65155973 2.01035550 -3.77923982
v -4.15088933 2.45786590 -4.54244942
v -3.74572933 2.18308590 -4.77189982
v -4.04700933 2.13899550 -4.49997022
v -4.21436933 3.13442590 -4.50759982
v -3.90845893 2.82093550 -4.84695982
v -4.20674933 2.79313550 -4.54699022
v -3.61420933 3.16940590 -5.10665982
v -3.26294933 2.85909550 -5.37080942
v -3.53589893 2.52239550 -5.08269982
v -3.59707893 2.84288590 -5.11627022
v -3.10499893 2.23980590 -5.24278942
v -3.43439893 2.21609550 -5.01257982
v -2.83946933 2.55661550 -5.57216942
v -2.37190933 2.26625550 -5.72687982
v -2.74947973 2.25602590 -5.48331982
v -2.91535973 3.18817550 -5.63952942
v -2.50352933 2.87578590 -5.87807022
v -2.89637973 2.86964590 -5.62642942
v -2.10636933 3.19312590 -6.14117982
v -1.66351973 2.87986590 -6.34915982
v -2.04600933 2.56975550 -6.06069982
v -2.09052933 2.87877550 -6.12066942
v -1.56685973 2.27482590 -6.19393022
v -1.97634933 2.27201550 -5.96617982
v -1.19717973 2.57291550 -6.49841982
v -0.71874533 2.27652590 -6.59022942
v -1.14750933 2.27619550 -6.40283982
v -1.24006933 3.19296590 -6.57993022
v -0.78602453 2.88029550 -6.74613982
v -1.22865973 2.88030590 -6.55848942
v -0.34321173 3.19236590 -6.93059982
v 0.12225147 2.87966590 -7.04637982
v -0.31466773 2.57288590 -6.84987982
v -0.33569333 2.88001550 -6.90960942
v 0.16519467 2.27569550 -6.88967982
v -0.28102613 2.27622590 -6.75341022
v 0.59982587 2.57217550 -7.09406942
v 1.07979947 2.27511550 -7.07310942
v 0.61946667 2.27533550 -6.99635982
v 0.58351627 3.19192590 -7.17449982
v 1.05887627 2.87930590 -7.23167022
v 0.58772747 2.87943630 -7.15392942
v 1.53249067 3.19181550 -7.29961982
v 2.01076027 2.87922590 -7.29531982
v 1.53777067 2.57190590 -7.21855982
v 1.53384027 2.87924590 -7.27899982
v 2.01068027 2.27494590 -7.13549022
v 1.54420027 2.27500590 -7.11959982
v 2.48379067 2.57183550 -7.21950942
v 2.94191067 2.27490590 -7.07479982
v 2.47726027 2.27491630 -7.12044942
v 2.48914027 3.19182590 -7.30063982
v 2.96284027 2.87921550 -7.23341982
v 2.48778027 2.87921550 -7.28001982
v 3.43794107 3.19182590 -7.17611982
v 3.89887067 2.87921550 -7.04755982
v 3.42203067 2.57182590 -7.09628942
v 3.43389067 2.87921550 -7.15583022
v 3.85741067 2.27491630 -6.89288942
v 3.40263067 2.27490590 -6.99883982
v 4.33619067 2.57183550 -6.85139022
v 4.74126107 2.27492590 -6.59271982
v 4.30423067 2.27492590 -6.75725982
v 4.36238027 3.19182590 -6.92852942
v 4.80255067 2.87921550 -6.74069982
v 4.35572107 2.87921550 -6.90891902
v 5.24662027 3.19182590 -6.56227982
v 5.65856107 2.87921550 -6.31869902
v 5.21059067 2.57183550 -6.48921022
v 5.23746027 2.87921550 -6.54370062
v 5.57848107 2.27492590 -6.17998942
v 5.16662027 2.27492590 -6.40003982
v 6.03021067 2.57183550 -6.01598942
v 6.35452027 2.27492590 -5.66128942
v 5.97498107 2.27492590 -5.93332942
v 6.07547067 3.19182590 -6.08372942
v 6.45203067 2.87921550 -5.78835982
v 6.06396027 2.87921550 -6.06650942
v 6.83478987 3.19182590 -5.50107982
v 7.16966027 2.87921550 -5.15918942
v 6.78108027 2.57183550 -5.43982942
v 6.82112987 2.87921550 -5.48550942
v 7.05640027 2.27492590 -5.04593982
v 6.71552987 2.27492590 -5.36508942
v 7.45029067 2.57183550 -4.77060942
v 7.67636027 2.27327550 -4.34415982
v 7.37554987 2.27492590 -4.70506942
v 7.51154027 3.19182590 -4.82432942
v 7.80332027 2.87848590 -4.44144942
v 7.49596987 2.87921550 -4.81066942
v 8.11022027 3.19035550 -4.06477982
v 8.37414027 2.87185550 -3.64698942
v 8.04527067 2.56709550 -4.01936942
v 8.09496027 2.87627550 -4.05304942
v 8.23654987 2.25841550 -3.56896942
v 7.96223067 2.26831550 -3.96488942
v 8.59374107 2.54811550 -3.19826942
v 8.75830987 2.21146590 -2.72962942
v 8.50268987 2.24189550 -3.15805982
v 8.65286027 3.18446590 -3.23504942
v 8.89604987 2.85665550 -2.78863902
v 8.64412027 2.86448590 -3.22477902
v 9.11720027 3.17762590 -2.34968942
v 9.31047067 2.84947550 -1.88350942
v 9.08043067 2.51324590 -2.31790942
v 9.12111067 2.85082590 -2.34080942
v 9.21696027 2.11988510 -1.82249902
v 9.00103067 2.15979550 -2.28116942
v -5.45185973 3.40825550 -2.19299982
v -5.08880933 3.76852590 -2.59169982
v -4.99305013 3.42887550 -3.18935022
v -5.23787013 3.41681550 -2.70437982
v -5.07706933 4.09123550 -1.99081982
v -4.70265013 4.39069550 -2.34209982
v -4.70405973 4.09749550 -2.92371982
v -4.90584933 4.09379550 -2.46577982
v -4.31147973 4.39587550 -3.20997982
v -4.23323013 4.10589550 -3.76897982
v -4.61961973 3.78262510 -3.50881022
v -4.47781973 4.10172590 -3.35974942
v -4.45087973 3.45762590 -4.05303982
v -4.72737973 3.44296590 -3.64114942
v -4.09174933 3.79828590 -4.29319022
v -3.88717893 3.48364590 -4.74645982
v -4.17354933 3.47138590 -4.41827022
v -3.83503013 4.39901550 -3.99243982
v -3.70314933 4.11211630 -4.49655982
v -3.97641973 4.10940510 -4.14650942
v -3.28083893 4.39855630 -4.68107982
v -3.09039893 4.11467630 -5.13099022
v -3.51265893 3.81047550 -4.94906942
v -3.40921973 4.11391550 -4.82331982
v -3.25437973 3.50119550 -5.33015982
v -3.58352933 3.49378590 -5.04721982
v -2.83163973 3.81567630 -5.53037982
v -2.50127973 3.50682510 -5.86833022
v -2.89152933 3.50524590 -5.60489982
v -2.63071893 4.39582590 -5.29292942
v -2.36994933 4.11310590 -5.69965982
v -2.74245973 4.11426590 -5.42377982
v -1.88969973 4.39244590 -5.82976942
v -1.56939973 4.11021550 -6.19263982
v -2.04558933 3.81468590 -6.05415022
v -1.97741973 4.11161630 -5.95661982
v -1.66393973 3.50606590 -6.34879982
v -2.08997973 3.50680590 -6.11733982
v -1.19893973 3.81266590 -6.50051982
v -0.78686933 3.50504590 -6.74765982
v -1.22948933 3.50548590 -6.55959982
v -1.08600933 4.39027550 -6.27815022
v -0.72133413 4.10883550 -6.59425982
v -1.15043973 4.10933630 -6.40569982
v -0.23804373 4.38972590 -6.62617022
v 0.16414667 4.10857550 -6.89167022
v -0.31592773 3.81189630 -6.85229022
v -0.28287333 4.10862590 -6.75675982
v 0.12188587 3.50453630 -7.04711982
v -0.33633173 3.50473630 -6.91085982
v 0.59945547 3.81171630 -7.09483902
v 1.05878987 3.50438590 -7.23187022
v 0.58753787 3.50442590 -7.15432942
v 0.64563627 4.38978590 -6.86351022
v 1.07956027 4.10861630 -7.07361982
v 0.61893387 4.10857550 -6.99742942
v 1.55295067 4.38988590 -6.98370942
v 2.01064027 4.10869550 -7.13555982
v 1.53770027 3.81174590 -7.21871022
v 1.54410027 4.10865550 -7.11980942
v 2.01074107 3.50441630 -7.29534942
v 1.53380027 3.50439630 -7.27907982
v 2.48378107 3.81180590 -7.21950942
v 2.96284027 3.50443630 -7.23340942
v 2.48778027 3.50442590 -7.28001982
v 2.46827067 4.38994590 -6.98418062
v 2.94191067 4.10873550 -7.07476942
v 2.47724027 4.10872590 -7.12044942
v 3.37596027 4.38995550 -6.86478942
v 3.85741067 4.10873550 -6.89287982
v 3.42203067 3.81181550 -7.09626942
v 3.40263067 4.10873550 -6.99880942
v 3.89887067 3.50443630 -7.04755982
v 3.43389067 3.50443630 -7.15582062
v 4.33619067 3.81181550 -6.85139022
v 4.80255067 3.50443630 -6.74069982
v 4.35572107 3.50443630 -6.90891902
v 4.26029067 4.38995550 -6.62781982
v 4.74126107 4.10873550 -6.59271982
v 4.30423067 4.10873550 -6.75725982
v 5.10616027 4.38995550 -6.27744942
v 5.57848107 4.10873550 -6.17998942
v 5.21059067 3.81181550 -6.48921022
v 5.16662027 4.10873550 -6.40003982
v 5.65856107 3.50443550 -6.31869902
v 5.23746027 3.50443550 -6.54370062
v 6.03021067 3.81181550 -6.01598942
v 6.45203067 3.50443550 -5.78835982
v 6.06396027 3.50443550 -6.06650942
v 5.89904027 4.38995550 -5.81967982
v 6.35452027 4.10873550 -5.66128942
v 5.97498107 4.10873550 -5.93332942
v 6.62540027 4.38995550 -5.26231902
v 7.05640027 4.10873550 -5.04593982
v 6.78108027 3.81181550 -5.43982942
v 6.71552987 4.10873550 -5.36508942
v 7.16966027 3.50443550 -5.15918942
v 6.82112987 3.50443550 -5.48550942
v 7.45029067 3.81181550 -4.77060942
v 7.80207067 3.50428590 -4.44153902
v 7.49596987 3.50443550 -4.81066942
v 7.27278027 4.38995550 -4.61493902
v 7.67322107 4.10873550 -4.34405982
v 7.37554987 4.10873550 -4.70506942
v 7.83306987 4.38995550 -3.88856942
v 8.20510027 4.10873550 -3.56801902
v 8.03585067 3.81166590 -4.01971982
v 7.94965067 4.10873550 -3.96450942
v 8.36159067 3.50296590 -3.64787902
v 8.08994027 3.50384590 -4.05340942
v 8.54664027 3.81107550 -3.20001902
v 8.85512987 3.49992590 -2.79139902
v 8.61902107 3.50149550 -3.22654942
v 8.30255067 4.38995550 -3.09569902
v 8.65004987 4.10873550 -2.73078942
v 8.43980027 4.10873550 -3.15615902
v 8.67050107 4.38995550 -2.24982942
v 8.98244027 4.10873550 -1.84693902
v 8.96538987 3.81039550 -2.32549902
v 8.83216987 4.10873550 -2.29376942
v 9.23510027 3.49848510 -1.88741902
v 9.06284987 3.49875550 -2.34435902
v -4.63277973 4.65584590 -1.79914942
v -4.27365013 4.89268590 -2.14232942
v -4.32439973 4.65904510 -2.66277982
v -4.49287973 4.65729550 -2.23613982
v -4.16491013 5.09517550 -1.65321022
v -3.79533973 5.26617550 -1.96882942
v -3.89305013 5.09680510 -2.44855982
v -4.04209973 5.09594510 -2.05507982
v -3.48763973 5.26735550 -2.71117022
v -3.52108933 5.09782510 -3.20125022
v -3.93285973 4.89489550 -2.95107022
v -3.71897973 5.09750510 -2.83137982
v -3.91271973 4.66157550 -3.47080942
v -4.13008933 4.66063550 -3.07551022
v -3.49677973 4.89481550 -3.70085982
v -3.41613973 4.66038590 -4.19913982
v -3.67503973 4.66139550 -3.84513982
v -3.08675013 5.26779550 -3.40643982
v -3.05799013 5.09679550 -3.89433982
v -3.30056933 5.09752590 -3.55587982
v -2.59944933 5.26737550 -4.04233982
v -2.50883973 5.09484590 -4.51895982
v -2.97263973 4.89211550 -4.37885982
v -2.79389973 5.09583550 -4.21567982
v -2.83110933 4.65698590 -4.84874942
v -3.13512933 4.65881550 -4.53345982
v -2.36051973 4.88900590 -4.98231022
v -2.15410933 4.65349630 -5.42275982
v -2.50318933 4.65517630 -5.14565982
v -2.03246933 5.26689630 -4.60878942
v -1.87933973 5.09334590 -5.06739902
v -2.20338933 5.09401550 -4.80323982
v -1.39535973 5.26672590 -5.09669982
v -1.18270933 5.09253550 -5.53091982
v -1.66926933 4.88673550 -5.50487982
v -1.53850933 5.09285550 -5.31032942
v -1.40358933 4.65095550 -5.91179982
v -1.78665973 4.65204590 -5.67861022
v -0.91651973 4.88563630 -5.93661982
v -0.60014373 4.65003630 -6.30478942
v -1.00765973 4.65032590 -6.12088942
v -0.70044853 5.26679630 -5.49789022
v -0.43308533 5.09240590 -5.90091982
v -0.81373973 5.09240590 -5.72804942
v 0.04012667 5.26700590 -5.80538942
v 0.35741067 5.09257630 -6.17058942
v -0.11669573 4.88551550 -6.26881982
v -0.04221013 5.09247550 -6.04869982
v 0.24456827 4.65003630 -6.59267982
v -0.18231253 4.64997550 -6.46241982
v 0.71901787 4.88566590 -6.49401982
v 1.11973547 4.65014590 -6.76757982
v 0.67922987 4.65009630 -6.69449022
v 0.81439947 5.26715630 -6.01342942
v 1.17665947 5.09267630 -6.33405902
v 0.76430587 5.09263630 -6.26577902
v 1.60946027 5.26718590 -6.11827982
v 2.01048027 5.09270590 -6.38902942
v 1.57747067 4.88575550 -6.60761982
v 1.59266027 5.09269550 -6.37520942
v 2.01054027 4.65023630 -6.82662062
v 1.56415067 4.65019630 -6.81171022
v 2.44356027 4.88578590 -6.60781982
v 2.90152107 4.65025550 -6.76824942
v 2.45696107 4.65024590 -6.81203982
v 2.41147067 5.26718590 -6.11830942
v 2.84438027 5.09270590 -6.33429982
v 2.42832027 5.09270590 -6.37530942
v 3.20665067 5.26717630 -6.01361982
v 3.66407067 5.09270590 -6.17135982
v 3.30235067 4.88578590 -6.49477982
v 3.25689067 5.09270590 -6.26622942
v 3.77735067 4.65025550 -6.59416062
v 3.34228027 4.65025550 -6.69552942
v 4.13902107 4.88578590 -6.27056942
v 4.62290027 4.65025550 -6.30698942
v 4.20482107 4.65025550 -6.46440062
v 3.98134027 5.26717630 -5.80603982
v 4.45540107 5.09270590 -5.90259982
v 4.06412107 5.09270590 -6.04991902
v 4.72233067 5.26717630 -5.49911022
v 5.20499067 5.09270590 -5.53307982
v 4.93930107 4.88578590 -5.93907982
v 4.83624027 5.09270590 -5.73008942
v 5.42384027 4.65025550 -5.91214942
v 5.02983067 4.65025550 -6.12265982
v 5.68943067 4.88578590 -5.50598942
v 6.16625067 4.65025550 -5.41592942
v 5.80315067 4.65025550 -5.67617982
v 5.41689067 5.26717630 -5.09809902
v 5.89980027 5.09270590 -5.06867982
v 5.55998027 5.09270590 -5.31223982
v 6.05320107 5.26717630 -4.60984942
v 6.52820107 5.09270590 -4.51773902
v 6.37665067 4.88578590 -4.97866942
v 6.22301067 5.09270590 -4.80347902
v 6.83771067 4.65025550 -4.82724942
v 6.51161067 4.65025550 -5.13255902
v 6.98912987 4.88578590 -4.36617982
v 7.42669067 4.65025550 -4.15578942
v 7.14303067 4.65025550 -4.50114942
v 6.62031067 5.26717550 -4.04273902
v 7.07914027 5.09270510 -3.88932942
v 6.81394027 5.09270510 -4.21254942
v 7.10856027 5.26717550 -3.40642942
v 7.54354107 5.09270510 -3.19451902
v 7.51674027 4.88578590 -3.67896942
v 7.32271067 5.09270510 -3.54951982
v 7.92554027 4.65025550 -3.41337982
v 7.68780987 4.65025550 -3.79268942
v 7.95100027 4.88578590 -2.92883902
v 8.32682027 4.65025550 -2.61243902
v 8.13898027 4.65025550 -3.01936942
v 7.50956987 5.26717550 -2.71186942
v 7.91305947 5.09270510 -2.44493902
v 7.74056027 5.09270510 -2.82577902
v 7.81650027 5.26717550 -1.97087902
v 8.18181067 5.09270510 -1.65360942
v 8.28425067 4.88578590 -2.12855902
v 8.06038027 5.09270510 -2.05365902
v 8.62042027 4.65025550 -1.76689902
v 8.48774027 4.65025550 -2.19435902
v -3.64142933 5.40209550 -1.51187022
v -3.25205973 5.50269550 -1.78362942
v -3.39583013 5.40288510 -2.23626942
v -3.53050933 5.40246590 -1.87799982
v -3.06393973 5.56466510 -1.35822942
v -2.67217013 5.58664510 -1.58846942
v -2.84370933 5.56495550 -2.00817022
v -2.96445973 5.56479550 -1.68677022
v -2.42503973 5.58681550 -2.18572942
v -2.54039973 5.56531550 -2.62440942
v -2.97470933 5.50326590 -2.45473022
v -2.70218933 5.56512590 -2.32113982
v -3.05775973 5.40366510 -2.92319982
v -3.23803973 5.40330510 -2.58517982
v -2.61156933 5.50379550 -3.08490942
v -2.63267973 5.40403550 -3.56061022
v -2.85564933 5.40389550 -3.24880942
v -2.10173973 5.58701550 -2.74611982
v -2.15844933 5.56570590 -3.19672942
v -2.35882933 5.56550510 -2.91670942
v -1.70779973 5.58724590 -3.26001982
v -1.70510933 5.56610590 -3.71477982
v -2.16882933 5.50425550 -3.66321982
v -1.94021973 5.56590510 -3.46319022
v -2.12808933 5.40422510 -4.13724942
v -2.38982933 5.40413550 -3.85721982
v -1.65453973 5.50471550 -4.17854942
v -1.55221973 5.40451550 -4.64245982
v -1.84842933 5.40435550 -4.39931982
v -1.25027973 5.58749550 -3.71800942
v -1.18825973 5.56652510 -4.16859022
v -1.45406933 5.56632590 -3.95019982
v -0.73709333 5.58773550 -4.11207022
v -0.61691253 5.56687630 -4.55084942
v -1.07766933 5.50518590 -4.62175982
v -0.90881973 5.56671550 -4.36908942
v -0.91553973 5.40484590 -5.06817982
v -1.24079973 5.40467630 -4.86573022
v -0.44807653 5.50554590 -4.98563902
v -0.22900853 5.40512590 -5.40707982
v -0.57777973 5.40499630 -5.24883982
v -0.17692853 5.58788590 -4.43561982
v -0.00048453 5.56707550 -4.85494942
v -0.31367813 5.56699550 -4.71298942
v 0.42072427 5.58794590 -4.68325902
v 0.65033147 5.56715550 -5.07608942
v 0.22359467 5.50574670 -5.26415982
v 0.32130667 5.56712590 -4.97617902
v 0.49566187 5.40531630 -5.65361902
v 0.12929787 5.40523630 -5.54221902
v 0.92589147 5.50583550 -5.45247902
v 1.24648027 5.40537630 -5.80301982
v 0.86860427 5.40535550 -5.74061982
v 1.04558427 5.58796590 -4.85071902
v 1.32453067 5.56717630 -5.21011982
v 0.98522747 5.56717630 -5.15413982
v 1.68700027 5.58795550 -4.93515982
v 2.01046027 5.56716590 -5.25515902
v 1.64686027 5.50583550 -5.54740942
v 1.66676027 5.56717630 -5.24385902
v 2.01046027 5.40536590 -5.85320942
v 1.62765067 5.40536590 -5.84060942
v 2.37405067 5.50582590 -5.54738942
v 2.77444027 5.40535550 -5.80301982
v 2.39327067 5.40535550 -5.84060942
v 2.33392027 5.58795550 -4.93514942
v 2.69638027 5.56715550 -5.21009902
v 2.35415067 5.56716590 -5.24383982
v 2.97533067 5.58795550 -4.85069982
v 3.37060027 5.56715550 -5.07608942
v 3.09503067 5.50581550 -5.45246942
v 3.03569067 5.56715550 -5.15410942
v 3.52538027 5.40535550 -5.65375902
v 3.15236027 5.40535550 -5.74066942
v 3.79743067 5.50581550 -5.26425982
v 4.25034107 5.40535550 -5.40754942
v 3.89188027 5.40535550 -5.54250942
v 3.60021067 5.58795550 -4.68326942
v 4.02148107 5.56715550 -4.85503902
v 3.69965067 5.56715550 -4.97619902
v 4.19791067 5.58795550 -4.43568942
v 4.63804107 5.56715550 -4.55108942
v 4.46928027 5.50581550 -4.98596942
v 4.33473067 5.56715550 -4.71313982
v 4.93706107 5.40535550 -5.06901902
v 4.59924107 5.40535550 -5.24950942
v 5.09903067 5.50581550 -4.62237982
v 5.57360107 5.40535550 -4.64356942
v 5.26228027 5.40535550 -4.86670942
v 4.75816027 5.58795550 -4.11222942
v 5.20954027 5.56715550 -4.16910942
v 4.93003067 5.56715550 -4.36944942
v 5.27142027 5.58795550 -3.71839902
v 5.72642027 5.56715550 -3.71594942
v 5.67596027 5.50581550 -4.17968942
v 5.47539067 5.56715550 -3.95097982
v 6.14930027 5.40535550 -4.13883982
v 5.86971067 5.40535550 -4.40060942
v 6.19015067 5.50581550 -3.66549902
v 6.65402987 5.40535550 -3.56313982
v 6.41108027 5.40535550 -3.85923902
v 5.72886027 5.58795550 -3.26094942
v 6.17958027 5.56715550 -3.19906942
v 5.96144027 5.56715550 -3.46492942
v 6.12270027 5.58795550 -2.74769902
v 6.56156107 5.56715550 -2.62756942
v 6.63284987 5.50581550 -3.08856942
v 6.37990987 5.56715550 -2.91956942
v 7.07947947 5.40535550 -2.92659902
v 6.87717067 5.40535550 -3.25181982
v 6.99642987 5.50581550 -2.45881902
v 7.41800987 5.40535550 -2.23987902
v 7.25996987 5.40535550 -2.58877902
v 6.44616027 5.58795550 -2.18744942
v 6.86550027 5.56715550 -2.01101902
v 6.72360987 5.56715550 -2.32426942
v 6.69372987 5.58795550 -1.58974942
v 7.08655067 5.56715550 -1.36012942
v 7.27471947 5.50581550 -1.78696942
v 6.98667067 5.56715550 -1.68918942
v 7.66422027 5.40535550 -1.51491902
v 7.55296987 5.40535550 -1.88141902
v -2.46765973 5.56612510 -1.19959982
v -2.09191013 5.50483550 -1.39240942
v -2.27286933 5.56618590 -1.77355982
v -2.37964933 5.56615550 -1.48975982
v -1.89069013 5.40421550 -1.04530942
v -1.55074933 5.26579550 -1.20880942
v -1.72082933 5.40420590 -1.54547982
v -1.81393973 5.40420590 -1.29816942
v -1.36248933 5.26579550 -1.66328942
v -1.48725973 5.40420590 -2.01928942
v -1.87512933 5.50484590 -1.91584942
v -1.61179973 5.40420590 -1.78619982
v -2.00486933 5.56625470 -2.31739982
v -2.14777973 5.56621550 -2.04982942
v -1.59180933 5.50487550 -2.40662942
v -1.66782933 5.56636590 -2.82184942
v -1.84461973 5.56630510 -2.57509982
v -1.11651973 5.26579550 -2.08931982
v -1.19367973 5.40421550 -2.45854942
v -1.34765973 5.40421550 -2.24370942
v -0.81702933 5.26580590 -2.47963982
v -0.84537973 5.40424590 -2.85584942
v -1.24676933 5.50493550 -2.85637982
v -1.02601973 5.40423550 -2.66289982
v -1.26793973 5.56649550 -3.27821982
v -1.47532933 5.56642590 -3.05657982
v -0.84602933 5.50500590 -3.25719982
v -0.81190933 5.56663550 -3.67821022
v -1.04644933 5.56656590 -3.48568942
v -0.46918933 5.26581550 -2.82750942
v -0.44814533 5.40428590 -3.20415022
v -0.65245733 5.40426510 -3.03648942
v -0.07891733 5.26582590 -3.12699982
v -0.00894053 5.40430590 -3.49770942
v -0.39644773 5.50506590 -3.60222942
v -0.23334053 5.40429550 -3.35810942
v -0.30774373 5.56674590 -4.01526942
v -0.56533333 5.56669550 -3.85499022
v 0.09430027 5.50510510 -3.88557982
v 0.23619707 5.56679550 -4.28345982
v -0.04016453 5.56677550 -4.15825902
v 0.34709467 5.26582590 -3.37296942
v 0.46490347 5.40430590 -3.73129902
v 0.22415707 5.40430590 -3.62224942
v 0.80159467 5.26582590 -3.56121902
v 0.96514267 5.40429550 -3.90117902
v 0.61787067 5.50510510 -4.10244942
v 0.71224827 5.40430590 -3.82441982
v 0.81045067 5.56679550 -4.47849982
v 0.52013707 5.56679550 -4.39036942
v 1.16525467 5.50509550 -4.24911902
v 1.40529067 5.56679550 -4.59672942
v 1.10593227 5.56679550 -4.54733982
v 1.27676027 5.26582590 -3.68853902
v 1.48330027 5.40429550 -4.00416942
v 1.22254027 5.40429550 -3.96114942
v 1.76450027 5.26582590 -3.75274942
v 2.01046027 5.40429550 -4.03879982
v 1.72712027 5.50509550 -4.32308942
v 1.74632027 5.40429550 -4.03010942
v 2.01046027 5.56678590 -4.63647902
v 1.70723067 5.56679550 -4.62649902
v 2.29381067 5.50509550 -4.32308942
v 2.61563067 5.56678590 -4.59672942
v 2.31369067 5.56678590 -4.62649902
v 2.25643067 5.26582590 -3.75274942
v 2.53762027 5.40429550 -4.00416942
v 2.27460027 5.40429550 -4.03010942
v 2.74416027 5.26582590 -3.68853902
v 3.05578027 5.40429550 -3.90117902
v 2.85567067 5.50509550 -4.24911902
v 2.79839067 5.40429550 -3.96114942
v 3.21047067 5.56678590 -4.47849982
v 2.91499067 5.56678590 -4.54733982
v 3.40305067 5.50509550 -4.10244942
v 3.78473067 5.56678590 -4.28346942
v 3.50079067 5.56678590 -4.39036942
v 3.21933067 5.26582590 -3.56121902
v 3.55602027 5.40429550 -3.73128942
v 3.30867067 5.40429550 -3.82441982
v 3.67383067 5.26582590 -3.37295902
v 4.02986027 5.40429550 -3.49769982
v 3.92662027 5.50509550 -3.88557982
v 3.79676027 5.40429550 -3.62224942
v 4.32870027 5.56678590 -4.01530942
v 4.06110987 5.56678590 -4.15827902
v 4.41739067 5.50509550 -3.60222942
v 4.83292027 5.56678590 -3.67829982
v 4.58632027 5.56678590 -3.85504942
v 4.09985067 5.26582590 -3.12698942
v 4.46908027 5.40429550 -3.20413982
v 4.25426987 5.40429550 -3.35809982
v 4.49012987 5.26582590 -2.82751982
v 4.86632027 5.40429550 -2.85585902
v 4.86699067 5.50509550 -3.25723902
v 4.67340027 5.40429550 -3.03648942
v 5.28894987 5.56678590 -3.27848942
v 5.06747067 5.56678590 -3.48584942
v 5.26770027 5.50509550 -2.85652942
v 5.68876027 5.56678590 -2.82245982
v 5.49631067 5.56678590 -3.05700942
v 4.83798027 5.26582590 -2.47966942
v 5.21460027 5.40429550 -2.45861982
v 5.04695067 5.40429550 -2.66293982
v 5.13746027 5.26582590 -2.08937982
v 5.50816987 5.40429550 -2.01939982
v 5.61268987 5.50509550 -2.40692942
v 5.36856987 5.40429550 -2.24380942
v 6.02577067 5.56678590 -2.31823902
v 5.86550987 5.56678590 -2.57585982
v 5.89604027 5.50509550 -1.91615982
v 6.29393067 5.56678590 -1.77426942
v 6.16874027 5.56678590 -2.05063902
v 5.38342027 5.26582590 -1.66335982
v 5.74176027 5.40429550 -1.54554942
v 5.63271067 5.40429550 -1.78629902
v 5.57168027 5.26582590 -1.20886942
v 5.91164027 5.40429550 -1.04531902
v 6.11291067 5.50509550 -1.39258942
v 5.83488027 5.40429550 -1.29820942
v 6.48896027 5.56678590 -1.20000942
v 6.40084027 5.56678590 -1.49032942
v -1.37393973 5.09110590 -0.90671342
v -1.08731013 4.88404590 -1.05113982
v -1.22652933 5.09111550 -1.34067982
v -1.30732933 5.09111550 -1.12609982
v -0.95268933 4.64849550 -0.79305262
v -0.73190373 4.38832590 -0.92894702
v -0.82347973 4.64846590 -1.17288942
v -0.89428933 4.64848510 -0.98504782
v -0.58661493 4.38822510 -1.27888942
v -0.64592853 4.64843550 -1.53286942
v -0.92348933 4.88403550 -1.44650942
v -0.74058453 4.64845550 -1.35576942
v -1.02386933 5.09111550 -1.75176942
v -1.13191973 5.09111550 -1.54953982
v -0.70948533 4.88403550 -1.81714942
v -0.76917733 5.09111550 -2.13283982
v -0.90275973 5.09111550 -1.94646942
v -0.39696053 4.38817550 -1.60715982
v -0.42285493 4.64842590 -1.86660942
v -0.53984293 4.64843550 -1.70337982
v -0.16619493 4.38816590 -1.90801982
v -0.15829093 4.64842590 -2.16848942
v -0.44894933 4.88403550 -2.15671982
v -0.29549493 4.64842590 -2.02187982
v -0.46703493 5.09111550 -2.47748942
v -0.62373653 5.09111550 -2.31010942
v -0.14637733 4.88402510 -2.45935982
v -0.12243093 5.09111550 -2.77965982
v -0.29967253 5.09111550 -2.63420942
v 0.10167467 4.38817550 -2.17616942
v 0.14338507 4.64842590 -2.43313982
v -0.01177173 4.64842590 -2.30574942
v 0.40210347 4.38818510 -2.40697982
v 0.47690667 4.64842590 -2.65618942
v 0.19308107 4.88401550 -2.71990942
v 0.30650347 4.64842590 -2.55012942
v 0.25858587 5.09110590 -3.03434942
v 0.06391547 5.09111550 -2.91323982
v 0.56362747 4.88401550 -2.93388942
v 0.66965547 5.09110590 -3.23699982
v 0.46080267 5.09110590 -3.14238942
v 0.73001867 4.38820590 -2.59646942
v 0.83673947 4.64842590 -2.83362942
v 0.65391707 4.64842590 -2.75079982
v 1.07987307 4.38822510 -2.74145982
v 1.21662027 4.64843550 -2.96263982
v 0.95895947 4.88401550 -3.09763982
v 1.02457467 4.64843550 -2.90434942
v 1.10362347 5.09110590 -3.38436942
v 0.88423227 5.09110590 -3.31777902
v 1.37227067 4.88402510 -3.20837982
v 1.55314027 5.09110590 -3.47370942
v 1.32692027 5.09110590 -3.43638942
v 1.44565067 4.38823550 -2.83947982
v 1.61013067 4.64844590 -3.04085982
v 1.41209067 4.64844590 -3.00817982
v 1.82112027 4.38823550 -2.88890942
v 2.01046027 4.64844590 -3.06714942
v 1.79652027 4.88402510 -3.26422942
v 1.80987067 4.64844590 -3.06054942
v 2.01046027 5.09110590 -3.50374942
v 1.78131067 5.09110590 -3.49620942
v 2.22441067 4.88402510 -3.26422942
v 2.46779067 5.09110590 -3.47370942
v 2.23961067 5.09110590 -3.49620942
v 2.19981067 4.38823550 -2.88889982
v 2.41080027 4.64844590 -3.04084942
v 2.21106027 4.64844590 -3.06054942
v 2.57527067 4.38823550 -2.83946942
v 2.80430027 4.64843550 -2.96263982
v 2.64865067 4.88402510 -3.20837982
v 2.60883067 4.64843550 -3.00817982
v 2.91730027 5.09110590 -3.38435982
v 2.69401067 5.09110590 -3.43638942
v 3.06196027 4.88402510 -3.09762942
v 3.35127067 5.09110590 -3.23697982
v 3.13669067 5.09110590 -3.31776942
v 2.94106027 4.38823550 -2.74145902
v 3.18419067 4.64843550 -2.83361982
v 2.99635067 4.64843550 -2.90433902
v 3.29094027 4.38823550 -2.59653902
v 3.54404027 4.64843550 -2.65622942
v 3.45730027 4.88402510 -2.93387982
v 3.36702027 4.64843550 -2.75080942
v 3.76234027 5.09110590 -3.03433982
v 3.56012027 5.09110590 -3.14237982
v 3.82786027 4.88402510 -2.71992942
v 4.14337067 5.09110590 -2.77965902
v 3.95702027 5.09110590 -2.91322942
v 3.61888987 4.38823550 -2.40718942
v 3.87758987 4.64843550 -2.43328942
v 3.71446027 4.64843550 -2.55020942
v 3.91934027 4.38823550 -2.17664942
v 4.17926027 4.64843550 -2.16879902
v 4.16734027 4.88402510 -2.45943902
v 4.03274987 4.64843550 -2.30597982
v 4.48799067 5.09110590 -2.47752942
v 4.32062027 5.09110590 -2.63422942
v 4.46990027 4.88402510 -2.15687982
v 4.79012027 5.09110590 -2.13290942
v 4.64469067 5.09110590 -2.31015902
v 4.18711067 4.38823550 -1.90887982
v 4.44374987 4.64843550 -1.86712942
v 4.31644027 4.64843550 -2.02228942
v 4.41765067 4.38823550 -1.60842942
v 4.66669067 4.64843550 -1.53356942
v 4.73040027 4.88402510 -1.81739902
v 4.56068027 4.64843550 -1.70398942
v 5.04480027 5.09110590 -1.75187982
v 4.92369067 5.09110590 -1.94654942
v 4.94434027 4.88402510 -1.44682942
v 5.24745067 5.09110590 -1.34079902
v 5.15284027 5.09110590 -1.54965902
v 4.60700027 4.38823550 -1.28046942
v 4.84408987 4.64843550 -1.17372942
v 4.76127067 4.64843550 -1.35654942
v 4.75192027 4.38823550 -0.93059662
v 4.97310027 4.64843550 -0.79383662
v 5.10809067 4.88402510 -1.05149982
v 4.91481067 4.64843550 -0.98588782
v 5.39482987 5.09110590 -0.90683742
v 5.32822987 5.09110590 -1.12622942
v -0.65656533 4.10757550 -0.71142062
v -0.51081973 3.81115550 -0.85120142
v -0.53979573 4.10733550 -1.05286942
v -0.60375973 4.10745550 -0.88394702
v -0.50398453 3.50485550 -0.66943662
v -0.39355733 3.50454510 -0.99095662
v -0.45404133 3.50470510 -0.83186702
v -0.24220773 3.50428590 -1.29627982
v -0.37670453 3.81084510 -1.17271982
v -0.32284133 3.50439550 -1.14599982
v -0.37959973 4.10716510 -1.37691982
v -0.46497493 4.10723550 -1.21744942
v -0.20194773 3.81067550 -1.47473022
v -0.17856773 4.10710510 -1.67760942
v -0.28397093 4.10711550 -1.53051982
v -0.05255253 3.50420510 -1.57978942
v -0.15196693 3.50422510 -1.44107982
v 0.17206347 3.50412590 -1.83637982
v 0.01041547 3.81064590 -1.75170942
v 0.05560267 3.50417550 -1.71175982
v 0.05964267 4.10711550 -1.94968942
v -0.06387093 4.10710510 -1.81754942
v 0.25671947 3.81063550 -1.99859982
v 0.33107947 4.10715550 -2.18815982
v 0.19149147 4.10713550 -2.07337982
v 0.42802667 3.50389550 -2.06121982
v 0.29639787 3.50402590 -1.95300942
v 0.71084267 3.50368590 -2.25065982
v 0.53282107 3.81062510 -2.21101982
v 0.56636747 3.50377550 -2.16057982
v 0.63107067 4.10720510 -2.38906942
v 0.47780427 4.10717550 -2.29354942
v 0.83409467 3.81066510 -2.38537982
v 0.95470907 4.10725550 -2.54883982
v 0.79027627 4.10722590 -2.47426942
v 1.01579227 3.50371550 -2.40135982
v 0.86087067 3.50367550 -2.33100942
v 1.33768027 3.50383550 -2.51091982
v 1.15548747 3.81073550 -2.51873982
v 1.17494827 3.50377550 -2.46141982
v 1.29639067 4.10728590 -2.66496942
v 1.12365227 4.10727550 -2.61249982
v 1.49152027 3.81077550 -2.60886942
v 1.65035067 4.10729550 -2.73533982
v 1.47220987 4.10729550 -2.70593982
v 1.67116027 3.50388590 -2.57727982
v 1.50332027 3.50386510 -2.54956942
v 2.01046027 3.50389550 -2.59956942
v 1.83649067 3.81078590 -2.65429982
v 1.84044027 3.50389550 -2.59397982
v 2.01046027 4.10729550 -2.75897982
v 1.83002027 4.10729550 -2.75304942
v 2.18443067 3.81078590 -2.65428942
v 2.37057067 4.10728590 -2.73531982
v 2.19090027 4.10728590 -2.75303982
v 2.34977067 3.50389550 -2.57726942
v 2.18048027 3.50389550 -2.59396942
v 2.68328027 3.50389550 -2.51097982
v 2.52940027 3.81077550 -2.60886942
v 2.51761067 3.50389550 -2.54957982
v 2.72454027 4.10728590 -2.66496942
v 2.54871067 4.10728590 -2.70592942
v 2.86548027 3.81077550 -2.51880942
v 3.06626027 4.10728590 -2.54891982
v 2.89729067 4.10728590 -2.61252942
v 3.00525067 3.50389550 -2.40163982
v 2.84605067 3.50389550 -2.46156942
v 3.31024027 3.50389550 -2.25127982
v 3.18694027 3.81077550 -2.38565982
v 3.16021067 3.50389550 -2.33144942
v 3.38995067 4.10728590 -2.38933982
v 3.23072027 4.10728590 -2.47441982
v 3.48826027 3.81077550 -2.21168942
v 3.68998987 4.10728590 -2.18879982
v 3.54324987 4.10728590 -2.29397982
v 3.59294027 3.50389550 -2.06232942
v 3.45468027 3.50389550 -2.16142942
v 3.84862987 3.50389550 -1.83816942
v 3.76431067 3.81077550 -1.99986942
v 3.72445067 3.50389550 -1.95442942
v 3.96134987 4.10728590 -1.95088942
v 3.82956027 4.10728590 -2.07427902
v 4.01034027 3.81077550 -1.75384942
v 4.19926987 4.10728590 -1.67952942
v 4.08474987 4.10728590 -1.81909982
v 4.07279067 3.50389550 -1.58247982
v 3.96488987 3.50389550 -1.71398942
v 4.26175067 3.50389550 -1.29977982
v 4.22215067 3.81077550 -1.47779982
v 4.17188987 3.50389550 -1.44421982
v 4.39980987 4.10728590 -1.37948942
v 4.30444027 4.10728590 -1.53277902
v 4.39612027 3.81077550 -1.17647982
v 4.55938027 4.10728590 -1.05579982
v 4.48488027 4.10728590 -1.22024942
v 4.41210027 3.50389550 -0.99478942
v 4.34191067 3.50389550 -1.14974942
v 4.52144027 3.50389550 -0.67281582
v 4.52928027 3.81077550 -0.85501822
v 4.47204027 3.50389550 -0.83558862
v 4.67542987 4.10728590 -0.71407582
v 4.62299067 4.10728590 -0.88683022
v -2.05771973 0.22625870 -1.47837022
v -2.51767013 0.01846430 -1.67351022
v -2.87488933 0.25037550 -1.99059022
v -2.43043013 0.23376670 -1.76373022
v -2.21361973 -0.22952850 -1.37267982
v -2.62337013 -0.44774770 -1.64079982
v -3.02681013 -0.17906770 -1.84633022
v -2.58430933 -0.21002610 -1.63425022
v -3.58049973 -0.36657970 -2.01751022
v -4.01753013 -0.05464130 -2.09813982
v -3.43399973 0.09280830 -2.04917982
v -3.51369973 -0.12961650 -2.00293982
v -3.82537013 0.37001790 -2.26941982
v -3.34580933 0.29466030 -2.15939982
v -4.40892933 0.27473950 -2.18809982
v -4.75105973 0.61835230 -2.29691982
v -4.29575013 0.47984030 -2.31993982
v -4.60844933 -0.17981650 -2.12939982
v -4.97907013 0.17724270 -2.07693982
v -4.51087013 0.05289230 -2.12593982
v -5.52272933 0.08296350 -1.92051982
v -5.78149973 0.41342510 -1.71091022
v -5.29827973 0.53382590 -2.02613022
v -5.40749973 0.30266750 -1.94173022
v -5.58002933 0.92056990 -1.95035982
v -5.18540933 0.77977550 -2.18633022
v -2.23377973 -0.70770450 -1.40653022
v -2.61796933 -0.95672450 -1.75113022
v -3.10375973 -0.66166450 -1.91983022
v -2.62791973 -0.69074450 -1.68801982
v -2.18957973 -1.27162450 -1.48903022
v -2.63475013 -1.62859490 -1.82599982
v -3.13433013 -1.24314450 -2.07061022
v -2.61357013 -1.26343490 -1.80537982
v -3.76661973 -1.57179410 -2.29313022
v -4.31427013 -1.11294450 -2.36241022
v -3.67141973 -0.88324450 -2.18361982
v -3.71389013 -1.19742450 -2.26339022
v -4.17538933 -0.53346450 -2.18531982
v -3.63000933 -0.61204450 -2.08969022
v -4.80653013 -0.67731410 -2.28033982
v -5.20841973 -0.27795970 -2.11623982
v -4.70859973 -0.41750610 -2.19445022
v -4.97670933 -1.33186450 -2.35173022
v -5.45387973 -0.79851410 -2.23273022
v -4.89748933 -0.97638450 -2.34635022
v -6.10954933 -0.89144450 -2.02588062
v -6.38927893 -0.36309250 -1.76155022
v -5.80306933 -0.34775170 -1.99953022
v -5.97376933 -0.59007410 -2.03906062
v -6.02309973 0.01670350 -1.69459022
v -5.65365973 -0.12862370 -1.94989982
v -2.26880933 -2.06714450 -1.47017982
v -2.80671013 -2.52970450 -1.69917022
v -3.23981973 -2.06276450 -2.05281982
v -2.70154933 -2.06992450 -1.78821982
v -2.56762933 -2.91135490 -1.32141022
v -3.04919973 -3.29988450 -1.37163022
v -3.43333013 -2.99800450 -1.75888062
v -2.94295973 -2.95023490 -1.56597982
v -4.07756933 -3.40583490 -1.60717022
v -4.59146933 -2.88749410 -1.92099022
v -3.92095973 -2.50907410 -2.10029022
v -4.00369973 -2.98440450 -1.88855022
v -4.45359973 -1.93033410 -2.31361022
v -3.83879013 -2.02360450 -2.23695982
v -5.09030933 -2.22488450 -2.07401982
v -5.60377973 -1.53880450 -2.10857982
v -5.03941973 -1.76087410 -2.25573982
v -5.17529973 -3.10368450 -1.51595982
v -5.64723973 -2.42116450 -1.65225982
v -5.13405013 -2.68534450 -1.82221022
v -6.15187973 -2.51246450 -1.18013982
v -6.64873973 -1.87973410 -1.33903022
v -6.15191013 -1.72219410 -1.72771022
v -6.14687013 -2.13821490 -1.47118062
v -6.68425973 -1.06687410 -1.74596062
v -6.15419973 -1.28771490 -1.91735022
v -7.18323973 -2.00571490 -1.05729022
v -7.65728933 -1.54289490 -1.33887022
v -7.17286933 -1.32478450 -1.52997022
v -7.16865973 -1.68894450 -1.31585022
v -8.08926053 -1.66224450 -1.13646062
v -8.39158933 -1.32942450 -1.28038062
v -8.06089973 -1.12688450 -1.49560062
v -8.06529973 -1.41862450 -1.34531022
v -8.32417973 -0.78193410 -1.42681022
v -8.00026933 -0.55011410 -1.47525022
v -7.64148933 -0.86554450 -1.60725022
v -8.02359013 -0.82841410 -1.54576062
v -7.22010933 -0.56356450 -1.62991022
v -7.18753013 -0.93559410 -1.65827982
v 9.20470987 1.12073950 -1.42758942
v 9.07578987 0.54223470 -1.33606942
v 8.74352987 0.80079630 -1.65874942
v 8.98758107 0.97163950 -1.59080942
v 9.29242027 0.15901630 -0.99369422
v 9.14316107 -0.28698530 -0.92333582
v 8.94274027 0.06262590 -1.18177982
v 9.13119067 0.11372430 -1.11693982
v 8.79876027 -0.32094450 -0.98985022
v 8.51841067 -0.01819970 -1.16964942
v 8.62875067 0.35108990 -1.42089902
v 8.73563067 0.01541870 -1.19656942
v 8.22868027 0.54627950 -1.62378942
v 8.48914987 0.65849950 -1.66637902
v 8.14412987 0.23314030 -1.31601982
v 7.70688107 0.41321630 -1.41880942
v 7.96636987 0.46566510 -1.54108942
v 8.41613067 -0.30506930 -0.91813822
v 8.09150107 -0.02302850 -1.01832942
v 8.29964027 -0.02853170 -1.10938942
v 8.06860987 -0.24188210 -0.74405662
v 7.75594987 0.00567550 -0.75397422
v 7.69820027 0.20021630 -1.06886942
v 7.90620027 -0.00914210 -0.89901262
v 7.25222987 0.36909470 -1.05335982
v 7.45488027 0.38549230 -1.25749982
v 9.21812027 -0.63009410 -0.66345022
v 9.02768027 -0.91570450 -0.58765582
v 8.96186027 -0.63482450 -0.78785422
v 9.10105067 -0.63298450 -0.74519262
v 9.02542987 -1.11826450 -0.41807982
v 8.87766027 -1.27426450 -0.34468142
v 8.84377067 -1.13882450 -0.46729182
v 8.94584027 -1.12655410 -0.45586862
v 8.68415067 -1.30578450 -0.33383982
v 8.61300987 -1.10874450 -0.45367582
v 8.77868027 -0.90385410 -0.62167342
v 8.73168027 -1.13203490 -0.46621342
v 8.64324027 -0.61461410 -0.77907262
v 8.80708027 -0.63043490 -0.79721982
v 8.49690027 -0.84322450 -0.57568542
v 8.31762987 -0.54060450 -0.67906222
v 8.47687947 -0.58219410 -0.73919742
v 8.47484027 -1.25031410 -0.30741022
v 8.37539067 -1.02125490 -0.40035582
v 8.49120987 -1.07148450 -0.43071742
v 8.28758987 -1.12109410 -0.27526382
v 8.19594987 -0.91145410 -0.31817262
v 8.23928027 -0.74611410 -0.47230222
v 8.27465067 -0.95904450 -0.36559982
v 8.05897067 -0.45973010 -0.50388942
v 8.17512027 -0.49730450 -0.60013742
v -0.56655653 3.19303550 0.16820658
v -0.56767333 2.88107550 0.34082418
v -0.63529573 2.57208510 0.17779218
v -0.58941013 2.88039550 0.00000018
v -0.58399013 2.88060590 0.17081298
v -0.52230853 3.19329550 0.50183058
v -0.59289253 2.57441550 0.52916018
v -0.54040853 2.88164510 0.50923298
v -0.78308053 1.99079550 0.61688098
v -0.70064293 2.27355550 0.37868818
v -0.67527733 2.27600590 0.56418418
v -0.81897973 1.98388590 0.20874658
v -0.72001733 2.27101550 0.00000018
v -0.71533813 2.27175550 0.19011458
v 4.53984027 3.19182590 0.50312978
v 4.58772987 2.87975550 0.33930578
v 4.61933067 2.57287550 0.51893938
v 4.56004027 2.87975550 0.50714658
v 4.58388027 3.19182590 0.16866738
v 4.61002027 2.87975550 0.00000018
v 4.66474027 2.57287550 0.17396818
v 4.60442987 2.87975550 0.17001458
v 4.76944027 2.27636590 0.00000018
v 4.89937067 1.99541550 0.18934578
v 4.74579067 2.27636590 0.36011218
v 4.76350027 2.27636590 0.18044018
v 4.84994027 1.99541550 0.56481058
v 4.71640027 2.27636590 0.53824738
v -0.93109973 1.71699550 0.46577858
v -1.06885013 1.46154350 0.26467778
v -0.94373013 1.71113550 0.00000018
v -0.94107013 1.71275550 0.23465858
v -1.05005973 1.47592510 0.77465138
v -0.91181973 1.72320590 0.68982338
v -1.30929973 1.05315310 0.94652418
v -1.19059013 1.24054830 0.58529378
v -1.18635973 1.25167470 0.86300498
v -1.29039973 1.03153950 0.32435618
v -1.18771013 1.23084270 0.00000018
v -1.18955013 1.23341390 0.29563378
v 5.05132027 1.73521550 0.40033618
v 5.21770987 1.49654590 0.63798578
v 5.01864027 1.73521550 0.59836818
v 5.07760987 1.73521550 0.00000018
v 5.27220027 1.49589550 0.21386338
v 5.07100987 1.73521550 0.20059538
v 5.50316027 1.27720670 0.00000018
v 5.73832027 1.08043390 0.24514338
v 5.47667067 1.27861950 0.45670738
v 5.49672027 1.27758750 0.22882178
v 5.68766987 1.08693870 0.73164818
v 5.44232027 1.28018910 0.68272418
v -1.38121973 0.86801630 0.68880178
v -1.40633973 0.70204910 0.36524498
v -1.34823013 0.85617070 0.00000018
v -1.35861973 0.85909630 0.34767218
v -1.49857973 0.72863870 1.07810978
v -1.40743013 0.88307150 1.01684978
v -1.70465973 0.41004670 1.16128978
v -1.50550933 0.55669230 0.75453698
v -1.60057973 0.57706510 1.13444978
v -1.48873973 0.37800350 0.38182098
v -1.42456933 0.54370990 0.00000018
v -1.44567973 0.54636350 0.37674018
v 5.97712027 0.90972270 0.52408178
v 6.22924987 0.76695230 0.83376818
v 5.94894027 0.91757550 0.78382338
v 5.99400027 0.90265950 0.00000018
v 6.25172987 0.74553550 0.27699218
v 5.99078987 0.90456430 0.26250178
v 6.51632987 0.59524350 0.00000018
v 6.78942027 0.46021550 0.28176978
v 6.52438027 0.61031310 0.57489778
v 6.51874027 0.59890030 0.28471618
v 6.84069067 0.49498110 0.87684658
v 6.53168027 0.62992110 0.87600738
v -6.28484933 1.36896670 0.55694658
v -6.09887973 1.74199550 1.14586018
v -6.19738053 2.16471550 0.58432578
v -6.29619973 1.75085550 0.00000018
v -6.24464933 1.74857550 0.57385458
v -5.86527973 1.33017870 1.65758018
v -5.87772933 2.16597550 1.73626018
v -5.86783013 1.73137550 1.71418018
v -5.76894933 3.01679550 1.71632978
v -6.01636933 2.59427550 1.16814018
v -5.84897973 2.59917550 1.73904018
v -6.00983013 3.01582590 0.57932818
v -6.16478933 2.59624510 0.00000018
v -6.12509973 2.59469550 0.58670418
v 9.36113067 1.69135550 1.28375058
v 9.51989067 2.14901550 0.90601858
v 9.43555947 2.50893550 1.39971058
v 9.39219067 2.12471550 1.36346098
v 9.57490027 1.74484510 0.42628658
v 9.61626027 2.17528510 0.00000098
v 9.61304027 2.53758590 0.46769458
v 9.59319947 2.16749550 0.45212258
v 9.63634987 2.87618510 0.00000098
v 9.58707067 3.18830590 0.47764658
v 9.55694987 2.86389550 0.94899458
v 9.61685067 2.87217550 0.47540258
v 9.43662027 3.17975550 1.42523058
v 9.45528987 2.85507550 1.41897058
v -5.75350933 3.40426510 1.11616018
v -5.61378933 3.76380510 0.53448018
v -5.86159973 3.40637550 0.00000018
v -5.83363973 3.40541550 0.56054018
v -5.43369013 3.76256510 1.58730018
v -5.62499013 3.40464510 1.66196018
v -4.97529973 4.38799550 1.42260978
v -5.30868933 4.09064510 1.00754018
v -5.21159973 4.09040590 1.50372978
v -5.11221973 4.38832590 0.47709698
v -5.38742933 4.09176510 0.00000018
v -5.36754933 4.09132590 0.50528578
v 9.45434027 3.50137550 0.95166178
v 9.24869067 3.81060510 1.41134098
v 9.36478987 3.49960510 1.42252098
v 9.52260027 3.50382510 0.00000098
v 9.38257067 3.81146590 0.47311858
v 9.50614027 3.50302510 0.47682578
v 9.24024987 4.10873550 0.00000098
v 9.04161067 4.38995550 0.45776578
v 9.17760027 4.10873550 0.93142258
v 9.22489067 4.10873550 0.46670578
v 8.91918107 4.38995550 1.36550098
v 9.09719067 4.10873550 1.39216098
v -4.81873013 4.65503550 0.90639698
v -4.61950933 4.89084510 0.43458098
v -4.88043973 4.65527550 0.00000018
v -4.86505013 4.65514590 0.45405218
v -4.50469973 4.89105550 1.29763058
v -4.74134933 4.65517550 1.35533058
v -4.00304933 5.26529550 1.19392978
v -4.32831013 5.09451550 0.83270498
v -4.26027973 5.09472590 1.24525058
v -4.10713973 5.26503550 0.40008418
v -4.38260933 5.09446510 0.00000018
v -4.36904933 5.09445550 0.41711538
v 8.79715067 4.65025550 0.89105458
v 8.50960027 4.88578590 1.29189058
v 8.72354027 4.65025550 1.33183058
v 8.85597067 4.65025550 0.00000098
v 8.62296027 4.88578590 0.43309138
v 8.84127067 4.65025550 0.44647858
v 8.39950987 5.09270510 0.00000098
v 8.12876027 5.26717550 0.40100818
v 8.34472987 5.09270510 0.83392338
v 8.38576027 5.09270510 0.41785138
v 8.02406987 5.26717550 1.19619058
v 8.27667067 5.09270510 1.24643058
v -3.78992933 5.40170510 0.76225698
v -3.53371013 5.50214590 0.36288018
v -3.83971013 5.40161550 0.00000018
v -3.82723013 5.40163550 0.38191858
v -3.43934933 5.50230510 1.08249058
v -3.72794933 5.40184510 1.13944018
v -2.83919973 5.58652590 0.96415618
v -3.19739013 5.56449550 0.68499138
v -3.14163973 5.56456590 1.02382018
v -2.92344933 5.58647550 0.32323138
v -3.24225013 5.56444590 0.00000018
v -3.23097973 5.56445550 0.34323058
v 7.81348027 5.40535550 0.76398258
v 7.46292987 5.50581550 1.08457058
v 7.75113067 5.40535550 1.14190098
v 7.86366027 5.40535550 0.00000098
v 7.55785067 5.50581550 0.36358898
v 7.85106027 5.40535550 0.38280658
v 7.26561067 5.56715550 0.00000098
v 6.94560987 5.58795550 0.32346178
v 7.22056027 5.56715550 0.68592258
v 7.25429947 5.56715550 0.34369378
v 6.86117067 5.58795550 0.96487138
v 7.16458027 5.56715550 1.02522098
v -2.58575973 5.56609550 0.60499218
v -2.31243973 5.50482510 0.28333058
v -2.62546933 5.56608510 0.00000018
v -2.61549973 5.56608510 0.30314498
v -2.23849973 5.50482510 0.84514258
v -2.53641973 5.56610590 0.90424258
v -1.67807973 5.26579550 0.73367058
v -1.99367013 5.40421550 0.52716658
v -1.95065013 5.40421550 0.78792818
v -1.74229973 5.26579550 0.24595458
v -2.02829973 5.40421550 0.00000018
v -2.01961013 5.40421550 0.26414738
v 6.60719067 5.56678590 0.60517138
v 6.25958027 5.50509550 0.84520738
v 6.55780027 5.56678590 0.90452898
v 6.64693947 5.56678590 0.00000098
v 6.33354987 5.50509550 0.28334578
v 6.63696027 5.56678590 0.30323138
v 6.04926027 5.40429550 0.00000098
v 5.76320987 5.26582590 0.24596498
v 6.01464027 5.40429550 0.52716098
v 6.04056987 5.40429550 0.26414258
v 5.69900027 5.26582590 0.73370098
v 5.97161067 5.40429550 0.78792738
v -1.46332933 5.09110590 0.45724818
v -1.25408933 4.88403550 0.21383698
v -1.49339973 5.09109550 0.00000018
v -1.48584933 5.09109550 0.22911138
v -1.19814933 4.88404590 0.63790098
v -1.42597973 5.09110590 0.68344018
v -0.83033973 4.38843550 0.56354418
v -1.03111973 4.64852510 0.39986898
v -0.99833973 4.64851550 0.59771458
v -0.88011013 4.38851550 0.18887698
v -1.05752933 4.64853550 0.00000018
v -1.05088933 4.64853550 0.20035218
v 5.48417067 5.09110590 0.45732338
v 5.21884027 4.88402510 0.63819058
v 5.44684987 5.09110590 0.68354578
v 5.51421067 5.09110590 0.00000098
v 5.27469067 4.88402510 0.21394578
v 5.50666987 5.09110590 0.22915058
v 5.07760987 4.64843550 0.00000018
v 4.89937067 4.38823550 0.18934578
v 5.05132027 4.64843550 0.40033698
v 5.07100987 4.64843550 0.20059538
v 4.84994027 4.38823550 0.56481058
v 5.01864027 4.64843550 0.59836898
v -0.72764053 4.10781550 0.35855298
v -0.64804853 3.81173550 0.17290898
v -0.75164053 4.10792510 0.00000018
v -0.74560133 4.10789550 0.17963218
v -0.60188213 3.81149550 0.51605858
v -0.69791093 4.10770590 0.53605298
v -0.57117093 3.50504590 0.33734738
v -0.54307333 3.50496510 0.50437858
v -0.59384053 3.50511550 0.00000018
v -0.58813893 3.50509550 0.16900258
v 4.74579067 4.10728590 0.36011218
v 4.61933067 3.81077550 0.51893938
v 4.71639067 4.10728590 0.53824738
v 4.76944027 4.10728590 0.00000018
v 4.66474027 3.81077550 0.17396818
v 4.76350027 4.10728590 0.18044018
v 4.61002027 3.50389550 0.00000018
v 4.58772987 3.50389550 0.33930578
v 4.60442987 3.50389550 0.17001458
v 4.56004027 3.50389550 0.50714658
v -1.63986933 0.19182910 0.75870818
v -1.60891013 -0.03243250 0.37518578
v -1.51901013 0.18062510 0.00000018
v -1.54763973 0.18293550 0.38015298
v -1.88409973 -0.01301890 1.09032978
v -1.80203973 0.20927550 1.13406978
v -1.96783973 -0.48181250 1.06648978
v -1.76049973 -0.25530930 0.72986418
v -1.94217973 -0.24460530 1.06758978
v -1.68467973 -0.49843250 0.36916338
v -1.62843973 -0.26380130 0.00000018
v -1.65907973 -0.26169170 0.37037218
v -6.17447973 1.03230830 1.05688978
v -5.99745973 0.72189630 1.44158978
v -5.91611973 0.99719150 1.55124018
v -6.39243973 1.05201310 0.00000018
v -6.39461013 0.78512670 0.51275058
v -6.33593973 1.04858510 0.53526258
v -6.50788933 0.58497070 0.00000018
v -6.52143973 0.41976270 0.48105058
v -6.31442933 0.54697470 0.96047298
v -6.45755013 0.57628670 0.49336418
v -6.18513013 0.30411950 1.34620978
v -6.08644933 0.49377390 1.37506978
v -6.47936933 0.24579150 0.93707858
v -6.43792933 0.00326670 1.37092018
v -6.29553973 0.14422510 1.34950018
v -6.61469973 0.33845470 0.00000018
v -6.66964933 0.24426670 0.48536018
v -6.58295973 0.31325150 0.47976178
v -6.81873973 0.24688750 0.00000018
v -7.02863013 0.16893310 0.50065858
v -6.75519973 0.07128110 0.96622818
v -6.80902933 0.20032270 0.49370498
v -6.90425973 -0.22430850 1.40452978
v -6.63251973 -0.12958130 1.39638978
v -1.77023973 -0.73049410 0.74066898
v -1.64716933 -0.99551410 0.38366818
v -1.64431973 -0.73817490 0.00000018
v -1.67222933 -0.73624450 0.37500978
v -1.92177973 -0.98104450 1.11756018
v -1.95265973 -0.72096450 1.08762018
v -1.91351973 -1.63985490 1.15006018
v -1.72307973 -1.28991410 0.77432738
v -1.90035013 -1.28101410 1.14286018
v -1.66103013 -1.65994450 0.39243218
v -1.61319013 -1.29942450 0.00000018
v -1.63495973 -1.29662450 0.39088978
v -1.82393973 -2.09161410 0.76149618
v -1.91877973 -2.58865410 0.37286098
v -1.73662933 -2.11276450 0.00000018
v -1.75083973 -2.10585410 0.38404898
v -2.12681973 -2.53312450 1.08344018
v -1.98643013 -2.07654450 1.12574018
v -2.64947973 -3.30023490 1.02784978
v -2.22653013 -3.01932450 0.71667058
v -2.34239973 -2.95164450 1.03672978
v -2.54669013 -3.48202450 0.37056258
v -2.17277973 -3.07816450 0.00000018
v -2.17925973 -3.06261490 0.36599218
v -3.04189973 -3.70852450 0.76688818
v -3.59975013 -4.00863490 0.42196258
v -3.03626933 -3.83027490 0.00000018
v -3.03547973 -3.80116450 0.39369778
v -3.56589973 -3.69062450 1.19531938
v -3.06432933 -3.54704450 1.09906018
v -4.70457973 -3.65082450 1.26452978
v -4.17147013 -3.95787410 0.86780498
v -4.13313973 -3.72956450 1.26156978
v -4.77121013 -4.04299410 0.44016498
v -4.20065013 -4.13734450 0.00000018
v -4.19361973 -4.09304450 0.44192978
v -5.25797973 -3.69147410 0.79677858
v -5.76963973 -3.55186450 0.34926738
v -5.29831973 -3.90124450 -0.00000062
v -5.28663973 -3.84707410 0.40323858
v -5.70173973 -3.14902450 1.02898978
v -5.21873973 -3.44136450 1.17092018
v -6.67872933 -2.50691490 0.79311538
v -6.21687973 -3.05547410 0.59220258
v -6.17969973 -2.82160450 0.88697058
v -6.75729973 -2.84985410 0.26265458
v -6.26545973 -3.25680450 -0.00000062
v -6.24995013 -3.20393490 0.29636738
v -7.33289973 -0.01228850 0.97108978
v -7.68045973 -0.26416130 1.32136018
v -7.27808933 -0.25090530 1.37394018
v -7.35959013 0.19038670 0.00000018
v -7.74133973 0.08047550 0.49855058
v -7.35597973 0.13761310 0.50208418
v -8.14957013 0.01302350 0.00000018
v -8.48723013 -0.21481170 0.47888978
v -8.09613973 -0.14238850 0.92917378
v -8.13499973 -0.02837010 0.49062898
v -8.32921013 -0.44782050 1.21830018
v -8.03783973 -0.31886930 1.26354978
v -7.27668933 -2.42972450 0.53172498
v -7.87973973 -2.24085410 0.29533538
v -7.34199893 -2.57181410 -0.00000062
v -7.32141013 -2.53619490 0.26624658
v -7.74993973 -2.03174450 0.84977058
v -7.22495013 -2.25277410 0.79566338
v -8.49303013 -1.57816450 0.98735058
v -8.29745013 -1.90240450 0.65029298
v -8.18529973 -1.81638450 0.91059538
v -8.72893013 -1.61662450 0.38277858
v -8.39594933 -1.94966450 -0.00000062
v -8.36976053 -1.94169490 0.33811538
v -8.66912933 -0.57706450 0.88073698
v -8.63935973 -0.97975490 1.17502978
v -8.53354933 -0.68380450 1.20341938
v -8.77376933 -0.47718050 -0.00000062
v -8.89263013 -0.86026450 0.44400338
v -8.74828933 -0.50473730 0.46390498
v -8.92341973 -1.22933490 -0.00000062
v -8.80107013 -1.26898450 0.79421058
v -8.89469973 -1.24352450 0.41751778
v -8.63511013 -1.28858450 1.08924978
v 9.50357067 1.23203710 0.76826978
v 9.57730027 0.72945470 0.34096338
v 9.59850987 1.25946750 0.00000098
v 9.57572027 1.25260190 0.38778898
v 9.40884107 0.68374030 0.95924178
v 9.37830027 1.19781150 1.13414098
v 9.38917067 -0.25890930 0.66403538
v 9.50750987 0.20615150 0.56360978
v 9.41786987 0.18880670 0.80368738
v 9.50945067 -0.25472370 0.23968418
v 9.57927067 0.21574590 0.00000018
v 9.56132027 0.21411150 0.29015058
v 7.08794987 0.33447550 0.53095858
v 7.41658027 0.19193150 0.69247858
v 7.14074027 0.35062510 0.80258818
v 7.05464987 0.32198990 0.00000018
v 7.32170027 0.18162750 0.23652818
v 7.06137947 0.32503310 0.26424978
v 7.54942107 0.01790270 0.00000018
v 7.75573067 -0.17676050 0.16797218
v 7.58936027 0.01756750 0.40016338
v 7.55746027 0.01827230 0.20297938
v 7.84271067 -0.19214690 0.48475618
v 7.65293067 0.01397470 0.58576018
v 9.36778027 -0.63473410 0.37659058
v 9.26281067 -0.94266450 0.15394978
v 9.41470027 -0.64020450 0.00000018
v 9.40334027 -0.63834450 0.19390338
v 9.19262107 -0.92512450 0.42717058
v 9.30654027 -0.63132450 0.53684578
v 8.95044027 -1.28006450 0.27937138
v 9.09306027 -1.16223410 0.23622178
v 9.07008027 -1.13697410 0.34006258
v 8.95769067 -1.33701490 0.09609058
v 9.11284987 -1.17578450 0.00000018
v 9.10765067 -1.17358450 0.12096418
v 7.92893947 -0.42139010 0.26779858
v 8.07532027 -0.68362450 0.31181778
v 7.97882027 -0.43533090 0.39178978
v 7.89706027 -0.41403650 0.00000018
v 8.01500027 -0.67106450 0.10796178
v 7.90360027 -0.41519730 0.13588178
v 8.10027947 -0.91794450 0.00000018
v 8.18415067 -1.13120450 0.06966178
v 8.11806027 -0.91551410 0.16928578
v 8.10386987 -0.91839490 0.08546978
v 8.20988107 -1.08713490 0.20995378
v 8.14624987 -0.90506450 0.24979458
v 8.27516027 -1.26547410 0.12637618
v 8.36903067 -1.30581490 0.19950658
v 8.28443067 -1.21728450 0.19652738
v 8.26803067 -1.28502450 0.00000018
v 8.35900027 -1.38604450 0.05974098
v 8.26976107 -1.28352450 0.06179538
v 8.44874987 -1.45282450 0.00000018
v 8.54145067 -1.48439410 0.06454978
v 8.45469067 -1.42445410 0.12893058
v 8.45014027 -1.44944450 0.06136818
v 8.55981067 -1.39701410 0.21983458
v 8.46279067 -1.36302450 0.20888018
v 8.63787067 -1.47649410 0.14083218
v 8.74848987 -1.40949490 0.23595218
v 8.65420027 -1.41591410 0.22755378
v 8.63033947 -1.50525490 0.00000018
v 8.72611067 -1.49005410 0.07164258
v 8.63124027 -1.50158450 0.06715538
v 8.83372027 -1.44145410 0.00000018
v 8.83484027 -1.41842450 0.16282258
v 8.83272107 -1.43884450 0.08046898
v 8.84524027 -1.36755410 0.24894658
v -0.63529573 2.57208510 -0.17779182
v -0.56767333 2.88107550 -0.34082382
v -0.56655653 3.19303550 -0.16820542
v -0.58399013 2.88060590 -0.17081262
v -0.81897973 1.98388590 -0.20874542
v -0.70064293 2.27355550 -0.37868782
v -0.71533813 2.27175550 -0.19011342
v -0.78308053 1.99079550 -0.61688062
v -0.59289253 2.57441550 -0.52915982
v -0.67527733 2.27600590 -0.56418382
v -0.52230853 3.19329550 -0.50182942
v -0.54040853 2.88164510 -0.50923262
v 4.61933067 2.57287550 -0.51893822
v 4.58772987 2.87975550 -0.33930462
v 4.53984027 3.19182590 -0.50312862
v 4.56004027 2.87975550 -0.50714542
v 4.84994027 1.99541550 -0.56480942
v 4.74579067 2.27636590 -0.36011182
v 4.71640027 2.27636590 -0.53824622
v 4.89937067 1.99541550 -0.18934462
v 4.66474027 2.57287550 -0.17396782
v 4.76350027 2.27636590 -0.18043982
v 4.58388027 3.19182590 -0.16866622
v 4.60442987 2.87975550 -0.17001342
v -1.06885013 1.46154350 -0.26467822
v -0.93109973 1.71699550 -0.46577822
v -0.94107013 1.71275550 -0.23465822
v -1.29039973 1.03153950 -0.32435582
v -1.19059013 1.24054830 -0.58529422
v -1.18955013 1.23341230 -0.29563422
v -1.30929973 1.05315390 -0.94652382
v -1.05005973 1.47592510 -0.77465102
v -1.18635973 1.25167470 -0.86300462
v -0.91181973 1.72320590 -0.68982302
v 5.21770987 1.49654590 -0.63798462
v 5.05132027 1.73521550 -0.40033582
v 5.01864027 1.73521550 -0.59836782
v 5.68766987 1.08693870 -0.73164782
v 5.47667067 1.27861950 -0.45670622
v 5.44232027 1.28018910 -0.68272382
v 5.73832027 1.08043390 -0.24514222
v 5.27220027 1.49589550 -0.21386222
v 5.49672027 1.27758750 -0.22882062
v 5.07100987 1.73521550 -0.20059422
v -1.40633973 0.70204990 -0.36524462
v -1.38121973 0.86801630 -0.68880222
v -1.35861973 0.85909630 -0.34767182
v -1.48873973 0.37800350 -0.38182062
v -1.50550933 0.55669230 -0.75453662
v -1.44567973 0.54636350 -0.37673982
v -1.70465973 0.41004670 -1.16129022
v -1.49857973 0.72863870 -1.07811022
v -1.60057973 0.57706590 -1.13445022
v -1.40743013 0.88307150 -1.01685022
v 6.22924987 0.76695230 -0.83376782
v 5.97712027 0.90972270 -0.52408062
v 5.94894027 0.91757550 -0.78382222
v 6.84069067 0.49498110 -0.87684542
v 6.52438027 0.61031390 -0.57489662
v 6.53168027 0.62992190 -0.87600622
v 6.78942027 0.46021550 -0.28176862
v 6.25172987 0.74553550 -0.27699182
v 6.51874027 0.59890030 -0.28471582
v 5.99078987 0.90456430 -0.26250062
v -6.19738053 2.16471550 -0.58432622
v -6.09887973 1.74199550 -1.14585982
v -6.28484933 1.36896670 -0.55694702
v -6.24464933 1.74857550 -0.57385502
v -6.00983013 3.01582590 -0.57932782
v -6.01636933 2.59427550 -1.16813982
v -6.12509973 2.59469550 -0.58670382
v -5.76894933 3.01679550 -1.71633022
v -5.87772933 2.16597550 -1.73625982
v -5.84897973 2.59917550 -1.73903982
v -5.86527973 1.33017870 -1.65757982
v -5.86783013 1.73137550 -1.71417982
v 9.43555947 2.50893550 -1.39970942
v 9.51989067 2.14901550 -0.90601742
v 9.36113067 1.69135550 -1.28374942
v 9.39219067 2.12471550 -1.36345902
v 9.43662027 3.17975550 -1.42522942
v 9.55694987 2.86389550 -0.94899342
v 9.45528987 2.85507550 -1.41896942
v 9.58707067 3.18830590 -0.47764542
v 9.61304027 2.53758590 -0.46769342
v 9.61685067 2.87217550 -0.47540142
v 9.57490027 1.74484510 -0.42628542
v 9.59319947 2.16749550 -0.45212142
v -5.61378933 3.76380510 -0.53447982
v -5.75350933 3.40426510 -1.11615982
v -5.83363973 3.40541550 -0.56053982
v -5.11221973 4.38832590 -0.47709662
v -5.30868933 4.09064510 -1.00753982
v -5.36754933 4.09132590 -0.50528622
v -4.97529973 4.38799550 -1.42261022
v -5.43369013 3.76256510 -1.58729982
v -5.21159973 4.09040590 -1.50373022
v -5.62499013 3.40464510 -1.66195982
v 9.24869067 3.81060510 -1.41133902
v 9.45434027 3.50137550 -0.95166062
v 9.36478987 3.49960510 -1.42251902
v 8.91918107 4.38995550 -1.36549902
v 9.17760027 4.10873550 -0.93142142
v 9.09719067 4.10873550 -1.39215902
v 9.04161067 4.38995550 -0.45776462
v 9.38257067 3.81146590 -0.47311742
v 9.22489067 4.10873550 -0.46670462
v 9.50614027 3.50302510 -0.47682462
v -4.61950933 4.89084510 -0.43458062
v -4.81873013 4.65503550 -0.90639662
v -4.86505013 4.65514590 -0.45405182
v -4.10713973 5.26503550 -0.40008382
v -4.32831013 5.09451550 -0.83270462
v -4.36904933 5.09445550 -0.41711502
v -4.00304933 5.26529550 -1.19392942
v -4.50469973 4.89105550 -1.29763022
v -4.26027973 5.09472590 -1.24525022
v -4.74134933 4.65517550 -1.35533022
v 8.50960027 4.88578590 -1.29188942
v 8.79715067 4.65025550 -0.89105342
v 8.72354027 4.65025550 -1.33182942
v 8.02406987 5.26717550 -1.19618942
v 8.34472987 5.09270510 -0.83392222
v 8.27667067 5.09270510 -1.24642942
v 8.12876027 5.26717550 -0.40100622
v 8.62296027 4.88578590 -0.43309022
v 8.38576027 5.09270510 -0.41785022
v 8.84127067 4.65025550 -0.44647742
v -3.53371013 5.50214590 -0.36287982
v -3.78992933 5.40170510 -0.76225662
v -3.82723013 5.40163550 -0.38191742
v -2.92344933 5.58647550 -0.32323102
v -3.19739013 5.56449550 -0.68499102
v -3.23097973 5.56445550 -0.34322942
v -2.83919973 5.58652590 -0.96415582
v -3.43934933 5.50230510 -1.08248942
v -3.14163973 5.56456590 -1.02381982
v -3.72794933 5.40184510 -1.13943982
v 7.46292987 5.50581550 -1.08456942
v 7.81348027 5.40535550 -0.76398142
v 7.75113067 5.40535550 -1.14189902
v 6.86117067 5.58795550 -0.96487102
v 7.22056027 5.56715550 -0.68592142
v 7.16458027 5.56715550 -1.02521902
v 6.94560987 5.58795550 -0.32346062
v 7.55785067 5.50581550 -0.36358702
v 7.25429947 5.56715550 -0.34369262
v 7.85106027 5.40535550 -0.38280542
v -2.31243973 5.50482510 -0.28332942
v -2.58575973 5.56609550 -0.60499182
v -2.61549973 5.56608510 -0.30314462
v -1.74229973 5.26579550 -0.24595342
v -1.99367013 5.40421550 -0.52716542
v -2.01961013 5.40421550 -0.26414702
v -1.67807973 5.26579550 -0.73366942
v -2.23849973 5.50482510 -0.84514142
v -1.95065013 5.40421550 -0.78792782
v -2.53641973 5.56610590 -0.90424142
v 6.25958027 5.50509550 -0.84520702
v 6.60719067 5.56678590 -0.60517022
v 6.55780027 5.56678590 -0.90452702
v 5.69900027 5.26582590 -0.73369982
v 6.01464027 5.40429550 -0.52715902
v 5.97161067 5.40429550 -0.78792622
v 5.76320987 5.26582590 -0.24596302
v 6.33354987 5.50509550 -0.28334462
v 6.04056987 5.40429550 -0.26414142
v 6.63696027 5.56678590 -0.30323022
v -1.25408933 4.88403550 -0.21383662
v -1.46332933 5.09110590 -0.45724782
v -1.48584933 5.09109550 -0.22911102
v -0.88011013 4.38851550 -0.18887662
v -1.03111973 4.64852510 -0.39986862
v -1.05088933 4.64853550 -0.20035182
v -0.83033973 4.38843550 -0.56354382
v -1.19814933 4.88404590 -0.63790062
v -0.99833973 4.64851550 -0.59771342
v -1.42597973 5.09110590 -0.68343982
v 5.21884027 4.88402510 -0.63818942
v 5.48417067 5.09110590 -0.45732222
v 5.44684987 5.09110590 -0.68354462
v 4.84994027 4.38823550 -0.56480942
v 5.05132027 4.64843550 -0.40033582
v 5.01864027 4.64843550 -0.59836782
v 4.89937067 4.38823550 -0.18934462
v 5.27469067 4.88402510 -0.21394462
v 5.07100987 4.64843550 -0.20059422
v 5.50666987 5.09110590 -0.22914942
v -0.64804853 3.81173550 -0.17290862
v -0.72764053 4.10781550 -0.35855262
v -0.74560133 4.10789550 -0.17963182
v -0.57117093 3.50504590 -0.33734702
v -0.58813893 3.50509550 -0.16900142
v -0.60188213 3.81149550 -0.51605742
v -0.54307333 3.50496510 -0.50437742
v -0.69791093 4.10770590 -0.53605262
v 4.61933067 3.81077550 -0.51893822
v 4.74579067 4.10728590 -0.36011182
v 4.71639067 4.10728590 -0.53824622
v 4.58772987 3.50389550 -0.33930462
v 4.56004027 3.50389550 -0.50714542
v 4.66474027 3.81077550 -0.17396782
v 4.60442987 3.50389550 -0.17001342
v 4.76350027 4.10728590 -0.18043982
v -1.60891013 -0.03243250 -0.37518622
v -1.63986933 0.19182990 -0.75870782
v -1.54763973 0.18293550 -0.38015262
v -1.68467973 -0.49843250 -0.36916302
v -1.76049973 -0.25530930 -0.72986382
v -1.65907973 -0.26169170 -0.37037182
v -1.96783973 -0.48181250 -1.06649022
v -1.88409973 -0.01301810 -1.09033022
v -1.94217973 -0.24460530 -1.06759022
v -1.80203973 0.20927550 -1.13407022
v -5.99745973 0.72189630 -1.44159022
v -6.17447973 1.03230830 -1.05689022
v -5.91611973 0.99719150 -1.55123982
v -6.18513013 0.30411950 -1.34621022
v -6.31442933 0.54697470 -0.96047342
v -6.08644933 0.49377470 -1.37507022
v -6.52143973 0.41976270 -0.48105102
v -6.39461013 0.78512670 -0.51275102
v -6.45755013 0.57628670 -0.49336382
v -6.33593973 1.04858510 -0.53526302
v -6.43792933 0.00326670 -1.37091982
v -6.47936933 0.24579150 -0.93707902
v -6.29553973 0.14422590 -1.34949982
v -6.90425973 -0.22430850 -1.40453022
v -6.75519973 0.07128190 -0.96622782
v -6.63251973 -0.12958130 -1.39639022
v -7.02863013 0.16893390 -0.50065902
v -6.66964933 0.24426670 -0.48535982
v -6.80902933 0.20032270 -0.49370542
v -6.58295973 0.31325150 -0.47976222
v -1.64716933 -0.99551410 -0.38366782
v -1.77023973 -0.73049410 -0.74066862
v -1.67222933 -0.73624450 -0.37501022
v -1.66103013 -1.65994450 -0.39243182
v -1.72307973 -1.28991410 -0.77432702
v -1.63495973 -1.29662450 -0.39089022
v -1.91351973 -1.63985490 -1.15005982
v -1.92177973 -0.98104450 -1.11755982
v -1.90035013 -1.28101410 -1.14285982
v -1.95265973 -0.72096450 -1.08761982
v -1.91877973 -2.58865410 -0.37286142
v -1.82393973 -2.09161410 -0.76149582
v -1.75083973 -2.10585410 -0.38404942
v -2.54669013 -3.48202450 -0.37056302
v -2.22653013 -3.01932450 -0.71667102
v -2.17925973 -3.06261490 -0.36599182
v -2.64947973 -3.30023490 -1.02785022
v -2.12681973 -2.53312450 -1.08343982
v -2.34239973 -2.95164450 -1.03673022
v -1.98643013 -2.07654450 -1.12573982
v -3.59975013 -4.00863490 -0.42196302
v -3.04189973 -3.70852450 -0.76688782
v -3.03547973 -3.80116450 -0.39369822
v -4.77121013 -4.04299410 -0.44016542
v -4.17147013 -3.95787410 -0.86780542
v -4.19361973 -4.09304450 -0.44193022
v -4.70457973 -3.65082450 -1.26453022
v -3.56589973 -3.69062450 -1.19531982
v -4.13313973 -3.72956450 -1.26157022
v -3.06432933 -3.54704450 -1.09905982
v -5.76963973 -3.55186450 -0.34926862
v -5.25797973 -3.69147410 -0.79677902
v -5.28663973 -3.84707410 -0.40323902
v -6.75729973 -2.84985410 -0.26265502
v -6.21687973 -3.05547410 -0.59220302
v -6.24995013 -3.20393490 -0.29636862
v -6.67872933 -2.50691490 -0.79311662
v -5.70173973 -3.14902450 -1.02899022
v -6.17969973 -2.82160450 -0.88697102
v -5.21873973 -3.44136450 -1.17091982
v -7.68045973 -0.26416130 -1.32135982
v -7.33289973 -0.01228850 -0.97109022
v -7.27808933 -0.25090530 -1.37393982
v -8.32921013 -0.44782050 -1.21830062
v -8.09613973 -0.14238850 -0.92917422
v -8.03783973 -0.31886930 -1.26355022
v -8.48723013 -0.21481170 -0.47889022
v -7.74133973 0.08047550 -0.49855102
v -8.13499973 -0.02837010 -0.49062942
v -7.35597973 0.13761390 -0.50208382
v -7.87973973 -2.24085410 -0.29533662
v -7.27668933 -2.42972450 -0.53172542
v -7.32141013 -2.53619490 -0.26624702
v -8.72893013 -1.61662450 -0.38277902
v -8.29745013 -1.90240450 -0.65029342
v -8.36976053 -1.94169490 -0.33811662
v -8.49303013 -1.57816450 -0.98735102
v -7.74993973 -2.03174450 -0.84977102
v -8.18529973 -1.81638450 -0.91059662
v -7.22495013 -2.25277410 -0.79566462
v -8.63935973 -0.97975410 -1.17503022
v -8.66912933 -0.57706450 -0.88073742
v -8.53354933 -0.68380450 -1.20342062
v -8.80107013 -1.26898450 -0.79421102
v -8.63511013 -1.28858450 -1.08925022
v -8.89263013 -0.86026450 -0.44400462
v -8.89469973 -1.24352450 -0.41751822
v -8.74828933 -0.50473730 -0.46390542
v 9.57730027 0.72945470 -0.34096222
v 9.50357067 1.23203790 -0.76826862
v 9.57572027 1.25260190 -0.38778702
v 9.50945067 -0.25472370 -0.23968382
v 9.50750987 0.20615150 -0.56360862
v 9.56132027 0.21411150 -0.29014942
v 9.38917067 -0.25890930 -0.66403422
v 9.40884107 0.68373950 -0.95924062
v 9.41786987 0.18880670 -0.80368622
v 9.37830027 1.19781150 -1.13413902
v 7.41658027 0.19193150 -0.69247742
v 7.08794987 0.33447550 -0.53095742
v 7.14074027 0.35062590 -0.80258782
v 7.84271067 -0.19214690 -0.48475582
v 7.58936027 0.01756750 -0.40016222
v 7.65293067 0.01397470 -0.58575982
v 7.75573067 -0.17676050 -0.16797182
v 7.32170027 0.18162750 -0.23652782
v 7.55746027 0.01827230 -0.20297822
v 7.06137947 0.32503390 -0.26424862
v 9.26281067 -0.94266450 -0.15394862
v 9.36778027 -0.63473410 -0.37658942
v 9.40334027 -0.63834450 -0.19390222
v 8.95769067 -1.33701490 -0.09608942
v 9.09306027 -1.16223410 -0.23622062
v 9.10765067 -1.17358450 -0.12096382
v 8.95044027 -1.28006450 -0.27937022
v 9.19262107 -0.92512450 -0.42716942
v 9.07008027 -1.13697410 -0.34006142
v 9.30654027 -0.63132450 -0.53684462
v 8.07532027 -0.68362450 -0.31181662
v 7.92893947 -0.42139010 -0.26779742
v 7.97882027 -0.43533090 -0.39178862
v 8.20988107 -1.08713490 -0.20995262
v 8.11806027 -0.91551410 -0.16928462
v 8.14624987 -0.90506450 -0.24979342
v 8.18415067 -1.13120450 -0.06966142
v 8.01500027 -0.67106450 -0.10796062
v 8.10386987 -0.91839490 -0.08546862
v 7.90360027 -0.41519730 -0.13588062
v 8.36903067 -1.30581490 -0.19950542
v 8.27516027 -1.26547410 -0.12637582
v 8.28443067 -1.21728450 -0.19652622
v 8.55981067 -1.39701410 -0.21983342
v 8.45469067 -1.42445410 -0.12892942
v 8.46279067 -1.36302450 -0.20887982
v 8.54145067 -1.48439410 -0.06454862
v 8.35900027 -1.38604450 -0.05973982
v 8.45014027 -1.44944450 -0.06136782
v 8.26976107 -1.28352450 -0.06179502
v 8.74848987 -1.40949490 -0.23595182
v 8.63787067 -1.47649410 -0.14083182
v 8.65420027 -1.41591410 -0.22755262
v 8.83484027 -1.41842450 -0.16282142
v 8.84524027 -1.36755410 -0.24894542
v 8.72611067 -1.49005410 -0.07164222
v 8.83272107 -1.43884450 -0.08046782
v 8.63124027 -1.50158450 -0.06715502
f 1341 1340 1337
f 1 1337 1340
f 339 1339 1338
f 1341 1338 1339
f 1345 1338 1342
f 335 1342 1338
f 336 1344 1343
f 1345 1343 1344
f 1349 1348 1344
f 339 1344 1348
f 13 1347 1346
f 1349 1346 1347
f 1352 1351 1339
f 338 1339 1351
f 337 1350 1348
f 1352 1348 1350
f 1356 1343 1353
f 2 1353 1343
f 343 1355 1354
f 1356 1354 1355
f 1360 1354 1357
f 340 1357 1354
f 341 1359 1358
f 1360 1358 1359
f 1364 1363 1359
f 343 1359 1363
f 14 1362 1361
f 1364 1361 1362
f 1366 1346 1355
f 336 1355 1346
f 342 1365 1363
f 1366 1363 1365
f 1370 1358 1367
f 3 1367 1358
f 347 1369 1368
f 1370 1368 1369
f 1374 1368 1371
f 344 1371 1368
f 345 1373 1372
f 1374 1372 1373
f 1378 1377 1373
f 347 1373 1377
f 15 1376 1375
f 1378 1375 1376
f 1380 1361 1369
f 341 1369 1361
f 346 1379 1377
f 1380 1377 1379
f 1384 1372 1381
f 4 1381 1372
f 351 1383 1382
f 1384 1382 1383
f 1382 348 1388
f 1385 1388 348
f 1387 1388 349
f 1386 349 1388
f 1392 1391 1387
f 351 1387 1391
f 16 1390 1389
f 1392 1389 1390
f 1394 1375 1383
f 345 1383 1375
f 350 1393 1391
f 1394 1391 1393
f 1386 5 1398
f 1395 1398 5
f 1397 1398 355
f 1396 355 1398
f 1396 352 1402
f 1399 1402 352
f 1401 1402 353
f 1400 353 1402
f 1405 355 1406
f 1401 1406 355
f 1404 1406 17
f 1403 17 1406
f 1389 349 1408
f 1397 1408 349
f 1407 1408 354
f 1405 354 1408
f 1400 6 1412
f 1409 1412 6
f 1411 1412 359
f 1410 359 1412
f 1416 1410 1413
f 356 1413 1410
f 357 1415 1414
f 1416 1414 1415
f 1420 1419 1415
f 359 1415 1419
f 18 1418 1417
f 1420 1417 1418
f 1403 353 1422
f 1411 1422 353
f 1421 1422 358
f 1419 358 1422
f 1414 7 1426
f 1423 1426 7
f 1425 1426 363
f 1424 363 1426
f 1430 1424 1427
f 360 1427 1424
f 361 1429 1428
f 1430 1428 1429
f 1434 1433 1429
f 363 1429 1433
f 19 1432 1431
f 1434 1431 1432
f 1417 357 1436
f 1425 1436 357
f 1435 1436 362
f 1433 362 1436
f 1428 8 1440
f 1437 1440 8
f 1439 1440 367
f 1438 367 1440
f 1444 1438 1441
f 364 1441 1438
f 365 1443 1442
f 1444 1442 1443
f 1448 1447 1443
f 367 1443 1447
f 20 1446 1445
f 1448 1445 1446
f 1431 361 1450
f 1439 1450 361
f 1449 1450 366
f 1447 366 1450
f 1442 9 1454
f 1451 1454 9
f 1453 1454 371
f 1452 371 1454
f 1458 1452 1455
f 368 1455 1452
f 369 1457 1456
f 1458 1456 1457
f 1462 1461 1457
f 371 1457 1461
f 21 1460 1459
f 1462 1459 1460
f 1445 365 1464
f 1453 1464 365
f 1463 1464 370
f 1461 370 1464
f 1456 10 1468
f 1465 1468 10
f 1467 1468 375
f 1466 375 1468
f 1472 1466 1469
f 372 1469 1466
f 373 1471 1470
f 1472 1470 1471
f 1476 1475 1471
f 375 1471 1475
f 22 1474 1473
f 1476 1473 1474
f 1459 369 1478
f 1467 1478 369
f 1477 1478 374
f 1475 374 1478
f 12 1350 1481
f 1482 1481 1350
f 1482 1479 1480
f 379 1480 1479
f 1485 1479 1347
f 337 1347 1479
f 1485 1483 1484
f 376 1484 1483
f 379 1484 1488
f 1489 1488 1484
f 1489 1486 1487
f 24 1487 1486
f 378 1480 1491
f 1492 1491 1480
f 1492 1488 1490
f 377 1490 1488
f 1495 1483 1365
f 13 1365 1483
f 382 1494 1493
f 1495 1493 1494
f 1498 1493 1362
f 342 1362 1493
f 380 1497 1496
f 1498 1496 1497
f 1502 1501 1497
f 382 1497 1501
f 25 1500 1499
f 1502 1499 1500
f 1504 1486 1494
f 376 1494 1486
f 381 1503 1501
f 1504 1501 1503
f 1507 1496 1379
f 14 1379 1496
f 385 1506 1505
f 1507 1505 1506
f 1510 1505 1376
f 346 1376 1505
f 383 1509 1508
f 1510 1508 1509
f 1514 1513 1509
f 385 1509 1513
f 1512 1514 26
f 1511 26 1514
f 1516 1499 1506
f 380 1506 1499
f 384 1515 1513
f 1516 1513 1515
f 1519 1508 1393
f 15 1393 1508
f 388 1518 1517
f 1519 1517 1518
f 1522 1517 1390
f 350 1390 1517
f 386 1521 1520
f 1522 1520 1521
f 1526 1525 1521
f 388 1521 1525
f 27 1524 1523
f 1526 1523 1524
f 1528 1511 1518
f 383 1518 1511
f 1527 1528 387
f 1525 387 1528
f 1531 1520 1407
f 16 1407 1520
f 391 1530 1529
f 1531 1529 1530
f 1529 354 1534
f 1404 1534 354
f 389 1533 1532
f 1534 1532 1533
f 1538 1537 1533
f 391 1533 1537
f 28 1536 1535
f 1538 1535 1536
f 1540 1523 1530
f 386 1530 1523
f 390 1539 1537
f 1540 1537 1539
f 1532 17 1543
f 1421 1543 17
f 1542 1543 394
f 1541 394 1543
f 1546 1541 1418
f 358 1418 1541
f 392 1545 1544
f 1546 1544 1545
f 1550 1549 1545
f 394 1545 1549
f 29 1548 1547
f 1550 1547 1548
f 1535 389 1552
f 1542 1552 389
f 1551 1552 393
f 1549 393 1552
f 1544 18 1555
f 1435 1555 18
f 1554 1555 397
f 1553 397 1555
f 1558 1553 1432
f 362 1432 1553
f 395 1557 1556
f 1558 1556 1557
f 1562 1561 1557
f 397 1557 1561
f 30 1560 1559
f 1562 1559 1560
f 1547 392 1564
f 1554 1564 392
f 1563 1564 396
f 1561 396 1564
f 1556 19 1567
f 1449 1567 19
f 1566 1567 400
f 1565 400 1567
f 1570 1565 1446
f 366 1446 1565
f 398 1569 1568
f 1570 1568 1569
f 1574 1573 1569
f 400 1569 1573
f 31 1572 1571
f 1574 1571 1572
f 1559 395 1576
f 1566 1576 395
f 1575 1576 399
f 1573 399 1576
f 1568 20 1579
f 1463 1579 20
f 403 1578 1577
f 1579 1577 1578
f 1582 1577 1460
f 370 1460 1577
f 401 1581 1580
f 1582 1580 1581
f 1586 1585 1581
f 403 1581 1585
f 32 1584 1583
f 1586 1583 1584
f 1571 398 1588
f 1578 1588 398
f 402 1587 1585
f 1588 1585 1587
f 1580 21 1591
f 1477 1591 21
f 406 1590 1589
f 1591 1589 1590
f 1594 1589 1474
f 374 1474 1589
f 404 1593 1592
f 1594 1592 1593
f 1598 1597 1593
f 406 1593 1597
f 33 1596 1595
f 1598 1595 1596
f 1600 1583 1590
f 401 1590 1583
f 405 1599 1597
f 1600 1597 1599
f 23 1490 1603
f 1604 1603 1490
f 1604 1601 1602
f 410 1602 1601
f 377 1487 1601
f 1607 1601 1487
f 1607 1605 1606
f 407 1606 1605
f 410 1606 1610
f 1611 1610 1606
f 1611 1608 1609
f 35 1609 1608
f 409 1602 1613
f 1614 1613 1602
f 1614 1610 1612
f 408 1612 1610
f 24 1503 1605
f 1617 1605 1503
f 1617 1615 1616
f 413 1616 1615
f 1620 1615 1500
f 381 1500 1615
f 411 1619 1618
f 1620 1618 1619
f 1624 1623 1619
f 413 1619 1623
f 1622 1624 36
f 1621 36 1624
f 407 1616 1608
f 1626 1608 1616
f 1626 1623 1625
f 412 1625 1623
f 1618 25 1629
f 1515 1629 25
f 1628 1629 416
f 1627 416 1629
f 1627 384 1632
f 1512 1632 384
f 414 1631 1630
f 1632 1630 1631
f 1635 416 1636
f 1631 1636 416
f 37 1634 1633
f 1636 1633 1634
f 1621 411 1638
f 1628 1638 411
f 1635 415 1638
f 1637 1638 415
f 1641 1630 1527
f 26 1527 1630
f 419 1640 1639
f 1641 1639 1640
f 1644 1639 1524
f 387 1524 1639
f 417 1643 1642
f 1644 1642 1643
f 1648 1647 1643
f 419 1643 1647
f 38 1646 1645
f 1648 1645 1646
f 1650 1633 1640
f 414 1640 1633
f 418 1649 1647
f 1650 1647 1649
f 1653 1642 1539
f 27 1539 1642
f 422 1652 1651
f 1653 1651 1652
f 1656 1651 1536
f 390 1536 1651
f 420 1655 1654
f 1656 1654 1655
f 1660 1659 1655
f 422 1655 1659
f 39 1658 1657
f 1660 1657 1658
f 1662 1645 1652
f 417 1652 1645
f 421 1661 1659
f 1662 1659 1661
f 1665 1654 1551
f 28 1551 1654
f 425 1664 1663
f 1665 1663 1664
f 1668 1663 1548
f 393 1548 1663
f 423 1667 1666
f 1668 1666 1667
f 1672 1671 1667
f 425 1667 1671
f 40 1670 1669
f 1672 1669 1670
f 1674 1657 1664
f 420 1664 1657
f 424 1673 1671
f 1674 1671 1673
f 1677 1666 1563
f 29 1563 1666
f 428 1676 1675
f 1677 1675 1676
f 1680 1675 1560
f 396 1560 1675
f 426 1679 1678
f 1680 1678 1679
f 1684 1683 1679
f 428 1679 1683
f 41 1682 1681
f 1684 1681 1682
f 1686 1669 1676
f 423 1676 1669
f 427 1685 1683
f 1686 1683 1685
f 1689 1678 1575
f 30 1575 1678
f 431 1688 1687
f 1689 1687 1688
f 1692 1687 1572
f 399 1572 1687
f 429 1691 1690
f 1692 1690 1691
f 1696 1695 1691
f 431 1691 1695
f 42 1694 1693
f 1696 1693 1694
f 1698 1681 1688
f 426 1688 1681
f 430 1697 1695
f 1698 1695 1697
f 1701 1690 1587
f 31 1587 1690
f 434 1700 1699
f 1701 1699 1700
f 1704 1699 1584
f 402 1584 1699
f 432 1703 1702
f 1704 1702 1703
f 1708 1707 1703
f 434 1703 1707
f 43 1706 1705
f 1708 1705 1706
f 1710 1693 1700
f 429 1700 1693
f 433 1709 1707
f 1710 1707 1709
f 1713 1702 1599
f 32 1599 1702
f 437 1712 1711
f 1713 1711 1712
f 1716 1711 1596
f 405 1596 1711
f 435 1715 1714
f 1716 1714 1715
f 1720 1719 1715
f 437 1715 1719
f 44 1718 1717
f 1720 1717 1718
f 1722 1705 1712
f 432 1712 1705
f 436 1721 1719
f 1722 1719 1721
f 34 1612 1725
f 1726 1725 1612
f 1726 1723 1724
f 441 1724 1723
f 408 1609 1723
f 1729 1723 1609
f 1729 1727 1728
f 438 1728 1727
f 441 1728 1732
f 1733 1732 1728
f 1733 1730 1731
f 46 1731 1730
f 440 1724 1735
f 1736 1735 1724
f 439 1734 1732
f 1736 1732 1734
f 35 1625 1727
f 1739 1727 1625
f 1739 1737 1738
f 444 1738 1737
f 1742 1737 1622
f 412 1622 1737
f 1740 442 1742
f 1741 1742 442
f 1741 1746 444
f 1745 444 1746
f 1743 47 1746
f 1744 1746 47
f 438 1738 1730
f 1748 1730 1738
f 1747 1748 443
f 1745 443 1748
f 1637 1751 36
f 1740 36 1751
f 1749 447 1751
f 1750 1751 447
f 1634 1754 415
f 1749 415 1754
f 445 1753 1752
f 1754 1752 1753
f 1753 1758 447
f 1757 447 1758
f 1756 1758 48
f 1755 48 1758
f 1750 1760 442
f 1743 442 1760
f 1757 446 1760
f 1759 1760 446
f 1763 1752 1649
f 37 1649 1752
f 450 1762 1761
f 1763 1761 1762
f 1766 1761 1646
f 418 1646 1761
f 448 1765 1764
f 1766 1764 1765
f 1770 1769 1765
f 450 1765 1769
f 49 1768 1767
f 1770 1767 1768
f 1755 445 1772
f 1762 1772 445
f 1771 1772 449
f 1769 449 1772
f 1775 1764 1661
f 38 1661 1764
f 453 1774 1773
f 1775 1773 1774
f 1778 1773 1658
f 421 1658 1773
f 451 1777 1776
f 1778 1776 1777
f 1782 1781 1777
f 453 1777 1781
f 50 1780 1779
f 1782 1779 1780
f 1784 1767 1774
f 448 1774 1767
f 452 1783 1781
f 1784 1781 1783
f 1787 1776 1673
f 39 1673 1776
f 456 1786 1785
f 1787 1785 1786
f 1790 1785 1670
f 424 1670 1785
f 454 1789 1788
f 1790 1788 1789
f 1794 1793 1789
f 456 1789 1793
f 51 1792 1791
f 1794 1791 1792
f 1796 1779 1786
f 451 1786 1779
f 455 1795 1793
f 1796 1793 1795
f 1799 1788 1685
f 40 1685 1788
f 459 1798 1797
f 1799 1797 1798
f 1802 1797 1682
f 427 1682 1797
f 457 1801 1800
f 1802 1800 1801
f 1806 1805 1801
f 459 1801 1805
f 52 1804 1803
f 1806 1803 1804
f 1808 1791 1798
f 454 1798 1791
f 1807 1808 458
f 1805 458 1808
f 1811 1800 1697
f 41 1697 1800
f 462 1810 1809
f 1811 1809 1810
f 1814 1809 1694
f 430 1694 1809
f 460 1813 1812
f 1814 1812 1813
f 1818 1817 1813
f 462 1813 1817
f 53 1816 1815
f 1818 1815 1816
f 1820 1803 1810
f 457 1810 1803
f 1819 1820 461
f 1817 461 1820
f 1823 1812 1709
f 42 1709 1812
f 465 1822 1821
f 1823 1821 1822
f 1826 1821 1706
f 433 1706 1821
f 463 1825 1824
f 1826 1824 1825
f 1830 1829 1825
f 465 1825 1829
f 54 1828 1827
f 1830 1827 1828
f 1832 1815 1822
f 460 1822 1815
f 464 1831 1829
f 1832 1829 1831
f 1721 1835 43
f 1824 43 1835
f 1833 468 1835
f 1834 1835 468
f 1718 1838 436
f 1833 436 1838
f 1838 1836 1837
f 466 1837 1836
f 1837 1842 468
f 1841 468 1842
f 1842 1839 1840
f 55 1840 1839
f 1844 1827 1834
f 463 1834 1827
f 467 1843 1841
f 1844 1841 1843
f 1734 1848 45
f 1847 45 1848
f 1845 472 1848
f 1846 1848 472
f 1845 439 1851
f 1731 1851 439
f 1849 469 1851
f 1850 1851 469
f 1850 1855 472
f 1854 472 1855
f 1853 1855 57
f 1852 57 1855
f 1846 1858 471
f 1857 471 1858
f 1854 470 1858
f 1856 1858 470
f 1747 1861 46
f 1849 46 1861
f 1859 475 1861
f 1860 1861 475
f 1744 1864 443
f 1859 443 1864
f 1862 473 1864
f 1863 1864 473
f 1863 1868 475
f 1867 475 1868
f 1865 58 1868
f 1866 1868 58
f 1860 1870 469
f 1852 469 1870
f 1867 474 1870
f 1869 1870 474
f 1759 1873 47
f 1862 47 1873
f 1871 478 1873
f 1872 1873 478
f 1756 1876 446
f 1871 446 1876
f 1875 1876 476
f 1874 476 1876
f 1879 478 1880
f 1875 1880 478
f 1878 1880 59
f 1877 59 1880
f 1872 1882 473
f 1865 473 1882
f 1879 477 1882
f 1881 1882 477
f 1874 48 1885
f 1771 1885 48
f 1884 1885 481
f 1883 481 1885
f 1888 1883 1768
f 449 1768 1883
f 479 1887 1886
f 1888 1886 1887
f 1891 481 1892
f 1887 1892 481
f 60 1890 1889
f 1892 1889 1890
f 1877 476 1894
f 1884 1894 476
f 1893 1894 480
f 1891 480 1894
f 1897 1886 1783
f 49 1783 1886
f 484 1896 1895
f 1897 1895 1896
f 1900 1895 1780
f 452 1780 1895
f 482 1899 1898
f 1900 1898 1899
f 1904 1903 1899
f 484 1899 1903
f 61 1902 1901
f 1904 1901 1902
f 1906 1889 1896
f 479 1896 1889
f 483 1905 1903
f 1906 1903 1905
f 1909 1898 1795
f 50 1795 1898
f 487 1908 1907
f 1909 1907 1908
f 1912 1907 1792
f 455 1792 1907
f 485 1911 1910
f 1912 1910 1911
f 1916 1915 1911
f 487 1911 1915
f 62 1914 1913
f 1916 1913 1914
f 1918 1901 1908
f 482 1908 1901
f 486 1917 1915
f 1918 1915 1917
f 1910 51 1921
f 1807 1921 51
f 1920 1921 490
f 1919 490 1921
f 1924 1919 1804
f 458 1804 1919
f 488 1923 1922
f 1924 1922 1923
f 1928 1927 1923
f 490 1923 1927
f 63 1926 1925
f 1928 1925 1926
f 1913 485 1930
f 1920 1930 485
f 1929 1930 489
f 1927 489 1930
f 1922 52 1933
f 1819 1933 52
f 1932 1933 493
f 1931 493 1933
f 1936 1931 1816
f 461 1816 1931
f 491 1935 1934
f 1936 1934 1935
f 1940 1939 1935
f 493 1935 1939
f 64 1938 1937
f 1940 1937 1938
f 1925 488 1942
f 1932 1942 488
f 1941 1942 492
f 1939 492 1942
f 1934 53 1945
f 1831 1945 53
f 496 1944 1943
f 1945 1943 1944
f 1948 1943 1828
f 464 1828 1943
f 494 1947 1946
f 1948 1946 1947
f 1952 1951 1947
f 496 1947 1951
f 65 1950 1949
f 1952 1949 1950
f 1937 491 1954
f 1944 1954 491
f 495 1953 1951
f 1954 1951 1953
f 1957 1946 1843
f 54 1843 1946
f 1957 1955 1956
f 499 1956 1955
f 467 1840 1955
f 1960 1955 1840
f 497 1959 1958
f 1960 1958 1959
f 499 1959 1963
f 1964 1963 1959
f 66 1962 1961
f 1964 1961 1962
f 1966 1949 1956
f 494 1956 1949
f 498 1965 1963
f 1966 1963 1965
f 56 1856 1969
f 1970 1969 1856
f 1970 1967 1968
f 503 1968 1967
f 1967 470 1973
f 1853 1973 470
f 1972 1973 500
f 1971 500 1973
f 503 1972 1976
f 1977 1976 1972
f 1975 1977 68
f 1974 68 1977
f 502 1968 1979
f 1980 1979 1968
f 1980 1976 1978
f 501 1978 1976
f 1971 57 1983
f 1869 1983 57
f 1982 1983 506
f 1981 506 1983
f 1866 1986 474
f 1981 474 1986
f 1984 504 1986
f 1985 1986 504
f 1989 506 1990
f 1985 1990 506
f 1988 1990 69
f 1987 69 1990
f 1974 500 1992
f 1982 1992 500
f 1991 1992 505
f 1989 505 1992
f 1881 1995 58
f 1984 58 1995
f 1994 1995 509
f 1993 509 1995
f 1993 477 1998
f 1878 1998 477
f 1997 1998 507
f 1996 507 1998
f 2001 509 2002
f 1997 2002 509
f 2000 2002 70
f 1999 70 2002
f 1987 504 2004
f 1994 2004 504
f 2003 2004 508
f 2001 508 2004
f 1996 59 2007
f 1893 2007 59
f 2006 2007 512
f 2005 512 2007
f 2005 480 2010
f 1890 2010 480
f 2009 2010 510
f 2008 510 2010
f 2013 512 2014
f 2009 2014 512
f 2012 2014 71
f 2011 71 2014
f 1999 507 2016
f 2006 2016 507
f 2015 2016 511
f 2013 511 2016
f 2008 60 2019
f 1905 2019 60
f 2018 2019 515
f 2017 515 2019
f 2022 2017 1902
f 483 1902 2017
f 513 2021 2020
f 2022 2020 2021
f 2026 2025 2021
f 515 2021 2025
f 72 2024 2023
f 2026 2023 2024
f 2011 510 2028
f 2018 2028 510
f 2027 2028 514
f 2025 514 2028
f 2031 2020 1917
f 61 1917 2020
f 518 2030 2029
f 2031 2029 2030
f 2034 2029 1914
f 486 1914 2029
f 516 2033 2032
f 2034 2032 2033
f 2038 2037 2033
f 518 2033 2037
f 73 2036 2035
f 2038 2035 2036
f 2040 2023 2030
f 513 2030 2023
f 517 2039 2037
f 2040 2037 2039
f 2032 62 2043
f 1929 2043 62
f 2042 2043 521
f 2041 521 2043
f 2046 2041 1926
f 489 1926 2041
f 519 2045 2044
f 2046 2044 2045
f 2050 2049 2045
f 521 2045 2049
f 74 2048 2047
f 2050 2047 2048
f 2052 2035 2042
f 516 2042 2035
f 2051 2052 520
f 2049 520 2052
f 2044 63 2055
f 1941 2055 63
f 2054 2055 524
f 2053 524 2055
f 2058 2053 1938
f 492 1938 2053
f 522 2057 2056
f 2058 2056 2057
f 2062 2061 2057
f 524 2057 2061
f 75 2060 2059
f 2062 2059 2060
f 2047 519 2064
f 2054 2064 519
f 2063 2064 523
f 2061 523 2064
f 2056 64 2067
f 1953 2067 64
f 527 2066 2065
f 2067 2065 2066
f 2070 2065 1950
f 495 1950 2065
f 525 2069 2068
f 2070 2068 2069
f 2073 527 2074
f 2069 2074 527
f 2071 76 2074
f 2072 2074 76
f 2059 522 2076
f 2066 2076 522
f 2075 2076 526
f 2073 526 2076
f 2079 2068 1965
f 65 1965 2068
f 530 2078 2077
f 2079 2077 2078
f 1962 2082 498
f 2077 498 2082
f 2080 528 2082
f 2081 2082 528
f 2081 2086 530
f 2085 530 2086
f 2083 77 2086
f 2084 2086 77
f 2078 2088 525
f 2071 525 2088
f 2085 529 2088
f 2087 2088 529
f 1978 2092 67
f 2091 67 2092
f 2089 534 2092
f 2090 2092 534
f 1975 2095 501
f 2089 501 2095
f 2093 531 2095
f 2094 2095 531
f 2094 2099 534
f 2098 534 2099
f 2096 79 2099
f 2097 2099 79
f 2090 2102 533
f 2101 533 2102
f 2098 532 2102
f 2100 2102 532
f 1991 2105 68
f 2093 68 2105
f 2103 537 2105
f 2104 2105 537
f 2103 505 2108
f 1988 2108 505
f 2107 2108 535
f 2106 535 2108
f 2107 2112 537
f 2111 537 2112
f 2110 2112 80
f 2109 80 2112
f 2104 2114 531
f 2096 531 2114
f 2111 536 2114
f 2113 2114 536
f 2106 69 2117
f 2003 2117 69
f 2117 2115 2116
f 540 2116 2115
f 508 2000 2115
f 2120 2115 2000
f 2120 2118 2119
f 538 2119 2118
f 540 2119 2123
f 2124 2123 2119
f 2124 2121 2122
f 81 2122 2121
f 535 2116 2109
f 2126 2109 2116
f 2126 2123 2125
f 539 2125 2123
f 70 2015 2118
f 2129 2118 2015
f 2129 2127 2128
f 543 2128 2127
f 511 2012 2127
f 2132 2127 2012
f 2132 2130 2131
f 541 2131 2130
f 543 2131 2135
f 2136 2135 2131
f 2136 2133 2134
f 82 2134 2133
f 538 2128 2121
f 2138 2121 2128
f 2138 2135 2137
f 542 2137 2135
f 2027 2141 71
f 2130 71 2141
f 2141 2139 2140
f 546 2140 2139
f 2024 2144 514
f 2139 514 2144
f 2142 544 2144
f 2143 2144 544
f 2143 2148 546
f 2147 546 2148
f 2145 83 2148
f 2146 2148 83
f 541 2140 2133
f 2150 2133 2140
f 2150 2147 2149
f 545 2149 2147
f 2039 2153 72
f 2142 72 2153
f 2151 549 2153
f 2152 2153 549
f 2036 2156 517
f 2151 517 2156
f 2154 547 2156
f 2155 2156 547
f 2155 2160 549
f 2159 549 2160
f 2157 84 2160
f 2158 2160 84
f 2152 2162 544
f 2145 544 2162
f 2159 548 2162
f 2161 2162 548
f 73 2051 2154
f 2165 2154 2051
f 2165 2163 2164
f 552 2164 2163
f 2048 2168 520
f 2163 520 2168
f 2166 550 2168
f 2167 2168 550
f 2167 2172 552
f 2171 552 2172
f 2169 85 2172
f 2170 2172 85
f 547 2164 2157
f 2174 2157 2164
f 2174 2171 2173
f 551 2173 2171
f 74 2063 2166
f 2177 2166 2063
f 2177 2175 2176
f 555 2176 2175
f 2060 2180 523
f 2175 523 2180
f 2178 553 2180
f 2179 2180 553
f 2179 2184 555
f 2183 555 2184
f 2181 86 2184
f 2182 2184 86
f 550 2176 2169
f 2186 2169 2176
f 2186 2183 2185
f 554 2185 2183
f 75 2075 2178
f 2189 2178 2075
f 2187 558 2189
f 2188 2189 558
f 2072 2192 526
f 2187 526 2192
f 2190 556 2192
f 2191 2192 556
f 2191 2196 558
f 2195 558 2196
f 2193 87 2196
f 2194 2196 87
f 553 2188 2181
f 2198 2181 2188
f 2195 557 2198
f 2197 2198 557
f 2087 2201 76
f 2190 76 2201
f 2199 561 2201
f 2200 2201 561
f 2084 2204 529
f 2199 529 2204
f 2202 559 2204
f 2203 2204 559
f 2203 2208 561
f 2207 561 2208
f 2205 88 2208
f 2206 2208 88
f 2200 2210 556
f 2193 556 2210
f 2207 560 2210
f 2209 2210 560
f 2100 2214 78
f 2213 78 2214
f 2211 565 2214
f 2212 2214 565
f 2097 2217 532
f 2211 532 2217
f 2215 562 2217
f 2216 2217 562
f 2216 2221 565
f 2220 565 2221
f 2218 90 2221
f 2219 2221 90
f 2212 2224 564
f 2223 564 2224
f 2220 563 2224
f 2222 2224 563
f 2113 2227 79
f 2215 79 2227
f 2225 568 2227
f 2226 2227 568
f 2110 2230 536
f 2225 536 2230
f 2228 566 2230
f 2229 2230 566
f 2229 2234 568
f 2233 568 2234
f 2231 91 2234
f 2232 2234 91
f 2226 2236 562
f 2218 562 2236
f 2233 567 2236
f 2235 2236 567
f 80 2125 2228
f 2239 2228 2125
f 2239 2237 2238
f 571 2238 2237
f 539 2122 2237
f 2242 2237 2122
f 2242 2240 2241
f 569 2241 2240
f 571 2241 2245
f 2246 2245 2241
f 2246 2243 2244
f 92 2244 2243
f 566 2238 2231
f 2248 2231 2238
f 2248 2245 2247
f 570 2247 2245
f 81 2137 2240
f 2251 2240 2137
f 2251 2249 2250
f 574 2250 2249
f 542 2134 2249
f 2254 2249 2134
f 2252 572 2254
f 2253 2254 572
f 2253 2258 574
f 2257 574 2258
f 2255 93 2258
f 2256 2258 93
f 569 2250 2243
f 2260 2243 2250
f 2257 573 2260
f 2259 2260 573
f 2149 2263 82
f 2252 82 2263
f 2261 577 2263
f 2262 2263 577
f 2146 2266 545
f 2261 545 2266
f 2264 575 2266
f 2265 2266 575
f 2265 2270 577
f 2269 577 2270
f 2267 94 2270
f 2268 2270 94
f 2262 2272 572
f 2255 572 2272
f 2269 576 2272
f 2271 2272 576
f 2161 2275 83
f 2264 83 2275
f 2273 580 2275
f 2274 2275 580
f 2158 2278 548
f 2273 548 2278
f 2276 578 2278
f 2277 2278 578
f 2277 2282 580
f 2281 580 2282
f 2279 95 2282
f 2280 2282 95
f 2274 2284 575
f 2267 575 2284
f 2284 2281 2283
f 579 2283 2281
f 84 2173 2276
f 2287 2276 2173
f 2287 2285 2286
f 583 2286 2285
f 2170 2290 551
f 2285 551 2290
f 2288 581 2290
f 2289 2290 581
f 2289 2294 583
f 2293 583 2294
f 2291 96 2294
f 2292 2294 96
f 578 2286 2279
f 2296 2279 2286
f 2296 2293 2295
f 582 2295 2293
f 85 2185 2288
f 2299 2288 2185
f 2299 2297 2298
f 586 2298 2297
f 2182 2302 554
f 2297 554 2302
f 2300 584 2302
f 2301 2302 584
f 2301 2306 586
f 2305 586 2306
f 2303 97 2306
f 2304 2306 97
f 581 2298 2291
f 2308 2291 2298
f 2308 2305 2307
f 585 2307 2305
f 86 2197 2300
f 2311 2300 2197
f 2309 589 2311
f 2310 2311 589
f 2194 2314 557
f 2309 557 2314
f 2312 587 2314
f 2313 2314 587
f 2313 2318 589
f 2317 589 2318
f 2315 98 2318
f 2316 2318 98
f 584 2310 2303
f 2320 2303 2310
f 2320 2317 2319
f 588 2319 2317
f 2209 2323 87
f 2312 87 2323
f 2321 592 2323
f 2322 2323 592
f 2206 2326 560
f 2321 560 2326
f 2324 590 2326
f 2325 2326 590
f 2325 2330 592
f 2329 592 2330
f 2327 99 2330
f 2328 2330 99
f 2322 2332 587
f 2315 587 2332
f 2332 2329 2331
f 591 2331 2329
f 2222 2336 89
f 2335 89 2336
f 2336 2333 2334
f 596 2334 2333
f 2219 2339 563
f 2333 563 2339
f 2339 2337 2338
f 593 2338 2337
f 596 2338 2342
f 2343 2342 2338
f 2343 2340 2341
f 101 2341 2340
f 595 2334 2345
f 2346 2345 2334
f 2346 2342 2344
f 594 2344 2342
f 2235 2349 90
f 2337 90 2349
f 2349 2347 2348
f 599 2348 2347
f 2232 2352 567
f 2347 567 2352
f 2352 2350 2351
f 597 2351 2350
f 599 2351 2355
f 2356 2355 2351
f 2356 2353 2354
f 102 2354 2353
f 593 2348 2340
f 2358 2340 2348
f 2358 2355 2357
f 598 2357 2355
f 91 2247 2350
f 2361 2350 2247
f 2361 2359 2360
f 602 2360 2359
f 570 2244 2359
f 2364 2359 2244
f 2364 2362 2363
f 600 2363 2362
f 602 2363 2367
f 2368 2367 2363
f 2368 2365 2366
f 103 2366 2365
f 597 2360 2353
f 2370 2353 2360
f 2370 2367 2369
f 601 2369 2367
f 2259 2373 92
f 2362 92 2373
f 2373 2371 2372
f 605 2372 2371
f 2256 2376 573
f 2371 573 2376
f 2376 2374 2375
f 603 2375 2374
f 605 2375 2379
f 2380 2379 2375
f 2380 2377 2378
f 104 2378 2377
f 600 2372 2365
f 2382 2365 2372
f 2382 2379 2381
f 604 2381 2379
f 2271 2385 93
f 2374 93 2385
f 2385 2383 2384
f 608 2384 2383
f 2268 2388 576
f 2383 576 2388
f 2388 2386 2387
f 606 2387 2386
f 608 2387 2391
f 2392 2391 2387
f 2392 2389 2390
f 105 2390 2389
f 603 2384 2377
f 2394 2377 2384
f 2394 2391 2393
f 607 2393 2391
f 94 2283 2386
f 2397 2386 2283
f 2397 2395 2396
f 611 2396 2395
f 2280 2400 579
f 2395 579 2400
f 2400 2398 2399
f 609 2399 2398
f 611 2399 2403
f 2404 2403 2399
f 2404 2401 2402
f 106 2402 2401
f 606 2396 2389
f 2406 2389 2396
f 2406 2403 2405
f 610 2405 2403
f 95 2295 2398
f 2409 2398 2295
f 2409 2407 2408
f 614 2408 2407
f 2292 2412 582
f 2407 582 2412
f 2412 2410 2411
f 612 2411 2410
f 614 2411 2415
f 2416 2415 2411
f 2416 2413 2414
f 107 2414 2413
f 609 2408 2401
f 2418 2401 2408
f 2418 2415 2417
f 613 2417 2415
f 96 2307 2410
f 2421 2410 2307
f 2421 2419 2420
f 617 2420 2419
f 2304 2424 585
f 2419 585 2424
f 2424 2422 2423
f 615 2423 2422
f 617 2423 2427
f 2428 2427 2423
f 2428 2425 2426
f 108 2426 2425
f 612 2420 2413
f 2430 2413 2420
f 2430 2427 2429
f 616 2429 2427
f 97 2319 2422
f 2433 2422 2319
f 2433 2431 2432
f 620 2432 2431
f 2316 2436 588
f 2431 588 2436
f 2436 2434 2435
f 618 2435 2434
f 620 2435 2439
f 2440 2439 2435
f 2440 2437 2438
f 109 2438 2437
f 615 2432 2425
f 2442 2425 2432
f 2442 2439 2441
f 619 2441 2439
f 98 2331 2434
f 2445 2434 2331
f 2445 2443 2444
f 623 2444 2443
f 2328 2448 591
f 2443 591 2448
f 2448 2446 2447
f 621 2447 2446
f 623 2447 2451
f 2452 2451 2447
f 2452 2449 2450
f 110 2450 2449
f 618 2444 2437
f 2454 2437 2444
f 2454 2451 2453
f 622 2453 2451
f 100 2344 2457
f 2458 2457 2344
f 2458 2455 2456
f 627 2456 2455
f 594 2341 2455
f 2461 2455 2341
f 2461 2459 2460
f 624 2460 2459
f 627 2460 2464
f 2465 2464 2460
f 2465 2462 2463
f 112 2463 2462
f 626 2456 2467
f 2468 2467 2456
f 2468 2464 2466
f 625 2466 2464
f 101 2357 2459
f 2471 2459 2357
f 2471 2469 2470
f 630 2470 2469
f 598 2354 2469
f 2474 2469 2354
f 2474 2472 2473
f 628 2473 2472
f 630 2473 2477
f 2478 2477 2473
f 2478 2475 2476
f 113 2476 2475
f 624 2470 2462
f 2480 2462 2470
f 2480 2477 2479
f 629 2479 2477
f 102 2369 2472
f 2483 2472 2369
f 2483 2481 2482
f 633 2482 2481
f 601 2366 2481
f 2486 2481 2366
f 2486 2484 2485
f 631 2485 2484
f 633 2485 2489
f 2490 2489 2485
f 2490 2487 2488
f 114 2488 2487
f 628 2482 2475
f 2492 2475 2482
f 2492 2489 2491
f 632 2491 2489
f 103 2381 2484
f 2495 2484 2381
f 2495 2493 2494
f 636 2494 2493
f 604 2378 2493
f 2498 2493 2378
f 2498 2496 2497
f 634 2497 2496
f 636 2497 2501
f 2502 2501 2497
f 2502 2499 2500
f 115 2500 2499
f 631 2494 2487
f 2504 2487 2494
f 2504 2501 2503
f 635 2503 2501
f 104 2393 2496
f 2507 2496 2393
f 2507 2505 2506
f 639 2506 2505
f 607 2390 2505
f 2510 2505 2390
f 2510 2508 2509
f 637 2509 2508
f 639 2509 2513
f 2514 2513 2509
f 2514 2511 2512
f 116 2512 2511
f 634 2506 2499
f 2516 2499 2506
f 2516 2513 2515
f 638 2515 2513
f 105 2405 2508
f 2519 2508 2405
f 2519 2517 2518
f 642 2518 2517
f 610 2402 2517
f 2522 2517 2402
f 2522 2520 2521
f 640 2521 2520
f 642 2521 2525
f 2526 2525 2521
f 2526 2523 2524
f 117 2524 2523
f 637 2518 2511
f 2528 2511 2518
f 2528 2525 2527
f 641 2527 2525
f 106 2417 2520
f 2531 2520 2417
f 2531 2529 2530
f 645 2530 2529
f 613 2414 2529
f 2534 2529 2414
f 2534 2532 2533
f 643 2533 2532
f 645 2533 2537
f 2538 2537 2533
f 2538 2535 2536
f 118 2536 2535
f 640 2530 2523
f 2540 2523 2530
f 2540 2537 2539
f 644 2539 2537
f 107 2429 2532
f 2543 2532 2429
f 2543 2541 2542
f 648 2542 2541
f 616 2426 2541
f 2546 2541 2426
f 2546 2544 2545
f 646 2545 2544
f 648 2545 2549
f 2550 2549 2545
f 2550 2547 2548
f 119 2548 2547
f 643 2542 2535
f 2552 2535 2542
f 2552 2549 2551
f 647 2551 2549
f 108 2441 2544
f 2555 2544 2441
f 2555 2553 2554
f 651 2554 2553
f 619 2438 2553
f 2558 2553 2438
f 2558 2556 2557
f 649 2557 2556
f 651 2557 2561
f 2562 2561 2557
f 2562 2559 2560
f 120 2560 2559
f 646 2554 2547
f 2564 2547 2554
f 2564 2561 2563
f 650 2563 2561
f 109 2453 2556
f 2567 2556 2453
f 2567 2565 2566
f 654 2566 2565
f 622 2450 2565
f 2570 2565 2450
f 2570 2568 2569
f 652 2569 2568
f 654 2569 2573
f 2574 2573 2569
f 2574 2571 2572
f 121 2572 2571
f 649 2566 2559
f 2576 2559 2566
f 2576 2573 2575
f 653 2575 2573
f 2466 2580 111
f 2579 111 2580
f 2577 658 2580
f 2578 2580 658
f 2463 2583 625
f 2577 625 2583
f 2581 655 2583
f 2582 2583 655
f 2582 2587 658
f 2586 658 2587
f 2584 123 2587
f 2585 2587 123
f 2578 2590 657
f 2589 657 2590
f 2586 656 2590
f 2588 2590 656
f 112 2479 2581
f 2593 2581 2479
f 2591 661 2593
f 2592 2593 661
f 2476 2596 629
f 2591 629 2596
f 2594 659 2596
f 2595 2596 659
f 2595 2600 661
f 2599 661 2600
f 2597 124 2600
f 2598 2600 124
f 2592 2602 655
f 2584 655 2602
f 2599 660 2602
f 2601 2602 660
f 113 2491 2594
f 2605 2594 2491
f 2603 664 2605
f 2604 2605 664
f 2488 2608 632
f 2603 632 2608
f 2606 662 2608
f 2607 2608 662
f 2607 2612 664
f 2611 664 2612
f 2609 125 2612
f 2610 2612 125
f 2604 2614 659
f 2597 659 2614
f 2611 663 2614
f 2613 2614 663
f 114 2503 2606
f 2617 2606 2503
f 2617 2615 2616
f 667 2616 2615
f 2500 2620 635
f 2615 635 2620
f 2618 665 2620
f 2619 2620 665
f 2619 2624 667
f 2623 667 2624
f 2621 126 2624
f 2622 2624 126
f 662 2616 2609
f 2626 2609 2616
f 2623 666 2626
f 2625 2626 666
f 115 2515 2618
f 2629 2618 2515
f 2629 2627 2628
f 670 2628 2627
f 2512 2632 638
f 2627 638 2632
f 2630 668 2632
f 2631 2632 668
f 2631 2636 670
f 2635 670 2636
f 2633 127 2636
f 2634 2636 127
f 665 2628 2621
f 2638 2621 2628
f 2638 2635 2637
f 669 2637 2635
f 116 2527 2630
f 2641 2630 2527
f 2641 2639 2640
f 673 2640 2639
f 2524 2644 641
f 2639 641 2644
f 2642 671 2644
f 2643 2644 671
f 2643 2648 673
f 2647 673 2648
f 2645 128 2648
f 2646 2648 128
f 668 2640 2633
f 2650 2633 2640
f 2650 2647 2649
f 672 2649 2647
f 117 2539 2642
f 2653 2642 2539
f 2653 2651 2652
f 676 2652 2651
f 2536 2656 644
f 2651 644 2656
f 2654 674 2656
f 2655 2656 674
f 2655 2660 676
f 2659 676 2660
f 2657 129 2660
f 2658 2660 129
f 671 2652 2645
f 2662 2645 2652
f 2662 2659 2661
f 675 2661 2659
f 118 2551 2654
f 2665 2654 2551
f 2665 2663 2664
f 679 2664 2663
f 2548 2668 647
f 2663 647 2668
f 2666 677 2668
f 2667 2668 677
f 2667 2672 679
f 2671 679 2672
f 2669 130 2672
f 2670 2672 130
f 674 2664 2657
f 2674 2657 2664
f 2674 2671 2673
f 678 2673 2671
f 119 2563 2666
f 2677 2666 2563
f 2677 2675 2676
f 682 2676 2675
f 2560 2680 650
f 2675 650 2680
f 2678 680 2680
f 2679 2680 680
f 2679 2684 682
f 2683 682 2684
f 2681 131 2684
f 2682 2684 131
f 677 2676 2669
f 2686 2669 2676
f 2686 2683 2685
f 681 2685 2683
f 120 2575 2678
f 2689 2678 2575
f 2689 2687 2688
f 685 2688 2687
f 2572 2692 653
f 2687 653 2692
f 2690 683 2692
f 2691 2692 683
f 2691 2696 685
f 2695 685 2696
f 2693 132 2696
f 2694 2696 132
f 680 2688 2681
f 2698 2681 2688
f 2698 2695 2697
f 684 2697 2695
f 2588 2702 122
f 2701 122 2702
f 2699 688 2702
f 2700 2702 688
f 2585 2705 656
f 2699 656 2705
f 2703 686 2705
f 2704 2705 686
f 688 2704 2707
f 2708 2707 2704
f 2708 2706 1342
f 2 1342 2706
f 687 2700 2709
f 2710 2709 2700
f 2710 2707 1337
f 335 1337 2707
f 2601 2713 123
f 2703 123 2713
f 2711 690 2713
f 2712 2713 690
f 2598 2716 660
f 2711 660 2716
f 2714 689 2716
f 2715 2716 689
f 2715 2719 690
f 2718 690 2719
f 2719 2717 1357
f 3 1357 2717
f 2712 2720 686
f 2706 686 2720
f 2720 2718 1353
f 340 1353 2718
f 2613 2723 124
f 2714 124 2723
f 2721 692 2723
f 2722 2723 692
f 2610 2726 663
f 2721 663 2726
f 2724 691 2726
f 2725 2726 691
f 2725 2729 692
f 2728 692 2729
f 2729 2727 1371
f 4 1371 2727
f 2722 2730 689
f 2717 689 2730
f 2730 2728 1367
f 344 1367 2728
f 2625 2733 125
f 2724 125 2733
f 2731 694 2733
f 2732 2733 694
f 2622 2736 666
f 2731 666 2736
f 2734 693 2736
f 2735 2736 693
f 2735 2739 694
f 2738 694 2739
f 2737 5 2739
f 1385 2739 5
f 2732 2740 691
f 2727 691 2740
f 2738 348 2740
f 1381 2740 348
f 126 2637 2734
f 2743 2734 2637
f 2743 2741 2742
f 696 2742 2741
f 2634 2746 669
f 2741 669 2746
f 2744 695 2746
f 2745 2746 695
f 2745 2749 696
f 2748 696 2749
f 2747 6 2749
f 1399 2749 6
f 2742 2750 693
f 2737 693 2750
f 2748 352 2750
f 1395 2750 352
f 127 2649 2744
f 2753 2744 2649
f 2753 2751 2752
f 698 2752 2751
f 2646 2756 672
f 2751 672 2756
f 2754 697 2756
f 2755 2756 697
f 2755 2759 698
f 2758 698 2759
f 2757 7 2759
f 1413 2759 7
f 695 2752 2747
f 2760 2747 2752
f 2760 2758 1409
f 356 1409 2758
f 128 2661 2754
f 2763 2754 2661
f 2763 2761 2762
f 700 2762 2761
f 2658 2766 675
f 2761 675 2766
f 2764 699 2766
f 2765 2766 699
f 2765 2769 700
f 2768 700 2769
f 2767 8 2769
f 1427 2769 8
f 697 2762 2757
f 2770 2757 2762
f 2770 2768 1423
f 360 1423 2768
f 129 2673 2764
f 2773 2764 2673
f 2773 2771 2772
f 702 2772 2771
f 2670 2776 678
f 2771 678 2776
f 2774 701 2776
f 2775 2776 701
f 2775 2779 702
f 2778 702 2779
f 2777 9 2779
f 1441 2779 9
f 699 2772 2767
f 2780 2767 2772
f 2780 2778 1437
f 364 1437 2778
f 130 2685 2774
f 2783 2774 2685
f 2783 2781 2782
f 704 2782 2781
f 2682 2786 681
f 2781 681 2786
f 2784 703 2786
f 2785 2786 703
f 2785 2789 704
f 2788 704 2789
f 2787 10 2789
f 1455 2789 10
f 701 2782 2777
f 2790 2777 2782
f 2790 2788 1451
f 368 1451 2788
f 131 2697 2784
f 2793 2784 2697
f 2793 2791 2792
f 706 2792 2791
f 2694 2796 684
f 2791 684 2796
f 2794 705 2796
f 2795 2796 705
f 2795 2799 706
f 2798 706 2799
f 2797 11 2799
f 1469 2799 11
f 703 2792 2787
f 2800 2787 2792
f 2800 2798 1465
f 372 1465 2798
f 34 1725 2803
f 2804 2803 1725
f 2804 2801 2802
f 710 2802 2801
f 2807 2801 1735
f 440 1735 2801
f 707 2806 2805
f 2807 2805 2806
f 2811 2810 2806
f 710 2806 2810
f 134 2809 2808
f 2811 2808 2809
f 709 2802 2813
f 2814 2813 2802
f 708 2812 2810
f 2814 2810 2812
f 2817 2805 1847
f 45 1847 2805
f 2817 2815 2816
f 713 2816 2815
f 471 1857 2815
f 2820 2815 1857
f 2820 2818 2819
f 711 2819 2818
f 713 2819 2823
f 2824 2823 2819
f 2824 2821 2822
f 135 2822 2821
f 2826 2808 2816
f 707 2816 2808
f 712 2825 2823
f 2826 2823 2825
f 2830 2829 2812
f 133 2812 2829
f 717 2828 2827
f 2830 2827 2828
f 2833 2827 2809
f 708 2809 2827
f 714 2832 2831
f 2833 2831 2832
f 2837 2836 2832
f 717 2832 2836
f 137 2835 2834
f 2837 2834 2835
f 2840 2839 2828
f 716 2828 2839
f 715 2838 2836
f 2840 2836 2838
f 2843 2831 2825
f 134 2825 2831
f 720 2842 2841
f 2843 2841 2842
f 712 2822 2841
f 2846 2841 2822
f 2846 2844 2845
f 718 2845 2844
f 2850 2849 2845
f 720 2845 2849
f 138 2848 2847
f 2850 2847 2848
f 2852 2834 2842
f 714 2842 2834
f 2851 2852 719
f 2849 719 2852
f 136 2838 2855
f 2856 2855 2838
f 2856 2853 2854
f 724 2854 2853
f 2859 2853 2835
f 715 2835 2853
f 2857 721 2859
f 2858 2859 721
f 724 2858 2862
f 2863 2862 2858
f 2860 140 2863
f 2861 2863 140
f 723 2854 2865
f 2866 2865 2854
f 2866 2862 2864
f 722 2864 2862
f 2851 2869 137
f 2857 137 2869
f 2867 727 2869
f 2868 2869 727
f 2848 2872 719
f 2867 719 2872
f 2870 725 2872
f 2871 2872 725
f 2871 2876 727
f 2875 727 2876
f 2873 141 2876
f 2874 2876 141
f 2868 2878 721
f 2860 721 2878
f 2875 726 2878
f 2877 2878 726
f 141 2873 2881
f 2882 2881 2873
f 2882 2879 2880
f 731 2880 2879
f 725 2870 2879
f 2885 2879 2870
f 2885 2883 2884
f 728 2884 2883
f 731 2884 2888
f 2889 2888 2884
f 2889 2886 2887
f 142 2887 2886
f 730 2880 2891
f 2892 2891 2880
f 2892 2888 2890
f 729 2890 2888
f 66 1961 2895
f 2896 2895 1961
f 2896 2893 2894
f 735 2894 2893
f 497 1958 2893
f 2899 2893 1958
f 2899 2897 2898
f 732 2898 2897
f 735 2898 2902
f 2903 2902 2898
f 2900 145 2903
f 2901 2903 145
f 2894 2906 734
f 2905 734 2906
f 2906 2902 2904
f 733 2904 2902
f 1839 2909 55
f 2897 55 2909
f 2907 738 2909
f 2908 2909 738
f 1836 2912 466
f 2907 466 2912
f 2910 736 2912
f 2911 2912 736
f 2911 2916 738
f 2915 738 2916
f 2913 144 2916
f 2914 2916 144
f 2908 2918 732
f 2900 732 2918
f 2915 737 2918
f 2917 2918 737
f 2904 2922 146
f 2921 146 2922
f 2922 2919 2920
f 742 2920 2919
f 733 2901 2919
f 2925 2919 2901
f 2925 2923 2924
f 739 2924 2923
f 742 2924 2928
f 2929 2928 2924
f 2929 2926 2927
f 148 2927 2926
f 741 2920 2931
f 2932 2931 2920
f 2932 2928 2930
f 740 2930 2928
f 2917 2935 145
f 2923 145 2935
f 2933 745 2935
f 2934 2935 745
f 2914 2938 737
f 2933 737 2938
f 2936 743 2938
f 2937 2938 743
f 2937 2942 745
f 2941 745 2942
f 2939 147 2942
f 2940 2942 147
f 2934 2944 739
f 2926 739 2944
f 2941 744 2944
f 2943 2944 744
f 2949 2948 2945
f 150 2945 2948
f 750 2947 2946
f 2949 2946 2947
f 2953 2946 2950
f 746 2950 2946
f 747 2952 2951
f 2953 2951 2952
f 2957 2956 2952
f 750 2952 2956
f 162 2955 2954
f 2957 2954 2955
f 2960 2959 2947
f 749 2947 2959
f 748 2958 2956
f 2960 2956 2958
f 2964 2963 2958
f 151 2958 2963
f 754 2962 2961
f 2964 2961 2962
f 2967 2961 2955
f 748 2955 2961
f 751 2966 2965
f 2967 2965 2966
f 2971 2970 2966
f 754 2966 2970
f 163 2969 2968
f 2971 2968 2969
f 2974 2973 2962
f 753 2962 2973
f 752 2972 2970
f 2974 2970 2972
f 2978 2977 2972
f 152 2972 2977
f 758 2976 2975
f 2978 2975 2976
f 2981 2975 2969
f 752 2969 2975
f 755 2980 2979
f 2981 2979 2980
f 2985 2984 2980
f 758 2980 2984
f 164 2983 2982
f 2985 2982 2983
f 2988 2987 2976
f 757 2976 2987
f 756 2986 2984
f 2988 2984 2986
f 2992 2991 2986
f 153 2986 2991
f 762 2990 2989
f 2992 2989 2990
f 2995 2989 2983
f 756 2983 2989
f 759 2994 2993
f 2995 2993 2994
f 2999 2998 2994
f 762 2994 2998
f 165 2997 2996
f 2999 2996 2997
f 2990 3002 761
f 3001 761 3002
f 2998 760 3002
f 3000 3002 760
f 3000 3006 154
f 3005 154 3006
f 3003 766 3006
f 3004 3006 766
f 2997 3009 760
f 3003 760 3009
f 3007 763 3009
f 3008 3009 763
f 3008 3013 766
f 3012 766 3013
f 3010 166 3013
f 3011 3013 166
f 3004 3016 765
f 3015 765 3016
f 3012 764 3016
f 3014 3016 764
f 3014 3020 155
f 3019 155 3020
f 3017 770 3020
f 3018 3020 770
f 3011 3023 764
f 3017 764 3023
f 3021 767 3023
f 3022 3023 767
f 3027 3026 3022
f 770 3022 3026
f 167 3025 3024
f 3027 3024 3025
f 3030 3029 3018
f 769 3018 3029
f 768 3028 3026
f 3030 3026 3028
f 3028 3034 156
f 3033 156 3034
f 3031 774 3034
f 3032 3034 774
f 3025 3037 768
f 3031 768 3037
f 3035 771 3037
f 3036 3037 771
f 3041 3040 3036
f 774 3036 3040
f 168 3039 3038
f 3041 3038 3039
f 3044 3043 3032
f 773 3032 3043
f 772 3042 3040
f 3044 3040 3042
f 3042 3048 157
f 3047 157 3048
f 3045 778 3048
f 3046 3048 778
f 3039 3051 772
f 3045 772 3051
f 3049 775 3051
f 3050 3051 775
f 3055 3054 3050
f 778 3050 3054
f 169 3053 3052
f 3055 3052 3053
f 3058 3057 3046
f 777 3046 3057
f 776 3056 3054
f 3058 3054 3056
f 3056 3062 158
f 3061 158 3062
f 3059 782 3062
f 3060 3062 782
f 3053 3065 776
f 3059 776 3065
f 3063 779 3065
f 3064 3065 779
f 3069 3068 3064
f 782 3064 3068
f 170 3067 3066
f 3069 3066 3067
f 3072 3071 3060
f 781 3060 3071
f 780 3070 3068
f 3072 3068 3070
f 3070 3076 159
f 3075 159 3076
f 3073 786 3076
f 3074 3076 786
f 3067 3079 780
f 3073 780 3079
f 3077 783 3079
f 3078 3079 783
f 3083 3082 3078
f 786 3078 3082
f 171 3081 3080
f 3083 3080 3081
f 3086 3085 3074
f 785 3074 3085
f 784 3084 3082
f 3086 3082 3084
f 161 3087 2951
f 3090 2951 3087
f 3090 3088 3089
f 790 3089 3088
f 787 3091 3088
f 3094 3088 3091
f 3094 3092 3093
f 788 3093 3092
f 790 3093 3097
f 3098 3097 3093
f 3098 3095 3096
f 173 3096 3095
f 3100 2954 3089
f 747 3089 2954
f 3100 3097 3099
f 789 3099 3097
f 3103 2965 3099
f 162 3099 2965
f 793 3102 3101
f 3103 3101 3102
f 3106 3101 3096
f 789 3096 3101
f 791 3105 3104
f 3106 3104 3105
f 3110 3109 3105
f 793 3105 3109
f 174 3108 3107
f 3110 3107 3108
f 3112 2968 3102
f 751 3102 2968
f 792 3111 3109
f 3112 3109 3111
f 3115 2979 3111
f 163 3111 2979
f 796 3114 3113
f 3115 3113 3114
f 3118 3113 3108
f 792 3108 3113
f 794 3117 3116
f 3118 3116 3117
f 3122 3121 3117
f 796 3117 3121
f 3119 175 3122
f 3120 3122 175
f 3124 2982 3114
f 755 3114 2982
f 795 3123 3121
f 3124 3121 3123
f 3127 2993 3123
f 164 3123 2993
f 799 3126 3125
f 3127 3125 3126
f 3130 3125 3120
f 795 3120 3125
f 3128 797 3130
f 3129 3130 797
f 3134 3133 3129
f 799 3129 3133
f 176 3132 3131
f 3134 3131 3132
f 3136 2996 3126
f 759 3126 2996
f 798 3135 3133
f 3136 3133 3135
f 3139 3007 3135
f 165 3135 3007
f 802 3138 3137
f 3139 3137 3138
f 3142 3137 3132
f 798 3132 3137
f 800 3141 3140
f 3142 3140 3141
f 3146 3145 3141
f 802 3141 3145
f 177 3144 3143
f 3146 3143 3144
f 3138 3148 763
f 3010 763 3148
f 801 3147 3145
f 3148 3145 3147
f 3147 3151 166
f 3021 166 3151
f 3149 805 3151
f 3150 3151 805
f 3144 3154 801
f 3149 801 3154
f 3152 803 3154
f 3153 3154 803
f 3158 3157 3153
f 805 3153 3157
f 178 3156 3155
f 3158 3155 3156
f 3160 3024 3150
f 767 3150 3024
f 804 3159 3157
f 3160 3157 3159
f 3159 3163 167
f 3035 167 3163
f 3161 808 3163
f 3162 3163 808
f 3156 3166 804
f 3161 804 3166
f 3164 806 3166
f 3165 3166 806
f 3170 3169 3165
f 808 3165 3169
f 179 3168 3167
f 3170 3167 3168
f 3172 3038 3162
f 771 3162 3038
f 807 3171 3169
f 3172 3169 3171
f 3171 3175 168
f 3049 168 3175
f 3173 811 3175
f 3174 3175 811
f 3168 3178 807
f 3173 807 3178
f 3176 809 3178
f 3177 3178 809
f 3182 3181 3177
f 811 3177 3181
f 180 3180 3179
f 3182 3179 3180
f 3184 3052 3174
f 775 3174 3052
f 810 3183 3181
f 3184 3181 3183
f 3183 3187 169
f 3063 169 3187
f 814 3186 3185
f 3187 3185 3186
f 3180 3190 810
f 3185 810 3190
f 812 3189 3188
f 3190 3188 3189
f 3194 3193 3189
f 814 3189 3193
f 181 3192 3191
f 3194 3191 3192
f 3196 3066 3186
f 779 3186 3066
f 813 3195 3193
f 3196 3193 3195
f 3195 3199 170
f 3077 170 3199
f 817 3198 3197
f 3199 3197 3198
f 3202 3197 3192
f 813 3192 3197
f 815 3201 3200
f 3202 3200 3201
f 3206 3205 3201
f 817 3201 3205
f 182 3204 3203
f 3206 3203 3204
f 3208 3080 3198
f 783 3198 3080
f 816 3207 3205
f 3208 3205 3207
f 172 3209 3092
f 3212 3092 3209
f 3212 3210 3211
f 821 3211 3210
f 818 3213 3210
f 3216 3210 3213
f 3216 3214 3215
f 819 3215 3214
f 821 3215 3219
f 3220 3219 3215
f 3220 3217 3218
f 184 3218 3217
f 788 3211 3095
f 3222 3095 3211
f 3222 3219 3221
f 820 3221 3219
f 173 3221 3104
f 3225 3104 3221
f 3225 3223 3224
f 824 3224 3223
f 820 3218 3223
f 3228 3223 3218
f 3228 3226 3227
f 822 3227 3226
f 3232 3231 3227
f 824 3227 3231
f 3229 185 3232
f 3230 3232 185
f 3234 3107 3224
f 791 3224 3107
f 823 3233 3231
f 3234 3231 3233
f 3233 3237 174
f 3116 174 3237
f 3235 827 3237
f 3236 3237 827
f 3230 3240 823
f 3235 823 3240
f 3238 825 3240
f 3239 3240 825
f 3239 3244 827
f 3243 827 3244
f 3241 186 3244
f 3242 3244 186
f 3236 3246 794
f 3119 794 3246
f 3243 826 3246
f 3245 3246 826
f 3245 3249 175
f 3128 175 3249
f 3247 830 3249
f 3248 3249 830
f 3242 3252 826
f 3247 826 3252
f 3250 828 3252
f 3251 3252 828
f 3251 3256 830
f 3255 830 3256
f 3253 187 3256
f 3254 3256 187
f 3248 3258 797
f 3131 797 3258
f 3255 829 3258
f 3257 3258 829
f 3257 3261 176
f 3140 176 3261
f 3259 833 3261
f 3260 3261 833
f 3254 3264 829
f 3259 829 3264
f 3262 831 3264
f 3263 3264 831
f 3263 3268 833
f 3267 833 3268
f 3265 188 3268
f 3266 3268 188
f 3260 3270 800
f 3143 800 3270
f 3267 832 3270
f 3269 3270 832
f 3269 3273 177
f 3152 177 3273
f 3271 836 3273
f 3272 3273 836
f 3266 3276 832
f 3271 832 3276
f 3274 834 3276
f 3275 3276 834
f 3275 3280 836
f 3279 836 3280
f 3277 189 3280
f 3278 3280 189
f 3272 3282 803
f 3155 803 3282
f 3279 835 3282
f 3281 3282 835
f 3281 3285 178
f 3164 178 3285
f 3283 839 3285
f 3284 3285 839
f 3278 3288 835
f 3283 835 3288
f 3286 837 3288
f 3287 3288 837
f 3287 3292 839
f 3291 839 3292
f 3289 190 3292
f 3290 3292 190
f 3284 3294 806
f 3167 806 3294
f 3291 838 3294
f 3293 3294 838
f 3293 3297 179
f 3176 179 3297
f 3295 842 3297
f 3296 3297 842
f 3290 3300 838
f 3295 838 3300
f 3298 840 3300
f 3299 3300 840
f 3299 3304 842
f 3303 842 3304
f 3301 191 3304
f 3302 3304 191
f 3296 3306 809
f 3179 809 3306
f 3303 841 3306
f 3305 3306 841
f 3305 3309 180
f 3188 180 3309
f 3307 845 3309
f 3308 3309 845
f 3302 3312 841
f 3307 841 3312
f 3310 843 3312
f 3311 3312 843
f 3311 3316 845
f 3315 845 3316
f 3313 192 3316
f 3314 3316 192
f 3308 3318 812
f 3191 812 3318
f 3315 844 3318
f 3317 3318 844
f 3321 3200 3317
f 181 3317 3200
f 3319 848 3321
f 3320 3321 848
f 3314 3324 844
f 3319 844 3324
f 3322 846 3324
f 3323 3324 846
f 3328 3327 3323
f 848 3323 3327
f 193 3326 3325
f 3328 3325 3326
f 3330 3203 3320
f 815 3320 3203
f 3327 847 3330
f 3329 3330 847
f 183 3331 3214
f 3334 3214 3331
f 3334 3332 3333
f 852 3333 3332
f 849 3335 3332
f 3338 3332 3335
f 3336 850 3338
f 3337 3338 850
f 852 3337 3341
f 3342 3341 3337
f 3342 3339 3340
f 195 3340 3339
f 819 3333 3217
f 3344 3217 3333
f 3344 3341 3343
f 851 3343 3341
f 184 3343 3226
f 3347 3226 3343
f 3347 3345 3346
f 855 3346 3345
f 851 3340 3345
f 3350 3345 3340
f 3348 853 3350
f 3349 3350 853
f 3349 3354 855
f 3353 855 3354
f 3351 196 3354
f 3352 3354 196
f 3356 3229 3346
f 822 3346 3229
f 3353 854 3356
f 3355 3356 854
f 3355 3359 185
f 3238 185 3359
f 3357 858 3359
f 3358 3359 858
f 3352 3362 854
f 3357 854 3362
f 3360 856 3362
f 3361 3362 856
f 3361 3366 858
f 3365 858 3366
f 3363 197 3366
f 3364 3366 197
f 3358 3368 825
f 3241 825 3368
f 3365 857 3368
f 3367 3368 857
f 3367 3371 186
f 3250 186 3371
f 3369 861 3371
f 3370 3371 861
f 3364 3374 857
f 3369 857 3374
f 3372 859 3374
f 3373 3374 859
f 3373 3378 861
f 3377 861 3378
f 198 3376 3375
f 3378 3375 3376
f 3370 3380 828
f 3253 828 3380
f 3377 860 3380
f 3379 3380 860
f 3379 3383 187
f 3262 187 3383
f 3381 864 3383
f 3382 3383 864
f 3376 3386 860
f 3381 860 3386
f 862 3385 3384
f 3386 3384 3385
f 3385 3390 864
f 3389 864 3390
f 199 3388 3387
f 3390 3387 3388
f 3382 3392 831
f 3265 831 3392
f 3389 863 3392
f 3391 3392 863
f 3391 3395 188
f 3274 188 3395
f 3393 867 3395
f 3394 3395 867
f 3388 3398 863
f 3393 863 3398
f 865 3397 3396
f 3398 3396 3397
f 3397 3402 867
f 3401 867 3402
f 200 3400 3399
f 3402 3399 3400
f 3394 3404 834
f 3277 834 3404
f 3401 866 3404
f 3403 3404 866
f 3403 3407 189
f 3286 189 3407
f 3405 870 3407
f 3406 3407 870
f 3400 3410 866
f 3405 866 3410
f 3408 868 3410
f 3409 3410 868
f 3409 3414 870
f 3413 870 3414
f 201 3412 3411
f 3414 3411 3412
f 3406 3416 837
f 3289 837 3416
f 3413 869 3416
f 3415 3416 869
f 3415 3419 190
f 3298 190 3419
f 3417 873 3419
f 3418 3419 873
f 3412 3422 869
f 3417 869 3422
f 3420 871 3422
f 3421 3422 871
f 3421 3426 873
f 3425 873 3426
f 202 3424 3423
f 3426 3423 3424
f 3418 3428 840
f 3301 840 3428
f 3425 872 3428
f 3427 3428 872
f 3427 3431 191
f 3310 191 3431
f 3429 876 3431
f 3430 3431 876
f 3424 3434 872
f 3429 872 3434
f 874 3433 3432
f 3434 3432 3433
f 3433 3438 876
f 3437 876 3438
f 203 3436 3435
f 3438 3435 3436
f 3430 3440 843
f 3313 843 3440
f 3437 875 3440
f 3439 3440 875
f 3439 3443 192
f 3322 192 3443
f 3441 879 3443
f 3442 3443 879
f 3436 3446 875
f 3441 875 3446
f 877 3445 3444
f 3446 3444 3445
f 3445 3450 879
f 3449 879 3450
f 3450 3447 3448
f 204 3448 3447
f 3442 3452 846
f 3325 846 3452
f 3452 3449 3451
f 878 3451 3449
f 3453 3456 194
f 3336 194 3456
f 3454 883 3456
f 3455 3456 883
f 3457 3460 880
f 3454 880 3460
f 3458 881 3460
f 3459 3460 881
f 3459 3464 883
f 3463 883 3464
f 3461 206 3464
f 3462 3464 206
f 3455 3466 850
f 3339 850 3466
f 3463 882 3466
f 3465 3466 882
f 3465 3469 195
f 3348 195 3469
f 3467 886 3469
f 3468 3469 886
f 3462 3472 882
f 3467 882 3472
f 3470 884 3472
f 3471 3472 884
f 3471 3476 886
f 3475 886 3476
f 3473 207 3476
f 3474 3476 207
f 3468 3478 853
f 3351 853 3478
f 3475 885 3478
f 3477 3478 885
f 3477 3481 196
f 3360 196 3481
f 3479 889 3481
f 3480 3481 889
f 3474 3484 885
f 3479 885 3484
f 3482 887 3484
f 3483 3484 887
f 3483 3488 889
f 3487 889 3488
f 3485 208 3488
f 3486 3488 208
f 3480 3490 856
f 3363 856 3490
f 3487 888 3490
f 3489 3490 888
f 3489 3493 197
f 3372 197 3493
f 3491 892 3493
f 3492 3493 892
f 3486 3496 888
f 3491 888 3496
f 3494 890 3496
f 3495 3496 890
f 3495 3500 892
f 3499 892 3500
f 209 3498 3497
f 3500 3497 3498
f 3502 3375 3492
f 859 3492 3375
f 891 3501 3499
f 3502 3499 3501
f 3505 3384 3501
f 198 3501 3384
f 895 3504 3503
f 3505 3503 3504
f 3508 3503 3498
f 891 3498 3503
f 893 3507 3506
f 3508 3506 3507
f 3512 3511 3507
f 895 3507 3511
f 210 3510 3509
f 3512 3509 3510
f 3514 3387 3504
f 862 3504 3387
f 894 3513 3511
f 3514 3511 3513
f 3517 3396 3513
f 199 3513 3396
f 898 3516 3515
f 3517 3515 3516
f 3520 3515 3510
f 894 3510 3515
f 896 3519 3518
f 3520 3518 3519
f 3524 3523 3519
f 898 3519 3523
f 211 3522 3521
f 3524 3521 3522
f 3526 3399 3516
f 865 3516 3399
f 897 3525 3523
f 3526 3523 3525
f 3525 3529 200
f 3408 200 3529
f 3527 901 3529
f 3528 3529 901
f 3522 3532 897
f 3527 897 3532
f 3530 899 3532
f 3531 3532 899
f 3536 3535 3531
f 901 3531 3535
f 212 3534 3533
f 3536 3533 3534
f 3538 3411 3528
f 868 3528 3411
f 900 3537 3535
f 3538 3535 3537
f 3537 3541 201
f 3420 201 3541
f 3539 904 3541
f 3540 3541 904
f 3534 3544 900
f 3539 900 3544
f 3542 902 3544
f 3543 3544 902
f 3548 3547 3543
f 904 3543 3547
f 213 3546 3545
f 3548 3545 3546
f 3550 3423 3540
f 871 3540 3423
f 903 3549 3547
f 3550 3547 3549
f 3549 3553 202
f 3432 202 3553
f 907 3552 3551
f 3553 3551 3552
f 3546 3556 903
f 3551 903 3556
f 905 3555 3554
f 3556 3554 3555
f 3560 3559 3555
f 907 3555 3559
f 214 3558 3557
f 3560 3557 3558
f 3562 3435 3552
f 874 3552 3435
f 906 3561 3559
f 3562 3559 3561
f 3565 3444 3561
f 203 3561 3444
f 3565 3563 3564
f 910 3564 3563
f 3568 3563 3558
f 906 3558 3563
f 908 3567 3566
f 3568 3566 3567
f 910 3567 3571
f 3572 3571 3567
f 215 3570 3569
f 3572 3569 3570
f 877 3564 3447
f 3574 3447 3564
f 909 3573 3571
f 3574 3571 3573
f 205 3575 3458
f 3578 3458 3575
f 3578 3576 3577
f 914 3577 3576
f 911 3579 3576
f 3582 3576 3579
f 3582 3580 3581
f 912 3581 3580
f 914 3581 3585
f 3586 3585 3581
f 3583 217 3586
f 3584 3586 217
f 3577 3588 881
f 3461 881 3588
f 3585 913 3588
f 3587 3588 913
f 3587 3591 206
f 3470 206 3591
f 3589 917 3591
f 3590 3591 917
f 3584 3594 913
f 3589 913 3594
f 3592 915 3594
f 3593 3594 915
f 3593 3598 917
f 3597 917 3598
f 3595 218 3598
f 3596 3598 218
f 3590 3600 884
f 3473 884 3600
f 3597 916 3600
f 3599 3600 916
f 3599 3603 207
f 3482 207 3603
f 3601 920 3603
f 3602 3603 920
f 3596 3606 916
f 3601 916 3606
f 3604 918 3606
f 3605 3606 918
f 3605 3610 920
f 3609 920 3610
f 3607 219 3610
f 3608 3610 219
f 3602 3612 887
f 3485 887 3612
f 3609 919 3612
f 3611 3612 919
f 3611 3615 208
f 3494 208 3615
f 3613 923 3615
f 3614 3615 923
f 3608 3618 919
f 3613 919 3618
f 3616 921 3618
f 3617 3618 921
f 3617 3622 923
f 3621 923 3622
f 3619 220 3622
f 3620 3622 220
f 3614 3624 890
f 3497 890 3624
f 3621 922 3624
f 3623 3624 922
f 3623 3627 209
f 3506 209 3627
f 3625 926 3627
f 3626 3627 926
f 3620 3630 922
f 3625 922 3630
f 3628 924 3630
f 3629 3630 924
f 3634 3633 3629
f 926 3629 3633
f 221 3632 3631
f 3634 3631 3632
f 3636 3509 3626
f 893 3626 3509
f 925 3635 3633
f 3636 3633 3635
f 3639 3518 3635
f 210 3635 3518
f 929 3638 3637
f 3639 3637 3638
f 3642 3637 3632
f 925 3632 3637
f 927 3641 3640
f 3642 3640 3641
f 3646 3645 3641
f 929 3641 3645
f 222 3644 3643
f 3646 3643 3644
f 3648 3521 3638
f 896 3638 3521
f 928 3647 3645
f 3648 3645 3647
f 3647 3651 211
f 3530 211 3651
f 3649 932 3651
f 3650 3651 932
f 3654 3649 3644
f 928 3644 3649
f 3652 930 3654
f 3653 3654 930
f 3658 3657 3653
f 932 3653 3657
f 223 3656 3655
f 3658 3655 3656
f 3660 3533 3650
f 899 3650 3533
f 931 3659 3657
f 3660 3657 3659
f 3659 3663 212
f 3542 212 3663
f 3661 935 3663
f 3662 3663 935
f 3656 3666 931
f 3661 931 3666
f 3664 933 3666
f 3665 3666 933
f 3670 3669 3665
f 935 3665 3669
f 224 3668 3667
f 3670 3667 3668
f 3672 3545 3662
f 902 3662 3545
f 934 3671 3669
f 3672 3669 3671
f 3671 3675 213
f 3554 213 3675
f 938 3674 3673
f 3675 3673 3674
f 3668 3678 934
f 3673 934 3678
f 3676 936 3678
f 3677 3678 936
f 3677 3682 938
f 3681 938 3682
f 3680 3682 225
f 3679 225 3682
f 3684 3557 3674
f 905 3674 3557
f 937 3683 3681
f 3684 3681 3683
f 3687 3566 3683
f 214 3683 3566
f 941 3686 3685
f 3687 3685 3686
f 3685 937 3690
f 3680 3690 937
f 3689 3690 939
f 3688 939 3690
f 3693 941 3694
f 3689 3694 941
f 3692 3694 226
f 3691 226 3694
f 3569 908 3696
f 3686 3696 908
f 3695 3696 940
f 3693 940 3696
f 3580 216 3700
f 3697 3700 216
f 3698 945 3700
f 3699 3700 945
f 3701 3704 942
f 3698 942 3704
f 3702 943 3704
f 3703 3704 943
f 3703 3708 945
f 3707 945 3708
f 3705 228 3708
f 3706 3708 228
f 3699 3710 912
f 3583 912 3710
f 3707 944 3710
f 3709 3710 944
f 3709 3713 217
f 3592 217 3713
f 3711 948 3713
f 3712 3713 948
f 3706 3716 944
f 3711 944 3716
f 3714 946 3716
f 3715 3716 946
f 3715 3720 948
f 3719 948 3720
f 3717 229 3720
f 3718 3720 229
f 3712 3722 915
f 3595 915 3722
f 3719 947 3722
f 3721 3722 947
f 3721 3725 218
f 3604 218 3725
f 3725 3723 3724
f 951 3724 3723
f 947 3718 3723
f 3728 3723 3718
f 3728 3726 3727
f 949 3727 3726
f 951 3727 3731
f 3732 3731 3727
f 3732 3729 3730
f 230 3730 3729
f 918 3724 3607
f 3734 3607 3724
f 3734 3731 3733
f 950 3733 3731
f 219 3733 3616
f 3737 3616 3733
f 3737 3735 3736
f 954 3736 3735
f 950 3730 3735
f 3740 3735 3730
f 3740 3738 3739
f 952 3739 3738
f 954 3739 3743
f 3744 3743 3739
f 3744 3741 3742
f 231 3742 3741
f 921 3736 3619
f 3746 3619 3736
f 3746 3743 3745
f 953 3745 3743
f 3628 220 3749
f 3745 3749 220
f 3749 3747 3748
f 957 3748 3747
f 953 3742 3747
f 3752 3747 3742
f 3752 3750 3751
f 955 3751 3750
f 3755 957 3756
f 3751 3756 957
f 3754 3756 232
f 3753 232 3756
f 3631 924 3758
f 3748 3758 924
f 3757 3758 956
f 3755 956 3758
f 3640 221 3761
f 3757 3761 221
f 3760 3761 960
f 3759 960 3761
f 3759 956 3764
f 3754 3764 956
f 3763 3764 958
f 3762 958 3764
f 3767 960 3768
f 3763 3768 960
f 3766 3768 233
f 3765 233 3768
f 3643 927 3770
f 3760 3770 927
f 3769 3770 959
f 3767 959 3770
f 222 3769 3652
f 3773 3652 3769
f 3773 3771 3772
f 963 3772 3771
f 959 3766 3771
f 3776 3771 3766
f 3776 3774 3775
f 961 3775 3774
f 3779 963 3780
f 3775 3780 963
f 3778 3780 234
f 3777 234 3780
f 3655 930 3782
f 3772 3782 930
f 3781 3782 962
f 3779 962 3782
f 223 3781 3664
f 3785 3664 3781
f 3785 3783 3784
f 966 3784 3783
f 962 3778 3783
f 3788 3783 3778
f 3788 3786 3787
f 964 3787 3786
f 3791 966 3792
f 3787 3792 966
f 3790 3792 235
f 3789 235 3792
f 3667 933 3794
f 3784 3794 933
f 3793 3794 965
f 3791 965 3794
f 224 3793 3676
f 3797 3676 3793
f 3796 3797 969
f 3795 969 3797
f 965 3790 3795
f 3800 3795 3790
f 3799 3800 967
f 3798 967 3800
f 3803 969 3804
f 3799 3804 969
f 3802 3804 236
f 3801 236 3804
f 3679 936 3806
f 3796 3806 936
f 3805 3806 968
f 3803 968 3806
f 3688 225 3809
f 3805 3809 225
f 3808 3809 972
f 3807 972 3809
f 3807 968 3812
f 3802 3812 968
f 3811 3812 970
f 3810 970 3812
f 3815 972 3816
f 3811 3816 972
f 3814 3816 237
f 3813 237 3816
f 3691 939 3818
f 3808 3818 939
f 3817 3818 971
f 3815 971 3818
f 3819 3822 227
f 3702 227 3822
f 3821 3822 976
f 3820 976 3822
f 3820 973 3826
f 3823 3826 973
f 3825 3826 974
f 3824 974 3826
f 3829 976 3830
f 3825 3830 976
f 3828 3830 239
f 3827 239 3830
f 3821 3832 943
f 3705 943 3832
f 3829 975 3832
f 3831 3832 975
f 3831 3835 228
f 3714 228 3835
f 3833 979 3835
f 3834 3835 979
f 3833 975 3838
f 3828 3838 975
f 3837 3838 977
f 3836 977 3838
f 3841 979 3842
f 3837 3842 979
f 3840 3842 240
f 3839 240 3842
f 3834 3844 946
f 3717 946 3844
f 3843 3844 978
f 3841 978 3844
f 229 3843 3726
f 3847 3726 3843
f 3847 3845 3846
f 982 3846 3845
f 978 3840 3845
f 3850 3845 3840
f 3850 3848 3849
f 980 3849 3848
f 982 3849 3853
f 3854 3853 3849
f 3854 3851 3852
f 241 3852 3851
f 949 3846 3729
f 3856 3729 3846
f 3856 3853 3855
f 981 3855 3853
f 230 3855 3738
f 3859 3738 3855
f 3859 3857 3858
f 985 3858 3857
f 981 3852 3857
f 3862 3857 3852
f 3861 3862 983
f 3860 983 3862
f 3865 985 3866
f 3861 3866 985
f 3864 3866 242
f 3863 242 3866
f 952 3858 3741
f 3868 3741 3858
f 3867 3868 984
f 3865 984 3868
f 3750 231 3871
f 3867 3871 231
f 3870 3871 988
f 3869 988 3871
f 3869 984 3874
f 3864 3874 984
f 3873 3874 986
f 3872 986 3874
f 3877 988 3878
f 3873 3878 988
f 3876 3878 243
f 3875 243 3878
f 3753 955 3880
f 3870 3880 955
f 3879 3880 987
f 3877 987 3880
f 3762 232 3883
f 3879 3883 232
f 3882 3883 991
f 3881 991 3883
f 3881 987 3886
f 3876 3886 987
f 3886 3884 3885
f 989 3885 3884
f 3889 991 3890
f 3885 3890 991
f 3888 3890 244
f 3887 244 3890
f 3765 958 3892
f 3882 3892 958
f 3891 3892 990
f 3889 990 3892
f 233 3891 3774
f 3895 3774 3891
f 3895 3893 3894
f 994 3894 3893
f 990 3888 3893
f 3898 3893 3888
f 3898 3896 3897
f 992 3897 3896
f 3901 994 3902
f 3897 3902 994
f 3900 3902 245
f 3899 245 3902
f 3777 961 3904
f 3894 3904 961
f 3903 3904 993
f 3901 993 3904
f 234 3903 3786
f 3907 3786 3903
f 3907 3905 3906
f 997 3906 3905
f 993 3900 3905
f 3910 3905 3900
f 3910 3908 3909
f 995 3909 3908
f 3913 997 3914
f 3909 3914 997
f 3912 3914 246
f 3911 246 3914
f 3789 964 3916
f 3906 3916 964
f 3915 3916 996
f 3913 996 3916
f 235 3915 3798
f 3919 3798 3915
f 3918 3919 1000
f 3917 1000 3919
f 996 3912 3917
f 3922 3917 3912
f 3922 3920 3921
f 998 3921 3920
f 3925 1000 3926
f 3921 3926 1000
f 3924 3926 247
f 3923 247 3926
f 3801 967 3928
f 3918 3928 967
f 3927 3928 999
f 3925 999 3928
f 3810 236 3931
f 3927 3931 236
f 3930 3931 1003
f 3929 1003 3931
f 3929 999 3934
f 3924 3934 999
f 3934 3932 3933
f 1001 3933 3932
f 3937 1003 3938
f 3933 3938 1003
f 3936 3938 248
f 3935 248 3938
f 3813 970 3940
f 3930 3940 970
f 3939 3940 1002
f 3937 1002 3940
f 3824 238 3944
f 3941 3944 238
f 3944 3942 3943
f 1007 3943 3942
f 1004 3945 3942
f 3948 3942 3945
f 3948 3946 3947
f 1005 3947 3946
f 1007 3947 3951
f 3952 3951 3947
f 3952 3949 3950
f 250 3950 3949
f 3827 974 3954
f 3943 3954 974
f 3954 3951 3953
f 1006 3953 3951
f 3836 239 3957
f 3953 3957 239
f 3957 3955 3956
f 1010 3956 3955
f 1006 3950 3955
f 3960 3955 3950
f 3960 3958 3959
f 1008 3959 3958
f 1010 3959 3963
f 3964 3963 3959
f 3964 3961 3962
f 251 3962 3961
f 3839 977 3966
f 3956 3966 977
f 3966 3963 3965
f 1009 3965 3963
f 240 3965 3848
f 3969 3848 3965
f 3969 3967 3968
f 1013 3968 3967
f 1009 3962 3967
f 3972 3967 3962
f 3972 3970 3971
f 1011 3971 3970
f 1013 3971 3975
f 3976 3975 3971
f 3976 3973 3974
f 252 3974 3973
f 980 3968 3851
f 3978 3851 3968
f 3978 3975 3977
f 1012 3977 3975
f 3860 241 3981
f 3977 3981 241
f 3981 3979 3980
f 1016 3980 3979
f 1012 3974 3979
f 3984 3979 3974
f 3984 3982 3983
f 1014 3983 3982
f 1016 3983 3987
f 3988 3987 3983
f 3988 3985 3986
f 253 3986 3985
f 3863 983 3990
f 3980 3990 983
f 3990 3987 3989
f 1015 3989 3987
f 3872 242 3993
f 3989 3993 242
f 3993 3991 3992
f 1019 3992 3991
f 1015 3986 3991
f 3996 3991 3986
f 3996 3994 3995
f 1017 3995 3994
f 1019 3995 3999
f 4000 3999 3995
f 4000 3997 3998
f 254 3998 3997
f 3875 986 4002
f 3992 4002 986
f 4002 3999 4001
f 1018 4001 3999
f 243 4001 3884
f 4005 3884 4001
f 4005 4003 4004
f 1022 4004 4003
f 1018 3998 4003
f 4008 4003 3998
f 4008 4006 4007
f 1020 4007 4006
f 1022 4007 4011
f 4012 4011 4007
f 4012 4009 4010
f 255 4010 4009
f 3887 989 4014
f 4004 4014 989
f 4014 4011 4013
f 1021 4013 4011
f 244 4013 3896
f 4017 3896 4013
f 4017 4015 4016
f 1025 4016 4015
f 1021 4010 4015
f 4020 4015 4010
f 4020 4018 4019
f 1023 4019 4018
f 1025 4019 4023
f 4024 4023 4019
f 4024 4021 4022
f 256 4022 4021
f 3899 992 4026
f 4016 4026 992
f 4026 4023 4025
f 1024 4025 4023
f 245 4025 3908
f 4029 3908 4025
f 4029 4027 4028
f 1028 4028 4027
f 1024 4022 4027
f 4032 4027 4022
f 4032 4030 4031
f 1026 4031 4030
f 1028 4031 4035
f 4036 4035 4031
f 4036 4033 4034
f 257 4034 4033
f 3911 995 4038
f 4028 4038 995
f 4038 4035 4037
f 1027 4037 4035
f 246 4037 3920
f 4041 3920 4037
f 4041 4039 4040
f 1031 4040 4039
f 1027 4034 4039
f 4044 4039 4034
f 4044 4042 4043
f 1029 4043 4042
f 1031 4043 4047
f 4048 4047 4043
f 4048 4045 4046
f 258 4046 4045
f 3923 998 4050
f 4040 4050 998
f 4050 4047 4049
f 1030 4049 4047
f 247 4049 3932
f 4053 3932 4049
f 4053 4051 4052
f 1034 4052 4051
f 1030 4046 4051
f 4056 4051 4046
f 4056 4054 4055
f 1032 4055 4054
f 1034 4055 4059
f 4060 4059 4055
f 4060 4057 4058
f 259 4058 4057
f 3935 1001 4062
f 4052 4062 1001
f 4062 4059 4061
f 1033 4061 4059
f 249 4063 3946
f 4066 3946 4063
f 4066 4064 4065
f 1038 4065 4064
f 1035 4067 4064
f 4070 4064 4067
f 4070 4068 4069
f 1036 4069 4068
f 1038 4069 4073
f 4074 4073 4069
f 4074 4071 4072
f 261 4072 4071
f 1005 4065 3949
f 4076 3949 4065
f 4076 4073 4075
f 1037 4075 4073
f 250 4075 3958
f 4079 3958 4075
f 4079 4077 4078
f 1041 4078 4077
f 1037 4072 4077
f 4082 4077 4072
f 4082 4080 4081
f 1039 4081 4080
f 1041 4081 4085
f 4086 4085 4081
f 4086 4083 4084
f 262 4084 4083
f 1008 4078 3961
f 4088 3961 4078
f 4088 4085 4087
f 1040 4087 4085
f 251 4087 3970
f 4091 3970 4087
f 4091 4089 4090
f 1044 4090 4089
f 1040 4084 4089
f 4094 4089 4084
f 4094 4092 4093
f 1042 4093 4092
f 1044 4093 4097
f 4098 4097 4093
f 4098 4095 4096
f 263 4096 4095
f 1011 4090 3973
f 4100 3973 4090
f 4100 4097 4099
f 1043 4099 4097
f 252 4099 3982
f 4103 3982 4099
f 4103 4101 4102
f 1047 4102 4101
f 1043 4096 4101
f 4106 4101 4096
f 4106 4104 4105
f 1045 4105 4104
f 1047 4105 4109
f 4110 4109 4105
f 4110 4107 4108
f 264 4108 4107
f 1014 4102 3985
f 4112 3985 4102
f 4112 4109 4111
f 1046 4111 4109
f 253 4111 3994
f 4115 3994 4111
f 4115 4113 4114
f 1050 4114 4113
f 1046 4108 4113
f 4118 4113 4108
f 4118 4116 4117
f 1048 4117 4116
f 1050 4117 4121
f 4122 4121 4117
f 4122 4119 4120
f 265 4120 4119
f 1017 4114 3997
f 4124 3997 4114
f 4124 4121 4123
f 1049 4123 4121
f 254 4123 4006
f 4127 4006 4123
f 4127 4125 4126
f 1053 4126 4125
f 1049 4120 4125
f 4130 4125 4120
f 4130 4128 4129
f 1051 4129 4128
f 1053 4129 4133
f 4134 4133 4129
f 4134 4131 4132
f 266 4132 4131
f 1020 4126 4009
f 4136 4009 4126
f 4136 4133 4135
f 1052 4135 4133
f 255 4135 4018
f 4139 4018 4135
f 4139 4137 4138
f 1056 4138 4137
f 1052 4132 4137
f 4142 4137 4132
f 4142 4140 4141
f 1054 4141 4140
f 1056 4141 4145
f 4146 4145 4141
f 4146 4143 4144
f 267 4144 4143
f 1023 4138 4021
f 4148 4021 4138
f 4148 4145 4147
f 1055 4147 4145
f 256 4147 4030
f 4151 4030 4147
f 4151 4149 4150
f 1059 4150 4149
f 1055 4144 4149
f 4154 4149 4144
f 4154 4152 4153
f 1057 4153 4152
f 1059 4153 4157
f 4158 4157 4153
f 4158 4155 4156
f 268 4156 4155
f 1026 4150 4033
f 4160 4033 4150
f 4160 4157 4159
f 1058 4159 4157
f 257 4159 4042
f 4163 4042 4159
f 4163 4161 4162
f 1062 4162 4161
f 1058 4156 4161
f 4166 4161 4156
f 4166 4164 4165
f 1060 4165 4164
f 1062 4165 4169
f 4170 4169 4165
f 4170 4167 4168
f 269 4168 4167
f 1029 4162 4045
f 4172 4045 4162
f 4172 4169 4171
f 1061 4171 4169
f 258 4171 4054
f 4175 4054 4171
f 4175 4173 4174
f 1065 4174 4173
f 1061 4168 4173
f 4178 4173 4168
f 4178 4176 4177
f 1063 4177 4176
f 1065 4177 4181
f 4182 4181 4177
f 4182 4179 4180
f 270 4180 4179
f 1032 4174 4057
f 4184 4057 4174
f 4184 4181 4183
f 1064 4183 4181
f 4068 260 4188
f 4185 4188 260
f 4187 4188 1069
f 4186 1069 4188
f 4186 1066 4192
f 4189 4192 1066
f 4191 4192 1067
f 4190 1067 4192
f 4195 1069 4196
f 4191 4196 1069
f 4194 4196 272
f 4193 272 4196
f 4071 1036 4198
f 4187 4198 1036
f 4197 4198 1068
f 4195 1068 4198
f 261 4197 4080
f 4201 4080 4197
f 4200 4201 1072
f 4199 1072 4201
f 4199 1068 4204
f 4194 4204 1068
f 4203 4204 1070
f 4202 1070 4204
f 4207 1072 4208
f 4203 4208 1072
f 4206 4208 273
f 4205 273 4208
f 4083 1039 4210
f 4200 4210 1039
f 4209 4210 1071
f 4207 1071 4210
f 262 4209 4092
f 4213 4092 4209
f 4212 4213 1075
f 4211 1075 4213
f 4211 1071 4216
f 4206 4216 1071
f 4215 4216 1073
f 4214 1073 4216
f 4219 1075 4220
f 4215 4220 1075
f 4218 4220 274
f 4217 274 4220
f 4095 1042 4222
f 4212 4222 1042
f 4221 4222 1074
f 4219 1074 4222
f 263 4221 4104
f 4225 4104 4221
f 4225 4223 4224
f 1078 4224 4223
f 1074 4218 4223
f 4228 4223 4218
f 4227 4228 1076
f 4226 1076 4228
f 4231 1078 4232
f 4227 4232 1078
f 4230 4232 275
f 4229 275 4232
f 4107 1045 4234
f 4224 4234 1045
f 4233 4234 1077
f 4231 1077 4234
f 264 4233 4116
f 4237 4116 4233
f 4237 4235 4236
f 1081 4236 4235
f 1077 4230 4235
f 4240 4235 4230
f 4240 4238 4239
f 1079 4239 4238
f 4243 1081 4244
f 4239 4244 1081
f 4242 4244 276
f 4241 276 4244
f 4119 1048 4246
f 4236 4246 1048
f 4245 4246 1080
f 4243 1080 4246
f 265 4245 4128
f 4249 4128 4245
f 4249 4247 4248
f 1084 4248 4247
f 1080 4242 4247
f 4252 4247 4242
f 4252 4250 4251
f 1082 4251 4250
f 4255 1084 4256
f 4251 4256 1084
f 4254 4256 277
f 4253 277 4256
f 4131 1051 4258
f 4248 4258 1051
f 4257 4258 1083
f 4255 1083 4258
f 266 4257 4140
f 4261 4140 4257
f 4261 4259 4260
f 1087 4260 4259
f 1083 4254 4259
f 4264 4259 4254
f 4264 4262 4263
f 1085 4263 4262
f 4267 1087 4268
f 4263 4268 1087
f 4266 4268 278
f 4265 278 4268
f 4143 1054 4270
f 4260 4270 1054
f 4269 4270 1086
f 4267 1086 4270
f 267 4269 4152
f 4273 4152 4269
f 4273 4271 4272
f 1090 4272 4271
f 1086 4266 4271
f 4276 4271 4266
f 4276 4274 4275
f 1088 4275 4274
f 4279 1090 4280
f 4275 4280 1090
f 4278 4280 279
f 4277 279 4280
f 4155 1057 4282
f 4272 4282 1057
f 4281 4282 1089
f 4279 1089 4282
f 268 4281 4164
f 4285 4164 4281
f 4285 4283 4284
f 1093 4284 4283
f 1089 4278 4283
f 4288 4283 4278
f 4288 4286 4287
f 1091 4287 4286
f 4291 1093 4292
f 4287 4292 1093
f 4290 4292 280
f 4289 280 4292
f 4167 1060 4294
f 4284 4294 1060
f 4293 4294 1092
f 4291 1092 4294
f 269 4293 4176
f 4297 4176 4293
f 4297 4295 4296
f 1096 4296 4295
f 1092 4290 4295
f 4300 4295 4290
f 4300 4298 4299
f 1094 4299 4298
f 4303 1096 4304
f 4299 4304 1096
f 4302 4304 281
f 4301 281 4304
f 4179 1063 4306
f 4296 4306 1063
f 4305 4306 1095
f 4303 1095 4306
f 4190 271 4310
f 4307 4310 271
f 4309 4310 1099
f 4308 1099 4310
f 1097 4311 4308
f 4313 4308 4311
f 4313 2948 4312
f 749 4312 2948
f 1099 4312 4315
f 4316 4315 4312
f 4316 2959 4314
f 151 4314 2959
f 4193 1067 4318
f 4309 4318 1067
f 4317 4318 1098
f 4315 1098 4318
f 4202 272 4321
f 4317 4321 272
f 4320 4321 1101
f 4319 1101 4321
f 4319 1098 4323
f 4314 4323 1098
f 4323 2963 4322
f 753 4322 2963
f 4325 1101 4326
f 4322 4326 1101
f 4326 2973 4324
f 152 4324 2973
f 4205 1070 4328
f 4320 4328 1070
f 4327 4328 1100
f 4325 1100 4328
f 4214 273 4331
f 4327 4331 273
f 4330 4331 1103
f 4329 1103 4331
f 4329 1100 4333
f 4324 4333 1100
f 4333 2977 4332
f 757 4332 2977
f 4335 1103 4336
f 4332 4336 1103
f 4336 2987 4334
f 153 4334 2987
f 4217 1073 4338
f 4330 4338 1073
f 4337 4338 1102
f 4335 1102 4338
f 4226 274 4341
f 4337 4341 274
f 4340 4341 1105
f 4339 1105 4341
f 4339 1102 4343
f 4334 4343 1102
f 4342 4343 761
f 2991 761 4343
f 4345 1105 4346
f 4342 4346 1105
f 4344 4346 154
f 3001 154 4346
f 4229 1076 4348
f 4340 4348 1076
f 4347 4348 1104
f 4345 1104 4348
f 275 4347 4238
f 4351 4238 4347
f 4351 4349 4350
f 1107 4350 4349
f 4349 1104 4353
f 4344 4353 1104
f 4352 4353 765
f 3005 765 4353
f 4355 1107 4356
f 4352 4356 1107
f 4354 4356 155
f 3015 155 4356
f 4241 1079 4358
f 4350 4358 1079
f 4357 4358 1106
f 4355 1106 4358
f 276 4357 4250
f 4361 4250 4357
f 4361 4359 4360
f 1109 4360 4359
f 1106 4354 4359
f 4363 4359 4354
f 4363 3019 4362
f 769 4362 3019
f 4365 1109 4366
f 4362 4366 1109
f 4364 4366 156
f 3029 156 4366
f 4253 1082 4368
f 4360 4368 1082
f 4367 4368 1108
f 4365 1108 4368
f 277 4367 4262
f 4371 4262 4367
f 4371 4369 4370
f 1111 4370 4369
f 1108 4364 4369
f 4373 4369 4364
f 4373 3033 4372
f 773 4372 3033
f 4375 1111 4376
f 4372 4376 1111
f 4374 4376 157
f 3043 157 4376
f 4265 1085 4378
f 4370 4378 1085
f 4377 4378 1110
f 4375 1110 4378
f 278 4377 4274
f 4381 4274 4377
f 4381 4379 4380
f 1113 4380 4379
f 1110 4374 4379
f 4383 4379 4374
f 4383 3047 4382
f 777 4382 3047
f 4385 1113 4386
f 4382 4386 1113
f 4384 4386 158
f 3057 158 4386
f 4277 1088 4388
f 4380 4388 1088
f 4387 4388 1112
f 4385 1112 4388
f 279 4387 4286
f 4391 4286 4387
f 4391 4389 4390
f 1115 4390 4389
f 1112 4384 4389
f 4393 4389 4384
f 4393 3061 4392
f 781 4392 3061
f 4395 1115 4396
f 4392 4396 1115
f 4394 4396 159
f 3071 159 4396
f 4289 1091 4398
f 4390 4398 1091
f 4397 4398 1114
f 4395 1114 4398
f 280 4397 4298
f 4401 4298 4397
f 4401 4399 4400
f 1117 4400 4399
f 1114 4394 4399
f 4403 4399 4394
f 4403 3075 4402
f 785 4402 3075
f 4405 1117 4406
f 4402 4406 1117
f 4404 4406 160
f 3085 160 4406
f 4301 1094 4408
f 4400 4408 1094
f 4407 4408 1116
f 4405 1116 4408
f 183 4409 3331
f 4412 3331 4409
f 4412 4410 4411
f 1121 4411 4410
f 1118 4413 4410
f 4416 4410 4413
f 1119 4415 4414
f 4416 4414 4415
f 4420 4419 4415
f 1121 4415 4419
f 283 4418 4417
f 4420 4417 4418
f 4422 3335 4411
f 849 4411 3335
f 1120 4421 4419
f 4422 4419 4421
f 4425 3453 4421
f 194 4421 3453
f 4425 4423 4424
f 1124 4424 4423
f 4428 4423 4418
f 1120 4418 4423
f 1122 4427 4426
f 4428 4426 4427
f 1124 4427 4431
f 4432 4431 4427
f 4432 4429 4430
f 284 4430 4429
f 880 4424 3457
f 4434 3457 4424
f 4434 4431 4433
f 1123 4433 4431
f 4438 4414 4435
f 282 4435 4414
f 1128 4437 4436
f 4438 4436 4437
f 4442 4436 4439
f 1125 4439 4436
f 1126 4441 4440
f 4442 4440 4441
f 4446 4445 4441
f 1128 4441 4445
f 286 4444 4443
f 4446 4443 4444
f 4448 4417 4437
f 1119 4437 4417
f 1127 4447 4445
f 4448 4445 4447
f 4451 4426 4447
f 283 4447 4426
f 1131 4450 4449
f 4451 4449 4450
f 4454 4449 4444
f 1127 4444 4449
f 4452 1129 4454
f 4453 4454 1129
f 4458 4457 4453
f 1131 4453 4457
f 287 4456 4455
f 4458 4455 4456
f 1122 4450 4429
f 4460 4429 4450
f 4460 4457 4459
f 1130 4459 4457
f 285 4461 4440
f 4464 4440 4461
f 4464 4462 4463
f 1135 4463 4462
f 1132 4465 4462
f 4468 4462 4465
f 4468 4466 4467
f 1133 4467 4466
f 1135 4467 4471
f 4472 4471 4467
f 4470 4472 289
f 4469 289 4472
f 4474 4443 4463
f 1126 4463 4443
f 4473 4474 1134
f 4471 1134 4474
f 4473 4477 286
f 4452 286 4477
f 4475 1138 4477
f 4476 4477 1138
f 4470 4480 1134
f 4475 1134 4480
f 4478 1136 4480
f 4479 4480 1136
f 4479 4484 1138
f 4483 1138 4484
f 4481 290 4484
f 4482 4484 290
f 4476 4486 1129
f 4455 1129 4486
f 4483 1137 4486
f 4485 4486 1137
f 290 4487 4482
f 4490 4482 4487
f 4490 4488 4489
f 1142 4489 4488
f 1139 4491 4488
f 4494 4488 4491
f 4494 4492 4493
f 1140 4493 4492
f 1142 4493 4497
f 4498 4497 4493
f 4498 4495 4496
f 291 4496 4495
f 1137 4489 4485
f 4500 4485 4489
f 4500 4497 4499
f 1141 4499 4497
f 215 4501 3570
f 4504 3570 4501
f 4504 4502 4503
f 1146 4503 4502
f 4502 1143 4508
f 4505 4508 1143
f 4508 4506 4507
f 1144 4507 4506
f 1146 4507 4511
f 4512 4511 4507
f 4510 4512 294
f 4509 294 4512
f 909 4503 3573
f 4514 3573 4503
f 4514 4511 4513
f 1145 4513 4511
f 4513 4517 204
f 3448 204 4517
f 4515 1149 4517
f 4516 4517 1149
f 4515 1145 4520
f 4510 4520 1145
f 4518 1147 4520
f 4519 4520 1147
f 4519 4524 1149
f 4523 1149 4524
f 4522 4524 293
f 4521 293 4524
f 4516 4526 878
f 3451 878 4526
f 4523 1148 4526
f 4525 4526 1148
f 4506 295 4530
f 4527 4530 295
f 4530 4528 4529
f 1153 4529 4528
f 1150 4531 4528
f 4534 4528 4531
f 4534 4532 4533
f 1151 4533 4532
f 1153 4533 4537
f 4538 4537 4533
f 4538 4535 4536
f 297 4536 4535
f 1144 4529 4509
f 4540 4509 4529
f 4540 4537 4539
f 1152 4539 4537
f 4518 294 4543
f 4539 4543 294
f 4542 4543 1156
f 4541 1156 4543
f 4541 1152 4546
f 4536 4546 1152
f 4545 4546 1154
f 4544 1154 4546
f 4549 1156 4550
f 4545 4550 1156
f 4548 4550 296
f 4547 296 4550
f 4521 1147 4552
f 4542 4552 1147
f 4551 4552 1155
f 4549 1155 4552
f 4557 4556 4553
f 323 4553 4556
f 1160 4555 4554
f 4557 4554 4555
f 4560 4554 4558
f 1157 4558 4554
f 338 4559 1340
f 4560 1340 4559
f 4563 4562 4559
f 1160 4559 4562
f 12 4561 1351
f 4563 1351 4561
f 4566 4565 4555
f 1159 4555 4565
f 1158 4564 4562
f 4566 4562 4564
f 1470 11 4570
f 4567 4570 11
f 4569 4570 1164
f 4568 1164 4570
f 4574 4568 4571
f 1161 4571 4568
f 1162 4573 4572
f 4574 4572 4573
f 4578 4577 4573
f 1164 4573 4577
f 318 4576 4575
f 4578 4575 4576
f 1473 373 4580
f 4569 4580 373
f 4579 4580 1163
f 4577 1163 4580
f 4584 4583 4564
f 316 4564 4583
f 4584 4581 4582
f 1167 4582 4581
f 1158 4561 4581
f 4586 4581 4561
f 4586 1481 4585
f 378 4585 1481
f 1167 4585 4588
f 4589 4588 4585
f 4589 1491 4587
f 23 4587 1491
f 4592 4591 4582
f 1166 4582 4591
f 4592 4588 4590
f 1165 4590 4588
f 1592 22 4595
f 4579 4595 22
f 4594 4595 1170
f 4593 1170 4595
f 4598 4593 4576
f 1163 4576 4593
f 4597 4598 1168
f 4596 1168 4598
f 4601 1170 4602
f 4597 4602 1170
f 4600 4602 319
f 4599 319 4602
f 1595 404 4604
f 4594 4604 404
f 4603 4604 1169
f 4601 1169 4604
f 4608 4607 4590
f 317 4590 4607
f 1173 4606 4605
f 4608 4605 4606
f 1165 4587 4605
f 4610 4605 4587
f 4610 1603 4609
f 409 4609 1603
f 4613 4612 4609
f 1173 4609 4612
f 4613 1613 4611
f 34 4611 1613
f 4616 4615 4606
f 1172 4606 4615
f 1171 4614 4612
f 4616 4612 4614
f 1714 33 4619
f 4603 4619 33
f 4618 4619 1176
f 4617 1176 4619
f 4617 1169 4622
f 4600 4622 1169
f 1174 4621 4620
f 4622 4620 4621
f 4625 1176 4626
f 4621 4626 1176
f 4626 4623 4624
f 308 4624 4623
f 1717 435 4628
f 4618 4628 435
f 4627 4628 1175
f 4625 1175 4628
f 4633 4632 4629
f 314 4629 4632
f 1180 4631 4630
f 4633 4630 4631
f 4636 4630 4634
f 1177 4634 4630
f 4636 1969 4635
f 502 4635 1969
f 1180 4635 4638
f 4639 4638 4635
f 4639 1979 4637
f 67 4637 1979
f 4642 4641 4631
f 1179 4631 4641
f 4642 4638 4640
f 1178 4640 4638
f 66 4643 2080
f 4646 2080 4643
f 4645 4646 1184
f 4644 1184 4646
f 4647 4650 1181
f 4644 1181 4650
f 4649 4650 1182
f 4648 1182 4650
f 4653 1184 4654
f 4649 4654 1184
f 4652 4654 330
f 4651 330 4654
f 2083 528 4656
f 4645 4656 528
f 4655 4656 1183
f 4653 1183 4656
f 321 4640 4659
f 4660 4659 4640
f 4657 1187 4660
f 4658 4660 1187
f 4637 4662 1178
f 4657 1178 4662
f 2091 533 4662
f 4661 4662 533
f 4661 4665 1187
f 4664 1187 4665
f 2101 78 4665
f 4663 4665 78
f 4658 4668 1186
f 4667 1186 4668
f 4664 1185 4668
f 4666 4668 1185
f 4655 4671 77
f 2202 77 4671
f 4669 1190 4671
f 4670 4671 1190
f 4669 1183 4674
f 4652 4674 1183
f 4672 1188 4674
f 4673 4674 1188
f 4673 4678 1190
f 4677 1190 4678
f 4675 331 4678
f 4676 4678 331
f 4670 4680 559
f 2205 559 4680
f 4677 1189 4680
f 4679 4680 1189
f 4666 4684 322
f 4683 322 4684
f 4681 1193 4684
f 4682 4684 1193
f 4663 4686 1185
f 4681 1185 4686
f 2213 564 4686
f 4685 4686 564
f 4685 4689 1193
f 4688 1193 4689
f 2223 89 4689
f 4687 4689 89
f 4682 4692 1192
f 4691 1192 4692
f 4692 4688 4690
f 1191 4690 4688
f 4679 4695 88
f 2324 88 4695
f 4693 1196 4695
f 4694 4695 1196
f 4676 4698 1189
f 4693 1189 4698
f 4696 1194 4698
f 4697 4698 1194
f 4697 4702 1196
f 4701 1196 4702
f 4699 332 4702
f 4700 4702 332
f 4694 4704 590
f 2327 590 4704
f 4704 4701 4703
f 1195 4703 4701
f 324 4690 4707
f 4708 4707 4690
f 4708 4705 4706
f 1199 4706 4705
f 1191 4687 4705
f 4710 4705 4687
f 4710 2335 4709
f 595 4709 2335
f 1199 4709 4712
f 4713 4712 4709
f 4713 2345 4711
f 100 4711 2345
f 1198 4706 4715
f 4716 4715 4706
f 4716 4712 4714
f 1197 4714 4712
f 99 4703 2446
f 4719 2446 4703
f 4719 4717 4718
f 1202 4718 4717
f 4700 4722 1195
f 4717 1195 4722
f 4722 4720 4721
f 1200 4721 4720
f 1202 4721 4725
f 4726 4725 4721
f 4726 4723 4724
f 333 4724 4723
f 621 4718 2449
f 4728 2449 4718
f 4728 4725 4727
f 1201 4727 4725
f 325 4714 4731
f 4732 4731 4714
f 4732 4729 4730
f 1205 4730 4729
f 1197 4711 4729
f 4734 4729 4711
f 4734 2457 4733
f 626 4733 2457
f 1205 4733 4736
f 4737 4736 4733
f 4737 2467 4735
f 111 4735 2467
f 1204 4730 4739
f 4740 4739 4730
f 4740 4736 4738
f 1203 4738 4736
f 110 4727 2568
f 4743 2568 4727
f 4743 4741 4742
f 1208 4742 4741
f 1201 4724 4741
f 4746 4741 4724
f 4746 4744 4745
f 1206 4745 4744
f 1208 4745 4749
f 4750 4749 4745
f 4750 4747 4748
f 334 4748 4747
f 652 4742 2571
f 4752 2571 4742
f 4752 4749 4751
f 1207 4751 4749
f 326 4738 4755
f 4756 4755 4738
f 4753 1211 4756
f 4754 4756 1211
f 4735 4758 1203
f 4753 1203 4758
f 2579 657 4758
f 4757 4758 657
f 4757 4761 1211
f 4760 1211 4761
f 2589 122 4761
f 4759 4761 122
f 4754 4764 1210
f 4763 1210 4764
f 4760 1209 4764
f 4762 4764 1209
f 121 4751 2690
f 4767 2690 4751
f 4767 4765 4766
f 1214 4766 4765
f 4748 4770 1207
f 4765 1207 4770
f 4768 1212 4770
f 4769 4770 1212
f 4769 4774 1214
f 4773 1214 4774
f 4771 329 4774
f 4772 4774 329
f 683 4766 2693
f 4776 2693 4766
f 4776 4773 4775
f 1213 4775 4773
f 4762 4780 327
f 4779 327 4780
f 4777 1216 4780
f 4778 4780 1216
f 4759 4782 1209
f 4777 1209 4782
f 2701 687 4782
f 4781 4782 687
f 1216 4781 4783
f 4784 4783 4781
f 4784 2709 4558
f 1 4558 2709
f 1215 4778 4785
f 4786 4785 4778
f 4786 4783 4553
f 1157 4553 4783
f 132 4775 2794
f 4789 2794 4775
f 4789 4787 4788
f 1218 4788 4787
f 4772 4792 1213
f 4787 1213 4792
f 4790 1217 4792
f 4791 4792 1217
f 4791 4795 1218
f 4794 1218 4795
f 4793 328 4795
f 4571 4795 328
f 705 4788 2797
f 4796 2797 4788
f 4796 4794 4567
f 1161 4567 4794
f 4800 4799 4614
f 305 4614 4799
f 4797 1221 4800
f 4798 4800 1221
f 4802 4797 4611
f 1171 4611 4797
f 2803 709 4802
f 4801 4802 709
f 1221 4801 4804
f 4805 4804 4801
f 133 4803 2813
f 4805 2813 4803
f 1220 4798 4807
f 4808 4807 4798
f 4808 4804 4806
f 1219 4806 4804
f 56 4634 2818
f 4811 2818 4634
f 4811 4809 4810
f 1224 4810 4809
f 1177 4629 4809
f 4814 4809 4629
f 4814 4812 4813
f 1222 4813 4812
f 1224 4813 4817
f 4818 4817 4813
f 4818 4815 4816
f 302 4816 4815
f 711 4810 2821
f 4820 2821 4810
f 4820 4817 4819
f 1223 4819 4817
f 135 4819 2844
f 4823 2844 4819
f 4822 4823 1227
f 4821 1227 4823
f 1223 4816 4821
f 4826 4821 4816
f 4825 4826 1225
f 4824 1225 4826
f 4829 1227 4830
f 4825 4830 1227
f 4828 4830 315
f 4827 315 4830
f 718 4822 2847
f 4832 2847 4822
f 4832 4829 4831
f 1226 4831 4829
f 4836 4835 4806
f 306 4806 4835
f 1230 4834 4833
f 4836 4833 4834
f 4838 4833 4803
f 1219 4803 4833
f 716 4837 2829
f 4838 2829 4837
f 4841 4840 4837
f 1230 4837 4840
f 136 4839 2839
f 4841 2839 4839
f 4844 4843 4834
f 1229 4834 4843
f 4844 4840 4842
f 1228 4842 4840
f 4842 4848 307
f 4847 307 4848
f 4845 1233 4848
f 4846 4848 1233
f 1228 4839 4845
f 4850 4845 4839
f 4850 2855 4849
f 723 4849 2855
f 1233 4849 4852
f 4853 4852 4849
f 4853 2865 4851
f 139 4851 2865
f 4846 4856 1232
f 4855 1232 4856
f 4854 4856 1231
f 4852 1231 4856
f 4859 301 4860
f 4854 4860 301
f 4858 4860 1236
f 4857 1236 4860
f 4857 1231 4862
f 4851 4862 1231
f 4861 4862 722
f 2864 722 4862
f 4864 1236 4865
f 4861 4865 1236
f 140 4863 2861
f 4865 2861 4863
f 4867 1235 4868
f 4858 4868 1235
f 4866 4868 1234
f 4864 1234 4868
f 4866 4872 299
f 4871 299 4872
f 4872 4869 4870
f 1239 4870 4869
f 4863 4874 1234
f 4869 1234 4874
f 4874 2877 4873
f 726 4873 2877
f 1239 4873 4876
f 4877 4876 4873
f 4877 2874 4875
f 141 4875 2874
f 1238 4870 4879
f 4880 4879 4870
f 4880 4876 4878
f 1237 4878 4876
f 138 4831 2883
f 4883 2883 4831
f 4883 4881 4882
f 1242 4882 4881
f 1226 4828 4881
f 4886 4881 4828
f 4884 1240 4886
f 4885 4886 1240
f 1242 4885 4889
f 4890 4889 4885
f 4887 303 4890
f 4888 4890 303
f 728 4882 2886
f 4892 2886 4882
f 4892 4889 4891
f 1241 4891 4889
f 300 4878 4895
f 4896 4895 4878
f 1245 4894 4893
f 4896 4893 4894
f 1237 4875 4893
f 4898 4893 4875
f 4898 2881 4897
f 730 4897 2881
f 1245 4897 4900
f 4901 4900 4897
f 4901 2891 4899
f 143 4899 2891
f 4903 1244 4904
f 4894 4904 1244
f 4902 4904 1243
f 4900 1243 4904
f 4891 4907 142
f 2887 142 4907
f 4905 1247 4907
f 4906 4907 1247
f 4888 4910 1241
f 4905 1241 4910
f 4908 1246 4910
f 4909 4910 1246
f 1247 4909 4912
f 4913 4912 4909
f 4913 4911 4902
f 304 4902 4911
f 729 4906 2890
f 4914 2890 4906
f 4914 4912 4899
f 1243 4899 4912
f 320 4647 4917
f 4918 4917 4647
f 4915 1250 4918
f 4916 4918 1250
f 4643 4920 1181
f 4915 1181 4920
f 2895 734 4920
f 4919 4920 734
f 4919 4923 1250
f 4922 1250 4923
f 2905 146 4923
f 4921 4923 146
f 4916 4926 1249
f 4925 1249 4926
f 4922 1248 4926
f 4924 4926 1248
f 44 4627 2910
f 4929 2910 4627
f 4929 4927 4928
f 1253 4928 4927
f 1175 4624 4927
f 4932 4927 4624
f 4932 4930 4931
f 1251 4931 4930
f 1253 4931 4935
f 4936 4935 4931
f 4936 4933 4934
f 310 4934 4933
f 4928 4938 736
f 2913 736 4938
f 4938 4935 4937
f 1252 4937 4935
f 4924 4942 311
f 4941 311 4942
f 4939 1256 4942
f 4940 4942 1256
f 4921 4944 1248
f 4939 1248 4944
f 2921 741 4944
f 4943 4944 741
f 4943 4947 1256
f 4946 1256 4947
f 2931 149 4947
f 4945 4947 149
f 4940 4950 1255
f 4949 1255 4950
f 4946 1254 4950
f 4948 4950 1254
f 4937 4953 144
f 2936 144 4953
f 4951 1259 4953
f 4952 4953 1259
f 1252 4934 4951
f 4956 4951 4934
f 4956 4954 4955
f 1257 4955 4954
f 1259 4955 4959
f 4960 4959 4955
f 4960 4957 4958
f 312 4958 4957
f 4952 4962 743
f 2939 743 4962
f 4962 4959 4961
f 1258 4961 4959
f 147 4961 2940
f 4965 2940 4961
f 4965 4963 4964
f 1262 4964 4963
f 1258 4958 4963
f 4968 4963 4958
f 4968 4966 4967
f 1260 4967 4966
f 4972 4971 4967
f 1262 4967 4971
f 4970 4972 309
f 4969 309 4972
f 744 4964 2943
f 4974 2943 4964
f 4974 4971 4973
f 1261 4973 4971
f 2927 148 4977
f 4973 4977 148
f 4975 1264 4977
f 4976 4977 1264
f 4970 4980 1261
f 4975 1261 4980
f 4979 4980 1263
f 4978 1263 4980
f 4979 4983 1264
f 4982 1264 4983
f 4948 4983 313
f 4981 313 4983
f 4976 4984 740
f 2930 740 4984
f 4982 1254 4984
f 4945 4984 1254
f 4988 4987 4556
f 323 4556 4987
f 1267 4986 4985
f 4988 4985 4986
f 4991 4985 4565
f 1159 4565 4985
f 1265 4990 4989
f 4991 4989 4990
f 4994 4993 4990
f 1267 4990 4993
f 161 2950 4992
f 4994 4992 2950
f 4996 4995 4986
f 1266 4986 4995
f 746 2945 4993
f 4996 4993 2945
f 3084 5000 160
f 4999 160 5000
f 4997 1270 5000
f 4998 5000 1270
f 3081 5003 784
f 4997 784 5003
f 5001 1268 5003
f 5002 5003 1268
f 5006 5005 5002
f 1270 5002 5005
f 318 4575 5004
f 5006 5004 4575
f 5008 5007 4998
f 1269 4998 5007
f 1162 4572 5005
f 5008 5005 4572
f 5011 4989 4583
f 316 4583 4989
f 5011 5009 5010
f 1272 5010 5009
f 5014 5009 4591
f 1166 4591 5009
f 5014 5012 5013
f 1271 5013 5012
f 1272 5013 5016
f 5017 5016 5013
f 5017 5015 3091
f 172 3091 5015
f 1265 5010 4992
f 5018 4992 5010
f 5018 5016 3087
f 787 3087 5016
f 3207 5021 171
f 5001 171 5021
f 5019 1274 5021
f 5020 5021 1274
f 3204 5024 816
f 5019 816 5024
f 5022 1273 5024
f 5023 5024 1273
f 5023 5027 1274
f 5026 1274 5027
f 5025 319 5027
f 4599 5027 319
f 5028 5004 5020
f 1268 5020 5004
f 5026 1168 5028
f 4596 5028 1168
f 5031 5012 4607
f 317 4607 5012
f 1276 5030 5029
f 5031 5029 5030
f 5034 5029 4615
f 1172 4615 5029
f 1275 5033 5032
f 5034 5032 5033
f 5037 5036 5033
f 1276 5033 5036
f 5037 5035 3213
f 183 3213 5035
f 1271 5030 5015
f 5038 5015 5030
f 5038 5036 3209
f 818 3209 5036
f 3329 5041 182
f 5022 182 5041
f 5039 1278 5041
f 5040 5041 1278
f 3326 5044 847
f 5039 847 5044
f 5042 1277 5044
f 5043 5044 1277
f 5043 5047 1278
f 5046 1278 5047
f 5047 5045 4623
f 308 4623 5045
f 5040 5048 1273
f 5025 1273 5048
f 5046 1174 5048
f 4620 5048 1174
f 5052 5051 4632
f 314 4632 5051
f 1281 5050 5049
f 5052 5049 5050
f 5055 5049 4641
f 1179 4641 5049
f 5055 5053 5054
f 1279 5054 5053
f 1281 5054 5057
f 5058 5057 5054
f 5058 5056 3579
f 216 3579 5056
f 5060 5059 5050
f 1280 5050 5059
f 5060 5057 3575
f 911 3575 5057
f 215 3695 5063
f 5064 5063 3695
f 5061 1284 5064
f 5062 5064 1284
f 3692 5067 940
f 5061 940 5067
f 5065 1282 5067
f 5066 5067 1282
f 5066 5070 1284
f 5069 1284 5070
f 5068 330 5070
f 4651 5070 330
f 5062 5072 1283
f 5071 1283 5072
f 5069 1182 5072
f 4648 5072 1182
f 321 4659 5053
f 5075 5053 4659
f 5074 5075 1286
f 5073 1286 5075
f 5073 1186 5078
f 4667 5078 1186
f 5077 5078 1285
f 5076 1285 5078
f 5077 5081 1286
f 5080 1286 5081
f 5079 227 5081
f 3701 5081 227
f 5056 1279 5082
f 5074 5082 1279
f 5080 942 5082
f 3697 5082 942
f 5065 226 5085
f 3817 5085 226
f 5084 5085 1288
f 5083 1288 5085
f 5083 971 5088
f 3814 5088 971
f 5087 5088 1287
f 5086 1287 5088
f 5090 1288 5091
f 5087 5091 1288
f 4675 5091 331
f 5089 331 5091
f 5084 5092 1282
f 5068 1282 5092
f 4672 5092 1188
f 5090 1188 5092
f 5076 322 5095
f 4683 5095 322
f 5094 5095 1290
f 5093 1290 5095
f 5093 1192 5098
f 4691 5098 1192
f 5098 5096 5097
f 1289 5097 5096
f 5100 1290 5101
f 5097 5101 1290
f 3823 5101 238
f 5099 238 5101
f 5079 1285 5102
f 5094 5102 1285
f 3819 5102 973
f 5100 973 5102
f 5086 237 5105
f 3939 5105 237
f 5104 5105 1292
f 5103 1292 5105
f 5103 1002 5108
f 3936 5108 1002
f 5108 5106 5107
f 1291 5107 5106
f 5110 1292 5111
f 5107 5111 1292
f 4699 5111 332
f 5109 332 5111
f 5089 1287 5112
f 5104 5112 1287
f 4696 5112 1194
f 5110 1194 5112
f 324 4707 5096
f 5115 5096 4707
f 5115 5113 5114
f 1294 5114 5113
f 1198 4715 5113
f 5118 5113 4715
f 5118 5116 5117
f 1293 5117 5116
f 1294 5117 5120
f 5121 5120 5117
f 5121 5119 3945
f 249 3945 5119
f 1289 5114 5099
f 5122 5099 5114
f 5122 5120 3941
f 1004 3941 5120
f 248 4061 5106
f 5125 5106 4061
f 5125 5123 5124
f 1296 5124 5123
f 1033 4058 5123
f 5128 5123 4058
f 5128 5126 5127
f 1295 5127 5126
f 1296 5127 5130
f 5131 5130 5127
f 5131 5129 4723
f 333 4723 5129
f 5109 1291 5132
f 5124 5132 1291
f 5132 5130 4720
f 1200 4720 5130
f 325 4731 5116
f 5135 5116 4731
f 5135 5133 5134
f 1298 5134 5133
f 1204 4739 5133
f 5138 5133 4739
f 5138 5136 5137
f 1297 5137 5136
f 1298 5137 5140
f 5141 5140 5137
f 5141 5139 4067
f 260 4067 5139
f 1293 5134 5119
f 5142 5119 5134
f 5142 5140 4063
f 1035 4063 5140
f 259 4183 5126
f 5145 5126 4183
f 5145 5143 5144
f 1300 5144 5143
f 1064 4180 5143
f 5148 5143 4180
f 5148 5146 5147
f 1299 5147 5146
f 1300 5147 5150
f 5151 5150 5147
f 5151 5149 4747
f 334 4747 5149
f 1295 5144 5129
f 5152 5129 5144
f 5152 5150 4744
f 1206 4744 5150
f 326 4755 5136
f 5155 5136 4755
f 5154 5155 1302
f 5153 1302 5155
f 5153 1210 5158
f 4763 5158 1210
f 5157 5158 1301
f 5156 1301 5158
f 5160 1302 5161
f 5157 5161 1302
f 4189 5161 271
f 5159 271 5161
f 5139 1297 5162
f 5154 5162 1297
f 4185 5162 1066
f 5160 1066 5162
f 270 4305 5146
f 5165 5146 4305
f 5165 5163 5164
f 1304 5164 5163
f 1095 4302 5163
f 5168 5163 4302
f 5168 5166 5167
f 1303 5167 5166
f 5170 1304 5171
f 5167 5171 1304
f 4771 5171 329
f 5169 329 5171
f 5149 1299 5172
f 5164 5172 1299
f 4768 5172 1212
f 5170 1212 5172
f 5156 327 5175
f 4779 5175 327
f 5174 5175 1305
f 5173 1305 5175
f 1215 4785 5173
f 5177 5173 4785
f 5177 4987 5176
f 1266 5176 4987
f 1305 5176 5178
f 5179 5178 5176
f 5179 4995 4311
f 150 4311 4995
f 5159 1301 5180
f 5174 5180 1301
f 4307 5180 1097
f 5178 1097 5180
f 281 4407 5166
f 5183 5166 4407
f 5183 5181 5182
f 1306 5182 5181
f 1116 4404 5181
f 5185 5181 4404
f 5185 4999 5184
f 1269 5184 4999
f 5186 1306 5187
f 5184 5187 1306
f 4793 5187 328
f 5007 328 5187
f 5169 1303 5188
f 5182 5188 1303
f 4790 5188 1217
f 5186 1217 5188
f 5191 5032 4799
f 305 4799 5032
f 5190 5191 1308
f 5189 1308 5191
f 1220 4807 5189
f 5194 5189 4807
f 5194 5192 5193
f 1307 5193 5192
f 1308 5193 5196
f 5197 5196 5193
f 282 4413 5195
f 5197 5195 4413
f 5198 5035 5190
f 1275 5190 5035
f 4409 5198 1118
f 5196 1118 5198
f 205 4433 5059
f 5201 5059 4433
f 5201 5199 5200
f 1310 5200 5199
f 1123 4430 5199
f 5204 5199 4430
f 5204 5202 5203
f 1309 5203 5202
f 1310 5203 5206
f 5207 5206 5203
f 5207 5205 4815
f 302 4815 5205
f 1280 5200 5051
f 5208 5051 5200
f 5208 5206 4812
f 1222 4812 5206
f 284 4459 5202
f 5211 5202 4459
f 5209 1312 5211
f 5210 5211 1312
f 1130 4456 5209
f 5214 5209 4456
f 5214 5212 5213
f 1311 5213 5212
f 5213 5217 1312
f 5216 1312 5217
f 5215 315 5217
f 4827 5217 315
f 1309 5210 5205
f 5218 5205 5210
f 5216 1225 5218
f 4824 5218 1225
f 5221 5192 4835
f 306 4835 5192
f 1314 5220 5219
f 5221 5219 5220
f 5224 5219 4843
f 1229 4843 5219
f 5224 5222 5223
f 1313 5223 5222
f 5227 5226 5223
f 1314 5223 5226
f 285 4439 5225
f 5227 5225 4439
f 5228 5195 5220
f 1307 5220 5195
f 1125 4435 5226
f 5228 5226 4435
f 5222 307 5231
f 4847 5231 307
f 5230 5231 1316
f 5229 1316 5231
f 5229 1232 5234
f 4855 5234 1232
f 5232 1315 5234
f 5233 5234 1315
f 1316 5233 5236
f 5237 5236 5233
f 5237 5235 4465
f 288 4465 5235
f 1313 5230 5225
f 5238 5225 5230
f 5238 5236 4461
f 1132 4461 5236
f 4859 5241 301
f 5232 301 5241
f 5239 1318 5241
f 5240 5241 1318
f 4867 5244 1235
f 5239 1235 5244
f 5242 1317 5244
f 5243 5244 1317
f 5243 5247 1318
f 5246 1318 5247
f 289 4469 5245
f 5247 5245 4469
f 5240 5248 1315
f 5235 1315 5248
f 5246 1133 5248
f 4466 5248 1133
f 5242 299 5251
f 4871 5251 299
f 5251 5249 5250
f 1320 5250 5249
f 1238 4879 5249
f 5254 5249 4879
f 5254 5252 5253
f 1319 5253 5252
f 1320 5253 5256
f 5257 5256 5253
f 5257 5255 4481
f 290 4481 5255
f 5245 1317 5258
f 5250 5258 1317
f 5258 5256 4478
f 1136 4478 5256
f 287 4499 5212
f 5261 5212 4499
f 5261 5259 5260
f 1322 5260 5259
f 1141 4496 5259
f 5264 5259 4496
f 5264 5262 5263
f 1321 5263 5262
f 1322 5263 5266
f 5267 5266 5263
f 4887 5267 303
f 5265 303 5267
f 1311 5260 5215
f 5268 5215 5260
f 4884 5268 1240
f 5266 1240 5268
f 300 4895 5252
f 5271 5252 4895
f 1324 5270 5269
f 5271 5269 5270
f 4903 5274 1244
f 5269 1244 5274
f 5272 1323 5274
f 5273 5274 1323
f 1324 5273 5276
f 5277 5276 5273
f 5277 5275 4491
f 292 4491 5275
f 1319 5270 5255
f 5278 5255 5270
f 5278 5276 4487
f 1139 4487 5276
f 4495 5281 291
f 5262 291 5281
f 1325 5280 5279
f 5281 5279 5280
f 1140 4492 5279
f 5283 5279 4492
f 5283 5275 5282
f 1323 5282 5275
f 1325 5282 5284
f 5285 5284 5282
f 5285 5272 4911
f 304 4911 5272
f 5286 5265 5280
f 1321 5280 5265
f 4908 5286 1246
f 5284 1246 5286
f 320 4917 5071
f 5289 5071 4917
f 5288 5289 1327
f 5287 1327 5289
f 5287 1249 5292
f 4925 5292 1249
f 5291 5292 1326
f 5290 1326 5292
f 5294 1327 5295
f 5291 5295 1327
f 4505 5295 295
f 5293 295 5295
f 5288 5296 1283
f 5063 1283 5296
f 4501 5296 1143
f 5294 1143 5296
f 193 4525 5042
f 5299 5042 4525
f 5299 5297 5298
f 1329 5298 5297
f 5297 1148 5302
f 4522 5302 1148
f 5302 5300 5301
f 1328 5301 5300
f 1329 5301 5304
f 5305 5304 5301
f 5305 5303 4933
f 310 4933 5303
f 1277 5298 5045
f 5306 5045 5298
f 5306 5304 4930
f 1251 4930 5304
f 5290 311 5309
f 4941 5309 311
f 5308 5309 1331
f 5307 1331 5309
f 5307 1255 5312
f 4949 5312 1255
f 5311 5312 1330
f 5310 1330 5312
f 5314 1331 5315
f 5311 5315 1331
f 4531 5315 298
f 5313 298 5315
f 5293 1326 5316
f 5308 5316 1326
f 4527 5316 1150
f 5314 1150 5316
f 5300 293 5319
f 4551 5319 293
f 5318 5319 1333
f 5317 1333 5319
f 5317 1155 5322
f 4548 5322 1155
f 5322 5320 5321
f 1332 5321 5320
f 1333 5321 5324
f 5325 5324 5321
f 5325 5323 4957
f 312 4957 5323
f 1328 5318 5303
f 5326 5303 5318
f 5326 5324 4954
f 1257 4954 5324
f 296 4547 5320
f 5329 5320 4547
f 5329 5327 5328
f 1335 5328 5327
f 1154 4544 5327
f 5332 5327 4544
f 5332 5330 5331
f 1334 5331 5330
f 5335 5334 5331
f 1335 5331 5334
f 5333 309 5335
f 4969 5335 309
f 1332 5328 5323
f 5336 5323 5328
f 5336 5334 4966
f 1260 4966 5334
f 4535 5339 297
f 5330 297 5339
f 5337 1336 5339
f 5338 5339 1336
f 4532 5341 1151
f 5337 1151 5341
f 5313 1330 5341
f 5340 5341 1330
f 5340 5343 1336
f 5342 1336 5343
f 5310 313 5343
f 4981 5343 313
f 5338 5344 1334
f 5333 1334 5344
f 5342 1263 5344
f 4978 5344 1263
f 1338 1341 335
f 1337 335 1341
f 1339 338 1341
f 1340 1341 338
f 1343 1345 2
f 1342 2 1345
f 1344 339 1345
f 1338 1345 339
f 1346 1349 336
f 1344 336 1349
f 1347 337 1349
f 1348 1349 337
f 1348 1352 339
f 1339 339 1352
f 1350 12 1352
f 1351 1352 12
f 1354 1356 340
f 1353 340 1356
f 1355 336 1356
f 1343 1356 336
f 1358 1360 3
f 1357 3 1360
f 1359 343 1360
f 1354 1360 343
f 1361 1364 341
f 1359 341 1364
f 1362 342 1364
f 1363 1364 342
f 1363 1366 343
f 1355 343 1366
f 1365 13 1366
f 1346 1366 13
f 1368 1370 344
f 1367 344 1370
f 1369 341 1370
f 1358 1370 341
f 1372 1374 4
f 1371 4 1374
f 1373 347 1374
f 1368 1374 347
f 1375 1378 345
f 1373 345 1378
f 1376 346 1378
f 1377 1378 346
f 1377 1380 347
f 1369 347 1380
f 1379 14 1380
f 1361 1380 14
f 1384 1381 1382
f 348 1382 1381
f 1383 345 1384
f 1372 1384 345
f 1388 1385 1386
f 5 1386 1385
f 351 1382 1387
f 1388 1387 1382
f 1392 1387 1389
f 349 1389 1387
f 1390 350 1392
f 1391 1392 350
f 1391 1394 351
f 1383 351 1394
f 1393 15 1394
f 1375 1394 15
f 1398 1395 1396
f 352 1396 1395
f 349 1386 1397
f 1398 1397 1386
f 1402 1399 1400
f 6 1400 1399
f 355 1396 1401
f 1402 1401 1396
f 1406 1401 1403
f 353 1403 1401
f 354 1405 1404
f 1406 1404 1405
f 1408 1397 1405
f 355 1405 1397
f 16 1389 1407
f 1408 1407 1389
f 1412 1409 1410
f 356 1410 1409
f 353 1400 1411
f 1412 1411 1400
f 1414 1416 7
f 1413 7 1416
f 1415 359 1416
f 1410 1416 359
f 1417 1420 357
f 1415 357 1420
f 1418 358 1420
f 1419 1420 358
f 1422 1411 1419
f 359 1419 1411
f 17 1403 1421
f 1422 1421 1403
f 1426 1423 1424
f 360 1424 1423
f 357 1414 1425
f 1426 1425 1414
f 1428 1430 8
f 1427 8 1430
f 1429 363 1430
f 1424 1430 363
f 1431 1434 361
f 1429 361 1434
f 1432 362 1434
f 1433 1434 362
f 1436 1425 1433
f 363 1433 1425
f 18 1417 1435
f 1436 1435 1417
f 1440 1437 1438
f 364 1438 1437
f 361 1428 1439
f 1440 1439 1428
f 1442 1444 9
f 1441 9 1444
f 1443 367 1444
f 1438 1444 367
f 1445 1448 365
f 1443 365 1448
f 1446 366 1448
f 1447 1448 366
f 1450 1439 1447
f 367 1447 1439
f 19 1431 1449
f 1450 1449 1431
f 1454 1451 1452
f 368 1452 1451
f 365 1442 1453
f 1454 1453 1442
f 1456 1458 10
f 1455 10 1458
f 1457 371 1458
f 1452 1458 371
f 1459 1462 369
f 1457 369 1462
f 1460 370 1462
f 1461 1462 370
f 1464 1453 1461
f 371 1461 1453
f 20 1445 1463
f 1464 1463 1445
f 1468 1465 1466
f 372 1466 1465
f 369 1456 1467
f 1468 1467 1456
f 1470 1472 11
f 1469 11 1472
f 1471 375 1472
f 1466 1472 375
f 1473 1476 373
f 1471 373 1476
f 1474 374 1476
f 1475 1476 374
f 1478 1467 1475
f 375 1475 1467
f 21 1459 1477
f 1478 1477 1459
f 1350 337 1482
f 1479 1482 337
f 1481 1482 378
f 1480 378 1482
f 1483 1485 13
f 1347 13 1485
f 1479 1485 379
f 1484 379 1485
f 1484 376 1489
f 1486 1489 376
f 1488 1489 377
f 1487 377 1489
f 1480 379 1492
f 1488 1492 379
f 1491 1492 23
f 1490 23 1492
f 1493 1495 342
f 1365 342 1495
f 1494 376 1495
f 1483 1495 376
f 1496 1498 14
f 1362 14 1498
f 1497 382 1498
f 1493 1498 382
f 1499 1502 380
f 1497 380 1502
f 1500 381 1502
f 1501 1502 381
f 1501 1504 382
f 1494 382 1504
f 1486 1504 24
f 1503 24 1504
f 1505 1507 346
f 1379 346 1507
f 1506 380 1507
f 1496 1507 380
f 1508 1510 15
f 1376 15 1510
f 1509 385 1510
f 1505 1510 385
f 1511 1514 383
f 1509 383 1514
f 384 1513 1512
f 1514 1512 1513
f 1513 1516 385
f 1506 385 1516
f 1515 25 1516
f 1499 1516 25
f 1517 1519 350
f 1393 350 1519
f 1518 383 1519
f 1508 1519 383
f 1520 1522 16
f 1390 16 1522
f 1521 388 1522
f 1517 1522 388
f 1523 1526 386
f 1521 386 1526
f 387 1525 1524
f 1526 1524 1525
f 1525 1528 388
f 1518 388 1528
f 26 1511 1527
f 1528 1527 1511
f 1529 1531 354
f 1407 354 1531
f 1530 386 1531
f 1520 1531 386
f 1534 1404 1532
f 17 1532 1404
f 1533 391 1534
f 1529 1534 391
f 1535 1538 389
f 1533 389 1538
f 1536 390 1538
f 1537 1538 390
f 1537 1540 391
f 1530 391 1540
f 1539 27 1540
f 1523 1540 27
f 1543 1421 1541
f 358 1541 1421
f 389 1532 1542
f 1543 1542 1532
f 1544 1546 18
f 1418 18 1546
f 1545 394 1546
f 1541 1546 394
f 1547 1550 392
f 1545 392 1550
f 1548 393 1550
f 1549 1550 393
f 1552 1542 1549
f 394 1549 1542
f 28 1535 1551
f 1552 1551 1535
f 1555 1435 1553
f 362 1553 1435
f 392 1544 1554
f 1555 1554 1544
f 1556 1558 19
f 1432 19 1558
f 1557 397 1558
f 1553 1558 397
f 1559 1562 395
f 1557 395 1562
f 1560 396 1562
f 1561 1562 396
f 1564 1554 1561
f 397 1561 1554
f 29 1547 1563
f 1564 1563 1547
f 1567 1449 1565
f 366 1565 1449
f 395 1556 1566
f 1567 1566 1556
f 1568 1570 20
f 1446 20 1570
f 1569 400 1570
f 1565 1570 400
f 1571 1574 398
f 1569 398 1574
f 1572 399 1574
f 1573 1574 399
f 1576 1566 1573
f 400 1573 1566
f 30 1559 1575
f 1576 1575 1559
f 1579 1463 1577
f 370 1577 1463
f 398 1568 1578
f 1579 1578 1568
f 1580 1582 21
f 1460 21 1582
f 1581 403 1582
f 1577 1582 403
f 1583 1586 401
f 1581 401 1586
f 1584 402 1586
f 1585 1586 402
f 1585 1588 403
f 1578 403 1588
f 31 1571 1587
f 1588 1587 1571
f 1591 1477 1589
f 374 1589 1477
f 1590 401 1591
f 1580 1591 401
f 1592 1594 22
f 1474 22 1594
f 1593 406 1594
f 1589 1594 406
f 1595 1598 404
f 1593 404 1598
f 1596 405 1598
f 1597 1598 405
f 1597 1600 406
f 1590 406 1600
f 1599 32 1600
f 1583 1600 32
f 1490 377 1604
f 1601 1604 377
f 1603 1604 409
f 1602 409 1604
f 1487 24 1607
f 1605 1607 24
f 1601 1607 410
f 1606 410 1607
f 1606 407 1611
f 1608 1611 407
f 1610 1611 408
f 1609 408 1611
f 1602 410 1614
f 1610 1614 410
f 1613 1614 34
f 1612 34 1614
f 1503 381 1617
f 1615 1617 381
f 1605 1617 407
f 1616 407 1617
f 1618 1620 25
f 1500 25 1620
f 1619 413 1620
f 1615 1620 413
f 1624 1619 1621
f 411 1621 1619
f 1622 412 1624
f 1623 1624 412
f 1616 413 1626
f 1623 1626 413
f 1608 1626 35
f 1625 35 1626
f 1629 1515 1627
f 384 1627 1515
f 411 1618 1628
f 1629 1628 1618
f 1632 1512 1630
f 26 1630 1512
f 416 1627 1631
f 1632 1631 1627
f 1633 1636 414
f 1631 414 1636
f 1636 1634 1635
f 415 1635 1634
f 1638 1628 1635
f 416 1635 1628
f 36 1621 1637
f 1638 1637 1621
f 1639 1641 387
f 1527 387 1641
f 1640 414 1641
f 1630 1641 414
f 1642 1644 27
f 1524 27 1644
f 1643 419 1644
f 1639 1644 419
f 1645 1648 417
f 1643 417 1648
f 1646 418 1648
f 1647 1648 418
f 1647 1650 419
f 1640 419 1650
f 1649 37 1650
f 1633 1650 37
f 1651 1653 390
f 1539 390 1653
f 1652 417 1653
f 1642 1653 417
f 1654 1656 28
f 1536 28 1656
f 1655 422 1656
f 1651 1656 422
f 1657 1660 420
f 1655 420 1660
f 1658 421 1660
f 1659 1660 421
f 1659 1662 422
f 1652 422 1662
f 1661 38 1662
f 1645 1662 38
f 1663 1665 393
f 1551 393 1665
f 1664 420 1665
f 1654 1665 420
f 1666 1668 29
f 1548 29 1668
f 1667 425 1668
f 1663 1668 425
f 1669 1672 423
f 1667 423 1672
f 1670 424 1672
f 1671 1672 424
f 1671 1674 425
f 1664 425 1674
f 1673 39 1674
f 1657 1674 39
f 1675 1677 396
f 1563 396 1677
f 1676 423 1677
f 1666 1677 423
f 1678 1680 30
f 1560 30 1680
f 1679 428 1680
f 1675 1680 428
f 1681 1684 426
f 1679 426 1684
f 1682 427 1684
f 1683 1684 427
f 1683 1686 428
f 1676 428 1686
f 1685 40 1686
f 1669 1686 40
f 1687 1689 399
f 1575 399 1689
f 1688 426 1689
f 1678 1689 426
f 1690 1692 31
f 1572 31 1692
f 1691 431 1692
f 1687 1692 431
f 1693 1696 429
f 1691 429 1696
f 1694 430 1696
f 1695 1696 430
f 1695 1698 431
f 1688 431 1698
f 1697 41 1698
f 1681 1698 41
f 1699 1701 402
f 1587 402 1701
f 1700 429 1701
f 1690 1701 429
f 1702 1704 32
f 1584 32 1704
f 1703 434 1704
f 1699 1704 434
f 1705 1708 432
f 1703 432 1708
f 1706 433 1708
f 1707 1708 433
f 1707 1710 434
f 1700 434 1710
f 1709 42 1710
f 1693 1710 42
f 1711 1713 405
f 1599 405 1713
f 1712 432 1713
f 1702 1713 432
f 1714 1716 33
f 1596 33 1716
f 1715 437 1716
f 1711 1716 437
f 1717 1720 435
f 1715 435 1720
f 1718 436 1720
f 1719 1720 436
f 1719 1722 437
f 1712 437 1722
f 1721 43 1722
f 1705 1722 43
f 1612 408 1726
f 1723 1726 408
f 1725 1726 440
f 1724 440 1726
f 1609 35 1729
f 1727 1729 35
f 1723 1729 441
f 1728 441 1729
f 1728 438 1733
f 1730 1733 438
f 1732 1733 439
f 1731 439 1733
f 1724 441 1736
f 1732 1736 441
f 45 1735 1734
f 1736 1734 1735
f 1625 412 1739
f 1737 1739 412
f 1727 1739 438
f 1738 438 1739
f 1742 1622 1740
f 36 1740 1622
f 444 1737 1741
f 1742 1741 1737
f 442 1743 1741
f 1746 1741 1743
f 1746 1744 1745
f 443 1745 1744
f 1745 1748 444
f 1738 444 1748
f 1747 46 1748
f 1730 1748 46
f 415 1749 1637
f 1751 1637 1749
f 1751 1750 1740
f 442 1740 1750
f 37 1752 1634
f 1754 1634 1752
f 1754 1753 1749
f 447 1749 1753
f 1758 1753 1755
f 445 1755 1753
f 1758 1756 1757
f 446 1757 1756
f 447 1757 1750
f 1760 1750 1757
f 1760 1759 1743
f 47 1743 1759
f 1761 1763 418
f 1649 418 1763
f 1762 445 1763
f 1752 1763 445
f 1764 1766 38
f 1646 38 1766
f 1765 450 1766
f 1761 1766 450
f 1767 1770 448
f 1765 448 1770
f 1768 449 1770
f 1769 1770 449
f 1769 1772 450
f 1762 450 1772
f 48 1755 1771
f 1772 1771 1755
f 1773 1775 421
f 1661 421 1775
f 1774 448 1775
f 1764 1775 448
f 1776 1778 39
f 1658 39 1778
f 1777 453 1778
f 1773 1778 453
f 1779 1782 451
f 1777 451 1782
f 1780 452 1782
f 1781 1782 452
f 1781 1784 453
f 1774 453 1784
f 1783 49 1784
f 1767 1784 49
f 1785 1787 424
f 1673 424 1787
f 1786 451 1787
f 1776 1787 451
f 1788 1790 40
f 1670 40 1790
f 1789 456 1790
f 1785 1790 456
f 1791 1794 454
f 1789 454 1794
f 1792 455 1794
f 1793 1794 455
f 1793 1796 456
f 1786 456 1796
f 1795 50 1796
f 1779 1796 50
f 1797 1799 427
f 1685 427 1799
f 1798 454 1799
f 1788 1799 454
f 1800 1802 41
f 1682 41 1802
f 1801 459 1802
f 1797 1802 459
f 1803 1806 457
f 1801 457 1806
f 1804 458 1806
f 1805 1806 458
f 1805 1808 459
f 1798 459 1808
f 51 1791 1807
f 1808 1807 1791
f 1809 1811 430
f 1697 430 1811
f 1810 457 1811
f 1800 1811 457
f 1812 1814 42
f 1694 42 1814
f 1813 462 1814
f 1809 1814 462
f 1815 1818 460
f 1813 460 1818
f 1816 461 1818
f 1817 1818 461
f 1817 1820 462
f 1810 462 1820
f 52 1803 1819
f 1820 1819 1803
f 1821 1823 433
f 1709 433 1823
f 1822 460 1823
f 1812 1823 460
f 1824 1826 43
f 1706 43 1826
f 1825 465 1826
f 1821 1826 465
f 1827 1830 463
f 1825 463 1830
f 1828 464 1830
f 1829 1830 464
f 1829 1832 465
f 1822 465 1832
f 53 1815 1831
f 1832 1831 1815
f 436 1833 1721
f 1835 1721 1833
f 1835 1834 1824
f 463 1824 1834
f 44 1836 1718
f 1838 1718 1836
f 1838 1837 1833
f 468 1833 1837
f 1837 466 1842
f 1839 1842 466
f 1840 467 1842
f 1841 1842 467
f 468 1841 1834
f 1844 1834 1841
f 1843 54 1844
f 1827 1844 54
f 439 1845 1734
f 1848 1734 1845
f 1848 1846 1847
f 471 1847 1846
f 1851 1731 1849
f 46 1849 1731
f 1851 1850 1845
f 472 1845 1850
f 469 1852 1850
f 1855 1850 1852
f 470 1854 1853
f 1855 1853 1854
f 472 1854 1846
f 1858 1846 1854
f 1858 1856 1857
f 56 1857 1856
f 443 1859 1747
f 1861 1747 1859
f 1861 1860 1849
f 469 1849 1860
f 47 1862 1744
f 1864 1744 1862
f 1864 1863 1859
f 475 1859 1863
f 473 1865 1863
f 1868 1863 1865
f 1868 1866 1867
f 474 1867 1866
f 475 1867 1860
f 1870 1860 1867
f 1870 1869 1852
f 57 1852 1869
f 446 1871 1759
f 1873 1759 1871
f 1873 1872 1862
f 473 1862 1872
f 1876 1756 1874
f 48 1874 1756
f 1876 1875 1871
f 478 1871 1875
f 1880 1875 1877
f 476 1877 1875
f 477 1879 1878
f 1880 1878 1879
f 478 1879 1872
f 1882 1872 1879
f 1882 1881 1865
f 58 1865 1881
f 1885 1771 1883
f 449 1883 1771
f 476 1874 1884
f 1885 1884 1874
f 1886 1888 49
f 1768 49 1888
f 1887 481 1888
f 1883 1888 481
f 1889 1892 479
f 1887 479 1892
f 480 1891 1890
f 1892 1890 1891
f 1894 1884 1891
f 481 1891 1884
f 59 1877 1893
f 1894 1893 1877
f 1895 1897 452
f 1783 452 1897
f 1896 479 1897
f 1886 1897 479
f 1898 1900 50
f 1780 50 1900
f 1899 484 1900
f 1895 1900 484
f 1901 1904 482
f 1899 482 1904
f 1902 483 1904
f 1903 1904 483
f 1903 1906 484
f 1896 484 1906
f 1905 60 1906
f 1889 1906 60
f 1907 1909 455
f 1795 455 1909
f 1908 482 1909
f 1898 1909 482
f 1910 1912 51
f 1792 51 1912
f 1911 487 1912
f 1907 1912 487
f 1913 1916 485
f 1911 485 1916
f 1914 486 1916
f 1915 1916 486
f 1915 1918 487
f 1908 487 1918
f 1917 61 1918
f 1901 1918 61
f 1921 1807 1919
f 458 1919 1807
f 485 1910 1920
f 1921 1920 1910
f 1922 1924 52
f 1804 52 1924
f 1923 490 1924
f 1919 1924 490
f 1925 1928 488
f 1923 488 1928
f 1926 489 1928
f 1927 1928 489
f 1930 1920 1927
f 490 1927 1920
f 62 1913 1929
f 1930 1929 1913
f 1933 1819 1931
f 461 1931 1819
f 488 1922 1932
f 1933 1932 1922
f 1934 1936 53
f 1816 53 1936
f 1935 493 1936
f 1931 1936 493
f 1937 1940 491
f 1935 491 1940
f 1938 492 1940
f 1939 1940 492
f 1942 1932 1939
f 493 1939 1932
f 63 1925 1941
f 1942 1941 1925
f 1943 1945 464
f 1831 464 1945
f 491 1934 1944
f 1945 1944 1934
f 1946 1948 54
f 1828 54 1948
f 1947 496 1948
f 1943 1948 496
f 1949 1952 494
f 1947 494 1952
f 1950 495 1952
f 1951 1952 495
f 1951 1954 496
f 1944 496 1954
f 64 1937 1953
f 1954 1953 1937
f 1843 467 1957
f 1955 1957 467
f 1956 494 1957
f 1946 1957 494
f 1840 55 1960
f 1958 1960 55
f 1955 1960 499
f 1959 499 1960
f 1961 1964 497
f 1959 497 1964
f 1962 498 1964
f 1963 1964 498
f 1963 1966 499
f 1956 499 1966
f 1965 65 1966
f 1949 1966 65
f 1970 1856 1967
f 470 1967 1856
f 1969 1970 502
f 1968 502 1970
f 1973 1853 1971
f 57 1971 1853
f 1967 1973 503
f 1972 503 1973
f 1977 1972 1974
f 500 1974 1972
f 501 1976 1975
f 1977 1975 1976
f 1968 503 1980
f 1976 1980 503
f 1979 1980 67
f 1978 67 1980
f 474 1981 1869
f 1983 1869 1981
f 500 1971 1982
f 1983 1982 1971
f 58 1984 1866
f 1986 1866 1984
f 1986 1985 1981
f 506 1981 1985
f 1990 1985 1987
f 504 1987 1985
f 505 1989 1988
f 1990 1988 1989
f 1992 1982 1989
f 506 1989 1982
f 68 1974 1991
f 1992 1991 1974
f 1995 1881 1993
f 477 1993 1881
f 1995 1994 1984
f 504 1984 1994
f 1998 1878 1996
f 59 1996 1878
f 509 1993 1997
f 1998 1997 1993
f 2002 1997 1999
f 507 1999 1997
f 508 2001 2000
f 2002 2000 2001
f 2004 1994 2001
f 509 2001 1994
f 69 1987 2003
f 2004 2003 1987
f 2007 1893 2005
f 480 2005 1893
f 507 1996 2006
f 2007 2006 1996
f 2010 1890 2008
f 60 2008 1890
f 512 2005 2009
f 2010 2009 2005
f 2014 2009 2011
f 510 2011 2009
f 511 2013 2012
f 2014 2012 2013
f 2016 2006 2013
f 512 2013 2006
f 70 1999 2015
f 2016 2015 1999
f 2019 1905 2017
f 483 2017 1905
f 510 2008 2018
f 2019 2018 2008
f 2020 2022 61
f 1902 61 2022
f 2021 515 2022
f 2017 2022 515
f 2023 2026 513
f 2021 513 2026
f 514 2025 2024
f 2026 2024 2025
f 2028 2018 2025
f 515 2025 2018
f 71 2011 2027
f 2028 2027 2011
f 2029 2031 486
f 1917 486 2031
f 2030 513 2031
f 2020 2031 513
f 2032 2034 62
f 1914 62 2034
f 2033 518 2034
f 2029 2034 518
f 2035 2038 516
f 2033 516 2038
f 2036 517 2038
f 2037 2038 517
f 2037 2040 518
f 2030 518 2040
f 2039 72 2040
f 2023 2040 72
f 2043 1929 2041
f 489 2041 1929
f 516 2032 2042
f 2043 2042 2032
f 2044 2046 63
f 1926 63 2046
f 2045 521 2046
f 2041 2046 521
f 2047 2050 519
f 2045 519 2050
f 2048 520 2050
f 2049 2050 520
f 2052 2042 2049
f 521 2049 2042
f 2051 73 2052
f 2035 2052 73
f 2055 1941 2053
f 492 2053 1941
f 519 2044 2054
f 2055 2054 2044
f 2056 2058 64
f 1938 64 2058
f 2057 524 2058
f 2053 2058 524
f 2059 2062 522
f 2057 522 2062
f 2060 523 2062
f 2061 2062 523
f 2064 2054 2061
f 524 2061 2054
f 74 2047 2063
f 2064 2063 2047
f 2065 2067 495
f 1953 495 2067
f 522 2056 2066
f 2067 2066 2056
f 2068 2070 65
f 1950 65 2070
f 2069 527 2070
f 2065 2070 527
f 525 2071 2069
f 2074 2069 2071
f 2074 2072 2073
f 526 2073 2072
f 2076 2066 2073
f 527 2073 2066
f 75 2059 2075
f 2076 2075 2059
f 2077 2079 498
f 1965 498 2079
f 2078 525 2079
f 2068 2079 525
f 66 2080 1962
f 2082 1962 2080
f 2082 2081 2077
f 530 2077 2081
f 528 2083 2081
f 2086 2081 2083
f 2086 2084 2085
f 529 2085 2084
f 530 2085 2078
f 2088 2078 2085
f 2088 2087 2071
f 76 2071 2087
f 501 2089 1978
f 2092 1978 2089
f 2092 2090 2091
f 533 2091 2090
f 68 2093 1975
f 2095 1975 2093
f 2095 2094 2089
f 534 2089 2094
f 531 2096 2094
f 2099 2094 2096
f 2099 2097 2098
f 532 2098 2097
f 534 2098 2090
f 2102 2090 2098
f 2102 2100 2101
f 78 2101 2100
f 505 2103 1991
f 2105 1991 2103
f 2105 2104 2093
f 531 2093 2104
f 2108 1988 2106
f 69 2106 1988
f 2108 2107 2103
f 537 2103 2107
f 2112 2107 2109
f 535 2109 2107
f 2112 2110 2111
f 536 2111 2110
f 537 2111 2104
f 2114 2104 2111
f 2114 2113 2096
f 79 2096 2113
f 2003 508 2117
f 2115 2117 508
f 2106 2117 535
f 2116 535 2117
f 2000 70 2120
f 2118 2120 70
f 2115 2120 540
f 2119 540 2120
f 2119 538 2124
f 2121 2124 538
f 2123 2124 539
f 2122 539 2124
f 2116 540 2126
f 2123 2126 540
f 2109 2126 80
f 2125 80 2126
f 2015 511 2129
f 2127 2129 511
f 2118 2129 538
f 2128 538 2129
f 2012 71 2132
f 2130 2132 71
f 2127 2132 543
f 2131 543 2132
f 2131 541 2136
f 2133 2136 541
f 2135 2136 542
f 2134 542 2136
f 2128 543 2138
f 2135 2138 543
f 2121 2138 81
f 2137 81 2138
f 514 2139 2027
f 2141 2027 2139
f 2130 2141 541
f 2140 541 2141
f 72 2142 2024
f 2144 2024 2142
f 2144 2143 2139
f 546 2139 2143
f 544 2145 2143
f 2148 2143 2145
f 2148 2146 2147
f 545 2147 2146
f 2140 546 2150
f 2147 2150 546
f 2133 2150 82
f 2149 82 2150
f 517 2151 2039
f 2153 2039 2151
f 2153 2152 2142
f 544 2142 2152
f 73 2154 2036
f 2156 2036 2154
f 2156 2155 2151
f 549 2151 2155
f 547 2157 2155
f 2160 2155 2157
f 2160 2158 2159
f 548 2159 2158
f 549 2159 2152
f 2162 2152 2159
f 2162 2161 2145
f 83 2145 2161
f 2051 520 2165
f 2163 2165 520
f 2154 2165 547
f 2164 547 2165
f 74 2166 2048
f 2168 2048 2166
f 2168 2167 2163
f 552 2163 2167
f 550 2169 2167
f 2172 2167 2169
f 2172 2170 2171
f 551 2171 2170
f 2164 552 2174
f 2171 2174 552
f 2157 2174 84
f 2173 84 2174
f 2063 523 2177
f 2175 2177 523
f 2166 2177 550
f 2176 550 2177
f 75 2178 2060
f 2180 2060 2178
f 2180 2179 2175
f 555 2175 2179
f 553 2181 2179
f 2184 2179 2181
f 2184 2182 2183
f 554 2183 2182
f 2176 555 2186
f 2183 2186 555
f 2169 2186 85
f 2185 85 2186
f 526 2187 2075
f 2189 2075 2187
f 2178 2189 553
f 2188 553 2189
f 76 2190 2072
f 2192 2072 2190
f 2192 2191 2187
f 558 2187 2191
f 556 2193 2191
f 2196 2191 2193
f 2196 2194 2195
f 557 2195 2194
f 558 2195 2188
f 2198 2188 2195
f 2181 2198 86
f 2197 86 2198
f 529 2199 2087
f 2201 2087 2199
f 2201 2200 2190
f 556 2190 2200
f 77 2202 2084
f 2204 2084 2202
f 2204 2203 2199
f 561 2199 2203
f 559 2205 2203
f 2208 2203 2205
f 2208 2206 2207
f 560 2207 2206
f 561 2207 2200
f 2210 2200 2207
f 2210 2209 2193
f 87 2193 2209
f 532 2211 2100
f 2214 2100 2211
f 2214 2212 2213
f 564 2213 2212
f 79 2215 2097
f 2217 2097 2215
f 2217 2216 2211
f 565 2211 2216
f 562 2218 2216
f 2221 2216 2218
f 2221 2219 2220
f 563 2220 2219
f 565 2220 2212
f 2224 2212 2220
f 2224 2222 2223
f 89 2223 2222
f 536 2225 2113
f 2227 2113 2225
f 2227 2226 2215
f 562 2215 2226
f 2230 2110 2228
f 80 2228 2110
f 2230 2229 2225
f 568 2225 2229
f 566 2231 2229
f 2234 2229 2231
f 2234 2232 2233
f 567 2233 2232
f 568 2233 2226
f 2236 2226 2233
f 2236 2235 2218
f 90 2218 2235
f 2125 539 2239
f 2237 2239 539
f 2228 2239 566
f 2238 566 2239
f 2122 81 2242
f 2240 2242 81
f 2237 2242 571
f 2241 571 2242
f 2241 569 2246
f 2243 2246 569
f 2245 2246 570
f 2244 570 2246
f 2238 571 2248
f 2245 2248 571
f 2231 2248 91
f 2247 91 2248
f 2137 542 2251
f 2249 2251 542
f 2240 2251 569
f 2250 569 2251
f 2134 82 2254
f 2252 2254 82
f 2254 2253 2249
f 574 2249 2253
f 572 2255 2253
f 2258 2253 2255
f 2258 2256 2257
f 573 2257 2256
f 574 2257 2250
f 2260 2250 2257
f 2260 2259 2243
f 92 2243 2259
f 545 2261 2149
f 2263 2149 2261
f 2263 2262 2252
f 572 2252 2262
f 83 2264 2146
f 2266 2146 2264
f 2266 2265 2261
f 577 2261 2265
f 575 2267 2265
f 2270 2265 2267
f 2270 2268 2269
f 576 2269 2268
f 577 2269 2262
f 2272 2262 2269
f 2272 2271 2255
f 93 2255 2271
f 548 2273 2161
f 2275 2161 2273
f 2275 2274 2264
f 575 2264 2274
f 84 2276 2158
f 2278 2158 2276
f 2278 2277 2273
f 580 2273 2277
f 578 2279 2277
f 2282 2277 2279
f 2282 2280 2281
f 579 2281 2280
f 2274 580 2284
f 2281 2284 580
f 2267 2284 94
f 2283 94 2284
f 2173 551 2287
f 2285 2287 551
f 2276 2287 578
f 2286 578 2287
f 85 2288 2170
f 2290 2170 2288
f 2290 2289 2285
f 583 2285 2289
f 581 2291 2289
f 2294 2289 2291
f 2294 2292 2293
f 582 2293 2292
f 2286 583 2296
f 2293 2296 583
f 2279 2296 95
f 2295 95 2296
f 2185 554 2299
f 2297 2299 554
f 2288 2299 581
f 2298 581 2299
f 86 2300 2182
f 2302 2182 2300
f 2302 2301 2297
f 586 2297 2301
f 584 2303 2301
f 2306 2301 2303
f 2306 2304 2305
f 585 2305 2304
f 2298 586 2308
f 2305 2308 586
f 2291 2308 96
f 2307 96 2308
f 557 2309 2197
f 2311 2197 2309
f 2300 2311 584
f 2310 584 2311
f 87 2312 2194
f 2314 2194 2312
f 2314 2313 2309
f 589 2309 2313
f 587 2315 2313
f 2318 2313 2315
f 2318 2316 2317
f 588 2317 2316
f 589 2317 2310
f 2320 2310 2317
f 2303 2320 97
f 2319 97 2320
f 560 2321 2209
f 2323 2209 2321
f 2323 2322 2312
f 587 2312 2322
f 88 2324 2206
f 2326 2206 2324
f 2326 2325 2321
f 592 2321 2325
f 590 2327 2325
f 2330 2325 2327
f 2330 2328 2329
f 591 2329 2328
f 592 2329 2322
f 2332 2322 2329
f 2315 2332 98
f 2331 98 2332
f 563 2333 2222
f 2336 2222 2333
f 2335 2336 595
f 2334 595 2336
f 90 2337 2219
f 2339 2219 2337
f 2333 2339 596
f 2338 596 2339
f 2338 593 2343
f 2340 2343 593
f 2342 2343 594
f 2341 594 2343
f 2334 596 2346
f 2342 2346 596
f 2345 2346 100
f 2344 100 2346
f 567 2347 2235
f 2349 2235 2347
f 2337 2349 593
f 2348 593 2349
f 91 2350 2232
f 2352 2232 2350
f 2347 2352 599
f 2351 599 2352
f 2351 597 2356
f 2353 2356 597
f 2355 2356 598
f 2354 598 2356
f 2348 599 2358
f 2355 2358 599
f 2340 2358 101
f 2357 101 2358
f 2247 570 2361
f 2359 2361 570
f 2350 2361 597
f 2360 597 2361
f 2244 92 2364
f 2362 2364 92
f 2359 2364 602
f 2363 602 2364
f 2363 600 2368
f 2365 2368 600
f 2367 2368 601
f 2366 601 2368
f 2360 602 2370
f 2367 2370 602
f 2353 2370 102
f 2369 102 2370
f 573 2371 2259
f 2373 2259 2371
f 2362 2373 600
f 2372 600 2373
f 93 2374 2256
f 2376 2256 2374
f 2371 2376 605
f 2375 605 2376
f 2375 603 2380
f 2377 2380 603
f 2379 2380 604
f 2378 604 2380
f 2372 605 2382
f 2379 2382 605
f 2365 2382 103
f 2381 103 2382
f 576 2383 2271
f 2385 2271 2383
f 2374 2385 603
f 2384 603 2385
f 94 2386 2268
f 2388 2268 2386
f 2383 2388 608
f 2387 608 2388
f 2387 606 2392
f 2389 2392 606
f 2391 2392 607
f 2390 607 2392
f 2384 608 2394
f 2391 2394 608
f 2377 2394 104
f 2393 104 2394
f 2283 579 2397
f 2395 2397 579
f 2386 2397 606
f 2396 606 2397
f 95 2398 2280
f 2400 2280 2398
f 2395 2400 611
f 2399 611 2400
f 2399 609 2404
f 2401 2404 609
f 2403 2404 610
f 2402 610 2404
f 2396 611 2406
f 2403 2406 611
f 2389 2406 105
f 2405 105 2406
f 2295 582 2409
f 2407 2409 582
f 2398 2409 609
f 2408 609 2409
f 96 2410 2292
f 2412 2292 2410
f 2407 2412 614
f 2411 614 2412
f 2411 612 2416
f 2413 2416 612
f 2415 2416 613
f 2414 613 2416
f 2408 614 2418
f 2415 2418 614
f 2401 2418 106
f 2417 106 2418
f 2307 585 2421
f 2419 2421 585
f 2410 2421 612
f 2420 612 2421
f 97 2422 2304
f 2424 2304 2422
f 2419 2424 617
f 2423 617 2424
f 2423 615 2428
f 2425 2428 615
f 2427 2428 616
f 2426 616 2428
f 2420 617 2430
f 2427 2430 617
f 2413 2430 107
f 2429 107 2430
f 2319 588 2433
f 2431 2433 588
f 2422 2433 615
f 2432 615 2433
f 98 2434 2316
f 2436 2316 2434
f 2431 2436 620
f 2435 620 2436
f 2435 618 2440
f 2437 2440 618
f 2439 2440 619
f 2438 619 2440
f 2432 620 2442
f 2439 2442 620
f 2425 2442 108
f 2441 108 2442
f 2331 591 2445
f 2443 2445 591
f 2434 2445 618
f 2444 618 2445
f 99 2446 2328
f 2448 2328 2446
f 2443 2448 623
f 2447 623 2448
f 2447 621 2452
f 2449 2452 621
f 2451 2452 622
f 2450 622 2452
f 2444 623 2454
f 2451 2454 623
f 2437 2454 109
f 2453 109 2454
f 2344 594 2458
f 2455 2458 594
f 2457 2458 626
f 2456 626 2458
f 2341 101 2461
f 2459 2461 101
f 2455 2461 627
f 2460 627 2461
f 2460 624 2465
f 2462 2465 624
f 2464 2465 625
f 2463 625 2465
f 2456 627 2468
f 2464 2468 627
f 2467 2468 111
f 2466 111 2468
f 2357 598 2471
f 2469 2471 598
f 2459 2471 624
f 2470 624 2471
f 2354 102 2474
f 2472 2474 102
f 2469 2474 630
f 2473 630 2474
f 2473 628 2478
f 2475 2478 628
f 2477 2478 629
f 2476 629 2478
f 2470 630 2480
f 2477 2480 630
f 2462 2480 112
f 2479 112 2480
f 2369 601 2483
f 2481 2483 601
f 2472 2483 628
f 2482 628 2483
f 2366 103 2486
f 2484 2486 103
f 2481 2486 633
f 2485 633 2486
f 2485 631 2490
f 2487 2490 631
f 2489 2490 632
f 2488 632 2490
f 2482 633 2492
f 2489 2492 633
f 2475 2492 113
f 2491 113 2492
f 2381 604 2495
f 2493 2495 604
f 2484 2495 631
f 2494 631 2495
f 2378 104 2498
f 2496 2498 104
f 2493 2498 636
f 2497 636 2498
f 2497 634 2502
f 2499 2502 634
f 2501 2502 635
f 2500 635 2502
f 2494 636 2504
f 2501 2504 636
f 2487 2504 114
f 2503 114 2504
f 2393 607 2507
f 2505 2507 607
f 2496 2507 634
f 2506 634 2507
f 2390 105 2510
f 2508 2510 105
f 2505 2510 639
f 2509 639 2510
f 2509 637 2514
f 2511 2514 637
f 2513 2514 638
f 2512 638 2514
f 2506 639 2516
f 2513 2516 639
f 2499 2516 115
f 2515 115 2516
f 2405 610 2519
f 2517 2519 610
f 2508 2519 637
f 2518 637 2519
f 2402 106 2522
f 2520 2522 106
f 2517 2522 642
f 2521 642 2522
f 2521 640 2526
f 2523 2526 640
f 2525 2526 641
f 2524 641 2526
f 2518 642 2528
f 2525 2528 642
f 2511 2528 116
f 2527 116 2528
f 2417 613 2531
f 2529 2531 613
f 2520 2531 640
f 2530 640 2531
f 2414 107 2534
f 2532 2534 107
f 2529 2534 645
f 2533 645 2534
f 2533 643 2538
f 2535 2538 643
f 2537 2538 644
f 2536 644 2538
f 2530 645 2540
f 2537 2540 645
f 2523 2540 117
f 2539 117 2540
f 2429 616 2543
f 2541 2543 616
f 2532 2543 643
f 2542 643 2543
f 2426 108 2546
f 2544 2546 108
f 2541 2546 648
f 2545 648 2546
f 2545 646 2550
f 2547 2550 646
f 2549 2550 647
f 2548 647 2550
f 2542 648 2552
f 2549 2552 648
f 2535 2552 118
f 2551 118 2552
f 2441 619 2555
f 2553 2555 619
f 2544 2555 646
f 2554 646 2555
f 2438 109 2558
f 2556 2558 109
f 2553 2558 651
f 2557 651 2558
f 2557 649 2562
f 2559 2562 649
f 2561 2562 650
f 2560 650 2562
f 2554 651 2564
f 2561 2564 651
f 2547 2564 119
f 2563 119 2564
f 2453 622 2567
f 2565 2567 622
f 2556 2567 649
f 2566 649 2567
f 2450 110 2570
f 2568 2570 110
f 2565 2570 654
f 2569 654 2570
f 2569 652 2574
f 2571 2574 652
f 2573 2574 653
f 2572 653 2574
f 2566 654 2576
f 2573 2576 654
f 2559 2576 120
f 2575 120 2576
f 625 2577 2466
f 2580 2466 2577
f 2580 2578 2579
f 657 2579 2578
f 112 2581 2463
f 2583 2463 2581
f 2583 2582 2577
f 658 2577 2582
f 655 2584 2582
f 2587 2582 2584
f 2587 2585 2586
f 656 2586 2585
f 658 2586 2578
f 2590 2578 2586
f 2590 2588 2589
f 122 2589 2588
f 2479 629 2593
f 2591 2593 629
f 2593 2592 2581
f 655 2581 2592
f 113 2594 2476
f 2596 2476 2594
f 2596 2595 2591
f 661 2591 2595
f 659 2597 2595
f 2600 2595 2597
f 2600 2598 2599
f 660 2599 2598
f 661 2599 2592
f 2602 2592 2599
f 2602 2601 2584
f 123 2584 2601
f 2491 632 2605
f 2603 2605 632
f 2605 2604 2594
f 659 2594 2604
f 114 2606 2488
f 2608 2488 2606
f 2608 2607 2603
f 664 2603 2607
f 662 2609 2607
f 2612 2607 2609
f 2612 2610 2611
f 663 2611 2610
f 664 2611 2604
f 2614 2604 2611
f 2614 2613 2597
f 124 2597 2613
f 2503 635 2617
f 2615 2617 635
f 2606 2617 662
f 2616 662 2617
f 115 2618 2500
f 2620 2500 2618
f 2620 2619 2615
f 667 2615 2619
f 665 2621 2619
f 2624 2619 2621
f 2624 2622 2623
f 666 2623 2622
f 2616 667 2626
f 2623 2626 667
f 2626 2625 2609
f 125 2609 2625
f 2515 638 2629
f 2627 2629 638
f 2618 2629 665
f 2628 665 2629
f 116 2630 2512
f 2632 2512 2630
f 2632 2631 2627
f 670 2627 2631
f 668 2633 2631
f 2636 2631 2633
f 2636 2634 2635
f 669 2635 2634
f 2628 670 2638
f 2635 2638 670
f 2621 2638 126
f 2637 126 2638
f 2527 641 2641
f 2639 2641 641
f 2630 2641 668
f 2640 668 2641
f 117 2642 2524
f 2644 2524 2642
f 2644 2643 2639
f 673 2639 2643
f 671 2645 2643
f 2648 2643 2645
f 2648 2646 2647
f 672 2647 2646
f 2640 673 2650
f 2647 2650 673
f 2633 2650 127
f 2649 127 2650
f 2539 644 2653
f 2651 2653 644
f 2642 2653 671
f 2652 671 2653
f 118 2654 2536
f 2656 2536 2654
f 2656 2655 2651
f 676 2651 2655
f 674 2657 2655
f 2660 2655 2657
f 2660 2658 2659
f 675 2659 2658
f 2652 676 2662
f 2659 2662 676
f 2645 2662 128
f 2661 128 2662
f 2551 647 2665
f 2663 2665 647
f 2654 2665 674
f 2664 674 2665
f 119 2666 2548
f 2668 2548 2666
f 2668 2667 2663
f 679 2663 2667
f 677 2669 2667
f 2672 2667 2669
f 2672 2670 2671
f 678 2671 2670
f 2664 679 2674
f 2671 2674 679
f 2657 2674 129
f 2673 129 2674
f 2563 650 2677
f 2675 2677 650
f 2666 2677 677
f 2676 677 2677
f 120 2678 2560
f 2680 2560 2678
f 2680 2679 2675
f 682 2675 2679
f 680 2681 2679
f 2684 2679 2681
f 2684 2682 2683
f 681 2683 2682
f 2676 682 2686
f 2683 2686 682
f 2669 2686 130
f 2685 130 2686
f 2575 653 2689
f 2687 2689 653
f 2678 2689 680
f 2688 680 2689
f 121 2690 2572
f 2692 2572 2690
f 2692 2691 2687
f 685 2687 2691
f 683 2693 2691
f 2696 2691 2693
f 2696 2694 2695
f 684 2695 2694
f 2688 685 2698
f 2695 2698 685
f 2681 2698 131
f 2697 131 2698
f 656 2699 2588
f 2702 2588 2699
f 2702 2700 2701
f 687 2701 2700
f 123 2703 2585
f 2705 2585 2703
f 2705 2704 2699
f 688 2699 2704
f 2704 686 2708
f 2706 2708 686
f 2707 2708 335
f 1342 335 2708
f 2700 688 2710
f 2707 2710 688
f 2709 2710 1
f 1337 1 2710
f 660 2711 2601
f 2713 2601 2711
f 2713 2712 2703
f 686 2703 2712
f 124 2714 2598
f 2716 2598 2714
f 2716 2715 2711
f 690 2711 2715
f 689 2717 2715
f 2719 2715 2717
f 2718 2719 340
f 1357 340 2719
f 690 2718 2712
f 2720 2712 2718
f 2706 2720 2
f 1353 2 2720
f 663 2721 2613
f 2723 2613 2721
f 2723 2722 2714
f 689 2714 2722
f 125 2724 2610
f 2726 2610 2724
f 2726 2725 2721
f 692 2721 2725
f 691 2727 2725
f 2729 2725 2727
f 2728 2729 344
f 1371 344 2729
f 692 2728 2722
f 2730 2722 2728
f 2717 2730 3
f 1367 3 2730
f 666 2731 2625
f 2733 2625 2731
f 2733 2732 2724
f 691 2724 2732
f 126 2734 2622
f 2736 2622 2734
f 2736 2735 2731
f 694 2731 2735
f 693 2737 2735
f 2739 2735 2737
f 2739 1385 2738
f 348 2738 1385
f 694 2738 2732
f 2740 2732 2738
f 2740 1381 2727
f 4 2727 1381
f 2637 669 2743
f 2741 2743 669
f 2743 2742 2734
f 693 2734 2742
f 127 2744 2634
f 2746 2634 2744
f 2746 2745 2741
f 696 2741 2745
f 695 2747 2745
f 2749 2745 2747
f 2749 1399 2748
f 352 2748 1399
f 696 2748 2742
f 2750 2742 2748
f 2750 1395 2737
f 5 2737 1395
f 2649 672 2753
f 2751 2753 672
f 2744 2753 695
f 2752 695 2753
f 128 2754 2646
f 2756 2646 2754
f 2756 2755 2751
f 698 2751 2755
f 697 2757 2755
f 2759 2755 2757
f 2759 1413 2758
f 356 2758 1413
f 2752 698 2760
f 2758 2760 698
f 2747 2760 6
f 1409 6 2760
f 2661 675 2763
f 2761 2763 675
f 2754 2763 697
f 2762 697 2763
f 129 2764 2658
f 2766 2658 2764
f 2766 2765 2761
f 700 2761 2765
f 699 2767 2765
f 2769 2765 2767
f 2769 1427 2768
f 360 2768 1427
f 2762 700 2770
f 2768 2770 700
f 2757 2770 7
f 1423 7 2770
f 2673 678 2773
f 2771 2773 678
f 2764 2773 699
f 2772 699 2773
f 130 2774 2670
f 2776 2670 2774
f 2776 2775 2771
f 702 2771 2775
f 701 2777 2775
f 2779 2775 2777
f 2779 1441 2778
f 364 2778 1441
f 2772 702 2780
f 2778 2780 702
f 2767 2780 8
f 1437 8 2780
f 2685 681 2783
f 2781 2783 681
f 2774 2783 701
f 2782 701 2783
f 131 2784 2682
f 2786 2682 2784
f 2786 2785 2781
f 704 2781 2785
f 703 2787 2785
f 2789 2785 2787
f 2789 1455 2788
f 368 2788 1455
f 2782 704 2790
f 2788 2790 704
f 2777 2790 9
f 1451 9 2790
f 2697 684 2793
f 2791 2793 684
f 2784 2793 703
f 2792 703 2793
f 132 2794 2694
f 2796 2694 2794
f 2796 2795 2791
f 706 2791 2795
f 705 2797 2795
f 2799 2795 2797
f 2799 1469 2798
f 372 2798 1469
f 2792 706 2800
f 2798 2800 706
f 2787 2800 10
f 1465 10 2800
f 2804 1725 2801
f 440 2801 1725
f 2803 2804 709
f 2802 709 2804
f 2805 2807 45
f 1735 45 2807
f 2806 710 2807
f 2801 2807 710
f 2808 2811 707
f 2806 707 2811
f 2809 708 2811
f 2810 2811 708
f 2802 710 2814
f 2810 2814 710
f 2812 133 2814
f 2813 2814 133
f 1847 471 2817
f 2815 2817 471
f 2816 707 2817
f 2805 2817 707
f 1857 56 2820
f 2818 2820 56
f 2815 2820 713
f 2819 713 2820
f 2819 711 2824
f 2821 2824 711
f 2822 712 2824
f 2823 2824 712
f 2823 2826 713
f 2816 713 2826
f 2825 134 2826
f 2808 2826 134
f 2827 2830 708
f 2812 708 2830
f 2828 716 2830
f 2829 2830 716
f 2831 2833 134
f 2809 134 2833
f 2832 717 2833
f 2827 2833 717
f 2834 2837 714
f 2832 714 2837
f 2835 715 2837
f 2836 2837 715
f 2836 2840 717
f 2828 717 2840
f 2838 136 2840
f 2839 2840 136
f 2841 2843 712
f 2825 712 2843
f 2842 714 2843
f 2831 2843 714
f 2822 135 2846
f 2844 2846 135
f 2845 720 2846
f 2841 2846 720
f 2847 2850 718
f 2845 718 2850
f 719 2849 2848
f 2850 2848 2849
f 2852 2842 2849
f 720 2849 2842
f 137 2834 2851
f 2852 2851 2834
f 2838 715 2856
f 2853 2856 715
f 2855 2856 723
f 2854 723 2856
f 2859 2835 2857
f 137 2857 2835
f 2853 2859 724
f 2858 724 2859
f 721 2860 2858
f 2863 2858 2860
f 2862 2863 722
f 2861 722 2863
f 2854 724 2866
f 2862 2866 724
f 2865 2866 139
f 2864 139 2866
f 719 2867 2851
f 2869 2851 2867
f 2869 2868 2857
f 721 2857 2868
f 138 2870 2848
f 2872 2848 2870
f 2872 2871 2867
f 727 2867 2871
f 725 2873 2871
f 2876 2871 2873
f 2876 2874 2875
f 726 2875 2874
f 727 2875 2868
f 2878 2868 2875
f 2878 2877 2860
f 140 2860 2877
f 2873 725 2882
f 2879 2882 725
f 2881 2882 730
f 2880 730 2882
f 2870 138 2885
f 2883 2885 138
f 2879 2885 731
f 2884 731 2885
f 2884 728 2889
f 2886 2889 728
f 2888 2889 729
f 2887 729 2889
f 2880 731 2892
f 2888 2892 731
f 2891 2892 143
f 2890 143 2892
f 1961 497 2896
f 2893 2896 497
f 2895 2896 734
f 2894 734 2896
f 1958 55 2899
f 2897 2899 55
f 2893 2899 735
f 2898 735 2899
f 732 2900 2898
f 2903 2898 2900
f 2902 2903 733
f 2901 733 2903
f 2894 735 2906
f 2902 2906 735
f 2906 2904 2905
f 146 2905 2904
f 466 2907 1839
f 2909 1839 2907
f 2909 2908 2897
f 732 2897 2908
f 44 2910 1836
f 2912 1836 2910
f 2912 2911 2907
f 738 2907 2911
f 736 2913 2911
f 2916 2911 2913
f 2916 2914 2915
f 737 2915 2914
f 738 2915 2908
f 2918 2908 2915
f 2918 2917 2900
f 145 2900 2917
f 2904 733 2922
f 2919 2922 733
f 2922 2920 2921
f 741 2921 2920
f 145 2923 2901
f 2925 2901 2923
f 2919 2925 742
f 2924 742 2925
f 2924 739 2929
f 2926 2929 739
f 2928 2929 740
f 2927 740 2929
f 2920 742 2932
f 2928 2932 742
f 2931 2932 149
f 2930 149 2932
f 737 2933 2917
f 2935 2917 2933
f 2935 2934 2923
f 739 2923 2934
f 144 2936 2914
f 2938 2914 2936
f 2938 2937 2933
f 745 2933 2937
f 743 2939 2937
f 2942 2937 2939
f 2942 2940 2941
f 744 2941 2940
f 745 2941 2934
f 2944 2934 2941
f 2944 2943 2926
f 148 2926 2943
f 2946 2949 746
f 2945 746 2949
f 2947 749 2949
f 2948 2949 749
f 2951 2953 161
f 2950 161 2953
f 2952 750 2953
f 2946 2953 750
f 2954 2957 747
f 2952 747 2957
f 2955 748 2957
f 2956 2957 748
f 2956 2960 750
f 2947 750 2960
f 2958 151 2960
f 2959 2960 151
f 2961 2964 748
f 2958 748 2964
f 2962 753 2964
f 2963 2964 753
f 2965 2967 162
f 2955 162 2967
f 2966 754 2967
f 2961 2967 754
f 2968 2971 751
f 2966 751 2971
f 2969 752 2971
f 2970 2971 752
f 2970 2974 754
f 2962 754 2974
f 2972 152 2974
f 2973 2974 152
f 2975 2978 752
f 2972 752 2978
f 2976 757 2978
f 2977 2978 757
f 2979 2981 163
f 2969 163 2981
f 2980 758 2981
f 2975 2981 758
f 2982 2985 755
f 2980 755 2985
f 2983 756 2985
f 2984 2985 756
f 2984 2988 758
f 2976 758 2988
f 2986 153 2988
f 2987 2988 153
f 2989 2992 756
f 2986 756 2992
f 2992 2990 2991
f 761 2991 2990
f 2993 2995 164
f 2983 164 2995
f 2994 762 2995
f 2989 2995 762
f 2996 2999 759
f 2994 759 2999
f 2999 2997 2998
f 760 2998 2997
f 762 2998 2990
f 3002 2990 2998
f 3002 3000 3001
f 154 3001 3000
f 760 3003 3000
f 3006 3000 3003
f 3006 3004 3005
f 765 3005 3004
f 165 3007 2997
f 3009 2997 3007
f 3009 3008 3003
f 766 3003 3008
f 763 3010 3008
f 3013 3008 3010
f 3013 3011 3012
f 764 3012 3011
f 766 3012 3004
f 3016 3004 3012
f 3016 3014 3015
f 155 3015 3014
f 764 3017 3014
f 3020 3014 3017
f 3020 3018 3019
f 769 3019 3018
f 166 3021 3011
f 3023 3011 3021
f 3023 3022 3017
f 770 3017 3022
f 3024 3027 767
f 3022 767 3027
f 3025 768 3027
f 3026 3027 768
f 3026 3030 770
f 3018 770 3030
f 3028 156 3030
f 3029 3030 156
f 768 3031 3028
f 3034 3028 3031
f 3034 3032 3033
f 773 3033 3032
f 167 3035 3025
f 3037 3025 3035
f 3037 3036 3031
f 774 3031 3036
f 3038 3041 771
f 3036 771 3041
f 3039 772 3041
f 3040 3041 772
f 3040 3044 774
f 3032 774 3044
f 3042 157 3044
f 3043 3044 157
f 772 3045 3042
f 3048 3042 3045
f 3048 3046 3047
f 777 3047 3046
f 168 3049 3039
f 3051 3039 3049
f 3051 3050 3045
f 778 3045 3050
f 3052 3055 775
f 3050 775 3055
f 3053 776 3055
f 3054 3055 776
f 3054 3058 778
f 3046 778 3058
f 3056 158 3058
f 3057 3058 158
f 776 3059 3056
f 3062 3056 3059
f 3062 3060 3061
f 781 3061 3060
f 169 3063 3053
f 3065 3053 3063
f 3065 3064 3059
f 782 3059 3064
f 3066 3069 779
f 3064 779 3069
f 3067 780 3069
f 3068 3069 780
f 3068 3072 782
f 3060 782 3072
f 3070 159 3072
f 3071 3072 159
f 780 3073 3070
f 3076 3070 3073
f 3076 3074 3075
f 785 3075 3074
f 170 3077 3067
f 3079 3067 3077
f 3079 3078 3073
f 786 3073 3078
f 3080 3083 783
f 3078 783 3083
f 3081 784 3083
f 3082 3083 784
f 3082 3086 786
f 3074 786 3086
f 3084 160 3086
f 3085 3086 160
f 3087 787 3090
f 3088 3090 787
f 2951 3090 747
f 3089 747 3090
f 3091 172 3094
f 3092 3094 172
f 3088 3094 790
f 3093 790 3094
f 3093 788 3098
f 3095 3098 788
f 3097 3098 789
f 3096 789 3098
f 3089 790 3100
f 3097 3100 790
f 3099 162 3100
f 2954 3100 162
f 3101 3103 789
f 3099 789 3103
f 3102 751 3103
f 2965 3103 751
f 3096 173 3106
f 3104 3106 173
f 3105 793 3106
f 3101 3106 793
f 3107 3110 791
f 3105 791 3110
f 3108 792 3110
f 3109 3110 792
f 3109 3112 793
f 3102 793 3112
f 3111 163 3112
f 2968 3112 163
f 3113 3115 792
f 3111 792 3115
f 3114 755 3115
f 2979 3115 755
f 3116 3118 174
f 3108 174 3118
f 3117 796 3118
f 3113 3118 796
f 794 3119 3117
f 3122 3117 3119
f 3120 795 3122
f 3121 3122 795
f 3121 3124 796
f 3114 796 3124
f 3123 164 3124
f 2982 3124 164
f 3125 3127 795
f 3123 795 3127
f 3126 759 3127
f 2993 3127 759
f 175 3128 3120
f 3130 3120 3128
f 3129 799 3130
f 3125 3130 799
f 797 3131 3129
f 3134 3129 3131
f 3132 798 3134
f 3133 3134 798
f 3133 3136 799
f 3126 799 3136
f 3135 165 3136
f 2996 3136 165
f 3137 3139 798
f 3135 798 3139
f 3138 763 3139
f 3007 3139 763
f 3140 3142 176
f 3132 176 3142
f 3141 802 3142
f 3137 3142 802
f 3143 3146 800
f 3141 800 3146
f 3144 801 3146
f 3145 3146 801
f 3145 3148 802
f 3138 802 3148
f 3148 3147 3010
f 166 3010 3147
f 801 3149 3147
f 3151 3147 3149
f 3151 3150 3021
f 767 3021 3150
f 177 3152 3144
f 3154 3144 3152
f 3154 3153 3149
f 805 3149 3153
f 3155 3158 803
f 3153 803 3158
f 3156 804 3158
f 3157 3158 804
f 3157 3160 805
f 3150 805 3160
f 3159 167 3160
f 3024 3160 167
f 804 3161 3159
f 3163 3159 3161
f 3163 3162 3035
f 771 3035 3162
f 178 3164 3156
f 3166 3156 3164
f 3166 3165 3161
f 808 3161 3165
f 3167 3170 806
f 3165 806 3170
f 3168 807 3170
f 3169 3170 807
f 3169 3172 808
f 3162 808 3172
f 3171 168 3172
f 3038 3172 168
f 807 3173 3171
f 3175 3171 3173
f 3175 3174 3049
f 775 3049 3174
f 179 3176 3168
f 3178 3168 3176
f 3178 3177 3173
f 811 3173 3177
f 3179 3182 809
f 3177 809 3182
f 3180 810 3182
f 3181 3182 810
f 3181 3184 811
f 3174 811 3184
f 3183 169 3184
f 3052 3184 169
f 810 3185 3183
f 3187 3183 3185
f 3187 3186 3063
f 779 3063 3186
f 180 3188 3180
f 3190 3180 3188
f 3189 814 3190
f 3185 3190 814
f 3191 3194 812
f 3189 812 3194
f 3192 813 3194
f 3193 3194 813
f 3193 3196 814
f 3186 814 3196
f 3195 170 3196
f 3066 3196 170
f 3197 3199 813
f 3195 813 3199
f 3199 3198 3077
f 783 3077 3198
f 3200 3202 181
f 3192 181 3202
f 3201 817 3202
f 3197 3202 817
f 3203 3206 815
f 3201 815 3206
f 3204 816 3206
f 3205 3206 816
f 3205 3208 817
f 3198 817 3208
f 3207 171 3208
f 3080 3208 171
f 3209 818 3212
f 3210 3212 818
f 3092 3212 788
f 3211 788 3212
f 3213 183 3216
f 3214 3216 183
f 3210 3216 821
f 3215 821 3216
f 3215 819 3220
f 3217 3220 819
f 3219 3220 820
f 3218 820 3220
f 3211 821 3222
f 3219 3222 821
f 3095 3222 173
f 3221 173 3222
f 3221 820 3225
f 3223 3225 820
f 3104 3225 791
f 3224 791 3225
f 3218 184 3228
f 3226 3228 184
f 3223 3228 824
f 3227 824 3228
f 3229 3232 822
f 3227 822 3232
f 3232 3230 3231
f 823 3231 3230
f 3231 3234 824
f 3224 824 3234
f 3233 174 3234
f 3107 3234 174
f 823 3235 3233
f 3237 3233 3235
f 3237 3236 3116
f 794 3116 3236
f 185 3238 3230
f 3240 3230 3238
f 3240 3239 3235
f 827 3235 3239
f 825 3241 3239
f 3244 3239 3241
f 3244 3242 3243
f 826 3243 3242
f 827 3243 3236
f 3246 3236 3243
f 3246 3245 3119
f 175 3119 3245
f 826 3247 3245
f 3249 3245 3247
f 3249 3248 3128
f 797 3128 3248
f 186 3250 3242
f 3252 3242 3250
f 3252 3251 3247
f 830 3247 3251
f 828 3253 3251
f 3256 3251 3253
f 3256 3254 3255
f 829 3255 3254
f 830 3255 3248
f 3258 3248 3255
f 3258 3257 3131
f 176 3131 3257
f 829 3259 3257
f 3261 3257 3259
f 3261 3260 3140
f 800 3140 3260
f 187 3262 3254
f 3264 3254 3262
f 3264 3263 3259
f 833 3259 3263
f 831 3265 3263
f 3268 3263 3265
f 3268 3266 3267
f 832 3267 3266
f 833 3267 3260
f 3270 3260 3267
f 3270 3269 3143
f 177 3143 3269
f 832 3271 3269
f 3273 3269 3271
f 3273 3272 3152
f 803 3152 3272
f 188 3274 3266
f 3276 3266 3274
f 3276 3275 3271
f 836 3271 3275
f 834 3277 3275
f 3280 3275 3277
f 3280 3278 3279
f 835 3279 3278
f 836 3279 3272
f 3282 3272 3279
f 3282 3281 3155
f 178 3155 3281
f 835 3283 3281
f 3285 3281 3283
f 3285 3284 3164
f 806 3164 3284
f 189 3286 3278
f 3288 3278 3286
f 3288 3287 3283
f 839 3283 3287
f 837 3289 3287
f 3292 3287 3289
f 3292 3290 3291
f 838 3291 3290
f 839 3291 3284
f 3294 3284 3291
f 3294 3293 3167
f 179 3167 3293
f 838 3295 3293
f 3297 3293 3295
f 3297 3296 3176
f 809 3176 3296
f 190 3298 3290
f 3300 3290 3298
f 3300 3299 3295
f 842 3295 3299
f 840 3301 3299
f 3304 3299 3301
f 3304 3302 3303
f 841 3303 3302
f 842 3303 3296
f 3306 3296 3303
f 3306 3305 3179
f 180 3179 3305
f 841 3307 3305
f 3309 3305 3307
f 3309 3308 3188
f 812 3188 3308
f 191 3310 3302
f 3312 3302 3310
f 3312 3311 3307
f 845 3307 3311
f 843 3313 3311
f 3316 3311 3313
f 3316 3314 3315
f 844 3315 3314
f 845 3315 3308
f 3318 3308 3315
f 3318 3317 3191
f 181 3191 3317
f 844 3319 3317
f 3321 3317 3319
f 3320 815 3321
f 3200 3321 815
f 192 3322 3314
f 3324 3314 3322
f 3324 3323 3319
f 848 3319 3323
f 3325 3328 846
f 3323 846 3328
f 3326 847 3328
f 3327 3328 847
f 3327 3330 848
f 3320 848 3330
f 3330 3329 3203
f 182 3203 3329
f 3331 849 3334
f 3332 3334 849
f 3214 3334 819
f 3333 819 3334
f 194 3336 3335
f 3338 3335 3336
f 3332 3338 852
f 3337 852 3338
f 3337 850 3342
f 3339 3342 850
f 3341 3342 851
f 3340 851 3342
f 3333 852 3344
f 3341 3344 852
f 3217 3344 184
f 3343 184 3344
f 3343 851 3347
f 3345 3347 851
f 3226 3347 822
f 3346 822 3347
f 195 3348 3340
f 3350 3340 3348
f 3350 3349 3345
f 855 3345 3349
f 853 3351 3349
f 3354 3349 3351
f 3354 3352 3353
f 854 3353 3352
f 855 3353 3346
f 3356 3346 3353
f 3356 3355 3229
f 185 3229 3355
f 854 3357 3355
f 3359 3355 3357
f 3359 3358 3238
f 825 3238 3358
f 196 3360 3352
f 3362 3352 3360
f 3362 3361 3357
f 858 3357 3361
f 856 3363 3361
f 3366 3361 3363
f 3366 3364 3365
f 857 3365 3364
f 858 3365 3358
f 3368 3358 3365
f 3368 3367 3241
f 186 3241 3367
f 857 3369 3367
f 3371 3367 3369
f 3371 3370 3250
f 828 3250 3370
f 197 3372 3364
f 3374 3364 3372
f 3374 3373 3369
f 861 3369 3373
f 3375 3378 859
f 3373 859 3378
f 3378 3376 3377
f 860 3377 3376
f 861 3377 3370
f 3380 3370 3377
f 3380 3379 3253
f 187 3253 3379
f 860 3381 3379
f 3383 3379 3381
f 3383 3382 3262
f 831 3262 3382
f 3384 3386 198
f 3376 198 3386
f 3386 3385 3381
f 864 3381 3385
f 3387 3390 862
f 3385 862 3390
f 3390 3388 3389
f 863 3389 3388
f 864 3389 3382
f 3392 3382 3389
f 3392 3391 3265
f 188 3265 3391
f 863 3393 3391
f 3395 3391 3393
f 3395 3394 3274
f 834 3274 3394
f 3396 3398 199
f 3388 199 3398
f 3398 3397 3393
f 867 3393 3397
f 3399 3402 865
f 3397 865 3402
f 3402 3400 3401
f 866 3401 3400
f 867 3401 3394
f 3404 3394 3401
f 3404 3403 3277
f 189 3277 3403
f 866 3405 3403
f 3407 3403 3405
f 3407 3406 3286
f 837 3286 3406
f 200 3408 3400
f 3410 3400 3408
f 3410 3409 3405
f 870 3405 3409
f 3411 3414 868
f 3409 868 3414
f 3414 3412 3413
f 869 3413 3412
f 870 3413 3406
f 3416 3406 3413
f 3416 3415 3289
f 190 3289 3415
f 869 3417 3415
f 3419 3415 3417
f 3419 3418 3298
f 840 3298 3418
f 201 3420 3412
f 3422 3412 3420
f 3422 3421 3417
f 873 3417 3421
f 3423 3426 871
f 3421 871 3426
f 3426 3424 3425
f 872 3425 3424
f 873 3425 3418
f 3428 3418 3425
f 3428 3427 3301
f 191 3301 3427
f 872 3429 3427
f 3431 3427 3429
f 3431 3430 3310
f 843 3310 3430
f 202 3432 3424
f 3434 3424 3432
f 3434 3433 3429
f 876 3429 3433
f 3435 3438 874
f 3433 874 3438
f 3438 3436 3437
f 875 3437 3436
f 876 3437 3430
f 3440 3430 3437
f 3440 3439 3313
f 192 3313 3439
f 875 3441 3439
f 3443 3439 3441
f 3443 3442 3322
f 846 3322 3442
f 3444 3446 203
f 3436 203 3446
f 3446 3445 3441
f 879 3441 3445
f 877 3447 3445
f 3450 3445 3447
f 3449 3450 878
f 3448 878 3450
f 879 3449 3442
f 3452 3442 3449
f 193 3325 3451
f 3452 3451 3325
f 880 3454 3453
f 3456 3453 3454
f 3456 3455 3336
f 850 3336 3455
f 205 3458 3457
f 3460 3457 3458
f 3460 3459 3454
f 883 3454 3459
f 881 3461 3459
f 3464 3459 3461
f 3464 3462 3463
f 882 3463 3462
f 883 3463 3455
f 3466 3455 3463
f 3466 3465 3339
f 195 3339 3465
f 882 3467 3465
f 3469 3465 3467
f 3469 3468 3348
f 853 3348 3468
f 206 3470 3462
f 3472 3462 3470
f 3472 3471 3467
f 886 3467 3471
f 884 3473 3471
f 3476 3471 3473
f 3476 3474 3475
f 885 3475 3474
f 886 3475 3468
f 3478 3468 3475
f 3478 3477 3351
f 196 3351 3477
f 885 3479 3477
f 3481 3477 3479
f 3481 3480 3360
f 856 3360 3480
f 207 3482 3474
f 3484 3474 3482
f 3484 3483 3479
f 889 3479 3483
f 887 3485 3483
f 3488 3483 3485
f 3488 3486 3487
f 888 3487 3486
f 889 3487 3480
f 3490 3480 3487
f 3490 3489 3363
f 197 3363 3489
f 888 3491 3489
f 3493 3489 3491
f 3493 3492 3372
f 859 3372 3492
f 208 3494 3486
f 3496 3486 3494
f 3496 3495 3491
f 892 3491 3495
f 890 3497 3495
f 3500 3495 3497
f 3498 891 3500
f 3499 3500 891
f 3499 3502 892
f 3492 892 3502
f 3501 198 3502
f 3375 3502 198
f 3503 3505 891
f 3501 891 3505
f 3504 862 3505
f 3384 3505 862
f 3506 3508 209
f 3498 209 3508
f 3507 895 3508
f 3503 3508 895
f 3509 3512 893
f 3507 893 3512
f 3510 894 3512
f 3511 3512 894
f 3511 3514 895
f 3504 895 3514
f 3513 199 3514
f 3387 3514 199
f 3515 3517 894
f 3513 894 3517
f 3516 865 3517
f 3396 3517 865
f 3518 3520 210
f 3510 210 3520
f 3519 898 3520
f 3515 3520 898
f 3521 3524 896
f 3519 896 3524
f 3522 897 3524
f 3523 3524 897
f 3523 3526 898
f 3516 898 3526
f 3525 200 3526
f 3399 3526 200
f 897 3527 3525
f 3529 3525 3527
f 3529 3528 3408
f 868 3408 3528
f 211 3530 3522
f 3532 3522 3530
f 3532 3531 3527
f 901 3527 3531
f 3533 3536 899
f 3531 899 3536
f 3534 900 3536
f 3535 3536 900
f 3535 3538 901
f 3528 901 3538
f 3537 201 3538
f 3411 3538 201
f 900 3539 3537
f 3541 3537 3539
f 3541 3540 3420
f 871 3420 3540
f 212 3542 3534
f 3544 3534 3542
f 3544 3543 3539
f 904 3539 3543
f 3545 3548 902
f 3543 902 3548
f 3546 903 3548
f 3547 3548 903
f 3547 3550 904
f 3540 904 3550
f 3549 202 3550
f 3423 3550 202
f 903 3551 3549
f 3553 3549 3551
f 3552 874 3553
f 3432 3553 874
f 213 3554 3546
f 3556 3546 3554
f 3555 907 3556
f 3551 3556 907
f 3557 3560 905
f 3555 905 3560
f 3558 906 3560
f 3559 3560 906
f 3559 3562 907
f 3552 907 3562
f 3561 203 3562
f 3435 3562 203
f 3563 3565 906
f 3561 906 3565
f 3444 3565 877
f 3564 877 3565
f 3566 3568 214
f 3558 214 3568
f 3567 910 3568
f 3563 3568 910
f 3569 3572 908
f 3567 908 3572
f 3570 909 3572
f 3571 3572 909
f 3564 910 3574
f 3571 3574 910
f 3447 3574 204
f 3573 204 3574
f 3575 911 3578
f 3576 3578 911
f 3578 3577 3458
f 881 3458 3577
f 3579 216 3582
f 3580 3582 216
f 3576 3582 914
f 3581 914 3582
f 912 3583 3581
f 3586 3581 3583
f 3586 3584 3585
f 913 3585 3584
f 3577 914 3588
f 3585 3588 914
f 3588 3587 3461
f 206 3461 3587
f 913 3589 3587
f 3591 3587 3589
f 3591 3590 3470
f 884 3470 3590
f 217 3592 3584
f 3594 3584 3592
f 3594 3593 3589
f 917 3589 3593
f 915 3595 3593
f 3598 3593 3595
f 3598 3596 3597
f 916 3597 3596
f 917 3597 3590
f 3600 3590 3597
f 3600 3599 3473
f 207 3473 3599
f 916 3601 3599
f 3603 3599 3601
f 3603 3602 3482
f 887 3482 3602
f 218 3604 3596
f 3606 3596 3604
f 3606 3605 3601
f 920 3601 3605
f 918 3607 3605
f 3610 3605 3607
f 3610 3608 3609
f 919 3609 3608
f 920 3609 3602
f 3612 3602 3609
f 3612 3611 3485
f 208 3485 3611
f 919 3613 3611
f 3615 3611 3613
f 3615 3614 3494
f 890 3494 3614
f 219 3616 3608
f 3618 3608 3616
f 3618 3617 3613
f 923 3613 3617
f 921 3619 3617
f 3622 3617 3619
f 3622 3620 3621
f 922 3621 3620
f 923 3621 3614
f 3624 3614 3621
f 3624 3623 3497
f 209 3497 3623
f 922 3625 3623
f 3627 3623 3625
f 3627 3626 3506
f 893 3506 3626
f 220 3628 3620
f 3630 3620 3628
f 3630 3629 3625
f 926 3625 3629
f 924 3631 3629
f 3634 3629 3631
f 3632 925 3634
f 3633 3634 925
f 3633 3636 926
f 3626 926 3636
f 3635 210 3636
f 3509 3636 210
f 3637 3639 925
f 3635 925 3639
f 3638 896 3639
f 3518 3639 896
f 3640 3642 221
f 3632 221 3642
f 3641 929 3642
f 3637 3642 929
f 3643 3646 927
f 3641 927 3646
f 3644 928 3646
f 3645 3646 928
f 3645 3648 929
f 3638 929 3648
f 3647 211 3648
f 3521 3648 211
f 928 3649 3647
f 3651 3647 3649
f 3651 3650 3530
f 899 3530 3650
f 3652 3654 222
f 3644 222 3654
f 3654 3653 3649
f 932 3649 3653
f 3655 3658 930
f 3653 930 3658
f 3656 931 3658
f 3657 3658 931
f 3657 3660 932
f 3650 932 3660
f 3659 212 3660
f 3533 3660 212
f 931 3661 3659
f 3663 3659 3661
f 3663 3662 3542
f 902 3542 3662
f 223 3664 3656
f 3666 3656 3664
f 3666 3665 3661
f 935 3661 3665
f 3667 3670 933
f 3665 933 3670
f 3668 934 3670
f 3669 3670 934
f 3669 3672 935
f 3662 935 3672
f 3671 213 3672
f 3545 3672 213
f 934 3673 3671
f 3675 3671 3673
f 3674 905 3675
f 3554 3675 905
f 224 3676 3668
f 3678 3668 3676
f 3678 3677 3673
f 938 3673 3677
f 3682 3677 3679
f 936 3679 3677
f 937 3681 3680
f 3682 3680 3681
f 3681 3684 938
f 3674 938 3684
f 3683 214 3684
f 3557 3684 214
f 3685 3687 937
f 3683 937 3687
f 3686 908 3687
f 3566 3687 908
f 3690 3680 3688
f 225 3688 3680
f 941 3685 3689
f 3690 3689 3685
f 3694 3689 3691
f 939 3691 3689
f 940 3693 3692
f 3694 3692 3693
f 3696 3686 3693
f 941 3693 3686
f 215 3569 3695
f 3696 3695 3569
f 942 3698 3697
f 3700 3697 3698
f 3700 3699 3580
f 912 3580 3699
f 227 3702 3701
f 3704 3701 3702
f 3704 3703 3698
f 945 3698 3703
f 943 3705 3703
f 3708 3703 3705
f 3708 3706 3707
f 944 3707 3706
f 945 3707 3699
f 3710 3699 3707
f 3710 3709 3583
f 217 3583 3709
f 944 3711 3709
f 3713 3709 3711
f 3713 3712 3592
f 915 3592 3712
f 228 3714 3706
f 3716 3706 3714
f 3716 3715 3711
f 948 3711 3715
f 946 3717 3715
f 3720 3715 3717
f 3720 3718 3719
f 947 3719 3718
f 948 3719 3712
f 3722 3712 3719
f 3722 3721 3595
f 218 3595 3721
f 3721 947 3725
f 3723 3725 947
f 3604 3725 918
f 3724 918 3725
f 3718 229 3728
f 3726 3728 229
f 3723 3728 951
f 3727 951 3728
f 3727 949 3732
f 3729 3732 949
f 3731 3732 950
f 3730 950 3732
f 3724 951 3734
f 3731 3734 951
f 3607 3734 219
f 3733 219 3734
f 3733 950 3737
f 3735 3737 950
f 3616 3737 921
f 3736 921 3737
f 3730 230 3740
f 3738 3740 230
f 3735 3740 954
f 3739 954 3740
f 3739 952 3744
f 3741 3744 952
f 3743 3744 953
f 3742 953 3744
f 3736 954 3746
f 3743 3746 954
f 3619 3746 220
f 3745 220 3746
f 3745 953 3749
f 3747 3749 953
f 924 3628 3748
f 3749 3748 3628
f 3742 231 3752
f 3750 3752 231
f 3747 3752 957
f 3751 957 3752
f 3756 3751 3753
f 955 3753 3751
f 956 3755 3754
f 3756 3754 3755
f 3758 3748 3755
f 957 3755 3748
f 221 3631 3757
f 3758 3757 3631
f 3761 3757 3759
f 956 3759 3757
f 927 3640 3760
f 3761 3760 3640
f 3764 3754 3762
f 232 3762 3754
f 960 3759 3763
f 3764 3763 3759
f 3768 3763 3765
f 958 3765 3763
f 959 3767 3766
f 3768 3766 3767
f 3770 3760 3767
f 960 3767 3760
f 222 3643 3769
f 3770 3769 3643
f 3769 959 3773
f 3771 3773 959
f 3652 3773 930
f 3772 930 3773
f 3766 233 3776
f 3774 3776 233
f 3771 3776 963
f 3775 963 3776
f 3780 3775 3777
f 961 3777 3775
f 962 3779 3778
f 3780 3778 3779
f 3782 3772 3779
f 963 3779 3772
f 223 3655 3781
f 3782 3781 3655
f 3781 962 3785
f 3783 3785 962
f 3664 3785 933
f 3784 933 3785
f 3778 234 3788
f 3786 3788 234
f 3783 3788 966
f 3787 966 3788
f 3792 3787 3789
f 964 3789 3787
f 965 3791 3790
f 3792 3790 3791
f 3794 3784 3791
f 966 3791 3784
f 224 3667 3793
f 3794 3793 3667
f 3793 965 3797
f 3795 3797 965
f 936 3676 3796
f 3797 3796 3676
f 3790 235 3800
f 3798 3800 235
f 969 3795 3799
f 3800 3799 3795
f 3804 3799 3801
f 967 3801 3799
f 968 3803 3802
f 3804 3802 3803
f 3806 3796 3803
f 969 3803 3796
f 225 3679 3805
f 3806 3805 3679
f 3809 3805 3807
f 968 3807 3805
f 939 3688 3808
f 3809 3808 3688
f 3812 3802 3810
f 236 3810 3802
f 972 3807 3811
f 3812 3811 3807
f 3816 3811 3813
f 970 3813 3811
f 971 3815 3814
f 3816 3814 3815
f 3818 3808 3815
f 972 3815 3808
f 226 3691 3817
f 3818 3817 3691
f 3822 3819 3820
f 973 3820 3819
f 3822 3821 3702
f 943 3702 3821
f 3826 3823 3824
f 238 3824 3823
f 976 3820 3825
f 3826 3825 3820
f 3830 3825 3827
f 974 3827 3825
f 975 3829 3828
f 3830 3828 3829
f 3832 3821 3829
f 976 3829 3821
f 3832 3831 3705
f 228 3705 3831
f 975 3833 3831
f 3835 3831 3833
f 3835 3834 3714
f 946 3714 3834
f 3838 3828 3836
f 239 3836 3828
f 979 3833 3837
f 3838 3837 3833
f 3842 3837 3839
f 977 3839 3837
f 978 3841 3840
f 3842 3840 3841
f 3844 3834 3841
f 979 3841 3834
f 3844 3843 3717
f 229 3717 3843
f 3843 978 3847
f 3845 3847 978
f 3726 3847 949
f 3846 949 3847
f 3840 240 3850
f 3848 3850 240
f 3845 3850 982
f 3849 982 3850
f 3849 980 3854
f 3851 3854 980
f 3853 3854 981
f 3852 981 3854
f 3846 982 3856
f 3853 3856 982
f 3729 3856 230
f 3855 230 3856
f 3855 981 3859
f 3857 3859 981
f 3738 3859 952
f 3858 952 3859
f 3862 3852 3860
f 241 3860 3852
f 985 3857 3861
f 3862 3861 3857
f 3866 3861 3863
f 983 3863 3861
f 984 3865 3864
f 3866 3864 3865
f 3868 3858 3865
f 985 3865 3858
f 3741 3868 231
f 3867 231 3868
f 3871 3867 3869
f 984 3869 3867
f 955 3750 3870
f 3871 3870 3750
f 3874 3864 3872
f 242 3872 3864
f 988 3869 3873
f 3874 3873 3869
f 3878 3873 3875
f 986 3875 3873
f 987 3877 3876
f 3878 3876 3877
f 3880 3870 3877
f 988 3877 3870
f 232 3753 3879
f 3880 3879 3753
f 3883 3879 3881
f 987 3881 3879
f 958 3762 3882
f 3883 3882 3762
f 3876 243 3886
f 3884 3886 243
f 3881 3886 991
f 3885 991 3886
f 3890 3885 3887
f 989 3887 3885
f 990 3889 3888
f 3890 3888 3889
f 3892 3882 3889
f 991 3889 3882
f 233 3765 3891
f 3892 3891 3765
f 3891 990 3895
f 3893 3895 990
f 3774 3895 961
f 3894 961 3895
f 3888 244 3898
f 3896 3898 244
f 3893 3898 994
f 3897 994 3898
f 3902 3897 3899
f 992 3899 3897
f 993 3901 3900
f 3902 3900 3901
f 3904 3894 3901
f 994 3901 3894
f 234 3777 3903
f 3904 3903 3777
f 3903 993 3907
f 3905 3907 993
f 3786 3907 964
f 3906 964 3907
f 3900 245 3910
f 3908 3910 245
f 3905 3910 997
f 3909 997 3910
f 3914 3909 3911
f 995 3911 3909
f 996 3913 3912
f 3914 3912 3913
f 3916 3906 3913
f 997 3913 3906
f 235 3789 3915
f 3916 3915 3789
f 3915 996 3919
f 3917 3919 996
f 967 3798 3918
f 3919 3918 3798
f 3912 246 3922
f 3920 3922 246
f 1000 3917 3921
f 3922 3921 3917
f 3926 3921 3923
f 998 3923 3921
f 999 3925 3924
f 3926 3924 3925
f 3928 3918 3925
f 1000 3925 3918
f 236 3801 3927
f 3928 3927 3801
f 3931 3927 3929
f 999 3929 3927
f 970 3810 3930
f 3931 3930 3810
f 3924 247 3934
f 3932 3934 247
f 1003 3929 3933
f 3934 3933 3929
f 3938 3933 3935
f 1001 3935 3933
f 1002 3937 3936
f 3938 3936 3937
f 3940 3930 3937
f 1003 3937 3930
f 237 3813 3939
f 3940 3939 3813
f 3941 1004 3944
f 3942 3944 1004
f 974 3824 3943
f 3944 3943 3824
f 3945 249 3948
f 3946 3948 249
f 3942 3948 1007
f 3947 1007 3948
f 3947 1005 3952
f 3949 3952 1005
f 3951 3952 1006
f 3950 1006 3952
f 3943 1007 3954
f 3951 3954 1007
f 239 3827 3953
f 3954 3953 3827
f 3953 1006 3957
f 3955 3957 1006
f 977 3836 3956
f 3957 3956 3836
f 3950 250 3960
f 3958 3960 250
f 3955 3960 1010
f 3959 1010 3960
f 3959 1008 3964
f 3961 3964 1008
f 3963 3964 1009
f 3962 1009 3964
f 3956 1010 3966
f 3963 3966 1010
f 240 3839 3965
f 3966 3965 3839
f 3965 1009 3969
f 3967 3969 1009
f 3848 3969 980
f 3968 980 3969
f 3962 251 3972
f 3970 3972 251
f 3967 3972 1013
f 3971 1013 3972
f 3971 1011 3976
f 3973 3976 1011
f 3975 3976 1012
f 3974 1012 3976
f 3968 1013 3978
f 3975 3978 1013
f 3851 3978 241
f 3977 241 3978
f 3977 1012 3981
f 3979 3981 1012
f 983 3860 3980
f 3981 3980 3860
f 3974 252 3984
f 3982 3984 252
f 3979 3984 1016
f 3983 1016 3984
f 3983 1014 3988
f 3985 3988 1014
f 3987 3988 1015
f 3986 1015 3988
f 3980 1016 3990
f 3987 3990 1016
f 242 3863 3989
f 3990 3989 3863
f 3989 1015 3993
f 3991 3993 1015
f 986 3872 3992
f 3993 3992 3872
f 3986 253 3996
f 3994 3996 253
f 3991 3996 1019
f 3995 1019 3996
f 3995 1017 4000
f 3997 4000 1017
f 3999 4000 1018
f 3998 1018 4000
f 3992 1019 4002
f 3999 4002 1019
f 243 3875 4001
f 4002 4001 3875
f 4001 1018 4005
f 4003 4005 1018
f 3884 4005 989
f 4004 989 4005
f 3998 254 4008
f 4006 4008 254
f 4003 4008 1022
f 4007 1022 4008
f 4007 1020 4012
f 4009 4012 1020
f 4011 4012 1021
f 4010 1021 4012
f 4004 1022 4014
f 4011 4014 1022
f 244 3887 4013
f 4014 4013 3887
f 4013 1021 4017
f 4015 4017 1021
f 3896 4017 992
f 4016 992 4017
f 4010 255 4020
f 4018 4020 255
f 4015 4020 1025
f 4019 1025 4020
f 4019 1023 4024
f 4021 4024 1023
f 4023 4024 1024
f 4022 1024 4024
f 4016 1025 4026
f 4023 4026 1025
f 245 3899 4025
f 4026 4025 3899
f 4025 1024 4029
f 4027 4029 1024
f 3908 4029 995
f 4028 995 4029
f 4022 256 4032
f 4030 4032 256
f 4027 4032 1028
f 4031 1028 4032
f 4031 1026 4036
f 4033 4036 1026
f 4035 4036 1027
f 4034 1027 4036
f 4028 1028 4038
f 4035 4038 1028
f 246 3911 4037
f 4038 4037 3911
f 4037 1027 4041
f 4039 4041 1027
f 3920 4041 998
f 4040 998 4041
f 4034 257 4044
f 4042 4044 257
f 4039 4044 1031
f 4043 1031 4044
f 4043 1029 4048
f 4045 4048 1029
f 4047 4048 1030
f 4046 1030 4048
f 4040 1031 4050
f 4047 4050 1031
f 247 3923 4049
f 4050 4049 3923
f 4049 1030 4053
f 4051 4053 1030
f 3932 4053 1001
f 4052 1001 4053
f 4046 258 4056
f 4054 4056 258
f 4051 4056 1034
f 4055 1034 4056
f 4055 1032 4060
f 4057 4060 1032
f 4059 4060 1033
f 4058 1033 4060
f 4052 1034 4062
f 4059 4062 1034
f 248 3935 4061
f 4062 4061 3935
f 4063 1035 4066
f 4064 4066 1035
f 3946 4066 1005
f 4065 1005 4066
f 4067 260 4070
f 4068 4070 260
f 4064 4070 1038
f 4069 1038 4070
f 4069 1036 4074
f 4071 4074 1036
f 4073 4074 1037
f 4072 1037 4074
f 4065 1038 4076
f 4073 4076 1038
f 3949 4076 250
f 4075 250 4076
f 4075 1037 4079
f 4077 4079 1037
f 3958 4079 1008
f 4078 1008 4079
f 4072 261 4082
f 4080 4082 261
f 4077 4082 1041
f 4081 1041 4082
f 4081 1039 4086
f 4083 4086 1039
f 4085 4086 1040
f 4084 1040 4086
f 4078 1041 4088
f 4085 4088 1041
f 3961 4088 251
f 4087 251 4088
f 4087 1040 4091
f 4089 4091 1040
f 3970 4091 1011
f 4090 1011 4091
f 4084 262 4094
f 4092 4094 262
f 4089 4094 1044
f 4093 1044 4094
f 4093 1042 4098
f 4095 4098 1042
f 4097 4098 1043
f 4096 1043 4098
f 4090 1044 4100
f 4097 4100 1044
f 3973 4100 252
f 4099 252 4100
f 4099 1043 4103
f 4101 4103 1043
f 3982 4103 1014
f 4102 1014 4103
f 4096 263 4106
f 4104 4106 263
f 4101 4106 1047
f 4105 1047 4106
f 4105 1045 4110
f 4107 4110 1045
f 4109 4110 1046
f 4108 1046 4110
f 4102 1047 4112
f 4109 4112 1047
f 3985 4112 253
f 4111 253 4112
f 4111 1046 4115
f 4113 4115 1046
f 3994 4115 1017
f 4114 1017 4115
f 4108 264 4118
f 4116 4118 264
f 4113 4118 1050
f 4117 1050 4118
f 4117 1048 4122
f 4119 4122 1048
f 4121 4122 1049
f 4120 1049 4122
f 4114 1050 4124
f 4121 4124 1050
f 3997 4124 254
f 4123 254 4124
f 4123 1049 4127
f 4125 4127 1049
f 4006 4127 1020
f 4126 1020 4127
f 4120 265 4130
f 4128 4130 265
f 4125 4130 1053
f 4129 1053 4130
f 4129 1051 4134
f 4131 4134 1051
f 4133 4134 1052
f 4132 1052 4134
f 4126 1053 4136
f 4133 4136 1053
f 4009 4136 255
f 4135 255 4136
f 4135 1052 4139
f 4137 4139 1052
f 4018 4139 1023
f 4138 1023 4139
f 4132 266 4142
f 4140 4142 266
f 4137 4142 1056
f 4141 1056 4142
f 4141 1054 4146
f 4143 4146 1054
f 4145 4146 1055
f 4144 1055 4146
f 4138 1056 4148
f 4145 4148 1056
f 4021 4148 256
f 4147 256 4148
f 4147 1055 4151
f 4149 4151 1055
f 4030 4151 1026
f 4150 1026 4151
f 4144 267 4154
f 4152 4154 267
f 4149 4154 1059
f 4153 1059 4154
f 4153 1057 4158
f 4155 4158 1057
f 4157 4158 1058
f 4156 1058 4158
f 4150 1059 4160
f 4157 4160 1059
f 4033 4160 257
f 4159 257 4160
f 4159 1058 4163
f 4161 4163 1058
f 4042 4163 1029
f 4162 1029 4163
f 4156 268 4166
f 4164 4166 268
f 4161 4166 1062
f 4165 1062 4166
f 4165 1060 4170
f 4167 4170 1060
f 4169 4170 1061
f 4168 1061 4170
f 4162 1062 4172
f 4169 4172 1062
f 4045 4172 258
f 4171 258 4172
f 4171 1061 4175
f 4173 4175 1061
f 4054 4175 1032
f 4174 1032 4175
f 4168 269 4178
f 4176 4178 269
f 4173 4178 1065
f 4177 1065 4178
f 4177 1063 4182
f 4179 4182 1063
f 4181 4182 1064
f 4180 1064 4182
f 4174 1065 4184
f 4181 4184 1065
f 4057 4184 259
f 4183 259 4184
f 4188 4185 4186
f 1066 4186 4185
f 1036 4068 4187
f 4188 4187 4068
f 4192 4189 4190
f 271 4190 4189
f 1069 4186 4191
f 4192 4191 4186
f 4196 4191 4193
f 1067 4193 4191
f 1068 4195 4194
f 4196 4194 4195
f 4198 4187 4195
f 1069 4195 4187
f 261 4071 4197
f 4198 4197 4071
f 4201 4197 4199
f 1068 4199 4197
f 4080 4201 1039
f 4200 1039 4201
f 4204 4194 4202
f 272 4202 4194
f 1072 4199 4203
f 4204 4203 4199
f 4208 4203 4205
f 1070 4205 4203
f 1071 4207 4206
f 4208 4206 4207
f 4210 4200 4207
f 1072 4207 4200
f 262 4083 4209
f 4210 4209 4083
f 4213 4209 4211
f 1071 4211 4209
f 4092 4213 1042
f 4212 1042 4213
f 4216 4206 4214
f 273 4214 4206
f 1075 4211 4215
f 4216 4215 4211
f 4220 4215 4217
f 1073 4217 4215
f 1074 4219 4218
f 4220 4218 4219
f 4222 4212 4219
f 1075 4219 4212
f 263 4095 4221
f 4222 4221 4095
f 4221 1074 4225
f 4223 4225 1074
f 4104 4225 1045
f 4224 1045 4225
f 4228 4218 4226
f 274 4226 4218
f 4223 4228 1078
f 4227 1078 4228
f 4232 4227 4229
f 1076 4229 4227
f 1077 4231 4230
f 4232 4230 4231
f 4234 4224 4231
f 1078 4231 4224
f 264 4107 4233
f 4234 4233 4107
f 4233 1077 4237
f 4235 4237 1077
f 4116 4237 1048
f 4236 1048 4237
f 4230 275 4240
f 4238 4240 275
f 4235 4240 1081
f 4239 1081 4240
f 4244 4239 4241
f 1079 4241 4239
f 1080 4243 4242
f 4244 4242 4243
f 4246 4236 4243
f 1081 4243 4236
f 265 4119 4245
f 4246 4245 4119
f 4245 1080 4249
f 4247 4249 1080
f 4128 4249 1051
f 4248 1051 4249
f 4242 276 4252
f 4250 4252 276
f 4247 4252 1084
f 4251 1084 4252
f 4256 4251 4253
f 1082 4253 4251
f 1083 4255 4254
f 4256 4254 4255
f 4258 4248 4255
f 1084 4255 4248
f 266 4131 4257
f 4258 4257 4131
f 4257 1083 4261
f 4259 4261 1083
f 4140 4261 1054
f 4260 1054 4261
f 4254 277 4264
f 4262 4264 277
f 4259 4264 1087
f 4263 1087 4264
f 4268 4263 4265
f 1085 4265 4263
f 1086 4267 4266
f 4268 4266 4267
f 4270 4260 4267
f 1087 4267 4260
f 267 4143 4269
f 4270 4269 4143
f 4269 1086 4273
f 4271 4273 1086
f 4152 4273 1057
f 4272 1057 4273
f 4266 278 4276
f 4274 4276 278
f 4271 4276 1090
f 4275 1090 4276
f 4280 4275 4277
f 1088 4277 4275
f 1089 4279 4278
f 4280 4278 4279
f 4282 4272 4279
f 1090 4279 4272
f 268 4155 4281
f 4282 4281 4155
f 4281 1089 4285
f 4283 4285 1089
f 4164 4285 1060
f 4284 1060 4285
f 4278 279 4288
f 4286 4288 279
f 4283 4288 1093
f 4287 1093 4288
f 4292 4287 4289
f 1091 4289 4287
f 1092 4291 4290
f 4292 4290 4291
f 4294 4284 4291
f 1093 4291 4284
f 269 4167 4293
f 4294 4293 4167
f 4293 1092 4297
f 4295 4297 1092
f 4176 4297 1063
f 4296 1063 4297
f 4290 280 4300
f 4298 4300 280
f 4295 4300 1096
f 4299 1096 4300
f 4304 4299 4301
f 1094 4301 4299
f 1095 4303 4302
f 4304 4302 4303
f 4306 4296 4303
f 1096 4303 4296
f 270 4179 4305
f 4306 4305 4179
f 4310 4307 4308
f 1097 4308 4307
f 1067 4190 4309
f 4310 4309 4190
f 4311 150 4313
f 2948 4313 150
f 4308 4313 1099
f 4312 1099 4313
f 4312 749 4316
f 2959 4316 749
f 4315 4316 1098
f 4314 1098 4316
f 4318 4309 4315
f 1099 4315 4309
f 272 4193 4317
f 4318 4317 4193
f 4321 4317 4319
f 1098 4319 4317
f 1070 4202 4320
f 4321 4320 4202
f 4314 151 4323
f 2963 4323 151
f 1101 4319 4322
f 4323 4322 4319
f 4322 753 4326
f 2973 4326 753
f 1100 4325 4324
f 4326 4324 4325
f 4328 4320 4325
f 1101 4325 4320
f 273 4205 4327
f 4328 4327 4205
f 4331 4327 4329
f 1100 4329 4327
f 1073 4214 4330
f 4331 4330 4214
f 4324 152 4333
f 2977 4333 152
f 1103 4329 4332
f 4333 4332 4329
f 4332 757 4336
f 2987 4336 757
f 1102 4335 4334
f 4336 4334 4335
f 4338 4330 4335
f 1103 4335 4330
f 274 4217 4337
f 4338 4337 4217
f 4341 4337 4339
f 1102 4339 4337
f 1076 4226 4340
f 4341 4340 4226
f 4343 4334 2991
f 153 2991 4334
f 1105 4339 4342
f 4343 4342 4339
f 4346 4342 3001
f 761 3001 4342
f 1104 4345 4344
f 4346 4344 4345
f 4348 4340 4345
f 1105 4345 4340
f 275 4229 4347
f 4348 4347 4229
f 4351 4347 4349
f 1104 4349 4347
f 4238 4351 1079
f 4350 1079 4351
f 4353 4344 3005
f 154 3005 4344
f 1107 4349 4352
f 4353 4352 4349
f 4356 4352 3015
f 765 3015 4352
f 1106 4355 4354
f 4356 4354 4355
f 4358 4350 4355
f 1107 4355 4350
f 276 4241 4357
f 4358 4357 4241
f 4357 1106 4361
f 4359 4361 1106
f 4250 4361 1082
f 4360 1082 4361
f 4354 155 4363
f 3019 4363 155
f 4359 4363 1109
f 4362 1109 4363
f 4366 4362 3029
f 769 3029 4362
f 1108 4365 4364
f 4366 4364 4365
f 4368 4360 4365
f 1109 4365 4360
f 277 4253 4367
f 4368 4367 4253
f 4367 1108 4371
f 4369 4371 1108
f 4262 4371 1085
f 4370 1085 4371
f 4364 156 4373
f 3033 4373 156
f 4369 4373 1111
f 4372 1111 4373
f 4376 4372 3043
f 773 3043 4372
f 1110 4375 4374
f 4376 4374 4375
f 4378 4370 4375
f 1111 4375 4370
f 278 4265 4377
f 4378 4377 4265
f 4377 1110 4381
f 4379 4381 1110
f 4274 4381 1088
f 4380 1088 4381
f 4374 157 4383
f 3047 4383 157
f 4379 4383 1113
f 4382 1113 4383
f 4386 4382 3057
f 777 3057 4382
f 1112 4385 4384
f 4386 4384 4385
f 4388 4380 4385
f 1113 4385 4380
f 279 4277 4387
f 4388 4387 4277
f 4387 1112 4391
f 4389 4391 1112
f 4286 4391 1091
f 4390 1091 4391
f 4384 158 4393
f 3061 4393 158
f 4389 4393 1115
f 4392 1115 4393
f 4396 4392 3071
f 781 3071 4392
f 1114 4395 4394
f 4396 4394 4395
f 4398 4390 4395
f 1115 4395 4390
f 280 4289 4397
f 4398 4397 4289
f 4397 1114 4401
f 4399 4401 1114
f 4298 4401 1094
f 4400 1094 4401
f 4394 159 4403
f 3075 4403 159
f 4399 4403 1117
f 4402 1117 4403
f 4406 4402 3085
f 785 3085 4402
f 1116 4405 4404
f 4406 4404 4405
f 4408 4400 4405
f 1117 4405 4400
f 281 4301 4407
f 4408 4407 4301
f 4409 1118 4412
f 4410 4412 1118
f 4412 4411 3331
f 849 3331 4411
f 4414 4416 282
f 4413 282 4416
f 4410 4416 1121
f 4415 1121 4416
f 4417 4420 1119
f 4415 1119 4420
f 4418 1120 4420
f 4419 4420 1120
f 4419 4422 1121
f 4411 1121 4422
f 4421 194 4422
f 3335 4422 194
f 4423 4425 1120
f 4421 1120 4425
f 3453 4425 880
f 4424 880 4425
f 4426 4428 283
f 4418 283 4428
f 4427 1124 4428
f 4423 4428 1124
f 4429 4432 1122
f 4427 1122 4432
f 4431 4432 1123
f 4430 1123 4432
f 4424 1124 4434
f 4431 4434 1124
f 3457 4434 205
f 4433 205 4434
f 4436 4438 1125
f 4435 1125 4438
f 4437 1119 4438
f 4414 4438 1119
f 4440 4442 285
f 4439 285 4442
f 4441 1128 4442
f 4436 4442 1128
f 4443 4446 1126
f 4441 1126 4446
f 4444 1127 4446
f 4445 4446 1127
f 4445 4448 1128
f 4437 1128 4448
f 4447 283 4448
f 4417 4448 283
f 4449 4451 1127
f 4447 1127 4451
f 4450 1122 4451
f 4426 4451 1122
f 286 4452 4444
f 4454 4444 4452
f 4454 4453 4449
f 1131 4449 4453
f 1129 4455 4453
f 4458 4453 4455
f 4456 1130 4458
f 4457 4458 1130
f 4457 4460 1131
f 4450 1131 4460
f 4429 4460 284
f 4459 284 4460
f 4461 1132 4464
f 4462 4464 1132
f 4440 4464 1126
f 4463 1126 4464
f 4465 288 4468
f 4466 4468 288
f 4462 4468 1135
f 4467 1135 4468
f 4467 1133 4472
f 4469 4472 1133
f 4472 4470 4471
f 1134 4471 4470
f 4463 1135 4474
f 4471 4474 1135
f 4474 4473 4443
f 286 4443 4473
f 1134 4475 4473
f 4477 4473 4475
f 4477 4476 4452
f 1129 4452 4476
f 289 4478 4470
f 4480 4470 4478
f 4480 4479 4475
f 1138 4475 4479
f 1136 4481 4479
f 4484 4479 4481
f 4484 4482 4483
f 1137 4483 4482
f 1138 4483 4476
f 4486 4476 4483
f 4486 4485 4455
f 287 4455 4485
f 4487 1139 4490
f 4488 4490 1139
f 4482 4490 1137
f 4489 1137 4490
f 4491 292 4494
f 4492 4494 292
f 4488 4494 1142
f 4493 1142 4494
f 4493 1140 4498
f 4495 4498 1140
f 4497 4498 1141
f 4496 1141 4498
f 4489 1142 4500
f 4497 4500 1142
f 4485 4500 287
f 4499 287 4500
f 4501 1143 4504
f 4502 4504 1143
f 3570 4504 909
f 4503 909 4504
f 4508 4505 4506
f 295 4506 4505
f 4502 4508 1146
f 4507 1146 4508
f 4507 1144 4512
f 4509 4512 1144
f 1145 4511 4510
f 4512 4510 4511
f 4503 1146 4514
f 4511 4514 1146
f 3573 4514 204
f 4513 204 4514
f 1145 4515 4513
f 4517 4513 4515
f 4517 4516 3448
f 878 3448 4516
f 4520 4510 4518
f 294 4518 4510
f 4520 4519 4515
f 1149 4515 4519
f 1147 4521 4519
f 4524 4519 4521
f 4524 4522 4523
f 1148 4523 4522
f 1149 4523 4516
f 4526 4516 4523
f 193 3451 4525
f 4526 4525 3451
f 4530 4527 4528
f 1150 4528 4527
f 4506 4530 1144
f 4529 1144 4530
f 4531 298 4534
f 4532 4534 298
f 4528 4534 1153
f 4533 1153 4534
f 4533 1151 4538
f 4535 4538 1151
f 4537 4538 1152
f 4536 1152 4538
f 4529 1153 4540
f 4537 4540 1153
f 294 4509 4539
f 4540 4539 4509
f 4543 4539 4541
f 1152 4541 4539
f 1147 4518 4542
f 4543 4542 4518
f 4546 4536 4544
f 297 4544 4536
f 1156 4541 4545
f 4546 4545 4541
f 4550 4545 4547
f 1154 4547 4545
f 1155 4549 4548
f 4550 4548 4549
f 4552 4542 4549
f 1156 4549 4542
f 293 4521 4551
f 4552 4551 4521
f 4554 4557 1157
f 4553 1157 4557
f 4555 1159 4557
f 4556 4557 1159
f 1340 4560 1
f 4558 1 4560
f 4559 1160 4560
f 4554 4560 1160
f 1351 4563 338
f 4559 338 4563
f 4561 1158 4563
f 4562 4563 1158
f 4562 4566 1160
f 4555 1160 4566
f 4564 316 4566
f 4565 4566 316
f 4570 4567 4568
f 1161 4568 4567
f 373 1470 4569
f 4570 4569 1470
f 4572 4574 328
f 4571 328 4574
f 4573 1164 4574
f 4568 4574 1164
f 4575 4578 1162
f 4573 1162 4578
f 4576 1163 4578
f 4577 4578 1163
f 4580 4569 4577
f 1164 4577 4569
f 22 1473 4579
f 4580 4579 1473
f 4581 4584 1158
f 4564 1158 4584
f 4582 1166 4584
f 4583 4584 1166
f 4561 12 4586
f 1481 4586 12
f 4581 4586 1167
f 4585 1167 4586
f 4585 378 4589
f 1491 4589 378
f 4588 4589 1165
f 4587 1165 4589
f 4582 1167 4592
f 4588 4592 1167
f 4590 317 4592
f 4591 4592 317
f 4595 4579 4593
f 1163 4593 4579
f 404 1592 4594
f 4595 4594 1592
f 4596 4598 318
f 4576 318 4598
f 1170 4593 4597
f 4598 4597 4593
f 4602 4597 4599
f 1168 4599 4597
f 1169 4601 4600
f 4602 4600 4601
f 4604 4594 4601
f 1170 4601 4594
f 33 1595 4603
f 4604 4603 1595
f 4605 4608 1165
f 4590 1165 4608
f 4606 1172 4608
f 4607 4608 1172
f 4587 23 4610
f 1603 4610 23
f 4609 1173 4610
f 4605 4610 1173
f 4609 409 4613
f 1613 4613 409
f 4611 1171 4613
f 4612 4613 1171
f 4612 4616 1173
f 4606 1173 4616
f 4614 305 4616
f 4615 4616 305
f 4619 4603 4617
f 1169 4617 4603
f 435 1714 4618
f 4619 4618 1714
f 4620 4622 319
f 4600 319 4622
f 1176 4617 4621
f 4622 4621 4617
f 4626 4621 4623
f 1174 4623 4621
f 4625 4626 1175
f 4624 1175 4626
f 4628 4618 4625
f 1176 4625 4618
f 44 1717 4627
f 4628 4627 1717
f 4630 4633 1177
f 4629 1177 4633
f 4631 1179 4633
f 4632 4633 1179
f 56 1969 4634
f 4636 4634 1969
f 4635 1180 4636
f 4630 4636 1180
f 4635 502 4639
f 1979 4639 502
f 4638 4639 1178
f 4637 1178 4639
f 4631 1180 4642
f 4638 4642 1180
f 4641 4642 321
f 4640 321 4642
f 1181 4644 4643
f 4646 4643 4644
f 4646 4645 2080
f 528 2080 4645
f 4648 4650 320
f 4647 320 4650
f 1184 4644 4649
f 4650 4649 4644
f 4654 4649 4651
f 1182 4651 4649
f 1183 4653 4652
f 4654 4652 4653
f 4656 4645 4653
f 1184 4653 4645
f 77 2083 4655
f 4656 4655 2083
f 1178 4657 4640
f 4660 4640 4657
f 4660 4658 4659
f 1186 4659 4658
f 67 2091 4637
f 4662 4637 2091
f 4662 4661 4657
f 1187 4657 4661
f 533 2101 4661
f 4665 4661 2101
f 4665 4663 4664
f 1185 4664 4663
f 1187 4664 4658
f 4668 4658 4664
f 4668 4666 4667
f 322 4667 4666
f 1183 4669 4655
f 4671 4655 4669
f 4671 4670 2202
f 559 2202 4670
f 4674 4652 4672
f 330 4672 4652
f 4674 4673 4669
f 1190 4669 4673
f 1188 4675 4673
f 4678 4673 4675
f 4678 4676 4677
f 1189 4677 4676
f 1190 4677 4670
f 4680 4670 4677
f 4680 4679 2205
f 88 2205 4679
f 1185 4681 4666
f 4684 4666 4681
f 4684 4682 4683
f 1192 4683 4682
f 78 2213 4663
f 4686 4663 2213
f 4686 4685 4681
f 1193 4681 4685
f 564 2223 4685
f 4689 4685 2223
f 4688 4689 1191
f 4687 1191 4689
f 1193 4688 4682
f 4692 4682 4688
f 4692 4690 4691
f 324 4691 4690
f 1189 4693 4679
f 4695 4679 4693
f 4695 4694 2324
f 590 2324 4694
f 331 4696 4676
f 4698 4676 4696
f 4698 4697 4693
f 1196 4693 4697
f 1194 4699 4697
f 4702 4697 4699
f 4702 4700 4701
f 1195 4701 4700
f 1196 4701 4694
f 4704 4694 4701
f 2327 4704 99
f 4703 99 4704
f 4690 1191 4708
f 4705 4708 1191
f 4707 4708 1198
f 4706 1198 4708
f 4687 89 4710
f 2335 4710 89
f 4705 4710 1199
f 4709 1199 4710
f 4709 595 4713
f 2345 4713 595
f 4712 4713 1197
f 4711 1197 4713
f 4706 1199 4716
f 4712 4716 1199
f 4715 4716 325
f 4714 325 4716
f 4703 1195 4719
f 4717 4719 1195
f 2446 4719 621
f 4718 621 4719
f 332 4720 4700
f 4722 4700 4720
f 4717 4722 1202
f 4721 1202 4722
f 4721 1200 4726
f 4723 4726 1200
f 4725 4726 1201
f 4724 1201 4726
f 4718 1202 4728
f 4725 4728 1202
f 2449 4728 110
f 4727 110 4728
f 4714 1197 4732
f 4729 4732 1197
f 4731 4732 1204
f 4730 1204 4732
f 4711 100 4734
f 2457 4734 100
f 4729 4734 1205
f 4733 1205 4734
f 4733 626 4737
f 2467 4737 626
f 4736 4737 1203
f 4735 1203 4737
f 4730 1205 4740
f 4736 4740 1205
f 4739 4740 326
f 4738 326 4740
f 4727 1201 4743
f 4741 4743 1201
f 2568 4743 652
f 4742 652 4743
f 4724 333 4746
f 4744 4746 333
f 4741 4746 1208
f 4745 1208 4746
f 4745 1206 4750
f 4747 4750 1206
f 4749 4750 1207
f 4748 1207 4750
f 4742 1208 4752
f 4749 4752 1208
f 2571 4752 121
f 4751 121 4752
f 1203 4753 4738
f 4756 4738 4753
f 4755 4756 1210
f 4754 1210 4756
f 111 2579 4735
f 4758 4735 2579
f 4758 4757 4753
f 1211 4753 4757
f 657 2589 4757
f 4761 4757 2589
f 4761 4759 4760
f 1209 4760 4759
f 1211 4760 4754
f 4764 4754 4760
f 4764 4762 4763
f 327 4763 4762
f 4751 1207 4767
f 4765 4767 1207
f 2690 4767 683
f 4766 683 4767
f 334 4768 4748
f 4770 4748 4768
f 4770 4769 4765
f 1214 4765 4769
f 1212 4771 4769
f 4774 4769 4771
f 4774 4772 4773
f 1213 4773 4772
f 4766 1214 4776
f 4773 4776 1214
f 2693 4776 132
f 4775 132 4776
f 1209 4777 4762
f 4780 4762 4777
f 4780 4778 4779
f 1215 4779 4778
f 122 2701 4759
f 4782 4759 2701
f 4782 4781 4777
f 1216 4777 4781
f 4781 687 4784
f 2709 4784 687
f 4783 4784 1157
f 4558 1157 4784
f 4778 1216 4786
f 4783 4786 1216
f 4785 4786 323
f 4553 323 4786
f 4775 1213 4789
f 4787 4789 1213
f 2794 4789 705
f 4788 705 4789
f 329 4790 4772
f 4792 4772 4790
f 4792 4791 4787
f 1218 4787 4791
f 1217 4793 4791
f 4795 4791 4793
f 4795 4571 4794
f 1161 4794 4571
f 4788 1218 4796
f 4794 4796 1218
f 2797 4796 11
f 4567 11 4796
f 4797 4800 1171
f 4614 1171 4800
f 4799 4800 1220
f 4798 1220 4800
f 34 2803 4611
f 4802 4611 2803
f 4802 4801 4797
f 1221 4797 4801
f 2813 4805 709
f 4801 709 4805
f 4803 1219 4805
f 4804 4805 1219
f 4798 1221 4808
f 4804 4808 1221
f 4807 4808 306
f 4806 306 4808
f 4634 1177 4811
f 4809 4811 1177
f 2818 4811 711
f 4810 711 4811
f 4629 314 4814
f 4812 4814 314
f 4809 4814 1224
f 4813 1224 4814
f 4813 1222 4818
f 4815 4818 1222
f 4817 4818 1223
f 4816 1223 4818
f 4810 1224 4820
f 4817 4820 1224
f 2821 4820 135
f 4819 135 4820
f 4819 1223 4823
f 4821 4823 1223
f 2844 4823 718
f 4822 718 4823
f 4816 302 4826
f 4824 4826 302
f 1227 4821 4825
f 4826 4825 4821
f 4830 4825 4827
f 1225 4827 4825
f 1226 4829 4828
f 4830 4828 4829
f 4832 4822 4829
f 1227 4829 4822
f 2847 4832 138
f 4831 138 4832
f 4833 4836 1219
f 4806 1219 4836
f 4834 1229 4836
f 4835 4836 1229
f 2829 4838 133
f 4803 133 4838
f 4837 1230 4838
f 4833 4838 1230
f 2839 4841 716
f 4837 716 4841
f 4840 4841 1228
f 4839 1228 4841
f 4840 4844 1230
f 4834 1230 4844
f 307 4843 4842
f 4844 4842 4843
f 1228 4845 4842
f 4848 4842 4845
f 4848 4846 4847
f 1232 4847 4846
f 4839 136 4850
f 2855 4850 136
f 4845 4850 1233
f 4849 1233 4850
f 4849 723 4853
f 2865 4853 723
f 1231 4852 4851
f 4853 4851 4852
f 4856 4846 4852
f 1233 4852 4846
f 301 4855 4854
f 4856 4854 4855
f 4860 4854 4857
f 1231 4857 4854
f 1235 4859 4858
f 4860 4858 4859
f 2864 4862 139
f 4851 139 4862
f 1236 4857 4861
f 4862 4861 4857
f 4865 4861 2861
f 722 2861 4861
f 1234 4864 4863
f 4865 4863 4864
f 4868 4858 4864
f 1236 4864 4858
f 299 4867 4866
f 4868 4866 4867
f 1234 4869 4866
f 4872 4866 4869
f 4872 4870 4871
f 1238 4871 4870
f 4863 140 4874
f 2877 4874 140
f 4869 4874 1239
f 4873 1239 4874
f 4873 726 4877
f 2874 4877 726
f 4876 4877 1237
f 4875 1237 4877
f 4870 1239 4880
f 4876 4880 1239
f 4879 4880 300
f 4878 300 4880
f 4831 1226 4883
f 4881 4883 1226
f 2883 4883 728
f 4882 728 4883
f 4886 4828 4884
f 315 4884 4828
f 4881 4886 1242
f 4885 1242 4886
f 1240 4887 4885
f 4890 4885 4887
f 4889 4890 1241
f 4888 1241 4890
f 4882 1242 4892
f 4889 4892 1242
f 2886 4892 142
f 4891 142 4892
f 4878 1237 4896
f 4893 4896 1237
f 1244 4895 4894
f 4896 4894 4895
f 4875 141 4898
f 2881 4898 141
f 4893 4898 1245
f 4897 1245 4898
f 4897 730 4901
f 2891 4901 730
f 1243 4900 4899
f 4901 4899 4900
f 4904 4894 4900
f 1245 4900 4894
f 4902 304 4904
f 4903 4904 304
f 1241 4905 4891
f 4907 4891 4905
f 4907 4906 2887
f 729 2887 4906
f 303 4908 4888
f 4910 4888 4908
f 4910 4909 4905
f 1247 4905 4909
f 4909 1246 4913
f 4911 4913 1246
f 4912 4913 1243
f 4902 1243 4913
f 4906 1247 4914
f 4912 4914 1247
f 2890 4914 143
f 4899 143 4914
f 1181 4915 4647
f 4918 4647 4915
f 4918 4916 4917
f 1249 4917 4916
f 66 2895 4643
f 4920 4643 2895
f 4920 4919 4915
f 1250 4915 4919
f 734 2905 4919
f 4923 4919 2905
f 4923 4921 4922
f 1248 4922 4921
f 1250 4922 4916
f 4926 4916 4922
f 4926 4924 4925
f 311 4925 4924
f 4627 1175 4929
f 4927 4929 1175
f 2910 4929 736
f 4928 736 4929
f 4624 308 4932
f 4930 4932 308
f 4927 4932 1253
f 4931 1253 4932
f 4931 1251 4936
f 4933 4936 1251
f 4935 4936 1252
f 4934 1252 4936
f 4928 1253 4938
f 4935 4938 1253
f 4938 4937 2913
f 144 2913 4937
f 1248 4939 4924
f 4942 4924 4939
f 4942 4940 4941
f 1255 4941 4940
f 146 2921 4921
f 4944 4921 2921
f 4944 4943 4939
f 1256 4939 4943
f 741 2931 4943
f 4947 4943 2931
f 4947 4945 4946
f 1254 4946 4945
f 1256 4946 4940
f 4950 4940 4946
f 4950 4948 4949
f 313 4949 4948
f 4937 1252 4953
f 4951 4953 1252
f 4953 4952 2936
f 743 2936 4952
f 4934 310 4956
f 4954 4956 310
f 4951 4956 1259
f 4955 1259 4956
f 4955 1257 4960
f 4957 4960 1257
f 4959 4960 1258
f 4958 1258 4960
f 4952 1259 4962
f 4959 4962 1259
f 2939 4962 147
f 4961 147 4962
f 4961 1258 4965
f 4963 4965 1258
f 2940 4965 744
f 4964 744 4965
f 4958 312 4968
f 4966 4968 312
f 4967 1262 4968
f 4963 4968 1262
f 4969 4972 1260
f 4967 1260 4972
f 4970 1261 4972
f 4971 4972 1261
f 4964 1262 4974
f 4971 4974 1262
f 2943 4974 148
f 4973 148 4974
f 1261 4975 4973
f 4977 4973 4975
f 4977 4976 2927
f 740 2927 4976
f 4980 4970 4978
f 309 4978 4970
f 4980 4979 4975
f 1264 4975 4979
f 4983 4979 4981
f 1263 4981 4979
f 4983 4948 4982
f 1254 4982 4948
f 1264 4982 4976
f 4984 4976 4982
f 4984 4945 2930
f 149 2930 4945
f 4985 4988 1159
f 4556 1159 4988
f 4986 1266 4988
f 4987 4988 1266
f 4989 4991 316
f 4565 316 4991
f 4990 1267 4991
f 4985 4991 1267
f 4992 4994 1265
f 4990 1265 4994
f 2950 746 4994
f 4993 4994 746
f 4993 4996 1267
f 4986 1267 4996
f 2945 150 4996
f 4995 4996 150
f 784 4997 3084
f 5000 3084 4997
f 5000 4998 4999
f 1269 4999 4998
f 171 5001 3081
f 5003 3081 5001
f 5003 5002 4997
f 1270 4997 5002
f 5004 5006 1268
f 5002 1268 5006
f 4575 1162 5006
f 5005 5006 1162
f 5005 5008 1270
f 4998 1270 5008
f 4572 328 5008
f 5007 5008 328
f 1166 5009 4583
f 5011 4583 5009
f 5010 1265 5011
f 4989 5011 1265
f 5012 5014 317
f 4591 317 5014
f 5009 5014 1272
f 5013 1272 5014
f 5013 1271 5017
f 5015 5017 1271
f 5016 5017 787
f 3091 787 5017
f 5010 1272 5018
f 5016 5018 1272
f 4992 5018 161
f 3087 161 5018
f 816 5019 3207
f 5021 3207 5019
f 5021 5020 5001
f 1268 5001 5020
f 182 5022 3204
f 5024 3204 5022
f 5024 5023 5019
f 1274 5019 5023
f 1273 5025 5023
f 5027 5023 5025
f 5027 4599 5026
f 1168 5026 4599
f 1274 5026 5020
f 5028 5020 5026
f 4596 318 5028
f 5004 5028 318
f 5029 5031 1172
f 4607 1172 5031
f 5030 1271 5031
f 5012 5031 1271
f 5032 5034 305
f 4615 305 5034
f 5033 1276 5034
f 5029 5034 1276
f 5035 5037 1275
f 5033 1275 5037
f 5036 5037 818
f 3213 818 5037
f 5036 5038 1276
f 5030 1276 5038
f 5015 5038 172
f 3209 172 5038
f 847 5039 3329
f 5041 3329 5039
f 5041 5040 5022
f 1273 5022 5040
f 193 5042 3326
f 5044 3326 5042
f 5044 5043 5039
f 1278 5039 5043
f 5043 1277 5047
f 5045 5047 1277
f 5047 4623 5046
f 1174 5046 4623
f 1278 5046 5040
f 5048 5040 5046
f 5048 4620 5025
f 319 5025 4620
f 5049 5052 1179
f 4632 1179 5052
f 5050 1280 5052
f 5051 5052 1280
f 4641 321 5055
f 5053 5055 321
f 5049 5055 1281
f 5054 1281 5055
f 5054 1279 5058
f 5056 5058 1279
f 5057 5058 911
f 3579 911 5058
f 5057 5060 1281
f 5050 1281 5060
f 205 5059 3575
f 5060 3575 5059
f 940 5061 3695
f 5064 3695 5061
f 5064 5062 5063
f 1283 5063 5062
f 226 5065 3692
f 5067 3692 5065
f 5067 5066 5061
f 1284 5061 5066
f 1282 5068 5066
f 5070 5066 5068
f 5070 4651 5069
f 1182 5069 4651
f 1284 5069 5062
f 5072 5062 5069
f 5072 4648 5071
f 320 5071 4648
f 5075 4659 5073
f 1186 5073 4659
f 1279 5053 5074
f 5075 5074 5053
f 5078 4667 5076
f 322 5076 4667
f 1286 5073 5077
f 5078 5077 5073
f 1285 5079 5077
f 5081 5077 5079
f 5081 3701 5080
f 942 5080 3701
f 5082 5074 5080
f 1286 5080 5074
f 216 5056 3697
f 5082 3697 5056
f 5085 3817 5083
f 971 5083 3817
f 1282 5065 5084
f 5085 5084 5065
f 5088 3814 5086
f 237 5086 3814
f 1288 5083 5087
f 5088 5087 5083
f 5091 5087 5089
f 1287 5089 5087
f 1188 5090 4675
f 5091 4675 5090
f 5092 5084 5090
f 1288 5090 5084
f 5092 4672 5068
f 330 5068 4672
f 5095 4683 5093
f 1192 5093 4683
f 1285 5076 5094
f 5095 5094 5076
f 5098 4691 5096
f 324 5096 4691
f 1290 5093 5097
f 5098 5097 5093
f 5097 1289 5101
f 5099 5101 1289
f 973 5100 3823
f 5101 3823 5100
f 5102 5094 5100
f 1290 5100 5094
f 227 5079 3819
f 5102 3819 5079
f 5105 3939 5103
f 1002 5103 3939
f 1287 5086 5104
f 5105 5104 5086
f 3936 248 5108
f 5106 5108 248
f 1292 5103 5107
f 5108 5107 5103
f 5111 5107 5109
f 1291 5109 5107
f 1194 5110 4699
f 5111 4699 5110
f 5112 5104 5110
f 1292 5110 5104
f 331 5089 4696
f 5112 4696 5089
f 4707 1198 5115
f 5113 5115 1198
f 5096 5115 1289
f 5114 1289 5115
f 4715 325 5118
f 5116 5118 325
f 5113 5118 1294
f 5117 1294 5118
f 5117 1293 5121
f 5119 5121 1293
f 5120 5121 1004
f 3945 1004 5121
f 5114 1294 5122
f 5120 5122 1294
f 5099 5122 238
f 3941 238 5122
f 4061 1033 5125
f 5123 5125 1033
f 5106 5125 1291
f 5124 1291 5125
f 4058 259 5128
f 5126 5128 259
f 5123 5128 1296
f 5127 1296 5128
f 5127 1295 5131
f 5129 5131 1295
f 5130 5131 1200
f 4723 1200 5131
f 5124 1296 5132
f 5130 5132 1296
f 332 5109 4720
f 5132 4720 5109
f 4731 1204 5135
f 5133 5135 1204
f 5116 5135 1293
f 5134 1293 5135
f 4739 326 5138
f 5136 5138 326
f 5133 5138 1298
f 5137 1298 5138
f 5137 1297 5141
f 5139 5141 1297
f 5140 5141 1035
f 4067 1035 5141
f 5134 1298 5142
f 5140 5142 1298
f 5119 5142 249
f 4063 249 5142
f 4183 1064 5145
f 5143 5145 1064
f 5126 5145 1295
f 5144 1295 5145
f 4180 270 5148
f 5146 5148 270
f 5143 5148 1300
f 5147 1300 5148
f 5147 1299 5151
f 5149 5151 1299
f 5150 5151 1206
f 4747 1206 5151
f 5144 1300 5152
f 5150 5152 1300
f 5129 5152 333
f 4744 333 5152
f 4755 1210 5155
f 5153 5155 1210
f 1297 5136 5154
f 5155 5154 5136
f 5158 4763 5156
f 327 5156 4763
f 1302 5153 5157
f 5158 5157 5153
f 5161 5157 5159
f 1301 5159 5157
f 1066 5160 4189
f 5161 4189 5160
f 5162 5154 5160
f 1302 5160 5154
f 260 5139 4185
f 5162 4185 5139
f 4305 1095 5165
f 5163 5165 1095
f 5146 5165 1299
f 5164 1299 5165
f 4302 281 5168
f 5166 5168 281
f 5163 5168 1304
f 5167 1304 5168
f 5171 5167 5169
f 1303 5169 5167
f 1212 5170 4771
f 5171 4771 5170
f 5172 5164 5170
f 1304 5170 5164
f 334 5149 4768
f 5172 4768 5149
f 5175 4779 5173
f 1215 5173 4779
f 1301 5156 5174
f 5175 5174 5156
f 4785 323 5177
f 4987 5177 323
f 5173 5177 1305
f 5176 1305 5177
f 5176 1266 5179
f 4995 5179 1266
f 5178 5179 1097
f 4311 1097 5179
f 5180 5174 5178
f 1305 5178 5174
f 271 5159 4307
f 5180 4307 5159
f 4407 1116 5183
f 5181 5183 1116
f 5166 5183 1303
f 5182 1303 5183
f 4404 160 5185
f 4999 5185 160
f 5181 5185 1306
f 5184 1306 5185
f 5187 5184 5007
f 1269 5007 5184
f 1217 5186 4793
f 5187 4793 5186
f 5188 5182 5186
f 1306 5186 5182
f 329 5169 4790
f 5188 4790 5169
f 4799 1220 5191
f 5189 5191 1220
f 5190 1275 5191
f 5032 5191 1275
f 4807 306 5194
f 5192 5194 306
f 5189 5194 1308
f 5193 1308 5194
f 5195 5197 1307
f 5193 1307 5197
f 4413 1118 5197
f 5196 5197 1118
f 5198 5190 5196
f 1308 5196 5190
f 183 5035 4409
f 5198 4409 5035
f 4433 1123 5201
f 5199 5201 1123
f 5059 5201 1280
f 5200 1280 5201
f 4430 284 5204
f 5202 5204 284
f 5199 5204 1310
f 5203 1310 5204
f 5203 1309 5207
f 5205 5207 1309
f 5206 5207 1222
f 4815 1222 5207
f 5200 1310 5208
f 5206 5208 1310
f 5051 5208 314
f 4812 314 5208
f 4459 1130 5211
f 5209 5211 1130
f 5202 5211 1309
f 5210 1309 5211
f 4456 287 5214
f 5212 5214 287
f 5214 5213 5209
f 1312 5209 5213
f 1311 5215 5213
f 5217 5213 5215
f 5217 4827 5216
f 1225 5216 4827
f 1312 5216 5210
f 5218 5210 5216
f 5205 5218 302
f 4824 302 5218
f 5219 5221 1229
f 4835 1229 5221
f 5220 1307 5221
f 5192 5221 1307
f 307 5222 4843
f 5224 4843 5222
f 5223 1314 5224
f 5219 5224 1314
f 5223 1313 5227
f 5225 5227 1313
f 4439 1125 5227
f 5226 5227 1125
f 5226 5228 1314
f 5220 1314 5228
f 4435 282 5228
f 5195 5228 282
f 5231 4847 5229
f 1232 5229 4847
f 5231 5230 5222
f 1313 5222 5230
f 301 5232 4855
f 5234 4855 5232
f 5234 5233 5229
f 1316 5229 5233
f 1315 5235 5233
f 5237 5233 5235
f 5236 5237 1132
f 4465 1132 5237
f 5230 1316 5238
f 5236 5238 1316
f 5225 5238 285
f 4461 285 5238
f 1235 5239 4859
f 5241 4859 5239
f 5241 5240 5232
f 1315 5232 5240
f 299 5242 4867
f 5244 4867 5242
f 5244 5243 5239
f 1318 5239 5243
f 1317 5245 5243
f 5247 5243 5245
f 5247 4469 5246
f 1133 5246 4469
f 1318 5246 5240
f 5248 5240 5246
f 5248 4466 5235
f 288 5235 4466
f 5251 4871 5249
f 1238 5249 4871
f 1317 5242 5250
f 5251 5250 5242
f 4879 300 5254
f 5252 5254 300
f 5249 5254 1320
f 5253 1320 5254
f 5253 1319 5257
f 5255 5257 1319
f 5256 5257 1136
f 4481 1136 5257
f 5250 1320 5258
f 5256 5258 1320
f 5245 5258 289
f 4478 289 5258
f 4499 1141 5261
f 5259 5261 1141
f 5212 5261 1311
f 5260 1311 5261
f 4496 291 5264
f 5262 5264 291
f 5259 5264 1322
f 5263 1322 5264
f 5263 1321 5267
f 5265 5267 1321
f 1240 5266 4887
f 5267 4887 5266
f 5260 1322 5268
f 5266 5268 1322
f 5268 4884 5215
f 315 5215 4884
f 1244 5269 4895
f 5271 4895 5269
f 5252 5271 1319
f 5270 1319 5271
f 304 5272 4903
f 5274 4903 5272
f 5274 5273 5269
f 1324 5269 5273
f 1323 5275 5273
f 5277 5273 5275
f 5276 5277 1139
f 4491 1139 5277
f 5270 1324 5278
f 5276 5278 1324
f 5255 5278 290
f 4487 290 5278
f 5279 5281 1140
f 4495 1140 5281
f 5280 1321 5281
f 5262 5281 1321
f 4492 292 5283
f 5275 5283 292
f 5279 5283 1325
f 5282 1325 5283
f 5282 1323 5285
f 5272 5285 1323
f 5284 5285 1246
f 4911 1246 5285
f 5284 5286 1325
f 5280 1325 5286
f 303 5265 4908
f 5286 4908 5265
f 5289 4917 5287
f 1249 5287 4917
f 1283 5071 5288
f 5289 5288 5071
f 5292 4925 5290
f 311 5290 4925
f 1327 5287 5291
f 5292 5291 5287
f 5295 5291 5293
f 1326 5293 5291
f 1143 5294 4505
f 5295 4505 5294
f 5296 5288 5294
f 1327 5294 5288
f 215 5063 4501
f 5296 4501 5063
f 4525 1148 5299
f 5297 5299 1148
f 5042 5299 1277
f 5298 1277 5299
f 5302 4522 5300
f 293 5300 4522
f 5297 5302 1329
f 5301 1329 5302
f 5301 1328 5305
f 5303 5305 1328
f 5304 5305 1251
f 4933 1251 5305
f 5298 1329 5306
f 5304 5306 1329
f 5045 5306 308
f 4930 308 5306
f 5309 4941 5307
f 1255 5307 4941
f 1326 5290 5308
f 5309 5308 5290
f 5312 4949 5310
f 313 5310 4949
f 1331 5307 5311
f 5312 5311 5307
f 5315 5311 5313
f 1330 5313 5311
f 1150 5314 4531
f 5315 4531 5314
f 5316 5308 5314
f 1331 5314 5308
f 295 5293 4527
f 5316 4527 5293
f 5319 4551 5317
f 1155 5317 4551
f 5300 5319 1328
f 5318 1328 5319
f 4548 296 5322
f 5320 5322 296
f 5317 5322 1333
f 5321 1333 5322
f 5321 1332 5325
f 5323 5325 1332
f 5324 5325 1257
f 4957 1257 5325
f 5318 1333 5326
f 5324 5326 1333
f 5303 5326 310
f 4954 310 5326
f 4547 1154 5329
f 5327 5329 1154
f 5320 5329 1332
f 5328 1332 5329
f 4544 297 5332
f 5330 5332 297
f 5327 5332 1335
f 5331 1335 5332
f 5333 5335 1334
f 5331 1334 5335
f 4969 1260 5335
f 5334 5335 1260
f 5334 5336 1335
f 5328 1335 5336
f 5323 5336 312
f 4966 312 5336
f 1151 5337 4535
f 5339 4535 5337
f 5339 5338 5330
f 1334 5330 5338
f 298 5313 4532
f 5341 4532 5313
f 5341 5340 5337
f 1336 5337 5340
f 1330 5310 5340
f 5343 5340 5310
f 5343 4981 5342
f 1263 5342 4981
f 1336 5342 5338
f 5344 5338 5342
f 5344 4978 5333
f 309 5333 4978

