# Blender 5.1.1
# www.blender.org
mtllib S.mtl
o sca_S
v 4.375000 -5.545701 5.549220
v 4.375000 -3.520701 5.549219
v 4.375000 -3.518577 5.679481
v 4.375000 -5.531785 5.924659
v 4.375000 -5.542221 5.738881
v 4.375000 -5.490036 6.284571
v 4.375000 -5.514389 6.106556
v 4.375000 -5.420456 6.628956
v 4.375000 -5.458725 6.458704
v 4.375000 -5.323045 6.957813
v 4.375000 -5.375229 6.795325
v 4.375000 -5.197801 7.271142
v 4.375000 -5.263901 7.116418
v 4.375000 -5.044724 7.568945
v 4.375000 -5.124742 7.421985
v 4.375000 -4.868357 7.851221
v 4.375000 -4.958884 7.712024
v 4.375000 -4.673240 8.117970
v 4.375000 -4.773143 7.986537
v 4.375000 -4.459374 8.369190
v 4.375000 -4.568651 8.245522
v 4.375000 -4.226757 8.604885
v 4.375000 -4.345409 8.488979
v 4.375000 -3.975391 8.825050
v 4.375000 -4.103418 8.716909
v 4.375000 -3.705275 9.029690
v 4.375000 -3.842677 8.929312
v 4.375000 -3.420509 9.218361
v 4.375000 -3.564210 9.126076
v 4.375000 -3.125196 9.390626
v 4.375000 -3.274170 9.306544
v 4.375000 -2.819336 9.546486
v 4.375000 -2.973584 9.470606
v 4.375000 -2.502930 9.685938
v 4.375000 -2.662452 9.618261
v 4.375000 -2.175977 9.808985
v 4.375000 -2.340772 9.749512
v 4.375000 -1.838478 9.915625
v 4.375000 -2.008546 9.864355
v 4.375000 -1.494680 10.005859
v 4.375000 -1.666835 9.962793
v 4.375000 -1.148832 10.079688
v 4.375000 -1.322012 10.044825
v 4.375000 -0.800935 10.137110
v 4.375000 -0.975139 10.110450
v 4.375000 -0.450987 10.178125
v 4.375000 -0.626218 10.159668
v 4.375000 -0.098991 10.202735
v 4.375000 -0.275246 10.192481
v 4.375000 0.255057 10.210938
v 4.375000 0.077777 10.208887
v 4.375000 0.653061 10.202881
v 4.375000 0.455634 10.208923
v 4.375000 1.038465 10.178711
v 4.375000 0.847338 10.192810
v 4.375000 1.411269 10.138428
v 4.375000 1.226441 10.160583
v 4.375000 1.771473 10.082031
v 4.375000 1.592945 10.112244
v 4.375000 2.119077 10.009521
v 4.375000 1.946849 10.047791
v 4.375000 2.454081 9.920898
v 4.375000 2.288154 9.967224
v 4.375000 2.775037 9.817333
v 4.375000 2.616500 9.870838
v 4.375000 3.080465 9.700001
v 4.375000 2.929691 9.760388
v 4.375000 3.370364 9.568896
v 4.375000 3.227356 9.636169
v 4.375000 3.644737 9.424023
v 4.375000 3.509493 9.498180
v 4.375000 3.903581 9.265380
v 4.375000 3.776099 9.346422
v 4.375000 4.146896 9.092968
v 4.375000 4.027181 9.180895
v 4.375000 4.373352 8.907519
v 4.375000 4.262394 9.001781
v 4.375000 4.581644 8.709765
v 4.375000 4.479769 8.810181
v 4.375000 4.771772 8.499706
v 4.375000 4.678978 8.606274
v 4.375000 4.943740 8.277343
v 4.375000 4.860027 8.390062
v 4.375000 5.097544 8.042674
v 4.375000 5.022913 8.161547
v 4.375000 5.233185 7.795701
v 4.375000 5.167635 7.920726
v 4.375000 5.349213 7.537595
v 4.375000 5.293836 7.667893
v 4.375000 5.444145 7.269529
v 4.375000 5.399316 7.404808
v 4.375000 5.517981 6.991502
v 4.375000 5.483700 7.131761
v 4.375000 5.570721 6.703515
v 4.375000 5.546988 6.848754
v 4.375000 5.602365 6.405566
v 4.375000 5.589180 6.555786
v 4.375000 5.612913 6.097657
v 4.375000 5.610276 6.252857
v 4.375000 5.604562 5.803955
v 4.375000 5.610826 5.949524
v 4.375000 5.579510 5.520509
v 4.375000 5.594124 5.660950
v 4.375000 5.537756 5.247314
v 4.375000 5.560721 5.382630
v 4.375000 5.479302 4.984377
v 4.375000 5.510616 5.114564
v 4.375000 5.404145 4.731693
v 4.375000 5.443812 4.856753
v 4.375000 5.312289 4.489264
v 4.375000 5.360304 4.609197
v 4.375000 5.203308 4.256054
v 4.375000 5.259995 4.371633
v 4.375000 5.076747 4.031050
v 4.375000 5.142225 4.142526
v 4.375000 4.932609 3.814252
v 4.375000 5.006876 3.921625
v 4.375000 4.770891 3.605658
v 4.375000 4.853947 3.708929
v 4.375000 4.591594 3.405270
v 4.375000 4.683440 3.504438
v 4.375000 4.394721 3.213088
v 4.375000 4.495355 3.308153
v 4.375000 4.179828 3.028082
v 4.375000 4.289582 3.119816
v 4.375000 3.946481 2.849226
v 4.375000 4.065461 2.937886
v 4.375000 3.694676 2.676520
v 4.375000 3.822886 2.762104
v 4.375000 3.424416 2.509962
v 4.375000 3.561854 2.592473
v 4.375000 3.135700 2.349554
v 4.375000 3.282367 2.428989
v 4.375000 2.828529 2.195296
v 4.375000 2.984421 2.271656
v 4.375000 2.502152 2.046471
v 4.375000 2.667830 2.120297
v 4.375000 2.155856 1.902336
v 4.375000 2.331494 1.973817
v 4.375000 1.789641 1.762887
v 4.375000 1.975238 1.832025
v 4.375000 1.403504 1.628127
v 4.375000 1.599062 1.694921
v 4.375000 0.997449 1.498056
v 4.375000 1.202966 1.562506
v 4.375000 0.571472 1.372671
v 4.375000 0.786950 1.434777
v 4.375000 5.570720 -0.926577
v 4.375000 3.545696 -0.926577
v 4.375000 3.543133 -1.069359
v 4.375000 5.553142 -1.323405
v 4.375000 5.566326 -1.125981
v 4.375000 5.500405 -1.712321
v 4.375000 5.531168 -1.518852
v 4.375000 5.412511 -2.093325
v 4.375000 5.460854 -1.903813
v 4.375000 5.289461 -2.466417
v 4.375000 5.355381 -2.280860
v 4.375000 5.131253 -2.831596
v 4.375000 5.214751 -2.649996
v 4.375000 4.937888 -3.188866
v 4.375000 5.038966 -3.011221
v 4.375000 4.710979 -3.531058
v 4.375000 4.828424 -3.362745
v 4.375000 4.452138 -3.850981
v 4.375000 4.585550 -3.693804
v 4.375000 4.161368 -4.148636
v 4.375000 4.310744 -4.002594
v 4.375000 3.838666 -4.424023
v 4.375000 4.004009 -4.289114
v 4.375000 3.484035 -4.677138
v 4.375000 3.665342 -4.553364
v 4.375000 3.097471 -4.907985
v 4.375000 3.294744 -4.795345
v 4.375000 2.680426 -5.109401
v 4.375000 2.892575 -5.013271
v 4.375000 2.234379 -5.274199
v 4.375000 2.461028 -5.196378
v 4.375000 1.759328 -5.402373
v 4.375000 2.000479 -5.342864
v 4.375000 1.255275 -5.493926
v 4.375000 1.510927 -5.452727
v 4.375000 0.722219 -5.548857
v 4.375000 0.992371 -5.525969
v 4.375000 0.160159 -5.567168
v 4.375000 0.444815 -5.562590
v 4.375000 -0.227433 -5.558380
v 4.375000 -0.035175 -5.564970
v 4.375000 -0.602724 -5.532018
v 4.375000 -0.416617 -5.547397
v 4.375000 -0.965712 -5.488077
v 4.375000 -0.785755 -5.512244
v 4.375000 -1.316397 -5.426561
v 4.375000 -1.142593 -5.459516
v 4.375000 -1.654781 -5.347469
v 4.375000 -1.487126 -5.389212
v 4.375000 -1.980861 -5.250800
v 4.375000 -1.819359 -5.301332
v 4.375000 -2.293313 -5.138443
v 4.375000 -2.138954 -5.196344
v 4.375000 -2.590822 -5.012315
v 4.375000 -2.443934 -5.077101
v 4.375000 -2.873390 -4.872417
v 4.375000 -2.733973 -4.944088
v 4.375000 -3.141016 -4.718747
v 4.375000 -3.009071 -4.797302
v 4.375000 -3.393702 -4.551307
v 4.375000 -3.269228 -4.636749
v 4.375000 -3.631447 -4.370097
v 4.375000 -3.514442 -4.462423
v 4.375000 -3.852784 -4.176596
v 4.375000 -3.744349 -4.274701
v 4.375000 -4.056252 -3.972257
v 4.375000 -3.956752 -4.075781
v 4.375000 -4.241848 -3.757076
v 4.375000 -4.151284 -3.866021
v 4.375000 -4.409572 -3.531055
v 4.375000 -4.327943 -3.645422
v 4.375000 -4.559425 -3.294196
v 4.375000 -4.486732 -3.413981
v 4.375000 -4.691407 -3.046496
v 4.375000 -4.627649 -3.171700
v 4.375000 -4.804200 -2.789553
v 4.375000 -4.750367 -2.918977
v 4.375000 -4.896484 -2.524997
v 4.375000 -4.852905 -2.658226
v 4.375000 -4.968262 -2.252829
v 4.375000 -4.934937 -2.389864
v 4.375000 -5.019531 -1.973045
v 4.375000 -4.996460 -2.113889
v 4.375000 -5.050292 -1.685649
v 4.375000 -5.037475 -1.830299
v 4.375000 -5.060546 -1.390640
v 4.375000 -5.057982 -1.539096
v 4.375000 -5.050878 -1.097374
v 4.375000 -5.058128 -1.242615
v 4.375000 -5.021874 -0.815242
v 4.375000 -5.038793 -0.954917
v 4.375000 -4.973535 -0.544244
v 4.375000 -5.000122 -0.678352
v 4.375000 -4.905860 -0.284379
v 4.375000 -4.942114 -0.412920
v 4.375000 -4.818849 -0.035647
v 4.375000 -4.864771 -0.158621
v 4.375000 -4.712502 0.201952
v 4.375000 -4.768092 0.084544
v 4.375000 -4.587991 0.429588
v 4.375000 -4.652370 0.316869
v 4.375000 -4.446486 0.648438
v 4.375000 -4.519361 0.540112
v 4.375000 -4.287989 0.858496
v 4.375000 -4.369361 0.754566
v 4.375000 -4.112500 1.059766
v 4.375000 -4.202369 0.960230
v 4.375000 -3.920018 1.252245
v 4.375000 -4.018384 1.157103
v 4.375000 -3.710546 1.435935
v 4.375000 -3.817406 1.345189
v 4.375000 -3.485253 1.611863
v 4.375000 -3.599730 1.524742
v 4.375000 -3.245313 1.781051
v 4.375000 -3.367114 1.697299
v 4.375000 -2.990723 1.943500
v 4.375000 -3.119849 1.863118
v 4.375000 -2.721485 2.099211
v 4.375000 -2.857935 2.022197
v 4.375000 -2.437599 2.248182
v 4.375000 -2.581374 2.174539
v 4.375000 -2.139064 2.390416
v 4.375000 -2.290163 2.320141
v 4.375000 -1.827049 2.527083
v 4.375000 -1.984594 2.459299
v 4.375000 -1.502730 2.659360
v 4.375000 -1.666427 2.593771
v 4.375000 -1.166110 2.787244
v 4.375000 -1.335958 2.723851
v 4.375000 -0.817186 2.910735
v 4.375000 -0.993186 2.849539
v 4.375000 -0.455961 3.029835
v 4.375000 -0.638111 2.970835
v 4.375000 -0.082432 3.144543
v 4.375000 -0.270734 3.087739
v 4.375000 -3.512205 5.806592
v 4.375000 3.535443 -1.209430
v 4.375000 -3.501585 5.930555
v 4.375000 3.522626 -1.346793
v 4.375000 0.096024 3.197206
v 4.375000 -3.486717 6.051369
v 4.375000 3.504684 -1.481447
v 4.375000 0.269280 3.249722
v 4.375000 -3.467600 6.169032
v 4.375000 0.415140 1.328581
v 4.375000 3.481613 -1.613390
v 4.375000 0.437336 3.302092
v 4.375000 -3.444237 6.283547
v 4.375000 3.453417 -1.742625
v 4.375000 -3.416625 6.394912
v 4.375000 0.262543 1.284197
v 4.375000 3.420093 -1.869150
v 4.375000 0.600192 3.354314
v 4.375000 -3.384765 6.503127
v 4.375000 0.113681 1.239520
v 4.375000 3.381643 -1.992966
v 4.375000 0.757848 3.406390
v 4.375000 -3.348657 6.608193
v 4.375000 -0.031445 1.194550
v 4.375000 3.338067 -2.114073
v 4.375000 0.910304 3.458320
v 4.375000 -3.308300 6.710110
v 4.375000 -0.172836 1.149284
v 4.375000 3.289363 -2.232470
v 4.375000 1.057560 3.510102
v 4.375000 -3.263696 6.808877
v 4.375000 -0.310492 1.103728
v 4.375000 3.235533 -2.348159
v 4.375000 1.199616 3.561738
v 4.375000 -3.214844 6.904495
v 4.375000 -0.444412 1.057877
v 4.375000 3.176576 -2.461136
v 4.375000 1.336471 3.613228
v 4.375000 -3.162293 6.997182
v 4.375000 -0.574597 1.011734
v 4.375000 3.112411 -2.570783
v 4.375000 1.468128 3.664570
v 4.375000 -3.106591 7.087160
v 4.375000 -0.701046 0.965295
v 4.375000 3.042975 -2.676474
v 4.375000 1.594585 3.715766
v 4.375000 -3.047742 7.174427
v 4.375000 -0.823762 0.918566
v 4.375000 2.968265 -2.778210
v 4.375000 1.715841 3.766816
v 4.375000 -2.985742 7.258985
v 4.375000 -0.942740 0.871541
v 4.375000 2.888283 -2.875990
v 4.375000 1.832365 3.818011
v 4.375000 -2.920593 7.340833
v 4.375000 -1.057984 0.824224
v 4.375000 2.803027 -2.969815
v 4.375000 1.944642 3.869646
v 4.375000 -2.852294 7.419971
v 4.375000 -1.169683 0.776394
v 4.375000 2.712500 -3.059685
v 4.375000 2.052672 3.921721
v 4.375000 -2.780846 7.496399
v 4.375000 -1.278011 0.727832
v 4.375000 2.616699 -3.145599
v 4.375000 2.156454 3.974234
v 4.375000 -2.706249 7.570117
v 4.375000 -1.382971 0.678538
v 4.375000 2.515627 -3.227558
v 4.375000 2.255989 4.027187
v 4.375000 -2.628502 7.641126
v 4.375000 -1.484560 0.628512
v 4.375000 -2.547606 7.709425
v 4.375000 -1.582781 0.577754
v 4.375000 2.409280 -3.305562
v 4.375000 -2.463560 7.775014
v 4.375000 -1.677631 0.526263
v 4.375000 2.297663 -3.379610
v 4.375000 -1.769113 0.474042
v 4.375000 2.180772 -3.449704
v 4.375000 -2.376366 7.837893
v 4.375000 -1.857225 0.421088
v 4.375000 2.058608 -3.515842
v 4.375000 -2.286571 7.898061
v 4.375000 -1.941967 0.367401
v 4.375000 1.931017 -3.577327
v 4.375000 -2.194725 7.955519
v 4.375000 -2.023340 0.312983
v 4.375000 1.797860 -3.633467
v 4.375000 -2.100830 8.010268
v 4.375000 -2.101343 0.257834
v 4.375000 1.659137 -3.684261
v 4.375000 -2.004883 8.062306
v 4.375000 -2.175976 0.201951
v 4.375000 1.514848 -3.729707
v 4.375000 -1.906885 8.111635
v 4.375000 1.364993 -3.769807
v 4.375000 -1.806838 8.158253
v 4.375000 1.209572 -3.804561
v 4.375000 -1.704739 8.202162
v 4.375000 1.048585 -3.833967
v 4.375000 -1.600590 8.243361
v 4.375000 0.882032 -3.858028
v 4.375000 -1.494390 8.281850
v 4.375000 0.709913 -3.876741
v 4.375000 -1.386140 8.317629
v 4.375000 0.532228 -3.890108
v 4.375000 -1.275840 8.350697
v 4.375000 0.348976 -3.898126
v 4.375000 -1.163488 8.381056
v 4.375000 0.160160 -3.900799
v 4.375000 -1.049701 8.408852
v 4.375000 -0.018259 -3.898529
v 4.375000 -0.935110 8.434231
v 4.375000 -0.191405 -3.891717
v 4.375000 -0.819714 8.457191
v 4.375000 -0.359277 -3.880365
v 4.375000 -0.703514 8.477736
v 4.375000 -0.521875 -3.864470
v 4.375000 -0.586509 8.495863
v 4.375000 -0.679200 -3.844034
v 4.375000 -0.468700 8.511574
v 4.375000 -0.831252 -3.819057
v 4.375000 -0.350084 8.524868
v 4.375000 -0.978029 -3.789539
v 4.375000 -0.230666 8.535744
v 4.375000 -1.119532 -3.755477
v 4.375000 -0.110442 8.544203
v 4.375000 -1.255764 -3.716876
v 4.375000 0.010586 8.550245
v 4.375000 -1.386721 -3.673734
v 4.375000 0.132420 8.553871
v 4.375000 -1.512404 -3.626050
v 4.375000 0.255057 8.555080
v 4.375000 -1.632813 -3.573823
v 4.375000 0.430330 8.553029
v 4.375000 -1.748060 -3.517725
v 4.375000 0.601063 8.546877
v 4.375000 -1.858252 -3.458402
v 4.375000 0.767253 8.536623
v 4.375000 -1.963392 -3.395856
v 4.375000 0.928902 8.522267
v 4.375000 1.086010 8.503811
v 4.375000 -2.063478 -3.330086
v 4.375000 1.238577 8.481251
v 4.375000 -2.158509 -3.261093
v 4.375000 1.386602 8.454591
v 4.375000 -2.248488 -3.188876
v 4.375000 1.530086 8.423829
v 4.375000 -2.333412 -3.113437
v 4.375000 1.669029 8.388966
v 4.375000 -2.413283 -3.034774
v 4.375000 1.803430 8.350000
v 4.375000 -2.488100 -2.952889
v 4.375000 -2.557863 -2.867778
v 4.375000 1.933290 8.306934
v 4.375000 -2.622572 -2.779445
v 4.375000 2.058609 8.259766
v 4.375000 -2.682227 -2.687888
v 4.375000 2.179204 8.208788
v 4.375000 -2.736976 -2.593629
v 4.375000 2.294890 8.154297
v 4.375000 -2.786963 -2.497172
v 4.375000 2.405670 8.096289
v 4.375000 -2.832191 -2.398518
v 4.375000 2.511542 8.034765
v 4.375000 -2.872656 -2.297664
v 4.375000 2.612507 7.969728
v 4.375000 -2.908362 -2.194613
v 4.375000 2.708565 7.901172
v 4.375000 -2.939307 -2.089364
v 4.375000 2.799715 7.829103
v 4.375000 -2.965491 -1.981917
v 4.375000 2.885959 7.753516
v 4.375000 -2.986915 -1.872273
v 4.375000 2.967294 7.674415
v 4.375000 -3.003577 -1.760430
v 4.375000 3.043722 7.591798
v 4.375000 -3.015479 -1.646388
v 4.375000 3.115243 7.505665
v 4.375000 -3.022620 -1.530149
v 4.375000 3.181857 7.416016
v 4.375000 -3.025000 -1.411712
v 4.375000 3.243344 7.323217
v 4.375000 -3.023572 -1.331479
v 4.375000 3.299484 7.227636
v 4.375000 -3.019287 -1.252489
v 4.375000 3.350277 7.129272
v 4.375000 -3.012146 -1.174745
v 4.375000 3.395724 7.028124
v 4.375000 -3.002148 -1.098245
v 4.375000 3.435824 6.924193
v 4.375000 -2.989295 -1.022991
v 4.375000 3.470577 6.817480
v 4.375000 -2.973583 -0.948981
v 4.375000 3.499984 6.707982
v 4.375000 -2.955016 -0.876214
v 4.375000 3.524044 6.595702
v 4.375000 -2.933593 -0.804693
v 4.375000 3.542757 6.480638
v 4.375000 -2.909313 -0.734417
v 4.375000 3.556124 6.362792
v 4.375000 -2.882177 -0.665386
v 4.375000 3.564144 6.242161
v 4.375000 -2.852183 -0.597598
v 4.375000 3.566817 6.118749
v 4.375000 -2.819335 -0.531056
v 4.375000 3.565682 6.029942
v 4.375000 -2.783447 -0.465538
v 4.375000 3.562276 5.942821
v 4.375000 -2.744335 -0.400829
v 4.375000 3.556599 5.857384
v 4.375000 -2.702002 -0.336923
v 4.375000 3.548652 5.773631
v 4.375000 -2.656446 -0.273824
v 4.375000 3.538433 5.691561
v 4.375000 -2.607667 -0.211532
v 4.375000 3.525945 5.611177
v 4.375000 -2.555665 -0.150045
v 4.375000 3.511186 5.532476
v 4.375000 -2.500440 -0.089364
v 4.375000 3.494155 5.455461
v 4.375000 -2.441993 -0.029488
v 4.375000 3.474854 5.380129
v 4.375000 -2.380323 0.029581
v 4.375000 3.453284 5.306481
v 4.375000 -2.315430 0.087843
v 4.375000 3.429441 5.234519
v 4.375000 -2.247315 0.145301
v 4.375000 3.403328 5.164240
v 4.375000 3.374397 5.095356
v 4.375000 3.342095 5.027573
v 4.375000 2.351276 4.080580
v 4.375000 3.306425 4.960888
v 4.375000 2.442317 4.134412
v 4.375000 3.267386 4.895301
v 4.375000 3.224979 4.830812
v 4.375000 2.529109 4.188682
v 4.375000 3.179204 4.767424
v 4.375000 2.611655 4.243392
v 4.375000 3.130061 4.705132
v 4.375000 2.689954 4.298542
v 4.375000 3.077547 4.643940
v 4.375000 2.764005 4.354131
v 4.375000 3.021666 4.583847
v 4.375000 2.833809 4.410160
v 4.375000 2.962415 4.524853
v 4.375000 2.899796 4.466957
v -4.625000 -3.518577 5.679481
v -4.625000 -3.520701 5.549219
v -4.625000 -5.545701 5.549220
v -4.625000 -5.542222 5.738881
v -4.625000 -5.531785 5.924659
v -4.625000 -5.514390 6.106556
v -4.625000 -5.490036 6.284571
v -4.625000 -5.458726 6.458704
v -4.625000 -5.420456 6.628956
v -4.625000 -5.375230 6.795325
v -4.625000 -5.323045 6.957813
v -4.625000 -5.263902 7.116418
v -4.625000 -5.197801 7.271142
v -4.625000 -5.124742 7.421985
v -4.625000 -5.044724 7.568945
v -4.625000 -4.958885 7.712024
v -4.625000 -4.868358 7.851221
v -4.625000 -4.773143 7.986537
v -4.625000 -4.673241 8.117970
v -4.625000 -4.568651 8.245522
v -4.625000 -4.459374 8.369190
v -4.625000 -4.345410 8.488979
v -4.625000 -4.226758 8.604885
v -4.625000 -4.103418 8.716909
v -4.625000 -3.975392 8.825050
v -4.625000 -3.842677 8.929312
v -4.625000 -3.705276 9.029690
v -4.625000 -3.564210 9.126076
v -4.625000 -3.420509 9.218361
v -4.625000 -3.274171 9.306544
v -4.625000 -3.125196 9.390626
v -4.625000 -2.973584 9.470606
v -4.625000 -2.819336 9.546486
v -4.625000 -2.662452 9.618261
v -4.625000 -2.502931 9.685938
v -4.625000 -2.340772 9.749512
v -4.625000 -2.175978 9.808985
v -4.625000 -2.008546 9.864355
v -4.625000 -1.838478 9.915625
v -4.625000 -1.666835 9.962793
v -4.625000 -1.494680 10.005859
v -4.625000 -1.322012 10.044825
v -4.625000 -1.148833 10.079688
v -4.625000 -0.975140 10.110450
v -4.625000 -0.800935 10.137110
v -4.625000 -0.626218 10.159668
v -4.625000 -0.450988 10.178125
v -4.625000 -0.275246 10.192481
v -4.625000 -0.098991 10.202735
v -4.625000 0.077776 10.208887
v -4.625000 0.255057 10.210938
v -4.625000 0.455633 10.208923
v -4.625000 0.653060 10.202881
v -4.625000 0.847337 10.192810
v -4.625000 1.038464 10.178711
v -4.625000 1.226441 10.160583
v -4.625000 1.411269 10.138428
v -4.625000 1.592945 10.112244
v -4.625000 1.771472 10.082031
v -4.625000 1.946849 10.047791
v -4.625000 2.119077 10.009521
v -4.625000 2.288153 9.967224
v -4.625001 2.454080 9.920898
v -4.625001 2.616499 9.870838
v -4.625001 2.775037 9.817333
v -4.625001 2.929690 9.760388
v -4.625001 3.080464 9.700001
v -4.625001 3.227355 9.636169
v -4.625001 3.370364 9.568896
v -4.625001 3.509492 9.498180
v -4.625001 3.644737 9.424023
v -4.625001 3.776099 9.346422
v -4.625001 3.903581 9.265380
v -4.625001 4.027180 9.180895
v -4.625001 4.146896 9.092968
v -4.625001 4.262393 9.001781
v -4.625001 4.373351 8.907519
v -4.625001 4.479768 8.810181
v -4.625001 4.581643 8.709765
v -4.625001 4.678978 8.606274
v -4.625001 4.771772 8.499706
v -4.625001 4.860026 8.390062
v -4.625001 4.943739 8.277343
v -4.625001 5.022912 8.161547
v -4.625001 5.097543 8.042674
v -4.625001 5.167634 7.920726
v -4.625001 5.233184 7.795701
v -4.625001 5.293835 7.667893
v -4.625001 5.349213 7.537595
v -4.625001 5.399315 7.404808
v -4.625001 5.444145 7.269529
v -4.625001 5.483699 7.131761
v -4.625001 5.517980 6.991502
v -4.625001 5.546988 6.848754
v -4.625001 5.570720 6.703515
v -4.625001 5.589180 6.555786
v -4.625001 5.602364 6.405566
v -4.625001 5.610275 6.252857
v -4.625001 5.612912 6.097657
v -4.625001 5.610825 5.949524
v -4.625001 5.604561 5.803955
v -4.625001 5.594124 5.660950
v -4.625001 5.579510 5.520509
v -4.625001 5.560720 5.382630
v -4.625001 5.537756 5.247314
v -4.625001 5.510615 5.114564
v -4.625001 5.479301 4.984377
v -4.625001 5.443811 4.856753
v -4.625001 5.404144 4.731693
v -4.625001 5.360303 4.609197
v -4.625001 5.312288 4.489264
v -4.625001 5.259995 4.371633
v -4.625001 5.203307 4.256054
v -4.625001 5.142224 4.142526
v -4.625001 5.076746 4.031050
v -4.625001 5.006875 3.921625
v -4.625001 4.932608 3.814252
v -4.625001 4.853946 3.708929
v -4.625001 4.770891 3.605658
v -4.625001 4.683440 3.504438
v -4.625001 4.591594 3.405270
v -4.625001 4.495355 3.308153
v -4.625001 4.394720 3.213088
v -4.625001 4.289581 3.119816
v -4.625001 4.179827 3.028082
v -4.625001 4.065460 2.937886
v -4.625001 3.946480 2.849226
v -4.625001 3.822885 2.762104
v -4.625001 3.694675 2.676520
v -4.625001 3.561853 2.592473
v -4.625001 3.424415 2.509962
v -4.625001 3.282366 2.428989
v -4.625001 3.135699 2.349554
v -4.625001 2.984420 2.271656
v -4.625001 2.828528 2.195296
v -4.625001 2.667829 2.120297
v -4.625001 2.502151 2.046471
v -4.625001 2.331494 1.973817
v -4.625000 2.155855 1.902336
v -4.625000 1.975238 1.832025
v -4.625000 1.789640 1.762887
v -4.625000 1.599062 1.694921
v -4.625000 1.403503 1.628127
v -4.625000 1.202966 1.562506
v -4.625000 0.997448 1.498056
v -4.625000 0.786950 1.434777
v -4.625000 0.571471 1.372671
v -4.625001 3.543132 -1.069359
v -4.625001 3.545695 -0.926577
v -4.625001 5.570719 -0.926577
v -4.625001 5.566325 -1.125981
v -4.625001 5.553140 -1.323405
v -4.625001 5.531168 -1.518852
v -4.625001 5.500404 -1.712321
v -4.625001 5.460853 -1.903813
v -4.625001 5.412511 -2.093325
v -4.625001 5.355380 -2.280860
v -4.625001 5.289460 -2.466417
v -4.625001 5.214751 -2.649996
v -4.625001 5.131252 -2.831596
v -4.625001 5.038965 -3.011221
v -4.625001 4.937887 -3.188866
v -4.625001 4.828424 -3.362745
v -4.625001 4.710978 -3.531058
v -4.625001 4.585549 -3.693804
v -4.625001 4.452137 -3.850981
v -4.625001 4.310744 -4.002594
v -4.625001 4.161368 -4.148636
v -4.625001 4.004008 -4.289114
v -4.625001 3.838665 -4.424023
v -4.625001 3.665341 -4.553364
v -4.625001 3.484034 -4.677138
v -4.625001 3.294744 -4.795345
v -4.625001 3.097471 -4.907985
v -4.625001 2.892574 -5.013271
v -4.625001 2.680426 -5.109401
v -4.625001 2.461027 -5.196378
v -4.625000 2.234378 -5.274199
v -4.625000 2.000478 -5.342864
v -4.625000 1.759328 -5.402373
v -4.625000 1.510927 -5.452727
v -4.625000 1.255274 -5.493926
v -4.625000 0.992371 -5.525969
v -4.625000 0.722218 -5.548857
v -4.625000 0.444814 -5.562590
v -4.625000 0.160159 -5.567168
v -4.625000 -0.035175 -5.564970
v -4.625000 -0.227433 -5.558380
v -4.625000 -0.416617 -5.547397
v -4.625000 -0.602725 -5.532018
v -4.625000 -0.785756 -5.512244
v -4.625000 -0.965712 -5.488077
v -4.625000 -1.142593 -5.459516
v -4.625000 -1.316397 -5.426561
v -4.625000 -1.487127 -5.389212
v -4.625000 -1.654781 -5.347469
v -4.625000 -1.819359 -5.301332
v -4.625000 -1.980861 -5.250800
v -4.625000 -2.138955 -5.196344
v -4.625000 -2.293313 -5.138443
v -4.625000 -2.443935 -5.077101
v -4.625000 -2.590822 -5.012315
v -4.625000 -2.733974 -4.944088
v -4.625000 -2.873390 -4.872417
v -4.625000 -3.009072 -4.797302
v -4.625000 -3.141017 -4.718747
v -4.625000 -3.269228 -4.636749
v -4.625000 -3.393703 -4.551307
v -4.625000 -3.514443 -4.462423
v -4.625000 -3.631448 -4.370097
v -4.625000 -3.744350 -4.274701
v -4.625000 -3.852785 -4.176596
v -4.625000 -3.956753 -4.075781
v -4.625000 -4.056252 -3.972257
v -4.625000 -4.151284 -3.866021
v -4.625000 -4.241848 -3.757076
v -4.625000 -4.327944 -3.645422
v -4.625000 -4.409572 -3.531055
v -4.625000 -4.486732 -3.413981
v -4.625000 -4.559425 -3.294196
v -4.625000 -4.627650 -3.171700
v -4.625000 -4.691407 -3.046496
v -4.625000 -4.750367 -2.918977
v -4.625000 -4.804200 -2.789553
v -4.625000 -4.852906 -2.658226
v -4.625000 -4.896484 -2.524997
v -4.625000 -4.934937 -2.389864
v -4.625000 -4.968262 -2.252829
v -4.625000 -4.996460 -2.113889
v -4.625000 -5.019531 -1.973045
v -4.625000 -5.037476 -1.830299
v -4.625000 -5.050292 -1.685649
v -4.625000 -5.057983 -1.539096
v -4.625000 -5.060547 -1.390640
v -4.625000 -5.058129 -1.242615
v -4.625000 -5.050879 -1.097374
v -4.625000 -5.038793 -0.954917
v -4.625000 -5.021874 -0.815242
v -4.625000 -5.000122 -0.678352
v -4.625000 -4.973535 -0.544244
v -4.625000 -4.942114 -0.412920
v -4.625000 -4.905860 -0.284379
v -4.625000 -4.864772 -0.158621
v -4.625000 -4.818849 -0.035647
v -4.625000 -4.768093 0.084544
v -4.625000 -4.712502 0.201952
v -4.625000 -4.652370 0.316869
v -4.625000 -4.587991 0.429588
v -4.625000 -4.519362 0.540112
v -4.625000 -4.446486 0.648438
v -4.625000 -4.369361 0.754566
v -4.625000 -4.287990 0.858496
v -4.625000 -4.202369 0.960230
v -4.625000 -4.112501 1.059766
v -4.625000 -4.018384 1.157103
v -4.625000 -3.920019 1.252245
v -4.625000 -3.817406 1.345189
v -4.625000 -3.710546 1.435935
v -4.625000 -3.599730 1.524742
v -4.625000 -3.485254 1.611863
v -4.625000 -3.367114 1.697299
v -4.625000 -3.245313 1.781051
v -4.625000 -3.119849 1.863118
v -4.625000 -2.990723 1.943500
v -4.625000 -2.857935 2.022197
v -4.625000 -2.721486 2.099211
v -4.625000 -2.581374 2.174539
v -4.625000 -2.437599 2.248182
v -4.625000 -2.290163 2.320141
v -4.625000 -2.139064 2.390416
v -4.625000 -1.984594 2.459299
v -4.625000 -1.827049 2.527083
v -4.625000 -1.666428 2.593771
v -4.625000 -1.502731 2.659360
v -4.625000 -1.335958 2.723851
v -4.625000 -1.166110 2.787244
v -4.625000 -0.993186 2.849539
v -4.625000 -0.817186 2.910735
v -4.625000 -0.638112 2.970835
v -4.625000 -0.455961 3.029835
v -4.625000 -0.270734 3.087739
v -4.625000 -0.082432 3.144543
v -4.625000 -3.512205 5.806592
v -4.625001 3.535442 -1.209430
v -4.625000 -3.501585 5.930555
v -4.625001 3.522625 -1.346793
v -4.625000 0.096023 3.197206
v -4.625000 -3.486717 6.051369
v -4.625001 3.504683 -1.481447
v -4.625000 0.269279 3.249722
v -4.625000 -3.467600 6.169032
v -4.625000 0.415139 1.328581
v -4.625001 3.481612 -1.613390
v -4.625000 0.437335 3.302092
v -4.625000 -3.444237 6.283547
v -4.625001 3.453416 -1.742625
v -4.625000 -3.416625 6.394912
v -4.625000 0.262542 1.284197
v -4.625001 3.420093 -1.869150
v -4.625000 0.600191 3.354314
v -4.625000 -3.384765 6.503127
v -4.625000 0.113680 1.239520
v -4.625001 3.381642 -1.992966
v -4.625000 0.757847 3.406390
v -4.625000 -3.348657 6.608193
v -4.625000 -0.031446 1.194550
v -4.625001 3.338066 -2.114073
v -4.625000 0.910303 3.458320
v -4.625000 -3.308300 6.710110
v -4.625000 -0.172836 1.149284
v -4.625001 3.289362 -2.232470
v -4.625000 1.057559 3.510102
v -4.625000 -3.263696 6.808877
v -4.625000 -0.310492 1.103728
v -4.625001 3.235532 -2.348159
v -4.625000 1.199615 3.561738
v -4.625000 -3.214845 6.904495
v -4.625000 -0.444412 1.057877
v -4.625001 3.176575 -2.461136
v -4.625000 1.336471 3.613228
v -4.625000 -3.162293 6.997182
v -4.625000 -0.574598 1.011734
v -4.625001 3.112410 -2.570783
v -4.625000 1.468127 3.664570
v -4.625000 -3.106592 7.087160
v -4.625000 -0.701047 0.965295
v -4.625001 3.042974 -2.676474
v -4.625000 1.594584 3.715766
v -4.625000 -3.047742 7.174427
v -4.625000 -0.823762 0.918566
v -4.625001 2.968264 -2.778210
v -4.625000 1.715840 3.766816
v -4.625000 -2.985742 7.258985
v -4.625000 -0.942740 0.871541
v -4.625001 2.888282 -2.875990
v -4.625000 1.832364 3.818011
v -4.625000 -2.920593 7.340833
v -4.625000 -1.057984 0.824224
v -4.625001 2.803026 -2.969815
v -4.625000 1.944641 3.869646
v -4.625000 -2.852295 7.419971
v -4.625000 -1.169683 0.776394
v -4.625001 2.712499 -3.059685
v -4.625000 2.052671 3.921721
v -4.625000 -2.780847 7.496399
v -4.625000 -1.278011 0.727832
v -4.625001 2.616698 -3.145599
v -4.625000 2.156453 3.974234
v -4.625000 -2.706249 7.570117
v -4.625000 -1.382971 0.678538
v -4.625001 2.515626 -3.227558
v -4.625000 2.255988 4.027187
v -4.625000 -2.628503 7.641126
v -4.625000 -1.484561 0.628512
v -4.625000 -2.547607 7.709425
v -4.625000 -1.582781 0.577754
v -4.625001 2.409280 -3.305562
v -4.625000 -2.463561 7.775014
v -4.625000 -1.677632 0.526263
v -4.625000 2.297662 -3.379610
v -4.625000 -1.769113 0.474042
v -4.625000 2.180772 -3.449704
v -4.625000 -2.376366 7.837893
v -4.625000 -1.857225 0.421088
v -4.625000 2.058608 -3.515842
v -4.625000 -2.286571 7.898061
v -4.625000 -1.941967 0.367401
v -4.625000 1.931016 -3.577327
v -4.625000 -2.194726 7.955519
v -4.625000 -2.023340 0.312983
v -4.625000 1.797859 -3.633467
v -4.625000 -2.100830 8.010268
v -4.625000 -2.101343 0.257834
v -4.625000 1.659136 -3.684261
v -4.625000 -2.004883 8.062306
v -4.625000 -2.175976 0.201951
v -4.625000 1.514847 -3.729707
v -4.625000 -1.906885 8.111635
v -4.625000 1.364992 -3.769807
v -4.625000 -1.806838 8.158253
v -4.625000 1.209572 -3.804561
v -4.625000 -1.704739 8.202162
v -4.625000 1.048584 -3.833967
v -4.625000 -1.600591 8.243361
v -4.625000 0.882032 -3.858028
v -4.625000 -1.494391 8.281850
v -4.625000 0.709912 -3.876741
v -4.625000 -1.386140 8.317629
v -4.625000 0.532227 -3.890108
v -4.625000 -1.275840 8.350697
v -4.625000 0.348976 -3.898126
v -4.625000 -1.163488 8.381056
v -4.625000 0.160159 -3.900799
v -4.625000 -1.049701 8.408852
v -4.625000 -0.018260 -3.898529
v -4.625000 -0.935111 8.434231
v -4.625000 -0.191405 -3.891717
v -4.625000 -0.819715 8.457191
v -4.625000 -0.359277 -3.880365
v -4.625000 -0.703515 8.477736
v -4.625000 -0.521876 -3.864470
v -4.625000 -0.586510 8.495863
v -4.625000 -0.679200 -3.844034
v -4.625000 -0.468700 8.511574
v -4.625000 -0.831252 -3.819057
v -4.625000 -0.350085 8.524868
v -4.625000 -0.978029 -3.789539
v -4.625000 -0.230667 8.535744
v -4.625000 -1.119533 -3.755477
v -4.625000 -0.110443 8.544203
v -4.625000 -1.255764 -3.716876
v -4.625000 0.010585 8.550245
v -4.625000 -1.386721 -3.673734
v -4.625000 0.132419 8.553871
v -4.625000 -1.512404 -3.626050
v -4.625000 0.255057 8.555080
v -4.625000 -1.632814 -3.573823
v -4.625000 0.430329 8.553029
v -4.625000 -1.748060 -3.517725
v -4.625000 0.601062 8.546877
v -4.625000 -1.858253 -3.458402
v -4.625000 0.767252 8.536623
v -4.625000 -1.963392 -3.395856
v -4.625000 0.928901 8.522267
v -4.625000 1.086010 8.503811
v -4.625000 -2.063478 -3.330086
v -4.625000 1.238577 8.481251
v -4.625000 -2.158510 -3.261093
v -4.625000 1.386601 8.454591
v -4.625000 -2.248488 -3.188876
v -4.625000 1.530085 8.423829
v -4.625000 -2.333412 -3.113437
v -4.625000 1.669028 8.388966
v -4.625000 -2.413283 -3.034774
v -4.625000 1.803429 8.350000
v -4.625000 -2.488100 -2.952889
v -4.625000 -2.557863 -2.867778
v -4.625000 1.933289 8.306934
v -4.625000 -2.622572 -2.779445
v -4.625000 2.058609 8.259766
v -4.625000 -2.682227 -2.687888
v -4.625000 2.179203 8.208788
v -4.625000 -2.736976 -2.593629
v -4.625000 2.294889 8.154297
v -4.625000 -2.786964 -2.497172
v -4.625001 2.405669 8.096289
v -4.625000 -2.832191 -2.398518
v -4.625001 2.511541 8.034765
v -4.625000 -2.872657 -2.297664
v -4.625001 2.612506 7.969728
v -4.625000 -2.908363 -2.194613
v -4.625001 2.708565 7.901172
v -4.625000 -2.939307 -2.089364
v -4.625001 2.799714 7.829103
v -4.625000 -2.965492 -1.981917
v -4.625001 2.885958 7.753516
v -4.625000 -2.986915 -1.872273
v -4.625001 2.967293 7.674415
v -4.625000 -3.003577 -1.760430
v -4.625001 3.043721 7.591798
v -4.625000 -3.015480 -1.646388
v -4.625001 3.115243 7.505665
v -4.625000 -3.022620 -1.530149
v -4.625001 3.181856 7.416016
v -4.625000 -3.025000 -1.411712
v -4.625001 3.243343 7.323217
v -4.625000 -3.023572 -1.331479
v -4.625001 3.299483 7.227636
v -4.625000 -3.019287 -1.252489
v -4.625001 3.350276 7.129272
v -4.625000 -3.012147 -1.174745
v -4.625001 3.395723 7.028124
v -4.625000 -3.002149 -1.098245
v -4.625001 3.435823 6.924193
v -4.625000 -2.989295 -1.022991
v -4.625001 3.470577 6.817480
v -4.625000 -2.973584 -0.948981
v -4.625001 3.499983 6.707982
v -4.625000 -2.955017 -0.876214
v -4.625001 3.524043 6.595702
v -4.625000 -2.933594 -0.804693
v -4.625001 3.542756 6.480638
v -4.625000 -2.909314 -0.734417
v -4.625001 3.556123 6.362792
v -4.625000 -2.882177 -0.665386
v -4.625001 3.564142 6.242161
v -4.625000 -2.852184 -0.597598
v -4.625001 3.566816 6.118749
v -4.625000 -2.819335 -0.531056
v -4.625001 3.565681 6.029942
v -4.625000 -2.783447 -0.465538
v -4.625001 3.562276 5.942821
v -4.625000 -2.744335 -0.400829
v -4.625001 3.556598 5.857384
v -4.625000 -2.702002 -0.336923
v -4.625001 3.548651 5.773631
v -4.625000 -2.656446 -0.273824
v -4.625001 3.538432 5.691561
v -4.625000 -2.607667 -0.211532
v -4.625001 3.525944 5.611177
v -4.625000 -2.555665 -0.150045
v -4.625001 3.511185 5.532476
v -4.625000 -2.500440 -0.089364
v -4.625001 3.494155 5.455461
v -4.625000 -2.441993 -0.029488
v -4.625001 3.474854 5.380129
v -4.625000 -2.380323 0.029581
v -4.625001 3.453283 5.306481
v -4.625000 -2.315431 0.087843
v -4.625001 3.429440 5.234519
v -4.625000 -2.247315 0.145301
v -4.625001 3.403327 5.164240
v -4.625001 3.374396 5.095356
v -4.625001 3.342095 5.027573
v -4.625001 2.351276 4.080580
v -4.625001 3.306424 4.960888
v -4.625001 2.442316 4.134412
v -4.625001 3.267386 4.895301
v -4.625001 3.224978 4.830812
v -4.625001 2.529109 4.188682
v -4.625001 3.179204 4.767424
v -4.625001 2.611654 4.243392
v -4.625001 3.130060 4.705132
v -4.625001 2.689953 4.298542
v -4.625001 3.077546 4.643940
v -4.625001 2.764004 4.354131
v -4.625001 3.021665 4.583847
v -4.625001 2.833808 4.410160
v -4.625001 2.962414 4.524853
v -4.625001 2.899796 4.466957
vn 1.0000 -0.0000 -0.0000
vn 1.0000 -0.0001 -0.0000
vn 1.0000 0.0001 -0.0000
vn 1.0000 -0.0002 -0.0000
vn 1.0000 0.0002 -0.0000
vn -1.0000 -0.0000 -0.0000
vn -1.0000 0.0001 -0.0001
vn -1.0000 -0.0002 -0.0000
vn -1.0000 -0.0001 -0.0000
vn -1.0000 0.0002 -0.0000
vn -1.0000 0.0001 -0.0000
vn -1.0000 -0.0001 0.0001
vn -1.0000 0.0001 -0.0002
vn -1.0000 -0.0000 0.0001
vn -1.0000 0.0011 -0.0000
vn -1.0000 0.0005 -0.0000
vn -1.0000 -0.0004 -0.0000
vn -1.0000 -0.0003 -0.0000
vn -0.0000 -0.9978 -0.0663
vn -0.0000 -0.9936 -0.1127
vn -0.0000 -0.9870 -0.1605
vn -0.0000 -0.9778 -0.2095
vn -0.0000 -0.9658 -0.2594
vn -0.0000 -0.9508 -0.3097
vn -0.0000 -0.9330 -0.3600
vn -0.0000 -0.9122 -0.4098
vn -0.0000 -0.9122 -0.4099
vn -0.0000 -0.8885 -0.4588
vn -0.0000 -0.8623 -0.5065
vn -0.0000 -0.8336 -0.5523
vn -0.0000 -0.8027 -0.5964
vn -0.0000 -0.7693 -0.6388
vn -0.0000 -0.7341 -0.6791
vn -0.0000 -0.6972 -0.7169
vn -0.0000 -0.6591 -0.7520
vn -0.0000 -0.6202 -0.7844
vn -0.0000 -0.5809 -0.8140
vn -0.0000 -0.5415 -0.8407
vn -0.0000 -0.5024 -0.8646
vn -0.0000 -0.4639 -0.8859
vn -0.0000 -0.4261 -0.9047
vn -0.0000 -0.3894 -0.9211
vn -0.0000 -0.3523 -0.9359
vn -0.0000 -0.3148 -0.9492
vn -0.0000 -0.2784 -0.9605
vn -0.0000 -0.2434 -0.9699
vn -0.0000 -0.2096 -0.9778
vn -0.0000 -0.1773 -0.9842
vn -0.0000 -0.1463 -0.9892
vn -0.0000 -0.1167 -0.9932
vn -0.0000 -0.0885 -0.9961
vn -0.0000 -0.0616 -0.9981
vn -0.0000 -0.0360 -0.9994
vn -0.0000 -0.0117 -0.9999
vn -0.0000 0.0099 -1.0000
vn -0.0000 0.0297 -0.9996
vn -0.0000 0.0499 -0.9988
vn -0.0000 0.0702 -0.9975
vn -0.0000 0.0907 -0.9959
vn -0.0000 0.1114 -0.9938
vn -0.0000 0.1322 -0.9912
vn -0.0000 0.1531 -0.9882
vn -0.0000 0.1741 -0.9847
vn -0.0000 0.1952 -0.9808
vn -0.0000 0.2162 -0.9763
vn -0.0000 0.2373 -0.9714
vn -0.0000 0.2609 -0.9654
vn -0.0000 0.2872 -0.9579
vn -0.0000 0.3138 -0.9495
vn -0.0000 0.3407 -0.9402
vn -0.0000 0.3678 -0.9299
vn -0.0000 0.3951 -0.9186
vn -0.0000 0.4224 -0.9064
vn -0.0000 0.4496 -0.8932
vn -0.0000 0.4768 -0.8790
vn -0.0000 0.5037 -0.8639
vn -0.0000 0.5304 -0.8478
vn -0.0000 0.5567 -0.8307
vn -0.0000 0.5566 -0.8307
vn -0.0000 0.5849 -0.8111
vn -0.0000 0.6152 -0.7884
vn -0.0000 0.6451 -0.7641
vn -0.0000 0.6744 -0.7384
vn -0.0000 0.7029 -0.7113
vn -0.0000 0.7305 -0.6829
vn -0.0000 0.7570 -0.6534
vn -0.0000 0.7571 -0.6534
vn -0.0000 0.7824 -0.6228
vn -0.0000 0.8064 -0.5913
vn -0.0000 0.8291 -0.5591
vn -0.0000 0.8503 -0.5264
vn -0.0000 0.8699 -0.4932
vn -0.0000 0.8905 -0.4550
vn -0.0000 0.9114 -0.4116
vn -0.0000 0.9298 -0.3682
vn -0.0000 0.9457 -0.3250
vn -0.0000 0.9593 -0.2824
vn -0.0000 0.9706 -0.2407
vn -0.0000 0.9706 -0.2406
vn -0.0000 0.9798 -0.1999
vn -0.0000 0.9871 -0.1604
vn -0.0000 0.9925 -0.1221
vn -0.0000 0.9964 -0.0854
vn -0.0000 0.9964 -0.0853
vn -0.0000 0.9987 -0.0501
vn -0.0000 0.9999 -0.0163
vn -0.0000 -0.0000 -1.0000
vn -0.0000 -0.9998 0.0183
vn -0.0000 -0.9984 0.0561
vn -0.0000 -0.9955 0.0952
vn -0.0000 -0.9908 0.1355
vn -0.0000 -0.9842 0.1770
vn -0.0000 -0.9757 0.2193
vn -0.0000 -0.9650 0.2623
vn -0.0000 -0.9521 0.3058
vn -0.0000 -0.9370 0.3494
vn -0.0000 -0.9196 0.3929
vn -0.0000 -0.9000 0.4359
vn -0.0000 -0.8783 0.4782
vn -0.0000 -0.8575 0.5145
vn -0.0000 -0.8383 0.5452
vn -0.0000 -0.8178 0.5755
vn -0.0000 -0.7961 0.6051
vn -0.0000 -0.7733 0.6341
vn -0.0000 -0.7494 0.6622
vn -0.0000 -0.7245 0.6893
vn -0.0000 -0.6988 0.7153
vn -0.0000 -0.6723 0.7402
vn -0.0000 -0.6453 0.7639
vn -0.0000 -0.6178 0.7864
vn -0.0000 -0.5899 0.8075
vn -0.0000 -0.5642 0.8257
vn -0.0000 -0.5404 0.8414
vn -0.0000 -0.5161 0.8565
vn -0.0000 -0.4915 0.8709
vn -0.0000 -0.4666 0.8845
vn -0.0000 -0.4414 0.8973
vn -0.0000 -0.4160 0.9093
vn -0.0000 -0.3905 0.9206
vn -0.0000 -0.3906 0.9206
vn -0.0000 -0.3650 0.9310
vn -0.0000 -0.3395 0.9406
vn -0.0000 -0.3140 0.9494
vn -0.0000 -0.2886 0.9574
vn -0.0000 -0.2650 0.9643
vn -0.0000 -0.2427 0.9701
vn -0.0000 -0.2201 0.9755
vn -0.0000 -0.1974 0.9803
vn -0.0000 -0.1744 0.9847
vn -0.0000 -0.1513 0.9885
vn -0.0000 -0.1281 0.9918
vn -0.0000 -0.1048 0.9945
vn -0.0000 -0.0814 0.9967
vn -0.0000 -0.0581 0.9983
vn -0.0000 -0.0348 0.9994
vn -0.0000 -0.0116 0.9999
vn -0.0000 0.0100 0.9999
vn -0.0000 0.0306 0.9995
vn -0.0000 0.0518 0.9987
vn -0.0000 0.0736 0.9973
vn -0.0000 0.0960 0.9954
vn -0.0000 0.1190 0.9929
vn -0.0000 0.1427 0.9898
vn -0.0000 0.1669 0.9860
vn -0.0000 0.1916 0.9815
vn -0.0000 0.2169 0.9762
vn -0.0000 0.2427 0.9701
vn -0.0000 0.2689 0.9632
vn -0.0000 0.2945 0.9556
vn -0.0000 0.3198 0.9475
vn -0.0000 0.3455 0.9384
vn -0.0000 0.3718 0.9283
vn -0.0000 0.3985 0.9172
vn -0.0000 0.4257 0.9049
vn -0.0000 0.4531 0.8915
vn -0.0000 0.4808 0.8768
vn -0.0000 0.5086 0.8610
vn -0.0000 0.5365 0.8439
vn -0.0000 0.5643 0.8256
vn -0.0000 0.5920 0.8060
vn -0.0000 0.6197 0.7849
vn -0.0000 0.6474 0.7621
vn -0.0000 0.6749 0.7379
vn -0.0000 0.7020 0.7122
vn -0.0000 0.7284 0.6851
vn -0.0000 0.7542 0.6567
vn -0.0000 0.7790 0.6270
vn -0.0000 0.8028 0.5962
vn -0.0000 0.8255 0.5644
vn -0.0000 0.8469 0.5317
vn -0.0000 0.8670 0.4983
vn -0.0000 0.8857 0.4643
vn -0.0000 0.9034 0.4287
vn -0.0000 0.9203 0.3911
vn -0.0000 0.9356 0.3530
vn -0.0000 0.9492 0.3146
vn -0.0000 0.9612 0.2760
vn -0.0000 0.9714 0.2374
vn -0.0000 0.9800 0.1991
vn -0.0000 0.9869 0.1613
vn -0.0000 0.9923 0.1240
vn -0.0000 0.9962 0.0874
vn -0.0000 0.9987 0.0517
vn -0.0000 0.9999 0.0170
vn -0.0000 0.9999 -0.0141
vn -0.0000 0.9991 -0.0430
vn -0.0000 0.9973 -0.0728
vn -0.0000 0.9946 -0.1035
vn -0.0000 0.9908 -0.1350
vn -0.0000 0.9859 -0.1673
vn -0.0000 0.9797 -0.2003
vn -0.0000 0.9723 -0.2339
vn -0.0000 0.9634 -0.2679
vn -0.0000 0.9532 -0.3023
vn -0.0000 0.9415 -0.3370
vn -0.0000 0.9284 -0.3717
vn -0.0000 0.9138 -0.4062
vn -0.0000 0.8978 -0.4404
vn -0.0000 0.8806 -0.4738
vn -0.0000 0.8623 -0.5065
vn -0.0000 0.8428 -0.5382
vn -0.0000 0.8224 -0.5688
vn -0.0000 0.8224 -0.5689
vn -0.0000 0.8012 -0.5984
vn -0.0000 0.7793 -0.6267
vn -0.0000 0.7567 -0.6538
vn -0.0000 0.7337 -0.6795
vn -0.0000 0.7103 -0.7039
vn -0.0000 0.6867 -0.7269
vn -0.0000 0.6636 -0.7481
vn -0.0000 0.6413 -0.7673
vn -0.0000 0.6192 -0.7852
vn -0.0000 0.5975 -0.8019
vn -0.0000 0.5761 -0.8173
vn -0.0000 0.5552 -0.8317
vn -0.0000 0.5347 -0.8450
vn -0.0000 0.5147 -0.8574
vn -0.0000 0.4952 -0.8688
vn -0.0000 0.4762 -0.8793
vn -0.0000 0.4578 -0.8891
vn -0.0000 0.4399 -0.8981
vn -0.0000 0.4229 -0.9062
vn -0.0000 0.4070 -0.9134
vn -0.0000 0.3917 -0.9201
vn -0.0000 0.3770 -0.9262
vn -0.0000 0.3628 -0.9319
vn -0.0000 0.3491 -0.9371
vn -0.0000 0.3359 -0.9419
vn -0.0000 0.3232 -0.9463
vn -0.0000 0.3110 -0.9504
vn -0.0000 0.2992 -0.9542
vn -0.0000 0.2879 -0.9577
vn -0.0000 0.2770 -0.9609
vn -0.0000 0.2714 -0.9625
vn -0.0000 0.2715 -0.9625
vn -0.0000 0.2793 -0.9602
vn -0.0000 0.2875 -0.9578
vn -0.0000 0.2960 -0.9552
vn -0.0000 0.3049 -0.9524
vn -0.0000 0.3142 -0.9494
vn -0.0000 0.3239 -0.9461
vn -0.0000 0.3341 -0.9425
vn -0.0000 0.3447 -0.9387
vn -0.0000 0.3559 -0.9345
vn -0.0000 0.3676 -0.9300
vn -0.0000 0.3798 -0.9251
vn -0.0000 0.3936 -0.9193
vn -0.0000 0.4091 -0.9125
vn -0.0000 0.4251 -0.9051
vn -0.0000 0.4418 -0.8971
vn -0.0000 0.4591 -0.8884
vn -0.0000 0.4771 -0.8788
vn -0.0000 0.4771 -0.8789
vn -0.0000 0.4958 -0.8685
vn -0.0000 0.5151 -0.8571
vn -0.0000 0.5352 -0.8447
vn -0.0000 0.5559 -0.8313
vn -0.0000 0.5773 -0.8165
vn -0.0000 0.5994 -0.8005
vn -0.0000 0.6219 -0.7831
vn -0.0000 0.6448 -0.7644
vn -0.0000 0.6681 -0.7441
vn -0.0000 0.6917 -0.7222
vn -0.0000 0.7156 -0.6985
vn -0.0000 0.7396 -0.6731
vn -0.0000 0.7635 -0.6458
vn -0.0000 0.7873 -0.6165
vn -0.0000 0.8108 -0.5854
vn -0.0000 0.8337 -0.5523
vn -0.0000 0.8558 -0.5173
vn -0.0000 0.8770 -0.4804
vn -0.0000 0.8967 -0.4427
vn -0.0000 0.9145 -0.4046
vn -0.0000 0.9307 -0.3658
vn -0.0000 0.9307 -0.3659
vn -0.0000 0.9452 -0.3266
vn -0.0000 0.9579 -0.2869
vn -0.0000 0.9690 -0.2472
vn -0.0000 0.9782 -0.2077
vn -0.0000 0.9782 -0.2076
vn -0.0000 0.9857 -0.1684
vn -0.0000 0.9916 -0.1296
vn -0.0000 0.9958 -0.0915
vn -0.0000 0.9985 -0.0542
vn -0.0000 0.9998 -0.0178
vn -0.0000 0.9998 0.0201
vn -0.0000 0.9981 0.0613
vn -0.0000 0.9946 0.1038
vn -0.0000 0.9891 0.1474
vn -0.0000 0.9814 0.1918
vn -0.0000 0.9716 0.2368
vn -0.0000 0.9594 0.2821
vn -0.0000 0.9449 0.3274
vn -0.0000 0.9281 0.3724
vn -0.0000 0.9090 0.4167
vn -0.0000 0.8879 0.4601
vn -0.0000 0.8647 0.5023
vn -0.0000 0.8378 0.5459
vn -0.0000 0.8067 0.5910
vn -0.0000 0.7734 0.6339
vn -0.0000 0.7382 0.6745
vn -0.0000 0.7017 0.7125
vn -0.0000 0.6641 0.7476
vn -0.0000 0.6259 0.7799
vn -0.0000 0.5875 0.8092
vn -0.0000 0.5492 0.8357
vn -0.0000 0.5113 0.8594
vn -0.0000 0.4740 0.8805
vn -0.0000 0.4377 0.8991
vn -0.0000 0.3979 0.9174
vn -0.0000 0.3547 0.9350
vn -0.0000 0.3129 0.9498
vn -0.0000 0.2726 0.9621
vn -0.0000 0.2340 0.9722
vn -0.0000 0.1972 0.9804
vn -0.0000 0.1621 0.9868
vn -0.0000 0.1288 0.9917
vn -0.0000 0.0973 0.9953
vn -0.0000 0.0675 0.9977
vn -0.0000 0.0393 0.9992
vn -0.0000 0.0127 0.9999
vn -0.0000 -0.0142 0.9999
vn -0.0000 -0.0437 0.9990
vn -0.0000 -0.0750 0.9972
vn -0.0000 -0.1081 0.9941
vn -0.0000 -0.1430 0.9897
vn -0.0000 -0.1797 0.9837
vn -0.0000 -0.2182 0.9759
vn -0.0000 -0.2585 0.9660
vn -0.0000 -0.3004 0.9538
vn -0.0000 -0.3438 0.9390
vn -0.0000 -0.3885 0.9215
vn -0.0000 -0.4341 0.9009
vn -0.0000 -0.4761 0.8794
vn -0.0000 -0.5143 0.8576
vn -0.0000 -0.5528 0.8333
vn -0.0000 -0.5914 0.8063
vn -0.0000 -0.6298 0.7767
vn -0.0000 -0.6676 0.7445
vn -0.0000 -0.7045 0.7097
vn -0.0000 -0.7401 0.6725
vn -0.0000 -0.7740 0.6331
vn -0.0000 -0.8060 0.5919
vn -0.0000 -0.8358 0.5491
vn -0.0000 -0.8631 0.5051
vn -0.0000 -0.8865 0.4626
vn -0.0000 -0.9067 0.4219
vn -0.0000 -0.9248 0.3804
vn -0.0000 -0.9409 0.3386
vn -0.0000 -0.9550 0.2966
vn -0.0000 -0.9670 0.2547
vn -0.0000 -0.9770 0.2132
vn -0.0000 -0.9851 0.1722
vn -0.0000 -0.9912 0.1321
vn -0.0000 -0.9957 0.0929
vn -0.0000 -0.9985 0.0548
vn -0.0000 -0.9998 0.0179
vn -0.0000 -0.9998 0.0180
vn -0.0000 -0.0000 1.0000
vn -0.0000 0.9998 -0.0220
vn -0.0000 0.9978 -0.0666
vn -0.0000 0.9937 -0.1117
vn -0.0000 0.9876 -0.1570
vn -0.0000 0.9793 -0.2023
vn -0.0000 0.9566 -0.2914
vn -0.0000 0.9423 -0.3348
vn -0.0000 0.9262 -0.3769
vn -0.0000 0.9086 -0.4177
vn -0.0000 0.8895 -0.4570
vn -0.0000 0.8692 -0.4945
vn -0.0000 0.8463 -0.5328
vn -0.0000 0.8201 -0.5722
vn -0.0000 0.7921 -0.6104
vn -0.0000 0.7624 -0.6471
vn -0.0000 0.7313 -0.6820
vn -0.0000 0.6991 -0.7150
vn -0.0000 0.6660 -0.7460
vn -0.0000 0.6322 -0.7748
vn -0.0000 0.5981 -0.8014
vn -0.0000 0.5638 -0.8259
vn -0.0000 0.5297 -0.8482
vn -0.0000 0.4958 -0.8684
vn -0.0000 0.4959 -0.8684
vn -0.0000 0.4570 -0.8894
vn -0.0000 0.4127 -0.9109
vn -0.0000 0.3685 -0.9296
vn -0.0000 0.3247 -0.9458
vn -0.0000 0.2817 -0.9595
vn -0.0000 0.2396 -0.9709
vn -0.0000 0.1987 -0.9801
vn -0.0000 0.1591 -0.9873
vn -0.0000 0.1210 -0.9927
vn -0.0000 0.0844 -0.9964
vn -0.0000 0.0494 -0.9988
vn -0.0000 0.0161 -0.9999
vn -0.0000 -0.0112 -0.9999
vn -0.0000 -0.0343 -0.9994
vn -0.0000 -0.0580 -0.9983
vn -0.0000 -0.0824 -0.9966
vn -0.0000 -0.1074 -0.9942
vn -0.0000 -0.1331 -0.9911
vn -0.0000 -0.1594 -0.9872
vn -0.0000 -0.1863 -0.9825
vn -0.0000 -0.2137 -0.9769
vn -0.0000 -0.2416 -0.9704
vn -0.0000 -0.2699 -0.9629
vn -0.0000 -0.2986 -0.9544
vn -0.0000 -0.3257 -0.9455
vn -0.0000 -0.3512 -0.9363
vn -0.0000 -0.3772 -0.9261
vn -0.0000 -0.4035 -0.9150
vn -0.0000 -0.4302 -0.9027
vn -0.0000 -0.4572 -0.8894
vn -0.0000 -0.4843 -0.8749
vn -0.0000 -0.5116 -0.8592
vn -0.0000 -0.5388 -0.8424
vn -0.0000 -0.5659 -0.8245
vn -0.0000 -0.5928 -0.8053
vn -0.0000 -0.6195 -0.7850
vn -0.0000 -0.6454 -0.7638
vn -0.0000 -0.6709 -0.7415
vn -0.0000 -0.6961 -0.7179
vn -0.0000 -0.7210 -0.6930
vn -0.0000 -0.7210 -0.6929
vn -0.0000 -0.7453 -0.6667
vn -0.0000 -0.7690 -0.6393
vn -0.0000 -0.7919 -0.6106
vn -0.0000 -0.8139 -0.5809
vn -0.0000 -0.8350 -0.5503
vn -0.0000 -0.8549 -0.5188
vn -0.0000 -0.8736 -0.4866
vn -0.0000 -0.8911 -0.4538
vn -0.0000 -0.9077 -0.4197
vn -0.0000 -0.9233 -0.3840
vn -0.0000 -0.9376 -0.3477
vn -0.0000 -0.9504 -0.3109
vn -0.0000 -0.9618 -0.2737
vn -0.0000 -0.9717 -0.2363
vn -0.0000 -0.9800 -0.1989
vn -0.0000 -0.9868 -0.1617
vn -0.0000 -0.9922 -0.1247
vn -0.0000 -0.9961 -0.0883
vn -0.0000 -0.9986 -0.0524
vn -0.0000 -0.9999 -0.0173
vn -0.0000 -0.9999 0.0163
vn -0.0000 -0.9988 0.0499
vn -0.0000 -0.9964 0.0845
vn -0.0000 -0.9927 0.1203
vn -0.0000 -0.9876 0.1569
vn -0.0000 -0.9809 0.1945
vn -0.0000 -0.9726 0.2327
vn -0.0000 -0.9725 0.2327
vn -0.0000 -0.9625 0.2715
vn -0.0000 -0.9505 0.3106
vn -0.0000 -0.9368 0.3498
vn -0.0000 -0.9212 0.3890
vn -0.0000 -0.9038 0.4279
vn -0.0000 -0.8860 0.4636
vn -0.0000 -0.8683 0.4960
vn -0.0000 -0.8495 0.5275
vn -0.0000 -0.8297 0.5582
vn -0.0000 -0.8090 0.5879
vn -0.0000 -0.8089 0.5879
vn -0.0000 -0.7874 0.6165
vn -0.0000 -0.7651 0.6439
vn -0.0000 -0.7422 0.6701
vn -0.0000 -0.7189 0.6951
vn -0.0000 -0.6952 0.7188
vn -0.0000 -0.6713 0.7412
vn -0.0000 -0.6473 0.7622
vn -0.0000 -0.6254 0.7803
vn -0.0000 -0.6056 0.7958
vn -0.0000 -0.5860 0.8103
vn -0.0000 -0.5666 0.8240
vn -0.0000 -0.5474 0.8369
vn -0.0000 -0.5285 0.8489
vn -0.0000 -0.5098 0.8603
vn -0.0000 -0.4735 0.8808
vn -0.0000 -0.4559 0.8900
vn -0.0000 -0.4386 0.8987
vn -0.0000 -0.4217 0.9067
vn -0.0000 -0.4073 0.9133
vn -0.0000 -0.3952 0.9186
vn -0.0000 -0.3835 0.9236
vn -0.0000 -0.3834 0.9236
vn -0.0000 -0.3720 0.9283
vn -0.0000 -0.3719 0.9283
vn -0.0000 -0.3607 0.9327
vn -0.0000 -0.3606 0.9327
vn -0.0000 -0.3497 0.9369
vn -0.0000 -0.3389 0.9408
vn -0.0000 -0.3284 0.9445
vn -0.0000 -0.3182 0.9480
vn -0.0000 -0.3081 0.9514
vn -0.0000 -0.2984 0.9544
vn -0.0000 -0.2984 0.9545
vn -0.0000 -0.2888 0.9574
vn -0.0000 -0.2889 0.9574
vn -0.0000 -0.2830 0.9591
vn -0.0000 -0.2901 0.9570
vn -0.0000 -0.2975 0.9547
vn -0.0000 -0.3054 0.9522
vn -0.0000 -0.3136 0.9496
vn -0.0000 -0.3136 0.9495
vn -0.0000 -0.3224 0.9466
vn -0.0000 -0.3225 0.9466
vn -0.0000 -0.3317 0.9434
vn -0.0000 -0.3416 0.9398
vn -0.0000 -0.3521 0.9360
vn -0.0000 -0.3521 0.9359
vn -0.0000 -0.3633 0.9317
vn -0.0000 -0.3753 0.9269
vn -0.0000 -0.3880 0.9217
vn -0.0000 -0.4022 0.9155
vn -0.0000 -0.4178 0.9085
vn -0.0000 -0.4342 0.9008
vn -0.0000 -0.4515 0.8923
vn -0.0000 -0.4697 0.8828
vn -0.0000 -0.4888 0.8724
vn -0.0000 -0.5090 0.8608
vn -0.0000 -0.5302 0.8479
vn -0.0000 -0.5525 0.8335
vn -0.0000 -0.5758 0.8176
vn -0.0000 -0.6003 0.7997
vn -0.0000 -0.6260 0.7799
vn -0.0000 -0.6524 0.7579
vn -0.0000 -0.6789 0.7342
vn -0.0000 -0.6789 0.7343
vn -0.0000 -0.7056 0.7086
vn -0.0000 -0.7323 0.6810
vn -0.0000 -0.7589 0.6513
vn -0.0000 -0.7589 0.6512
vn -0.0000 -0.7851 0.6194
vn -0.0000 -0.8107 0.5854
vn -0.0000 -0.8355 0.5494
vn -0.0000 -0.8593 0.5115
vn -0.0000 -0.8818 0.4717
vn -0.0000 -0.9027 0.4302
vn -0.0000 -0.9220 0.3872
vn -0.0000 -0.9374 0.3483
vn -0.0000 -0.9493 0.3145
vn -0.0000 -0.9597 0.2811
vn -0.0000 -0.9687 0.2482
vn -0.0000 -0.9764 0.2159
vn -0.0000 -0.9829 0.1843
vn -0.0000 -0.9881 0.1535
vn -0.0000 -0.9923 0.1236
vn -0.0000 -0.9955 0.0944
vn -0.0000 -0.9955 0.0945
vn -0.0000 -0.9978 0.0663
vn -0.0000 -0.9992 0.0391
vn -0.0000 -0.9999 0.0128
vn -0.0000 -0.9998 -0.0217
s 1
f 1//1 2//1 3//1
f 4//1 5//1 1//1
f 6//1 7//1 4//1
f 8//1 9//1 6//1
f 10//1 11//1 8//1
f 12//1 13//1 10//1
f 14//1 15//1 12//1
f 16//1 17//1 14//1
f 18//1 19//1 16//1
f 20//1 21//1 18//1
f 22//1 23//1 20//1
f 24//1 25//1 22//1
f 26//1 27//1 24//1
f 28//1 29//1 26//1
f 30//1 31//1 28//1
f 32//1 33//1 30//1
f 34//1 35//1 32//1
f 36//1 37//1 34//1
f 38//1 39//1 36//1
f 40//1 41//1 38//1
f 42//1 43//1 40//1
f 44//1 45//1 42//1
f 46//1 47//1 44//1
f 48//1 49//1 46//1
f 50//1 51//1 48//1
f 52//1 53//1 50//1
f 54//1 55//1 52//1
f 56//1 57//1 54//1
f 58//1 59//1 56//1
f 60//1 61//1 58//1
f 62//1 63//1 60//1
f 64//1 65//1 62//1
f 66//1 67//1 64//1
f 68//1 69//1 66//1
f 70//1 71//1 68//1
f 72//1 73//1 70//1
f 74//1 75//1 72//1
f 76//1 77//1 74//1
f 78//1 79//1 76//1
f 80//1 81//1 78//1
f 82//1 83//1 80//1
f 84//1 85//1 82//1
f 86//1 87//1 84//1
f 88//1 89//1 86//1
f 90//1 91//1 88//1
f 92//1 93//1 90//1
f 94//1 95//1 92//1
f 96//1 97//1 94//1
f 98//1 99//1 96//1
f 100//2 101//1 98//1
f 102//1 103//1 100//2
f 104//1 105//1 102//1
f 106//1 107//1 104//1
f 108//3 109//1 106//1
f 110//1 111//1 108//3
f 112//1 113//1 110//1
f 114//1 115//1 112//1
f 116//1 117//1 114//1
f 118//1 119//1 116//1
f 120//1 121//1 118//1
f 122//1 123//1 120//1
f 124//3 125//2 122//1
f 126//1 127//2 124//3
f 128//1 129//4 126//1
f 130//1 131//4 128//1
f 132//1 133//1 130//1
f 134//1 135//1 132//1
f 136//1 137//1 134//1
f 138//1 139//1 136//1
f 140//1 141//1 138//1
f 142//1 143//5 140//1
f 144//1 145//1 142//1
f 146//1 147//1 144//1
f 148//1 149//1 150//1
f 151//1 152//2 148//1
f 153//1 154//1 151//1
f 155//1 156//1 153//1
f 157//1 158//1 155//1
f 159//1 160//1 157//1
f 161//1 162//1 159//1
f 163//1 164//1 161//1
f 165//1 166//1 163//1
f 167//1 168//1 165//1
f 169//1 170//1 167//1
f 171//1 172//1 169//1
f 173//1 174//1 171//1
f 175//1 176//1 173//1
f 177//1 178//1 175//1
f 179//1 180//1 177//1
f 181//1 182//1 179//1
f 183//1 184//1 181//1
f 185//1 186//1 183//1
f 187//1 188//1 185//1
f 189//1 190//1 187//1
f 191//1 192//1 189//1
f 193//1 194//1 191//1
f 195//1 196//1 193//1
f 197//1 198//1 195//1
f 199//1 200//1 197//1
f 201//1 202//1 199//1
f 203//1 204//1 201//1
f 205//1 206//1 203//1
f 207//1 208//1 205//1
f 209//1 210//1 207//1
f 211//1 212//1 209//1
f 213//1 214//1 211//1
f 215//1 216//1 213//1
f 217//1 218//1 215//1
f 219//1 220//1 217//1
f 221//1 222//1 219//1
f 223//1 224//1 221//1
f 225//1 226//1 223//1
f 227//1 228//1 225//1
f 229//1 230//1 227//1
f 231//1 232//1 229//1
f 233//1 234//1 231//1
f 235//1 236//1 233//1
f 237//1 238//1 235//1
f 239//1 240//1 237//1
f 241//1 242//1 239//1
f 243//1 244//1 241//1
f 245//1 246//1 243//1
f 247//1 248//3 245//1
f 249//1 250//1 247//1
f 251//1 252//1 249//1
f 253//1 254//3 251//1
f 255//1 256//1 253//1
f 257//1 258//2 255//1
f 259//1 260//2 257//1
f 261//1 262//4 259//1
f 263//1 264//2 261//1
f 265//1 266//4 263//1
f 267//1 268//1 265//1
f 269//1 270//3 267//1
f 271//1 272//4 269//1
f 273//1 274//1 271//1
f 275//1 276//2 273//1
f 277//1 278//4 275//1
f 279//1 280//1 277//1
f 281//1 282//1 279//1
f 1//1 3//1 283//1
f 6//1 4//1 1//1
f 10//1 8//1 6//1
f 14//1 12//1 10//1
f 18//1 16//1 14//1
f 22//1 20//1 18//1
f 26//1 24//1 22//1
f 30//1 28//1 26//1
f 34//1 32//1 30//1
f 38//1 36//1 34//1
f 42//1 40//1 38//1
f 46//1 44//1 42//1
f 50//1 48//1 46//1
f 54//1 52//1 50//1
f 58//1 56//1 54//1
f 62//1 60//1 58//1
f 66//1 64//1 62//1
f 70//1 68//1 66//1
f 74//1 72//1 70//1
f 78//1 76//1 74//1
f 82//1 80//1 78//1
f 86//1 84//1 82//1
f 90//1 88//1 86//1
f 94//1 92//1 90//1
f 98//1 96//1 94//1
f 102//1 100//2 98//1
f 106//1 104//1 102//1
f 110//1 108//3 106//1
f 114//1 112//1 110//1
f 118//1 116//1 114//1
f 122//1 120//1 118//1
f 126//1 124//3 122//1
f 130//1 128//1 126//1
f 134//1 132//1 130//1
f 138//1 136//1 134//1
f 142//1 140//1 138//1
f 146//1 144//1 142//1
f 148//1 150//1 284//1
f 153//1 151//1 148//1
f 157//1 155//1 153//1
f 161//1 159//1 157//1
f 165//1 163//1 161//1
f 169//1 167//1 165//1
f 173//1 171//1 169//1
f 177//1 175//1 173//1
f 181//1 179//1 177//1
f 185//1 183//1 181//1
f 189//1 187//1 185//1
f 193//1 191//1 189//1
f 197//1 195//1 193//1
f 201//1 199//1 197//1
f 205//1 203//1 201//1
f 209//1 207//1 205//1
f 213//1 211//1 209//1
f 217//1 215//1 213//1
f 221//1 219//1 217//1
f 225//1 223//1 221//1
f 229//1 227//1 225//1
f 233//1 231//1 229//1
f 237//1 235//1 233//1
f 241//1 239//1 237//1
f 245//1 243//1 241//1
f 249//1 247//1 245//1
f 253//1 251//1 249//1
f 257//1 255//1 253//1
f 261//1 259//1 257//1
f 265//1 263//1 261//1
f 269//1 267//1 265//1
f 273//1 271//1 269//1
f 277//1 275//1 273//1
f 281//1 279//1 277//1
f 1//1 283//1 285//1
f 10//1 6//1 1//1
f 18//1 14//1 10//1
f 26//1 22//1 18//1
f 34//1 30//1 26//1
f 42//1 38//1 34//1
f 50//1 46//1 42//1
f 58//1 54//1 50//1
f 66//1 62//1 58//1
f 74//1 70//1 66//1
f 82//1 78//1 74//1
f 90//1 86//1 82//1
f 98//1 94//1 90//1
f 106//1 102//1 98//1
f 114//1 110//1 106//1
f 122//1 118//1 114//1
f 130//1 126//1 122//1
f 138//1 134//1 130//1
f 146//1 142//1 138//1
f 148//1 284//1 286//1
f 157//1 153//1 148//1
f 165//1 161//1 157//1
f 173//1 169//1 165//1
f 181//1 177//1 173//1
f 189//1 185//1 181//1
f 197//1 193//1 189//1
f 205//1 201//1 197//1
f 213//1 209//1 205//1
f 221//1 217//1 213//1
f 229//1 225//1 221//1
f 237//1 233//1 229//1
f 245//1 241//1 237//1
f 253//1 249//1 245//1
f 261//1 257//1 253//1
f 269//1 265//1 261//1
f 277//1 273//1 269//1
f 287//5 281//1 277//1
f 1//1 285//1 288//1
f 18//1 10//1 1//1
f 34//1 26//1 18//1
f 50//1 42//1 34//1
f 66//1 58//1 50//1
f 82//1 74//1 66//1
f 98//1 90//1 82//1
f 114//1 106//1 98//1
f 130//1 122//1 114//1
f 146//1 138//1 130//1
f 148//1 286//1 289//1
f 165//1 157//1 148//1
f 181//1 173//1 165//1
f 197//1 189//1 181//1
f 213//1 205//1 197//1
f 229//1 221//1 213//1
f 245//1 237//1 229//1
f 261//1 253//1 245//1
f 277//1 269//1 261//1
f 290//1 287//5 277//1
f 1//1 288//1 291//1
f 34//1 18//1 1//1
f 66//1 50//1 34//1
f 98//1 82//1 66//1
f 130//1 114//1 98//1
f 292//1 146//1 130//1
f 148//1 289//1 293//1
f 181//1 165//1 148//1
f 213//1 197//1 181//1
f 245//1 229//1 213//1
f 277//1 261//1 245//1
f 294//1 290//1 277//1
f 1//1 291//1 295//1
f 292//1 130//1 98//1
f 148//1 293//1 296//1
f 294//1 277//1 245//1
f 1//1 295//1 297//1
f 298//1 292//1 98//1
f 148//1 296//1 299//1
f 300//1 294//1 245//1
f 1//1 297//1 301//1
f 302//1 298//1 98//1
f 148//1 299//1 303//1
f 304//1 300//1 245//1
f 1//1 301//1 305//1
f 306//1 302//1 98//1
f 148//1 303//1 307//1
f 308//1 304//1 245//1
f 1//1 305//1 309//1
f 310//1 306//1 98//1
f 148//1 307//1 311//1
f 312//1 308//1 245//1
f 1//1 309//1 313//1
f 314//1 310//1 98//1
f 148//1 311//1 315//1
f 316//1 312//1 245//1
f 1//1 313//1 317//1
f 318//1 314//1 98//1
f 148//1 315//1 319//1
f 320//1 316//1 245//1
f 1//1 317//1 321//1
f 322//1 318//1 98//1
f 148//1 319//1 323//1
f 324//1 320//1 245//1
f 1//1 321//1 325//1
f 326//1 322//1 98//1
f 148//1 323//1 327//1
f 328//1 324//1 245//1
f 1//1 325//1 329//1
f 330//1 326//1 98//1
f 148//1 327//1 331//1
f 332//1 328//1 245//1
f 1//1 329//1 333//1
f 334//1 330//1 98//1
f 148//1 331//1 335//1
f 336//1 332//1 245//1
f 1//1 333//1 337//1
f 338//1 334//1 98//1
f 148//1 335//1 339//1
f 340//1 336//1 245//1
f 1//1 337//1 341//1
f 342//1 338//1 98//1
f 148//1 339//1 343//1
f 344//1 340//1 245//1
f 1//1 341//1 345//1
f 346//1 342//1 98//1
f 148//1 343//1 347//1
f 348//5 344//1 245//1
f 1//1 345//1 349//1
f 350//1 346//1 98//1
f 148//1 347//1 351//1
f 352//1 348//5 245//1
f 1//1 349//1 353//1
f 354//1 350//1 98//1
f 181//1 148//1 351//1
f 1//1 353//1 355//3
f 356//1 354//1 98//1
f 181//1 351//1 357//1
f 1//1 355//3 358//1
f 359//1 356//1 98//1
f 181//1 357//1 360//1
f 34//1 1//1 358//1
f 361//1 359//1 98//1
f 181//1 360//1 362//1
f 34//1 358//1 363//1
f 364//1 361//1 98//1
f 181//1 362//1 365//1
f 34//1 363//1 366//1
f 367//3 364//1 98//1
f 181//1 365//1 368//1
f 34//1 366//1 369//1
f 370//2 367//3 98//1
f 181//1 368//1 371//1
f 34//1 369//1 372//1
f 373//1 370//2 98//1
f 181//1 371//1 374//1
f 34//1 372//1 375//1
f 376//1 373//1 98//1
f 181//1 374//1 377//1
f 34//1 375//1 378//1
f 181//1 377//1 379//1
f 34//1 378//1 380//1
f 181//1 379//1 381//1
f 34//1 380//1 382//1
f 181//1 381//1 383//1
f 34//1 382//1 384//1
f 181//1 383//1 385//1
f 34//1 384//1 386//1
f 181//1 385//1 387//1
f 34//1 386//1 388//1
f 181//1 387//1 389//1
f 34//1 388//1 390//1
f 181//1 389//1 391//1
f 34//1 390//1 392//1
f 181//1 391//1 393//1
f 34//1 392//1 394//1
f 181//1 393//1 395//1
f 34//1 394//1 396//1
f 181//1 395//1 397//1
f 34//1 396//1 398//1
f 181//1 397//1 399//1
f 34//1 398//1 400//1
f 181//1 399//1 401//1
f 34//1 400//1 402//1
f 181//1 401//1 403//1
f 34//1 402//1 404//1
f 181//1 403//1 405//1
f 34//1 404//1 406//1
f 181//1 405//1 407//1
f 34//1 406//1 408//1
f 181//1 407//1 409//1
f 34//1 408//1 410//1
f 181//1 409//1 411//1
f 34//1 410//1 412//1
f 181//1 411//1 413//1
f 34//1 412//1 414//1
f 181//1 413//1 415//1
f 34//1 414//1 416//1
f 181//1 415//1 417//1
f 34//1 416//1 418//1
f 181//1 417//1 419//2
f 34//1 418//1 420//1
f 181//1 419//2 421//3
f 34//1 420//1 422//1
f 181//1 421//3 423//1
f 34//1 422//1 424//1
f 213//1 181//1 423//1
f 34//1 424//1 425//1
f 213//1 423//1 426//1
f 34//1 425//1 427//1
f 213//1 426//1 428//1
f 34//1 427//1 429//1
f 213//1 428//1 430//1
f 34//1 429//1 431//1
f 213//1 430//1 432//1
f 34//1 431//1 433//1
f 213//1 432//1 434//1
f 34//1 433//1 435//1
f 213//1 434//1 436//1
f 66//1 34//1 435//1
f 213//1 436//1 437//1
f 66//1 435//1 438//1
f 213//1 437//1 439//1
f 66//1 438//1 440//1
f 213//1 439//1 441//1
f 66//1 440//1 442//1
f 213//1 441//1 443//1
f 66//1 442//1 444//1
f 213//1 443//1 445//1
f 66//1 444//1 446//1
f 213//1 445//1 447//1
f 66//1 446//1 448//1
f 213//1 447//1 449//1
f 66//1 448//1 450//1
f 213//1 449//1 451//1
f 66//1 450//1 452//1
f 213//1 451//1 453//1
f 66//1 452//1 454//1
f 213//1 453//1 455//1
f 66//1 454//1 456//1
f 213//1 455//1 457//1
f 66//1 456//1 458//1
f 213//1 457//1 459//1
f 66//1 458//1 460//1
f 213//1 459//1 461//1
f 66//1 460//1 462//1
f 213//1 461//1 463//1
f 66//1 462//1 464//1
f 213//1 463//1 465//1
f 66//1 464//1 466//1
f 213//1 465//1 467//1
f 66//1 466//1 468//1
f 213//1 467//1 469//1
f 66//1 468//1 470//1
f 213//1 469//1 471//1
f 66//1 470//1 472//1
f 213//1 471//1 473//1
f 66//1 472//1 474//1
f 213//1 473//1 475//1
f 66//1 474//1 476//1
f 213//1 475//1 477//2
f 66//1 476//1 478//1
f 213//1 477//2 479//3
f 66//1 478//1 480//2
f 213//1 479//3 481//5
f 66//1 480//2 482//1
f 213//1 481//5 483//1
f 98//1 66//1 482//1
f 245//1 213//1 483//1
f 98//1 482//1 484//1
f 245//1 483//1 485//1
f 98//1 484//1 486//1
f 245//1 485//1 487//1
f 98//1 486//1 488//1
f 245//1 487//1 489//1
f 98//1 488//1 490//1
f 245//1 489//1 491//1
f 98//1 490//1 492//1
f 245//1 491//1 493//1
f 98//1 492//1 494//1
f 245//1 493//1 495//1
f 98//1 494//1 496//1
f 245//1 495//1 497//1
f 98//1 496//1 498//1
f 245//1 497//1 499//1
f 98//1 498//1 500//1
f 245//1 499//1 501//1
f 98//1 500//1 502//1
f 245//1 501//1 503//1
f 98//1 502//1 504//1
f 245//1 503//1 505//1
f 98//1 504//1 506//1
f 245//1 505//1 507//1
f 98//1 506//1 508//1
f 245//1 507//1 509//1
f 98//1 508//1 510//1
f 245//1 509//1 511//1
f 98//1 510//1 512//1
f 245//1 511//1 376//1
f 98//1 512//1 513//1
f 352//1 245//1 376//1
f 98//1 513//1 514//1
f 515//1 352//1 376//1
f 98//1 514//1 516//1
f 517//1 515//1 376//1
f 98//1 516//1 518//1
f 517//1 376//1 98//1
f 98//1 518//1 519//1
f 520//1 517//1 98//1
f 98//1 519//1 521//1
f 522//1 520//1 98//1
f 98//1 521//1 523//1
f 524//2 522//1 98//1
f 98//1 523//1 525//1
f 526//1 524//2 98//1
f 98//1 525//1 527//1
f 528//1 526//1 98//1
f 98//1 527//1 529//1
f 530//1 528//1 98//1
f 98//1 529//1 530//1
f 531//6 532//6 533//6
f 533//6 534//6 535//6
f 535//6 536//6 537//6
f 537//6 538//6 539//6
f 539//6 540//6 541//6
f 541//6 542//6 543//6
f 543//6 544//6 545//6
f 545//6 546//6 547//6
f 547//6 548//6 549//6
f 549//6 550//6 551//6
f 551//6 552//6 553//6
f 553//6 554//6 555//6
f 555//6 556//6 557//6
f 557//6 558//6 559//6
f 559//6 560//6 561//6
f 561//6 562//6 563//6
f 563//6 564//6 565//6
f 565//6 566//6 567//6
f 567//6 568//6 569//6
f 569//6 570//6 571//6
f 571//6 572//6 573//6
f 573//6 574//6 575//6
f 575//6 576//6 577//6
f 577//6 578//6 579//6
f 579//6 580//6 581//6
f 581//6 582//6 583//6
f 583//6 584//6 585//6
f 585//6 586//6 587//6
f 587//6 588//6 589//6
f 589//6 590//6 591//6
f 591//6 592//7 593//6
f 593//6 594//6 595//6
f 595//6 596//6 597//6
f 597//6 598//6 599//6
f 599//6 600//8 601//6
f 601//6 602//6 603//6
f 603//6 604//6 605//6
f 605//6 606//6 607//6
f 607//6 608//6 609//6
f 609//6 610//6 611//6
f 611//6 612//6 613//6
f 613//6 614//6 615//6
f 615//6 616//9 617//6
f 617//6 618//6 619//6
f 619//6 620//6 621//6
f 621//6 622//6 623//6
f 623//6 624//6 625//6
f 625//6 626//8 627//6
f 627//6 628//6 629//6
f 629//6 630//6 631//6
f 631//6 632//6 633//6
f 633//6 634//6 635//6
f 635//6 636//6 637//6
f 637//6 638//6 639//6
f 639//6 640//6 641//6
f 641//6 642//6 643//6
f 643//6 644//6 645//6
f 645//6 646//6 647//6
f 647//6 648//6 649//6
f 649//6 650//6 651//6
f 651//6 652//6 653//6
f 653//6 654//9 655//6
f 655//6 656//10 657//6
f 657//6 658//6 659//6
f 659//6 660//9 661//6
f 661//6 662//11 663//6
f 663//6 664//10 665//6
f 665//6 666//11 667//12
f 667//12 668//13 669//6
f 669//6 670//6 671//6
f 671//6 672//6 673//6
f 673//6 674//9 675//6
f 675//6 676//11 677//6
f 678//6 679//6 680//6
f 680//6 681//9 682//6
f 682//6 683//6 684//6
f 684//6 685//6 686//6
f 686//6 687//6 688//6
f 688//6 689//6 690//6
f 690//6 691//6 692//6
f 692//6 693//6 694//6
f 694//6 695//6 696//6
f 696//6 697//9 698//6
f 698//6 699//6 700//6
f 700//6 701//6 702//6
f 702//6 703//6 704//6
f 704//6 705//6 706//6
f 706//6 707//14 708//6
f 708//6 709//6 710//6
f 710//6 711//6 712//6
f 712//6 713//6 714//6
f 714//6 715//6 716//6
f 716//6 717//6 718//6
f 718//6 719//6 720//6
f 720//6 721//6 722//6
f 722//6 723//6 724//6
f 724//6 725//6 726//6
f 726//6 727//6 728//6
f 728//6 729//6 730//6
f 730//6 731//6 732//6
f 732//6 733//6 734//6
f 734//6 735//6 736//6
f 736//6 737//6 738//6
f 738//6 739//6 740//6
f 740//6 741//6 742//6
f 742//6 743//6 744//6
f 744//6 745//6 746//6
f 746//6 747//6 748//6
f 748//6 749//6 750//6
f 750//6 751//6 752//6
f 752//6 753//6 754//6
f 754//6 755//6 756//6
f 756//6 757//6 758//6
f 758//6 759//6 760//6
f 760//6 761//6 762//6
f 762//6 763//6 764//6
f 764//6 765//6 766//6
f 766//6 767//6 768//6
f 768//6 769//6 770//6
f 770//6 771//6 772//6
f 772//6 773//6 774//6
f 774//6 775//6 776//6
f 776//6 777//9 778//6
f 778//6 779//6 780//6
f 780//6 781//6 782//6
f 782//6 783//9 784//6
f 784//6 785//6 786//6
f 786//6 787//11 788//6
f 788//6 789//11 790//6
f 790//6 791//9 792//6
f 792//6 793//8 794//9
f 794//9 795//6 796//6
f 796//6 797//8 798//6
f 798//6 799//6 800//6
f 800//6 801//11 802//6
f 802//6 803//9 804//6
f 804//6 805//6 806//6
f 806//6 807//11 808//6
f 808//6 809//6 810//6
f 810//6 811//6 812//6
f 813//6 531//6 533//6
f 533//6 535//6 537//6
f 537//6 539//6 541//6
f 541//6 543//6 545//6
f 545//6 547//6 549//6
f 549//6 551//6 553//6
f 553//6 555//6 557//6
f 557//6 559//6 561//6
f 561//6 563//6 565//6
f 565//6 567//6 569//6
f 569//6 571//6 573//6
f 573//6 575//6 577//6
f 577//6 579//6 581//6
f 581//6 583//6 585//6
f 585//6 587//6 589//6
f 589//6 591//6 593//6
f 593//6 595//6 597//6
f 597//6 599//6 601//6
f 601//6 603//6 605//6
f 605//6 607//6 609//6
f 609//6 611//6 613//6
f 613//6 615//6 617//6
f 617//6 619//6 621//6
f 621//6 623//6 625//6
f 625//6 627//6 629//6
f 629//6 631//6 633//6
f 633//6 635//6 637//6
f 637//6 639//6 641//6
f 641//6 643//6 645//6
f 645//6 647//6 649//6
f 649//6 651//6 653//6
f 653//6 655//6 657//6
f 657//6 659//6 661//6
f 661//6 663//6 665//6
f 665//6 667//12 669//6
f 669//6 671//6 673//6
f 673//6 675//6 677//6
f 814//6 678//6 680//6
f 680//6 682//6 684//6
f 684//6 686//6 688//6
f 688//6 690//6 692//6
f 692//6 694//6 696//6
f 696//6 698//6 700//6
f 700//6 702//6 704//6
f 704//6 706//6 708//6
f 708//6 710//6 712//6
f 712//6 714//6 716//6
f 716//6 718//6 720//6
f 720//6 722//6 724//6
f 724//6 726//6 728//6
f 728//6 730//6 732//6
f 732//6 734//6 736//6
f 736//6 738//6 740//6
f 740//6 742//6 744//6
f 744//6 746//6 748//6
f 748//6 750//6 752//6
f 752//6 754//6 756//6
f 756//6 758//6 760//6
f 760//6 762//6 764//6
f 764//6 766//6 768//6
f 768//6 770//6 772//6
f 772//6 774//6 776//6
f 776//6 778//6 780//6
f 780//6 782//6 784//6
f 784//6 786//6 788//6
f 788//6 790//6 792//6
f 792//6 794//9 796//6
f 796//6 798//6 800//6
f 800//6 802//6 804//6
f 804//6 806//6 808//6
f 808//6 810//6 812//6
f 815//6 813//6 533//6
f 533//6 537//6 541//6
f 541//6 545//6 549//6
f 549//6 553//6 557//6
f 557//6 561//6 565//6
f 565//6 569//6 573//6
f 573//6 577//6 581//6
f 581//6 585//6 589//6
f 589//6 593//6 597//6
f 597//6 601//6 605//6
f 605//6 609//6 613//6
f 613//6 617//6 621//6
f 621//6 625//6 629//6
f 629//6 633//6 637//6
f 637//6 641//6 645//6
f 645//6 649//6 653//6
f 653//6 657//6 661//6
f 661//6 665//6 669//6
f 669//6 673//6 677//6
f 816//6 814//6 680//6
f 680//6 684//6 688//6
f 688//6 692//6 696//6
f 696//6 700//6 704//6
f 704//6 708//6 712//6
f 712//6 716//6 720//6
f 720//6 724//6 728//6
f 728//6 732//6 736//6
f 736//6 740//6 744//6
f 744//6 748//6 752//6
f 752//6 756//6 760//6
f 760//6 764//6 768//6
f 768//6 772//6 776//6
f 776//6 780//6 784//6
f 784//6 788//6 792//6
f 792//6 796//6 800//6
f 800//6 804//6 808//6
f 808//6 812//6 817//9
f 818//6 815//6 533//6
f 533//6 541//6 549//6
f 549//6 557//6 565//6
f 565//6 573//6 581//6
f 581//6 589//6 597//6
f 597//6 605//6 613//6
f 613//6 621//6 629//6
f 629//6 637//6 645//6
f 645//6 653//6 661//6
f 661//6 669//6 677//6
f 819//6 816//6 680//6
f 680//6 688//6 696//6
f 696//6 704//6 712//6
f 712//6 720//6 728//6
f 728//6 736//6 744//6
f 744//6 752//6 760//6
f 760//6 768//6 776//6
f 776//6 784//6 792//6
f 792//6 800//6 808//6
f 808//6 817//9 820//6
f 821//6 818//6 533//6
f 533//6 549//6 565//6
f 565//6 581//6 597//6
f 597//6 613//6 629//6
f 629//6 645//6 661//6
f 661//6 677//6 822//6
f 823//6 819//6 680//6
f 680//6 696//6 712//6
f 712//6 728//6 744//6
f 744//6 760//6 776//6
f 776//6 792//6 808//6
f 808//6 820//6 824//6
f 825//6 821//6 533//6
f 629//6 661//6 822//6
f 826//6 823//6 680//6
f 776//6 808//6 824//6
f 827//6 825//6 533//6
f 629//6 822//6 828//6
f 829//6 826//6 680//6
f 776//6 824//6 830//6
f 831//6 827//6 533//6
f 629//6 828//6 832//6
f 833//6 829//6 680//6
f 776//6 830//6 834//6
f 835//6 831//6 533//6
f 629//6 832//6 836//6
f 837//6 833//6 680//6
f 776//6 834//6 838//6
f 839//6 835//6 533//6
f 629//6 836//6 840//6
f 841//6 837//6 680//6
f 776//6 838//6 842//6
f 843//6 839//6 533//6
f 629//6 840//6 844//6
f 845//6 841//6 680//6
f 776//6 842//6 846//6
f 847//6 843//6 533//6
f 629//6 844//6 848//6
f 849//6 845//6 680//6
f 776//6 846//6 850//6
f 851//6 847//6 533//6
f 629//6 848//6 852//6
f 853//6 849//6 680//6
f 776//6 850//6 854//6
f 855//6 851//6 533//6
f 629//6 852//6 856//6
f 857//6 853//6 680//6
f 776//6 854//6 858//6
f 859//6 855//6 533//6
f 629//6 856//6 860//6
f 861//6 857//6 680//6
f 776//6 858//6 862//6
f 863//6 859//6 533//6
f 629//6 860//6 864//6
f 865//6 861//6 680//6
f 776//6 862//6 866//6
f 867//6 863//6 533//6
f 629//6 864//6 868//6
f 869//6 865//6 680//6
f 776//6 866//6 870//6
f 871//6 867//6 533//6
f 629//6 868//6 872//6
f 873//6 869//6 680//6
f 776//6 870//6 874//6
f 875//6 871//6 533//6
f 629//6 872//6 876//6
f 877//6 873//6 680//6
f 776//6 874//6 878//6
f 879//6 875//6 533//6
f 629//6 876//6 880//6
f 881//6 877//6 680//6
f 776//6 878//6 882//6
f 883//6 879//6 533//6
f 629//6 880//6 884//6
f 881//6 680//6 712//6
f 885//9 883//6 533//6
f 629//6 884//6 886//6
f 887//6 881//6 712//6
f 888//6 885//9 533//6
f 629//6 886//6 889//6
f 890//6 887//6 712//6
f 888//6 533//6 565//6
f 629//6 889//6 891//6
f 892//6 890//6 712//6
f 893//6 888//6 565//6
f 629//6 891//6 894//6
f 895//6 892//6 712//6
f 896//6 893//6 565//6
f 629//6 894//6 897//6
f 898//6 895//6 712//6
f 899//6 896//6 565//6
f 629//6 897//6 900//9
f 901//6 898//6 712//6
f 902//6 899//6 565//6
f 629//6 900//9 903//15
f 904//6 901//6 712//6
f 905//6 902//6 565//6
f 629//6 903//15 906//16
f 907//6 904//6 712//6
f 908//6 905//6 565//6
f 909//6 907//6 712//6
f 910//6 908//6 565//6
f 911//6 909//6 712//6
f 912//6 910//6 565//6
f 913//6 911//6 712//6
f 914//6 912//6 565//6
f 915//6 913//6 712//6
f 916//6 914//6 565//6
f 917//6 915//6 712//6
f 918//6 916//6 565//6
f 919//6 917//6 712//6
f 920//6 918//6 565//6
f 921//6 919//6 712//6
f 922//6 920//6 565//6
f 923//6 921//6 712//6
f 924//6 922//6 565//6
f 925//6 923//6 712//6
f 926//6 924//6 565//6
f 927//6 925//6 712//6
f 928//6 926//6 565//6
f 929//6 927//6 712//6
f 930//6 928//6 565//6
f 931//6 929//6 712//6
f 932//6 930//6 565//6
f 933//6 931//6 712//6
f 934//6 932//6 565//6
f 935//6 933//6 712//6
f 936//6 934//6 565//6
f 937//6 935//6 712//6
f 938//6 936//6 565//6
f 939//6 937//6 712//6
f 940//6 938//6 565//6
f 941//6 939//6 712//6
f 942//6 940//6 565//6
f 943//6 941//6 712//6
f 944//6 942//6 565//6
f 945//6 943//6 712//6
f 946//6 944//6 565//6
f 947//6 945//6 712//6
f 948//6 946//6 565//6
f 949//6 947//6 712//6
f 950//6 948//6 565//6
f 951//6 949//6 712//6
f 952//6 950//6 565//6
f 953//6 951//6 712//6
f 954//6 952//6 565//6
f 953//6 712//6 744//6
f 955//6 954//6 565//6
f 956//6 953//6 744//6
f 957//6 955//6 565//6
f 958//6 956//6 744//6
f 959//6 957//6 565//6
f 960//6 958//6 744//6
f 961//6 959//6 565//6
f 962//6 960//6 744//6
f 963//6 961//6 565//6
f 964//6 962//6 744//6
f 965//6 963//6 565//6
f 966//6 964//6 744//6
f 965//6 565//6 597//6
f 967//6 966//6 744//6
f 968//6 965//6 597//6
f 969//6 967//6 744//6
f 970//6 968//6 597//6
f 971//6 969//6 744//6
f 972//6 970//6 597//6
f 973//6 971//6 744//6
f 974//6 972//6 597//6
f 975//6 973//6 744//6
f 976//6 974//6 597//6
f 977//6 975//6 744//6
f 978//6 976//6 597//6
f 979//6 977//6 744//6
f 980//6 978//6 597//6
f 981//6 979//6 744//6
f 982//6 980//6 597//6
f 983//6 981//6 744//6
f 984//6 982//6 597//6
f 985//6 983//6 744//6
f 986//6 984//6 597//6
f 987//6 985//6 744//6
f 988//6 986//6 597//6
f 989//6 987//6 744//6
f 990//6 988//6 597//6
f 991//6 989//6 744//6
f 992//6 990//6 597//6
f 993//6 991//6 744//6
f 994//6 992//6 597//6
f 995//6 993//6 744//6
f 996//6 994//6 597//6
f 997//6 995//6 744//6
f 998//6 996//6 597//6
f 999//6 997//6 744//6
f 1000//6 998//6 597//6
f 1001//6 999//6 744//6
f 1002//6 1000//6 597//6
f 1003//6 1001//6 744//6
f 1004//6 1002//6 597//6
f 1005//6 1003//6 744//6
f 1006//6 1004//6 597//6
f 1007//6 1005//6 744//6
f 1008//6 1006//6 597//6
f 1009//6 1007//6 744//6
f 1010//17 1008//6 597//6
f 1011//6 1009//6 744//6
f 1012//18 1010//17 597//6
f 1013//6 1011//6 744//6
f 1012//18 597//6 629//6
f 1013//6 744//6 776//6
f 1014//6 1012//18 629//6
f 1015//6 1013//6 776//6
f 1016//6 1014//6 629//6
f 1017//6 1015//6 776//6
f 1018//6 1016//6 629//6
f 1019//6 1017//6 776//6
f 1020//6 1018//6 629//6
f 1021//6 1019//6 776//6
f 1022//6 1020//6 629//6
f 1023//6 1021//6 776//6
f 1024//6 1022//6 629//6
f 1025//6 1023//6 776//6
f 1026//6 1024//6 629//6
f 1027//6 1025//6 776//6
f 1028//6 1026//6 629//6
f 1029//6 1027//6 776//6
f 1030//6 1028//6 629//6
f 1031//6 1029//6 776//6
f 1032//6 1030//6 629//6
f 1033//6 1031//6 776//6
f 1034//6 1032//6 629//6
f 1035//6 1033//6 776//6
f 1036//6 1034//6 629//6
f 1037//6 1035//6 776//6
f 1038//6 1036//6 629//6
f 1039//6 1037//6 776//6
f 1040//6 1038//6 629//6
f 1041//6 1039//6 776//6
f 1042//6 1040//6 629//6
f 906//16 1041//6 776//6
f 1043//6 1042//6 629//6
f 906//16 776//6 882//6
f 1044//6 1043//6 629//6
f 906//16 882//6 1045//6
f 1046//6 1044//6 629//6
f 906//16 1045//6 1047//6
f 1048//6 1046//6 629//6
f 629//6 906//16 1047//6
f 1049//6 1048//6 629//6
f 629//6 1047//6 1050//6
f 1051//6 1049//6 629//6
f 629//6 1050//6 1052//6
f 1053//6 1051//6 629//6
f 629//6 1052//6 1054//6
f 1055//6 1053//6 629//6
f 629//6 1054//6 1056//6
f 1057//6 1055//6 629//6
f 629//6 1056//6 1058//6
f 1059//6 1057//6 629//6
f 629//6 1058//6 1060//6
f 1060//6 1059//6 629//6
f 486//19 484//19 1016//19
f 484//19 1014//19 1016//19
f 484//20 482//20 1014//20
f 482//20 1012//20 1014//20
f 482//21 480//21 1012//21
f 480//21 1010//21 1012//21
f 480//22 478//22 1010//22
f 478//22 1008//22 1010//22
f 478//23 476//23 1008//23
f 476//23 1006//23 1008//23
f 476//24 474//24 1006//24
f 474//24 1004//24 1006//24
f 474//25 472//25 1004//25
f 472//25 1002//25 1004//25
f 472//26 470//26 1002//27
f 470//26 1000//27 1002//27
f 470//28 468//28 1000//28
f 468//28 998//28 1000//28
f 468//29 466//29 998//29
f 466//29 996//29 998//29
f 466//30 464//30 996//30
f 464//30 994//30 996//30
f 464//31 462//31 994//31
f 462//31 992//31 994//31
f 462//32 460//32 992//32
f 460//32 990//32 992//32
f 460//33 458//33 990//33
f 458//33 988//33 990//33
f 458//34 456//34 988//34
f 456//34 986//34 988//34
f 456//35 454//35 986//35
f 454//35 984//35 986//35
f 454//36 452//36 984//36
f 452//36 982//36 984//36
f 452//37 450//37 982//37
f 450//37 980//37 982//37
f 450//38 448//38 980//38
f 448//38 978//38 980//38
f 448//39 446//39 978//39
f 446//39 976//39 978//39
f 446//40 444//40 976//40
f 444//40 974//40 976//40
f 444//41 442//41 974//41
f 442//41 972//41 974//41
f 442//42 440//42 972//42
f 440//42 970//42 972//42
f 440//43 438//43 970//43
f 438//43 968//43 970//43
f 438//44 435//44 968//44
f 435//44 965//44 968//44
f 435//45 433//45 965//45
f 433//45 963//45 965//45
f 433//46 431//46 963//46
f 431//46 961//46 963//46
f 431//47 429//47 961//47
f 429//47 959//47 961//47
f 429//48 427//48 959//48
f 427//48 957//48 959//48
f 427//49 425//49 957//49
f 425//49 955//49 957//49
f 425//50 424//50 955//50
f 424//50 954//50 955//50
f 424//51 422//51 954//51
f 422//51 952//51 954//51
f 422//52 420//52 952//52
f 420//52 950//52 952//52
f 420//53 418//53 950//53
f 418//53 948//53 950//53
f 418//54 416//54 948//54
f 416//54 946//54 948//54
f 416//55 414//55 946//55
f 414//55 944//55 946//55
f 414//56 412//56 944//56
f 412//56 942//56 944//56
f 412//57 410//57 942//57
f 410//57 940//57 942//57
f 410//58 408//58 940//58
f 408//58 938//58 940//58
f 408//59 406//59 938//59
f 406//59 936//59 938//59
f 406//60 404//60 936//60
f 404//60 934//60 936//60
f 404//61 402//61 934//61
f 402//61 932//61 934//61
f 402//62 400//62 932//62
f 400//62 930//62 932//62
f 400//63 398//63 930//63
f 398//63 928//63 930//63
f 398//64 396//64 928//64
f 396//64 926//64 928//64
f 396//65 394//65 926//65
f 394//65 924//65 926//65
f 394//66 392//66 924//66
f 392//66 922//66 924//66
f 392//67 390//67 922//67
f 390//67 920//67 922//67
f 390//68 388//68 920//68
f 388//68 918//68 920//68
f 388//69 386//69 918//69
f 386//69 916//69 918//69
f 386//70 384//70 916//70
f 384//70 914//70 916//70
f 384//71 382//71 914//71
f 382//71 912//71 914//71
f 382//72 380//72 912//72
f 380//72 910//72 912//72
f 380//73 378//73 910//73
f 378//73 908//73 910//73
f 378//74 375//74 908//74
f 375//74 905//74 908//74
f 375//75 372//75 905//75
f 372//75 902//75 905//75
f 372//76 369//76 902//76
f 369//76 899//76 902//76
f 369//77 366//77 899//77
f 366//77 896//77 899//77
f 366//78 363//78 896//79
f 363//78 893//79 896//79
f 363//80 358//80 893//80
f 358//80 888//80 893//80
f 358//81 355//81 888//81
f 355//81 885//81 888//81
f 355//82 353//82 885//82
f 353//82 883//82 885//82
f 353//83 349//83 883//83
f 349//83 879//83 883//83
f 349//84 345//84 879//84
f 345//84 875//84 879//84
f 345//85 341//85 875//85
f 341//85 871//85 875//85
f 341//86 337//86 871//87
f 337//86 867//87 871//87
f 337//88 333//88 867//88
f 333//88 863//88 867//88
f 333//89 329//89 863//89
f 329//89 859//89 863//89
f 329//90 325//90 859//90
f 325//90 855//90 859//90
f 325//91 321//91 855//91
f 321//91 851//91 855//91
f 321//92 317//92 851//92
f 317//92 847//92 851//92
f 317//93 313//93 847//93
f 313//93 843//93 847//93
f 313//94 309//94 843//94
f 309//94 839//94 843//94
f 309//95 305//95 839//95
f 305//95 835//95 839//95
f 305//96 301//96 835//96
f 301//96 831//96 835//96
f 301//97 297//97 831//97
f 297//97 827//97 831//97
f 297//98 295//98 827//99
f 295//98 825//99 827//99
f 295//100 291//100 825//100
f 291//100 821//100 825//100
f 291//101 288//101 821//101
f 288//101 818//101 821//101
f 288//102 285//102 818//102
f 285//102 815//102 818//102
f 285//103 283//103 815//104
f 283//103 813//104 815//104
f 283//105 3//105 813//105
f 3//105 531//105 813//105
f 3//106 2//106 531//106
f 2//106 532//106 531//106
f 2//107 1//107 532//107
f 1//107 533//107 532//107
f 1//108 5//108 533//108
f 5//108 534//108 533//108
f 5//109 4//109 534//109
f 4//109 535//109 534//109
f 4//110 7//110 535//110
f 7//110 536//110 535//110
f 7//111 6//111 536//111
f 6//111 537//111 536//111
f 6//112 9//112 537//112
f 9//112 538//112 537//112
f 9//113 8//113 538//113
f 8//113 539//113 538//113
f 8//114 11//114 539//114
f 11//114 540//114 539//114
f 11//115 10//115 540//115
f 10//115 541//115 540//115
f 10//116 13//116 541//116
f 13//116 542//116 541//116
f 13//117 12//117 542//117
f 12//117 543//117 542//117
f 12//118 15//118 543//118
f 15//118 544//118 543//118
f 15//119 14//119 544//119
f 14//119 545//119 544//119
f 14//120 17//120 545//120
f 17//120 546//120 545//120
f 17//121 16//121 546//121
f 16//121 547//121 546//121
f 16//122 19//122 547//122
f 19//122 548//122 547//122
f 19//123 18//123 548//123
f 18//123 549//123 548//123
f 18//124 21//124 549//124
f 21//124 550//124 549//124
f 21//125 20//125 550//125
f 20//125 551//125 550//125
f 20//126 23//126 551//126
f 23//126 552//126 551//126
f 23//127 22//127 552//127
f 22//127 553//127 552//127
f 22//128 25//128 553//128
f 25//128 554//128 553//128
f 25//129 24//129 554//129
f 24//129 555//129 554//129
f 24//130 27//130 555//130
f 27//130 556//130 555//130
f 27//131 26//131 556//131
f 26//131 557//131 556//131
f 26//132 29//132 557//132
f 29//132 558//132 557//132
f 29//133 28//133 558//133
f 28//133 559//133 558//133
f 28//134 31//134 559//134
f 31//134 560//134 559//134
f 31//135 30//135 560//135
f 30//135 561//135 560//135
f 30//136 33//136 561//136
f 33//136 562//136 561//136
f 33//137 32//137 562//137
f 32//137 563//137 562//137
f 32//138 35//138 563//138
f 35//138 564//138 563//138
f 35//139 34//139 564//140
f 34//139 565//140 564//140
f 34//141 37//141 565//141
f 37//141 566//141 565//141
f 37//142 36//142 566//142
f 36//142 567//142 566//142
f 36//143 39//143 567//143
f 39//143 568//143 567//143
f 39//144 38//144 568//144
f 38//144 569//144 568//144
f 38//145 41//145 569//145
f 41//145 570//145 569//145
f 41//146 40//146 570//146
f 40//146 571//146 570//146
f 40//147 43//147 571//147
f 43//147 572//147 571//147
f 43//148 42//148 572//148
f 42//148 573//148 572//148
f 42//149 45//149 573//149
f 45//149 574//149 573//149
f 45//150 44//150 574//150
f 44//150 575//150 574//150
f 44//151 47//151 575//151
f 47//151 576//151 575//151
f 47//152 46//152 576//152
f 46//152 577//152 576//152
f 46//153 49//153 577//153
f 49//153 578//153 577//153
f 49//154 48//154 578//154
f 48//154 579//154 578//154
f 48//155 51//155 579//155
f 51//155 580//155 579//155
f 51//156 50//156 580//156
f 50//156 581//156 580//156
f 50//157 53//157 581//157
f 53//157 582//157 581//157
f 53//158 52//158 582//158
f 52//158 583//158 582//158
f 52//159 55//159 583//159
f 55//159 584//159 583//159
f 55//160 54//160 584//160
f 54//160 585//160 584//160
f 54//161 57//161 585//161
f 57//161 586//161 585//161
f 57//162 56//162 586//162
f 56//162 587//162 586//162
f 56//163 59//163 587//163
f 59//163 588//163 587//163
f 59//164 58//164 588//164
f 58//164 589//164 588//164
f 58//165 61//165 589//165
f 61//165 590//165 589//165
f 61//166 60//166 590//166
f 60//166 591//166 590//166
f 60//167 63//167 591//167
f 63//167 592//167 591//167
f 63//168 62//168 592//168
f 62//168 593//168 592//168
f 62//169 65//169 593//169
f 65//169 594//169 593//169
f 65//170 64//170 594//170
f 64//170 595//170 594//170
f 64//171 67//171 595//171
f 67//171 596//171 595//171
f 67//172 66//172 596//172
f 66//172 597//172 596//172
f 66//173 69//173 597//173
f 69//173 598//173 597//173
f 69//174 68//174 598//174
f 68//174 599//174 598//174
f 68//175 71//175 599//175
f 71//175 600//175 599//175
f 71//176 70//176 600//176
f 70//176 601//176 600//176
f 70//177 73//177 601//177
f 73//177 602//177 601//177
f 73//178 72//178 602//178
f 72//178 603//178 602//178
f 72//179 75//179 603//179
f 75//179 604//179 603//179
f 75//180 74//180 604//180
f 74//180 605//180 604//180
f 74//181 77//181 605//181
f 77//181 606//181 605//181
f 77//182 76//182 606//182
f 76//182 607//182 606//182
f 76//183 79//183 607//183
f 79//183 608//183 607//183
f 79//184 78//184 608//184
f 78//184 609//184 608//184
f 78//185 81//185 609//185
f 81//185 610//185 609//185
f 81//186 80//186 610//186
f 80//186 611//186 610//186
f 80//187 83//187 611//187
f 83//187 612//187 611//187
f 83//188 82//188 612//188
f 82//188 613//188 612//188
f 82//189 85//189 613//189
f 85//189 614//189 613//189
f 85//190 84//190 614//190
f 84//190 615//190 614//190
f 84//191 87//191 615//191
f 87//191 616//191 615//191
f 87//192 86//192 616//192
f 86//192 617//192 616//192
f 86//193 89//193 617//193
f 89//193 618//193 617//193
f 89//194 88//194 618//194
f 88//194 619//194 618//194
f 88//195 91//195 619//195
f 91//195 620//195 619//195
f 91//196 90//196 620//196
f 90//196 621//196 620//196
f 90//197 93//197 621//197
f 93//197 622//197 621//197
f 93//198 92//198 622//198
f 92//198 623//198 622//198
f 92//199 95//199 623//199
f 95//199 624//199 623//199
f 95//200 94//200 624//200
f 94//200 625//200 624//200
f 94//201 97//201 625//201
f 97//201 626//201 625//201
f 97//202 96//202 626//202
f 96//202 627//202 626//202
f 96//203 99//203 627//203
f 99//203 628//203 627//203
f 99//204 98//204 628//204
f 98//204 629//204 628//204
f 98//205 101//205 629//205
f 101//205 630//205 629//205
f 101//206 100//206 630//206
f 100//206 631//206 630//206
f 100//207 103//207 631//207
f 103//207 632//207 631//207
f 103//208 102//208 632//208
f 102//208 633//208 632//208
f 102//209 105//209 633//209
f 105//209 634//209 633//209
f 105//210 104//210 634//210
f 104//210 635//210 634//210
f 104//211 107//211 635//211
f 107//211 636//211 635//211
f 107//212 106//212 636//212
f 106//212 637//212 636//212
f 106//213 109//213 637//213
f 109//213 638//213 637//213
f 109//214 108//214 638//214
f 108//214 639//214 638//214
f 108//215 111//215 639//215
f 111//215 640//215 639//215
f 111//216 110//216 640//216
f 110//216 641//216 640//216
f 110//217 113//217 641//217
f 113//217 642//217 641//217
f 113//218 112//218 642//218
f 112//218 643//218 642//218
f 112//219 115//219 643//219
f 115//219 644//219 643//219
f 115//220 114//220 644//220
f 114//220 645//220 644//220
f 114//221 117//221 645//221
f 117//221 646//221 645//221
f 117//222 116//222 646//223
f 116//222 647//223 646//223
f 116//224 119//224 647//224
f 119//224 648//224 647//224
f 119//225 118//225 648//225
f 118//225 649//225 648//225
f 118//226 121//226 649//226
f 121//226 650//226 649//226
f 121//227 120//227 650//227
f 120//227 651//227 650//227
f 120//228 123//228 651//228
f 123//228 652//228 651//228
f 123//229 122//229 652//229
f 122//229 653//229 652//229
f 122//230 125//230 653//230
f 125//230 654//230 653//230
f 125//231 124//231 654//231
f 124//231 655//231 654//231
f 124//232 127//232 655//232
f 127//232 656//232 655//232
f 127//233 126//233 656//233
f 126//233 657//233 656//233
f 126//234 129//234 657//234
f 129//234 658//234 657//234
f 129//235 128//235 658//235
f 128//235 659//235 658//235
f 128//236 131//236 659//236
f 131//236 660//236 659//236
f 131//237 130//237 660//237
f 130//237 661//237 660//237
f 130//238 133//238 661//238
f 133//238 662//238 661//238
f 133//239 132//239 662//239
f 132//239 663//239 662//239
f 132//240 135//240 663//240
f 135//240 664//240 663//240
f 135//241 134//241 664//241
f 134//241 665//241 664//241
f 134//242 137//242 665//242
f 137//242 666//242 665//242
f 137//243 136//243 666//243
f 136//243 667//243 666//243
f 136//244 139//244 667//244
f 139//244 668//244 667//244
f 139//245 138//245 668//245
f 138//245 669//245 668//245
f 138//246 141//246 669//246
f 141//246 670//246 669//246
f 141//247 140//247 670//247
f 140//247 671//248 670//247
f 140//247 143//248 671//248
f 143//248 672//249 671//248
f 143//248 142//249 672//249
f 142//249 673//250 672//249
f 142//249 145//250 673//250
f 145//250 674//251 673//250
f 145//250 144//251 674//251
f 144//251 675//252 674//251
f 144//251 147//252 675//252
f 147//252 676//253 675//252
f 147//252 146//253 676//253
f 146//253 677//254 676//253
f 146//253 292//255 677//254
f 292//255 822//256 677//254
f 292//255 298//256 822//256
f 298//256 828//257 822//256
f 298//256 302//257 828//257
f 302//257 832//258 828//257
f 302//257 306//258 832//258
f 306//258 836//259 832//258
f 306//258 310//259 836//259
f 310//259 840//260 836//259
f 310//259 314//260 840//260
f 314//260 844//261 840//260
f 314//260 318//261 844//261
f 318//261 848//262 844//261
f 318//261 322//262 848//262
f 322//262 852//263 848//262
f 322//262 326//263 852//263
f 326//263 856//264 852//263
f 326//263 330//264 856//264
f 330//264 860//265 856//264
f 330//264 334//265 860//265
f 334//265 864//266 860//265
f 334//265 338//266 864//266
f 338//266 868//266 864//266
f 338//267 342//267 868//267
f 342//267 872//267 868//267
f 342//268 346//268 872//268
f 346//268 876//268 872//268
f 346//269 350//269 876//269
f 350//269 880//269 876//269
f 350//270 354//270 880//270
f 354//270 884//270 880//270
f 354//271 356//271 884//271
f 356//271 886//271 884//271
f 356//272 359//272 886//273
f 359//272 889//273 886//273
f 359//274 361//274 889//274
f 361//274 891//274 889//274
f 361//275 364//275 891//275
f 364//275 894//275 891//275
f 364//276 367//276 894//276
f 367//276 897//276 894//276
f 367//277 370//277 897//277
f 370//277 900//277 897//277
f 370//278 373//278 900//278
f 373//278 903//278 900//278
f 373//279 376//279 903//279
f 376//279 906//279 903//279
f 376//280 511//280 906//280
f 511//280 1041//280 906//280
f 511//281 509//281 1041//281
f 509//281 1039//281 1041//281
f 509//282 507//282 1039//282
f 507//282 1037//282 1039//282
f 507//283 505//283 1037//283
f 505//283 1035//283 1037//283
f 505//284 503//284 1035//284
f 503//284 1033//284 1035//284
f 503//285 501//285 1033//285
f 501//285 1031//285 1033//285
f 501//286 499//286 1031//286
f 499//286 1029//286 1031//286
f 499//287 497//287 1029//287
f 497//287 1027//287 1029//287
f 497//288 495//288 1027//288
f 495//288 1025//288 1027//288
f 495//289 493//289 1025//289
f 493//289 1023//289 1025//289
f 493//290 491//290 1023//290
f 491//290 1021//290 1023//290
f 491//291 489//291 1021//291
f 489//291 1019//291 1021//291
f 489//292 487//292 1019//292
f 487//292 1017//292 1019//292
f 487//293 485//293 1017//293
f 485//293 1015//293 1017//293
f 485//294 483//294 1015//295
f 483//294 1013//295 1015//295
f 483//296 481//296 1013//296
f 481//296 1011//296 1013//296
f 481//297 479//297 1011//297
f 479//297 1009//297 1011//297
f 479//298 477//298 1009//298
f 477//298 1007//298 1009//298
f 477//299 475//299 1007//300
f 475//299 1005//300 1007//300
f 475//301 473//301 1005//301
f 473//301 1003//301 1005//301
f 473//302 471//302 1003//302
f 471//302 1001//302 1003//302
f 471//303 469//303 1001//303
f 469//303 999//303 1001//303
f 469//304 467//304 999//304
f 467//304 997//304 999//304
f 467//305 465//305 997//305
f 465//305 995//305 997//305
f 465//306 463//306 995//306
f 463//306 993//306 995//306
f 463//307 461//307 993//307
f 461//307 991//307 993//307
f 461//308 459//308 991//308
f 459//308 989//308 991//308
f 459//309 457//309 989//309
f 457//309 987//309 989//309
f 457//310 455//310 987//310
f 455//310 985//310 987//310
f 455//311 453//311 985//311
f 453//311 983//311 985//311
f 453//312 451//312 983//312
f 451//312 981//312 983//312
f 451//313 449//313 981//313
f 449//313 979//313 981//313
f 449//314 447//314 979//314
f 447//314 977//314 979//314
f 447//315 445//315 977//315
f 445//315 975//315 977//315
f 445//316 443//316 975//316
f 443//316 973//316 975//316
f 443//317 441//317 973//317
f 441//317 971//317 973//317
f 441//318 439//318 971//318
f 439//318 969//318 971//318
f 439//319 437//319 969//319
f 437//319 967//319 969//319
f 437//320 436//320 967//320
f 436//320 966//320 967//320
f 436//321 434//321 966//321
f 434//321 964//321 966//321
f 434//322 432//322 964//322
f 432//322 962//322 964//322
f 432//323 430//323 962//323
f 430//323 960//323 962//323
f 430//324 428//324 960//324
f 428//324 958//324 960//324
f 428//325 426//325 958//325
f 426//325 956//325 958//325
f 426//326 423//326 956//326
f 423//326 953//326 956//326
f 423//327 421//327 953//327
f 421//327 951//327 953//327
f 421//328 419//328 951//328
f 419//328 949//328 951//328
f 419//329 417//329 949//329
f 417//329 947//329 949//329
f 417//330 415//330 947//330
f 415//330 945//330 947//330
f 415//331 413//331 945//331
f 413//331 943//331 945//331
f 413//332 411//332 943//332
f 411//332 941//332 943//332
f 411//333 409//333 941//333
f 409//333 939//333 941//333
f 409//334 407//334 939//334
f 407//334 937//334 939//334
f 407//335 405//335 937//335
f 405//335 935//335 937//335
f 405//336 403//336 935//336
f 403//336 933//336 935//336
f 403//337 401//337 933//337
f 401//337 931//337 933//337
f 401//338 399//338 931//338
f 399//338 929//338 931//338
f 399//339 397//339 929//339
f 397//339 927//339 929//339
f 397//340 395//340 927//340
f 395//340 925//340 927//340
f 395//341 393//341 925//341
f 393//341 923//341 925//341
f 393//342 391//342 923//342
f 391//342 921//342 923//342
f 391//343 389//343 921//343
f 389//343 919//343 921//343
f 389//344 387//344 919//344
f 387//344 917//344 919//344
f 387//345 385//345 917//345
f 385//345 915//345 917//345
f 385//346 383//346 915//346
f 383//346 913//346 915//346
f 383//347 381//347 913//347
f 381//347 911//347 913//347
f 381//348 379//348 911//348
f 379//348 909//348 911//348
f 379//349 377//349 909//349
f 377//349 907//349 909//349
f 377//350 374//350 907//350
f 374//350 904//350 907//350
f 374//351 371//351 904//351
f 371//351 901//351 904//351
f 371//352 368//352 901//352
f 368//352 898//352 901//352
f 368//353 365//353 898//353
f 365//353 895//353 898//353
f 365//354 362//354 895//354
f 362//354 892//354 895//354
f 362//355 360//355 892//355
f 360//355 890//355 892//355
f 360//356 357//356 890//356
f 357//356 887//356 890//356
f 357//357 351//357 887//357
f 351//357 881//357 887//357
f 351//358 347//358 881//358
f 347//358 877//358 881//358
f 347//359 343//359 877//359
f 343//359 873//359 877//359
f 343//360 339//360 873//360
f 339//360 869//360 873//360
f 339//361 335//361 869//361
f 335//361 865//361 869//361
f 335//362 331//362 865//362
f 331//362 861//362 865//362
f 331//363 327//363 861//363
f 327//363 857//363 861//363
f 327//364 323//364 857//364
f 323//364 853//364 857//364
f 323//365 319//365 853//365
f 319//365 849//365 853//365
f 319//366 315//366 849//366
f 315//366 845//366 849//366
f 315//367 311//367 845//367
f 311//367 841//367 845//367
f 311//368 307//368 841//368
f 307//368 837//368 841//368
f 307//369 303//369 837//369
f 303//369 833//369 837//369
f 303//370 299//370 833//370
f 299//370 829//370 833//370
f 299//371 296//371 829//371
f 296//371 826//371 829//371
f 296//372 293//372 826//372
f 293//372 823//372 826//372
f 293//373 289//373 823//373
f 289//373 819//373 823//373
f 289//374 286//374 819//374
f 286//374 816//374 819//374
f 286//375 284//375 816//375
f 284//375 814//375 816//375
f 284//376 150//376 814//376
f 150//376 678//376 814//376
f 150//377 149//377 678//378
f 149//377 679//378 678//378
f 149//379 148//379 679//379
f 148//379 680//379 679//379
f 148//380 152//380 680//380
f 152//380 681//380 680//380
f 152//381 151//381 681//381
f 151//381 682//381 681//381
f 151//382 154//382 682//382
f 154//382 683//382 682//382
f 154//383 153//383 683//383
f 153//383 684//383 683//383
f 153//384 156//384 684//384
f 156//384 685//384 684//384
f 156//298 155//298 685//298
f 155//298 686//298 685//298
f 155//385 158//385 686//385
f 158//385 687//385 686//385
f 158//386 157//386 687//386
f 157//386 688//386 687//386
f 157//387 160//387 688//387
f 160//387 689//387 688//387
f 160//388 159//388 689//388
f 159//388 690//388 689//388
f 159//389 162//389 690//389
f 162//389 691//389 690//389
f 162//390 161//390 691//390
f 161//390 692//390 691//390
f 161//391 164//391 692//391
f 164//391 693//391 692//391
f 164//392 163//392 693//392
f 163//392 694//392 693//392
f 163//393 166//393 694//393
f 166//393 695//393 694//393
f 166//394 165//394 695//394
f 165//394 696//394 695//394
f 165//395 168//395 696//395
f 168//395 697//395 696//395
f 168//396 167//396 697//396
f 167//396 698//396 697//396
f 167//397 170//397 698//397
f 170//397 699//397 698//397
f 170//398 169//398 699//398
f 169//398 700//398 699//398
f 169//399 172//399 700//399
f 172//399 701//399 700//399
f 172//400 171//400 701//400
f 171//400 702//400 701//400
f 171//401 174//401 702//401
f 174//401 703//401 702//401
f 174//402 173//402 703//403
f 173//402 704//403 703//403
f 173//404 176//404 704//404
f 176//404 705//404 704//404
f 176//405 175//405 705//405
f 175//405 706//405 705//405
f 175//406 178//406 706//406
f 178//406 707//406 706//406
f 178//407 177//407 707//407
f 177//407 708//407 707//407
f 177//408 180//408 708//408
f 180//408 709//408 708//408
f 180//409 179//409 709//409
f 179//409 710//409 709//409
f 179//410 182//410 710//410
f 182//410 711//410 710//410
f 182//411 181//411 711//411
f 181//411 712//411 711//411
f 181//412 184//412 712//412
f 184//412 713//412 712//412
f 184//413 183//413 713//413
f 183//413 714//413 713//413
f 183//414 186//414 714//414
f 186//414 715//414 714//414
f 186//415 185//415 715//415
f 185//415 716//415 715//415
f 185//416 188//416 716//416
f 188//416 717//416 716//416
f 188//417 187//417 717//417
f 187//417 718//417 717//417
f 187//418 190//418 718//418
f 190//418 719//418 718//418
f 190//419 189//419 719//419
f 189//419 720//419 719//419
f 189//420 192//420 720//420
f 192//420 721//420 720//420
f 192//421 191//421 721//421
f 191//421 722//421 721//421
f 191//422 194//422 722//422
f 194//422 723//422 722//422
f 194//423 193//423 723//423
f 193//423 724//423 723//423
f 193//424 196//424 724//424
f 196//424 725//424 724//424
f 196//425 195//425 725//425
f 195//425 726//425 725//425
f 195//426 198//426 726//426
f 198//426 727//426 726//426
f 198//427 197//427 727//427
f 197//427 728//427 727//427
f 197//428 200//428 728//428
f 200//428 729//428 728//428
f 200//429 199//429 729//429
f 199//429 730//429 729//429
f 199//430 202//430 730//430
f 202//430 731//430 730//430
f 202//431 201//431 731//431
f 201//431 732//431 731//431
f 201//432 204//432 732//432
f 204//432 733//432 732//432
f 204//433 203//433 733//433
f 203//433 734//433 733//433
f 203//434 206//434 734//434
f 206//434 735//434 734//434
f 206//435 205//435 735//435
f 205//435 736//435 735//435
f 205//436 208//436 736//436
f 208//436 737//436 736//436
f 208//437 207//437 737//437
f 207//437 738//437 737//437
f 207//438 210//438 738//438
f 210//438 739//438 738//438
f 210//439 209//439 739//439
f 209//439 740//439 739//439
f 209//440 212//440 740//440
f 212//440 741//440 740//440
f 212//441 211//441 741//441
f 211//441 742//441 741//441
f 211//442 214//442 742//442
f 214//442 743//442 742//442
f 214//443 213//443 743//444
f 213//443 744//444 743//444
f 213//445 216//445 744//445
f 216//445 745//445 744//445
f 216//446 215//446 745//446
f 215//446 746//446 745//446
f 215//447 218//447 746//447
f 218//447 747//447 746//447
f 218//448 217//448 747//448
f 217//448 748//448 747//448
f 217//449 220//449 748//449
f 220//449 749//449 748//449
f 220//450 219//450 749//450
f 219//450 750//450 749//450
f 219//451 222//451 750//451
f 222//451 751//451 750//451
f 222//452 221//452 751//452
f 221//452 752//452 751//452
f 221//453 224//453 752//453
f 224//453 753//453 752//453
f 224//454 223//454 753//454
f 223//454 754//454 753//454
f 223//455 226//455 754//455
f 226//455 755//455 754//455
f 226//456 225//456 755//456
f 225//456 756//456 755//456
f 225//457 228//457 756//457
f 228//457 757//457 756//457
f 228//458 227//458 757//458
f 227//458 758//458 757//458
f 227//459 230//459 758//459
f 230//459 759//459 758//459
f 230//460 229//460 759//460
f 229//460 760//460 759//460
f 229//461 232//461 760//461
f 232//461 761//461 760//461
f 232//462 231//462 761//462
f 231//462 762//462 761//462
f 231//463 234//463 762//463
f 234//463 763//463 762//463
f 234//464 233//464 763//464
f 233//464 764//464 763//464
f 233//465 236//465 764//465
f 236//465 765//465 764//465
f 236//466 235//466 765//466
f 235//466 766//466 765//466
f 235//467 238//467 766//467
f 238//467 767//467 766//467
f 238//468 237//468 767//468
f 237//468 768//468 767//468
f 237//469 240//469 768//469
f 240//469 769//469 768//469
f 240//470 239//470 769//470
f 239//470 770//470 769//470
f 239//471 242//471 770//472
f 242//471 771//472 770//472
f 242//473 241//473 771//473
f 241//473 772//473 771//473
f 241//474 244//474 772//474
f 244//474 773//474 772//474
f 244//475 243//475 773//475
f 243//475 774//475 773//475
f 243//476 246//476 774//476
f 246//476 775//476 774//476
f 246//477 245//477 775//477
f 245//477 776//477 775//477
f 245//478 248//478 776//478
f 248//478 777//478 776//478
f 248//479 247//479 777//479
f 247//479 778//479 777//479
f 247//480 250//480 778//480
f 250//480 779//480 778//480
f 250//481 249//481 779//481
f 249//481 780//481 779//481
f 249//482 252//482 780//483
f 252//482 781//483 780//483
f 252//484 251//484 781//484
f 251//484 782//484 781//484
f 251//485 254//485 782//485
f 254//485 783//485 782//485
f 254//486 253//486 783//486
f 253//486 784//486 783//486
f 253//487 256//487 784//487
f 256//487 785//487 784//487
f 256//488 255//488 785//488
f 255//488 786//488 785//488
f 255//489 258//489 786//489
f 258//489 787//489 786//489
f 258//490 257//490 787//490
f 257//490 788//490 787//490
f 257//491 260//491 788//491
f 260//491 789//491 788//491
f 260//492 259//492 789//492
f 259//492 790//492 789//492
f 259//493 262//493 790//493
f 262//493 791//493 790//493
f 262//494 261//494 791//494
f 261//494 792//494 791//494
f 261//495 264//495 792//495
f 264//495 793//495 792//495
f 264//496 263//496 793//496
f 263//496 794//496 793//496
f 263//497 266//497 794//497
f 266//497 795//497 794//497
f 266//135 265//135 795//135
f 265//135 796//135 795//135
f 265//498 268//498 796//498
f 268//498 797//498 796//498
f 268//499 267//499 797//499
f 267//499 798//499 797//499
f 267//500 270//500 798//500
f 270//500 799//500 798//500
f 270//501 269//501 799//501
f 269//501 800//501 799//501
f 269//502 272//502 800//502
f 272//502 801//503 800//502
f 272//502 271//503 801//503
f 271//503 802//504 801//503
f 271//503 274//505 802//504
f 274//505 803//506 802//504
f 274//505 273//507 803//506
f 273//507 804//508 803//506
f 273//507 276//509 804//508
f 276//509 805//510 804//508
f 276//509 275//510 805//510
f 275//510 806//511 805//510
f 275//510 278//511 806//511
f 278//511 807//512 806//511
f 278//511 277//512 807//512
f 277//512 808//513 807//512
f 277//512 280//513 808//513
f 280//513 809//514 808//513
f 280//513 279//514 809//514
f 279//514 810//515 809//514
f 279//514 282//516 810//515
f 282//516 811//517 810//515
f 282//516 281//518 811//517
f 281//518 812//519 811//517
f 281//518 287//519 812//519
f 287//519 817//520 812//519
f 287//519 290//520 817//520
f 290//520 820//521 817//520
f 290//520 294//521 820//521
f 294//521 824//522 820//521
f 294//521 300//522 824//522
f 300//522 830//523 824//522
f 300//522 304//524 830//523
f 304//524 834//525 830//523
f 304//524 308//526 834//525
f 308//526 838//527 834//525
f 308//526 312//527 838//527
f 312//527 842//528 838//527
f 312//527 316//528 842//528
f 316//528 846//529 842//528
f 316//528 320//530 846//529
f 320//530 850//531 846//529
f 320//530 324//531 850//531
f 324//531 854//532 850//531
f 324//531 328//532 854//532
f 328//532 858//533 854//532
f 328//532 332//533 858//533
f 332//533 862//533 858//533
f 332//534 336//534 862//534
f 336//534 866//534 862//534
f 336//535 340//535 866//535
f 340//535 870//535 866//535
f 340//536 344//536 870//536
f 344//536 874//536 870//536
f 344//537 348//537 874//537
f 348//537 878//537 874//537
f 348//538 352//538 878//538
f 352//538 882//538 878//538
f 352//539 515//539 882//539
f 515//539 1045//539 882//539
f 515//540 517//540 1045//540
f 517//540 1047//540 1045//540
f 517//541 520//541 1047//541
f 520//541 1050//541 1047//541
f 520//542 522//542 1050//542
f 522//542 1052//542 1050//542
f 522//543 524//543 1052//543
f 524//543 1054//543 1052//543
f 524//544 526//544 1054//544
f 526//544 1056//544 1054//544
f 526//545 528//545 1056//545
f 528//545 1058//545 1056//545
f 528//546 530//546 1058//546
f 530//546 1060//546 1058//546
f 530//547 529//547 1060//548
f 529//547 1059//548 1060//548
f 529//549 527//549 1059//549
f 527//549 1057//549 1059//549
f 527//550 525//550 1057//550
f 525//550 1055//550 1057//550
f 525//551 523//551 1055//552
f 523//551 1053//552 1055//552
f 523//553 521//553 1053//553
f 521//553 1051//553 1053//553
f 521//554 519//554 1051//554
f 519//554 1049//554 1051//554
f 519//555 518//555 1049//555
f 518//555 1048//555 1049//555
f 518//556 516//556 1048//556
f 516//556 1046//556 1048//556
f 516//557 514//557 1046//557
f 514//557 1044//557 1046//557
f 514//558 513//558 1044//558
f 513//558 1043//558 1044//558
f 513//559 512//559 1043//559
f 512//559 1042//559 1043//559
f 512//560 510//560 1042//560
f 510//560 1040//560 1042//560
f 510//561 508//561 1040//561
f 508//561 1038//561 1040//561
f 508//562 506//562 1038//562
f 506//562 1036//562 1038//562
f 506//563 504//563 1036//563
f 504//563 1034//563 1036//563
f 504//564 502//564 1034//564
f 502//564 1032//564 1034//564
f 502//565 500//565 1032//565
f 500//565 1030//565 1032//565
f 500//566 498//566 1030//566
f 498//566 1028//566 1030//566
f 498//567 496//567 1028//567
f 496//567 1026//567 1028//567
f 496//568 494//568 1026//569
f 494//568 1024//569 1026//569
f 494//570 492//570 1024//570
f 492//570 1022//570 1024//570
f 492//571 490//571 1022//571
f 490//571 1020//571 1022//571
f 490//572 488//572 1020//572
f 488//572 1018//572 1020//572
f 488//573 486//573 1018//573
f 486//573 1016//573 1018//573
