# https://github.com/mikedh/trimesh

o sca_A.stl
v -1.60141889 5.99346081 8.93187403
v -1.58884678 5.99346081 8.94079374
v -1.57554095 5.99346081 8.94913578
v -1.57627457 5.99346081 8.94971345
v -1.56296873 5.99346081 8.95805625
v -1.54966300 5.99346081 8.96639828
v -1.56370236 5.99346081 8.95863316
v -1.55039653 5.99346081 8.96697596
v -1.55113015 5.99346081 8.96755364
v -1.53782432 5.99346081 8.97589568
v -1.52451858 5.99346081 8.98423847
v -1.53709079 5.99346081 8.97531800
v -1.52378495 5.99346081 8.98366079
v -1.51121275 5.99346081 8.99258050
v -1.49790701 5.99346081 9.00092330
v -1.53855794 5.99346081 8.97647335
v -1.52525210 5.99346081 8.98481539
v -1.52598573 5.99346081 8.98539306
v -1.51267990 5.99346081 8.99373586
v -1.49937416 5.99346081 9.00207789
v -1.51341352 5.99346081 8.99431277
v -1.50010769 5.99346081 9.00265557
v -1.50084132 5.99346081 9.00323325
v -1.48753548 5.99346081 9.01157528
v -1.47422974 5.99346081 9.01991808
v -1.48680195 5.99346081 9.01099760
v -1.47349612 5.99346081 9.01934040
v -1.46092391 5.99346081 9.02826011
v -1.44761817 5.99346081 9.03660291
v -1.48533480 5.99346081 9.00984301
v -1.47202897 5.99346081 9.01818504
v -1.47276259 5.99346081 9.01876272
v -1.45945676 5.99346081 9.02710552
v -1.44615102 5.99346081 9.03544755
v -1.46019038 5.99346081 9.02768243
v -1.44688454 5.99346081 9.03602523
v -1.43431234 5.99346081 9.04494494
v -1.42100660 5.99346081 9.05328774
v -1.43357881 5.99346081 9.04436727
v -1.42027298 5.99346081 9.05271006
v -1.40770076 5.99346081 9.06162977
v -1.39439503 5.99346081 9.06997256
v -1.51194637 5.99346081 8.99315818
v -1.48606832 5.99346081 9.01042069
v -1.49864054 5.99346081 9.00150021
v -1.78496878 5.99346081 8.77529438
v -1.77386372 5.99346081 8.78536945
v -1.76202514 5.99346081 8.79486683
v -1.76275867 5.99346081 8.79544451
v -1.75092009 5.99346081 8.80494191
v -1.73908131 5.99346081 8.81443929
v -1.75165361 5.99346081 8.80551958
v -1.73981484 5.99346081 8.81501697
v -1.74054837 5.99346081 8.81559465
v -1.72870978 5.99346081 8.82509204
v -1.71687119 5.99346081 8.83458943
v -1.72797626 5.99346081 8.82451436
v -1.71613767 5.99346081 8.83401175
v -1.70503261 5.99346081 8.84408682
v -1.69319384 5.99346081 8.85358421
v -1.72944331 5.99346081 8.82566971
v -1.71760472 5.99346081 8.83516711
v -1.71833826 5.99346081 8.83574479
v -1.70649967 5.99346081 8.84524217
v -1.69466089 5.99346081 8.85473956
v -1.70723320 5.99346081 8.84581985
v -1.69539443 5.99346081 8.85531724
v -1.69612795 5.99346081 8.85589492
v -1.68428936 5.99346081 8.86539230
v -1.67245078 5.99346081 8.87488970
v -1.68355584 5.99346081 8.86481463
v -1.67171725 5.99346081 8.87431202
v -1.66061220 5.99346081 8.88438708
v -1.64877342 5.99346081 8.89388447
v -1.68208878 5.99346081 8.86365928
v -1.67025019 5.99346081 8.87315666
v -1.67098373 5.99346081 8.87373434
v -1.65914514 5.99346081 8.88323173
v -1.64730636 5.99346081 8.89272912
v -1.65987867 5.99346081 8.88380941
v -1.64803989 5.99346081 8.89330679
v -1.63693484 5.99346081 8.90338187
v -1.62509625 5.99346081 8.91287925
v -1.63620131 5.99346081 8.90280419
v -1.62436273 5.99346081 8.91230158
v -1.61325766 5.99346081 8.92237665
v -1.70576614 5.99346081 8.84466450
v -1.68282231 5.99346081 8.86423695
v -1.69392736 5.99346081 8.85416188
v -1.94504422 5.99346081 8.60023514
v -1.93540642 5.99346081 8.61146480
v -1.92503489 5.99346081 8.62211754
v -1.92576842 5.99346081 8.62269522
v -1.91539689 5.99346081 8.63334720
v -1.90502536 5.99346081 8.64399995
v -1.91613042 5.99346081 8.63392488
v -1.90575889 5.99346081 8.64457762
v -1.90649242 5.99346081 8.64515530
v -1.89612108 5.99346081 8.65580729
v -1.88574955 5.99346081 8.66646003
v -1.89538755 5.99346081 8.65522961
v -1.88501603 5.99346081 8.66588235
v -1.87537803 5.99346081 8.67711201
v -1.86500650 5.99346081 8.68776476
v -1.89685461 5.99346081 8.65638496
v -1.88648309 5.99346081 8.66703771
v -1.88721662 5.99346081 8.66761538
v -1.87684509 5.99346081 8.67826737
v -1.86647356 5.99346081 8.68892012
v -1.87757862 5.99346081 8.67884505
v -1.86720709 5.99346081 8.68949779
v -1.86794062 5.99346081 8.69007547
v -1.85756928 5.99346081 8.70072745
v -1.84719775 5.99346081 8.71138019
v -1.85683575 5.99346081 8.70014977
v -1.84646422 5.99346081 8.71080252
v -1.83682622 5.99346081 8.72203218
v -1.82645470 5.99346081 8.73268493
v -1.85536869 5.99346081 8.69899442
v -1.84499717 5.99346081 8.70964717
v -1.84573070 5.99346081 8.71022484
v -1.83535917 5.99346081 8.72087682
v -1.82498764 5.99346081 8.73152957
v -1.83609270 5.99346081 8.72145451
v -1.82572117 5.99346081 8.73210725
v -1.81608336 5.99346081 8.74333691
v -1.80571184 5.99346081 8.75398965
v -1.81534983 5.99346081 8.74275923
v -1.80497830 5.99346081 8.75341198
v -1.79534031 5.99346081 8.76464164
v -1.87611156 5.99346081 8.67768969
v -1.85610222 5.99346081 8.69957210
v -1.86574003 5.99346081 8.68834243
v -2.08164483 5.99346081 8.40669630
v -2.07347408 5.99346081 8.41908131
v -2.06456980 5.99346081 8.43088865
v -2.06530333 5.99346081 8.43146633
v -2.05639905 5.99346081 8.44327367
v -2.04749478 5.99346081 8.45508101
v -2.05713258 5.99346081 8.44385134
v -2.04822830 5.99346081 8.45565868
v -2.04896183 5.99346081 8.45623636
v -2.04005756 5.99346081 8.46804370
v -2.03115328 5.99346081 8.47985104
v -2.03932403 5.99346081 8.46746602
v -2.03041974 5.99346081 8.47927336
v -2.02224899 5.99346081 8.49165837
v -2.01334453 5.99346081 8.50346571
v -2.04079108 5.99346081 8.46862138
v -2.03188681 5.99346081 8.48042872
v -2.03262033 5.99346081 8.48100640
v -2.02371606 5.99346081 8.49281374
v -2.01481177 5.99346081 8.50462107
v -2.02444958 5.99346081 8.49339141
v -2.01554531 5.99346081 8.50519875
v -2.01627883 5.99346081 8.50577643
v -2.00737456 5.99346081 8.51758376
v -1.99847027 5.99346081 8.52939110
v -2.00664102 5.99346081 8.51700609
v -1.99773675 5.99346081 8.52881343
v -1.98956600 5.99346081 8.54119844
v -1.98066152 5.99346081 8.55300578
v -2.00517378 5.99346081 8.51585073
v -1.99626950 5.99346081 8.52765807
v -1.99700303 5.99346081 8.52823575
v -1.98809875 5.99346081 8.54004309
v -1.97919447 5.99346081 8.55185043
v -1.98883227 5.99346081 8.54062077
v -1.97992800 5.99346081 8.55242811
v -1.97175725 5.99346081 8.56481312
v -1.96285297 5.99346081 8.57662046
v -1.97102372 5.99346081 8.56423544
v -1.96211944 5.99346081 8.57604278
v -1.95394869 5.99346081 8.58842780
v -2.02298253 5.99346081 8.49223606
v -2.00590749 5.99346081 8.51642841
v -2.01407824 5.99346081 8.50404339
v -2.19477176 5.99346081 8.19467787
v -2.18806826 5.99346081 8.20821747
v -2.18063103 5.99346081 8.22118017
v -2.18136456 5.99346081 8.22175785
v -2.17392734 5.99346081 8.23471978
v -2.16649012 5.99346081 8.24768247
v -2.17466087 5.99346081 8.23529746
v -2.16722365 5.99346081 8.24826015
v -2.16795718 5.99346081 8.24883783
v -2.16051996 5.99346081 8.26179976
v -2.15308274 5.99346081 8.27476245
v -2.15978643 5.99346081 8.26122208
v -2.15234921 5.99346081 8.27418478
v -2.14564552 5.99346081 8.28772438
v -2.13820829 5.99346081 8.30068708
v -2.16125367 5.99346081 8.26237744
v -2.15381645 5.99346081 8.27534013
v -2.15454999 5.99346081 8.27591781
v -2.14711276 5.99346081 8.28887974
v -2.13967554 5.99346081 8.30184243
v -2.14784629 5.99346081 8.28945742
v -2.14040907 5.99346081 8.30242011
v -2.14114260 5.99346081 8.30299780
v -2.13370538 5.99346081 8.31595973
v -2.12626815 5.99346081 8.32892242
v -2.13297185 5.99346081 8.31538205
v -2.12553463 5.99346081 8.32834474
v -2.11883094 5.99346081 8.34188435
v -2.11139372 5.99346081 8.35484705
v -2.13150479 5.99346081 8.31422669
v -2.12406757 5.99346081 8.32718938
v -2.12480110 5.99346081 8.32776707
v -2.11736388 5.99346081 8.34072900
v -2.10992666 5.99346081 8.35369169
v -2.11809741 5.99346081 8.34130667
v -2.11066019 5.99346081 8.35426937
v -2.10395650 5.99346081 8.36780898
v -2.09651927 5.99346081 8.38077167
v -2.10322297 5.99346081 8.36723130
v -2.09578575 5.99346081 8.38019399
v -2.08908205 5.99346081 8.39373360
v -2.14637924 5.99346081 8.28830207
v -2.13223832 5.99346081 8.31480437
v -2.13894202 5.99346081 8.30126476
v -2.28442385 5.99346081 7.96417984
v -2.27918740 5.99346081 7.97887481
v -2.27321743 5.99346081 7.99299209
v -2.27395096 5.99346081 7.99356977
v -2.26798099 5.99346081 8.00768706
v -2.26201083 5.99346081 8.02180435
v -2.26871452 5.99346081 8.00826473
v -2.26274435 5.99346081 8.02238202
v -2.26347788 5.99346081 8.02295970
v -2.25750791 5.99346081 8.03707699
v -2.25153794 5.99346081 8.05119427
v -2.25677438 5.99346081 8.03649931
v -2.25080441 5.99346081 8.05061660
v -2.24556797 5.99346081 8.06531157
v -2.23959781 5.99346081 8.07942885
v -2.25824144 5.99346081 8.03765467
v -2.25227147 5.99346081 8.05177195
v -2.25300499 5.99346081 8.05234963
v -2.24703502 5.99346081 8.06646692
v -2.24106486 5.99346081 8.08058421
v -2.24776856 5.99346081 8.06704460
v -2.24179839 5.99346081 8.08116188
v -2.24253192 5.99346081 8.08173956
v -2.23656194 5.99346081 8.09585685
v -2.23059197 5.99346081 8.10997414
v -2.23582842 5.99346081 8.09527918
v -2.22985844 5.99346081 8.10939646
v -2.22462200 5.99346081 8.12409143
v -2.21865184 5.99346081 8.13820871
v -2.23436136 5.99346081 8.09412382
v -2.22839139 5.99346081 8.10824111
v -2.22912492 5.99346081 8.10881878
v -2.22315494 5.99346081 8.12293607
v -2.21718478 5.99346081 8.13705336
v -2.22388847 5.99346081 8.12351375
v -2.21791831 5.99346081 8.13763103
v -2.21268187 5.99346081 8.15232600
v -2.20671189 5.99346081 8.16644329
v -2.21194833 5.99346081 8.15174833
v -2.20597836 5.99346081 8.16586561
v -2.20074192 5.99346081 8.18056057
v -2.24630149 5.99346081 8.06588924
v -2.23509489 5.99346081 8.09470149
v -2.24033133 5.99346081 8.08000653
v -1.34944400 5.99346081 -0.46862005
v -2.04393630 5.99346081 -1.23503387
v -1.46631649 5.99346081 0.58547989
v -2.73842851 5.99346081 -2.00144764
v -2.16080879 5.99346081 -0.18093390
v -1.58318898 5.99346081 1.63957988
v -3.43292091 5.99346081 -2.76786150
v -2.85530101 5.99346081 -0.94734774
v -4.12741312 5.99346081 -3.53427517
v -3.54979322 5.99346081 -1.71376141
v -2.97217350 5.99346081 0.10675224
v -2.27768129 5.99346081 0.87316606
v -1.70006138 5.99346081 2.69367978
v -2.39455378 5.99346081 1.92726592
v -1.81693388 5.99346081 3.74777987
v -4.82190534 5.99346081 -4.30068903
v -4.24428543 5.99346081 -2.48017527
v -5.51639755 5.99346081 -5.06710290
v -4.93877764 5.99346081 -3.24658895
v -4.36115811 5.99346081 -1.42607538
v -6.21088976 5.99346081 -5.83351676
v -5.63327023 5.99346081 -4.01300281
v -6.90538235 5.99346081 -6.59993024
v -6.32776244 5.99346081 -4.77941667
v -5.75014253 5.99346081 -2.95890291
v -5.05565032 5.99346081 -2.19248924
v -4.47803042 5.99346081 -0.37197543
v -5.17252263 5.99346081 -1.13838925
v -4.59490310 5.99346081 0.68212452
v -2.51142628 5.99346081 2.98136601
v -1.93380637 5.99346081 4.80187957
v -3.20591868 5.99346081 2.21495215
v -2.62829877 5.99346081 4.03546571
v -2.05067886 5.99346081 5.85597966
v -3.90041089 5.99346081 1.44853838
v -3.32279098 5.99346081 3.26905204
v -4.01728319 5.99346081 2.50263837
v -3.43966367 5.99346081 4.32315194
v -2.74517126 5.99346081 5.08956580
v -2.16755136 5.99346081 6.91007937
v -2.86204376 5.99346081 6.14366589
v -3.66666590 5.99346081 -0.65966157
v -3.78353821 5.99346081 0.39443838
v -3.08904599 5.99346081 1.16085215
v -5.87825288 5.99346081 -5.83351676
v -5.18376067 5.99346081 -5.06710290
v -4.85112341 5.99346081 -5.06710290
v -4.48926808 5.99346081 -4.30068903
v -3.79477587 5.99346081 -3.53427517
v -3.46213899 5.99346081 -3.53427517
v -4.15663120 5.99346081 -4.30068903
v -3.82399394 5.99346081 -4.30068903
v -3.12950192 5.99346081 -3.53427517
v -2.79686485 5.99346081 -3.53427517
v -3.10028366 5.99346081 -2.76786150
v -2.40579145 5.99346081 -2.00144764
v -2.07315438 5.99346081 -2.00144764
v -1.71129923 5.99346081 -1.23503387
v -1.01680693 5.99346081 -0.46862005
v -0.68416986 5.99346081 -0.46862005
v -1.37866207 5.99346081 -1.23503387
v -1.04602500 5.99346081 -1.23503387
v -0.35153277 5.99346081 -0.46862005
v -0.01889571 5.99346081 -0.46862005
v -2.10237246 5.99346081 -2.76786150
v -1.76973539 5.99346081 -2.76786150
v -1.40788024 5.99346081 -2.00144764
v -1.07524318 5.99346081 -2.00144764
v -0.74260611 5.99346081 -2.00144764
v -0.71338798 5.99346081 -1.23503387
v -0.38075091 5.99346081 -1.23503387
v 0.31374136 5.99346081 -0.46862005
v 0.64637841 5.99346081 -0.46862005
v -0.04811384 5.99346081 -1.23503387
v 0.28452322 5.99346081 -1.23503387
v 0.97901548 5.99346081 -0.46862005
v 1.31165254 5.99346081 -0.46862005
v -2.76764659 5.99346081 -2.76786150
v -1.74051731 5.99346081 -2.00144764
v -2.43500952 5.99346081 -2.76786150
v -2.17654137 5.99346081 -3.50730455
v -2.28217620 5.99346081 -3.89388305
v -2.76764659 5.99346081 -3.89388305
v -2.38781084 5.99346081 -4.28046117
v -2.87328123 5.99346081 -4.28046117
v -3.35875181 5.99346081 -4.28046117
v -2.49344567 5.99346081 -4.66703928
v -2.97891606 5.99346081 -4.66703928
v -2.59908031 5.99346081 -5.05361740
v -3.08455070 5.99346081 -5.05361740
v -3.57002109 5.99346081 -5.05361740
v -3.46438645 5.99346081 -4.66703928
v -3.94985684 5.99346081 -4.66703928
v -4.05549147 5.99346081 -5.05361740
v -4.54096186 5.99346081 -5.05361740
v -2.70471514 5.99346081 -5.44019590
v -3.19018553 5.99346081 -5.44019590
v -2.81034979 5.99346081 -5.82677401
v -3.29582036 5.99346081 -5.82677401
v -3.78129075 5.99346081 -5.82677401
v -2.91598461 5.99346081 -6.21335213
v -3.40145500 5.99346081 -6.21335213
v -3.02161926 5.99346081 -6.59993024
v -3.50708964 5.99346081 -6.59993024
v -3.99256003 5.99346081 -6.59993024
v -3.88692539 5.99346081 -6.21335213
v -4.37239577 5.99346081 -6.21335213
v -4.47803042 5.99346081 -6.59993024
v -4.96350081 5.99346081 -6.59993024
v -4.64659650 5.99346081 -5.44019590
v -5.13206689 5.99346081 -5.44019590
v -4.75223114 5.99346081 -5.82677401
v -5.23770152 5.99346081 -5.82677401
v -5.72317191 5.99346081 -5.82677401
v -4.85786616 5.99346081 -6.21335213
v -5.34333617 5.99346081 -6.21335213
v -5.44897119 5.99346081 -6.59993024
v -5.93444158 5.99346081 -6.59993024
v -5.82880655 5.99346081 -6.21335213
v -6.31427694 5.99346081 -6.21335213
v -6.41991197 5.99346081 -6.59993024
v -3.67565573 5.99346081 -5.44019590
v -4.26676075 5.99346081 -5.82677401
v -4.16112612 5.99346081 -5.44019590
v 6.93951274 5.99346081 -6.59993024
v 6.44505177 5.99346081 -6.59993024
v 6.33941750 5.99346081 -6.21335213
v 5.95059155 5.99346081 -6.59993024
v 5.84495691 5.99346081 -6.21335213
v 5.73932189 5.99346081 -5.82677401
v 5.45613096 5.99346081 -6.59993024
v 5.35049632 5.99346081 -6.21335213
v 4.96167036 5.99346081 -6.59993024
v 4.85603573 5.99346081 -6.21335213
v 4.75040070 5.99346081 -5.82677401
v 5.24486130 5.99346081 -5.82677401
v 5.13922666 5.99346081 -5.44019590
v 4.64476606 5.99346081 -5.44019590
v 4.53913143 5.99346081 -5.05361740
v 4.46720977 5.99346081 -6.59993024
v 4.36157513 5.99346081 -6.21335213
v 3.97274918 5.99346081 -6.59993024
v 3.86711454 5.99346081 -6.21335213
v 3.76147952 5.99346081 -5.82677401
v 3.47828859 5.99346081 -6.59993024
v 3.37265394 5.99346081 -6.21335213
v 2.98382799 5.99346081 -6.59993024
v 2.87819316 5.99346081 -6.21335213
v 2.77255852 5.99346081 -5.82677401
v 3.26701892 5.99346081 -5.82677401
v 3.16138429 5.99346081 -5.44019590
v 2.66692369 5.99346081 -5.44019590
v 2.56128905 5.99346081 -5.05361740
v 4.04467083 5.99346081 -5.05361740
v 3.93903619 5.99346081 -4.66703928
v 3.55021024 5.99346081 -5.05361740
v 3.44457560 5.99346081 -4.66703928
v 3.33894057 5.99346081 -4.28046117
v 3.05574964 5.99346081 -5.05361740
v 2.95011481 5.99346081 -4.66703928
v 2.45565422 5.99346081 -4.66703928
v 2.35001958 5.99346081 -4.28046117
v 2.84448017 5.99346081 -4.28046117
v 2.73884534 5.99346081 -3.89388305
v 2.24438475 5.99346081 -3.89388305
v 2.13875011 5.99346081 -3.50730455
v 4.25594011 5.99346081 -5.82677401
v 3.65584487 5.99346081 -5.44019590
v 4.15030547 5.99346081 -5.44019590
v 2.20773764 5.99346081 8.07892891
v 2.21259951 5.99346081 8.06458528
v 2.79920944 5.99346081 6.24407132
v 2.21746138 5.99346081 8.05024164
v 2.80407130 5.99346081 6.22972769
v 3.39068123 5.99346081 4.40921374
v 2.22232325 5.99346081 8.03589801
v 2.80893317 5.99346081 6.21538405
v 2.22718512 5.99346081 8.02155438
v 2.81379504 5.99346081 6.20104042
v 3.40040496 5.99346081 4.38052647
v 3.39554309 5.99346081 4.39487011
v 3.98215321 5.99346081 2.57435654
v 3.98701508 5.99346081 2.56001290
v 4.57362519 5.99346081 0.73949904
v 2.23204698 5.99346081 8.00721074
v 2.81865690 5.99346081 6.18669679
v 2.23690885 5.99346081 7.99286711
v 2.82351877 5.99346081 6.17235316
v 3.41012870 5.99346081 4.35183920
v 2.24177072 5.99346081 7.97852347
v 2.82838064 5.99346081 6.15800953
v 2.24663258 5.99346081 7.96417984
v 2.83324251 5.99346081 6.14366589
v 3.41985243 5.99346081 4.32315194
v 3.41499057 5.99346081 4.33749557
v 4.00160068 5.99346081 2.51698200
v 4.00646255 5.99346081 2.50263837
v 4.59307266 5.99346081 0.68212452
v 4.57848706 5.99346081 0.72515541
v 5.16509717 5.99346081 -1.09535834
v 4.58334893 5.99346081 0.71081178
v 5.16995904 5.99346081 -1.10970198
v 5.75656877 5.99346081 -2.93021564
v 4.58821080 5.99346081 0.69646815
v 5.17482091 5.99346081 -1.12404561
v 5.17968278 5.99346081 -1.13838925
v 5.76629251 5.99346081 -2.95890291
v 5.76143064 5.99346081 -2.94455928
v 6.34804075 5.99346081 -4.76507304
v 6.35290262 5.99346081 -4.77941667
v 3.40526683 5.99346081 4.36618284
v 3.99673882 5.99346081 2.53132564
v 3.99187695 5.99346081 2.54566927
v 2.11234155 5.99346081 8.29569223
v 2.11867047 5.99346081 8.28240944
v 2.12426606 5.99346081 8.26859624
v 2.12499959 5.99346081 8.26912743
v 2.13059498 5.99346081 8.25531422
v 2.13619057 5.99346081 8.24150102
v 2.13132851 5.99346081 8.25584541
v 2.13692410 5.99346081 8.24203220
v 2.13765763 5.99346081 8.24256339
v 2.14325302 5.99346081 8.22875019
v 2.14884861 5.99346081 8.21493698
v 2.14251949 5.99346081 8.22821900
v 2.14811509 5.99346081 8.21440579
v 2.15444401 5.99346081 8.20112378
v 2.16003960 5.99346081 8.18731057
v 2.14398656 5.99346081 8.22928062
v 2.14958214 5.99346081 8.21546741
v 2.15031567 5.99346081 8.21599859
v 2.15591107 5.99346081 8.20218539
v 2.16150665 5.99346081 8.18837218
v 2.15664459 5.99346081 8.20271658
v 2.16224018 5.99346081 8.18890337
v 2.16297371 5.99346081 8.18943456
v 2.16856910 5.99346081 8.17562135
v 2.17416470 5.99346081 8.16180815
v 2.16783558 5.99346081 8.17509017
v 2.17343117 5.99346081 8.16127696
v 2.17976009 5.99346081 8.14799494
v 2.18535568 5.99346081 8.13418174
v 2.16636852 5.99346081 8.17402779
v 2.17196411 5.99346081 8.16021458
v 2.17269763 5.99346081 8.16074577
v 2.17829303 5.99346081 8.14693257
v 2.18388862 5.99346081 8.13311936
v 2.17902656 5.99346081 8.14746375
v 2.18462215 5.99346081 8.13365054
v 2.19095108 5.99346081 8.12036853
v 2.19654666 5.99346081 8.10655532
v 2.19021755 5.99346081 8.11983734
v 2.19581313 5.99346081 8.10602413
v 2.20214206 5.99346081 8.09274212
v 2.15517754 5.99346081 8.20165420
v 2.16710205 5.99346081 8.17455898
v 2.16077312 5.99346081 8.18784099
v 1.99347100 5.99346081 8.49547425
v 2.00126716 5.99346081 8.48325309
v 2.00832981 5.99346081 8.47050150
v 2.00906353 5.99346081 8.47103192
v 2.01612599 5.99346081 8.45828034
v 2.02318863 5.99346081 8.44552874
v 2.01685971 5.99346081 8.45881077
v 2.02392235 5.99346081 8.44605917
v 2.02465607 5.99346081 8.44659036
v 2.03171852 5.99346081 8.43383801
v 2.03878117 5.99346081 8.42108642
v 2.03098480 5.99346081 8.43330758
v 2.03804745 5.99346081 8.42055599
v 2.04584362 5.99346081 8.40833483
v 2.05290627 5.99346081 8.39558324
v 2.03245225 5.99346081 8.43436920
v 2.03951489 5.99346081 8.42161761
v 2.04024861 5.99346081 8.42214803
v 2.04731106 5.99346081 8.40939645
v 2.05437371 5.99346081 8.39664485
v 2.04804478 5.99346081 8.40992688
v 2.05510743 5.99346081 8.39717528
v 2.05584115 5.99346081 8.39770647
v 2.06290360 5.99346081 8.38495412
v 2.06996625 5.99346081 8.37220253
v 2.06216988 5.99346081 8.38442370
v 2.06923252 5.99346081 8.37167210
v 2.07702870 5.99346081 8.35945094
v 2.08409135 5.99346081 8.34669935
v 2.06070244 5.99346081 8.38336208
v 2.06776509 5.99346081 8.37061048
v 2.06849881 5.99346081 8.37114091
v 2.07556126 5.99346081 8.35838932
v 2.08262391 5.99346081 8.34563773
v 2.07629498 5.99346081 8.35891975
v 2.08335762 5.99346081 8.34616816
v 2.09115380 5.99346081 8.33394699
v 2.09821645 5.99346081 8.32119541
v 2.09042008 5.99346081 8.33341657
v 2.09748272 5.99346081 8.32066498
v 2.10527890 5.99346081 8.30844382
v 2.04657735 5.99346081 8.40886526
v 2.06143616 5.99346081 8.38389250
v 2.05363999 5.99346081 8.39611366
v 1.85112676 5.99346081 8.67827499
v 1.86038999 5.99346081 8.66711544
v 1.86891969 5.99346081 8.65542471
v 1.86965341 5.99346081 8.65595590
v 1.87818311 5.99346081 8.64426516
v 1.88671282 5.99346081 8.63257442
v 1.87891664 5.99346081 8.64479635
v 1.88744634 5.99346081 8.63310561
v 1.88818007 5.99346081 8.63363681
v 1.89670977 5.99346081 8.62194607
v 1.90523947 5.99346081 8.61025533
v 1.89597605 5.99346081 8.62141488
v 1.90450575 5.99346081 8.60972414
v 1.91376917 5.99346081 8.59856459
v 1.92229888 5.99346081 8.58687462
v 1.89744330 5.99346081 8.62247726
v 1.90597300 5.99346081 8.61078652
v 1.90670672 5.99346081 8.61131771
v 1.91523642 5.99346081 8.59962698
v 1.92376613 5.99346081 8.58793624
v 1.91596995 5.99346081 8.60015816
v 1.92449965 5.99346081 8.58846742
v 1.92523338 5.99346081 8.58899862
v 1.93376308 5.99346081 8.57730788
v 1.94229278 5.99346081 8.56561714
v 1.93302936 5.99346081 8.57677669
v 1.94155906 5.99346081 8.56508596
v 1.95082248 5.99346081 8.55392641
v 1.95935219 5.99346081 8.54223643
v 1.93156211 5.99346081 8.57571508
v 1.94009181 5.99346081 8.56402434
v 1.94082553 5.99346081 8.56455553
v 1.94935523 5.99346081 8.55286479
v 1.95788494 5.99346081 8.54117406
v 1.95008876 5.99346081 8.55339598
v 1.95861846 5.99346081 8.54170525
v 1.96788189 5.99346081 8.53054570
v 1.97641159 5.99346081 8.51885496
v 1.96714817 5.99346081 8.53001451
v 1.97567787 5.99346081 8.51832377
v 1.98494129 5.99346081 8.50716423
v 1.91450270 5.99346081 8.59909579
v 1.93229583 5.99346081 8.57624550
v 1.92303240 5.99346081 8.58740505
v 1.68530731 5.99346081 8.84409444
v 1.69603779 5.99346081 8.83399575
v 1.70603474 5.99346081 8.82336662
v 1.70676827 5.99346081 8.82389782
v 1.71676522 5.99346081 8.81326870
v 1.72676217 5.99346081 8.80263957
v 1.71749875 5.99346081 8.81379913
v 1.72749570 5.99346081 8.80317000
v 1.72822923 5.99346081 8.80370119
v 1.73822618 5.99346081 8.79307208
v 1.74822313 5.99346081 8.78244295
v 1.73749265 5.99346081 8.79254088
v 1.74748960 5.99346081 8.78191177
v 1.75822008 5.99346081 8.77181383
v 1.76821703 5.99346081 8.76118472
v 1.73895971 5.99346081 8.79360250
v 1.74895666 5.99346081 8.78297338
v 1.74969019 5.99346081 8.78350457
v 1.75968714 5.99346081 8.77287545
v 1.76968409 5.99346081 8.76224633
v 1.76042067 5.99346081 8.77340587
v 1.77041762 5.99346081 8.76277676
v 1.77115115 5.99346081 8.76330795
v 1.78114810 5.99346081 8.75267883
v 1.79114505 5.99346081 8.74204971
v 1.78041457 5.99346081 8.75214764
v 1.79041152 5.99346081 8.74151852
v 1.80114200 5.99346081 8.73142059
v 1.81113895 5.99346081 8.72079147
v 1.77894751 5.99346081 8.75108602
v 1.78894447 5.99346081 8.74045690
v 1.78967799 5.99346081 8.74098809
v 1.79967495 5.99346081 8.73035897
v 1.80967189 5.99346081 8.71972985
v 1.80040847 5.99346081 8.73088940
v 1.81040543 5.99346081 8.72026028
v 1.82113591 5.99346081 8.71016235
v 1.83113286 5.99346081 8.69953323
v 1.82040237 5.99346081 8.70963116
v 1.83039932 5.99346081 8.69900204
v 1.84112980 5.99346081 8.68890411
v 1.75895361 5.99346081 8.77234426
v 1.77968104 5.99346081 8.75161721
v 1.76895056 5.99346081 8.76171514
v 1.49601408 5.99346081 8.99293260
v 1.50821171 5.99346081 8.98389552
v 1.51967572 5.99346081 8.97432726
v 1.52040935 5.99346081 8.97485844
v 1.53187336 5.99346081 8.96529018
v 1.54333736 5.99346081 8.95572268
v 1.53260698 5.99346081 8.96582137
v 1.54407099 5.99346081 8.95625311
v 1.54480461 5.99346081 8.95678430
v 1.55626862 5.99346081 8.94721603
v 1.56773263 5.99346081 8.93764852
v 1.55553500 5.99346081 8.94668560
v 1.56699900 5.99346081 8.93711810
v 1.57919664 5.99346081 8.92808102
v 1.59066064 5.99346081 8.91851352
v 1.55700224 5.99346081 8.94774722
v 1.56846625 5.99346081 8.93817895
v 1.56919988 5.99346081 8.93871014
v 1.58066388 5.99346081 8.92914187
v 1.59212789 5.99346081 8.91957437
v 1.58139751 5.99346081 8.92967307
v 1.59286152 5.99346081 8.92010480
v 1.59359514 5.99346081 8.92063599
v 1.60505925 5.99346081 8.91106772
v 1.61652325 5.99346081 8.90150022
v 1.60432552 5.99346081 8.91053729
v 1.61578954 5.99346081 8.90096980
v 1.62798726 5.99346081 8.89193272
v 1.63945128 5.99346081 8.88236521
v 1.60285828 5.99346081 8.90947644
v 1.61432229 5.99346081 8.89990818
v 1.61505600 5.99346081 8.90043937
v 1.62652002 5.99346081 8.89087110
v 1.63798403 5.99346081 8.88130359
v 1.62725355 5.99346081 8.89140229
v 1.63871755 5.99346081 8.88183402
v 1.65091528 5.99346081 8.87279695
v 1.66237929 5.99346081 8.86322945
v 1.65018156 5.99346081 8.87226652
v 1.66164557 5.99346081 8.86269902
v 1.67384330 5.99346081 8.85366194
v 1.57993026 5.99346081 8.92861145
v 1.60359200 5.99346081 8.91000687
v 1.59139427 5.99346081 8.91904394
v 1.28561817 5.99346081 9.12416454
v 1.29898641 5.99346081 9.11626681
v 1.31191766 5.99346081 9.10776016
v 1.31235464 5.99346081 9.10836909
v 1.32528589 5.99346081 9.09986244
v 1.33821715 5.99346081 9.09135655
v 1.32572287 5.99346081 9.10047136
v 1.33865413 5.99346081 9.09196471
v 1.33909110 5.99346081 9.09257364
v 1.35202235 5.99346081 9.08406699
v 1.36495361 5.99346081 9.07556110
v 1.35158538 5.99346081 9.08345883
v 1.36451664 5.99346081 9.07495218
v 1.37788487 5.99346081 9.06705446
v 1.39081612 5.99346081 9.05854857
v 1.35245933 5.99346081 9.08467591
v 1.36539059 5.99346081 9.07616926
v 1.36582756 5.99346081 9.07677819
v 1.37875882 5.99346081 9.06827154
v 1.39169007 5.99346081 9.05976565
v 1.37919579 5.99346081 9.06888046
v 1.39212705 5.99346081 9.06037382
v 1.39256402 5.99346081 9.06098274
v 1.40549528 5.99346081 9.05247609
v 1.41842653 5.99346081 9.04397021
v 1.40505831 5.99346081 9.05186793
v 1.41798956 5.99346081 9.04336128
v 1.43135779 5.99346081 9.03546356
v 1.44428905 5.99346081 9.02695767
v 1.40418436 5.99346081 9.05065085
v 1.41711562 5.99346081 9.04214420
v 1.41755259 5.99346081 9.04275312
v 1.43048384 5.99346081 9.03424647
v 1.44341510 5.99346081 9.02574058
v 1.43092082 5.99346081 9.03485540
v 1.44385208 5.99346081 9.02634875
v 1.45722030 5.99346081 9.01845102
v 1.47015156 5.99346081 9.00994513
v 1.45678333 5.99346081 9.01784285
v 1.46971459 5.99346081 9.00933621
v 1.48308282 5.99346081 9.00143848
v 1.37832184 5.99346081 9.06766338
v 1.40462133 5.99346081 9.05125901
v 1.39125310 5.99346081 9.05915673
v 1.06835568 5.99346081 9.23404374
v 1.08200484 5.99346081 9.22751933
v 1.09551349 5.99346081 9.22030826
v 1.09565401 5.99346081 9.22099569
v 1.10916265 5.99346081 9.21378462
v 1.12267130 5.99346081 9.20657355
v 1.10930317 5.99346081 9.21447129
v 1.12281182 5.99346081 9.20726022
v 1.12295233 5.99346081 9.20794764
v 1.13646098 5.99346081 9.20073658
v 1.14996963 5.99346081 9.19352551
v 1.13632046 5.99346081 9.20004991
v 1.14982912 5.99346081 9.19283885
v 1.16347828 5.99346081 9.18631444
v 1.17698693 5.99346081 9.17910414
v 1.13660149 5.99346081 9.20142323
v 1.15011014 5.99346081 9.19421216
v 1.15025065 5.99346081 9.19489959
v 1.16375931 5.99346081 9.18768852
v 1.17726795 5.99346081 9.18047746
v 1.16389982 5.99346081 9.18837519
v 1.17740847 5.99346081 9.18116412
v 1.17754898 5.99346081 9.18185154
v 1.19105763 5.99346081 9.17464047
v 1.20456628 5.99346081 9.16742941
v 1.19091712 5.99346081 9.17395381
v 1.20442576 5.99346081 9.16674275
v 1.21807493 5.99346081 9.16021834
v 1.23158358 5.99346081 9.15300804
v 1.19063609 5.99346081 9.17257974
v 1.20414474 5.99346081 9.16536867
v 1.20428525 5.99346081 9.16605609
v 1.21779390 5.99346081 9.15884503
v 1.23130255 5.99346081 9.15163396
v 1.21793442 5.99346081 9.15953168
v 1.23144306 5.99346081 9.15232061
v 1.24509223 5.99346081 9.14579697
v 1.25860087 5.99346081 9.13858591
v 1.24495171 5.99346081 9.14511032
v 1.25846036 5.99346081 9.13789925
v 1.27210953 5.99346081 9.13137484
v 1.16361879 5.99346081 9.18700187
v 1.19077660 5.99346081 9.17326639
v 1.17712744 5.99346081 9.17979080
v 0.84659751 5.99346081 9.32194832
v 0.86052760 5.99346081 9.31679723
v 0.87431728 5.99346081 9.31096025
v 0.87445770 5.99346081 9.31164691
v 0.88824737 5.99346081 9.30580916
v 0.90203705 5.99346081 9.29997217
v 0.88838779 5.99346081 9.30649582
v 0.90217746 5.99346081 9.30065883
v 0.90231788 5.99346081 9.30134549
v 0.91610756 5.99346081 9.29550775
v 0.92989724 5.99346081 9.28967076
v 0.91596714 5.99346081 9.29482108
v 0.92975682 5.99346081 9.28898410
v 0.94368692 5.99346081 9.28383301
v 0.95747659 5.99346081 9.27799603
v 0.91624798 5.99346081 9.29619440
v 0.93003766 5.99346081 9.29035742
v 0.93017807 5.99346081 9.29104408
v 0.94396775 5.99346081 9.28520633
v 0.95775743 5.99346081 9.27936935
v 0.94410817 5.99346081 9.28589299
v 0.95789785 5.99346081 9.28005601
v 0.95803827 5.99346081 9.28074267
v 0.97182794 5.99346081 9.27490492
v 0.98561762 5.99346081 9.26906793
v 0.97168752 5.99346081 9.27421826
v 0.98547720 5.99346081 9.26838128
v 0.99940729 5.99346081 9.26323018
v 1.01319697 5.99346081 9.25739321
v 0.97140669 5.99346081 9.27284494
v 0.98519636 5.99346081 9.26700796
v 0.98533678 5.99346081 9.26769461
v 0.99912646 5.99346081 9.26185687
v 1.01291613 5.99346081 9.25601989
v 0.99926687 5.99346081 9.26254353
v 1.01305655 5.99346081 9.25670654
v 1.02698665 5.99346081 9.25155546
v 1.04077633 5.99346081 9.24571847
v 1.02684623 5.99346081 9.25086879
v 1.04063591 5.99346081 9.24503181
v 1.05456600 5.99346081 9.23988072
v 0.94382733 5.99346081 9.28451968
v 0.97154710 5.99346081 9.27353160
v 0.95761701 5.99346081 9.27868269
v 0.62034442 5.99346081 9.38787675
v 0.63455545 5.99346081 9.38409898
v 0.64862605 5.99346081 9.37963531
v 0.64876647 5.99346081 9.38032198
v 0.66283708 5.99346081 9.37585831
v 0.67690769 5.99346081 9.37139465
v 0.66297750 5.99346081 9.37654497
v 0.67704811 5.99346081 9.37208130
v 0.67718853 5.99346081 9.37276796
v 0.69125913 5.99346081 9.36830353
v 0.70532974 5.99346081 9.36383987
v 0.69111872 5.99346081 9.36761687
v 0.70518933 5.99346081 9.36315321
v 0.71940035 5.99346081 9.35937620
v 0.73347096 5.99346081 9.35491253
v 0.69139955 5.99346081 9.36899019
v 0.70547016 5.99346081 9.36452653
v 0.70561058 5.99346081 9.36521319
v 0.71968119 5.99346081 9.36074952
v 0.73375180 5.99346081 9.35628585
v 0.71982161 5.99346081 9.36143618
v 0.73389222 5.99346081 9.35697251
v 0.73403264 5.99346081 9.35765917
v 0.74810324 5.99346081 9.35319475
v 0.76217385 5.99346081 9.34873108
v 0.74796283 5.99346081 9.35250808
v 0.76203344 5.99346081 9.34804442
v 0.77624446 5.99346081 9.34426741
v 0.79031507 5.99346081 9.33980375
v 0.74768199 5.99346081 9.35113477
v 0.76175260 5.99346081 9.34667110
v 0.76189302 5.99346081 9.34735776
v 0.77596363 5.99346081 9.34289409
v 0.79003424 5.99346081 9.33843043
v 0.77610404 5.99346081 9.34358075
v 0.79017465 5.99346081 9.33911708
v 0.80438568 5.99346081 9.33533932
v 0.81845629 5.99346081 9.33087565
v 0.80424526 5.99346081 9.33465266
v 0.81831587 5.99346081 9.33018899
v 0.83252690 5.99346081 9.32641198
v 0.71954077 5.99346081 9.36006286
v 0.74782241 5.99346081 9.35182143
v 0.73361138 5.99346081 9.35559920
v 0.38959645 5.99346081 9.43182904
v 0.40408838 5.99346081 9.42942535
v 0.41843992 5.99346081 9.42633501
v 0.41858034 5.99346081 9.42702166
v 0.43293188 5.99346081 9.42393132
v 0.44728342 5.99346081 9.42084097
v 0.43307230 5.99346081 9.42461798
v 0.44742384 5.99346081 9.42152763
v 0.44756426 5.99346081 9.42221429
v 0.46191580 5.99346081 9.41912394
v 0.47626734 5.99346081 9.41603359
v 0.46177538 5.99346081 9.41843728
v 0.47612692 5.99346081 9.41534694
v 0.49061888 5.99346081 9.41294325
v 0.50497042 5.99346081 9.40985290
v 0.46205622 5.99346081 9.41981060
v 0.47640776 5.99346081 9.41672026
v 0.47654817 5.99346081 9.41740691
v 0.49089972 5.99346081 9.41431657
v 0.50525126 5.99346081 9.41122621
v 0.49104014 5.99346081 9.41500322
v 0.50539168 5.99346081 9.41191288
v 0.50553210 5.99346081 9.41259953
v 0.51988363 5.99346081 9.40950919
v 0.53423517 5.99346081 9.40641884
v 0.51974321 5.99346081 9.40882253
v 0.53409476 5.99346081 9.40573218
v 0.54858672 5.99346081 9.40332849
v 0.56293826 5.99346081 9.40023814
v 0.51946238 5.99346081 9.40744921
v 0.53381392 5.99346081 9.40435887
v 0.53395434 5.99346081 9.40504552
v 0.54830588 5.99346081 9.40195518
v 0.56265742 5.99346081 9.39886482
v 0.54844630 5.99346081 9.40264183
v 0.56279784 5.99346081 9.39955149
v 0.57728979 5.99346081 9.39714780
v 0.59164134 5.99346081 9.39405745
v 0.57714938 5.99346081 9.39646113
v 0.59150092 5.99346081 9.39337079
v 0.60599288 5.99346081 9.39096710
v 0.49075930 5.99346081 9.41362990
v 0.51960280 5.99346081 9.40813587
v 0.50511084 5.99346081 9.41053956
v 0.15435276 5.99346081 9.45380366
v 0.16912575 5.99346081 9.45277329
v 0.18375822 5.99346081 9.45105626
v 0.18389873 5.99346081 9.45174369
v 0.19853121 5.99346081 9.45002666
v 0.21316370 5.99346081 9.44830963
v 0.19867172 5.99346081 9.45071332
v 0.21330421 5.99346081 9.44899629
v 0.21344472 5.99346081 9.44968371
v 0.22807719 5.99346081 9.44796668
v 0.24270966 5.99346081 9.44624965
v 0.22793668 5.99346081 9.44728002
v 0.24256915 5.99346081 9.44556299
v 0.25734214 5.99346081 9.44453262
v 0.27197461 5.99346081 9.44281636
v 0.22821771 5.99346081 9.44865334
v 0.24285018 5.99346081 9.44693631
v 0.24299069 5.99346081 9.44762373
v 0.25762316 5.99346081 9.44590670
v 0.27225564 5.99346081 9.44418967
v 0.25776368 5.99346081 9.44659336
v 0.27239615 5.99346081 9.44487633
v 0.27253667 5.99346081 9.44556375
v 0.28716914 5.99346081 9.44384673
v 0.30180161 5.99346081 9.44212969
v 0.28702862 5.99346081 9.44316006
v 0.30166110 5.99346081 9.44144304
v 0.31643408 5.99346081 9.44041267
v 0.33106656 5.99346081 9.43869640
v 0.28674760 5.99346081 9.44178598
v 0.30138007 5.99346081 9.44006895
v 0.30152058 5.99346081 9.44075637
v 0.31615306 5.99346081 9.43903935
v 0.33078553 5.99346081 9.43732231
v 0.31629357 5.99346081 9.43972600
v 0.33092604 5.99346081 9.43800898
v 0.34569903 5.99346081 9.43697937
v 0.36033150 5.99346081 9.43526234
v 0.34555851 5.99346081 9.43629271
v 0.36019099 5.99346081 9.43457568
v 0.37496397 5.99346081 9.43354531
v 0.25748265 5.99346081 9.44522004
v 0.28688811 5.99346081 9.44247264
v 0.27211512 5.99346081 9.44350301
v -0.09300233 5.99346081 9.45386616
v -0.07699635 5.99346081 9.45420149
v -0.06208295 5.99346081 9.45385777
v -0.06099037 5.99346081 9.45453757
v -0.04607696 5.99346081 9.45419386
v -0.03116355 5.99346081 9.45385015
v -0.04498438 5.99346081 9.45487290
v -0.03007098 5.99346081 9.45452919
v -0.02897840 5.99346081 9.45520899
v -0.01406499 5.99346081 9.45486528
v 0.00084841 5.99346081 9.45452157
v -0.01515757 5.99346081 9.45418624
v -0.00024417 5.99346081 9.45384253
v 0.01576181 5.99346081 9.45417786
v 0.03067522 5.99346081 9.45383491
v -0.01297242 5.99346081 9.45554432
v 0.00194099 5.99346081 9.45520061
v 0.00303357 5.99346081 9.45588041
v 0.01794697 5.99346081 9.45553670
v 0.03286037 5.99346081 9.45519299
v 0.01903955 5.99346081 9.45621574
v 0.03395295 5.99346081 9.45587202
v 0.03504553 5.99346081 9.45655182
v 0.04995893 5.99346081 9.45620812
v 0.06487234 5.99346081 9.45586440
v 0.04886635 5.99346081 9.45552907
v 0.06377976 5.99346081 9.45518537
v 0.07978574 5.99346081 9.45552069
v 0.09469914 5.99346081 9.45517775
v 0.04668120 5.99346081 9.45417024
v 0.06159460 5.99346081 9.45382652
v 0.06268718 5.99346081 9.45450633
v 0.07760058 5.99346081 9.45416262
v 0.09251399 5.99346081 9.45381890
v 0.07869316 5.99346081 9.45484165
v 0.09360656 5.99346081 9.45449794
v 0.10961255 5.99346081 9.45483403
v 0.12452595 5.99346081 9.45449032
v 0.10851997 5.99346081 9.45415500
v 0.12343337 5.99346081 9.45381128
v 0.13943936 5.99346081 9.45414661
v 0.01685439 5.99346081 9.45485766
v 0.04777378 5.99346081 9.45484927
v 0.03176779 5.99346081 9.45451395
v -0.34422816 5.99346081 9.43238996
v -0.32862799 5.99346081 9.43406736
v -0.31282492 5.99346081 9.43507410
v -0.31302784 5.99346081 9.43574551
v -0.29722477 5.99346081 9.43675226
v -0.28142170 5.99346081 9.43775901
v -0.29742768 5.99346081 9.43742368
v -0.28162461 5.99346081 9.43843042
v -0.28182752 5.99346081 9.43910184
v -0.26602445 5.99346081 9.44010782
v -0.25022138 5.99346081 9.44111456
v -0.26582154 5.99346081 9.43943641
v -0.25001846 5.99346081 9.44044315
v -0.23441831 5.99346081 9.44212131
v -0.21861524 5.99346081 9.44312806
v -0.26622736 5.99346081 9.44077924
v -0.25042429 5.99346081 9.44178598
v -0.25062720 5.99346081 9.44245740
v -0.23482413 5.99346081 9.44346414
v -0.21902106 5.99346081 9.44447089
v -0.23502704 5.99346081 9.44413556
v -0.21922397 5.99346081 9.44514231
v -0.21942688 5.99346081 9.44581372
v -0.20362381 5.99346081 9.44681971
v -0.18782075 5.99346081 9.44782645
v -0.20342090 5.99346081 9.44614829
v -0.18761784 5.99346081 9.44715504
v -0.17201768 5.99346081 9.44883319
v -0.15621461 5.99346081 9.44983994
v -0.20301508 5.99346081 9.44480546
v -0.18721202 5.99346081 9.44581220
v -0.18741493 5.99346081 9.44648361
v -0.17161186 5.99346081 9.44749036
v -0.15580879 5.99346081 9.44849711
v -0.17181477 5.99346081 9.44816178
v -0.15601170 5.99346081 9.44916852
v -0.14041154 5.99346081 9.45084592
v -0.12460847 5.99346081 9.45185267
v -0.14020863 5.99346081 9.45017451
v -0.12440556 5.99346081 9.45118125
v -0.10880540 5.99346081 9.45285941
v -0.23462122 5.99346081 9.44279273
v -0.20321799 5.99346081 9.44547687
v -0.21881815 5.99346081 9.44379947
v -0.58896086 5.99346081 9.38943755
v -0.57376652 5.99346081 9.39245702
v -0.55836927 5.99346081 9.39480660
v -0.55857218 5.99346081 9.39547725
v -0.54317494 5.99346081 9.39782607
v -0.52777769 5.99346081 9.40017565
v -0.54337785 5.99346081 9.39849749
v -0.52798060 5.99346081 9.40084630
v -0.52818351 5.99346081 9.40151772
v -0.51278627 5.99346081 9.40386654
v -0.49738901 5.99346081 9.40621535
v -0.51258335 5.99346081 9.40319512
v -0.49718610 5.99346081 9.40554470
v -0.48199177 5.99346081 9.40856417
v -0.46659452 5.99346081 9.41091375
v -0.51298917 5.99346081 9.40453720
v -0.49759193 5.99346081 9.40688678
v -0.49779484 5.99346081 9.40755743
v -0.48239759 5.99346081 9.40990625
v -0.46700034 5.99346081 9.41225583
v -0.48260050 5.99346081 9.41057766
v -0.46720325 5.99346081 9.41292648
v -0.46740617 5.99346081 9.41359790
v -0.45200891 5.99346081 9.41594671
v -0.43661167 5.99346081 9.41829553
v -0.45180600 5.99346081 9.41527530
v -0.43640876 5.99346081 9.41762488
v -0.42121442 5.99346081 9.42064435
v -0.40581717 5.99346081 9.42299393
v -0.45140018 5.99346081 9.41393322
v -0.43600293 5.99346081 9.41628280
v -0.43620584 5.99346081 9.41695346
v -0.42080860 5.99346081 9.41930228
v -0.40541135 5.99346081 9.42165185
v -0.42101151 5.99346081 9.41997369
v -0.40561426 5.99346081 9.42232251
v -0.39041990 5.99346081 9.42534274
v -0.37502265 5.99346081 9.42769156
v -0.39021699 5.99346081 9.42467133
v -0.37481974 5.99346081 9.42702091
v -0.35962540 5.99346081 9.43004038
v -0.48219468 5.99346081 9.40923559
v -0.45160310 5.99346081 9.41460464
v -0.46679743 5.99346081 9.41158440
v -0.82720114 5.99346081 9.32500742
v -0.81241263 5.99346081 9.32936973
v -0.79742110 5.99346081 9.33306062
v -0.79762411 5.99346081 9.33373203
v -0.78263259 5.99346081 9.33742368
v -0.76764107 5.99346081 9.34111457
v -0.78283560 5.99346081 9.33809434
v -0.76784408 5.99346081 9.34178599
v -0.76804708 5.99346081 9.34245741
v -0.75305556 5.99346081 9.34614830
v -0.73806404 5.99346081 9.34983994
v -0.75285255 5.99346081 9.34547688
v -0.73786104 5.99346081 9.34916853
v -0.72307252 5.99346081 9.35353083
v -0.70808100 5.99346081 9.35722249
v -0.75325857 5.99346081 9.34681971
v -0.73826705 5.99346081 9.35051060
v -0.73847005 5.99346081 9.35118201
v -0.72347853 5.99346081 9.35487367
v -0.70848701 5.99346081 9.35856456
v -0.72368154 5.99346081 9.35554432
v -0.70869002 5.99346081 9.35923597
v -0.70889303 5.99346081 9.35990739
v -0.69390150 5.99346081 9.36359828
v -0.67890998 5.99346081 9.36728993
v -0.69369850 5.99346081 9.36292686
v -0.67870697 5.99346081 9.36661851
v -0.66391846 5.99346081 9.37098082
v -0.64892694 5.99346081 9.37467247
v -0.69329249 5.99346081 9.36158479
v -0.67830096 5.99346081 9.36527568
v -0.67850397 5.99346081 9.36594709
v -0.66351245 5.99346081 9.36963875
v -0.64852093 5.99346081 9.37332964
v -0.66371546 5.99346081 9.37030940
v -0.64872393 5.99346081 9.37400105
v -0.63393542 5.99346081 9.37836336
v -0.61894390 5.99346081 9.38205501
v -0.63373241 5.99346081 9.37769194
v -0.61874090 5.99346081 9.38138359
v -0.60395238 5.99346081 9.38574590
v -0.72327552 5.99346081 9.35420225
v -0.69349549 5.99346081 9.36225621
v -0.70828401 5.99346081 9.35789314
v -1.05894826 5.99346081 9.23910109
v -1.04456547 5.99346081 9.24480547
v -1.02997987 5.99346081 9.24983919
v -1.03018278 5.99346081 9.25051060
v -1.01559708 5.99346081 9.25554357
v -1.00101148 5.99346081 9.26057729
v -1.01579999 5.99346081 9.25621498
v -1.00121439 5.99346081 9.26124870
v -1.00141730 5.99346081 9.26192013
v -0.98683160 5.99346081 9.26695308
v -0.97224600 5.99346081 9.27198681
v -0.98662870 5.99346081 9.26628243
v -0.97204309 5.99346081 9.27131539
v -0.95766030 5.99346081 9.27702053
v -0.94307470 5.99346081 9.28205426
v -0.98703451 5.99346081 9.26762450
v -0.97244891 5.99346081 9.27265823
v -0.97265182 5.99346081 9.27332964
v -0.95806612 5.99346081 9.27836260
v -0.94348052 5.99346081 9.28339633
v -0.95826903 5.99346081 9.27903402
v -0.94368343 5.99346081 9.28406774
v -0.94388634 5.99346081 9.28473916
v -0.92930064 5.99346081 9.28977212
v -0.91471505 5.99346081 9.29480584
v -0.92909774 5.99346081 9.28910146
v -0.91451213 5.99346081 9.29413443
v -0.90012935 5.99346081 9.29983957
v -0.88554374 5.99346081 9.30487329
v -0.92869191 5.99346081 9.28775863
v -0.91410631 5.99346081 9.29279236
v -0.91430922 5.99346081 9.29346377
v -0.89972352 5.99346081 9.29849673
v -0.88513792 5.99346081 9.30353046
v -0.89992643 5.99346081 9.29916815
v -0.88534083 5.99346081 9.30420187
v -0.87095804 5.99346081 9.30990625
v -0.85637244 5.99346081 9.31493997
v -0.87075513 5.99346081 9.30923560
v -0.85616953 5.99346081 9.31426856
v -0.84178674 5.99346081 9.31997370
v -0.95786322 5.99346081 9.27769195
v -0.92889483 5.99346081 9.28843005
v -0.94327761 5.99346081 9.28272491
v -1.28420260 5.99346081 9.13171856
v -1.27022564 5.99346081 9.13876501
v -1.25604576 5.99346081 9.14514080
v -1.25624877 5.99346081 9.14581221
v -1.24206889 5.99346081 9.15218801
v -1.22788901 5.99346081 9.15856381
v -1.24227180 5.99346081 9.15285942
v -1.22809193 5.99346081 9.15923522
v -1.22829494 5.99346081 9.15990664
v -1.21411506 5.99346081 9.16628243
v -1.19993518 5.99346081 9.17265823
v -1.21391205 5.99346081 9.16561102
v -1.19973217 5.99346081 9.17198681
v -1.18575531 5.99346081 9.17903403
v -1.17157543 5.99346081 9.18540982
v -1.21431797 5.99346081 9.16695309
v -1.20013810 5.99346081 9.17332888
v -1.20034110 5.99346081 9.17400030
v -1.18616122 5.99346081 9.18037610
v -1.17198135 5.99346081 9.18675189
v -1.18636413 5.99346081 9.18104751
v -1.17218426 5.99346081 9.18742331
v -1.17238727 5.99346081 9.18809473
v -1.15820739 5.99346081 9.19447052
v -1.14402752 5.99346081 9.20084631
v -1.15800438 5.99346081 9.19379910
v -1.14382451 5.99346081 9.20017490
v -1.12984764 5.99346081 9.20722211
v -1.11566776 5.99346081 9.21359791
v -1.15759847 5.99346081 9.19245627
v -1.14341859 5.99346081 9.19883206
v -1.14362159 5.99346081 9.19950348
v -1.12944172 5.99346081 9.20587928
v -1.11526184 5.99346081 9.21225507
v -1.12964463 5.99346081 9.20655069
v -1.11546475 5.99346081 9.21292649
v -1.10148789 5.99346081 9.21997370
v -1.08730801 5.99346081 9.22634949
v -1.10128488 5.99346081 9.21930229
v -1.08710500 5.99346081 9.22567808
v -1.07312814 5.99346081 9.23272529
v -1.18595822 5.99346081 9.17970468
v -1.15780147 5.99346081 9.19312768
v -1.17177834 5.99346081 9.18608048
v -1.56176689 5.99346081 8.95685441
v -1.53588895 5.99346081 8.97411691
v -1.52211489 5.99346081 8.98183478
v -1.51001090 5.99346081 8.99137866
v -1.48413295 5.99346081 9.00864117
v -1.47035890 5.99346081 9.01635980
v -1.49623685 5.99346081 8.99909729
v -1.48246280 5.99346081 9.00681516
v -1.45658485 5.99346081 9.02407766
v -1.44281080 5.99346081 9.03179629
v -1.45825491 5.99346081 9.02590367
v -1.43237697 5.99346081 9.04316618
v -1.41860291 5.99346081 9.05088405
v -1.40649892 5.99346081 9.06042793
v -1.38062098 5.99346081 9.07769043
v -1.36684692 5.99346081 9.08540906
v -1.39272487 5.99346081 9.06814656
v -1.37895082 5.99346081 9.07586442
v -1.35307287 5.99346081 9.09312693
v -1.33929882 5.99346081 9.10084556
v -1.41693275 5.99346081 9.04905803
v -1.40315870 5.99346081 9.05677666
v -1.39105480 5.99346081 9.06632055
v -1.37728075 5.99346081 9.07403918
v -1.36350670 5.99346081 9.08175704
v -1.36517676 5.99346081 9.08358305
v -1.35140271 5.99346081 9.09130092
v -1.32552476 5.99346081 9.10856343
v -1.31175071 5.99346081 9.11628206
v -1.33762865 5.99346081 9.09901955
v -1.32385460 5.99346081 9.10673741
v -1.29797665 5.99346081 9.12399993
v -1.44448086 5.99346081 9.03362154
v -1.40482885 5.99346081 9.05860268
v -1.43070680 5.99346081 9.04134017
v -1.90209105 5.99346081 8.64169000
v -1.88208172 5.99346081 8.66357240
v -1.85913789 5.99346081 8.68314486
v -1.86207219 5.99346081 8.68545481
v -1.84206286 5.99346081 8.70733721
v -1.81911903 5.99346081 8.72690967
v -1.83912855 5.99346081 8.70502726
v -1.81618472 5.99346081 8.72459972
v -1.79617539 5.99346081 8.74648213
v -1.77323156 5.99346081 8.76605458
v -1.82205334 5.99346081 8.72921962
v -1.80204400 5.99346081 8.75110202
v -1.77910017 5.99346081 8.77067448
v -1.78203447 5.99346081 8.77298443
v -1.75909084 5.99346081 8.79255689
v -1.73614701 5.99346081 8.81212935
v -1.75322222 5.99346081 8.78793699
v -1.73027839 5.99346081 8.80750944
v -1.73321269 5.99346081 8.80981940
v -1.71026906 5.99346081 8.82939185
v -1.68732523 5.99346081 8.84896431
v -1.71320336 5.99346081 8.83170180
v -1.69025953 5.99346081 8.85127426
v -1.66731589 5.99346081 8.87084671
v -1.64437206 5.99346081 8.89041917
v -1.79910969 5.99346081 8.74879208
v -1.75615653 5.99346081 8.79024694
v -1.77616586 5.99346081 8.76836453
v -2.16355581 5.99346081 8.24537253
v -2.14941509 5.99346081 8.27187483
v -2.13233987 5.99346081 8.29606718
v -2.13527418 5.99346081 8.29837713
v -2.12113327 5.99346081 8.32487944
v -2.10405824 5.99346081 8.34907179
v -2.11819915 5.99346081 8.32256948
v -2.10112393 5.99346081 8.34676184
v -2.08698321 5.99346081 8.37326414
v -2.06990799 5.99346081 8.39745650
v -2.10699235 5.99346081 8.35138174
v -2.09285163 5.99346081 8.37788404
v -2.07577641 5.99346081 8.40207640
v -2.07871072 5.99346081 8.40438635
v -2.06163569 5.99346081 8.42857870
v -2.04456047 5.99346081 8.45277106
v -2.05576726 5.99346081 8.42395880
v -2.03869205 5.99346081 8.44815116
v -2.04162635 5.99346081 8.45046111
v -2.02455133 5.99346081 8.47465346
v -2.00747611 5.99346081 8.49884582
v -2.02748544 5.99346081 8.47696341
v -2.01041041 5.99346081 8.50115577
v -1.99333539 5.99346081 8.52534812
v -1.97626016 5.99346081 8.54954048
v -2.08991732 5.99346081 8.37557410
v -2.05870138 5.99346081 8.42626876
v -2.07284230 5.99346081 8.39976645
v -1.45510998 5.99346081 0.61429214
v -1.57198247 5.99346081 1.66839214
v -1.56077596 5.99346081 1.69720439
v -1.68885497 5.99346081 2.72249203
v -1.80572746 5.99346081 3.77659212
v -1.79452085 5.99346081 3.80540437
v -1.67764836 5.99346081 2.75130428
v -1.66644194 5.99346081 2.78011654
v -1.78331444 5.99346081 3.83421663
v -1.77210783 5.99346081 3.86302888
v -1.92259995 5.99346081 4.83069183
v -2.03947245 5.99346081 5.88479192
v -2.02826584 5.99346081 5.91360417
v -2.15634494 5.99346081 6.93889162
v -2.14513834 5.99346081 6.96770388
v -2.13393192 5.99346081 6.99651613
v -1.88898032 5.99346081 4.91712859
v -1.87777391 5.99346081 4.94594084
v -2.00585282 5.99346081 5.97122868
v -1.99464640 5.99346081 6.00004093
v -1.98343980 5.99346081 6.02885318
v -2.12272531 5.99346081 7.02532838
v -2.11151889 5.99346081 7.05414064
v -2.10031229 5.99346081 7.08295289
v -2.08910587 5.99346081 7.11176514
v -1.91139335 5.99346081 4.85950408
v -2.01705942 5.99346081 5.94241642
v -1.90018693 5.99346081 4.88831633
v -1.74051712 5.99346081 -3.12746919
v -2.33162234 5.99346081 -3.51404730
v -1.30449296 5.99346081 -2.74763344
v -2.92272736 5.99346081 -3.90062542
v -3.51383239 5.99346081 -4.28720391
v -2.48670311 5.99346081 -3.52079005
v -1.89559808 5.99346081 -3.13421156
v -0.86846872 5.99346081 -2.36779788
v -1.45957374 5.99346081 -2.75437619
v -0.43244446 5.99346081 -1.98796233
v -4.10493742 5.99346081 -4.67378204
v -4.69604245 5.99346081 -5.06036015
v -3.66891336 5.99346081 -4.29394628
v -5.28714786 5.99346081 -5.44693827
v -4.26001838 5.99346081 -4.68052478
v -3.23288892 5.99346081 -3.91411092
v -1.02354949 5.99346081 -2.37454064
v 0.00357980 5.99346081 -1.60812678
v -1.61465461 5.99346081 -2.76111875
v -0.58752529 5.99346081 -1.99470508
v 0.43960404 5.99346081 -1.22829122
v -2.20575964 5.99346081 -3.14769706
v -1.17863036 5.99346081 -2.38128319
v -0.15150103 5.99346081 -1.61486933
v 0.87562829 5.99346081 -0.84845566
v -3.07780814 5.99346081 -3.90736817
v -2.64178389 5.99346081 -3.52753242
v -2.05067886 5.99346081 -3.14095431
v 2.19911421 5.99346081 6.63064944
v 2.79058599 5.99346081 4.79579224
v 2.19049076 5.99346081 5.18237035
v 3.38205797 5.99346081 2.96093465
v 3.97352996 5.99346081 1.12607726
v 3.37343434 5.99346081 1.51265547
v 2.78196255 5.99346081 3.34751277
v 2.18186732 5.99346081 3.73409126
v 2.77333911 5.99346081 1.89923368
v 2.17324388 5.99346081 2.28581199
v 4.56500156 5.99346081 -0.70878013
v 5.15647354 5.99346081 -2.54363753
v 4.55637831 5.99346081 -2.15705923
v 5.74794552 5.99346081 -4.37849492
v 5.14785029 5.99346081 -3.99191681
v 4.54775468 5.99346081 -3.60533831
v 2.76471567 5.99346081 0.45095457
v 2.16462043 5.99346081 0.83753281
v 3.35618746 5.99346081 -1.38390280
v 2.75609223 5.99346081 -0.99732459
v 2.15599699 5.99346081 -0.61074638
v 3.94765944 5.99346081 -3.21876020
v 3.34756421 5.99346081 -2.83218189
v 2.74746879 5.99346081 -2.44560377
v 2.14737355 5.99346081 -2.05902546
v 3.96490633 5.99346081 -0.32220188
v 3.95628307 5.99346081 -1.77048110
v 3.36481109 5.99346081 0.06437635
v 2.02025432 5.99346081 8.44340551
v 2.03511314 5.99346081 8.41843276
v 2.04703766 5.99346081 8.39133753
v 2.04997196 5.99346081 8.39346001
v 2.06483078 5.99346081 8.36848725
v 2.07675529 5.99346081 8.34139203
v 2.06189648 5.99346081 8.36636478
v 2.07382099 5.99346081 8.33926955
v 2.08867981 5.99346081 8.31429680
v 2.10060432 5.99346081 8.28720158
v 2.07968960 5.99346081 8.34351450
v 2.09454842 5.99346081 8.31854175
v 2.10647293 5.99346081 8.29144652
v 2.10940724 5.99346081 8.29356899
v 2.12133175 5.99346081 8.26647377
v 2.13325626 5.99346081 8.23937854
v 2.11546314 5.99346081 8.26222882
v 2.12738765 5.99346081 8.23513284
v 2.13032196 5.99346081 8.23725607
v 2.14224647 5.99346081 8.21016009
v 2.15417099 5.99346081 8.18306486
v 2.14518077 5.99346081 8.21228332
v 2.15710529 5.99346081 8.18518733
v 2.16902980 5.99346081 8.15809211
v 2.18095431 5.99346081 8.13099688
v 2.09161412 5.99346081 8.31641927
v 2.11839745 5.99346081 8.26435130
v 2.10353863 5.99346081 8.28932405
v 1.72382767 5.99346081 8.80051634
v 1.74455510 5.99346081 8.77978929
v 1.76234823 5.99346081 8.75693901
v 1.76528254 5.99346081 8.75906148
v 1.78600997 5.99346081 8.73833443
v 1.80380309 5.99346081 8.71548415
v 1.78307566 5.99346081 8.73621196
v 1.80086860 5.99346081 8.71336168
v 1.82159603 5.99346081 8.69263387
v 1.83938916 5.99346081 8.66978434
v 1.80673740 5.99346081 8.71760662
v 1.82746483 5.99346081 8.69687957
v 1.84525795 5.99346081 8.67402929
v 1.84819226 5.99346081 8.67615176
v 1.86598538 5.99346081 8.65330224
v 1.88377832 5.99346081 8.63045195
v 1.86011658 5.99346081 8.64905654
v 1.87790952 5.99346081 8.62620625
v 1.88084401 5.99346081 8.62832949
v 1.89863695 5.99346081 8.60547920
v 1.91643007 5.99346081 8.58262892
v 1.90157144 5.99346081 8.60760167
v 1.91936438 5.99346081 8.58475139
v 1.93715750 5.99346081 8.56190187
v 1.95495044 5.99346081 8.53905159
v 1.82453052 5.99346081 8.69475710
v 1.86305089 5.99346081 8.65117900
v 1.84232346 5.99346081 8.67190682
v 1.33557930 5.99346081 9.08915559
v 1.36187879 5.99346081 9.07275121
v 1.38554044 5.99346081 9.05414663
v 1.38817828 5.99346081 9.05634760
v 1.41447776 5.99346081 9.03994323
v 1.43813941 5.99346081 9.02133864
v 1.41183992 5.99346081 9.03774302
v 1.43550157 5.99346081 9.01913768
v 1.46180105 5.99346081 9.00273407
v 1.48546269 5.99346081 8.98412949
v 1.44077726 5.99346081 9.02353962
v 1.46707675 5.99346081 9.00713524
v 1.49073839 5.99346081 8.98853066
v 1.49337623 5.99346081 8.99073163
v 1.51703787 5.99346081 8.97212705
v 1.54069952 5.99346081 8.95352171
v 1.51176218 5.99346081 8.96772511
v 1.53542382 5.99346081 8.94912053
v 1.53806167 5.99346081 8.95132150
v 1.56172331 5.99346081 8.93271616
v 1.58538495 5.99346081 8.91411158
v 1.56436116 5.99346081 8.93491713
v 1.58802280 5.99346081 8.91631255
v 1.61168445 5.99346081 8.89770797
v 1.63534618 5.99346081 8.87910263
v 1.46443890 5.99346081 9.00493503
v 1.51440003 5.99346081 8.96992609
v 1.48810054 5.99346081 8.98632970
v 0.90147509 5.99346081 9.29722477
v 0.92919486 5.99346081 9.28623670
v 0.95635267 5.99346081 9.27250199
v 0.95691463 5.99346081 9.27524863
v 0.98463441 5.99346081 9.26426055
v 1.01179222 5.99346081 9.25052585
v 0.98407244 5.99346081 9.26151392
v 1.01123025 5.99346081 9.24777921
v 1.03895003 5.99346081 9.23679114
v 1.06610784 5.99346081 9.22305643
v 1.01235417 5.99346081 9.25327248
v 1.04007394 5.99346081 9.24228441
v 1.06723176 5.99346081 9.22854970
v 1.06779372 5.99346081 9.23129634
v 1.09495153 5.99346081 9.21756163
v 1.12210934 5.99346081 9.20382692
v 1.09382761 5.99346081 9.21206836
v 1.12098543 5.99346081 9.19833289
v 1.12154738 5.99346081 9.20108028
v 1.14870519 5.99346081 9.18734481
v 1.17586301 5.99346081 9.17361011
v 1.14926715 5.99346081 9.19009221
v 1.17642496 5.99346081 9.17635674
v 1.20358278 5.99346081 9.16262203
v 1.23074059 5.99346081 9.14888732
v 1.03951199 5.99346081 9.23953777
v 1.09438957 5.99346081 9.21481499
v 1.06666980 5.99346081 9.22580306
v 0.44672156 5.99346081 9.41809357
v 0.47556506 5.99346081 9.41259953
v 0.50384669 5.99346081 9.40435887
v 0.50440856 5.99346081 9.40710550
v 0.53325206 5.99346081 9.40161146
v 0.56153369 5.99346081 9.39337079
v 0.53269019 5.99346081 9.39886482
v 0.56097183 5.99346081 9.39062339
v 0.58981533 5.99346081 9.38512936
v 0.61809696 5.99346081 9.37688868
v 0.56209556 5.99346081 9.39611743
v 0.59093906 5.99346081 9.39062339
v 0.61922069 5.99346081 9.38238272
v 0.61978256 5.99346081 9.38512936
v 0.64806419 5.99346081 9.37688868
v 0.67634583 5.99346081 9.36864724
v 0.64694047 5.99346081 9.37139465
v 0.67522210 5.99346081 9.36315321
v 0.67578396 5.99346081 9.36590061
v 0.70406560 5.99346081 9.35765917
v 0.73234724 5.99346081 9.34941850
v 0.70462746 5.99346081 9.36040657
v 0.73290910 5.99346081 9.35216514
v 0.76119073 5.99346081 9.34392446
v 0.78947237 5.99346081 9.33568303
v 0.59037719 5.99346081 9.38787675
v 0.64750233 5.99346081 9.37414128
v 0.61865883 5.99346081 9.37963531
v -0.03267748 5.99346081 9.45111113
v -0.00175810 5.99346081 9.45110351
v 0.02764736 5.99346081 9.44835688
v 0.02916129 5.99346081 9.45109589
v 0.06008068 5.99346081 9.45108751
v 0.08948613 5.99346081 9.44834087
v 0.05856675 5.99346081 9.44834849
v 0.08797221 5.99346081 9.44560186
v 0.11889159 5.99346081 9.44559424
v 0.14829705 5.99346081 9.44284760
v 0.09100006 5.99346081 9.45107989
v 0.12191945 5.99346081 9.45107227
v 0.15132490 5.99346081 9.44832563
v 0.15283884 5.99346081 9.45106464
v 0.18224430 5.99346081 9.44831725
v 0.21164976 5.99346081 9.44557061
v 0.17921644 5.99346081 9.44283922
v 0.20862191 5.99346081 9.44009258
v 0.21013584 5.99346081 9.44283160
v 0.23954129 5.99346081 9.44008496
v 0.26894675 5.99346081 9.43733832
v 0.24105522 5.99346081 9.44282398
v 0.27046069 5.99346081 9.44007734
v 0.29986614 5.99346081 9.43732994
v 0.32927160 5.99346081 9.43458330
v 0.12040552 5.99346081 9.44833325
v 0.18073037 5.99346081 9.44557823
v 0.14981098 5.99346081 9.44558662
v -0.52696605 5.99346081 9.39749075
v -0.49637446 5.99346081 9.40285980
v -0.46497123 5.99346081 9.40554470
v -0.46578288 5.99346081 9.40822885
v -0.43519129 5.99346081 9.41359790
v -0.40378806 5.99346081 9.41628280
v -0.43437964 5.99346081 9.41091375
v -0.40297642 5.99346081 9.41359790
v -0.37238480 5.99346081 9.41896695
v -0.34098158 5.99346081 9.42165185
v -0.40459971 5.99346081 9.41896695
v -0.37400809 5.99346081 9.42433600
v -0.34260487 5.99346081 9.42702091
v -0.34341651 5.99346081 9.42970505
v -0.31201328 5.99346081 9.43238996
v -0.28061005 5.99346081 9.43507410
v -0.31038999 5.99346081 9.42702091
v -0.27898676 5.99346081 9.42970505
v -0.27979841 5.99346081 9.43238996
v -0.24839517 5.99346081 9.43507410
v -0.21699195 5.99346081 9.43775901
v -0.24920682 5.99346081 9.43775901
v -0.21780359 5.99346081 9.44044315
v -0.18640038 5.99346081 9.44312806
v -0.15499714 5.99346081 9.44581220
v -0.37319645 5.99346081 9.42165185
v -0.31120163 5.99346081 9.42970505
v -0.34179322 5.99346081 9.42433600
v -1.00019984 5.99346081 9.25789315
v -0.97123144 5.99346081 9.26863125
v -0.94145141 5.99346081 9.27668521
v -0.94226305 5.99346081 9.27936935
v -0.91329466 5.99346081 9.29010745
v -0.88351463 5.99346081 9.29816141
v -0.91248302 5.99346081 9.28742331
v -0.88270299 5.99346081 9.29547726
v -0.85373459 5.99346081 9.30621536
v -0.82395456 5.99346081 9.31426932
v -0.88432628 5.99346081 9.30084631
v -0.85535789 5.99346081 9.31158442
v -0.82557785 5.99346081 9.31963837
v -0.82638949 5.99346081 9.32232252
v -0.79660946 5.99346081 9.33037647
v -0.76682942 5.99346081 9.33843043
v -0.79498617 5.99346081 9.32500742
v -0.76520614 5.99346081 9.33306138
v -0.76601778 5.99346081 9.33574552
v -0.73623775 5.99346081 9.34379948
v -0.70645771 5.99346081 9.35185343
v -0.73704939 5.99346081 9.34648362
v -0.70726935 5.99346081 9.35453758
v -0.67748932 5.99346081 9.36259154
v -0.64770928 5.99346081 9.37064549
v -0.85454624 5.99346081 9.30889951
v -0.79579781 5.99346081 9.32769157
v -0.82476620 5.99346081 9.31695347
v -1.53361014 5.99346081 8.97027741
v -1.49395805 5.99346081 8.99525779
v -1.46580131 5.99346081 9.00868079
v -1.45430605 5.99346081 9.02023816
v -1.41465395 5.99346081 9.04521854
v -1.38649721 5.99346081 9.05864154
v -1.42614921 5.99346081 9.03366117
v -1.39799247 5.99346081 9.04708418
v -1.35834037 5.99346081 9.07206455
v -1.33018363 5.99346081 9.08548756
v -1.37500195 5.99346081 9.07019967
v -1.33534986 5.99346081 9.09518005
v -1.30719311 5.99346081 9.10860306
v -1.29569786 5.99346081 9.12016042
v -1.26754101 5.99346081 9.13358343
v -1.23938427 5.99346081 9.14700644
v -1.29053153 5.99346081 9.11046793
v -1.26237478 5.99346081 9.12389094
v -1.25087953 5.99346081 9.13544831
v -1.22272269 5.99346081 9.14887131
v -1.19456594 5.99346081 9.16229432
v -1.21122743 5.99346081 9.16042868
v -1.18307069 5.99346081 9.17385169
v -1.15491385 5.99346081 9.18727470
v -1.12675710 5.99346081 9.20069771
v -1.34684511 5.99346081 9.08362192
v -1.27903627 5.99346081 9.12202530
v -1.31868837 5.99346081 9.09704492
v -2.12060264 5.99346081 8.28682738
v -2.08938671 5.99346081 8.33752204
v -2.04643354 5.99346081 8.37897691
v -2.05817077 5.99346081 8.38821670
v -2.02695482 5.99346081 8.43891136
v -1.98400165 5.99346081 8.48036622
v -2.01521760 5.99346081 8.42967156
v -1.97226443 5.99346081 8.47112643
v -1.94104849 5.99346081 8.52182109
v -1.89809532 5.99346081 8.56327595
v -1.99573888 5.99346081 8.48960602
v -1.96452294 5.99346081 8.54030068
v -1.92156978 5.99346081 8.58175554
v -1.93330699 5.99346081 8.59099534
v -1.89035383 5.99346081 8.63245020
v -1.84740066 5.99346081 8.67390506
v -1.86687938 5.99346081 8.61397060
v -1.82392622 5.99346081 8.65542547
v -1.83566344 5.99346081 8.66466526
v -1.79271027 5.99346081 8.70612013
v -1.74975710 5.99346081 8.74757499
v -1.80444750 5.99346081 8.71535992
v -1.76149433 5.99346081 8.75681479
v -1.71854117 5.99346081 8.79826965
v -1.67558800 5.99346081 8.83972451
v -1.95278571 5.99346081 8.53106088
v -1.87861661 5.99346081 8.62321041
v -1.90983255 5.99346081 8.57251575
v -0.01889571 5.99346081 4.45800503
v -0.18521425 5.99346081 3.84217684
v -0.29088022 5.99346081 4.92508919
v -0.35153277 5.99346081 3.22634884
v -0.45719878 5.99346081 4.30926100
v -0.56286476 5.99346081 5.39217334
v -0.51785133 5.99346081 2.61052065
v -0.62351731 5.99346081 3.69343281
v -0.68416986 5.99346081 1.99469246
v -0.78983584 5.99346081 3.07760481
v -0.89550182 5.99346081 4.16051696
v -0.72918329 5.99346081 4.77634515
v -0.83484927 5.99346081 5.85925710
v -1.00116781 5.99346081 5.24342930
v -1.10683379 5.99346081 6.32634126
v -0.85048840 5.99346081 1.37886437
v -0.95615438 5.99346081 2.46177662
v -1.01680693 5.99346081 0.76303623
v -1.12247291 5.99346081 1.84594842
v -1.22813889 5.99346081 2.92886058
v -1.18312546 5.99346081 0.14720810
v -1.28879144 5.99346081 1.23012033
v -1.39445743 5.99346081 2.31303258
v -1.50012341 5.99346081 3.39594473
v -1.27315232 5.99346081 5.71051307
v -1.37881830 5.99346081 6.79342503
v -1.43947086 5.99346081 5.09468488
v -1.54513684 5.99346081 6.17759722
v -1.65080273 5.99346081 7.26050956
v -1.60578939 5.99346081 4.47885707
v -1.71145527 5.99346081 5.56176903
v -1.81712135 5.99346081 6.64468137
v -1.92278724 5.99346081 7.72759333
v -1.06182036 5.99346081 3.54468877
v -1.33380487 5.99346081 4.01177292
v -1.16748634 5.99346081 4.62760111
v 1.59933858 5.99346081 -3.50730455
v 2.03536293 5.99346081 -3.12746919
v 1.05992714 5.99346081 -3.50730455
v 1.49595140 5.99346081 -3.12746919
v 1.93197574 5.99346081 -2.74763344
v 0.52051571 5.99346081 -3.50730455
v 0.95653996 5.99346081 -3.12746919
v -0.01889571 5.99346081 -3.50730455
v 0.41712853 5.99346081 -3.12746919
v 0.85315278 5.99346081 -2.74763344
v 1.39256421 5.99346081 -2.74763344
v 1.82858856 5.99346081 -2.36779788
v 1.28917703 5.99346081 -2.36779788
v 1.72520137 5.99346081 -1.98796233
v -0.55830716 5.99346081 -3.50730455
v -0.12228290 5.99346081 -3.12746919
v -1.09771860 5.99346081 -3.50730455
v -0.66169434 5.99346081 -3.12746919
v -0.22567007 5.99346081 -2.74763344
v -1.63712993 5.99346081 -3.50730455
v -1.20110578 5.99346081 -3.12746919
v -0.76508153 5.99346081 -2.74763344
v -0.32905725 5.99346081 -2.36779788
v 1.18578984 5.99346081 -1.98796233
v 1.62181419 5.99346081 -1.60812678
v 0.64637841 5.99346081 -1.98796233
v 1.08240266 5.99346081 -1.60812678
v 1.51842691 5.99346081 -1.22829122
v 0.10696698 5.99346081 -1.98796233
v 0.54299122 5.99346081 -1.60812678
v 0.97901548 5.99346081 -1.22829122
v 1.41503973 5.99346081 -0.84845566
v 0.31374136 5.99346081 -2.74763344
v 0.21035418 5.99346081 -2.36779788
v 0.74976560 5.99346081 -2.36779788
v 2.01163088 5.99346081 6.99512681
v 2.03841422 5.99346081 6.94305807
v 2.02979077 5.99346081 5.49477936
v 2.06519755 5.99346081 6.89099009
v 2.09198088 5.99346081 6.83892211
v 2.08335744 5.99346081 5.39064302
v 2.05657410 5.99346081 5.44271100
v 2.04795066 5.99346081 3.99443191
v 2.07473399 5.99346081 3.94236393
v 2.06611055 5.99346081 2.49408466
v 2.11876421 5.99346081 6.78685414
v 2.14554754 5.99346081 6.73478539
v 2.13692410 5.99346081 5.28650669
v 2.17233087 5.99346081 6.68271742
v 2.16370743 5.99346081 5.23443833
v 2.15508399 5.99346081 3.78615924
v 2.09289388 5.99346081 2.44201649
v 2.08427044 5.99346081 0.99373731
v 2.11967721 5.99346081 2.38994832
v 2.11105377 5.99346081 0.94166914
v 2.10243033 5.99346081 -0.50661005
v 2.14646055 5.99346081 2.33788016
v 2.13783711 5.99346081 0.88960097
v 2.12921366 5.99346081 -0.55867821
v 2.12059022 5.99346081 -2.00695730
v 2.11014077 5.99346081 5.33857467
v 2.12830066 5.99346081 3.83822760
v 2.10151732 5.99346081 3.89029558
v 1.37409977 5.99346081 9.04557826
v 1.42406089 5.99346081 9.01056930
v 1.46258135 5.99346081 8.96699197
v 1.47402202 5.99346081 8.97556035
v 1.52398315 5.99346081 8.94055139
v 1.56250362 5.99346081 8.89697406
v 1.51254248 5.99346081 8.93198301
v 1.55106295 5.99346081 8.88840568
v 1.60102408 5.99346081 8.85339673
v 1.63954463 5.99346081 8.80981940
v 1.57394428 5.99346081 8.90554321
v 1.62390542 5.99346081 8.87053425
v 1.66242597 5.99346081 8.82695692
v 1.67386655 5.99346081 8.83552530
v 1.71238710 5.99346081 8.79194796
v 1.75090746 5.99346081 8.74837063
v 1.68950576 5.99346081 8.77481044
v 1.72802613 5.99346081 8.73123311
v 1.73946689 5.99346081 8.73980149
v 1.77798726 5.99346081 8.69622416
v 1.81650781 5.99346081 8.65264682
v 1.78942802 5.99346081 8.70479253
v 1.82794839 5.99346081 8.66121520
v 1.86646894 5.99346081 8.61763787
v 1.90498931 5.99346081 8.57406053
v 1.61246484 5.99346081 8.86196511
v 1.70094633 5.99346081 8.78337882
v 1.65098521 5.99346081 8.81838778
v 0.50159914 5.99346081 9.39337079
v 0.55872428 5.99346081 9.37963531
v 0.61360186 5.99346081 9.35491253
v 0.61584941 5.99346081 9.36590061
v 0.67297454 5.99346081 9.35216514
v 0.72785213 5.99346081 9.32744236
v 0.67072699 5.99346081 9.34117782
v 0.72560458 5.99346081 9.31645428
v 0.78272972 5.99346081 9.30271957
v 0.83760730 5.99346081 9.27799679
v 0.73009969 5.99346081 9.33843043
v 0.78722482 5.99346081 9.32469496
v 0.84210240 5.99346081 9.29997217
v 0.84434995 5.99346081 9.31096025
v 0.89922754 5.99346081 9.28623746
v 0.95410512 5.99346081 9.26151392
v 0.89473243 5.99346081 9.26426132
v 0.94961002 5.99346081 9.23953854
v 0.95185757 5.99346081 9.25052661
v 1.00673515 5.99346081 9.22580306
v 1.06161273 5.99346081 9.20108028
v 1.00898270 5.99346081 9.23679114
v 1.06386028 5.99346081 9.21206836
v 1.11873787 5.99346081 9.18734557
v 1.17361546 5.99346081 9.16262203
v 0.78497727 5.99346081 9.31370765
v 0.89697999 5.99346081 9.27524939
v 0.83985485 5.99346081 9.28898410
v -0.46664120 5.99346081 9.39473649
v -0.40464638 5.99346081 9.40278968
v -0.34432151 5.99346081 9.40003543
v -0.34265154 5.99346081 9.41084364
v -0.28065673 5.99346081 9.41889683
v -0.22033188 5.99346081 9.41614257
v -0.28232670 5.99346081 9.40808862
v -0.22200186 5.99346081 9.40533436
v -0.16000705 5.99346081 9.41338755
v -0.09968221 5.99346081 9.41063330
v -0.21866191 5.99346081 9.42695079
v -0.15666711 5.99346081 9.43500398
v -0.09634227 5.99346081 9.43224972
v -0.09467230 5.99346081 9.44305794
v -0.03434745 5.99346081 9.44030292
v 0.02597740 5.99346081 9.43754866
v -0.03768739 5.99346081 9.41868649
v 0.02263745 5.99346081 9.41593223
v 0.02430742 5.99346081 9.42674045
v 0.08463227 5.99346081 9.42398543
v 0.14495712 5.99346081 9.42123117
v 0.08630224 5.99346081 9.43479364
v 0.14662708 5.99346081 9.43203939
v 0.20695194 5.99346081 9.42928436
v 0.26727678 5.99346081 9.42653010
v -0.15833708 5.99346081 9.42419577
v -0.03601742 5.99346081 9.42949471
v -0.09801223 5.99346081 9.42144151
v -1.47486172 5.99346081 8.98906947
v -1.40705288 5.99346081 9.02747285
v -1.34830446 5.99346081 9.04626491
v -1.33924404 5.99346081 9.06587623
v -1.27143520 5.99346081 9.10427961
v -1.21268677 5.99346081 9.12307167
v -1.28049562 5.99346081 9.08466829
v -1.22174719 5.99346081 9.10346035
v -1.15393835 5.99346081 9.14186373
v -1.09518992 5.99346081 9.16065579
v -1.20362635 5.99346081 9.14268300
v -1.13581751 5.99346081 9.18108638
v -1.07706909 5.99346081 9.19987844
v -1.06800867 5.99346081 9.21948977
v -1.00926025 5.99346081 9.23828182
v -0.95051183 5.99346081 9.25707388
v -1.02738108 5.99346081 9.19905918
v -0.96863266 5.99346081 9.21785123
v -0.95957224 5.99346081 9.23746256
v -0.90082382 5.99346081 9.25625462
v -0.84207539 5.99346081 9.27504667
v -0.89176340 5.99346081 9.27586594
v -0.83301498 5.99346081 9.29465800
v -0.77426655 5.99346081 9.31345005
v -0.71551812 5.99346081 9.33224211
v -1.14487793 5.99346081 9.16147506
v -1.01832067 5.99346081 9.21867050
v -1.08612951 5.99346081 9.18026712
v -0.21671111 5.99346081 5.01723871
v -0.48869565 5.99346081 5.48432286
v -0.41452654 5.99346081 5.57647238
v -0.76068017 5.99346081 5.95140663
v -1.03266468 5.99346081 6.41849078
v -0.95849558 5.99346081 6.51064030
v -0.68651105 5.99346081 6.04355615
v -0.61234195 5.99346081 6.13570567
v -0.88432646 5.99346081 6.60278982
v -0.81015736 5.99346081 6.69493934
v -1.30464920 5.99346081 6.88557455
v -1.57663371 5.99346081 7.35265908
v -1.50246461 5.99346081 7.44480861
v -1.84861813 5.99346081 7.81974285
v -1.77444902 5.99346081 7.91189237
v -1.70027992 5.99346081 8.00404189
v -1.08214187 5.99346081 7.16202312
v -1.00797276 5.99346081 7.25417263
v -1.35412639 5.99346081 7.62910764
v -1.27995728 5.99346081 7.72125717
v -1.20578817 5.99346081 7.81340669
v -1.62611081 5.99346081 8.09619142
v -1.55194179 5.99346081 8.18834094
v -1.47777269 5.99346081 8.28049046
v -1.40360358 5.99346081 8.37263998
v -1.23048009 5.99346081 6.97772407
v -1.42829549 5.99346081 7.53695812
v -1.15631098 5.99346081 7.06987359
v 1.86904429 5.99346081 -2.51164100
v 1.76565711 5.99346081 -2.13180544
v 1.59933858 5.99346081 -1.51597725
v 1.66226993 5.99346081 -1.75196988
v 1.55888274 5.99346081 -1.37213424
v 1.39256421 5.99346081 -0.75630605
v 1.49595140 5.99346081 -1.13614169
v 1.32963286 5.99346081 -0.52031351
v 1.22624568 5.99346081 -0.14047793
v 1.05992714 5.99346081 0.47535022
v 1.45549556 5.99346081 -0.99229868
v 1.35210838 5.99346081 -0.61246308
v 1.18578984 5.99346081 0.00336508
v 1.24872120 5.99346081 -0.23262747
v 1.14533401 5.99346081 0.14720810
v 0.97901548 5.99346081 0.76303623
v 1.08240266 5.99346081 0.38320067
v 0.91608413 5.99346081 0.99902882
v 0.81269694 5.99346081 1.37886437
v 0.64637841 5.99346081 1.99469246
v 0.95653996 5.99346081 0.85518580
v 0.79022142 5.99346081 1.47101389
v 0.85315278 5.99346081 1.23502136
v 0.68683424 5.99346081 1.85084954
v 0.52051571 5.99346081 2.46667773
v 0.74976560 5.99346081 1.61485691
v 0.58344706 5.99346081 2.23068510
v 0.48005987 5.99346081 2.61052065
v 0.31374136 5.99346081 3.22634884
v 0.41712853 5.99346081 2.84651329
v 0.25081002 5.99346081 3.46234148
v 0.14742282 5.99346081 3.84217684
v 1.28917703 5.99346081 -0.37647049
v 1.01947131 5.99346081 0.61919321
v 1.12285849 5.99346081 0.23935764
v 1.39225965 5.99346081 7.54523081
v 1.48074125 5.99346081 7.46664452
v 1.49890114 5.99346081 5.96629707
v 1.56922283 5.99346081 7.38805823
v 1.65770452 5.99346081 7.30947195
v 1.67586441 5.99346081 5.80912451
v 1.58738272 5.99346081 5.88771079
v 1.60554262 5.99346081 4.38736335
v 1.69402430 5.99346081 4.30877706
v 1.71218419 5.99346081 2.80842980
v 1.74618601 5.99346081 7.23088566
v 1.83466770 5.99346081 7.15229938
v 1.85282759 5.99346081 5.65195193
v 1.92314920 5.99346081 7.07371310
v 1.94130909 5.99346081 5.57336565
v 1.95946898 5.99346081 4.07301820
v 1.80066568 5.99346081 2.72984352
v 1.81882557 5.99346081 1.22949617
v 1.88914737 5.99346081 2.65125723
v 1.90730726 5.99346081 1.15090988
v 1.92546715 5.99346081 -0.34943747
v 1.97762886 5.99346081 2.57267094
v 1.99578876 5.99346081 1.07232359
v 2.01394865 5.99346081 -0.42802376
v 2.03210853 5.99346081 -1.92837101
v 1.76434591 5.99346081 5.73053822
v 1.87098748 5.99346081 4.15160448
v 1.78250580 5.99346081 4.23019077
v -0.35463846 5.99346081 9.35627823
v -0.23231879 5.99346081 9.36157717
v -0.12031609 5.99346081 9.32311892
v -0.10999915 5.99346081 9.36687611
v 0.01232052 5.99346081 9.37217505
v 0.12432323 5.99346081 9.33371679
v 0.00200358 5.99346081 9.32841785
v 0.11400629 5.99346081 9.28995960
v 0.23632596 5.99346081 9.29525854
v 0.34832868 5.99346081 9.25680105
v 0.13464017 5.99346081 9.37747398
v 0.25695985 5.99346081 9.38277291
v 0.36896256 5.99346081 9.34431466
v 0.37927951 5.99346081 9.38807185
v 0.49128220 5.99346081 9.34961360
v 0.60328492 5.99346081 9.31115534
v 0.47064832 5.99346081 9.26209998
v 0.58265104 5.99346081 9.22364173
v 0.59296798 5.99346081 9.26739891
v 0.70497070 5.99346081 9.22894066
v 0.81697342 5.99346081 9.19048241
v 0.71528764 5.99346081 9.27269785
v 0.82729035 5.99346081 9.23423960
v 0.93929308 5.99346081 9.19578134
v 1.05129579 5.99346081 9.15732309
v 0.24664290 5.99346081 9.33901573
v 0.48096526 5.99346081 9.30585641
v 0.35864562 5.99346081 9.30055748
v -0.09015386 5.99346081 5.07443415
v -0.28796925 5.99346081 5.63366782
v -0.16141200 5.99346081 5.69086326
v -0.48578468 5.99346081 6.19290111
v -0.68360009 5.99346081 6.75213478
v -0.55704282 5.99346081 6.80933023
v -0.35922739 5.99346081 6.25009655
v -0.23267013 5.99346081 6.30729199
v -0.43048556 5.99346081 6.86652566
v -0.30392827 5.99346081 6.92372110
v -0.88141550 5.99346081 7.31136807
v -1.07923091 5.99346081 7.87060212
v -0.95267364 5.99346081 7.92779757
v -1.27704631 5.99346081 8.42983542
v -1.15048905 5.99346081 8.48703086
v -1.02393178 5.99346081 8.54422629
v -0.50174370 5.99346081 7.48295440
v -0.37518641 5.99346081 7.54014983
v -0.69955911 5.99346081 8.04218845
v -0.57300184 5.99346081 8.09938389
v -0.44644457 5.99346081 8.15657933
v -0.89737452 5.99346081 8.60142174
v -0.77081725 5.99346081 8.65861718
v -0.64425998 5.99346081 8.71581262
v -0.51770272 5.99346081 8.77300806
v -0.75485823 5.99346081 7.36856351
v -0.82611637 5.99346081 7.98499301
v -0.62830097 5.99346081 7.42575895
v 1.12255393 5.99346081 8.54089436
v 1.22919541 5.99346081 6.96196063
v 0.95948970 5.99346081 7.95762419
v 1.33583690 5.99346081 5.38302728
v 1.44247838 5.99346081 3.80409355
v 1.17277266 5.99346081 4.79975710
v 1.06613118 5.99346081 6.37869083
v 0.79642546 5.99346081 7.37435477
v 0.90306694 5.99346081 5.79542104
v 0.63336122 5.99346081 6.79108460
v 1.54911986 5.99346081 2.22515982
v 1.65576134 5.99346081 0.64622628
v 1.38605562 5.99346081 1.64189002
v 1.76240291 5.99346081 -0.93270736
v 1.49269710 5.99346081 0.06295637
v 1.22299138 5.99346081 1.05862013
v 0.74000270 5.99346081 5.21215086
v 0.47029699 5.99346081 6.20781480
v 0.84664418 5.99346081 3.63321752
v 0.57693847 5.99346081 4.62888107
v 0.30723278 5.99346081 5.62454501
v 0.95328566 5.99346081 2.05428378
v 0.68357995 5.99346081 3.04994753
v 0.41387423 5.99346081 4.04561127
v 0.14416852 5.99346081 5.04127483
v 1.27941414 5.99346081 3.22082356
v 1.11634990 5.99346081 2.63755377
v 1.00970842 5.99346081 4.21648731
v 0.07291038 5.99346081 5.65770394
v 0.00165224 5.99346081 6.27413305
v -0.06960590 5.99346081 6.89056178
v 0.16471648 5.99346081 6.85740323
v 0.23597463 5.99346081 6.24097374
v 0.39903887 5.99346081 6.82424391
v -0.14086404 5.99346081 7.50699128
v -0.21212217 5.99346081 8.12342001
v 0.02220020 5.99346081 8.09026069
v -0.28338031 5.99346081 8.73984874
v -0.04905795 5.99346081 8.70669019
v 0.18526443 5.99346081 8.67353087
v 0.56210308 5.99346081 7.40751333
v 0.49084494 5.99346081 8.02394282
v 0.72516732 5.99346081 7.99078350
v 0.41958680 5.99346081 8.64037155
v 0.65390918 5.99346081 8.60721223
v 0.88823155 5.99346081 8.57405368
v 0.09345834 5.99346081 7.47383196
v 0.25652259 5.99346081 8.05710214
v 0.32778072 5.99346081 7.44067264
v -1.39439503 -5.99346081 9.06997256
v -1.40770076 -5.99346081 9.06162977
v -1.42027298 -5.99346081 9.05271006
v -1.42100660 -5.99346081 9.05328774
v -1.43357881 -5.99346081 9.04436727
v -1.44615102 -5.99346081 9.03544755
v -1.43431234 -5.99346081 9.04494494
v -1.44688454 -5.99346081 9.03602523
v -1.44761817 -5.99346081 9.03660291
v -1.46019038 -5.99346081 9.02768243
v -1.47276259 -5.99346081 9.01876272
v -1.45945676 -5.99346081 9.02710552
v -1.47202897 -5.99346081 9.01818504
v -1.48533480 -5.99346081 9.00984301
v -1.49790701 -5.99346081 9.00092330
v -1.46092391 -5.99346081 9.02826011
v -1.47349612 -5.99346081 9.01934040
v -1.47422974 -5.99346081 9.01991808
v -1.48680195 -5.99346081 9.01099760
v -1.49937416 -5.99346081 9.00207789
v -1.48753548 -5.99346081 9.01157528
v -1.50010769 -5.99346081 9.00265557
v -1.50084132 -5.99346081 9.00323325
v -1.51341352 -5.99346081 8.99431277
v -1.52598573 -5.99346081 8.98539306
v -1.51267990 -5.99346081 8.99373586
v -1.52525210 -5.99346081 8.98481539
v -1.53855794 -5.99346081 8.97647335
v -1.55113015 -5.99346081 8.96755364
v -1.51121275 -5.99346081 8.99258050
v -1.52378495 -5.99346081 8.98366079
v -1.52451858 -5.99346081 8.98423847
v -1.53709079 -5.99346081 8.97531800
v -1.54966300 -5.99346081 8.96639828
v -1.53782432 -5.99346081 8.97589568
v -1.55039653 -5.99346081 8.96697596
v -1.56370236 -5.99346081 8.95863316
v -1.57627457 -5.99346081 8.94971345
v -1.56296873 -5.99346081 8.95805625
v -1.57554095 -5.99346081 8.94913578
v -1.58884678 -5.99346081 8.94079374
v -1.60141889 -5.99346081 8.93187403
v -1.48606832 -5.99346081 9.01042069
v -1.51194637 -5.99346081 8.99315818
v -1.49864054 -5.99346081 9.00150021
v -1.61325766 -5.99346081 8.92237665
v -1.62436273 -5.99346081 8.91230158
v -1.62509625 -5.99346081 8.91287925
v -1.63620131 -5.99346081 8.90280419
v -1.64730636 -5.99346081 8.89272912
v -1.63693484 -5.99346081 8.90338187
v -1.64803989 -5.99346081 8.89330679
v -1.64877342 -5.99346081 8.89388447
v -1.65987867 -5.99346081 8.88380941
v -1.67098373 -5.99346081 8.87373434
v -1.65914514 -5.99346081 8.88323173
v -1.67025019 -5.99346081 8.87315666
v -1.68208878 -5.99346081 8.86365928
v -1.69319384 -5.99346081 8.85358421
v -1.66061220 -5.99346081 8.88438708
v -1.67171725 -5.99346081 8.87431202
v -1.67245078 -5.99346081 8.87488970
v -1.68355584 -5.99346081 8.86481463
v -1.69466089 -5.99346081 8.85473956
v -1.68428936 -5.99346081 8.86539230
v -1.69539443 -5.99346081 8.85531724
v -1.69612795 -5.99346081 8.85589492
v -1.70723320 -5.99346081 8.84581985
v -1.71833826 -5.99346081 8.83574479
v -1.70649967 -5.99346081 8.84524217
v -1.71760472 -5.99346081 8.83516711
v -1.72944331 -5.99346081 8.82566971
v -1.74054837 -5.99346081 8.81559465
v -1.70503261 -5.99346081 8.84408682
v -1.71613767 -5.99346081 8.83401175
v -1.71687119 -5.99346081 8.83458943
v -1.72797626 -5.99346081 8.82451436
v -1.73908131 -5.99346081 8.81443929
v -1.72870978 -5.99346081 8.82509204
v -1.73981484 -5.99346081 8.81501697
v -1.75165361 -5.99346081 8.80551958
v -1.76275867 -5.99346081 8.79544451
v -1.75092009 -5.99346081 8.80494191
v -1.76202514 -5.99346081 8.79486683
v -1.77386372 -5.99346081 8.78536945
v -1.78496878 -5.99346081 8.77529438
v -1.68282231 -5.99346081 8.86423695
v -1.70576614 -5.99346081 8.84466450
v -1.69392736 -5.99346081 8.85416188
v -1.79534031 -5.99346081 8.76464164
v -1.80497830 -5.99346081 8.75341198
v -1.80571184 -5.99346081 8.75398965
v -1.81534983 -5.99346081 8.74275923
v -1.82498764 -5.99346081 8.73152957
v -1.81608336 -5.99346081 8.74333691
v -1.82572117 -5.99346081 8.73210725
v -1.82645470 -5.99346081 8.73268493
v -1.83609270 -5.99346081 8.72145451
v -1.84573070 -5.99346081 8.71022484
v -1.83535917 -5.99346081 8.72087682
v -1.84499717 -5.99346081 8.70964717
v -1.85536869 -5.99346081 8.69899442
v -1.86500650 -5.99346081 8.68776476
v -1.83682622 -5.99346081 8.72203218
v -1.84646422 -5.99346081 8.71080252
v -1.84719775 -5.99346081 8.71138019
v -1.85683575 -5.99346081 8.70014977
v -1.86647356 -5.99346081 8.68892012
v -1.85756928 -5.99346081 8.70072745
v -1.86720709 -5.99346081 8.68949779
v -1.86794062 -5.99346081 8.69007547
v -1.87757862 -5.99346081 8.67884505
v -1.88721662 -5.99346081 8.66761538
v -1.87684509 -5.99346081 8.67826737
v -1.88648309 -5.99346081 8.66703771
v -1.89685461 -5.99346081 8.65638496
v -1.90649242 -5.99346081 8.64515530
v -1.87537803 -5.99346081 8.67711201
v -1.88501603 -5.99346081 8.66588235
v -1.88574955 -5.99346081 8.66646003
v -1.89538755 -5.99346081 8.65522961
v -1.90502536 -5.99346081 8.64399995
v -1.89612108 -5.99346081 8.65580729
v -1.90575889 -5.99346081 8.64457762
v -1.91613042 -5.99346081 8.63392488
v -1.92576842 -5.99346081 8.62269522
v -1.91539689 -5.99346081 8.63334720
v -1.92503489 -5.99346081 8.62211754
v -1.93540642 -5.99346081 8.61146480
v -1.94504422 -5.99346081 8.60023514
v -1.85610222 -5.99346081 8.69957210
v -1.87611156 -5.99346081 8.67768969
v -1.86574003 -5.99346081 8.68834243
v -1.95394869 -5.99346081 8.58842780
v -1.96211944 -5.99346081 8.57604278
v -1.96285297 -5.99346081 8.57662046
v -1.97102372 -5.99346081 8.56423544
v -1.97919447 -5.99346081 8.55185043
v -1.97175725 -5.99346081 8.56481312
v -1.97992800 -5.99346081 8.55242811
v -1.98066152 -5.99346081 8.55300578
v -1.98883227 -5.99346081 8.54062077
v -1.99700303 -5.99346081 8.52823575
v -1.98809875 -5.99346081 8.54004309
v -1.99626950 -5.99346081 8.52765807
v -2.00517378 -5.99346081 8.51585073
v -2.01334453 -5.99346081 8.50346571
v -1.98956600 -5.99346081 8.54119844
v -1.99773675 -5.99346081 8.52881343
v -1.99847027 -5.99346081 8.52939110
v -2.00664102 -5.99346081 8.51700609
v -2.01481177 -5.99346081 8.50462107
v -2.00737456 -5.99346081 8.51758376
v -2.01554531 -5.99346081 8.50519875
v -2.01627883 -5.99346081 8.50577643
v -2.02444958 -5.99346081 8.49339141
v -2.03262033 -5.99346081 8.48100640
v -2.02371606 -5.99346081 8.49281374
v -2.03188681 -5.99346081 8.48042872
v -2.04079108 -5.99346081 8.46862138
v -2.04896183 -5.99346081 8.45623636
v -2.02224899 -5.99346081 8.49165837
v -2.03041974 -5.99346081 8.47927336
v -2.03115328 -5.99346081 8.47985104
v -2.03932403 -5.99346081 8.46746602
v -2.04749478 -5.99346081 8.45508101
v -2.04005756 -5.99346081 8.46804370
v -2.04822830 -5.99346081 8.45565868
v -2.05713258 -5.99346081 8.44385134
v -2.06530333 -5.99346081 8.43146633
v -2.05639905 -5.99346081 8.44327367
v -2.06456980 -5.99346081 8.43088865
v -2.07347408 -5.99346081 8.41908131
v -2.08164483 -5.99346081 8.40669630
v -2.00590749 -5.99346081 8.51642841
v -2.02298253 -5.99346081 8.49223606
v -2.01407824 -5.99346081 8.50404339
v -2.08908205 -5.99346081 8.39373360
v -2.09578575 -5.99346081 8.38019399
v -2.09651927 -5.99346081 8.38077167
v -2.10322297 -5.99346081 8.36723130
v -2.10992666 -5.99346081 8.35369169
v -2.10395650 -5.99346081 8.36780898
v -2.11066019 -5.99346081 8.35426937
v -2.11139372 -5.99346081 8.35484705
v -2.11809741 -5.99346081 8.34130667
v -2.12480110 -5.99346081 8.32776707
v -2.11736388 -5.99346081 8.34072900
v -2.12406757 -5.99346081 8.32718938
v -2.13150479 -5.99346081 8.31422669
v -2.13820829 -5.99346081 8.30068708
v -2.11883094 -5.99346081 8.34188435
v -2.12553463 -5.99346081 8.32834474
v -2.12626815 -5.99346081 8.32892242
v -2.13297185 -5.99346081 8.31538205
v -2.13967554 -5.99346081 8.30184243
v -2.13370538 -5.99346081 8.31595973
v -2.14040907 -5.99346081 8.30242011
v -2.14114260 -5.99346081 8.30299780
v -2.14784629 -5.99346081 8.28945742
v -2.15454999 -5.99346081 8.27591781
v -2.14711276 -5.99346081 8.28887974
v -2.15381645 -5.99346081 8.27534013
v -2.16125367 -5.99346081 8.26237744
v -2.16795718 -5.99346081 8.24883783
v -2.14564552 -5.99346081 8.28772438
v -2.15234921 -5.99346081 8.27418478
v -2.15308274 -5.99346081 8.27476245
v -2.15978643 -5.99346081 8.26122208
v -2.16649012 -5.99346081 8.24768247
v -2.16051996 -5.99346081 8.26179976
v -2.16722365 -5.99346081 8.24826015
v -2.17466087 -5.99346081 8.23529746
v -2.18136456 -5.99346081 8.22175785
v -2.17392734 -5.99346081 8.23471978
v -2.18063103 -5.99346081 8.22118017
v -2.18806826 -5.99346081 8.20821747
v -2.19477176 -5.99346081 8.19467787
v -2.13223832 -5.99346081 8.31480437
v -2.14637924 -5.99346081 8.28830207
v -2.13894202 -5.99346081 8.30126476
v -2.20074192 -5.99346081 8.18056057
v -2.20597836 -5.99346081 8.16586561
v -2.20671189 -5.99346081 8.16644329
v -2.21194833 -5.99346081 8.15174833
v -2.21718478 -5.99346081 8.13705336
v -2.21268187 -5.99346081 8.15232600
v -2.21791831 -5.99346081 8.13763103
v -2.21865184 -5.99346081 8.13820871
v -2.22388847 -5.99346081 8.12351375
v -2.22912492 -5.99346081 8.10881878
v -2.22315494 -5.99346081 8.12293607
v -2.22839139 -5.99346081 8.10824111
v -2.23436136 -5.99346081 8.09412382
v -2.23959781 -5.99346081 8.07942885
v -2.22462200 -5.99346081 8.12409143
v -2.22985844 -5.99346081 8.10939646
v -2.23059197 -5.99346081 8.10997414
v -2.23582842 -5.99346081 8.09527918
v -2.24106486 -5.99346081 8.08058421
v -2.23656194 -5.99346081 8.09585685
v -2.24179839 -5.99346081 8.08116188
v -2.24253192 -5.99346081 8.08173956
v -2.24776856 -5.99346081 8.06704460
v -2.25300499 -5.99346081 8.05234963
v -2.24703502 -5.99346081 8.06646692
v -2.25227147 -5.99346081 8.05177195
v -2.25824144 -5.99346081 8.03765467
v -2.26347788 -5.99346081 8.02295970
v -2.24556797 -5.99346081 8.06531157
v -2.25080441 -5.99346081 8.05061660
v -2.25153794 -5.99346081 8.05119427
v -2.25677438 -5.99346081 8.03649931
v -2.26201083 -5.99346081 8.02180435
v -2.25750791 -5.99346081 8.03707699
v -2.26274435 -5.99346081 8.02238202
v -2.26871452 -5.99346081 8.00826473
v -2.27395096 -5.99346081 7.99356977
v -2.26798099 -5.99346081 8.00768706
v -2.27321743 -5.99346081 7.99299209
v -2.27918740 -5.99346081 7.97887481
v -2.28442385 -5.99346081 7.96417984
v -2.23509489 -5.99346081 8.09470149
v -2.24630149 -5.99346081 8.06588924
v -2.24033133 -5.99346081 8.08000653
v -2.86204376 -5.99346081 6.14366589
v -2.16755136 -5.99346081 6.91007937
v -3.43966367 -5.99346081 4.32315194
v -2.74517126 -5.99346081 5.08956580
v -2.05067886 -5.99346081 5.85597966
v -4.01728319 -5.99346081 2.50263837
v -3.32279098 -5.99346081 3.26905204
v -4.59490310 -5.99346081 0.68212452
v -3.90041089 -5.99346081 1.44853838
v -3.20591868 -5.99346081 2.21495215
v -2.62829877 -5.99346081 4.03546571
v -1.93380637 -5.99346081 4.80187957
v -2.51142628 -5.99346081 2.98136601
v -1.81693388 -5.99346081 3.74777987
v -5.17252263 -5.99346081 -1.13838925
v -4.47803042 -5.99346081 -0.37197543
v -5.75014253 -5.99346081 -2.95890291
v -5.05565032 -5.99346081 -2.19248924
v -4.36115811 -5.99346081 -1.42607538
v -6.32776244 -5.99346081 -4.77941667
v -5.63327023 -5.99346081 -4.01300281
v -6.90538235 -5.99346081 -6.59993024
v -6.21088976 -5.99346081 -5.83351676
v -5.51639755 -5.99346081 -5.06710290
v -4.93877764 -5.99346081 -3.24658895
v -4.24428543 -5.99346081 -2.48017527
v -4.82190534 -5.99346081 -4.30068903
v -4.12741312 -5.99346081 -3.53427517
v -2.39455378 -5.99346081 1.92726592
v -1.70006138 -5.99346081 2.69367978
v -2.97217350 -5.99346081 0.10675224
v -2.27768129 -5.99346081 0.87316606
v -1.58318898 -5.99346081 1.63957988
v -3.54979322 -5.99346081 -1.71376141
v -2.85530101 -5.99346081 -0.94734774
v -3.43292091 -5.99346081 -2.76786150
v -2.73842851 -5.99346081 -2.00144764
v -2.16080879 -5.99346081 -0.18093390
v -1.46631649 -5.99346081 0.58547989
v -2.04393630 -5.99346081 -1.23503387
v -1.34944400 -5.99346081 -0.46862005
v -3.78353821 -5.99346081 0.39443838
v -3.66666590 -5.99346081 -0.65966157
v -3.08904599 -5.99346081 1.16085215
v 1.31165254 -5.99346081 -0.46862005
v 0.97901548 -5.99346081 -0.46862005
v 0.28452322 -5.99346081 -1.23503387
v 0.64637841 -5.99346081 -0.46862005
v -0.04811384 -5.99346081 -1.23503387
v -0.74260611 -5.99346081 -2.00144764
v 0.31374136 -5.99346081 -0.46862005
v -0.38075091 -5.99346081 -1.23503387
v -0.01889571 -5.99346081 -0.46862005
v -0.71338798 -5.99346081 -1.23503387
v -1.40788024 -5.99346081 -2.00144764
v -1.07524318 -5.99346081 -2.00144764
v -1.76973539 -5.99346081 -2.76786150
v -2.10237246 -5.99346081 -2.76786150
v -2.79686485 -5.99346081 -3.53427517
v -0.35153277 -5.99346081 -0.46862005
v -1.04602500 -5.99346081 -1.23503387
v -0.68416986 -5.99346081 -0.46862005
v -1.37866207 -5.99346081 -1.23503387
v -2.07315438 -5.99346081 -2.00144764
v -1.01680693 -5.99346081 -0.46862005
v -1.71129923 -5.99346081 -1.23503387
v -2.40579145 -5.99346081 -2.00144764
v -3.10028366 -5.99346081 -2.76786150
v -3.12950192 -5.99346081 -3.53427517
v -3.82399394 -5.99346081 -4.30068903
v -3.46213899 -5.99346081 -3.53427517
v -4.15663120 -5.99346081 -4.30068903
v -4.85112341 -5.99346081 -5.06710290
v -3.79477587 -5.99346081 -3.53427517
v -4.48926808 -5.99346081 -4.30068903
v -5.18376067 -5.99346081 -5.06710290
v -5.87825288 -5.99346081 -5.83351676
v -1.74051731 -5.99346081 -2.00144764
v -2.76764659 -5.99346081 -2.76786150
v -2.43500952 -5.99346081 -2.76786150
v -6.41991197 -5.99346081 -6.59993024
v -6.31427694 -5.99346081 -6.21335213
v -5.93444158 -5.99346081 -6.59993024
v -5.82880655 -5.99346081 -6.21335213
v -5.72317191 -5.99346081 -5.82677401
v -5.44897119 -5.99346081 -6.59993024
v -5.34333617 -5.99346081 -6.21335213
v -4.96350081 -5.99346081 -6.59993024
v -4.85786616 -5.99346081 -6.21335213
v -4.75223114 -5.99346081 -5.82677401
v -5.23770152 -5.99346081 -5.82677401
v -5.13206689 -5.99346081 -5.44019590
v -4.64659650 -5.99346081 -5.44019590
v -4.54096186 -5.99346081 -5.05361740
v -4.47803042 -5.99346081 -6.59993024
v -4.37239577 -5.99346081 -6.21335213
v -3.99256003 -5.99346081 -6.59993024
v -3.88692539 -5.99346081 -6.21335213
v -3.78129075 -5.99346081 -5.82677401
v -3.50708964 -5.99346081 -6.59993024
v -3.40145500 -5.99346081 -6.21335213
v -3.02161926 -5.99346081 -6.59993024
v -2.91598461 -5.99346081 -6.21335213
v -2.81034979 -5.99346081 -5.82677401
v -3.29582036 -5.99346081 -5.82677401
v -3.19018553 -5.99346081 -5.44019590
v -2.70471514 -5.99346081 -5.44019590
v -2.59908031 -5.99346081 -5.05361740
v -4.05549147 -5.99346081 -5.05361740
v -3.94985684 -5.99346081 -4.66703928
v -3.57002109 -5.99346081 -5.05361740
v -3.46438645 -5.99346081 -4.66703928
v -3.35875181 -5.99346081 -4.28046117
v -3.08455070 -5.99346081 -5.05361740
v -2.97891606 -5.99346081 -4.66703928
v -2.49344567 -5.99346081 -4.66703928
v -2.38781084 -5.99346081 -4.28046117
v -2.87328123 -5.99346081 -4.28046117
v -2.76764659 -5.99346081 -3.89388305
v -2.28217620 -5.99346081 -3.89388305
v -2.17654137 -5.99346081 -3.50730455
v -4.26676075 -5.99346081 -5.82677401
v -3.67565573 -5.99346081 -5.44019590
v -4.16112612 -5.99346081 -5.44019590
v 2.13875011 -5.99346081 -3.50730455
v 2.24438475 -5.99346081 -3.89388305
v 2.73884534 -5.99346081 -3.89388305
v 2.35001958 -5.99346081 -4.28046117
v 2.84448017 -5.99346081 -4.28046117
v 3.33894057 -5.99346081 -4.28046117
v 2.45565422 -5.99346081 -4.66703928
v 2.95011481 -5.99346081 -4.66703928
v 2.56128905 -5.99346081 -5.05361740
v 3.05574964 -5.99346081 -5.05361740
v 3.55021024 -5.99346081 -5.05361740
v 3.44457560 -5.99346081 -4.66703928
v 3.93903619 -5.99346081 -4.66703928
v 4.04467083 -5.99346081 -5.05361740
v 4.53913143 -5.99346081 -5.05361740
v 2.66692369 -5.99346081 -5.44019590
v 3.16138429 -5.99346081 -5.44019590
v 2.77255852 -5.99346081 -5.82677401
v 3.26701892 -5.99346081 -5.82677401
v 3.76147952 -5.99346081 -5.82677401
v 2.87819316 -5.99346081 -6.21335213
v 3.37265394 -5.99346081 -6.21335213
v 2.98382799 -5.99346081 -6.59993024
v 3.47828859 -5.99346081 -6.59993024
v 3.97274918 -5.99346081 -6.59993024
v 3.86711454 -5.99346081 -6.21335213
v 4.36157513 -5.99346081 -6.21335213
v 4.46720977 -5.99346081 -6.59993024
v 4.96167036 -5.99346081 -6.59993024
v 4.64476606 -5.99346081 -5.44019590
v 5.13922666 -5.99346081 -5.44019590
v 4.75040070 -5.99346081 -5.82677401
v 5.24486130 -5.99346081 -5.82677401
v 5.73932189 -5.99346081 -5.82677401
v 4.85603573 -5.99346081 -6.21335213
v 5.35049632 -5.99346081 -6.21335213
v 5.45613096 -5.99346081 -6.59993024
v 5.95059155 -5.99346081 -6.59993024
v 5.84495691 -5.99346081 -6.21335213
v 6.33941750 -5.99346081 -6.21335213
v 6.44505177 -5.99346081 -6.59993024
v 6.93951274 -5.99346081 -6.59993024
v 3.65584487 -5.99346081 -5.44019590
v 4.25594011 -5.99346081 -5.82677401
v 4.15030547 -5.99346081 -5.44019590
v 6.35290262 -5.99346081 -4.77941667
v 6.34804075 -5.99346081 -4.76507304
v 5.76629251 -5.99346081 -2.95890291
v 5.76143064 -5.99346081 -2.94455928
v 5.75656877 -5.99346081 -2.93021564
v 5.17968278 -5.99346081 -1.13838925
v 5.17482091 -5.99346081 -1.12404561
v 4.59307266 -5.99346081 0.68212452
v 4.58821080 -5.99346081 0.69646815
v 4.58334893 -5.99346081 0.71081178
v 5.16995904 -5.99346081 -1.10970198
v 5.16509717 -5.99346081 -1.09535834
v 4.57848706 -5.99346081 0.72515541
v 4.57362519 -5.99346081 0.73949904
v 4.00646255 -5.99346081 2.50263837
v 4.00160068 -5.99346081 2.51698200
v 3.41985243 -5.99346081 4.32315194
v 3.41499057 -5.99346081 4.33749557
v 3.41012870 -5.99346081 4.35183920
v 2.83324251 -5.99346081 6.14366589
v 2.82838064 -5.99346081 6.15800953
v 2.24663258 -5.99346081 7.96417984
v 2.24177072 -5.99346081 7.97852347
v 2.23690885 -5.99346081 7.99286711
v 2.82351877 -5.99346081 6.17235316
v 2.81865690 -5.99346081 6.18669679
v 2.23204698 -5.99346081 8.00721074
v 2.22718512 -5.99346081 8.02155438
v 3.98701508 -5.99346081 2.56001290
v 3.98215321 -5.99346081 2.57435654
v 3.40040496 -5.99346081 4.38052647
v 3.39554309 -5.99346081 4.39487011
v 3.39068123 -5.99346081 4.40921374
v 2.81379504 -5.99346081 6.20104042
v 2.80893317 -5.99346081 6.21538405
v 2.22232325 -5.99346081 8.03589801
v 2.21746138 -5.99346081 8.05024164
v 2.80407130 -5.99346081 6.22972769
v 2.79920944 -5.99346081 6.24407132
v 2.21259951 -5.99346081 8.06458528
v 2.20773764 -5.99346081 8.07892891
v 3.99673882 -5.99346081 2.53132564
v 3.40526683 -5.99346081 4.36618284
v 3.99187695 -5.99346081 2.54566927
v 2.20214206 -5.99346081 8.09274212
v 2.19581313 -5.99346081 8.10602413
v 2.19654666 -5.99346081 8.10655532
v 2.19021755 -5.99346081 8.11983734
v 2.18388862 -5.99346081 8.13311936
v 2.19095108 -5.99346081 8.12036853
v 2.18462215 -5.99346081 8.13365054
v 2.18535568 -5.99346081 8.13418174
v 2.17902656 -5.99346081 8.14746375
v 2.17269763 -5.99346081 8.16074577
v 2.17829303 -5.99346081 8.14693257
v 2.17196411 -5.99346081 8.16021458
v 2.16636852 -5.99346081 8.17402779
v 2.16003960 -5.99346081 8.18731057
v 2.17976009 -5.99346081 8.14799494
v 2.17343117 -5.99346081 8.16127696
v 2.17416470 -5.99346081 8.16180815
v 2.16783558 -5.99346081 8.17509017
v 2.16150665 -5.99346081 8.18837218
v 2.16856910 -5.99346081 8.17562135
v 2.16224018 -5.99346081 8.18890337
v 2.16297371 -5.99346081 8.18943456
v 2.15664459 -5.99346081 8.20271658
v 2.15031567 -5.99346081 8.21599859
v 2.15591107 -5.99346081 8.20218539
v 2.14958214 -5.99346081 8.21546741
v 2.14398656 -5.99346081 8.22928062
v 2.13765763 -5.99346081 8.24256339
v 2.15444401 -5.99346081 8.20112378
v 2.14811509 -5.99346081 8.21440579
v 2.14884861 -5.99346081 8.21493698
v 2.14251949 -5.99346081 8.22821900
v 2.13619057 -5.99346081 8.24150102
v 2.14325302 -5.99346081 8.22875019
v 2.13692410 -5.99346081 8.24203220
v 2.13132851 -5.99346081 8.25584541
v 2.12499959 -5.99346081 8.26912743
v 2.13059498 -5.99346081 8.25531422
v 2.12426606 -5.99346081 8.26859624
v 2.11867047 -5.99346081 8.28240944
v 2.11234155 -5.99346081 8.29569223
v 2.16710205 -5.99346081 8.17455898
v 2.15517754 -5.99346081 8.20165420
v 2.16077312 -5.99346081 8.18784099
v 2.10527890 -5.99346081 8.30844382
v 2.09748272 -5.99346081 8.32066498
v 2.09821645 -5.99346081 8.32119541
v 2.09042008 -5.99346081 8.33341657
v 2.08262391 -5.99346081 8.34563773
v 2.09115380 -5.99346081 8.33394699
v 2.08335762 -5.99346081 8.34616816
v 2.08409135 -5.99346081 8.34669935
v 2.07629498 -5.99346081 8.35891975
v 2.06849881 -5.99346081 8.37114091
v 2.07556126 -5.99346081 8.35838932
v 2.06776509 -5.99346081 8.37061048
v 2.06070244 -5.99346081 8.38336208
v 2.05290627 -5.99346081 8.39558324
v 2.07702870 -5.99346081 8.35945094
v 2.06923252 -5.99346081 8.37167210
v 2.06996625 -5.99346081 8.37220253
v 2.06216988 -5.99346081 8.38442370
v 2.05437371 -5.99346081 8.39664485
v 2.06290360 -5.99346081 8.38495412
v 2.05510743 -5.99346081 8.39717528
v 2.05584115 -5.99346081 8.39770647
v 2.04804478 -5.99346081 8.40992688
v 2.04024861 -5.99346081 8.42214803
v 2.04731106 -5.99346081 8.40939645
v 2.03951489 -5.99346081 8.42161761
v 2.03245225 -5.99346081 8.43436920
v 2.02465607 -5.99346081 8.44659036
v 2.04584362 -5.99346081 8.40833483
v 2.03804745 -5.99346081 8.42055599
v 2.03878117 -5.99346081 8.42108642
v 2.03098480 -5.99346081 8.43330758
v 2.02318863 -5.99346081 8.44552874
v 2.03171852 -5.99346081 8.43383801
v 2.02392235 -5.99346081 8.44605917
v 2.01685971 -5.99346081 8.45881077
v 2.00906353 -5.99346081 8.47103192
v 2.01612599 -5.99346081 8.45828034
v 2.00832981 -5.99346081 8.47050150
v 2.00126716 -5.99346081 8.48325309
v 1.99347100 -5.99346081 8.49547425
v 2.06143616 -5.99346081 8.38389250
v 2.04657735 -5.99346081 8.40886526
v 2.05363999 -5.99346081 8.39611366
v 1.98494129 -5.99346081 8.50716423
v 1.97567787 -5.99346081 8.51832377
v 1.97641159 -5.99346081 8.51885496
v 1.96714817 -5.99346081 8.53001451
v 1.95788494 -5.99346081 8.54117406
v 1.96788189 -5.99346081 8.53054570
v 1.95861846 -5.99346081 8.54170525
v 1.95935219 -5.99346081 8.54223643
v 1.95008876 -5.99346081 8.55339598
v 1.94082553 -5.99346081 8.56455553
v 1.94935523 -5.99346081 8.55286479
v 1.94009181 -5.99346081 8.56402434
v 1.93156211 -5.99346081 8.57571508
v 1.92229888 -5.99346081 8.58687462
v 1.95082248 -5.99346081 8.55392641
v 1.94155906 -5.99346081 8.56508596
v 1.94229278 -5.99346081 8.56561714
v 1.93302936 -5.99346081 8.57677669
v 1.92376613 -5.99346081 8.58793624
v 1.93376308 -5.99346081 8.57730788
v 1.92449965 -5.99346081 8.58846742
v 1.92523338 -5.99346081 8.58899862
v 1.91596995 -5.99346081 8.60015816
v 1.90670672 -5.99346081 8.61131771
v 1.91523642 -5.99346081 8.59962698
v 1.90597300 -5.99346081 8.61078652
v 1.89744330 -5.99346081 8.62247726
v 1.88818007 -5.99346081 8.63363681
v 1.91376917 -5.99346081 8.59856459
v 1.90450575 -5.99346081 8.60972414
v 1.90523947 -5.99346081 8.61025533
v 1.89597605 -5.99346081 8.62141488
v 1.88671282 -5.99346081 8.63257442
v 1.89670977 -5.99346081 8.62194607
v 1.88744634 -5.99346081 8.63310561
v 1.87891664 -5.99346081 8.64479635
v 1.86965341 -5.99346081 8.65595590
v 1.87818311 -5.99346081 8.64426516
v 1.86891969 -5.99346081 8.65542471
v 1.86038999 -5.99346081 8.66711544
v 1.85112676 -5.99346081 8.67827499
v 1.93229583 -5.99346081 8.57624550
v 1.91450270 -5.99346081 8.59909579
v 1.92303240 -5.99346081 8.58740505
v 1.84112980 -5.99346081 8.68890411
v 1.83039932 -5.99346081 8.69900204
v 1.83113286 -5.99346081 8.69953323
v 1.82040237 -5.99346081 8.70963116
v 1.80967189 -5.99346081 8.71972985
v 1.82113591 -5.99346081 8.71016235
v 1.81040543 -5.99346081 8.72026028
v 1.81113895 -5.99346081 8.72079147
v 1.80040847 -5.99346081 8.73088940
v 1.78967799 -5.99346081 8.74098809
v 1.79967495 -5.99346081 8.73035897
v 1.78894447 -5.99346081 8.74045690
v 1.77894751 -5.99346081 8.75108602
v 1.76821703 -5.99346081 8.76118472
v 1.80114200 -5.99346081 8.73142059
v 1.79041152 -5.99346081 8.74151852
v 1.79114505 -5.99346081 8.74204971
v 1.78041457 -5.99346081 8.75214764
v 1.76968409 -5.99346081 8.76224633
v 1.78114810 -5.99346081 8.75267883
v 1.77041762 -5.99346081 8.76277676
v 1.77115115 -5.99346081 8.76330795
v 1.76042067 -5.99346081 8.77340587
v 1.74969019 -5.99346081 8.78350457
v 1.75968714 -5.99346081 8.77287545
v 1.74895666 -5.99346081 8.78297338
v 1.73895971 -5.99346081 8.79360250
v 1.72822923 -5.99346081 8.80370119
v 1.75822008 -5.99346081 8.77181383
v 1.74748960 -5.99346081 8.78191177
v 1.74822313 -5.99346081 8.78244295
v 1.73749265 -5.99346081 8.79254088
v 1.72676217 -5.99346081 8.80263957
v 1.73822618 -5.99346081 8.79307208
v 1.72749570 -5.99346081 8.80317000
v 1.71749875 -5.99346081 8.81379913
v 1.70676827 -5.99346081 8.82389782
v 1.71676522 -5.99346081 8.81326870
v 1.70603474 -5.99346081 8.82336662
v 1.69603779 -5.99346081 8.83399575
v 1.68530731 -5.99346081 8.84409444
v 1.77968104 -5.99346081 8.75161721
v 1.75895361 -5.99346081 8.77234426
v 1.76895056 -5.99346081 8.76171514
v 1.67384330 -5.99346081 8.85366194
v 1.66164557 -5.99346081 8.86269902
v 1.66237929 -5.99346081 8.86322945
v 1.65018156 -5.99346081 8.87226652
v 1.63798403 -5.99346081 8.88130359
v 1.65091528 -5.99346081 8.87279695
v 1.63871755 -5.99346081 8.88183402
v 1.63945128 -5.99346081 8.88236521
v 1.62725355 -5.99346081 8.89140229
v 1.61505600 -5.99346081 8.90043937
v 1.62652002 -5.99346081 8.89087110
v 1.61432229 -5.99346081 8.89990818
v 1.60285828 -5.99346081 8.90947644
v 1.59066064 -5.99346081 8.91851352
v 1.62798726 -5.99346081 8.89193272
v 1.61578954 -5.99346081 8.90096980
v 1.61652325 -5.99346081 8.90150022
v 1.60432552 -5.99346081 8.91053729
v 1.59212789 -5.99346081 8.91957437
v 1.60505925 -5.99346081 8.91106772
v 1.59286152 -5.99346081 8.92010480
v 1.59359514 -5.99346081 8.92063599
v 1.58139751 -5.99346081 8.92967307
v 1.56919988 -5.99346081 8.93871014
v 1.58066388 -5.99346081 8.92914187
v 1.56846625 -5.99346081 8.93817895
v 1.55700224 -5.99346081 8.94774722
v 1.54480461 -5.99346081 8.95678430
v 1.57919664 -5.99346081 8.92808102
v 1.56699900 -5.99346081 8.93711810
v 1.56773263 -5.99346081 8.93764852
v 1.55553500 -5.99346081 8.94668560
v 1.54333736 -5.99346081 8.95572268
v 1.55626862 -5.99346081 8.94721603
v 1.54407099 -5.99346081 8.95625311
v 1.53260698 -5.99346081 8.96582137
v 1.52040935 -5.99346081 8.97485844
v 1.53187336 -5.99346081 8.96529018
v 1.51967572 -5.99346081 8.97432726
v 1.50821171 -5.99346081 8.98389552
v 1.49601408 -5.99346081 8.99293260
v 1.60359200 -5.99346081 8.91000687
v 1.57993026 -5.99346081 8.92861145
v 1.59139427 -5.99346081 8.91904394
v 1.48308282 -5.99346081 9.00143848
v 1.46971459 -5.99346081 9.00933621
v 1.47015156 -5.99346081 9.00994513
v 1.45678333 -5.99346081 9.01784285
v 1.44341510 -5.99346081 9.02574058
v 1.45722030 -5.99346081 9.01845102
v 1.44385208 -5.99346081 9.02634875
v 1.44428905 -5.99346081 9.02695767
v 1.43092082 -5.99346081 9.03485540
v 1.41755259 -5.99346081 9.04275312
v 1.43048384 -5.99346081 9.03424647
v 1.41711562 -5.99346081 9.04214420
v 1.40418436 -5.99346081 9.05065085
v 1.39081612 -5.99346081 9.05854857
v 1.43135779 -5.99346081 9.03546356
v 1.41798956 -5.99346081 9.04336128
v 1.41842653 -5.99346081 9.04397021
v 1.40505831 -5.99346081 9.05186793
v 1.39169007 -5.99346081 9.05976565
v 1.40549528 -5.99346081 9.05247609
v 1.39212705 -5.99346081 9.06037382
v 1.39256402 -5.99346081 9.06098274
v 1.37919579 -5.99346081 9.06888046
v 1.36582756 -5.99346081 9.07677819
v 1.37875882 -5.99346081 9.06827154
v 1.36539059 -5.99346081 9.07616926
v 1.35245933 -5.99346081 9.08467591
v 1.33909110 -5.99346081 9.09257364
v 1.37788487 -5.99346081 9.06705446
v 1.36451664 -5.99346081 9.07495218
v 1.36495361 -5.99346081 9.07556110
v 1.35158538 -5.99346081 9.08345883
v 1.33821715 -5.99346081 9.09135655
v 1.35202235 -5.99346081 9.08406699
v 1.33865413 -5.99346081 9.09196471
v 1.32572287 -5.99346081 9.10047136
v 1.31235464 -5.99346081 9.10836909
v 1.32528589 -5.99346081 9.09986244
v 1.31191766 -5.99346081 9.10776016
v 1.29898641 -5.99346081 9.11626681
v 1.28561817 -5.99346081 9.12416454
v 1.40462133 -5.99346081 9.05125901
v 1.37832184 -5.99346081 9.06766338
v 1.39125310 -5.99346081 9.05915673
v 1.27210953 -5.99346081 9.13137484
v 1.25846036 -5.99346081 9.13789925
v 1.25860087 -5.99346081 9.13858591
v 1.24495171 -5.99346081 9.14511032
v 1.23130255 -5.99346081 9.15163396
v 1.24509223 -5.99346081 9.14579697
v 1.23144306 -5.99346081 9.15232061
v 1.23158358 -5.99346081 9.15300804
v 1.21793442 -5.99346081 9.15953168
v 1.20428525 -5.99346081 9.16605609
v 1.21779390 -5.99346081 9.15884503
v 1.20414474 -5.99346081 9.16536867
v 1.19063609 -5.99346081 9.17257974
v 1.17698693 -5.99346081 9.17910414
v 1.21807493 -5.99346081 9.16021834
v 1.20442576 -5.99346081 9.16674275
v 1.20456628 -5.99346081 9.16742941
v 1.19091712 -5.99346081 9.17395381
v 1.17726795 -5.99346081 9.18047746
v 1.19105763 -5.99346081 9.17464047
v 1.17740847 -5.99346081 9.18116412
v 1.17754898 -5.99346081 9.18185154
v 1.16389982 -5.99346081 9.18837519
v 1.15025065 -5.99346081 9.19489959
v 1.16375931 -5.99346081 9.18768852
v 1.15011014 -5.99346081 9.19421216
v 1.13660149 -5.99346081 9.20142323
v 1.12295233 -5.99346081 9.20794764
v 1.16347828 -5.99346081 9.18631444
v 1.14982912 -5.99346081 9.19283885
v 1.14996963 -5.99346081 9.19352551
v 1.13632046 -5.99346081 9.20004991
v 1.12267130 -5.99346081 9.20657355
v 1.13646098 -5.99346081 9.20073658
v 1.12281182 -5.99346081 9.20726022
v 1.10930317 -5.99346081 9.21447129
v 1.09565401 -5.99346081 9.22099569
v 1.10916265 -5.99346081 9.21378462
v 1.09551349 -5.99346081 9.22030826
v 1.08200484 -5.99346081 9.22751933
v 1.06835568 -5.99346081 9.23404374
v 1.19077660 -5.99346081 9.17326639
v 1.16361879 -5.99346081 9.18700187
v 1.17712744 -5.99346081 9.17979080
v 1.05456600 -5.99346081 9.23988072
v 1.04063591 -5.99346081 9.24503181
v 1.04077633 -5.99346081 9.24571847
v 1.02684623 -5.99346081 9.25086879
v 1.01291613 -5.99346081 9.25601989
v 1.02698665 -5.99346081 9.25155546
v 1.01305655 -5.99346081 9.25670654
v 1.01319697 -5.99346081 9.25739321
v 0.99926687 -5.99346081 9.26254353
v 0.98533678 -5.99346081 9.26769461
v 0.99912646 -5.99346081 9.26185687
v 0.98519636 -5.99346081 9.26700796
v 0.97140669 -5.99346081 9.27284494
v 0.95747659 -5.99346081 9.27799603
v 0.99940729 -5.99346081 9.26323018
v 0.98547720 -5.99346081 9.26838128
v 0.98561762 -5.99346081 9.26906793
v 0.97168752 -5.99346081 9.27421826
v 0.95775743 -5.99346081 9.27936935
v 0.97182794 -5.99346081 9.27490492
v 0.95789785 -5.99346081 9.28005601
v 0.95803827 -5.99346081 9.28074267
v 0.94410817 -5.99346081 9.28589299
v 0.93017807 -5.99346081 9.29104408
v 0.94396775 -5.99346081 9.28520633
v 0.93003766 -5.99346081 9.29035742
v 0.91624798 -5.99346081 9.29619440
v 0.90231788 -5.99346081 9.30134549
v 0.94368692 -5.99346081 9.28383301
v 0.92975682 -5.99346081 9.28898410
v 0.92989724 -5.99346081 9.28967076
v 0.91596714 -5.99346081 9.29482108
v 0.90203705 -5.99346081 9.29997217
v 0.91610756 -5.99346081 9.29550775
v 0.90217746 -5.99346081 9.30065883
v 0.88838779 -5.99346081 9.30649582
v 0.87445770 -5.99346081 9.31164691
v 0.88824737 -5.99346081 9.30580916
v 0.87431728 -5.99346081 9.31096025
v 0.86052760 -5.99346081 9.31679723
v 0.84659751 -5.99346081 9.32194832
v 0.97154710 -5.99346081 9.27353160
v 0.94382733 -5.99346081 9.28451968
v 0.95761701 -5.99346081 9.27868269
v 0.83252690 -5.99346081 9.32641198
v 0.81831587 -5.99346081 9.33018899
v 0.81845629 -5.99346081 9.33087565
v 0.80424526 -5.99346081 9.33465266
v 0.79003424 -5.99346081 9.33843043
v 0.80438568 -5.99346081 9.33533932
v 0.79017465 -5.99346081 9.33911708
v 0.79031507 -5.99346081 9.33980375
v 0.77610404 -5.99346081 9.34358075
v 0.76189302 -5.99346081 9.34735776
v 0.77596363 -5.99346081 9.34289409
v 0.76175260 -5.99346081 9.34667110
v 0.74768199 -5.99346081 9.35113477
v 0.73347096 -5.99346081 9.35491253
v 0.77624446 -5.99346081 9.34426741
v 0.76203344 -5.99346081 9.34804442
v 0.76217385 -5.99346081 9.34873108
v 0.74796283 -5.99346081 9.35250808
v 0.73375180 -5.99346081 9.35628585
v 0.74810324 -5.99346081 9.35319475
v 0.73389222 -5.99346081 9.35697251
v 0.73403264 -5.99346081 9.35765917
v 0.71982161 -5.99346081 9.36143618
v 0.70561058 -5.99346081 9.36521319
v 0.71968119 -5.99346081 9.36074952
v 0.70547016 -5.99346081 9.36452653
v 0.69139955 -5.99346081 9.36899019
v 0.67718853 -5.99346081 9.37276796
v 0.71940035 -5.99346081 9.35937620
v 0.70518933 -5.99346081 9.36315321
v 0.70532974 -5.99346081 9.36383987
v 0.69111872 -5.99346081 9.36761687
v 0.67690769 -5.99346081 9.37139465
v 0.69125913 -5.99346081 9.36830353
v 0.67704811 -5.99346081 9.37208130
v 0.66297750 -5.99346081 9.37654497
v 0.64876647 -5.99346081 9.38032198
v 0.66283708 -5.99346081 9.37585831
v 0.64862605 -5.99346081 9.37963531
v 0.63455545 -5.99346081 9.38409898
v 0.62034442 -5.99346081 9.38787675
v 0.74782241 -5.99346081 9.35182143
v 0.71954077 -5.99346081 9.36006286
v 0.73361138 -5.99346081 9.35559920
v 0.60599288 -5.99346081 9.39096710
v 0.59150092 -5.99346081 9.39337079
v 0.59164134 -5.99346081 9.39405745
v 0.57714938 -5.99346081 9.39646113
v 0.56265742 -5.99346081 9.39886482
v 0.57728979 -5.99346081 9.39714780
v 0.56279784 -5.99346081 9.39955149
v 0.56293826 -5.99346081 9.40023814
v 0.54844630 -5.99346081 9.40264183
v 0.53395434 -5.99346081 9.40504552
v 0.54830588 -5.99346081 9.40195518
v 0.53381392 -5.99346081 9.40435887
v 0.51946238 -5.99346081 9.40744921
v 0.50497042 -5.99346081 9.40985290
v 0.54858672 -5.99346081 9.40332849
v 0.53409476 -5.99346081 9.40573218
v 0.53423517 -5.99346081 9.40641884
v 0.51974321 -5.99346081 9.40882253
v 0.50525126 -5.99346081 9.41122621
v 0.51988363 -5.99346081 9.40950919
v 0.50539168 -5.99346081 9.41191288
v 0.50553210 -5.99346081 9.41259953
v 0.49104014 -5.99346081 9.41500322
v 0.47654817 -5.99346081 9.41740691
v 0.49089972 -5.99346081 9.41431657
v 0.47640776 -5.99346081 9.41672026
v 0.46205622 -5.99346081 9.41981060
v 0.44756426 -5.99346081 9.42221429
v 0.49061888 -5.99346081 9.41294325
v 0.47612692 -5.99346081 9.41534694
v 0.47626734 -5.99346081 9.41603359
v 0.46177538 -5.99346081 9.41843728
v 0.44728342 -5.99346081 9.42084097
v 0.46191580 -5.99346081 9.41912394
v 0.44742384 -5.99346081 9.42152763
v 0.43307230 -5.99346081 9.42461798
v 0.41858034 -5.99346081 9.42702166
v 0.43293188 -5.99346081 9.42393132
v 0.41843992 -5.99346081 9.42633501
v 0.40408838 -5.99346081 9.42942535
v 0.38959645 -5.99346081 9.43182904
v 0.51960280 -5.99346081 9.40813587
v 0.49075930 -5.99346081 9.41362990
v 0.50511084 -5.99346081 9.41053956
v 0.37496397 -5.99346081 9.43354531
v 0.36019099 -5.99346081 9.43457568
v 0.36033150 -5.99346081 9.43526234
v 0.34555851 -5.99346081 9.43629271
v 0.33078553 -5.99346081 9.43732231
v 0.34569903 -5.99346081 9.43697937
v 0.33092604 -5.99346081 9.43800898
v 0.33106656 -5.99346081 9.43869640
v 0.31629357 -5.99346081 9.43972600
v 0.30152058 -5.99346081 9.44075637
v 0.31615306 -5.99346081 9.43903935
v 0.30138007 -5.99346081 9.44006895
v 0.28674760 -5.99346081 9.44178598
v 0.27197461 -5.99346081 9.44281636
v 0.31643408 -5.99346081 9.44041267
v 0.30166110 -5.99346081 9.44144304
v 0.30180161 -5.99346081 9.44212969
v 0.28702862 -5.99346081 9.44316006
v 0.27225564 -5.99346081 9.44418967
v 0.28716914 -5.99346081 9.44384673
v 0.27239615 -5.99346081 9.44487633
v 0.27253667 -5.99346081 9.44556375
v 0.25776368 -5.99346081 9.44659336
v 0.24299069 -5.99346081 9.44762373
v 0.25762316 -5.99346081 9.44590670
v 0.24285018 -5.99346081 9.44693631
v 0.22821771 -5.99346081 9.44865334
v 0.21344472 -5.99346081 9.44968371
v 0.25734214 -5.99346081 9.44453262
v 0.24256915 -5.99346081 9.44556299
v 0.24270966 -5.99346081 9.44624965
v 0.22793668 -5.99346081 9.44728002
v 0.21316370 -5.99346081 9.44830963
v 0.22807719 -5.99346081 9.44796668
v 0.21330421 -5.99346081 9.44899629
v 0.19867172 -5.99346081 9.45071332
v 0.18389873 -5.99346081 9.45174369
v 0.19853121 -5.99346081 9.45002666
v 0.18375822 -5.99346081 9.45105626
v 0.16912575 -5.99346081 9.45277329
v 0.15435276 -5.99346081 9.45380366
v 0.28688811 -5.99346081 9.44247264
v 0.25748265 -5.99346081 9.44522004
v 0.27211512 -5.99346081 9.44350301
v 0.13943936 -5.99346081 9.45414661
v 0.12343337 -5.99346081 9.45381128
v 0.12452595 -5.99346081 9.45449032
v 0.10851997 -5.99346081 9.45415500
v 0.09251399 -5.99346081 9.45381890
v 0.10961255 -5.99346081 9.45483403
v 0.09360656 -5.99346081 9.45449794
v 0.09469914 -5.99346081 9.45517775
v 0.07869316 -5.99346081 9.45484165
v 0.06268718 -5.99346081 9.45450633
v 0.07760058 -5.99346081 9.45416262
v 0.06159460 -5.99346081 9.45382652
v 0.04668120 -5.99346081 9.45417024
v 0.03067522 -5.99346081 9.45383491
v 0.07978574 -5.99346081 9.45552069
v 0.06377976 -5.99346081 9.45518537
v 0.06487234 -5.99346081 9.45586440
v 0.04886635 -5.99346081 9.45552907
v 0.03286037 -5.99346081 9.45519299
v 0.04995893 -5.99346081 9.45620812
v 0.03395295 -5.99346081 9.45587202
v 0.03504553 -5.99346081 9.45655182
v 0.01903955 -5.99346081 9.45621574
v 0.00303357 -5.99346081 9.45588041
v 0.01794697 -5.99346081 9.45553670
v 0.00194099 -5.99346081 9.45520061
v -0.01297242 -5.99346081 9.45554432
v -0.02897840 -5.99346081 9.45520899
v 0.01576181 -5.99346081 9.45417786
v -0.00024417 -5.99346081 9.45384253
v 0.00084841 -5.99346081 9.45452157
v -0.01515757 -5.99346081 9.45418624
v -0.03116355 -5.99346081 9.45385015
v -0.01406499 -5.99346081 9.45486528
v -0.03007098 -5.99346081 9.45452919
v -0.04498438 -5.99346081 9.45487290
v -0.06099037 -5.99346081 9.45453757
v -0.04607696 -5.99346081 9.45419386
v -0.06208295 -5.99346081 9.45385777
v -0.07699635 -5.99346081 9.45420149
v -0.09300233 -5.99346081 9.45386616
v 0.04777378 -5.99346081 9.45484927
v 0.01685439 -5.99346081 9.45485766
v 0.03176779 -5.99346081 9.45451395
v -0.10880540 -5.99346081 9.45285941
v -0.12440556 -5.99346081 9.45118125
v -0.12460847 -5.99346081 9.45185267
v -0.14020863 -5.99346081 9.45017451
v -0.15580879 -5.99346081 9.44849711
v -0.14041154 -5.99346081 9.45084592
v -0.15601170 -5.99346081 9.44916852
v -0.15621461 -5.99346081 9.44983994
v -0.17181477 -5.99346081 9.44816178
v -0.18741493 -5.99346081 9.44648361
v -0.17161186 -5.99346081 9.44749036
v -0.18721202 -5.99346081 9.44581220
v -0.20301508 -5.99346081 9.44480546
v -0.21861524 -5.99346081 9.44312806
v -0.17201768 -5.99346081 9.44883319
v -0.18761784 -5.99346081 9.44715504
v -0.18782075 -5.99346081 9.44782645
v -0.20342090 -5.99346081 9.44614829
v -0.21902106 -5.99346081 9.44447089
v -0.20362381 -5.99346081 9.44681971
v -0.21922397 -5.99346081 9.44514231
v -0.21942688 -5.99346081 9.44581372
v -0.23502704 -5.99346081 9.44413556
v -0.25062720 -5.99346081 9.44245740
v -0.23482413 -5.99346081 9.44346414
v -0.25042429 -5.99346081 9.44178598
v -0.26622736 -5.99346081 9.44077924
v -0.28182752 -5.99346081 9.43910184
v -0.23441831 -5.99346081 9.44212131
v -0.25001846 -5.99346081 9.44044315
v -0.25022138 -5.99346081 9.44111456
v -0.26582154 -5.99346081 9.43943641
v -0.28142170 -5.99346081 9.43775901
v -0.26602445 -5.99346081 9.44010782
v -0.28162461 -5.99346081 9.43843042
v -0.29742768 -5.99346081 9.43742368
v -0.31302784 -5.99346081 9.43574551
v -0.29722477 -5.99346081 9.43675226
v -0.31282492 -5.99346081 9.43507410
v -0.32862799 -5.99346081 9.43406736
v -0.34422816 -5.99346081 9.43238996
v -0.20321799 -5.99346081 9.44547687
v -0.23462122 -5.99346081 9.44279273
v -0.21881815 -5.99346081 9.44379947
v -0.35962540 -5.99346081 9.43004038
v -0.37481974 -5.99346081 9.42702091
v -0.37502265 -5.99346081 9.42769156
v -0.39021699 -5.99346081 9.42467133
v -0.40541135 -5.99346081 9.42165185
v -0.39041990 -5.99346081 9.42534274
v -0.40561426 -5.99346081 9.42232251
v -0.40581717 -5.99346081 9.42299393
v -0.42101151 -5.99346081 9.41997369
v -0.43620584 -5.99346081 9.41695346
v -0.42080860 -5.99346081 9.41930228
v -0.43600293 -5.99346081 9.41628280
v -0.45140018 -5.99346081 9.41393322
v -0.46659452 -5.99346081 9.41091375
v -0.42121442 -5.99346081 9.42064435
v -0.43640876 -5.99346081 9.41762488
v -0.43661167 -5.99346081 9.41829553
v -0.45180600 -5.99346081 9.41527530
v -0.46700034 -5.99346081 9.41225583
v -0.45200891 -5.99346081 9.41594671
v -0.46720325 -5.99346081 9.41292648
v -0.46740617 -5.99346081 9.41359790
v -0.48260050 -5.99346081 9.41057766
v -0.49779484 -5.99346081 9.40755743
v -0.48239759 -5.99346081 9.40990625
v -0.49759193 -5.99346081 9.40688678
v -0.51298917 -5.99346081 9.40453720
v -0.52818351 -5.99346081 9.40151772
v -0.48199177 -5.99346081 9.40856417
v -0.49718610 -5.99346081 9.40554470
v -0.49738901 -5.99346081 9.40621535
v -0.51258335 -5.99346081 9.40319512
v -0.52777769 -5.99346081 9.40017565
v -0.51278627 -5.99346081 9.40386654
v -0.52798060 -5.99346081 9.40084630
v -0.54337785 -5.99346081 9.39849749
v -0.55857218 -5.99346081 9.39547725
v -0.54317494 -5.99346081 9.39782607
v -0.55836927 -5.99346081 9.39480660
v -0.57376652 -5.99346081 9.39245702
v -0.58896086 -5.99346081 9.38943755
v -0.45160310 -5.99346081 9.41460464
v -0.48219468 -5.99346081 9.40923559
v -0.46679743 -5.99346081 9.41158440
v -0.60395238 -5.99346081 9.38574590
v -0.61874090 -5.99346081 9.38138359
v -0.61894390 -5.99346081 9.38205501
v -0.63373241 -5.99346081 9.37769194
v -0.64852093 -5.99346081 9.37332964
v -0.63393542 -5.99346081 9.37836336
v -0.64872393 -5.99346081 9.37400105
v -0.64892694 -5.99346081 9.37467247
v -0.66371546 -5.99346081 9.37030940
v -0.67850397 -5.99346081 9.36594709
v -0.66351245 -5.99346081 9.36963875
v -0.67830096 -5.99346081 9.36527568
v -0.69329249 -5.99346081 9.36158479
v -0.70808100 -5.99346081 9.35722249
v -0.66391846 -5.99346081 9.37098082
v -0.67870697 -5.99346081 9.36661851
v -0.67890998 -5.99346081 9.36728993
v -0.69369850 -5.99346081 9.36292686
v -0.70848701 -5.99346081 9.35856456
v -0.69390150 -5.99346081 9.36359828
v -0.70869002 -5.99346081 9.35923597
v -0.70889303 -5.99346081 9.35990739
v -0.72368154 -5.99346081 9.35554432
v -0.73847005 -5.99346081 9.35118201
v -0.72347853 -5.99346081 9.35487367
v -0.73826705 -5.99346081 9.35051060
v -0.75325857 -5.99346081 9.34681971
v -0.76804708 -5.99346081 9.34245741
v -0.72307252 -5.99346081 9.35353083
v -0.73786104 -5.99346081 9.34916853
v -0.73806404 -5.99346081 9.34983994
v -0.75285255 -5.99346081 9.34547688
v -0.76764107 -5.99346081 9.34111457
v -0.75305556 -5.99346081 9.34614830
v -0.76784408 -5.99346081 9.34178599
v -0.78283560 -5.99346081 9.33809434
v -0.79762411 -5.99346081 9.33373203
v -0.78263259 -5.99346081 9.33742368
v -0.79742110 -5.99346081 9.33306062
v -0.81241263 -5.99346081 9.32936973
v -0.82720114 -5.99346081 9.32500742
v -0.69349549 -5.99346081 9.36225621
v -0.72327552 -5.99346081 9.35420225
v -0.70828401 -5.99346081 9.35789314
v -0.84178674 -5.99346081 9.31997370
v -0.85616953 -5.99346081 9.31426856
v -0.85637244 -5.99346081 9.31493997
v -0.87075513 -5.99346081 9.30923560
v -0.88513792 -5.99346081 9.30353046
v -0.87095804 -5.99346081 9.30990625
v -0.88534083 -5.99346081 9.30420187
v -0.88554374 -5.99346081 9.30487329
v -0.89992643 -5.99346081 9.29916815
v -0.91430922 -5.99346081 9.29346377
v -0.89972352 -5.99346081 9.29849673
v -0.91410631 -5.99346081 9.29279236
v -0.92869191 -5.99346081 9.28775863
v -0.94307470 -5.99346081 9.28205426
v -0.90012935 -5.99346081 9.29983957
v -0.91451213 -5.99346081 9.29413443
v -0.91471505 -5.99346081 9.29480584
v -0.92909774 -5.99346081 9.28910146
v -0.94348052 -5.99346081 9.28339633
v -0.92930064 -5.99346081 9.28977212
v -0.94368343 -5.99346081 9.28406774
v -0.94388634 -5.99346081 9.28473916
v -0.95826903 -5.99346081 9.27903402
v -0.97265182 -5.99346081 9.27332964
v -0.95806612 -5.99346081 9.27836260
v -0.97244891 -5.99346081 9.27265823
v -0.98703451 -5.99346081 9.26762450
v -1.00141730 -5.99346081 9.26192013
v -0.95766030 -5.99346081 9.27702053
v -0.97204309 -5.99346081 9.27131539
v -0.97224600 -5.99346081 9.27198681
v -0.98662870 -5.99346081 9.26628243
v -1.00101148 -5.99346081 9.26057729
v -0.98683160 -5.99346081 9.26695308
v -1.00121439 -5.99346081 9.26124870
v -1.01579999 -5.99346081 9.25621498
v -1.03018278 -5.99346081 9.25051060
v -1.01559708 -5.99346081 9.25554357
v -1.02997987 -5.99346081 9.24983919
v -1.04456547 -5.99346081 9.24480547
v -1.05894826 -5.99346081 9.23910109
v -0.92889483 -5.99346081 9.28843005
v -0.95786322 -5.99346081 9.27769195
v -0.94327761 -5.99346081 9.28272491
v -1.07312814 -5.99346081 9.23272529
v -1.08710500 -5.99346081 9.22567808
v -1.08730801 -5.99346081 9.22634949
v -1.10128488 -5.99346081 9.21930229
v -1.11526184 -5.99346081 9.21225507
v -1.10148789 -5.99346081 9.21997370
v -1.11546475 -5.99346081 9.21292649
v -1.11566776 -5.99346081 9.21359791
v -1.12964463 -5.99346081 9.20655069
v -1.14362159 -5.99346081 9.19950348
v -1.12944172 -5.99346081 9.20587928
v -1.14341859 -5.99346081 9.19883206
v -1.15759847 -5.99346081 9.19245627
v -1.17157543 -5.99346081 9.18540982
v -1.12984764 -5.99346081 9.20722211
v -1.14382451 -5.99346081 9.20017490
v -1.14402752 -5.99346081 9.20084631
v -1.15800438 -5.99346081 9.19379910
v -1.17198135 -5.99346081 9.18675189
v -1.15820739 -5.99346081 9.19447052
v -1.17218426 -5.99346081 9.18742331
v -1.17238727 -5.99346081 9.18809473
v -1.18636413 -5.99346081 9.18104751
v -1.20034110 -5.99346081 9.17400030
v -1.18616122 -5.99346081 9.18037610
v -1.20013810 -5.99346081 9.17332888
v -1.21431797 -5.99346081 9.16695309
v -1.22829494 -5.99346081 9.15990664
v -1.18575531 -5.99346081 9.17903403
v -1.19973217 -5.99346081 9.17198681
v -1.19993518 -5.99346081 9.17265823
v -1.21391205 -5.99346081 9.16561102
v -1.22788901 -5.99346081 9.15856381
v -1.21411506 -5.99346081 9.16628243
v -1.22809193 -5.99346081 9.15923522
v -1.24227180 -5.99346081 9.15285942
v -1.25624877 -5.99346081 9.14581221
v -1.24206889 -5.99346081 9.15218801
v -1.25604576 -5.99346081 9.14514080
v -1.27022564 -5.99346081 9.13876501
v -1.28420260 -5.99346081 9.13171856
v -1.15780147 -5.99346081 9.19312768
v -1.18595822 -5.99346081 9.17970468
v -1.17177834 -5.99346081 9.18608048
v -1.29797665 -5.99346081 9.12399993
v -1.32385460 -5.99346081 9.10673741
v -1.31175071 -5.99346081 9.11628206
v -1.33762865 -5.99346081 9.09901955
v -1.36350670 -5.99346081 9.08175704
v -1.32552476 -5.99346081 9.10856343
v -1.35140271 -5.99346081 9.09130092
v -1.33929882 -5.99346081 9.10084556
v -1.36517676 -5.99346081 9.08358305
v -1.39105480 -5.99346081 9.06632055
v -1.37728075 -5.99346081 9.07403918
v -1.40315870 -5.99346081 9.05677666
v -1.41693275 -5.99346081 9.04905803
v -1.44281080 -5.99346081 9.03179629
v -1.35307287 -5.99346081 9.09312693
v -1.37895082 -5.99346081 9.07586442
v -1.36684692 -5.99346081 9.08540906
v -1.39272487 -5.99346081 9.06814656
v -1.41860291 -5.99346081 9.05088405
v -1.38062098 -5.99346081 9.07769043
v -1.40649892 -5.99346081 9.06042793
v -1.43237697 -5.99346081 9.04316618
v -1.45825491 -5.99346081 9.02590367
v -1.45658485 -5.99346081 9.02407766
v -1.48246280 -5.99346081 9.00681516
v -1.47035890 -5.99346081 9.01635980
v -1.49623685 -5.99346081 8.99909729
v -1.52211489 -5.99346081 8.98183478
v -1.48413295 -5.99346081 9.00864117
v -1.51001090 -5.99346081 8.99137866
v -1.53588895 -5.99346081 8.97411691
v -1.56176689 -5.99346081 8.95685441
v -1.40482885 -5.99346081 9.05860268
v -1.44448086 -5.99346081 9.03362154
v -1.43070680 -5.99346081 9.04134017
v -1.64437206 -5.99346081 8.89041917
v -1.66731589 -5.99346081 8.87084671
v -1.68732523 -5.99346081 8.84896431
v -1.69025953 -5.99346081 8.85127426
v -1.71320336 -5.99346081 8.83170180
v -1.73321269 -5.99346081 8.80981940
v -1.71026906 -5.99346081 8.82939185
v -1.73027839 -5.99346081 8.80750944
v -1.75322222 -5.99346081 8.78793699
v -1.77323156 -5.99346081 8.76605458
v -1.73614701 -5.99346081 8.81212935
v -1.75909084 -5.99346081 8.79255689
v -1.77910017 -5.99346081 8.77067448
v -1.78203447 -5.99346081 8.77298443
v -1.80204400 -5.99346081 8.75110202
v -1.82205334 -5.99346081 8.72921962
v -1.79617539 -5.99346081 8.74648213
v -1.81618472 -5.99346081 8.72459972
v -1.81911903 -5.99346081 8.72690967
v -1.83912855 -5.99346081 8.70502726
v -1.85913789 -5.99346081 8.68314486
v -1.84206286 -5.99346081 8.70733721
v -1.86207219 -5.99346081 8.68545481
v -1.88208172 -5.99346081 8.66357240
v -1.90209105 -5.99346081 8.64169000
v -1.75615653 -5.99346081 8.79024694
v -1.79910969 -5.99346081 8.74879208
v -1.77616586 -5.99346081 8.76836453
v -1.97626016 -5.99346081 8.54954048
v -1.99333539 -5.99346081 8.52534812
v -2.00747611 -5.99346081 8.49884582
v -2.01041041 -5.99346081 8.50115577
v -2.02748544 -5.99346081 8.47696341
v -2.04162635 -5.99346081 8.45046111
v -2.02455133 -5.99346081 8.47465346
v -2.03869205 -5.99346081 8.44815116
v -2.05576726 -5.99346081 8.42395880
v -2.06990799 -5.99346081 8.39745650
v -2.04456047 -5.99346081 8.45277106
v -2.06163569 -5.99346081 8.42857870
v -2.07577641 -5.99346081 8.40207640
v -2.07871072 -5.99346081 8.40438635
v -2.09285163 -5.99346081 8.37788404
v -2.10699235 -5.99346081 8.35138174
v -2.08698321 -5.99346081 8.37326414
v -2.10112393 -5.99346081 8.34676184
v -2.10405824 -5.99346081 8.34907179
v -2.11819915 -5.99346081 8.32256948
v -2.13233987 -5.99346081 8.29606718
v -2.12113327 -5.99346081 8.32487944
v -2.13527418 -5.99346081 8.29837713
v -2.14941509 -5.99346081 8.27187483
v -2.16355581 -5.99346081 8.24537253
v -2.05870138 -5.99346081 8.42626876
v -2.08991732 -5.99346081 8.37557410
v -2.07284230 -5.99346081 8.39976645
v -2.08910587 -5.99346081 7.11176514
v -2.10031229 -5.99346081 7.08295289
v -1.98343980 -5.99346081 6.02885318
v -2.11151889 -5.99346081 7.05414064
v -2.12272531 -5.99346081 7.02532838
v -2.00585282 -5.99346081 5.97122868
v -1.99464640 -5.99346081 6.00004093
v -1.87777391 -5.99346081 4.94594084
v -1.88898032 -5.99346081 4.91712859
v -1.77210783 -5.99346081 3.86302888
v -2.13393192 -5.99346081 6.99651613
v -2.14513834 -5.99346081 6.96770388
v -2.02826584 -5.99346081 5.91360417
v -2.15634494 -5.99346081 6.93889162
v -2.03947245 -5.99346081 5.88479192
v -1.92259995 -5.99346081 4.83069183
v -1.78331444 -5.99346081 3.83421663
v -1.66644194 -5.99346081 2.78011654
v -1.79452085 -5.99346081 3.80540437
v -1.67764836 -5.99346081 2.75130428
v -1.56077596 -5.99346081 1.69720439
v -1.80572746 -5.99346081 3.77659212
v -1.68885497 -5.99346081 2.72249203
v -1.57198247 -5.99346081 1.66839214
v -1.45510998 -5.99346081 0.61429214
v -2.01705942 -5.99346081 5.94241642
v -1.91139335 -5.99346081 4.85950408
v -1.90018693 -5.99346081 4.88831633
v 0.87562829 -5.99346081 -0.84845566
v -0.15150103 -5.99346081 -1.61486933
v 0.43960404 -5.99346081 -1.22829122
v -1.17863036 -5.99346081 -2.38128319
v -2.20575964 -5.99346081 -3.14769706
v -1.61465461 -5.99346081 -2.76111875
v -0.58752529 -5.99346081 -1.99470508
v 0.00357980 -5.99346081 -1.60812678
v -1.02354949 -5.99346081 -2.37454064
v -0.43244446 -5.99346081 -1.98796233
v -3.23288892 -5.99346081 -3.91411092
v -4.26001838 -5.99346081 -4.68052478
v -3.66891336 -5.99346081 -4.29394628
v -5.28714786 -5.99346081 -5.44693827
v -4.69604245 -5.99346081 -5.06036015
v -4.10493742 -5.99346081 -4.67378204
v -1.45957374 -5.99346081 -2.75437619
v -0.86846872 -5.99346081 -2.36779788
v -2.48670311 -5.99346081 -3.52079005
v -1.89559808 -5.99346081 -3.13421156
v -1.30449296 -5.99346081 -2.74763344
v -3.51383239 -5.99346081 -4.28720391
v -2.92272736 -5.99346081 -3.90062542
v -2.33162234 -5.99346081 -3.51404730
v -1.74051712 -5.99346081 -3.12746919
v -2.64178389 -5.99346081 -3.52753242
v -3.07780814 -5.99346081 -3.90736817
v -2.05067886 -5.99346081 -3.14095431
v 2.14737355 -5.99346081 -2.05902546
v 2.74746879 -5.99346081 -2.44560377
v 2.15599699 -5.99346081 -0.61074638
v 3.34756421 -5.99346081 -2.83218189
v 3.94765944 -5.99346081 -3.21876020
v 3.35618746 -5.99346081 -1.38390280
v 2.75609223 -5.99346081 -0.99732459
v 2.16462043 -5.99346081 0.83753281
v 2.76471567 -5.99346081 0.45095457
v 2.17324388 -5.99346081 2.28581199
v 4.54775468 -5.99346081 -3.60533831
v 5.14785029 -5.99346081 -3.99191681
v 4.55637831 -5.99346081 -2.15705923
v 5.74794552 -5.99346081 -4.37849492
v 5.15647354 -5.99346081 -2.54363753
v 4.56500156 -5.99346081 -0.70878013
v 2.77333911 -5.99346081 1.89923368
v 2.18186732 -5.99346081 3.73409126
v 3.37343434 -5.99346081 1.51265547
v 2.78196255 -5.99346081 3.34751277
v 2.19049076 -5.99346081 5.18237035
v 3.97352996 -5.99346081 1.12607726
v 3.38205797 -5.99346081 2.96093465
v 2.79058599 -5.99346081 4.79579224
v 2.19911421 -5.99346081 6.63064944
v 3.95628307 -5.99346081 -1.77048110
v 3.96490633 -5.99346081 -0.32220188
v 3.36481109 -5.99346081 0.06437635
v 2.18095431 -5.99346081 8.13099688
v 2.16902980 -5.99346081 8.15809211
v 2.15417099 -5.99346081 8.18306486
v 2.15710529 -5.99346081 8.18518733
v 2.14518077 -5.99346081 8.21228332
v 2.13032196 -5.99346081 8.23725607
v 2.14224647 -5.99346081 8.21016009
v 2.12738765 -5.99346081 8.23513284
v 2.11546314 -5.99346081 8.26222882
v 2.10060432 -5.99346081 8.28720158
v 2.13325626 -5.99346081 8.23937854
v 2.12133175 -5.99346081 8.26647377
v 2.10647293 -5.99346081 8.29144652
v 2.10940724 -5.99346081 8.29356899
v 2.09454842 -5.99346081 8.31854175
v 2.07968960 -5.99346081 8.34351450
v 2.08867981 -5.99346081 8.31429680
v 2.07382099 -5.99346081 8.33926955
v 2.07675529 -5.99346081 8.34139203
v 2.06189648 -5.99346081 8.36636478
v 2.04703766 -5.99346081 8.39133753
v 2.06483078 -5.99346081 8.36848725
v 2.04997196 -5.99346081 8.39346001
v 2.03511314 -5.99346081 8.41843276
v 2.02025432 -5.99346081 8.44340551
v 2.11839745 -5.99346081 8.26435130
v 2.09161412 -5.99346081 8.31641927
v 2.10353863 -5.99346081 8.28932405
v 1.95495044 -5.99346081 8.53905159
v 1.93715750 -5.99346081 8.56190187
v 1.91643007 -5.99346081 8.58262892
v 1.91936438 -5.99346081 8.58475139
v 1.90157144 -5.99346081 8.60760167
v 1.88084401 -5.99346081 8.62832949
v 1.89863695 -5.99346081 8.60547920
v 1.87790952 -5.99346081 8.62620625
v 1.86011658 -5.99346081 8.64905654
v 1.83938916 -5.99346081 8.66978434
v 1.88377832 -5.99346081 8.63045195
v 1.86598538 -5.99346081 8.65330224
v 1.84525795 -5.99346081 8.67402929
v 1.84819226 -5.99346081 8.67615176
v 1.82746483 -5.99346081 8.69687957
v 1.80673740 -5.99346081 8.71760662
v 1.82159603 -5.99346081 8.69263387
v 1.80086860 -5.99346081 8.71336168
v 1.80380309 -5.99346081 8.71548415
v 1.78307566 -5.99346081 8.73621196
v 1.76234823 -5.99346081 8.75693901
v 1.78600997 -5.99346081 8.73833443
v 1.76528254 -5.99346081 8.75906148
v 1.74455510 -5.99346081 8.77978929
v 1.72382767 -5.99346081 8.80051634
v 1.86305089 -5.99346081 8.65117900
v 1.82453052 -5.99346081 8.69475710
v 1.84232346 -5.99346081 8.67190682
v 1.63534618 -5.99346081 8.87910263
v 1.61168445 -5.99346081 8.89770797
v 1.58538495 -5.99346081 8.91411158
v 1.58802280 -5.99346081 8.91631255
v 1.56436116 -5.99346081 8.93491713
v 1.53806167 -5.99346081 8.95132150
v 1.56172331 -5.99346081 8.93271616
v 1.53542382 -5.99346081 8.94912053
v 1.51176218 -5.99346081 8.96772511
v 1.48546269 -5.99346081 8.98412949
v 1.54069952 -5.99346081 8.95352171
v 1.51703787 -5.99346081 8.97212705
v 1.49073839 -5.99346081 8.98853066
v 1.49337623 -5.99346081 8.99073163
v 1.46707675 -5.99346081 9.00713524
v 1.44077726 -5.99346081 9.02353962
v 1.46180105 -5.99346081 9.00273407
v 1.43550157 -5.99346081 9.01913768
v 1.43813941 -5.99346081 9.02133864
v 1.41183992 -5.99346081 9.03774302
v 1.38554044 -5.99346081 9.05414663
v 1.41447776 -5.99346081 9.03994323
v 1.38817828 -5.99346081 9.05634760
v 1.36187879 -5.99346081 9.07275121
v 1.33557930 -5.99346081 9.08915559
v 1.51440003 -5.99346081 8.96992609
v 1.46443890 -5.99346081 9.00493503
v 1.48810054 -5.99346081 8.98632970
v 1.23074059 -5.99346081 9.14888732
v 1.20358278 -5.99346081 9.16262203
v 1.17586301 -5.99346081 9.17361011
v 1.17642496 -5.99346081 9.17635674
v 1.14926715 -5.99346081 9.19009221
v 1.12154738 -5.99346081 9.20108028
v 1.14870519 -5.99346081 9.18734481
v 1.12098543 -5.99346081 9.19833289
v 1.09382761 -5.99346081 9.21206836
v 1.06610784 -5.99346081 9.22305643
v 1.12210934 -5.99346081 9.20382692
v 1.09495153 -5.99346081 9.21756163
v 1.06723176 -5.99346081 9.22854970
v 1.06779372 -5.99346081 9.23129634
v 1.04007394 -5.99346081 9.24228441
v 1.01235417 -5.99346081 9.25327248
v 1.03895003 -5.99346081 9.23679114
v 1.01123025 -5.99346081 9.24777921
v 1.01179222 -5.99346081 9.25052585
v 0.98407244 -5.99346081 9.26151392
v 0.95635267 -5.99346081 9.27250199
v 0.98463441 -5.99346081 9.26426055
v 0.95691463 -5.99346081 9.27524863
v 0.92919486 -5.99346081 9.28623670
v 0.90147509 -5.99346081 9.29722477
v 1.09438957 -5.99346081 9.21481499
v 1.03951199 -5.99346081 9.23953777
v 1.06666980 -5.99346081 9.22580306
v 0.78947237 -5.99346081 9.33568303
v 0.76119073 -5.99346081 9.34392446
v 0.73234724 -5.99346081 9.34941850
v 0.73290910 -5.99346081 9.35216514
v 0.70462746 -5.99346081 9.36040657
v 0.67578396 -5.99346081 9.36590061
v 0.70406560 -5.99346081 9.35765917
v 0.67522210 -5.99346081 9.36315321
v 0.64694047 -5.99346081 9.37139465
v 0.61809696 -5.99346081 9.37688868
v 0.67634583 -5.99346081 9.36864724
v 0.64806419 -5.99346081 9.37688868
v 0.61922069 -5.99346081 9.38238272
v 0.61978256 -5.99346081 9.38512936
v 0.59093906 -5.99346081 9.39062339
v 0.56209556 -5.99346081 9.39611743
v 0.58981533 -5.99346081 9.38512936
v 0.56097183 -5.99346081 9.39062339
v 0.56153369 -5.99346081 9.39337079
v 0.53269019 -5.99346081 9.39886482
v 0.50384669 -5.99346081 9.40435887
v 0.53325206 -5.99346081 9.40161146
v 0.50440856 -5.99346081 9.40710550
v 0.47556506 -5.99346081 9.41259953
v 0.44672156 -5.99346081 9.41809357
v 0.64750233 -5.99346081 9.37414128
v 0.59037719 -5.99346081 9.38787675
v 0.61865883 -5.99346081 9.37963531
v 0.32927160 -5.99346081 9.43458330
v 0.29986614 -5.99346081 9.43732994
v 0.26894675 -5.99346081 9.43733832
v 0.27046069 -5.99346081 9.44007734
v 0.24105522 -5.99346081 9.44282398
v 0.21013584 -5.99346081 9.44283160
v 0.23954129 -5.99346081 9.44008496
v 0.20862191 -5.99346081 9.44009258
v 0.17921644 -5.99346081 9.44283922
v 0.14829705 -5.99346081 9.44284760
v 0.21164976 -5.99346081 9.44557061
v 0.18224430 -5.99346081 9.44831725
v 0.15132490 -5.99346081 9.44832563
v 0.15283884 -5.99346081 9.45106464
v 0.12191945 -5.99346081 9.45107227
v 0.09100006 -5.99346081 9.45107989
v 0.11889159 -5.99346081 9.44559424
v 0.08797221 -5.99346081 9.44560186
v 0.08948613 -5.99346081 9.44834087
v 0.05856675 -5.99346081 9.44834849
v 0.02764736 -5.99346081 9.44835688
v 0.06008068 -5.99346081 9.45108751
v 0.02916129 -5.99346081 9.45109589
v -0.00175810 -5.99346081 9.45110351
v -0.03267748 -5.99346081 9.45111113
v 0.18073037 -5.99346081 9.44557823
v 0.12040552 -5.99346081 9.44833325
v 0.14981098 -5.99346081 9.44558662
v -0.15499714 -5.99346081 9.44581220
v -0.18640038 -5.99346081 9.44312806
v -0.21699195 -5.99346081 9.43775901
v -0.21780359 -5.99346081 9.44044315
v -0.24920682 -5.99346081 9.43775901
v -0.27979841 -5.99346081 9.43238996
v -0.24839517 -5.99346081 9.43507410
v -0.27898676 -5.99346081 9.42970505
v -0.31038999 -5.99346081 9.42702091
v -0.34098158 -5.99346081 9.42165185
v -0.28061005 -5.99346081 9.43507410
v -0.31201328 -5.99346081 9.43238996
v -0.34260487 -5.99346081 9.42702091
v -0.34341651 -5.99346081 9.42970505
v -0.37400809 -5.99346081 9.42433600
v -0.40459971 -5.99346081 9.41896695
v -0.37238480 -5.99346081 9.41896695
v -0.40297642 -5.99346081 9.41359790
v -0.40378806 -5.99346081 9.41628280
v -0.43437964 -5.99346081 9.41091375
v -0.46497123 -5.99346081 9.40554470
v -0.43519129 -5.99346081 9.41359790
v -0.46578288 -5.99346081 9.40822885
v -0.49637446 -5.99346081 9.40285980
v -0.52696605 -5.99346081 9.39749075
v -0.31120163 -5.99346081 9.42970505
v -0.37319645 -5.99346081 9.42165185
v -0.34179322 -5.99346081 9.42433600
v -0.64770928 -5.99346081 9.37064549
v -0.67748932 -5.99346081 9.36259154
v -0.70645771 -5.99346081 9.35185343
v -0.70726935 -5.99346081 9.35453758
v -0.73704939 -5.99346081 9.34648362
v -0.76601778 -5.99346081 9.33574552
v -0.73623775 -5.99346081 9.34379948
v -0.76520614 -5.99346081 9.33306138
v -0.79498617 -5.99346081 9.32500742
v -0.82395456 -5.99346081 9.31426932
v -0.76682942 -5.99346081 9.33843043
v -0.79660946 -5.99346081 9.33037647
v -0.82557785 -5.99346081 9.31963837
v -0.82638949 -5.99346081 9.32232252
v -0.85535789 -5.99346081 9.31158442
v -0.88432628 -5.99346081 9.30084631
v -0.85373459 -5.99346081 9.30621536
v -0.88270299 -5.99346081 9.29547726
v -0.88351463 -5.99346081 9.29816141
v -0.91248302 -5.99346081 9.28742331
v -0.94145141 -5.99346081 9.27668521
v -0.91329466 -5.99346081 9.29010745
v -0.94226305 -5.99346081 9.27936935
v -0.97123144 -5.99346081 9.26863125
v -1.00019984 -5.99346081 9.25789315
v -0.79579781 -5.99346081 9.32769157
v -0.85454624 -5.99346081 9.30889951
v -0.82476620 -5.99346081 9.31695347
v -1.12675710 -5.99346081 9.20069771
v -1.15491385 -5.99346081 9.18727470
v -1.19456594 -5.99346081 9.16229432
v -1.18307069 -5.99346081 9.17385169
v -1.21122743 -5.99346081 9.16042868
v -1.25087953 -5.99346081 9.13544831
v -1.22272269 -5.99346081 9.14887131
v -1.26237478 -5.99346081 9.12389094
v -1.29053153 -5.99346081 9.11046793
v -1.33018363 -5.99346081 9.08548756
v -1.23938427 -5.99346081 9.14700644
v -1.26754101 -5.99346081 9.13358343
v -1.30719311 -5.99346081 9.10860306
v -1.29569786 -5.99346081 9.12016042
v -1.33534986 -5.99346081 9.09518005
v -1.37500195 -5.99346081 9.07019967
v -1.35834037 -5.99346081 9.07206455
v -1.39799247 -5.99346081 9.04708418
v -1.38649721 -5.99346081 9.05864154
v -1.42614921 -5.99346081 9.03366117
v -1.46580131 -5.99346081 9.00868079
v -1.41465395 -5.99346081 9.04521854
v -1.45430605 -5.99346081 9.02023816
v -1.49395805 -5.99346081 8.99525779
v -1.53361014 -5.99346081 8.97027741
v -1.27903627 -5.99346081 9.12202530
v -1.34684511 -5.99346081 9.08362192
v -1.31868837 -5.99346081 9.09704492
v -1.67558800 -5.99346081 8.83972451
v -1.71854117 -5.99346081 8.79826965
v -1.74975710 -5.99346081 8.74757499
v -1.76149433 -5.99346081 8.75681479
v -1.80444750 -5.99346081 8.71535992
v -1.83566344 -5.99346081 8.66466526
v -1.79271027 -5.99346081 8.70612013
v -1.82392622 -5.99346081 8.65542547
v -1.86687938 -5.99346081 8.61397060
v -1.89809532 -5.99346081 8.56327595
v -1.84740066 -5.99346081 8.67390506
v -1.89035383 -5.99346081 8.63245020
v -1.92156978 -5.99346081 8.58175554
v -1.93330699 -5.99346081 8.59099534
v -1.96452294 -5.99346081 8.54030068
v -1.99573888 -5.99346081 8.48960602
v -1.94104849 -5.99346081 8.52182109
v -1.97226443 -5.99346081 8.47112643
v -1.98400165 -5.99346081 8.48036622
v -2.01521760 -5.99346081 8.42967156
v -2.04643354 -5.99346081 8.37897691
v -2.02695482 -5.99346081 8.43891136
v -2.05817077 -5.99346081 8.38821670
v -2.08938671 -5.99346081 8.33752204
v -2.12060264 -5.99346081 8.28682738
v -1.87861661 -5.99346081 8.62321041
v -1.95278571 -5.99346081 8.53106088
v -1.90983255 -5.99346081 8.57251575
v -1.92278724 -5.99346081 7.72759333
v -1.81712135 -5.99346081 6.64468137
v -1.65080273 -5.99346081 7.26050956
v -1.71145527 -5.99346081 5.56176903
v -1.60578939 -5.99346081 4.47885707
v -1.43947086 -5.99346081 5.09468488
v -1.54513684 -5.99346081 6.17759722
v -1.37881830 -5.99346081 6.79342503
v -1.27315232 -5.99346081 5.71051307
v -1.10683379 -5.99346081 6.32634126
v -1.50012341 -5.99346081 3.39594473
v -1.39445743 -5.99346081 2.31303258
v -1.22813889 -5.99346081 2.92886058
v -1.28879144 -5.99346081 1.23012033
v -1.18312546 -5.99346081 0.14720810
v -1.01680693 -5.99346081 0.76303623
v -1.12247291 -5.99346081 1.84594842
v -0.95615438 -5.99346081 2.46177662
v -0.85048840 -5.99346081 1.37886437
v -0.68416986 -5.99346081 1.99469246
v -1.00116781 -5.99346081 5.24342930
v -0.83484927 -5.99346081 5.85925710
v -0.89550182 -5.99346081 4.16051696
v -0.72918329 -5.99346081 4.77634515
v -0.56286476 -5.99346081 5.39217334
v -0.78983584 -5.99346081 3.07760481
v -0.62351731 -5.99346081 3.69343281
v -0.51785133 -5.99346081 2.61052065
v -0.35153277 -5.99346081 3.22634884
v -0.45719878 -5.99346081 4.30926100
v -0.29088022 -5.99346081 4.92508919
v -0.18521425 -5.99346081 3.84217684
v -0.01889571 -5.99346081 4.45800503
v -1.33380487 -5.99346081 4.01177292
v -1.06182036 -5.99346081 3.54468877
v -1.16748634 -5.99346081 4.62760111
v 1.41503973 -5.99346081 -0.84845566
v 0.97901548 -5.99346081 -1.22829122
v 1.51842691 -5.99346081 -1.22829122
v 0.54299122 -5.99346081 -1.60812678
v 0.10696698 -5.99346081 -1.98796233
v 0.64637841 -5.99346081 -1.98796233
v 1.08240266 -5.99346081 -1.60812678
v 1.62181419 -5.99346081 -1.60812678
v 1.18578984 -5.99346081 -1.98796233
v 1.72520137 -5.99346081 -1.98796233
v -0.32905725 -5.99346081 -2.36779788
v -0.76508153 -5.99346081 -2.74763344
v -0.22567007 -5.99346081 -2.74763344
v -1.20110578 -5.99346081 -3.12746919
v -1.63712993 -5.99346081 -3.50730455
v -1.09771860 -5.99346081 -3.50730455
v -0.66169434 -5.99346081 -3.12746919
v -0.12228290 -5.99346081 -3.12746919
v -0.55830716 -5.99346081 -3.50730455
v -0.01889571 -5.99346081 -3.50730455
v 1.28917703 -5.99346081 -2.36779788
v 1.82858856 -5.99346081 -2.36779788
v 0.85315278 -5.99346081 -2.74763344
v 1.39256421 -5.99346081 -2.74763344
v 1.93197574 -5.99346081 -2.74763344
v 0.41712853 -5.99346081 -3.12746919
v 0.95653996 -5.99346081 -3.12746919
v 0.52051571 -5.99346081 -3.50730455
v 1.05992714 -5.99346081 -3.50730455
v 1.49595140 -5.99346081 -3.12746919
v 2.03536293 -5.99346081 -3.12746919
v 1.59933858 -5.99346081 -3.50730455
v 0.21035418 -5.99346081 -2.36779788
v 0.31374136 -5.99346081 -2.74763344
v 0.74976560 -5.99346081 -2.36779788
v 2.12059022 -5.99346081 -2.00695730
v 2.12921366 -5.99346081 -0.55867821
v 2.10243033 -5.99346081 -0.50661005
v 2.13783711 -5.99346081 0.88960097
v 2.14646055 -5.99346081 2.33788016
v 2.11967721 -5.99346081 2.38994832
v 2.11105377 -5.99346081 0.94166914
v 2.08427044 -5.99346081 0.99373731
v 2.09289388 -5.99346081 2.44201649
v 2.06611055 -5.99346081 2.49408466
v 2.15508399 -5.99346081 3.78615924
v 2.16370743 -5.99346081 5.23443833
v 2.13692410 -5.99346081 5.28650669
v 2.17233087 -5.99346081 6.68271742
v 2.14554754 -5.99346081 6.73478539
v 2.11876421 -5.99346081 6.78685414
v 2.07473399 -5.99346081 3.94236393
v 2.04795066 -5.99346081 3.99443191
v 2.08335744 -5.99346081 5.39064302
v 2.05657410 -5.99346081 5.44271100
v 2.02979077 -5.99346081 5.49477936
v 2.09198088 -5.99346081 6.83892211
v 2.06519755 -5.99346081 6.89099009
v 2.03841422 -5.99346081 6.94305807
v 2.01163088 -5.99346081 6.99512681
v 2.12830066 -5.99346081 3.83822760
v 2.11014077 -5.99346081 5.33857467
v 2.10151732 -5.99346081 3.89029558
v 1.90498931 -5.99346081 8.57406053
v 1.86646894 -5.99346081 8.61763787
v 1.81650781 -5.99346081 8.65264682
v 1.82794839 -5.99346081 8.66121520
v 1.78942802 -5.99346081 8.70479253
v 1.73946689 -5.99346081 8.73980149
v 1.77798726 -5.99346081 8.69622416
v 1.72802613 -5.99346081 8.73123311
v 1.68950576 -5.99346081 8.77481044
v 1.63954463 -5.99346081 8.80981940
v 1.75090746 -5.99346081 8.74837063
v 1.71238710 -5.99346081 8.79194796
v 1.66242597 -5.99346081 8.82695692
v 1.67386655 -5.99346081 8.83552530
v 1.62390542 -5.99346081 8.87053425
v 1.57394428 -5.99346081 8.90554321
v 1.60102408 -5.99346081 8.85339673
v 1.55106295 -5.99346081 8.88840568
v 1.56250362 -5.99346081 8.89697406
v 1.51254248 -5.99346081 8.93198301
v 1.46258135 -5.99346081 8.96699197
v 1.52398315 -5.99346081 8.94055139
v 1.47402202 -5.99346081 8.97556035
v 1.42406089 -5.99346081 9.01056930
v 1.37409977 -5.99346081 9.04557826
v 1.70094633 -5.99346081 8.78337882
v 1.61246484 -5.99346081 8.86196511
v 1.65098521 -5.99346081 8.81838778
v 1.17361546 -5.99346081 9.16262203
v 1.11873787 -5.99346081 9.18734557
v 1.06161273 -5.99346081 9.20108028
v 1.06386028 -5.99346081 9.21206836
v 1.00898270 -5.99346081 9.23679114
v 0.95185757 -5.99346081 9.25052661
v 1.00673515 -5.99346081 9.22580306
v 0.94961002 -5.99346081 9.23953854
v 0.89473243 -5.99346081 9.26426132
v 0.83760730 -5.99346081 9.27799679
v 0.95410512 -5.99346081 9.26151392
v 0.89922754 -5.99346081 9.28623746
v 0.84210240 -5.99346081 9.29997217
v 0.84434995 -5.99346081 9.31096025
v 0.78722482 -5.99346081 9.32469496
v 0.73009969 -5.99346081 9.33843043
v 0.78272972 -5.99346081 9.30271957
v 0.72560458 -5.99346081 9.31645428
v 0.72785213 -5.99346081 9.32744236
v 0.67072699 -5.99346081 9.34117782
v 0.61360186 -5.99346081 9.35491253
v 0.67297454 -5.99346081 9.35216514
v 0.61584941 -5.99346081 9.36590061
v 0.55872428 -5.99346081 9.37963531
v 0.50159914 -5.99346081 9.39337079
v 0.89697999 -5.99346081 9.27524939
v 0.78497727 -5.99346081 9.31370765
v 0.83985485 -5.99346081 9.28898410
v 0.26727678 -5.99346081 9.42653010
v 0.20695194 -5.99346081 9.42928436
v 0.14495712 -5.99346081 9.42123117
v 0.14662708 -5.99346081 9.43203939
v 0.08630224 -5.99346081 9.43479364
v 0.02430742 -5.99346081 9.42674045
v 0.08463227 -5.99346081 9.42398543
v 0.02263745 -5.99346081 9.41593223
v -0.03768739 -5.99346081 9.41868649
v -0.09968221 -5.99346081 9.41063330
v 0.02597740 -5.99346081 9.43754866
v -0.03434745 -5.99346081 9.44030292
v -0.09634227 -5.99346081 9.43224972
v -0.09467230 -5.99346081 9.44305794
v -0.15666711 -5.99346081 9.43500398
v -0.21866191 -5.99346081 9.42695079
v -0.16000705 -5.99346081 9.41338755
v -0.22200186 -5.99346081 9.40533436
v -0.22033188 -5.99346081 9.41614257
v -0.28232670 -5.99346081 9.40808862
v -0.34432151 -5.99346081 9.40003543
v -0.28065673 -5.99346081 9.41889683
v -0.34265154 -5.99346081 9.41084364
v -0.40464638 -5.99346081 9.40278968
v -0.46664120 -5.99346081 9.39473649
v -0.03601742 -5.99346081 9.42949471
v -0.15833708 -5.99346081 9.42419577
v -0.09801223 -5.99346081 9.42144151
v -0.71551812 -5.99346081 9.33224211
v -0.77426655 -5.99346081 9.31345005
v -0.84207539 -5.99346081 9.27504667
v -0.83301498 -5.99346081 9.29465800
v -0.89176340 -5.99346081 9.27586594
v -0.95957224 -5.99346081 9.23746256
v -0.90082382 -5.99346081 9.25625462
v -0.96863266 -5.99346081 9.21785123
v -1.02738108 -5.99346081 9.19905918
v -1.09518992 -5.99346081 9.16065579
v -0.95051183 -5.99346081 9.25707388
v -1.00926025 -5.99346081 9.23828182
v -1.07706909 -5.99346081 9.19987844
v -1.06800867 -5.99346081 9.21948977
v -1.13581751 -5.99346081 9.18108638
v -1.20362635 -5.99346081 9.14268300
v -1.15393835 -5.99346081 9.14186373
v -1.22174719 -5.99346081 9.10346035
v -1.21268677 -5.99346081 9.12307167
v -1.28049562 -5.99346081 9.08466829
v -1.34830446 -5.99346081 9.04626491
v -1.27143520 -5.99346081 9.10427961
v -1.33924404 -5.99346081 9.06587623
v -1.40705288 -5.99346081 9.02747285
v -1.47486172 -5.99346081 8.98906947
v -1.01832067 -5.99346081 9.21867050
v -1.14487793 -5.99346081 9.16147506
v -1.08612951 -5.99346081 9.18026712
v -1.40360358 -5.99346081 8.37263998
v -1.47777269 -5.99346081 8.28049046
v -1.20578817 -5.99346081 7.81340669
v -1.55194179 -5.99346081 8.18834094
v -1.62611081 -5.99346081 8.09619142
v -1.35412639 -5.99346081 7.62910764
v -1.27995728 -5.99346081 7.72125717
v -1.00797276 -5.99346081 7.25417263
v -1.08214187 -5.99346081 7.16202312
v -0.81015736 -5.99346081 6.69493934
v -1.70027992 -5.99346081 8.00404189
v -1.77444902 -5.99346081 7.91189237
v -1.50246461 -5.99346081 7.44480861
v -1.84861813 -5.99346081 7.81974285
v -1.57663371 -5.99346081 7.35265908
v -1.30464920 -5.99346081 6.88557455
v -0.88432646 -5.99346081 6.60278982
v -0.61234195 -5.99346081 6.13570567
v -0.95849558 -5.99346081 6.51064030
v -0.68651105 -5.99346081 6.04355615
v -0.41452654 -5.99346081 5.57647238
v -1.03266468 -5.99346081 6.41849078
v -0.76068017 -5.99346081 5.95140663
v -0.48869565 -5.99346081 5.48432286
v -0.21671111 -5.99346081 5.01723871
v -1.42829549 -5.99346081 7.53695812
v -1.23048009 -5.99346081 6.97772407
v -1.15631098 -5.99346081 7.06987359
v 0.14742282 -5.99346081 3.84217684
v 0.25081002 -5.99346081 3.46234148
v 0.31374136 -5.99346081 3.22634884
v 0.41712853 -5.99346081 2.84651329
v 0.52051571 -5.99346081 2.46667773
v 0.48005987 -5.99346081 2.61052065
v 0.58344706 -5.99346081 2.23068510
v 0.64637841 -5.99346081 1.99469246
v 0.74976560 -5.99346081 1.61485691
v 0.85315278 -5.99346081 1.23502136
v 0.68683424 -5.99346081 1.85084954
v 0.79022142 -5.99346081 1.47101389
v 0.95653996 -5.99346081 0.85518580
v 1.05992714 -5.99346081 0.47535022
v 0.81269694 -5.99346081 1.37886437
v 0.91608413 -5.99346081 0.99902882
v 0.97901548 -5.99346081 0.76303623
v 1.08240266 -5.99346081 0.38320067
v 1.18578984 -5.99346081 0.00336508
v 1.14533401 -5.99346081 0.14720810
v 1.24872120 -5.99346081 -0.23262747
v 1.35210838 -5.99346081 -0.61246308
v 1.45549556 -5.99346081 -0.99229868
v 1.22624568 -5.99346081 -0.14047793
v 1.32963286 -5.99346081 -0.52031351
v 1.39256421 -5.99346081 -0.75630605
v 1.49595140 -5.99346081 -1.13614169
v 1.59933858 -5.99346081 -1.51597725
v 1.55888274 -5.99346081 -1.37213424
v 1.66226993 -5.99346081 -1.75196988
v 1.76565711 -5.99346081 -2.13180544
v 1.86904429 -5.99346081 -2.51164100
v 1.01947131 -5.99346081 0.61919321
v 1.28917703 -5.99346081 -0.37647049
v 1.12285849 -5.99346081 0.23935764
v 2.03210853 -5.99346081 -1.92837101
v 2.01394865 -5.99346081 -0.42802376
v 1.92546715 -5.99346081 -0.34943747
v 1.99578876 -5.99346081 1.07232359
v 1.97762886 -5.99346081 2.57267094
v 1.88914737 -5.99346081 2.65125723
v 1.90730726 -5.99346081 1.15090988
v 1.81882557 -5.99346081 1.22949617
v 1.80066568 -5.99346081 2.72984352
v 1.71218419 -5.99346081 2.80842980
v 1.95946898 -5.99346081 4.07301820
v 1.94130909 -5.99346081 5.57336565
v 1.85282759 -5.99346081 5.65195193
v 1.92314920 -5.99346081 7.07371310
v 1.83466770 -5.99346081 7.15229938
v 1.74618601 -5.99346081 7.23088566
v 1.69402430 -5.99346081 4.30877706
v 1.60554262 -5.99346081 4.38736335
v 1.67586441 -5.99346081 5.80912451
v 1.58738272 -5.99346081 5.88771079
v 1.49890114 -5.99346081 5.96629707
v 1.65770452 -5.99346081 7.30947195
v 1.56922283 -5.99346081 7.38805823
v 1.48074125 -5.99346081 7.46664452
v 1.39225965 -5.99346081 7.54523081
v 1.87098748 -5.99346081 4.15160448
v 1.76434591 -5.99346081 5.73053822
v 1.78250580 -5.99346081 4.23019077
v 1.05129579 -5.99346081 9.15732309
v 0.93929308 -5.99346081 9.19578134
v 0.81697342 -5.99346081 9.19048241
v 0.82729035 -5.99346081 9.23423960
v 0.71528764 -5.99346081 9.27269785
v 0.59296798 -5.99346081 9.26739891
v 0.70497070 -5.99346081 9.22894066
v 0.58265104 -5.99346081 9.22364173
v 0.47064832 -5.99346081 9.26209998
v 0.34832868 -5.99346081 9.25680105
v 0.60328492 -5.99346081 9.31115534
v 0.49128220 -5.99346081 9.34961360
v 0.36896256 -5.99346081 9.34431466
v 0.37927951 -5.99346081 9.38807185
v 0.25695985 -5.99346081 9.38277291
v 0.13464017 -5.99346081 9.37747398
v 0.23632596 -5.99346081 9.29525854
v 0.11400629 -5.99346081 9.28995960
v 0.12432323 -5.99346081 9.33371679
v 0.00200358 -5.99346081 9.32841785
v -0.12031609 -5.99346081 9.32311892
v 0.01232052 -5.99346081 9.37217505
v -0.10999915 -5.99346081 9.36687611
v -0.23231879 -5.99346081 9.36157717
v -0.35463846 -5.99346081 9.35627823
v 0.48096526 -5.99346081 9.30585641
v 0.24664290 -5.99346081 9.33901573
v 0.35864562 -5.99346081 9.30055748
v -0.51770272 -5.99346081 8.77300806
v -0.64425998 -5.99346081 8.71581262
v -0.44644457 -5.99346081 8.15657933
v -0.77081725 -5.99346081 8.65861718
v -0.89737452 -5.99346081 8.60142174
v -0.69955911 -5.99346081 8.04218845
v -0.57300184 -5.99346081 8.09938389
v -0.37518641 -5.99346081 7.54014983
v -0.50174370 -5.99346081 7.48295440
v -0.30392827 -5.99346081 6.92372110
v -1.02393178 -5.99346081 8.54422629
v -1.15048905 -5.99346081 8.48703086
v -0.95267364 -5.99346081 7.92779757
v -1.27704631 -5.99346081 8.42983542
v -1.07923091 -5.99346081 7.87060212
v -0.88141550 -5.99346081 7.31136807
v -0.43048556 -5.99346081 6.86652566
v -0.23267013 -5.99346081 6.30729199
v -0.55704282 -5.99346081 6.80933023
v -0.35922739 -5.99346081 6.25009655
v -0.16141200 -5.99346081 5.69086326
v -0.68360009 -5.99346081 6.75213478
v -0.48578468 -5.99346081 6.19290111
v -0.28796925 -5.99346081 5.63366782
v -0.09015386 -5.99346081 5.07443415
v -0.82611637 -5.99346081 7.98499301
v -0.75485823 -5.99346081 7.36856351
v -0.62830097 -5.99346081 7.42575895
v 0.14416852 -5.99346081 5.04127483
v 0.41387423 -5.99346081 4.04561127
v 0.30723278 -5.99346081 5.62454501
v 0.68357995 -5.99346081 3.04994753
v 0.95328566 -5.99346081 2.05428378
v 0.84664418 -5.99346081 3.63321752
v 0.57693847 -5.99346081 4.62888107
v 0.47029699 -5.99346081 6.20781480
v 0.74000270 -5.99346081 5.21215086
v 0.63336122 -5.99346081 6.79108460
v 1.22299138 -5.99346081 1.05862013
v 1.49269710 -5.99346081 0.06295637
v 1.38605562 -5.99346081 1.64189002
v 1.76240291 -5.99346081 -0.93270736
v 1.65576134 -5.99346081 0.64622628
v 1.54911986 -5.99346081 2.22515982
v 0.90306694 -5.99346081 5.79542104
v 0.79642546 -5.99346081 7.37435477
v 1.17277266 -5.99346081 4.79975710
v 1.06613118 -5.99346081 6.37869083
v 0.95948970 -5.99346081 7.95762419
v 1.44247838 -5.99346081 3.80409355
v 1.33583690 -5.99346081 5.38302728
v 1.22919541 -5.99346081 6.96196063
v 1.12255393 -5.99346081 8.54089436
v 1.11634990 -5.99346081 2.63755377
v 1.27941414 -5.99346081 3.22082356
v 1.00970842 -5.99346081 4.21648731
v 0.88823155 -5.99346081 8.57405368
v 0.65390918 -5.99346081 8.60721223
v 0.41958680 -5.99346081 8.64037155
v 0.49084494 -5.99346081 8.02394282
v 0.72516732 -5.99346081 7.99078350
v 0.56210308 -5.99346081 7.40751333
v 0.18526443 -5.99346081 8.67353087
v -0.04905795 -5.99346081 8.70669019
v 0.02220020 -5.99346081 8.09026069
v -0.28338031 -5.99346081 8.73984874
v -0.21212217 -5.99346081 8.12342001
v -0.14086404 -5.99346081 7.50699128
v 0.39903887 -5.99346081 6.82424391
v 0.16471648 -5.99346081 6.85740323
v 0.23597463 -5.99346081 6.24097374
v -0.06960590 -5.99346081 6.89056178
v 0.00165224 -5.99346081 6.27413305
v 0.07291038 -5.99346081 5.65770394
v 0.25652259 -5.99346081 8.05710214
v 0.09345834 -5.99346081 7.47383196
v 0.32778072 -5.99346081 7.44067264
v -1.50084132 4.49509560 9.00323325
v -1.51341352 4.49509560 8.99431277
v -1.50084132 2.99673041 9.00323325
v -1.52598573 4.49509560 8.98539306
v -1.53855794 4.49509560 8.97647335
v -1.52598573 2.99673041 8.98539306
v -1.51341352 2.99673041 8.99431277
v -1.50084132 1.49836520 9.00323325
v -1.51341352 1.49836520 8.99431277
v -1.50084132 -0.00000001 9.00323325
v -1.55113015 4.49509560 8.96755364
v -1.56370236 4.49509560 8.95863316
v -1.55113015 2.99673041 8.96755364
v -1.57627457 4.49509560 8.94971345
v -1.58884678 4.49509560 8.94079374
v -1.57627457 2.99673041 8.94971345
v -1.56370236 2.99673041 8.95863316
v -1.55113015 1.49836520 8.96755364
v -1.56370236 1.49836520 8.95863316
v -1.55113015 -0.00000001 8.96755364
v -1.51341352 -0.00000001 8.99431277
v -1.50084132 -1.49836520 9.00323325
v -1.52598573 -0.00000001 8.98539306
v -1.51341352 -1.49836520 8.99431277
v -1.50084132 -2.99673041 9.00323325
v -1.53855794 -0.00000001 8.97647335
v -1.52598573 -1.49836520 8.98539306
v -1.53855794 -1.49836520 8.97647335
v -1.52598573 -2.99673041 8.98539306
v -1.51341352 -2.99673041 8.99431277
v -1.50084132 -4.49509562 9.00323325
v -1.51341352 -4.49509562 8.99431277
v -1.53855794 2.99673041 8.97647335
v -1.53855794 1.49836520 8.97647335
v -1.52598573 1.49836520 8.98539306
v -1.60141889 4.49509560 8.93187403
v -1.60141889 2.99673041 8.93187403
v -1.58884678 2.99673041 8.94079374
v -1.60141889 1.49836520 8.93187403
v -1.58884678 1.49836520 8.94079374
v -1.60141889 -0.00000001 8.93187403
v -1.58884678 -0.00000001 8.94079374
v -1.57627457 -0.00000001 8.94971345
v -1.57627457 1.49836520 8.94971345
v -1.56370236 -0.00000001 8.95863316
v -1.60141889 -1.49836520 8.93187403
v -1.58884678 -1.49836520 8.94079374
v -1.60141889 -2.99673041 8.93187403
v -1.58884678 -2.99673041 8.94079374
v -1.57627457 -2.99673041 8.94971345
v -1.60141889 -4.49509562 8.93187403
v -1.58884678 -4.49509562 8.94079374
v -1.57627457 -4.49509562 8.94971345
v -1.56370236 -4.49509562 8.95863316
v -1.55113015 -1.49836520 8.96755364
v -1.55113015 -2.99673041 8.96755364
v -1.53855794 -2.99673041 8.97647335
v -1.55113015 -4.49509562 8.96755364
v -1.53855794 -4.49509562 8.97647335
v -1.52598573 -4.49509562 8.98539306
v -1.57627457 -1.49836520 8.94971345
v -1.56370236 -2.99673041 8.95863316
v -1.56370236 -1.49836520 8.95863316
v -1.61325766 4.49509560 8.92237665
v -1.62509625 4.49509560 8.91287925
v -1.63693484 4.49509560 8.90338187
v -1.62509625 2.99673041 8.91287925
v -1.61325766 2.99673041 8.92237665
v -1.61325766 1.49836520 8.92237665
v -1.64877342 4.49509560 8.89388447
v -1.66061220 4.49509560 8.88438708
v -1.64877342 2.99673041 8.89388447
v -1.67245078 4.49509560 8.87488970
v -1.68428936 4.49509560 8.86539230
v -1.67245078 2.99673041 8.87488970
v -1.66061220 2.99673041 8.88438708
v -1.64877342 1.49836520 8.89388447
v -1.66061220 1.49836520 8.88438708
v -1.64877342 -0.00000001 8.89388447
v -1.61325766 -0.00000001 8.92237665
v -1.62509625 -0.00000001 8.91287925
v -1.61325766 -1.49836520 8.92237665
v -1.63693484 -0.00000001 8.90338187
v -1.62509625 -1.49836520 8.91287925
v -1.63693484 -1.49836520 8.90338187
v -1.62509625 -2.99673041 8.91287925
v -1.61325766 -2.99673041 8.92237665
v -1.61325766 -4.49509562 8.92237665
v -1.63693484 2.99673041 8.90338187
v -1.63693484 1.49836520 8.90338187
v -1.62509625 1.49836520 8.91287925
v -1.69612795 4.49509560 8.85589492
v -1.69612795 2.99673041 8.85589492
v -1.68428936 2.99673041 8.86539230
v -1.69612795 1.49836520 8.85589492
v -1.68428936 1.49836520 8.86539230
v -1.69612795 -0.00000001 8.85589492
v -1.68428936 -0.00000001 8.86539230
v -1.67245078 -0.00000001 8.87488970
v -1.67245078 1.49836520 8.87488970
v -1.66061220 -0.00000001 8.88438708
v -1.69612795 -1.49836520 8.85589492
v -1.68428936 -1.49836520 8.86539230
v -1.69612795 -2.99673041 8.85589492
v -1.68428936 -2.99673041 8.86539230
v -1.67245078 -2.99673041 8.87488970
v -1.69612795 -4.49509562 8.85589492
v -1.68428936 -4.49509562 8.86539230
v -1.67245078 -4.49509562 8.87488970
v -1.66061220 -4.49509562 8.88438708
v -1.64877342 -1.49836520 8.89388447
v -1.64877342 -2.99673041 8.89388447
v -1.63693484 -2.99673041 8.90338187
v -1.64877342 -4.49509562 8.89388447
v -1.63693484 -4.49509562 8.90338187
v -1.62509625 -4.49509562 8.91287925
v -1.67245078 -1.49836520 8.87488970
v -1.66061220 -2.99673041 8.88438708
v -1.66061220 -1.49836520 8.88438708
v -1.70723320 4.49509560 8.84581985
v -1.71833826 4.49509560 8.83574479
v -1.72944331 4.49509560 8.82566971
v -1.71833826 2.99673041 8.83574479
v -1.70723320 2.99673041 8.84581985
v -1.70723320 1.49836520 8.84581985
v -1.74054837 4.49509560 8.81559465
v -1.75165361 4.49509560 8.80551958
v -1.74054837 2.99673041 8.81559465
v -1.76275867 4.49509560 8.79544451
v -1.77386372 4.49509560 8.78536945
v -1.76275867 2.99673041 8.79544451
v -1.75165361 2.99673041 8.80551958
v -1.74054837 1.49836520 8.81559465
v -1.75165361 1.49836520 8.80551958
v -1.74054837 -0.00000001 8.81559465
v -1.70723320 -0.00000001 8.84581985
v -1.71833826 -0.00000001 8.83574479
v -1.70723320 -1.49836520 8.84581985
v -1.72944331 -0.00000001 8.82566971
v -1.71833826 -1.49836520 8.83574479
v -1.72944331 -1.49836520 8.82566971
v -1.71833826 -2.99673041 8.83574479
v -1.70723320 -2.99673041 8.84581985
v -1.70723320 -4.49509562 8.84581985
v -1.72944331 2.99673041 8.82566971
v -1.72944331 1.49836520 8.82566971
v -1.71833826 1.49836520 8.83574479
v -1.78496878 4.49509560 8.77529438
v -1.78496878 2.99673041 8.77529438
v -1.77386372 2.99673041 8.78536945
v -1.78496878 1.49836520 8.77529438
v -1.77386372 1.49836520 8.78536945
v -1.78496878 -0.00000001 8.77529438
v -1.77386372 -0.00000001 8.78536945
v -1.76275867 -0.00000001 8.79544451
v -1.76275867 1.49836520 8.79544451
v -1.75165361 -0.00000001 8.80551958
v -1.78496878 -1.49836520 8.77529438
v -1.77386372 -1.49836520 8.78536945
v -1.78496878 -2.99673041 8.77529438
v -1.77386372 -2.99673041 8.78536945
v -1.76275867 -2.99673041 8.79544451
v -1.78496878 -4.49509562 8.77529438
v -1.77386372 -4.49509562 8.78536945
v -1.76275867 -4.49509562 8.79544451
v -1.75165361 -4.49509562 8.80551958
v -1.74054837 -1.49836520 8.81559465
v -1.74054837 -2.99673041 8.81559465
v -1.72944331 -2.99673041 8.82566971
v -1.74054837 -4.49509562 8.81559465
v -1.72944331 -4.49509562 8.82566971
v -1.71833826 -4.49509562 8.83574479
v -1.76275867 -1.49836520 8.79544451
v -1.75165361 -2.99673041 8.80551958
v -1.75165361 -1.49836520 8.80551958
v -1.79534031 4.49509560 8.76464164
v -1.80571184 4.49509560 8.75398965
v -1.81608336 4.49509560 8.74333691
v -1.80571184 2.99673041 8.75398965
v -1.79534031 2.99673041 8.76464164
v -1.79534031 1.49836520 8.76464164
v -1.82645470 4.49509560 8.73268493
v -1.83682622 4.49509560 8.72203218
v -1.82645470 2.99673041 8.73268493
v -1.84719775 4.49509560 8.71138019
v -1.85756928 4.49509560 8.70072745
v -1.84719775 2.99673041 8.71138019
v -1.83682622 2.99673041 8.72203218
v -1.82645470 1.49836520 8.73268493
v -1.83682622 1.49836520 8.72203218
v -1.82645470 -0.00000001 8.73268493
v -1.79534031 -0.00000001 8.76464164
v -1.80571184 -0.00000001 8.75398965
v -1.79534031 -1.49836520 8.76464164
v -1.81608336 -0.00000001 8.74333691
v -1.80571184 -1.49836520 8.75398965
v -1.81608336 -1.49836520 8.74333691
v -1.80571184 -2.99673041 8.75398965
v -1.79534031 -2.99673041 8.76464164
v -1.79534031 -4.49509562 8.76464164
v -1.81608336 2.99673041 8.74333691
v -1.81608336 1.49836520 8.74333691
v -1.80571184 1.49836520 8.75398965
v -1.86794062 4.49509560 8.69007547
v -1.86794062 2.99673041 8.69007547
v -1.85756928 2.99673041 8.70072745
v -1.86794062 1.49836520 8.69007547
v -1.85756928 1.49836520 8.70072745
v -1.86794062 -0.00000001 8.69007547
v -1.85756928 -0.00000001 8.70072745
v -1.84719775 -0.00000001 8.71138019
v -1.84719775 1.49836520 8.71138019
v -1.83682622 -0.00000001 8.72203218
v -1.86794062 -1.49836520 8.69007547
v -1.85756928 -1.49836520 8.70072745
v -1.86794062 -2.99673041 8.69007547
v -1.85756928 -2.99673041 8.70072745
v -1.84719775 -2.99673041 8.71138019
v -1.86794062 -4.49509562 8.69007547
v -1.85756928 -4.49509562 8.70072745
v -1.84719775 -4.49509562 8.71138019
v -1.83682622 -4.49509562 8.72203218
v -1.82645470 -1.49836520 8.73268493
v -1.82645470 -2.99673041 8.73268493
v -1.81608336 -2.99673041 8.74333691
v -1.82645470 -4.49509562 8.73268493
v -1.81608336 -4.49509562 8.74333691
v -1.80571184 -4.49509562 8.75398965
v -1.84719775 -1.49836520 8.71138019
v -1.83682622 -2.99673041 8.72203218
v -1.83682622 -1.49836520 8.72203218
v -1.87757862 4.49509560 8.67884505
v -1.88721662 4.49509560 8.66761538
v -1.89685461 4.49509560 8.65638496
v -1.88721662 2.99673041 8.66761538
v -1.87757862 2.99673041 8.67884505
v -1.87757862 1.49836520 8.67884505
v -1.90649242 4.49509560 8.64515530
v -1.91613042 4.49509560 8.63392488
v -1.90649242 2.99673041 8.64515530
v -1.92576842 4.49509560 8.62269522
v -1.93540642 4.49509560 8.61146480
v -1.92576842 2.99673041 8.62269522
v -1.91613042 2.99673041 8.63392488
v -1.90649242 1.49836520 8.64515530
v -1.91613042 1.49836520 8.63392488
v -1.90649242 -0.00000001 8.64515530
v -1.87757862 -0.00000001 8.67884505
v -1.88721662 -0.00000001 8.66761538
v -1.87757862 -1.49836520 8.67884505
v -1.89685461 -0.00000001 8.65638496
v -1.88721662 -1.49836520 8.66761538
v -1.89685461 -1.49836520 8.65638496
v -1.88721662 -2.99673041 8.66761538
v -1.87757862 -2.99673041 8.67884505
v -1.87757862 -4.49509562 8.67884505
v -1.89685461 2.99673041 8.65638496
v -1.89685461 1.49836520 8.65638496
v -1.88721662 1.49836520 8.66761538
v -1.94504422 4.49509560 8.60023514
v -1.94504422 2.99673041 8.60023514
v -1.93540642 2.99673041 8.61146480
v -1.94504422 1.49836520 8.60023514
v -1.93540642 1.49836520 8.61146480
v -1.94504422 -0.00000001 8.60023514
v -1.93540642 -0.00000001 8.61146480
v -1.92576842 -0.00000001 8.62269522
v -1.92576842 1.49836520 8.62269522
v -1.91613042 -0.00000001 8.63392488
v -1.94504422 -1.49836520 8.60023514
v -1.93540642 -1.49836520 8.61146480
v -1.94504422 -2.99673041 8.60023514
v -1.93540642 -2.99673041 8.61146480
v -1.92576842 -2.99673041 8.62269522
v -1.94504422 -4.49509562 8.60023514
v -1.93540642 -4.49509562 8.61146480
v -1.92576842 -4.49509562 8.62269522
v -1.91613042 -4.49509562 8.63392488
v -1.90649242 -1.49836520 8.64515530
v -1.90649242 -2.99673041 8.64515530
v -1.89685461 -2.99673041 8.65638496
v -1.90649242 -4.49509562 8.64515530
v -1.89685461 -4.49509562 8.65638496
v -1.88721662 -4.49509562 8.66761538
v -1.92576842 -1.49836520 8.62269522
v -1.91613042 -2.99673041 8.63392488
v -1.91613042 -1.49836520 8.63392488
v -1.95394869 4.49509560 8.58842780
v -1.96285297 4.49509560 8.57662046
v -1.97175725 4.49509560 8.56481312
v -1.96285297 2.99673041 8.57662046
v -1.95394869 2.99673041 8.58842780
v -1.95394869 1.49836520 8.58842780
v -1.98066152 4.49509560 8.55300578
v -1.98956600 4.49509560 8.54119844
v -1.98066152 2.99673041 8.55300578
v -1.99847027 4.49509560 8.52939110
v -2.00737456 4.49509560 8.51758376
v -1.99847027 2.99673041 8.52939110
v -1.98956600 2.99673041 8.54119844
v -1.98066152 1.49836520 8.55300578
v -1.98956600 1.49836520 8.54119844
v -1.98066152 -0.00000001 8.55300578
v -1.95394869 -0.00000001 8.58842780
v -1.96285297 -0.00000001 8.57662046
v -1.95394869 -1.49836520 8.58842780
v -1.97175725 -0.00000001 8.56481312
v -1.96285297 -1.49836520 8.57662046
v -1.97175725 -1.49836520 8.56481312
v -1.96285297 -2.99673041 8.57662046
v -1.95394869 -2.99673041 8.58842780
v -1.95394869 -4.49509562 8.58842780
v -1.97175725 2.99673041 8.56481312
v -1.97175725 1.49836520 8.56481312
v -1.96285297 1.49836520 8.57662046
v -2.01627883 4.49509560 8.50577643
v -2.01627883 2.99673041 8.50577643
v -2.00737456 2.99673041 8.51758376
v -2.01627883 1.49836520 8.50577643
v -2.00737456 1.49836520 8.51758376
v -2.01627883 -0.00000001 8.50577643
v -2.00737456 -0.00000001 8.51758376
v -1.99847027 -0.00000001 8.52939110
v -1.99847027 1.49836520 8.52939110
v -1.98956600 -0.00000001 8.54119844
v -2.01627883 -1.49836520 8.50577643
v -2.00737456 -1.49836520 8.51758376
v -2.01627883 -2.99673041 8.50577643
v -2.00737456 -2.99673041 8.51758376
v -1.99847027 -2.99673041 8.52939110
v -2.01627883 -4.49509562 8.50577643
v -2.00737456 -4.49509562 8.51758376
v -1.99847027 -4.49509562 8.52939110
v -1.98956600 -4.49509562 8.54119844
v -1.98066152 -1.49836520 8.55300578
v -1.98066152 -2.99673041 8.55300578
v -1.97175725 -2.99673041 8.56481312
v -1.98066152 -4.49509562 8.55300578
v -1.97175725 -4.49509562 8.56481312
v -1.96285297 -4.49509562 8.57662046
v -1.99847027 -1.49836520 8.52939110
v -1.98956600 -2.99673041 8.54119844
v -1.98956600 -1.49836520 8.54119844
v -2.02444958 4.49509560 8.49339141
v -2.03262033 4.49509560 8.48100640
v -2.04079108 4.49509560 8.46862138
v -2.03262033 2.99673041 8.48100640
v -2.02444958 2.99673041 8.49339141
v -2.02444958 1.49836520 8.49339141
v -2.04896183 4.49509560 8.45623636
v -2.05713258 4.49509560 8.44385134
v -2.04896183 2.99673041 8.45623636
v -2.06530333 4.49509560 8.43146633
v -2.07347408 4.49509560 8.41908131
v -2.06530333 2.99673041 8.43146633
v -2.05713258 2.99673041 8.44385134
v -2.04896183 1.49836520 8.45623636
v -2.05713258 1.49836520 8.44385134
v -2.04896183 -0.00000001 8.45623636
v -2.02444958 -0.00000001 8.49339141
v -2.03262033 -0.00000001 8.48100640
v -2.02444958 -1.49836520 8.49339141
v -2.04079108 -0.00000001 8.46862138
v -2.03262033 -1.49836520 8.48100640
v -2.04079108 -1.49836520 8.46862138
v -2.03262033 -2.99673041 8.48100640
v -2.02444958 -2.99673041 8.49339141
v -2.02444958 -4.49509562 8.49339141
v -2.04079108 2.99673041 8.46862138
v -2.04079108 1.49836520 8.46862138
v -2.03262033 1.49836520 8.48100640
v -2.08164483 4.49509560 8.40669630
v -2.08164483 2.99673041 8.40669630
v -2.07347408 2.99673041 8.41908131
v -2.08164483 1.49836520 8.40669630
v -2.07347408 1.49836520 8.41908131
v -2.08164483 -0.00000001 8.40669630
v -2.07347408 -0.00000001 8.41908131
v -2.06530333 -0.00000001 8.43146633
v -2.06530333 1.49836520 8.43146633
v -2.05713258 -0.00000001 8.44385134
v -2.08164483 -1.49836520 8.40669630
v -2.07347408 -1.49836520 8.41908131
v -2.08164483 -2.99673041 8.40669630
v -2.07347408 -2.99673041 8.41908131
v -2.06530333 -2.99673041 8.43146633
v -2.08164483 -4.49509562 8.40669630
v -2.07347408 -4.49509562 8.41908131
v -2.06530333 -4.49509562 8.43146633
v -2.05713258 -4.49509562 8.44385134
v -2.04896183 -1.49836520 8.45623636
v -2.04896183 -2.99673041 8.45623636
v -2.04079108 -2.99673041 8.46862138
v -2.04896183 -4.49509562 8.45623636
v -2.04079108 -4.49509562 8.46862138
v -2.03262033 -4.49509562 8.48100640
v -2.06530333 -1.49836520 8.43146633
v -2.05713258 -2.99673041 8.44385134
v -2.05713258 -1.49836520 8.44385134
v -2.08908205 4.49509560 8.39373360
v -2.09651927 4.49509560 8.38077167
v -2.10395650 4.49509560 8.36780898
v -2.09651927 2.99673041 8.38077167
v -2.08908205 2.99673041 8.39373360
v -2.08908205 1.49836520 8.39373360
v -2.11139372 4.49509560 8.35484705
v -2.11883094 4.49509560 8.34188435
v -2.11139372 2.99673041 8.35484705
v -2.12626815 4.49509560 8.32892242
v -2.13370538 4.49509560 8.31595973
v -2.12626815 2.99673041 8.32892242
v -2.11883094 2.99673041 8.34188435
v -2.11139372 1.49836520 8.35484705
v -2.11883094 1.49836520 8.34188435
v -2.11139372 -0.00000001 8.35484705
v -2.08908205 -0.00000001 8.39373360
v -2.09651927 -0.00000001 8.38077167
v -2.08908205 -1.49836520 8.39373360
v -2.10395650 -0.00000001 8.36780898
v -2.09651927 -1.49836520 8.38077167
v -2.10395650 -1.49836520 8.36780898
v -2.09651927 -2.99673041 8.38077167
v -2.08908205 -2.99673041 8.39373360
v -2.08908205 -4.49509562 8.39373360
v -2.10395650 2.99673041 8.36780898
v -2.10395650 1.49836520 8.36780898
v -2.09651927 1.49836520 8.38077167
v -2.14114260 4.49509560 8.30299780
v -2.14114260 2.99673041 8.30299780
v -2.13370538 2.99673041 8.31595973
v -2.14114260 1.49836520 8.30299780
v -2.13370538 1.49836520 8.31595973
v -2.14114260 -0.00000001 8.30299780
v -2.13370538 -0.00000001 8.31595973
v -2.12626815 -0.00000001 8.32892242
v -2.12626815 1.49836520 8.32892242
v -2.11883094 -0.00000001 8.34188435
v -2.14114260 -1.49836520 8.30299780
v -2.13370538 -1.49836520 8.31595973
v -2.14114260 -2.99673041 8.30299780
v -2.13370538 -2.99673041 8.31595973
v -2.12626815 -2.99673041 8.32892242
v -2.14114260 -4.49509562 8.30299780
v -2.13370538 -4.49509562 8.31595973
v -2.12626815 -4.49509562 8.32892242
v -2.11883094 -4.49509562 8.34188435
v -2.11139372 -1.49836520 8.35484705
v -2.11139372 -2.99673041 8.35484705
v -2.10395650 -2.99673041 8.36780898
v -2.11139372 -4.49509562 8.35484705
v -2.10395650 -4.49509562 8.36780898
v -2.09651927 -4.49509562 8.38077167
v -2.12626815 -1.49836520 8.32892242
v -2.11883094 -2.99673041 8.34188435
v -2.11883094 -1.49836520 8.34188435
v -2.14784629 4.49509560 8.28945742
v -2.15454999 4.49509560 8.27591781
v -2.16125367 4.49509560 8.26237744
v -2.15454999 2.99673041 8.27591781
v -2.14784629 2.99673041 8.28945742
v -2.14784629 1.49836520 8.28945742
v -2.16795718 4.49509560 8.24883783
v -2.17466087 4.49509560 8.23529746
v -2.16795718 2.99673041 8.24883783
v -2.18136456 4.49509560 8.22175785
v -2.18806826 4.49509560 8.20821747
v -2.18136456 2.99673041 8.22175785
v -2.17466087 2.99673041 8.23529746
v -2.16795718 1.49836520 8.24883783
v -2.17466087 1.49836520 8.23529746
v -2.16795718 -0.00000001 8.24883783
v -2.14784629 -0.00000001 8.28945742
v -2.15454999 -0.00000001 8.27591781
v -2.14784629 -1.49836520 8.28945742
v -2.16125367 -0.00000001 8.26237744
v -2.15454999 -1.49836520 8.27591781
v -2.16125367 -1.49836520 8.26237744
v -2.15454999 -2.99673041 8.27591781
v -2.14784629 -2.99673041 8.28945742
v -2.14784629 -4.49509562 8.28945742
v -2.16125367 2.99673041 8.26237744
v -2.16125367 1.49836520 8.26237744
v -2.15454999 1.49836520 8.27591781
v -2.19477176 4.49509560 8.19467787
v -2.19477176 2.99673041 8.19467787
v -2.18806826 2.99673041 8.20821747
v -2.19477176 1.49836520 8.19467787
v -2.18806826 1.49836520 8.20821747
v -2.19477176 -0.00000001 8.19467787
v -2.18806826 -0.00000001 8.20821747
v -2.18136456 -0.00000001 8.22175785
v -2.18136456 1.49836520 8.22175785
v -2.17466087 -0.00000001 8.23529746
v -2.19477176 -1.49836520 8.19467787
v -2.18806826 -1.49836520 8.20821747
v -2.19477176 -2.99673041 8.19467787
v -2.18806826 -2.99673041 8.20821747
v -2.18136456 -2.99673041 8.22175785
v -2.19477176 -4.49509562 8.19467787
v -2.18806826 -4.49509562 8.20821747
v -2.18136456 -4.49509562 8.22175785
v -2.17466087 -4.49509562 8.23529746
v -2.16795718 -1.49836520 8.24883783
v -2.16795718 -2.99673041 8.24883783
v -2.16125367 -2.99673041 8.26237744
v -2.16795718 -4.49509562 8.24883783
v -2.16125367 -4.49509562 8.26237744
v -2.15454999 -4.49509562 8.27591781
v -2.18136456 -1.49836520 8.22175785
v -2.17466087 -2.99673041 8.23529746
v -2.17466087 -1.49836520 8.23529746
v -2.20074192 4.49509560 8.18056057
v -2.20671189 4.49509560 8.16644329
v -2.21268187 4.49509560 8.15232600
v -2.20671189 2.99673041 8.16644329
v -2.20074192 2.99673041 8.18056057
v -2.20074192 1.49836520 8.18056057
v -2.21865184 4.49509560 8.13820871
v -2.22462200 4.49509560 8.12409143
v -2.21865184 2.99673041 8.13820871
v -2.23059197 4.49509560 8.10997414
v -2.23656194 4.49509560 8.09585685
v -2.23059197 2.99673041 8.10997414
v -2.22462200 2.99673041 8.12409143
v -2.21865184 1.49836520 8.13820871
v -2.22462200 1.49836520 8.12409143
v -2.21865184 -0.00000001 8.13820871
v -2.20074192 -0.00000001 8.18056057
v -2.20671189 -0.00000001 8.16644329
v -2.20074192 -1.49836520 8.18056057
v -2.21268187 -0.00000001 8.15232600
v -2.20671189 -1.49836520 8.16644329
v -2.21268187 -1.49836520 8.15232600
v -2.20671189 -2.99673041 8.16644329
v -2.20074192 -2.99673041 8.18056057
v -2.20074192 -4.49509562 8.18056057
v -2.21268187 2.99673041 8.15232600
v -2.21268187 1.49836520 8.15232600
v -2.20671189 1.49836520 8.16644329
v -2.24253192 4.49509560 8.08173956
v -2.24253192 2.99673041 8.08173956
v -2.23656194 2.99673041 8.09585685
v -2.24253192 1.49836520 8.08173956
v -2.23656194 1.49836520 8.09585685
v -2.24253192 -0.00000001 8.08173956
v -2.23656194 -0.00000001 8.09585685
v -2.23059197 -0.00000001 8.10997414
v -2.23059197 1.49836520 8.10997414
v -2.22462200 -0.00000001 8.12409143
v -2.24253192 -1.49836520 8.08173956
v -2.23656194 -1.49836520 8.09585685
v -2.24253192 -2.99673041 8.08173956
v -2.23656194 -2.99673041 8.09585685
v -2.23059197 -2.99673041 8.10997414
v -2.24253192 -4.49509562 8.08173956
v -2.23656194 -4.49509562 8.09585685
v -2.23059197 -4.49509562 8.10997414
v -2.22462200 -4.49509562 8.12409143
v -2.21865184 -1.49836520 8.13820871
v -2.21865184 -2.99673041 8.13820871
v -2.21268187 -2.99673041 8.15232600
v -2.21865184 -4.49509562 8.13820871
v -2.21268187 -4.49509562 8.15232600
v -2.20671189 -4.49509562 8.16644329
v -2.23059197 -1.49836520 8.10997414
v -2.22462200 -2.99673041 8.12409143
v -2.22462200 -1.49836520 8.12409143
v -2.24776856 4.49509560 8.06704460
v -2.25300499 4.49509560 8.05234963
v -2.25824144 4.49509560 8.03765467
v -2.25300499 2.99673041 8.05234963
v -2.24776856 2.99673041 8.06704460
v -2.24776856 1.49836520 8.06704460
v -2.26347788 4.49509560 8.02295970
v -2.26871452 4.49509560 8.00826473
v -2.26347788 2.99673041 8.02295970
v -2.27395096 4.49509560 7.99356977
v -2.27918740 4.49509560 7.97887481
v -2.27395096 2.99673041 7.99356977
v -2.26871452 2.99673041 8.00826473
v -2.26347788 1.49836520 8.02295970
v -2.26871452 1.49836520 8.00826473
v -2.26347788 -0.00000001 8.02295970
v -2.24776856 -0.00000001 8.06704460
v -2.25300499 -0.00000001 8.05234963
v -2.24776856 -1.49836520 8.06704460
v -2.25824144 -0.00000001 8.03765467
v -2.25300499 -1.49836520 8.05234963
v -2.25824144 -1.49836520 8.03765467
v -2.25300499 -2.99673041 8.05234963
v -2.24776856 -2.99673041 8.06704460
v -2.24776856 -4.49509562 8.06704460
v -2.25824144 2.99673041 8.03765467
v -2.25824144 1.49836520 8.03765467
v -2.25300499 1.49836520 8.05234963
v -2.28442385 4.49509560 7.96417984
v -2.28442385 2.99673041 7.96417984
v -2.27918740 2.99673041 7.97887481
v -2.28442385 1.49836520 7.96417984
v -2.27918740 1.49836520 7.97887481
v -2.28442385 -0.00000001 7.96417984
v -2.27918740 -0.00000001 7.97887481
v -2.27395096 -0.00000001 7.99356977
v -2.27395096 1.49836520 7.99356977
v -2.26871452 -0.00000001 8.00826473
v -2.28442385 -1.49836520 7.96417984
v -2.27918740 -1.49836520 7.97887481
v -2.28442385 -2.99673041 7.96417984
v -2.27918740 -2.99673041 7.97887481
v -2.27395096 -2.99673041 7.99356977
v -2.28442385 -4.49509562 7.96417984
v -2.27918740 -4.49509562 7.97887481
v -2.27395096 -4.49509562 7.99356977
v -2.26871452 -4.49509562 8.00826473
v -2.26347788 -1.49836520 8.02295970
v -2.26347788 -2.99673041 8.02295970
v -2.25824144 -2.99673041 8.03765467
v -2.26347788 -4.49509562 8.02295970
v -2.25824144 -4.49509562 8.03765467
v -2.25300499 -4.49509562 8.05234963
v -2.27395096 -1.49836520 7.99356977
v -2.26871452 -2.99673041 8.00826473
v -2.26871452 -1.49836520 8.00826473
v -2.86204376 4.49509560 6.14366589
v -3.43966367 4.49509560 4.32315194
v -4.01728319 4.49509560 2.50263837
v -3.43966367 2.99673041 4.32315194
v -2.86204376 2.99673041 6.14366589
v -2.86204376 1.49836520 6.14366589
v -4.59490310 4.49509560 0.68212452
v -5.17252263 4.49509560 -1.13838925
v -4.59490310 2.99673041 0.68212452
v -5.75014253 4.49509560 -2.95890291
v -6.32776244 4.49509560 -4.77941667
v -5.75014253 2.99673041 -2.95890291
v -5.17252263 2.99673041 -1.13838925
v -4.59490310 1.49836520 0.68212452
v -5.17252263 1.49836520 -1.13838925
v -4.59490310 -0.00000001 0.68212452
v -2.86204376 -0.00000001 6.14366589
v -3.43966367 -0.00000001 4.32315194
v -2.86204376 -1.49836520 6.14366589
v -4.01728319 -0.00000001 2.50263837
v -3.43966367 -1.49836520 4.32315194
v -4.01728319 -1.49836520 2.50263837
v -3.43966367 -2.99673041 4.32315194
v -2.86204376 -2.99673041 6.14366589
v -2.86204376 -4.49509562 6.14366589
v -4.01728319 2.99673041 2.50263837
v -4.01728319 1.49836520 2.50263837
v -3.43966367 1.49836520 4.32315194
v -6.90538235 4.49509560 -6.59993024
v -6.90538235 2.99673041 -6.59993024
v -6.32776244 2.99673041 -4.77941667
v -6.90538235 1.49836520 -6.59993024
v -6.32776244 1.49836520 -4.77941667
v -6.90538235 -0.00000001 -6.59993024
v -6.32776244 -0.00000001 -4.77941667
v -5.75014253 -0.00000001 -2.95890291
v -5.75014253 1.49836520 -2.95890291
v -5.17252263 -0.00000001 -1.13838925
v -6.90538235 -1.49836520 -6.59993024
v -6.32776244 -1.49836520 -4.77941667
v -6.90538235 -2.99673041 -6.59993024
v -6.32776244 -2.99673041 -4.77941667
v -5.75014253 -2.99673041 -2.95890291
v -6.90538235 -4.49509562 -6.59993024
v -6.32776244 -4.49509562 -4.77941667
v -5.75014253 -4.49509562 -2.95890291
v -5.17252263 -4.49509562 -1.13838925
v -4.59490310 -1.49836520 0.68212452
v -4.59490310 -2.99673041 0.68212452
v -4.01728319 -2.99673041 2.50263837
v -4.59490310 -4.49509562 0.68212452
v -4.01728319 -4.49509562 2.50263837
v -3.43966367 -4.49509562 4.32315194
v -5.75014253 -1.49836520 -2.95890291
v -5.17252263 -2.99673041 -1.13838925
v -5.17252263 -1.49836520 -1.13838925
v -6.41991197 4.49509560 -6.59993024
v -5.93444158 4.49509560 -6.59993024
v -5.44897119 4.49509560 -6.59993024
v -5.93444158 2.99673041 -6.59993024
v -6.41991197 2.99673041 -6.59993024
v -6.41991197 1.49836520 -6.59993024
v -4.96350081 4.49509560 -6.59993024
v -4.47803042 4.49509560 -6.59993024
v -4.96350081 2.99673041 -6.59993024
v -3.99256003 4.49509560 -6.59993024
v -3.50708964 4.49509560 -6.59993024
v -3.99256003 2.99673041 -6.59993024
v -4.47803042 2.99673041 -6.59993024
v -4.96350081 1.49836520 -6.59993024
v -4.47803042 1.49836520 -6.59993024
v -4.96350081 -0.00000001 -6.59993024
v -6.41991197 -0.00000001 -6.59993024
v -5.93444158 -0.00000001 -6.59993024
v -6.41991197 -1.49836520 -6.59993024
v -5.44897119 -0.00000001 -6.59993024
v -5.93444158 -1.49836520 -6.59993024
v -5.44897119 -1.49836520 -6.59993024
v -5.93444158 -2.99673041 -6.59993024
v -6.41991197 -2.99673041 -6.59993024
v -6.41991197 -4.49509562 -6.59993024
v -5.44897119 2.99673041 -6.59993024
v -5.44897119 1.49836520 -6.59993024
v -5.93444158 1.49836520 -6.59993024
v -3.02161926 4.49509560 -6.59993024
v -3.02161926 2.99673041 -6.59993024
v -3.50708964 2.99673041 -6.59993024
v -3.02161926 1.49836520 -6.59993024
v -3.50708964 1.49836520 -6.59993024
v -3.02161926 -0.00000001 -6.59993024
v -3.50708964 -0.00000001 -6.59993024
v -3.99256003 -0.00000001 -6.59993024
v -3.99256003 1.49836520 -6.59993024
v -4.47803042 -0.00000001 -6.59993024
v -3.02161926 -1.49836520 -6.59993024
v -3.50708964 -1.49836520 -6.59993024
v -3.02161926 -2.99673041 -6.59993024
v -3.50708964 -2.99673041 -6.59993024
v -3.99256003 -2.99673041 -6.59993024
v -3.02161926 -4.49509562 -6.59993024
v -3.50708964 -4.49509562 -6.59993024
v -3.99256003 -4.49509562 -6.59993024
v -4.47803042 -4.49509562 -6.59993024
v -4.96350081 -1.49836520 -6.59993024
v -4.96350081 -2.99673041 -6.59993024
v -5.44897119 -2.99673041 -6.59993024
v -4.96350081 -4.49509562 -6.59993024
v -5.44897119 -4.49509562 -6.59993024
v -5.93444158 -4.49509562 -6.59993024
v -3.99256003 -1.49836520 -6.59993024
v -4.47803042 -2.99673041 -6.59993024
v -4.47803042 -1.49836520 -6.59993024
v -2.91598461 4.49509560 -6.21335213
v -2.81034979 4.49509560 -5.82677401
v -2.70471514 4.49509560 -5.44019590
v -2.81034979 2.99673041 -5.82677401
v -2.91598461 2.99673041 -6.21335213
v -2.91598461 1.49836520 -6.21335213
v -2.59908031 4.49509560 -5.05361740
v -2.49344567 4.49509560 -4.66703928
v -2.59908031 2.99673041 -5.05361740
v -2.38781084 4.49509560 -4.28046117
v -2.28217620 4.49509560 -3.89388305
v -2.38781084 2.99673041 -4.28046117
v -2.49344567 2.99673041 -4.66703928
v -2.59908031 1.49836520 -5.05361740
v -2.49344567 1.49836520 -4.66703928
v -2.59908031 -0.00000001 -5.05361740
v -2.91598461 -0.00000001 -6.21335213
v -2.81034979 -0.00000001 -5.82677401
v -2.91598461 -1.49836520 -6.21335213
v -2.70471514 -0.00000001 -5.44019590
v -2.81034979 -1.49836520 -5.82677401
v -2.70471514 -1.49836520 -5.44019590
v -2.81034979 -2.99673041 -5.82677401
v -2.91598461 -2.99673041 -6.21335213
v -2.91598461 -4.49509562 -6.21335213
v -2.70471514 2.99673041 -5.44019590
v -2.70471514 1.49836520 -5.44019590
v -2.81034979 1.49836520 -5.82677401
v -2.17654137 4.49509560 -3.50730455
v -2.17654137 2.99673041 -3.50730455
v -2.28217620 2.99673041 -3.89388305
v -2.17654137 1.49836520 -3.50730455
v -2.28217620 1.49836520 -3.89388305
v -2.17654137 -0.00000001 -3.50730455
v -2.28217620 -0.00000001 -3.89388305
v -2.38781084 -0.00000001 -4.28046117
v -2.38781084 1.49836520 -4.28046117
v -2.49344567 -0.00000001 -4.66703928
v -2.17654137 -1.49836520 -3.50730455
v -2.28217620 -1.49836520 -3.89388305
v -2.17654137 -2.99673041 -3.50730455
v -2.28217620 -2.99673041 -3.89388305
v -2.38781084 -2.99673041 -4.28046117
v -2.17654137 -4.49509562 -3.50730455
v -2.28217620 -4.49509562 -3.89388305
v -2.38781084 -4.49509562 -4.28046117
v -2.49344567 -4.49509562 -4.66703928
v -2.59908031 -1.49836520 -5.05361740
v -2.59908031 -2.99673041 -5.05361740
v -2.70471514 -2.99673041 -5.44019590
v -2.59908031 -4.49509562 -5.05361740
v -2.70471514 -4.49509562 -5.44019590
v -2.81034979 -4.49509562 -5.82677401
v -2.38781084 -1.49836520 -4.28046117
v -2.49344567 -2.99673041 -4.66703928
v -2.49344567 -1.49836520 -4.66703928
v -1.63712993 4.49509560 -3.50730455
v -1.09771860 4.49509560 -3.50730455
v -0.55830716 4.49509560 -3.50730455
v -1.09771860 2.99673041 -3.50730455
v -1.63712993 2.99673041 -3.50730455
v -1.63712993 1.49836520 -3.50730455
v -0.01889571 4.49509560 -3.50730455
v 0.52051571 4.49509560 -3.50730455
v -0.01889571 2.99673041 -3.50730455
v 1.05992714 4.49509560 -3.50730455
v 1.59933858 4.49509560 -3.50730455
v 1.05992714 2.99673041 -3.50730455
v 0.52051571 2.99673041 -3.50730455
v -0.01889571 1.49836520 -3.50730455
v 0.52051571 1.49836520 -3.50730455
v -0.01889571 -0.00000001 -3.50730455
v -1.63712993 -0.00000001 -3.50730455
v -1.09771860 -0.00000001 -3.50730455
v -1.63712993 -1.49836520 -3.50730455
v -0.55830716 -0.00000001 -3.50730455
v -1.09771860 -1.49836520 -3.50730455
v -0.55830716 -1.49836520 -3.50730455
v -1.09771860 -2.99673041 -3.50730455
v -1.63712993 -2.99673041 -3.50730455
v -1.63712993 -4.49509562 -3.50730455
v -0.55830716 2.99673041 -3.50730455
v -0.55830716 1.49836520 -3.50730455
v -1.09771860 1.49836520 -3.50730455
v 2.13875011 4.49509560 -3.50730455
v 2.13875011 2.99673041 -3.50730455
v 1.59933858 2.99673041 -3.50730455
v 2.13875011 1.49836520 -3.50730455
v 1.59933858 1.49836520 -3.50730455
v 2.13875011 -0.00000001 -3.50730455
v 1.59933858 -0.00000001 -3.50730455
v 1.05992714 -0.00000001 -3.50730455
v 1.05992714 1.49836520 -3.50730455
v 0.52051571 -0.00000001 -3.50730455
v 2.13875011 -1.49836520 -3.50730455
v 1.59933858 -1.49836520 -3.50730455
v 2.13875011 -2.99673041 -3.50730455
v 1.59933858 -2.99673041 -3.50730455
v 1.05992714 -2.99673041 -3.50730455
v 2.13875011 -4.49509562 -3.50730455
v 1.59933858 -4.49509562 -3.50730455
v 1.05992714 -4.49509562 -3.50730455
v 0.52051571 -4.49509562 -3.50730455
v -0.01889571 -1.49836520 -3.50730455
v -0.01889571 -2.99673041 -3.50730455
v -0.55830716 -2.99673041 -3.50730455
v -0.01889571 -4.49509562 -3.50730455
v -0.55830716 -4.49509562 -3.50730455
v -1.09771860 -4.49509562 -3.50730455
v 1.05992714 -1.49836520 -3.50730455
v 0.52051571 -2.99673041 -3.50730455
v 0.52051571 -1.49836520 -3.50730455
v 2.24438475 4.49509560 -3.89388305
v 2.35001958 4.49509560 -4.28046117
v 2.45565422 4.49509560 -4.66703928
v 2.35001958 2.99673041 -4.28046117
v 2.24438475 2.99673041 -3.89388305
v 2.24438475 1.49836520 -3.89388305
v 2.56128905 4.49509560 -5.05361740
v 2.66692369 4.49509560 -5.44019590
v 2.56128905 2.99673041 -5.05361740
v 2.77255852 4.49509560 -5.82677401
v 2.87819316 4.49509560 -6.21335213
v 2.77255852 2.99673041 -5.82677401
v 2.66692369 2.99673041 -5.44019590
v 2.56128905 1.49836520 -5.05361740
v 2.66692369 1.49836520 -5.44019590
v 2.56128905 -0.00000001 -5.05361740
v 2.24438475 -0.00000001 -3.89388305
v 2.35001958 -0.00000001 -4.28046117
v 2.24438475 -1.49836520 -3.89388305
v 2.45565422 -0.00000001 -4.66703928
v 2.35001958 -1.49836520 -4.28046117
v 2.45565422 -1.49836520 -4.66703928
v 2.35001958 -2.99673041 -4.28046117
v 2.24438475 -2.99673041 -3.89388305
v 2.24438475 -4.49509562 -3.89388305
v 2.45565422 2.99673041 -4.66703928
v 2.45565422 1.49836520 -4.66703928
v 2.35001958 1.49836520 -4.28046117
v 2.98382799 4.49509560 -6.59993024
v 2.98382799 2.99673041 -6.59993024
v 2.87819316 2.99673041 -6.21335213
v 2.98382799 1.49836520 -6.59993024
v 2.87819316 1.49836520 -6.21335213
v 2.98382799 -0.00000001 -6.59993024
v 2.87819316 -0.00000001 -6.21335213
v 2.77255852 -0.00000001 -5.82677401
v 2.77255852 1.49836520 -5.82677401
v 2.66692369 -0.00000001 -5.44019590
v 2.98382799 -1.49836520 -6.59993024
v 2.87819316 -1.49836520 -6.21335213
v 2.98382799 -2.99673041 -6.59993024
v 2.87819316 -2.99673041 -6.21335213
v 2.77255852 -2.99673041 -5.82677401
v 2.98382799 -4.49509562 -6.59993024
v 2.87819316 -4.49509562 -6.21335213
v 2.77255852 -4.49509562 -5.82677401
v 2.66692369 -4.49509562 -5.44019590
v 2.56128905 -1.49836520 -5.05361740
v 2.56128905 -2.99673041 -5.05361740
v 2.45565422 -2.99673041 -4.66703928
v 2.56128905 -4.49509562 -5.05361740
v 2.45565422 -4.49509562 -4.66703928
v 2.35001958 -4.49509562 -4.28046117
v 2.77255852 -1.49836520 -5.82677401
v 2.66692369 -2.99673041 -5.44019590
v 2.66692369 -1.49836520 -5.44019590
v 3.47828859 4.49509560 -6.59993024
v 3.97274918 4.49509560 -6.59993024
v 4.46720977 4.49509560 -6.59993024
v 3.97274918 2.99673041 -6.59993024
v 3.47828859 2.99673041 -6.59993024
v 3.47828859 1.49836520 -6.59993024
v 4.96167036 4.49509560 -6.59993024
v 5.45613096 4.49509560 -6.59993024
v 4.96167036 2.99673041 -6.59993024
v 5.95059155 4.49509560 -6.59993024
v 6.44505177 4.49509560 -6.59993024
v 5.95059155 2.99673041 -6.59993024
v 5.45613096 2.99673041 -6.59993024
v 4.96167036 1.49836520 -6.59993024
v 5.45613096 1.49836520 -6.59993024
v 4.96167036 -0.00000001 -6.59993024
v 3.47828859 -0.00000001 -6.59993024
v 3.97274918 -0.00000001 -6.59993024
v 3.47828859 -1.49836520 -6.59993024
v 4.46720977 -0.00000001 -6.59993024
v 3.97274918 -1.49836520 -6.59993024
v 4.46720977 -1.49836520 -6.59993024
v 3.97274918 -2.99673041 -6.59993024
v 3.47828859 -2.99673041 -6.59993024
v 3.47828859 -4.49509562 -6.59993024
v 4.46720977 2.99673041 -6.59993024
v 4.46720977 1.49836520 -6.59993024
v 3.97274918 1.49836520 -6.59993024
v 6.93951274 4.49509560 -6.59993024
v 6.93951274 2.99673041 -6.59993024
v 6.44505177 2.99673041 -6.59993024
v 6.93951274 1.49836520 -6.59993024
v 6.44505177 1.49836520 -6.59993024
v 6.93951274 -0.00000001 -6.59993024
v 6.44505177 -0.00000001 -6.59993024
v 5.95059155 -0.00000001 -6.59993024
v 5.95059155 1.49836520 -6.59993024
v 5.45613096 -0.00000001 -6.59993024
v 6.93951274 -1.49836520 -6.59993024
v 6.44505177 -1.49836520 -6.59993024
v 6.93951274 -2.99673041 -6.59993024
v 6.44505177 -2.99673041 -6.59993024
v 5.95059155 -2.99673041 -6.59993024
v 6.93951274 -4.49509562 -6.59993024
v 6.44505177 -4.49509562 -6.59993024
v 5.95059155 -4.49509562 -6.59993024
v 5.45613096 -4.49509562 -6.59993024
v 4.96167036 -1.49836520 -6.59993024
v 4.96167036 -2.99673041 -6.59993024
v 4.46720977 -2.99673041 -6.59993024
v 4.96167036 -4.49509562 -6.59993024
v 4.46720977 -4.49509562 -6.59993024
v 3.97274918 -4.49509562 -6.59993024
v 5.95059155 -1.49836520 -6.59993024
v 5.45613096 -2.99673041 -6.59993024
v 5.45613096 -1.49836520 -6.59993024
v 6.35290262 4.49509560 -4.77941667
v 5.76629251 4.49509560 -2.95890291
v 5.17968278 4.49509560 -1.13838925
v 5.76629251 2.99673041 -2.95890291
v 6.35290262 2.99673041 -4.77941667
v 6.35290262 1.49836520 -4.77941667
v 4.59307266 4.49509560 0.68212452
v 4.00646255 4.49509560 2.50263837
v 4.59307266 2.99673041 0.68212452
v 3.41985243 4.49509560 4.32315194
v 2.83324251 4.49509560 6.14366589
v 3.41985243 2.99673041 4.32315194
v 4.00646255 2.99673041 2.50263837
v 4.59307266 1.49836520 0.68212452
v 4.00646255 1.49836520 2.50263837
v 4.59307266 -0.00000001 0.68212452
v 6.35290262 -0.00000001 -4.77941667
v 5.76629251 -0.00000001 -2.95890291
v 6.35290262 -1.49836520 -4.77941667
v 5.17968278 -0.00000001 -1.13838925
v 5.76629251 -1.49836520 -2.95890291
v 5.17968278 -1.49836520 -1.13838925
v 5.76629251 -2.99673041 -2.95890291
v 6.35290262 -2.99673041 -4.77941667
v 6.35290262 -4.49509562 -4.77941667
v 5.17968278 2.99673041 -1.13838925
v 5.17968278 1.49836520 -1.13838925
v 5.76629251 1.49836520 -2.95890291
v 2.24663258 4.49509560 7.96417984
v 2.24663258 2.99673041 7.96417984
v 2.83324251 2.99673041 6.14366589
v 2.24663258 1.49836520 7.96417984
v 2.83324251 1.49836520 6.14366589
v 2.24663258 -0.00000001 7.96417984
v 2.83324251 -0.00000001 6.14366589
v 3.41985243 -0.00000001 4.32315194
v 3.41985243 1.49836520 4.32315194
v 4.00646255 -0.00000001 2.50263837
v 2.24663258 -1.49836520 7.96417984
v 2.83324251 -1.49836520 6.14366589
v 2.24663258 -2.99673041 7.96417984
v 2.83324251 -2.99673041 6.14366589
v 3.41985243 -2.99673041 4.32315194
v 2.24663258 -4.49509562 7.96417984
v 2.83324251 -4.49509562 6.14366589
v 3.41985243 -4.49509562 4.32315194
v 4.00646255 -4.49509562 2.50263837
v 4.59307266 -1.49836520 0.68212452
v 4.59307266 -2.99673041 0.68212452
v 5.17968278 -2.99673041 -1.13838925
v 4.59307266 -4.49509562 0.68212452
v 5.17968278 -4.49509562 -1.13838925
v 5.76629251 -4.49509562 -2.95890291
v 3.41985243 -1.49836520 4.32315194
v 4.00646255 -2.99673041 2.50263837
v 4.00646255 -1.49836520 2.50263837
v 2.24177072 4.49509560 7.97852347
v 2.23690885 4.49509560 7.99286711
v 2.23204698 4.49509560 8.00721074
v 2.23690885 2.99673041 7.99286711
v 2.24177072 2.99673041 7.97852347
v 2.24177072 1.49836520 7.97852347
v 2.22718512 4.49509560 8.02155438
v 2.22232325 4.49509560 8.03589801
v 2.22718512 2.99673041 8.02155438
v 2.21746138 4.49509560 8.05024164
v 2.21259951 4.49509560 8.06458528
v 2.21746138 2.99673041 8.05024164
v 2.22232325 2.99673041 8.03589801
v 2.22718512 1.49836520 8.02155438
v 2.22232325 1.49836520 8.03589801
v 2.22718512 -0.00000001 8.02155438
v 2.24177072 -0.00000001 7.97852347
v 2.23690885 -0.00000001 7.99286711
v 2.24177072 -1.49836520 7.97852347
v 2.23204698 -0.00000001 8.00721074
v 2.23690885 -1.49836520 7.99286711
v 2.23204698 -1.49836520 8.00721074
v 2.23690885 -2.99673041 7.99286711
v 2.24177072 -2.99673041 7.97852347
v 2.24177072 -4.49509562 7.97852347
v 2.23204698 2.99673041 8.00721074
v 2.23204698 1.49836520 8.00721074
v 2.23690885 1.49836520 7.99286711
v 2.20773764 4.49509560 8.07892891
v 2.20773764 2.99673041 8.07892891
v 2.21259951 2.99673041 8.06458528
v 2.20773764 1.49836520 8.07892891
v 2.21259951 1.49836520 8.06458528
v 2.20773764 -0.00000001 8.07892891
v 2.21259951 -0.00000001 8.06458528
v 2.21746138 -0.00000001 8.05024164
v 2.21746138 1.49836520 8.05024164
v 2.22232325 -0.00000001 8.03589801
v 2.20773764 -1.49836520 8.07892891
v 2.21259951 -1.49836520 8.06458528
v 2.20773764 -2.99673041 8.07892891
v 2.21259951 -2.99673041 8.06458528
v 2.21746138 -2.99673041 8.05024164
v 2.20773764 -4.49509562 8.07892891
v 2.21259951 -4.49509562 8.06458528
v 2.21746138 -4.49509562 8.05024164
v 2.22232325 -4.49509562 8.03589801
v 2.22718512 -1.49836520 8.02155438
v 2.22718512 -2.99673041 8.02155438
v 2.23204698 -2.99673041 8.00721074
v 2.22718512 -4.49509562 8.02155438
v 2.23204698 -4.49509562 8.00721074
v 2.23690885 -4.49509562 7.99286711
v 2.21746138 -1.49836520 8.05024164
v 2.22232325 -2.99673041 8.03589801
v 2.22232325 -1.49836520 8.03589801
v 2.20214206 4.49509560 8.09274212
v 2.19654666 4.49509560 8.10655532
v 2.19095108 4.49509560 8.12036853
v 2.19654666 2.99673041 8.10655532
v 2.20214206 2.99673041 8.09274212
v 2.20214206 1.49836520 8.09274212
v 2.18535568 4.49509560 8.13418174
v 2.17976009 4.49509560 8.14799494
v 2.18535568 2.99673041 8.13418174
v 2.17416470 4.49509560 8.16180815
v 2.16856910 4.49509560 8.17562135
v 2.17416470 2.99673041 8.16180815
v 2.17976009 2.99673041 8.14799494
v 2.18535568 1.49836520 8.13418174
v 2.17976009 1.49836520 8.14799494
v 2.18535568 -0.00000001 8.13418174
v 2.20214206 -0.00000001 8.09274212
v 2.19654666 -0.00000001 8.10655532
v 2.20214206 -1.49836520 8.09274212
v 2.19095108 -0.00000001 8.12036853
v 2.19654666 -1.49836520 8.10655532
v 2.19095108 -1.49836520 8.12036853
v 2.19654666 -2.99673041 8.10655532
v 2.20214206 -2.99673041 8.09274212
v 2.20214206 -4.49509562 8.09274212
v 2.19095108 2.99673041 8.12036853
v 2.19095108 1.49836520 8.12036853
v 2.19654666 1.49836520 8.10655532
v 2.16297371 4.49509560 8.18943456
v 2.16297371 2.99673041 8.18943456
v 2.16856910 2.99673041 8.17562135
v 2.16297371 1.49836520 8.18943456
v 2.16856910 1.49836520 8.17562135
v 2.16297371 -0.00000001 8.18943456
v 2.16856910 -0.00000001 8.17562135
v 2.17416470 -0.00000001 8.16180815
v 2.17416470 1.49836520 8.16180815
v 2.17976009 -0.00000001 8.14799494
v 2.16297371 -1.49836520 8.18943456
v 2.16856910 -1.49836520 8.17562135
v 2.16297371 -2.99673041 8.18943456
v 2.16856910 -2.99673041 8.17562135
v 2.17416470 -2.99673041 8.16180815
v 2.16297371 -4.49509562 8.18943456
v 2.16856910 -4.49509562 8.17562135
v 2.17416470 -4.49509562 8.16180815
v 2.17976009 -4.49509562 8.14799494
v 2.18535568 -1.49836520 8.13418174
v 2.18535568 -2.99673041 8.13418174
v 2.19095108 -2.99673041 8.12036853
v 2.18535568 -4.49509562 8.13418174
v 2.19095108 -4.49509562 8.12036853
v 2.19654666 -4.49509562 8.10655532
v 2.17416470 -1.49836520 8.16180815
v 2.17976009 -2.99673041 8.14799494
v 2.17976009 -1.49836520 8.14799494
v 2.15664459 4.49509560 8.20271658
v 2.15031567 4.49509560 8.21599859
v 2.14398656 4.49509560 8.22928062
v 2.15031567 2.99673041 8.21599859
v 2.15664459 2.99673041 8.20271658
v 2.15664459 1.49836520 8.20271658
v 2.13765763 4.49509560 8.24256339
v 2.13132851 4.49509560 8.25584541
v 2.13765763 2.99673041 8.24256339
v 2.12499959 4.49509560 8.26912743
v 2.11867047 4.49509560 8.28240944
v 2.12499959 2.99673041 8.26912743
v 2.13132851 2.99673041 8.25584541
v 2.13765763 1.49836520 8.24256339
v 2.13132851 1.49836520 8.25584541
v 2.13765763 -0.00000001 8.24256339
v 2.15664459 -0.00000001 8.20271658
v 2.15031567 -0.00000001 8.21599859
v 2.15664459 -1.49836520 8.20271658
v 2.14398656 -0.00000001 8.22928062
v 2.15031567 -1.49836520 8.21599859
v 2.14398656 -1.49836520 8.22928062
v 2.15031567 -2.99673041 8.21599859
v 2.15664459 -2.99673041 8.20271658
v 2.15664459 -4.49509562 8.20271658
v 2.14398656 2.99673041 8.22928062
v 2.14398656 1.49836520 8.22928062
v 2.15031567 1.49836520 8.21599859
v 2.11234155 4.49509560 8.29569223
v 2.11234155 2.99673041 8.29569223
v 2.11867047 2.99673041 8.28240944
v 2.11234155 1.49836520 8.29569223
v 2.11867047 1.49836520 8.28240944
v 2.11234155 -0.00000001 8.29569223
v 2.11867047 -0.00000001 8.28240944
v 2.12499959 -0.00000001 8.26912743
v 2.12499959 1.49836520 8.26912743
v 2.13132851 -0.00000001 8.25584541
v 2.11234155 -1.49836520 8.29569223
v 2.11867047 -1.49836520 8.28240944
v 2.11234155 -2.99673041 8.29569223
v 2.11867047 -2.99673041 8.28240944
v 2.12499959 -2.99673041 8.26912743
v 2.11234155 -4.49509562 8.29569223
v 2.11867047 -4.49509562 8.28240944
v 2.12499959 -4.49509562 8.26912743
v 2.13132851 -4.49509562 8.25584541
v 2.13765763 -1.49836520 8.24256339
v 2.13765763 -2.99673041 8.24256339
v 2.14398656 -2.99673041 8.22928062
v 2.13765763 -4.49509562 8.24256339
v 2.14398656 -4.49509562 8.22928062
v 2.15031567 -4.49509562 8.21599859
v 2.12499959 -1.49836520 8.26912743
v 2.13132851 -2.99673041 8.25584541
v 2.13132851 -1.49836520 8.25584541
v 2.10527890 4.49509560 8.30844382
v 2.09821645 4.49509560 8.32119541
v 2.09115380 4.49509560 8.33394699
v 2.09821645 2.99673041 8.32119541
v 2.10527890 2.99673041 8.30844382
v 2.10527890 1.49836520 8.30844382
v 2.08409135 4.49509560 8.34669935
v 2.07702870 4.49509560 8.35945094
v 2.08409135 2.99673041 8.34669935
v 2.06996625 4.49509560 8.37220253
v 2.06290360 4.49509560 8.38495412
v 2.06996625 2.99673041 8.37220253
v 2.07702870 2.99673041 8.35945094
v 2.08409135 1.49836520 8.34669935
v 2.07702870 1.49836520 8.35945094
v 2.08409135 -0.00000001 8.34669935
v 2.10527890 -0.00000001 8.30844382
v 2.09821645 -0.00000001 8.32119541
v 2.10527890 -1.49836520 8.30844382
v 2.09115380 -0.00000001 8.33394699
v 2.09821645 -1.49836520 8.32119541
v 2.09115380 -1.49836520 8.33394699
v 2.09821645 -2.99673041 8.32119541
v 2.10527890 -2.99673041 8.30844382
v 2.10527890 -4.49509562 8.30844382
v 2.09115380 2.99673041 8.33394699
v 2.09115380 1.49836520 8.33394699
v 2.09821645 1.49836520 8.32119541
v 2.05584115 4.49509560 8.39770647
v 2.05584115 2.99673041 8.39770647
v 2.06290360 2.99673041 8.38495412
v 2.05584115 1.49836520 8.39770647
v 2.06290360 1.49836520 8.38495412
v 2.05584115 -0.00000001 8.39770647
v 2.06290360 -0.00000001 8.38495412
v 2.06996625 -0.00000001 8.37220253
v 2.06996625 1.49836520 8.37220253
v 2.07702870 -0.00000001 8.35945094
v 2.05584115 -1.49836520 8.39770647
v 2.06290360 -1.49836520 8.38495412
v 2.05584115 -2.99673041 8.39770647
v 2.06290360 -2.99673041 8.38495412
v 2.06996625 -2.99673041 8.37220253
v 2.05584115 -4.49509562 8.39770647
v 2.06290360 -4.49509562 8.38495412
v 2.06996625 -4.49509562 8.37220253
v 2.07702870 -4.49509562 8.35945094
v 2.08409135 -1.49836520 8.34669935
v 2.08409135 -2.99673041 8.34669935
v 2.09115380 -2.99673041 8.33394699
v 2.08409135 -4.49509562 8.34669935
v 2.09115380 -4.49509562 8.33394699
v 2.09821645 -4.49509562 8.32119541
v 2.06996625 -1.49836520 8.37220253
v 2.07702870 -2.99673041 8.35945094
v 2.07702870 -1.49836520 8.35945094
v 2.04804478 4.49509560 8.40992688
v 2.04024861 4.49509560 8.42214803
v 2.03245225 4.49509560 8.43436920
v 2.04024861 2.99673041 8.42214803
v 2.04804478 2.99673041 8.40992688
v 2.04804478 1.49836520 8.40992688
v 2.02465607 4.49509560 8.44659036
v 2.01685971 4.49509560 8.45881077
v 2.02465607 2.99673041 8.44659036
v 2.00906353 4.49509560 8.47103192
v 2.00126716 4.49509560 8.48325309
v 2.00906353 2.99673041 8.47103192
v 2.01685971 2.99673041 8.45881077
v 2.02465607 1.49836520 8.44659036
v 2.01685971 1.49836520 8.45881077
v 2.02465607 -0.00000001 8.44659036
v 2.04804478 -0.00000001 8.40992688
v 2.04024861 -0.00000001 8.42214803
v 2.04804478 -1.49836520 8.40992688
v 2.03245225 -0.00000001 8.43436920
v 2.04024861 -1.49836520 8.42214803
v 2.03245225 -1.49836520 8.43436920
v 2.04024861 -2.99673041 8.42214803
v 2.04804478 -2.99673041 8.40992688
v 2.04804478 -4.49509562 8.40992688
v 2.03245225 2.99673041 8.43436920
v 2.03245225 1.49836520 8.43436920
v 2.04024861 1.49836520 8.42214803
v 1.99347100 4.49509560 8.49547425
v 1.99347100 2.99673041 8.49547425
v 2.00126716 2.99673041 8.48325309
v 1.99347100 1.49836520 8.49547425
v 2.00126716 1.49836520 8.48325309
v 1.99347100 -0.00000001 8.49547425
v 2.00126716 -0.00000001 8.48325309
v 2.00906353 -0.00000001 8.47103192
v 2.00906353 1.49836520 8.47103192
v 2.01685971 -0.00000001 8.45881077
v 1.99347100 -1.49836520 8.49547425
v 2.00126716 -1.49836520 8.48325309
v 1.99347100 -2.99673041 8.49547425
v 2.00126716 -2.99673041 8.48325309
v 2.00906353 -2.99673041 8.47103192
v 1.99347100 -4.49509562 8.49547425
v 2.00126716 -4.49509562 8.48325309
v 2.00906353 -4.49509562 8.47103192
v 2.01685971 -4.49509562 8.45881077
v 2.02465607 -1.49836520 8.44659036
v 2.02465607 -2.99673041 8.44659036
v 2.03245225 -2.99673041 8.43436920
v 2.02465607 -4.49509562 8.44659036
v 2.03245225 -4.49509562 8.43436920
v 2.04024861 -4.49509562 8.42214803
v 2.00906353 -1.49836520 8.47103192
v 2.01685971 -2.99673041 8.45881077
v 2.01685971 -1.49836520 8.45881077
v 1.98494129 4.49509560 8.50716423
v 1.97641159 4.49509560 8.51885496
v 1.96788189 4.49509560 8.53054570
v 1.97641159 2.99673041 8.51885496
v 1.98494129 2.99673041 8.50716423
v 1.98494129 1.49836520 8.50716423
v 1.95935219 4.49509560 8.54223643
v 1.95082248 4.49509560 8.55392641
v 1.95935219 2.99673041 8.54223643
v 1.94229278 4.49509560 8.56561714
v 1.93376308 4.49509560 8.57730788
v 1.94229278 2.99673041 8.56561714
v 1.95082248 2.99673041 8.55392641
v 1.95935219 1.49836520 8.54223643
v 1.95082248 1.49836520 8.55392641
v 1.95935219 -0.00000001 8.54223643
v 1.98494129 -0.00000001 8.50716423
v 1.97641159 -0.00000001 8.51885496
v 1.98494129 -1.49836520 8.50716423
v 1.96788189 -0.00000001 8.53054570
v 1.97641159 -1.49836520 8.51885496
v 1.96788189 -1.49836520 8.53054570
v 1.97641159 -2.99673041 8.51885496
v 1.98494129 -2.99673041 8.50716423
v 1.98494129 -4.49509562 8.50716423
v 1.96788189 2.99673041 8.53054570
v 1.96788189 1.49836520 8.53054570
v 1.97641159 1.49836520 8.51885496
v 1.92523338 4.49509560 8.58899862
v 1.92523338 2.99673041 8.58899862
v 1.93376308 2.99673041 8.57730788
v 1.92523338 1.49836520 8.58899862
v 1.93376308 1.49836520 8.57730788
v 1.92523338 -0.00000001 8.58899862
v 1.93376308 -0.00000001 8.57730788
v 1.94229278 -0.00000001 8.56561714
v 1.94229278 1.49836520 8.56561714
v 1.95082248 -0.00000001 8.55392641
v 1.92523338 -1.49836520 8.58899862
v 1.93376308 -1.49836520 8.57730788
v 1.92523338 -2.99673041 8.58899862
v 1.93376308 -2.99673041 8.57730788
v 1.94229278 -2.99673041 8.56561714
v 1.92523338 -4.49509562 8.58899862
v 1.93376308 -4.49509562 8.57730788
v 1.94229278 -4.49509562 8.56561714
v 1.95082248 -4.49509562 8.55392641
v 1.95935219 -1.49836520 8.54223643
v 1.95935219 -2.99673041 8.54223643
v 1.96788189 -2.99673041 8.53054570
v 1.95935219 -4.49509562 8.54223643
v 1.96788189 -4.49509562 8.53054570
v 1.97641159 -4.49509562 8.51885496
v 1.94229278 -1.49836520 8.56561714
v 1.95082248 -2.99673041 8.55392641
v 1.95082248 -1.49836520 8.55392641
v 1.91596995 4.49509560 8.60015816
v 1.90670672 4.49509560 8.61131771
v 1.89744330 4.49509560 8.62247726
v 1.90670672 2.99673041 8.61131771
v 1.91596995 2.99673041 8.60015816
v 1.91596995 1.49836520 8.60015816
v 1.88818007 4.49509560 8.63363681
v 1.87891664 4.49509560 8.64479635
v 1.88818007 2.99673041 8.63363681
v 1.86965341 4.49509560 8.65595590
v 1.86038999 4.49509560 8.66711544
v 1.86965341 2.99673041 8.65595590
v 1.87891664 2.99673041 8.64479635
v 1.88818007 1.49836520 8.63363681
v 1.87891664 1.49836520 8.64479635
v 1.88818007 -0.00000001 8.63363681
v 1.91596995 -0.00000001 8.60015816
v 1.90670672 -0.00000001 8.61131771
v 1.91596995 -1.49836520 8.60015816
v 1.89744330 -0.00000001 8.62247726
v 1.90670672 -1.49836520 8.61131771
v 1.89744330 -1.49836520 8.62247726
v 1.90670672 -2.99673041 8.61131771
v 1.91596995 -2.99673041 8.60015816
v 1.91596995 -4.49509562 8.60015816
v 1.89744330 2.99673041 8.62247726
v 1.89744330 1.49836520 8.62247726
v 1.90670672 1.49836520 8.61131771
v 1.85112676 4.49509560 8.67827499
v 1.85112676 2.99673041 8.67827499
v 1.86038999 2.99673041 8.66711544
v 1.85112676 1.49836520 8.67827499
v 1.86038999 1.49836520 8.66711544
v 1.85112676 -0.00000001 8.67827499
v 1.86038999 -0.00000001 8.66711544
v 1.86965341 -0.00000001 8.65595590
v 1.86965341 1.49836520 8.65595590
v 1.87891664 -0.00000001 8.64479635
v 1.85112676 -1.49836520 8.67827499
v 1.86038999 -1.49836520 8.66711544
v 1.85112676 -2.99673041 8.67827499
v 1.86038999 -2.99673041 8.66711544
v 1.86965341 -2.99673041 8.65595590
v 1.85112676 -4.49509562 8.67827499
v 1.86038999 -4.49509562 8.66711544
v 1.86965341 -4.49509562 8.65595590
v 1.87891664 -4.49509562 8.64479635
v 1.88818007 -1.49836520 8.63363681
v 1.88818007 -2.99673041 8.63363681
v 1.89744330 -2.99673041 8.62247726
v 1.88818007 -4.49509562 8.63363681
v 1.89744330 -4.49509562 8.62247726
v 1.90670672 -4.49509562 8.61131771
v 1.86965341 -1.49836520 8.65595590
v 1.87891664 -2.99673041 8.64479635
v 1.87891664 -1.49836520 8.64479635
v 1.84112980 4.49509560 8.68890411
v 1.83113286 4.49509560 8.69953323
v 1.82113591 4.49509560 8.71016235
v 1.83113286 2.99673041 8.69953323
v 1.84112980 2.99673041 8.68890411
v 1.84112980 1.49836520 8.68890411
v 1.81113895 4.49509560 8.72079147
v 1.80114200 4.49509560 8.73142059
v 1.81113895 2.99673041 8.72079147
v 1.79114505 4.49509560 8.74204971
v 1.78114810 4.49509560 8.75267883
v 1.79114505 2.99673041 8.74204971
v 1.80114200 2.99673041 8.73142059
v 1.81113895 1.49836520 8.72079147
v 1.80114200 1.49836520 8.73142059
v 1.81113895 -0.00000001 8.72079147
v 1.84112980 -0.00000001 8.68890411
v 1.83113286 -0.00000001 8.69953323
v 1.84112980 -1.49836520 8.68890411
v 1.82113591 -0.00000001 8.71016235
v 1.83113286 -1.49836520 8.69953323
v 1.82113591 -1.49836520 8.71016235
v 1.83113286 -2.99673041 8.69953323
v 1.84112980 -2.99673041 8.68890411
v 1.84112980 -4.49509562 8.68890411
v 1.82113591 2.99673041 8.71016235
v 1.82113591 1.49836520 8.71016235
v 1.83113286 1.49836520 8.69953323
v 1.77115115 4.49509560 8.76330795
v 1.77115115 2.99673041 8.76330795
v 1.78114810 2.99673041 8.75267883
v 1.77115115 1.49836520 8.76330795
v 1.78114810 1.49836520 8.75267883
v 1.77115115 -0.00000001 8.76330795
v 1.78114810 -0.00000001 8.75267883
v 1.79114505 -0.00000001 8.74204971
v 1.79114505 1.49836520 8.74204971
v 1.80114200 -0.00000001 8.73142059
v 1.77115115 -1.49836520 8.76330795
v 1.78114810 -1.49836520 8.75267883
v 1.77115115 -2.99673041 8.76330795
v 1.78114810 -2.99673041 8.75267883
v 1.79114505 -2.99673041 8.74204971
v 1.77115115 -4.49509562 8.76330795
v 1.78114810 -4.49509562 8.75267883
v 1.79114505 -4.49509562 8.74204971
v 1.80114200 -4.49509562 8.73142059
v 1.81113895 -1.49836520 8.72079147
v 1.81113895 -2.99673041 8.72079147
v 1.82113591 -2.99673041 8.71016235
v 1.81113895 -4.49509562 8.72079147
v 1.82113591 -4.49509562 8.71016235
v 1.83113286 -4.49509562 8.69953323
v 1.79114505 -1.49836520 8.74204971
v 1.80114200 -2.99673041 8.73142059
v 1.80114200 -1.49836520 8.73142059
v 1.76042067 4.49509560 8.77340587
v 1.74969019 4.49509560 8.78350457
v 1.73895971 4.49509560 8.79360250
v 1.74969019 2.99673041 8.78350457
v 1.76042067 2.99673041 8.77340587
v 1.76042067 1.49836520 8.77340587
v 1.72822923 4.49509560 8.80370119
v 1.71749875 4.49509560 8.81379913
v 1.72822923 2.99673041 8.80370119
v 1.70676827 4.49509560 8.82389782
v 1.69603779 4.49509560 8.83399575
v 1.70676827 2.99673041 8.82389782
v 1.71749875 2.99673041 8.81379913
v 1.72822923 1.49836520 8.80370119
v 1.71749875 1.49836520 8.81379913
v 1.72822923 -0.00000001 8.80370119
v 1.76042067 -0.00000001 8.77340587
v 1.74969019 -0.00000001 8.78350457
v 1.76042067 -1.49836520 8.77340587
v 1.73895971 -0.00000001 8.79360250
v 1.74969019 -1.49836520 8.78350457
v 1.73895971 -1.49836520 8.79360250
v 1.74969019 -2.99673041 8.78350457
v 1.76042067 -2.99673041 8.77340587
v 1.76042067 -4.49509562 8.77340587
v 1.73895971 2.99673041 8.79360250
v 1.73895971 1.49836520 8.79360250
v 1.74969019 1.49836520 8.78350457
v 1.68530731 4.49509560 8.84409444
v 1.68530731 2.99673041 8.84409444
v 1.69603779 2.99673041 8.83399575
v 1.68530731 1.49836520 8.84409444
v 1.69603779 1.49836520 8.83399575
v 1.68530731 -0.00000001 8.84409444
v 1.69603779 -0.00000001 8.83399575
v 1.70676827 -0.00000001 8.82389782
v 1.70676827 1.49836520 8.82389782
v 1.71749875 -0.00000001 8.81379913
v 1.68530731 -1.49836520 8.84409444
v 1.69603779 -1.49836520 8.83399575
v 1.68530731 -2.99673041 8.84409444
v 1.69603779 -2.99673041 8.83399575
v 1.70676827 -2.99673041 8.82389782
v 1.68530731 -4.49509562 8.84409444
v 1.69603779 -4.49509562 8.83399575
v 1.70676827 -4.49509562 8.82389782
v 1.71749875 -4.49509562 8.81379913
v 1.72822923 -1.49836520 8.80370119
v 1.72822923 -2.99673041 8.80370119
v 1.73895971 -2.99673041 8.79360250
v 1.72822923 -4.49509562 8.80370119
v 1.73895971 -4.49509562 8.79360250
v 1.74969019 -4.49509562 8.78350457
v 1.70676827 -1.49836520 8.82389782
v 1.71749875 -2.99673041 8.81379913
v 1.71749875 -1.49836520 8.81379913
v 1.67384330 4.49509560 8.85366194
v 1.66237929 4.49509560 8.86322945
v 1.65091528 4.49509560 8.87279695
v 1.66237929 2.99673041 8.86322945
v 1.67384330 2.99673041 8.85366194
v 1.67384330 1.49836520 8.85366194
v 1.63945128 4.49509560 8.88236521
v 1.62798726 4.49509560 8.89193272
v 1.63945128 2.99673041 8.88236521
v 1.61652325 4.49509560 8.90150022
v 1.60505925 4.49509560 8.91106772
v 1.61652325 2.99673041 8.90150022
v 1.62798726 2.99673041 8.89193272
v 1.63945128 1.49836520 8.88236521
v 1.62798726 1.49836520 8.89193272
v 1.63945128 -0.00000001 8.88236521
v 1.67384330 -0.00000001 8.85366194
v 1.66237929 -0.00000001 8.86322945
v 1.67384330 -1.49836520 8.85366194
v 1.65091528 -0.00000001 8.87279695
v 1.66237929 -1.49836520 8.86322945
v 1.65091528 -1.49836520 8.87279695
v 1.66237929 -2.99673041 8.86322945
v 1.67384330 -2.99673041 8.85366194
v 1.67384330 -4.49509562 8.85366194
v 1.65091528 2.99673041 8.87279695
v 1.65091528 1.49836520 8.87279695
v 1.66237929 1.49836520 8.86322945
v 1.59359514 4.49509560 8.92063599
v 1.59359514 2.99673041 8.92063599
v 1.60505925 2.99673041 8.91106772
v 1.59359514 1.49836520 8.92063599
v 1.60505925 1.49836520 8.91106772
v 1.59359514 -0.00000001 8.92063599
v 1.60505925 -0.00000001 8.91106772
v 1.61652325 -0.00000001 8.90150022
v 1.61652325 1.49836520 8.90150022
v 1.62798726 -0.00000001 8.89193272
v 1.59359514 -1.49836520 8.92063599
v 1.60505925 -1.49836520 8.91106772
v 1.59359514 -2.99673041 8.92063599
v 1.60505925 -2.99673041 8.91106772
v 1.61652325 -2.99673041 8.90150022
v 1.59359514 -4.49509562 8.92063599
v 1.60505925 -4.49509562 8.91106772
v 1.61652325 -4.49509562 8.90150022
v 1.62798726 -4.49509562 8.89193272
v 1.63945128 -1.49836520 8.88236521
v 1.63945128 -2.99673041 8.88236521
v 1.65091528 -2.99673041 8.87279695
v 1.63945128 -4.49509562 8.88236521
v 1.65091528 -4.49509562 8.87279695
v 1.66237929 -4.49509562 8.86322945
v 1.61652325 -1.49836520 8.90150022
v 1.62798726 -2.99673041 8.89193272
v 1.62798726 -1.49836520 8.89193272
v 1.58139751 4.49509560 8.92967307
v 1.56919988 4.49509560 8.93871014
v 1.55700224 4.49509560 8.94774722
v 1.56919988 2.99673041 8.93871014
v 1.58139751 2.99673041 8.92967307
v 1.58139751 1.49836520 8.92967307
v 1.54480461 4.49509560 8.95678430
v 1.53260698 4.49509560 8.96582137
v 1.54480461 2.99673041 8.95678430
v 1.52040935 4.49509560 8.97485844
v 1.50821171 4.49509560 8.98389552
v 1.52040935 2.99673041 8.97485844
v 1.53260698 2.99673041 8.96582137
v 1.54480461 1.49836520 8.95678430
v 1.53260698 1.49836520 8.96582137
v 1.54480461 -0.00000001 8.95678430
v 1.58139751 -0.00000001 8.92967307
v 1.56919988 -0.00000001 8.93871014
v 1.58139751 -1.49836520 8.92967307
v 1.55700224 -0.00000001 8.94774722
v 1.56919988 -1.49836520 8.93871014
v 1.55700224 -1.49836520 8.94774722
v 1.56919988 -2.99673041 8.93871014
v 1.58139751 -2.99673041 8.92967307
v 1.58139751 -4.49509562 8.92967307
v 1.55700224 2.99673041 8.94774722
v 1.55700224 1.49836520 8.94774722
v 1.56919988 1.49836520 8.93871014
v 1.49601408 4.49509560 8.99293260
v 1.49601408 2.99673041 8.99293260
v 1.50821171 2.99673041 8.98389552
v 1.49601408 1.49836520 8.99293260
v 1.50821171 1.49836520 8.98389552
v 1.49601408 -0.00000001 8.99293260
v 1.50821171 -0.00000001 8.98389552
v 1.52040935 -0.00000001 8.97485844
v 1.52040935 1.49836520 8.97485844
v 1.53260698 -0.00000001 8.96582137
v 1.49601408 -1.49836520 8.99293260
v 1.50821171 -1.49836520 8.98389552
v 1.49601408 -2.99673041 8.99293260
v 1.50821171 -2.99673041 8.98389552
v 1.52040935 -2.99673041 8.97485844
v 1.49601408 -4.49509562 8.99293260
v 1.50821171 -4.49509562 8.98389552
v 1.52040935 -4.49509562 8.97485844
v 1.53260698 -4.49509562 8.96582137
v 1.54480461 -1.49836520 8.95678430
v 1.54480461 -2.99673041 8.95678430
v 1.55700224 -2.99673041 8.94774722
v 1.54480461 -4.49509562 8.95678430
v 1.55700224 -4.49509562 8.94774722
v 1.56919988 -4.49509562 8.93871014
v 1.52040935 -1.49836520 8.97485844
v 1.53260698 -2.99673041 8.96582137
v 1.53260698 -1.49836520 8.96582137
v 1.48308282 4.49509560 9.00143848
v 1.47015156 4.49509560 9.00994513
v 1.45722030 4.49509560 9.01845102
v 1.47015156 2.99673041 9.00994513
v 1.48308282 2.99673041 9.00143848
v 1.48308282 1.49836520 9.00143848
v 1.44428905 4.49509560 9.02695767
v 1.43135779 4.49509560 9.03546356
v 1.44428905 2.99673041 9.02695767
v 1.41842653 4.49509560 9.04397021
v 1.40549528 4.49509560 9.05247609
v 1.41842653 2.99673041 9.04397021
v 1.43135779 2.99673041 9.03546356
v 1.44428905 1.49836520 9.02695767
v 1.43135779 1.49836520 9.03546356
v 1.44428905 -0.00000001 9.02695767
v 1.48308282 -0.00000001 9.00143848
v 1.47015156 -0.00000001 9.00994513
v 1.48308282 -1.49836520 9.00143848
v 1.45722030 -0.00000001 9.01845102
v 1.47015156 -1.49836520 9.00994513
v 1.45722030 -1.49836520 9.01845102
v 1.47015156 -2.99673041 9.00994513
v 1.48308282 -2.99673041 9.00143848
v 1.48308282 -4.49509562 9.00143848
v 1.45722030 2.99673041 9.01845102
v 1.45722030 1.49836520 9.01845102
v 1.47015156 1.49836520 9.00994513
v 1.39256402 4.49509560 9.06098274
v 1.39256402 2.99673041 9.06098274
v 1.40549528 2.99673041 9.05247609
v 1.39256402 1.49836520 9.06098274
v 1.40549528 1.49836520 9.05247609
v 1.39256402 -0.00000001 9.06098274
v 1.40549528 -0.00000001 9.05247609
v 1.41842653 -0.00000001 9.04397021
v 1.41842653 1.49836520 9.04397021
v 1.43135779 -0.00000001 9.03546356
v 1.39256402 -1.49836520 9.06098274
v 1.40549528 -1.49836520 9.05247609
v 1.39256402 -2.99673041 9.06098274
v 1.40549528 -2.99673041 9.05247609
v 1.41842653 -2.99673041 9.04397021
v 1.39256402 -4.49509562 9.06098274
v 1.40549528 -4.49509562 9.05247609
v 1.41842653 -4.49509562 9.04397021
v 1.43135779 -4.49509562 9.03546356
v 1.44428905 -1.49836520 9.02695767
v 1.44428905 -2.99673041 9.02695767
v 1.45722030 -2.99673041 9.01845102
v 1.44428905 -4.49509562 9.02695767
v 1.45722030 -4.49509562 9.01845102
v 1.47015156 -4.49509562 9.00994513
v 1.41842653 -1.49836520 9.04397021
v 1.43135779 -2.99673041 9.03546356
v 1.43135779 -1.49836520 9.03546356
v 1.37919579 4.49509560 9.06888046
v 1.36582756 4.49509560 9.07677819
v 1.35245933 4.49509560 9.08467591
v 1.36582756 2.99673041 9.07677819
v 1.37919579 2.99673041 9.06888046
v 1.37919579 1.49836520 9.06888046
v 1.33909110 4.49509560 9.09257364
v 1.32572287 4.49509560 9.10047136
v 1.33909110 2.99673041 9.09257364
v 1.31235464 4.49509560 9.10836909
v 1.29898641 4.49509560 9.11626681
v 1.31235464 2.99673041 9.10836909
v 1.32572287 2.99673041 9.10047136
v 1.33909110 1.49836520 9.09257364
v 1.32572287 1.49836520 9.10047136
v 1.33909110 -0.00000001 9.09257364
v 1.37919579 -0.00000001 9.06888046
v 1.36582756 -0.00000001 9.07677819
v 1.37919579 -1.49836520 9.06888046
v 1.35245933 -0.00000001 9.08467591
v 1.36582756 -1.49836520 9.07677819
v 1.35245933 -1.49836520 9.08467591
v 1.36582756 -2.99673041 9.07677819
v 1.37919579 -2.99673041 9.06888046
v 1.37919579 -4.49509562 9.06888046
v 1.35245933 2.99673041 9.08467591
v 1.35245933 1.49836520 9.08467591
v 1.36582756 1.49836520 9.07677819
v 1.28561817 4.49509560 9.12416454
v 1.28561817 2.99673041 9.12416454
v 1.29898641 2.99673041 9.11626681
v 1.28561817 1.49836520 9.12416454
v 1.29898641 1.49836520 9.11626681
v 1.28561817 -0.00000001 9.12416454
v 1.29898641 -0.00000001 9.11626681
v 1.31235464 -0.00000001 9.10836909
v 1.31235464 1.49836520 9.10836909
v 1.32572287 -0.00000001 9.10047136
v 1.28561817 -1.49836520 9.12416454
v 1.29898641 -1.49836520 9.11626681
v 1.28561817 -2.99673041 9.12416454
v 1.29898641 -2.99673041 9.11626681
v 1.31235464 -2.99673041 9.10836909
v 1.28561817 -4.49509562 9.12416454
v 1.29898641 -4.49509562 9.11626681
v 1.31235464 -4.49509562 9.10836909
v 1.32572287 -4.49509562 9.10047136
v 1.33909110 -1.49836520 9.09257364
v 1.33909110 -2.99673041 9.09257364
v 1.35245933 -2.99673041 9.08467591
v 1.33909110 -4.49509562 9.09257364
v 1.35245933 -4.49509562 9.08467591
v 1.36582756 -4.49509562 9.07677819
v 1.31235464 -1.49836520 9.10836909
v 1.32572287 -2.99673041 9.10047136
v 1.32572287 -1.49836520 9.10047136
v 1.27210953 4.49509560 9.13137484
v 1.25860087 4.49509560 9.13858591
v 1.24509223 4.49509560 9.14579697
v 1.25860087 2.99673041 9.13858591
v 1.27210953 2.99673041 9.13137484
v 1.27210953 1.49836520 9.13137484
v 1.23158358 4.49509560 9.15300804
v 1.21807493 4.49509560 9.16021834
v 1.23158358 2.99673041 9.15300804
v 1.20456628 4.49509560 9.16742941
v 1.19105763 4.49509560 9.17464047
v 1.20456628 2.99673041 9.16742941
v 1.21807493 2.99673041 9.16021834
v 1.23158358 1.49836520 9.15300804
v 1.21807493 1.49836520 9.16021834
v 1.23158358 -0.00000001 9.15300804
v 1.27210953 -0.00000001 9.13137484
v 1.25860087 -0.00000001 9.13858591
v 1.27210953 -1.49836520 9.13137484
v 1.24509223 -0.00000001 9.14579697
v 1.25860087 -1.49836520 9.13858591
v 1.24509223 -1.49836520 9.14579697
v 1.25860087 -2.99673041 9.13858591
v 1.27210953 -2.99673041 9.13137484
v 1.27210953 -4.49509562 9.13137484
v 1.24509223 2.99673041 9.14579697
v 1.24509223 1.49836520 9.14579697
v 1.25860087 1.49836520 9.13858591
v 1.17754898 4.49509560 9.18185154
v 1.17754898 2.99673041 9.18185154
v 1.19105763 2.99673041 9.17464047
v 1.17754898 1.49836520 9.18185154
v 1.19105763 1.49836520 9.17464047
v 1.17754898 -0.00000001 9.18185154
v 1.19105763 -0.00000001 9.17464047
v 1.20456628 -0.00000001 9.16742941
v 1.20456628 1.49836520 9.16742941
v 1.21807493 -0.00000001 9.16021834
v 1.17754898 -1.49836520 9.18185154
v 1.19105763 -1.49836520 9.17464047
v 1.17754898 -2.99673041 9.18185154
v 1.19105763 -2.99673041 9.17464047
v 1.20456628 -2.99673041 9.16742941
v 1.17754898 -4.49509562 9.18185154
v 1.19105763 -4.49509562 9.17464047
v 1.20456628 -4.49509562 9.16742941
v 1.21807493 -4.49509562 9.16021834
v 1.23158358 -1.49836520 9.15300804
v 1.23158358 -2.99673041 9.15300804
v 1.24509223 -2.99673041 9.14579697
v 1.23158358 -4.49509562 9.15300804
v 1.24509223 -4.49509562 9.14579697
v 1.25860087 -4.49509562 9.13858591
v 1.20456628 -1.49836520 9.16742941
v 1.21807493 -2.99673041 9.16021834
v 1.21807493 -1.49836520 9.16021834
v 1.16389982 4.49509560 9.18837519
v 1.15025065 4.49509560 9.19489959
v 1.13660149 4.49509560 9.20142323
v 1.15025065 2.99673041 9.19489959
v 1.16389982 2.99673041 9.18837519
v 1.16389982 1.49836520 9.18837519
v 1.12295233 4.49509560 9.20794764
v 1.10930317 4.49509560 9.21447129
v 1.12295233 2.99673041 9.20794764
v 1.09565401 4.49509560 9.22099569
v 1.08200484 4.49509560 9.22751933
v 1.09565401 2.99673041 9.22099569
v 1.10930317 2.99673041 9.21447129
v 1.12295233 1.49836520 9.20794764
v 1.10930317 1.49836520 9.21447129
v 1.12295233 -0.00000001 9.20794764
v 1.16389982 -0.00000001 9.18837519
v 1.15025065 -0.00000001 9.19489959
v 1.16389982 -1.49836520 9.18837519
v 1.13660149 -0.00000001 9.20142323
v 1.15025065 -1.49836520 9.19489959
v 1.13660149 -1.49836520 9.20142323
v 1.15025065 -2.99673041 9.19489959
v 1.16389982 -2.99673041 9.18837519
v 1.16389982 -4.49509562 9.18837519
v 1.13660149 2.99673041 9.20142323
v 1.13660149 1.49836520 9.20142323
v 1.15025065 1.49836520 9.19489959
v 1.06835568 4.49509560 9.23404374
v 1.06835568 2.99673041 9.23404374
v 1.08200484 2.99673041 9.22751933
v 1.06835568 1.49836520 9.23404374
v 1.08200484 1.49836520 9.22751933
v 1.06835568 -0.00000001 9.23404374
v 1.08200484 -0.00000001 9.22751933
v 1.09565401 -0.00000001 9.22099569
v 1.09565401 1.49836520 9.22099569
v 1.10930317 -0.00000001 9.21447129
v 1.06835568 -1.49836520 9.23404374
v 1.08200484 -1.49836520 9.22751933
v 1.06835568 -2.99673041 9.23404374
v 1.08200484 -2.99673041 9.22751933
v 1.09565401 -2.99673041 9.22099569
v 1.06835568 -4.49509562 9.23404374
v 1.08200484 -4.49509562 9.22751933
v 1.09565401 -4.49509562 9.22099569
v 1.10930317 -4.49509562 9.21447129
v 1.12295233 -1.49836520 9.20794764
v 1.12295233 -2.99673041 9.20794764
v 1.13660149 -2.99673041 9.20142323
v 1.12295233 -4.49509562 9.20794764
v 1.13660149 -4.49509562 9.20142323
v 1.15025065 -4.49509562 9.19489959
v 1.09565401 -1.49836520 9.22099569
v 1.10930317 -2.99673041 9.21447129
v 1.10930317 -1.49836520 9.21447129
v 1.05456600 4.49509560 9.23988072
v 1.04077633 4.49509560 9.24571847
v 1.02698665 4.49509560 9.25155546
v 1.04077633 2.99673041 9.24571847
v 1.05456600 2.99673041 9.23988072
v 1.05456600 1.49836520 9.23988072
v 1.01319697 4.49509560 9.25739321
v 0.99940729 4.49509560 9.26323018
v 1.01319697 2.99673041 9.25739321
v 0.98561762 4.49509560 9.26906793
v 0.97182794 4.49509560 9.27490492
v 0.98561762 2.99673041 9.26906793
v 0.99940729 2.99673041 9.26323018
v 1.01319697 1.49836520 9.25739321
v 0.99940729 1.49836520 9.26323018
v 1.01319697 -0.00000001 9.25739321
v 1.05456600 -0.00000001 9.23988072
v 1.04077633 -0.00000001 9.24571847
v 1.05456600 -1.49836520 9.23988072
v 1.02698665 -0.00000001 9.25155546
v 1.04077633 -1.49836520 9.24571847
v 1.02698665 -1.49836520 9.25155546
v 1.04077633 -2.99673041 9.24571847
v 1.05456600 -2.99673041 9.23988072
v 1.05456600 -4.49509562 9.23988072
v 1.02698665 2.99673041 9.25155546
v 1.02698665 1.49836520 9.25155546
v 1.04077633 1.49836520 9.24571847
v 0.95803827 4.49509560 9.28074267
v 0.95803827 2.99673041 9.28074267
v 0.97182794 2.99673041 9.27490492
v 0.95803827 1.49836520 9.28074267
v 0.97182794 1.49836520 9.27490492
v 0.95803827 -0.00000001 9.28074267
v 0.97182794 -0.00000001 9.27490492
v 0.98561762 -0.00000001 9.26906793
v 0.98561762 1.49836520 9.26906793
v 0.99940729 -0.00000001 9.26323018
v 0.95803827 -1.49836520 9.28074267
v 0.97182794 -1.49836520 9.27490492
v 0.95803827 -2.99673041 9.28074267
v 0.97182794 -2.99673041 9.27490492
v 0.98561762 -2.99673041 9.26906793
v 0.95803827 -4.49509562 9.28074267
v 0.97182794 -4.49509562 9.27490492
v 0.98561762 -4.49509562 9.26906793
v 0.99940729 -4.49509562 9.26323018
v 1.01319697 -1.49836520 9.25739321
v 1.01319697 -2.99673041 9.25739321
v 1.02698665 -2.99673041 9.25155546
v 1.01319697 -4.49509562 9.25739321
v 1.02698665 -4.49509562 9.25155546
v 1.04077633 -4.49509562 9.24571847
v 0.98561762 -1.49836520 9.26906793
v 0.99940729 -2.99673041 9.26323018
v 0.99940729 -1.49836520 9.26323018
v 0.94410817 4.49509560 9.28589299
v 0.93017807 4.49509560 9.29104408
v 0.91624798 4.49509560 9.29619440
v 0.93017807 2.99673041 9.29104408
v 0.94410817 2.99673041 9.28589299
v 0.94410817 1.49836520 9.28589299
v 0.90231788 4.49509560 9.30134549
v 0.88838779 4.49509560 9.30649582
v 0.90231788 2.99673041 9.30134549
v 0.87445770 4.49509560 9.31164691
v 0.86052760 4.49509560 9.31679723
v 0.87445770 2.99673041 9.31164691
v 0.88838779 2.99673041 9.30649582
v 0.90231788 1.49836520 9.30134549
v 0.88838779 1.49836520 9.30649582
v 0.90231788 -0.00000001 9.30134549
v 0.94410817 -0.00000001 9.28589299
v 0.93017807 -0.00000001 9.29104408
v 0.94410817 -1.49836520 9.28589299
v 0.91624798 -0.00000001 9.29619440
v 0.93017807 -1.49836520 9.29104408
v 0.91624798 -1.49836520 9.29619440
v 0.93017807 -2.99673041 9.29104408
v 0.94410817 -2.99673041 9.28589299
v 0.94410817 -4.49509562 9.28589299
v 0.91624798 2.99673041 9.29619440
v 0.91624798 1.49836520 9.29619440
v 0.93017807 1.49836520 9.29104408
v 0.84659751 4.49509560 9.32194832
v 0.84659751 2.99673041 9.32194832
v 0.86052760 2.99673041 9.31679723
v 0.84659751 1.49836520 9.32194832
v 0.86052760 1.49836520 9.31679723
v 0.84659751 -0.00000001 9.32194832
v 0.86052760 -0.00000001 9.31679723
v 0.87445770 -0.00000001 9.31164691
v 0.87445770 1.49836520 9.31164691
v 0.88838779 -0.00000001 9.30649582
v 0.84659751 -1.49836520 9.32194832
v 0.86052760 -1.49836520 9.31679723
v 0.84659751 -2.99673041 9.32194832
v 0.86052760 -2.99673041 9.31679723
v 0.87445770 -2.99673041 9.31164691
v 0.84659751 -4.49509562 9.32194832
v 0.86052760 -4.49509562 9.31679723
v 0.87445770 -4.49509562 9.31164691
v 0.88838779 -4.49509562 9.30649582
v 0.90231788 -1.49836520 9.30134549
v 0.90231788 -2.99673041 9.30134549
v 0.91624798 -2.99673041 9.29619440
v 0.90231788 -4.49509562 9.30134549
v 0.91624798 -4.49509562 9.29619440
v 0.93017807 -4.49509562 9.29104408
v 0.87445770 -1.49836520 9.31164691
v 0.88838779 -2.99673041 9.30649582
v 0.88838779 -1.49836520 9.30649582
v 0.83252690 4.49509560 9.32641198
v 0.81845629 4.49509560 9.33087565
v 0.80438568 4.49509560 9.33533932
v 0.81845629 2.99673041 9.33087565
v 0.83252690 2.99673041 9.32641198
v 0.83252690 1.49836520 9.32641198
v 0.79031507 4.49509560 9.33980375
v 0.77624446 4.49509560 9.34426741
v 0.79031507 2.99673041 9.33980375
v 0.76217385 4.49509560 9.34873108
v 0.74810324 4.49509560 9.35319475
v 0.76217385 2.99673041 9.34873108
v 0.77624446 2.99673041 9.34426741
v 0.79031507 1.49836520 9.33980375
v 0.77624446 1.49836520 9.34426741
v 0.79031507 -0.00000001 9.33980375
v 0.83252690 -0.00000001 9.32641198
v 0.81845629 -0.00000001 9.33087565
v 0.83252690 -1.49836520 9.32641198
v 0.80438568 -0.00000001 9.33533932
v 0.81845629 -1.49836520 9.33087565
v 0.80438568 -1.49836520 9.33533932
v 0.81845629 -2.99673041 9.33087565
v 0.83252690 -2.99673041 9.32641198
v 0.83252690 -4.49509562 9.32641198
v 0.80438568 2.99673041 9.33533932
v 0.80438568 1.49836520 9.33533932
v 0.81845629 1.49836520 9.33087565
v 0.73403264 4.49509560 9.35765917
v 0.73403264 2.99673041 9.35765917
v 0.74810324 2.99673041 9.35319475
v 0.73403264 1.49836520 9.35765917
v 0.74810324 1.49836520 9.35319475
v 0.73403264 -0.00000001 9.35765917
v 0.74810324 -0.00000001 9.35319475
v 0.76217385 -0.00000001 9.34873108
v 0.76217385 1.49836520 9.34873108
v 0.77624446 -0.00000001 9.34426741
v 0.73403264 -1.49836520 9.35765917
v 0.74810324 -1.49836520 9.35319475
v 0.73403264 -2.99673041 9.35765917
v 0.74810324 -2.99673041 9.35319475
v 0.76217385 -2.99673041 9.34873108
v 0.73403264 -4.49509562 9.35765917
v 0.74810324 -4.49509562 9.35319475
v 0.76217385 -4.49509562 9.34873108
v 0.77624446 -4.49509562 9.34426741
v 0.79031507 -1.49836520 9.33980375
v 0.79031507 -2.99673041 9.33980375
v 0.80438568 -2.99673041 9.33533932
v 0.79031507 -4.49509562 9.33980375
v 0.80438568 -4.49509562 9.33533932
v 0.81845629 -4.49509562 9.33087565
v 0.76217385 -1.49836520 9.34873108
v 0.77624446 -2.99673041 9.34426741
v 0.77624446 -1.49836520 9.34426741
v 0.71982161 4.49509560 9.36143618
v 0.70561058 4.49509560 9.36521319
v 0.69139955 4.49509560 9.36899019
v 0.70561058 2.99673041 9.36521319
v 0.71982161 2.99673041 9.36143618
v 0.71982161 1.49836520 9.36143618
v 0.67718853 4.49509560 9.37276796
v 0.66297750 4.49509560 9.37654497
v 0.67718853 2.99673041 9.37276796
v 0.64876647 4.49509560 9.38032198
v 0.63455545 4.49509560 9.38409898
v 0.64876647 2.99673041 9.38032198
v 0.66297750 2.99673041 9.37654497
v 0.67718853 1.49836520 9.37276796
v 0.66297750 1.49836520 9.37654497
v 0.67718853 -0.00000001 9.37276796
v 0.71982161 -0.00000001 9.36143618
v 0.70561058 -0.00000001 9.36521319
v 0.71982161 -1.49836520 9.36143618
v 0.69139955 -0.00000001 9.36899019
v 0.70561058 -1.49836520 9.36521319
v 0.69139955 -1.49836520 9.36899019
v 0.70561058 -2.99673041 9.36521319
v 0.71982161 -2.99673041 9.36143618
v 0.71982161 -4.49509562 9.36143618
v 0.69139955 2.99673041 9.36899019
v 0.69139955 1.49836520 9.36899019
v 0.70561058 1.49836520 9.36521319
v 0.62034442 4.49509560 9.38787675
v 0.62034442 2.99673041 9.38787675
v 0.63455545 2.99673041 9.38409898
v 0.62034442 1.49836520 9.38787675
v 0.63455545 1.49836520 9.38409898
v 0.62034442 -0.00000001 9.38787675
v 0.63455545 -0.00000001 9.38409898
v 0.64876647 -0.00000001 9.38032198
v 0.64876647 1.49836520 9.38032198
v 0.66297750 -0.00000001 9.37654497
v 0.62034442 -1.49836520 9.38787675
v 0.63455545 -1.49836520 9.38409898
v 0.62034442 -2.99673041 9.38787675
v 0.63455545 -2.99673041 9.38409898
v 0.64876647 -2.99673041 9.38032198
v 0.62034442 -4.49509562 9.38787675
v 0.63455545 -4.49509562 9.38409898
v 0.64876647 -4.49509562 9.38032198
v 0.66297750 -4.49509562 9.37654497
v 0.67718853 -1.49836520 9.37276796
v 0.67718853 -2.99673041 9.37276796
v 0.69139955 -2.99673041 9.36899019
v 0.67718853 -4.49509562 9.37276796
v 0.69139955 -4.49509562 9.36899019
v 0.70561058 -4.49509562 9.36521319
v 0.64876647 -1.49836520 9.38032198
v 0.66297750 -2.99673041 9.37654497
v 0.66297750 -1.49836520 9.37654497
v 0.60599288 4.49509560 9.39096710
v 0.59164134 4.49509560 9.39405745
v 0.57728979 4.49509560 9.39714780
v 0.59164134 2.99673041 9.39405745
v 0.60599288 2.99673041 9.39096710
v 0.60599288 1.49836520 9.39096710
v 0.56293826 4.49509560 9.40023814
v 0.54858672 4.49509560 9.40332849
v 0.56293826 2.99673041 9.40023814
v 0.53423517 4.49509560 9.40641884
v 0.51988363 4.49509560 9.40950919
v 0.53423517 2.99673041 9.40641884
v 0.54858672 2.99673041 9.40332849
v 0.56293826 1.49836520 9.40023814
v 0.54858672 1.49836520 9.40332849
v 0.56293826 -0.00000001 9.40023814
v 0.60599288 -0.00000001 9.39096710
v 0.59164134 -0.00000001 9.39405745
v 0.60599288 -1.49836520 9.39096710
v 0.57728979 -0.00000001 9.39714780
v 0.59164134 -1.49836520 9.39405745
v 0.57728979 -1.49836520 9.39714780
v 0.59164134 -2.99673041 9.39405745
v 0.60599288 -2.99673041 9.39096710
v 0.60599288 -4.49509562 9.39096710
v 0.57728979 2.99673041 9.39714780
v 0.57728979 1.49836520 9.39714780
v 0.59164134 1.49836520 9.39405745
v 0.50553210 4.49509560 9.41259953
v 0.50553210 2.99673041 9.41259953
v 0.51988363 2.99673041 9.40950919
v 0.50553210 1.49836520 9.41259953
v 0.51988363 1.49836520 9.40950919
v 0.50553210 -0.00000001 9.41259953
v 0.51988363 -0.00000001 9.40950919
v 0.53423517 -0.00000001 9.40641884
v 0.53423517 1.49836520 9.40641884
v 0.54858672 -0.00000001 9.40332849
v 0.50553210 -1.49836520 9.41259953
v 0.51988363 -1.49836520 9.40950919
v 0.50553210 -2.99673041 9.41259953
v 0.51988363 -2.99673041 9.40950919
v 0.53423517 -2.99673041 9.40641884
v 0.50553210 -4.49509562 9.41259953
v 0.51988363 -4.49509562 9.40950919
v 0.53423517 -4.49509562 9.40641884
v 0.54858672 -4.49509562 9.40332849
v 0.56293826 -1.49836520 9.40023814
v 0.56293826 -2.99673041 9.40023814
v 0.57728979 -2.99673041 9.39714780
v 0.56293826 -4.49509562 9.40023814
v 0.57728979 -4.49509562 9.39714780
v 0.59164134 -4.49509562 9.39405745
v 0.53423517 -1.49836520 9.40641884
v 0.54858672 -2.99673041 9.40332849
v 0.54858672 -1.49836520 9.40332849
v 0.49104014 4.49509560 9.41500322
v 0.47654817 4.49509560 9.41740691
v 0.46205622 4.49509560 9.41981060
v 0.47654817 2.99673041 9.41740691
v 0.49104014 2.99673041 9.41500322
v 0.49104014 1.49836520 9.41500322
v 0.44756426 4.49509560 9.42221429
v 0.43307230 4.49509560 9.42461798
v 0.44756426 2.99673041 9.42221429
v 0.41858034 4.49509560 9.42702166
v 0.40408838 4.49509560 9.42942535
v 0.41858034 2.99673041 9.42702166
v 0.43307230 2.99673041 9.42461798
v 0.44756426 1.49836520 9.42221429
v 0.43307230 1.49836520 9.42461798
v 0.44756426 -0.00000001 9.42221429
v 0.49104014 -0.00000001 9.41500322
v 0.47654817 -0.00000001 9.41740691
v 0.49104014 -1.49836520 9.41500322
v 0.46205622 -0.00000001 9.41981060
v 0.47654817 -1.49836520 9.41740691
v 0.46205622 -1.49836520 9.41981060
v 0.47654817 -2.99673041 9.41740691
v 0.49104014 -2.99673041 9.41500322
v 0.49104014 -4.49509562 9.41500322
v 0.46205622 2.99673041 9.41981060
v 0.46205622 1.49836520 9.41981060
v 0.47654817 1.49836520 9.41740691
v 0.38959645 4.49509560 9.43182904
v 0.38959645 2.99673041 9.43182904
v 0.40408838 2.99673041 9.42942535
v 0.38959645 1.49836520 9.43182904
v 0.40408838 1.49836520 9.42942535
v 0.38959645 -0.00000001 9.43182904
v 0.40408838 -0.00000001 9.42942535
v 0.41858034 -0.00000001 9.42702166
v 0.41858034 1.49836520 9.42702166
v 0.43307230 -0.00000001 9.42461798
v 0.38959645 -1.49836520 9.43182904
v 0.40408838 -1.49836520 9.42942535
v 0.38959645 -2.99673041 9.43182904
v 0.40408838 -2.99673041 9.42942535
v 0.41858034 -2.99673041 9.42702166
v 0.38959645 -4.49509562 9.43182904
v 0.40408838 -4.49509562 9.42942535
v 0.41858034 -4.49509562 9.42702166
v 0.43307230 -4.49509562 9.42461798
v 0.44756426 -1.49836520 9.42221429
v 0.44756426 -2.99673041 9.42221429
v 0.46205622 -2.99673041 9.41981060
v 0.44756426 -4.49509562 9.42221429
v 0.46205622 -4.49509562 9.41981060
v 0.47654817 -4.49509562 9.41740691
v 0.41858034 -1.49836520 9.42702166
v 0.43307230 -2.99673041 9.42461798
v 0.43307230 -1.49836520 9.42461798
v 0.37496397 4.49509560 9.43354531
v 0.36033150 4.49509560 9.43526234
v 0.34569903 4.49509560 9.43697937
v 0.36033150 2.99673041 9.43526234
v 0.37496397 2.99673041 9.43354531
v 0.37496397 1.49836520 9.43354531
v 0.33106656 4.49509560 9.43869640
v 0.31643408 4.49509560 9.44041267
v 0.33106656 2.99673041 9.43869640
v 0.30180161 4.49509560 9.44212969
v 0.28716914 4.49509560 9.44384673
v 0.30180161 2.99673041 9.44212969
v 0.31643408 2.99673041 9.44041267
v 0.33106656 1.49836520 9.43869640
v 0.31643408 1.49836520 9.44041267
v 0.33106656 -0.00000001 9.43869640
v 0.37496397 -0.00000001 9.43354531
v 0.36033150 -0.00000001 9.43526234
v 0.37496397 -1.49836520 9.43354531
v 0.34569903 -0.00000001 9.43697937
v 0.36033150 -1.49836520 9.43526234
v 0.34569903 -1.49836520 9.43697937
v 0.36033150 -2.99673041 9.43526234
v 0.37496397 -2.99673041 9.43354531
v 0.37496397 -4.49509562 9.43354531
v 0.34569903 2.99673041 9.43697937
v 0.34569903 1.49836520 9.43697937
v 0.36033150 1.49836520 9.43526234
v 0.27253667 4.49509560 9.44556375
v 0.27253667 2.99673041 9.44556375
v 0.28716914 2.99673041 9.44384673
v 0.27253667 1.49836520 9.44556375
v 0.28716914 1.49836520 9.44384673
v 0.27253667 -0.00000001 9.44556375
v 0.28716914 -0.00000001 9.44384673
v 0.30180161 -0.00000001 9.44212969
v 0.30180161 1.49836520 9.44212969
v 0.31643408 -0.00000001 9.44041267
v 0.27253667 -1.49836520 9.44556375
v 0.28716914 -1.49836520 9.44384673
v 0.27253667 -2.99673041 9.44556375
v 0.28716914 -2.99673041 9.44384673
v 0.30180161 -2.99673041 9.44212969
v 0.27253667 -4.49509562 9.44556375
v 0.28716914 -4.49509562 9.44384673
v 0.30180161 -4.49509562 9.44212969
v 0.31643408 -4.49509562 9.44041267
v 0.33106656 -1.49836520 9.43869640
v 0.33106656 -2.99673041 9.43869640
v 0.34569903 -2.99673041 9.43697937
v 0.33106656 -4.49509562 9.43869640
v 0.34569903 -4.49509562 9.43697937
v 0.36033150 -4.49509562 9.43526234
v 0.30180161 -1.49836520 9.44212969
v 0.31643408 -2.99673041 9.44041267
v 0.31643408 -1.49836520 9.44041267
v 0.25776368 4.49509560 9.44659336
v 0.24299069 4.49509560 9.44762373
v 0.22821771 4.49509560 9.44865334
v 0.24299069 2.99673041 9.44762373
v 0.25776368 2.99673041 9.44659336
v 0.25776368 1.49836520 9.44659336
v 0.21344472 4.49509560 9.44968371
v 0.19867172 4.49509560 9.45071332
v 0.21344472 2.99673041 9.44968371
v 0.18389873 4.49509560 9.45174369
v 0.16912575 4.49509560 9.45277329
v 0.18389873 2.99673041 9.45174369
v 0.19867172 2.99673041 9.45071332
v 0.21344472 1.49836520 9.44968371
v 0.19867172 1.49836520 9.45071332
v 0.21344472 -0.00000001 9.44968371
v 0.25776368 -0.00000001 9.44659336
v 0.24299069 -0.00000001 9.44762373
v 0.25776368 -1.49836520 9.44659336
v 0.22821771 -0.00000001 9.44865334
v 0.24299069 -1.49836520 9.44762373
v 0.22821771 -1.49836520 9.44865334
v 0.24299069 -2.99673041 9.44762373
v 0.25776368 -2.99673041 9.44659336
v 0.25776368 -4.49509562 9.44659336
v 0.22821771 2.99673041 9.44865334
v 0.22821771 1.49836520 9.44865334
v 0.24299069 1.49836520 9.44762373
v 0.15435276 4.49509560 9.45380366
v 0.15435276 2.99673041 9.45380366
v 0.16912575 2.99673041 9.45277329
v 0.15435276 1.49836520 9.45380366
v 0.16912575 1.49836520 9.45277329
v 0.15435276 -0.00000001 9.45380366
v 0.16912575 -0.00000001 9.45277329
v 0.18389873 -0.00000001 9.45174369
v 0.18389873 1.49836520 9.45174369
v 0.19867172 -0.00000001 9.45071332
v 0.15435276 -1.49836520 9.45380366
v 0.16912575 -1.49836520 9.45277329
v 0.15435276 -2.99673041 9.45380366
v 0.16912575 -2.99673041 9.45277329
v 0.18389873 -2.99673041 9.45174369
v 0.15435276 -4.49509562 9.45380366
v 0.16912575 -4.49509562 9.45277329
v 0.18389873 -4.49509562 9.45174369
v 0.19867172 -4.49509562 9.45071332
v 0.21344472 -1.49836520 9.44968371
v 0.21344472 -2.99673041 9.44968371
v 0.22821771 -2.99673041 9.44865334
v 0.21344472 -4.49509562 9.44968371
v 0.22821771 -4.49509562 9.44865334
v 0.24299069 -4.49509562 9.44762373
v 0.18389873 -1.49836520 9.45174369
v 0.19867172 -2.99673041 9.45071332
v 0.19867172 -1.49836520 9.45071332
v 0.13943936 4.49509560 9.45414661
v 0.12452595 4.49509560 9.45449032
v 0.10961255 4.49509560 9.45483403
v 0.12452595 2.99673041 9.45449032
v 0.13943936 2.99673041 9.45414661
v 0.13943936 1.49836520 9.45414661
v 0.09469914 4.49509560 9.45517775
v 0.07978574 4.49509560 9.45552069
v 0.09469914 2.99673041 9.45517775
v 0.06487234 4.49509560 9.45586440
v 0.04995893 4.49509560 9.45620812
v 0.06487234 2.99673041 9.45586440
v 0.07978574 2.99673041 9.45552069
v 0.09469914 1.49836520 9.45517775
v 0.07978574 1.49836520 9.45552069
v 0.09469914 -0.00000001 9.45517775
v 0.13943936 -0.00000001 9.45414661
v 0.12452595 -0.00000001 9.45449032
v 0.13943936 -1.49836520 9.45414661
v 0.10961255 -0.00000001 9.45483403
v 0.12452595 -1.49836520 9.45449032
v 0.10961255 -1.49836520 9.45483403
v 0.12452595 -2.99673041 9.45449032
v 0.13943936 -2.99673041 9.45414661
v 0.13943936 -4.49509562 9.45414661
v 0.10961255 2.99673041 9.45483403
v 0.10961255 1.49836520 9.45483403
v 0.12452595 1.49836520 9.45449032
v 0.03504553 4.49509560 9.45655182
v 0.03504553 2.99673041 9.45655182
v 0.04995893 2.99673041 9.45620812
v 0.03504553 1.49836520 9.45655182
v 0.04995893 1.49836520 9.45620812
v 0.03504553 -0.00000001 9.45655182
v 0.04995893 -0.00000001 9.45620812
v 0.06487234 -0.00000001 9.45586440
v 0.06487234 1.49836520 9.45586440
v 0.07978574 -0.00000001 9.45552069
v 0.03504553 -1.49836520 9.45655182
v 0.04995893 -1.49836520 9.45620812
v 0.03504553 -2.99673041 9.45655182
v 0.04995893 -2.99673041 9.45620812
v 0.06487234 -2.99673041 9.45586440
v 0.03504553 -4.49509562 9.45655182
v 0.04995893 -4.49509562 9.45620812
v 0.06487234 -4.49509562 9.45586440
v 0.07978574 -4.49509562 9.45552069
v 0.09469914 -1.49836520 9.45517775
v 0.09469914 -2.99673041 9.45517775
v 0.10961255 -2.99673041 9.45483403
v 0.09469914 -4.49509562 9.45517775
v 0.10961255 -4.49509562 9.45483403
v 0.12452595 -4.49509562 9.45449032
v 0.06487234 -1.49836520 9.45586440
v 0.07978574 -2.99673041 9.45552069
v 0.07978574 -1.49836520 9.45552069
v 0.01903955 4.49509560 9.45621574
v 0.00303357 4.49509560 9.45588041
v -0.01297242 4.49509560 9.45554432
v 0.00303357 2.99673041 9.45588041
v 0.01903955 2.99673041 9.45621574
v 0.01903955 1.49836520 9.45621574
v -0.02897840 4.49509560 9.45520899
v -0.04498438 4.49509560 9.45487290
v -0.02897840 2.99673041 9.45520899
v -0.06099037 4.49509560 9.45453757
v -0.07699635 4.49509560 9.45420149
v -0.06099037 2.99673041 9.45453757
v -0.04498438 2.99673041 9.45487290
v -0.02897840 1.49836520 9.45520899
v -0.04498438 1.49836520 9.45487290
v -0.02897840 -0.00000001 9.45520899
v 0.01903955 -0.00000001 9.45621574
v 0.00303357 -0.00000001 9.45588041
v 0.01903955 -1.49836520 9.45621574
v -0.01297242 -0.00000001 9.45554432
v 0.00303357 -1.49836520 9.45588041
v -0.01297242 -1.49836520 9.45554432
v 0.00303357 -2.99673041 9.45588041
v 0.01903955 -2.99673041 9.45621574
v 0.01903955 -4.49509562 9.45621574
v -0.01297242 2.99673041 9.45554432
v -0.01297242 1.49836520 9.45554432
v 0.00303357 1.49836520 9.45588041
v -0.09300233 4.49509560 9.45386616
v -0.09300233 2.99673041 9.45386616
v -0.07699635 2.99673041 9.45420149
v -0.09300233 1.49836520 9.45386616
v -0.07699635 1.49836520 9.45420149
v -0.09300233 -0.00000001 9.45386616
v -0.07699635 -0.00000001 9.45420149
v -0.06099037 -0.00000001 9.45453757
v -0.06099037 1.49836520 9.45453757
v -0.04498438 -0.00000001 9.45487290
v -0.09300233 -1.49836520 9.45386616
v -0.07699635 -1.49836520 9.45420149
v -0.09300233 -2.99673041 9.45386616
v -0.07699635 -2.99673041 9.45420149
v -0.06099037 -2.99673041 9.45453757
v -0.09300233 -4.49509562 9.45386616
v -0.07699635 -4.49509562 9.45420149
v -0.06099037 -4.49509562 9.45453757
v -0.04498438 -4.49509562 9.45487290
v -0.02897840 -1.49836520 9.45520899
v -0.02897840 -2.99673041 9.45520899
v -0.01297242 -2.99673041 9.45554432
v -0.02897840 -4.49509562 9.45520899
v -0.01297242 -4.49509562 9.45554432
v 0.00303357 -4.49509562 9.45588041
v -0.06099037 -1.49836520 9.45453757
v -0.04498438 -2.99673041 9.45487290
v -0.04498438 -1.49836520 9.45487290
v -0.10880540 4.49509560 9.45285941
v -0.12460847 4.49509560 9.45185267
v -0.14041154 4.49509560 9.45084592
v -0.12460847 2.99673041 9.45185267
v -0.10880540 2.99673041 9.45285941
v -0.10880540 1.49836520 9.45285941
v -0.15621461 4.49509560 9.44983994
v -0.17201768 4.49509560 9.44883319
v -0.15621461 2.99673041 9.44983994
v -0.18782075 4.49509560 9.44782645
v -0.20362381 4.49509560 9.44681971
v -0.18782075 2.99673041 9.44782645
v -0.17201768 2.99673041 9.44883319
v -0.15621461 1.49836520 9.44983994
v -0.17201768 1.49836520 9.44883319
v -0.15621461 -0.00000001 9.44983994
v -0.10880540 -0.00000001 9.45285941
v -0.12460847 -0.00000001 9.45185267
v -0.10880540 -1.49836520 9.45285941
v -0.14041154 -0.00000001 9.45084592
v -0.12460847 -1.49836520 9.45185267
v -0.14041154 -1.49836520 9.45084592
v -0.12460847 -2.99673041 9.45185267
v -0.10880540 -2.99673041 9.45285941
v -0.10880540 -4.49509562 9.45285941
v -0.14041154 2.99673041 9.45084592
v -0.14041154 1.49836520 9.45084592
v -0.12460847 1.49836520 9.45185267
v -0.21942688 4.49509560 9.44581372
v -0.21942688 2.99673041 9.44581372
v -0.20362381 2.99673041 9.44681971
v -0.21942688 1.49836520 9.44581372
v -0.20362381 1.49836520 9.44681971
v -0.21942688 -0.00000001 9.44581372
v -0.20362381 -0.00000001 9.44681971
v -0.18782075 -0.00000001 9.44782645
v -0.18782075 1.49836520 9.44782645
v -0.17201768 -0.00000001 9.44883319
v -0.21942688 -1.49836520 9.44581372
v -0.20362381 -1.49836520 9.44681971
v -0.21942688 -2.99673041 9.44581372
v -0.20362381 -2.99673041 9.44681971
v -0.18782075 -2.99673041 9.44782645
v -0.21942688 -4.49509562 9.44581372
v -0.20362381 -4.49509562 9.44681971
v -0.18782075 -4.49509562 9.44782645
v -0.17201768 -4.49509562 9.44883319
v -0.15621461 -1.49836520 9.44983994
v -0.15621461 -2.99673041 9.44983994
v -0.14041154 -2.99673041 9.45084592
v -0.15621461 -4.49509562 9.44983994
v -0.14041154 -4.49509562 9.45084592
v -0.12460847 -4.49509562 9.45185267
v -0.18782075 -1.49836520 9.44782645
v -0.17201768 -2.99673041 9.44883319
v -0.17201768 -1.49836520 9.44883319
v -0.23502704 4.49509560 9.44413556
v -0.25062720 4.49509560 9.44245740
v -0.26622736 4.49509560 9.44077924
v -0.25062720 2.99673041 9.44245740
v -0.23502704 2.99673041 9.44413556
v -0.23502704 1.49836520 9.44413556
v -0.28182752 4.49509560 9.43910184
v -0.29742768 4.49509560 9.43742368
v -0.28182752 2.99673041 9.43910184
v -0.31302784 4.49509560 9.43574551
v -0.32862799 4.49509560 9.43406736
v -0.31302784 2.99673041 9.43574551
v -0.29742768 2.99673041 9.43742368
v -0.28182752 1.49836520 9.43910184
v -0.29742768 1.49836520 9.43742368
v -0.28182752 -0.00000001 9.43910184
v -0.23502704 -0.00000001 9.44413556
v -0.25062720 -0.00000001 9.44245740
v -0.23502704 -1.49836520 9.44413556
v -0.26622736 -0.00000001 9.44077924
v -0.25062720 -1.49836520 9.44245740
v -0.26622736 -1.49836520 9.44077924
v -0.25062720 -2.99673041 9.44245740
v -0.23502704 -2.99673041 9.44413556
v -0.23502704 -4.49509562 9.44413556
v -0.26622736 2.99673041 9.44077924
v -0.26622736 1.49836520 9.44077924
v -0.25062720 1.49836520 9.44245740
v -0.34422816 4.49509560 9.43238996
v -0.34422816 2.99673041 9.43238996
v -0.32862799 2.99673041 9.43406736
v -0.34422816 1.49836520 9.43238996
v -0.32862799 1.49836520 9.43406736
v -0.34422816 -0.00000001 9.43238996
v -0.32862799 -0.00000001 9.43406736
v -0.31302784 -0.00000001 9.43574551
v -0.31302784 1.49836520 9.43574551
v -0.29742768 -0.00000001 9.43742368
v -0.34422816 -1.49836520 9.43238996
v -0.32862799 -1.49836520 9.43406736
v -0.34422816 -2.99673041 9.43238996
v -0.32862799 -2.99673041 9.43406736
v -0.31302784 -2.99673041 9.43574551
v -0.34422816 -4.49509562 9.43238996
v -0.32862799 -4.49509562 9.43406736
v -0.31302784 -4.49509562 9.43574551
v -0.29742768 -4.49509562 9.43742368
v -0.28182752 -1.49836520 9.43910184
v -0.28182752 -2.99673041 9.43910184
v -0.26622736 -2.99673041 9.44077924
v -0.28182752 -4.49509562 9.43910184
v -0.26622736 -4.49509562 9.44077924
v -0.25062720 -4.49509562 9.44245740
v -0.31302784 -1.49836520 9.43574551
v -0.29742768 -2.99673041 9.43742368
v -0.29742768 -1.49836520 9.43742368
v -0.35962540 4.49509560 9.43004038
v -0.37502265 4.49509560 9.42769156
v -0.39041990 4.49509560 9.42534274
v -0.37502265 2.99673041 9.42769156
v -0.35962540 2.99673041 9.43004038
v -0.35962540 1.49836520 9.43004038
v -0.40581717 4.49509560 9.42299393
v -0.42121442 4.49509560 9.42064435
v -0.40581717 2.99673041 9.42299393
v -0.43661167 4.49509560 9.41829553
v -0.45200891 4.49509560 9.41594671
v -0.43661167 2.99673041 9.41829553
v -0.42121442 2.99673041 9.42064435
v -0.40581717 1.49836520 9.42299393
v -0.42121442 1.49836520 9.42064435
v -0.40581717 -0.00000001 9.42299393
v -0.35962540 -0.00000001 9.43004038
v -0.37502265 -0.00000001 9.42769156
v -0.35962540 -1.49836520 9.43004038
v -0.39041990 -0.00000001 9.42534274
v -0.37502265 -1.49836520 9.42769156
v -0.39041990 -1.49836520 9.42534274
v -0.37502265 -2.99673041 9.42769156
v -0.35962540 -2.99673041 9.43004038
v -0.35962540 -4.49509562 9.43004038
v -0.39041990 2.99673041 9.42534274
v -0.39041990 1.49836520 9.42534274
v -0.37502265 1.49836520 9.42769156
v -0.46740617 4.49509560 9.41359790
v -0.46740617 2.99673041 9.41359790
v -0.45200891 2.99673041 9.41594671
v -0.46740617 1.49836520 9.41359790
v -0.45200891 1.49836520 9.41594671
v -0.46740617 -0.00000001 9.41359790
v -0.45200891 -0.00000001 9.41594671
v -0.43661167 -0.00000001 9.41829553
v -0.43661167 1.49836520 9.41829553
v -0.42121442 -0.00000001 9.42064435
v -0.46740617 -1.49836520 9.41359790
v -0.45200891 -1.49836520 9.41594671
v -0.46740617 -2.99673041 9.41359790
v -0.45200891 -2.99673041 9.41594671
v -0.43661167 -2.99673041 9.41829553
v -0.46740617 -4.49509562 9.41359790
v -0.45200891 -4.49509562 9.41594671
v -0.43661167 -4.49509562 9.41829553
v -0.42121442 -4.49509562 9.42064435
v -0.40581717 -1.49836520 9.42299393
v -0.40581717 -2.99673041 9.42299393
v -0.39041990 -2.99673041 9.42534274
v -0.40581717 -4.49509562 9.42299393
v -0.39041990 -4.49509562 9.42534274
v -0.37502265 -4.49509562 9.42769156
v -0.43661167 -1.49836520 9.41829553
v -0.42121442 -2.99673041 9.42064435
v -0.42121442 -1.49836520 9.42064435
v -0.48260050 4.49509560 9.41057766
v -0.49779484 4.49509560 9.40755743
v -0.51298917 4.49509560 9.40453720
v -0.49779484 2.99673041 9.40755743
v -0.48260050 2.99673041 9.41057766
v -0.48260050 1.49836520 9.41057766
v -0.52818351 4.49509560 9.40151772
v -0.54337785 4.49509560 9.39849749
v -0.52818351 2.99673041 9.40151772
v -0.55857218 4.49509560 9.39547725
v -0.57376652 4.49509560 9.39245702
v -0.55857218 2.99673041 9.39547725
v -0.54337785 2.99673041 9.39849749
v -0.52818351 1.49836520 9.40151772
v -0.54337785 1.49836520 9.39849749
v -0.52818351 -0.00000001 9.40151772
v -0.48260050 -0.00000001 9.41057766
v -0.49779484 -0.00000001 9.40755743
v -0.48260050 -1.49836520 9.41057766
v -0.51298917 -0.00000001 9.40453720
v -0.49779484 -1.49836520 9.40755743
v -0.51298917 -1.49836520 9.40453720
v -0.49779484 -2.99673041 9.40755743
v -0.48260050 -2.99673041 9.41057766
v -0.48260050 -4.49509562 9.41057766
v -0.51298917 2.99673041 9.40453720
v -0.51298917 1.49836520 9.40453720
v -0.49779484 1.49836520 9.40755743
v -0.58896086 4.49509560 9.38943755
v -0.58896086 2.99673041 9.38943755
v -0.57376652 2.99673041 9.39245702
v -0.58896086 1.49836520 9.38943755
v -0.57376652 1.49836520 9.39245702
v -0.58896086 -0.00000001 9.38943755
v -0.57376652 -0.00000001 9.39245702
v -0.55857218 -0.00000001 9.39547725
v -0.55857218 1.49836520 9.39547725
v -0.54337785 -0.00000001 9.39849749
v -0.58896086 -1.49836520 9.38943755
v -0.57376652 -1.49836520 9.39245702
v -0.58896086 -2.99673041 9.38943755
v -0.57376652 -2.99673041 9.39245702
v -0.55857218 -2.99673041 9.39547725
v -0.58896086 -4.49509562 9.38943755
v -0.57376652 -4.49509562 9.39245702
v -0.55857218 -4.49509562 9.39547725
v -0.54337785 -4.49509562 9.39849749
v -0.52818351 -1.49836520 9.40151772
v -0.52818351 -2.99673041 9.40151772
v -0.51298917 -2.99673041 9.40453720
v -0.52818351 -4.49509562 9.40151772
v -0.51298917 -4.49509562 9.40453720
v -0.49779484 -4.49509562 9.40755743
v -0.55857218 -1.49836520 9.39547725
v -0.54337785 -2.99673041 9.39849749
v -0.54337785 -1.49836520 9.39849749
v -0.60395238 4.49509560 9.38574590
v -0.61894390 4.49509560 9.38205501
v -0.63393542 4.49509560 9.37836336
v -0.61894390 2.99673041 9.38205501
v -0.60395238 2.99673041 9.38574590
v -0.60395238 1.49836520 9.38574590
v -0.64892694 4.49509560 9.37467247
v -0.66391846 4.49509560 9.37098082
v -0.64892694 2.99673041 9.37467247
v -0.67890998 4.49509560 9.36728993
v -0.69390150 4.49509560 9.36359828
v -0.67890998 2.99673041 9.36728993
v -0.66391846 2.99673041 9.37098082
v -0.64892694 1.49836520 9.37467247
v -0.66391846 1.49836520 9.37098082
v -0.64892694 -0.00000001 9.37467247
v -0.60395238 -0.00000001 9.38574590
v -0.61894390 -0.00000001 9.38205501
v -0.60395238 -1.49836520 9.38574590
v -0.63393542 -0.00000001 9.37836336
v -0.61894390 -1.49836520 9.38205501
v -0.63393542 -1.49836520 9.37836336
v -0.61894390 -2.99673041 9.38205501
v -0.60395238 -2.99673041 9.38574590
v -0.60395238 -4.49509562 9.38574590
v -0.63393542 2.99673041 9.37836336
v -0.63393542 1.49836520 9.37836336
v -0.61894390 1.49836520 9.38205501
v -0.70889303 4.49509560 9.35990739
v -0.70889303 2.99673041 9.35990739
v -0.69390150 2.99673041 9.36359828
v -0.70889303 1.49836520 9.35990739
v -0.69390150 1.49836520 9.36359828
v -0.70889303 -0.00000001 9.35990739
v -0.69390150 -0.00000001 9.36359828
v -0.67890998 -0.00000001 9.36728993
v -0.67890998 1.49836520 9.36728993
v -0.66391846 -0.00000001 9.37098082
v -0.70889303 -1.49836520 9.35990739
v -0.69390150 -1.49836520 9.36359828
v -0.70889303 -2.99673041 9.35990739
v -0.69390150 -2.99673041 9.36359828
v -0.67890998 -2.99673041 9.36728993
v -0.70889303 -4.49509562 9.35990739
v -0.69390150 -4.49509562 9.36359828
v -0.67890998 -4.49509562 9.36728993
v -0.66391846 -4.49509562 9.37098082
v -0.64892694 -1.49836520 9.37467247
v -0.64892694 -2.99673041 9.37467247
v -0.63393542 -2.99673041 9.37836336
v -0.64892694 -4.49509562 9.37467247
v -0.63393542 -4.49509562 9.37836336
v -0.61894390 -4.49509562 9.38205501
v -0.67890998 -1.49836520 9.36728993
v -0.66391846 -2.99673041 9.37098082
v -0.66391846 -1.49836520 9.37098082
v -0.72368154 4.49509560 9.35554432
v -0.73847005 4.49509560 9.35118201
v -0.75325857 4.49509560 9.34681971
v -0.73847005 2.99673041 9.35118201
v -0.72368154 2.99673041 9.35554432
v -0.72368154 1.49836520 9.35554432
v -0.76804708 4.49509560 9.34245741
v -0.78283560 4.49509560 9.33809434
v -0.76804708 2.99673041 9.34245741
v -0.79762411 4.49509560 9.33373203
v -0.81241263 4.49509560 9.32936973
v -0.79762411 2.99673041 9.33373203
v -0.78283560 2.99673041 9.33809434
v -0.76804708 1.49836520 9.34245741
v -0.78283560 1.49836520 9.33809434
v -0.76804708 -0.00000001 9.34245741
v -0.72368154 -0.00000001 9.35554432
v -0.73847005 -0.00000001 9.35118201
v -0.72368154 -1.49836520 9.35554432
v -0.75325857 -0.00000001 9.34681971
v -0.73847005 -1.49836520 9.35118201
v -0.75325857 -1.49836520 9.34681971
v -0.73847005 -2.99673041 9.35118201
v -0.72368154 -2.99673041 9.35554432
v -0.72368154 -4.49509562 9.35554432
v -0.75325857 2.99673041 9.34681971
v -0.75325857 1.49836520 9.34681971
v -0.73847005 1.49836520 9.35118201
v -0.82720114 4.49509560 9.32500742
v -0.82720114 2.99673041 9.32500742
v -0.81241263 2.99673041 9.32936973
v -0.82720114 1.49836520 9.32500742
v -0.81241263 1.49836520 9.32936973
v -0.82720114 -0.00000001 9.32500742
v -0.81241263 -0.00000001 9.32936973
v -0.79762411 -0.00000001 9.33373203
v -0.79762411 1.49836520 9.33373203
v -0.78283560 -0.00000001 9.33809434
v -0.82720114 -1.49836520 9.32500742
v -0.81241263 -1.49836520 9.32936973
v -0.82720114 -2.99673041 9.32500742
v -0.81241263 -2.99673041 9.32936973
v -0.79762411 -2.99673041 9.33373203
v -0.82720114 -4.49509562 9.32500742
v -0.81241263 -4.49509562 9.32936973
v -0.79762411 -4.49509562 9.33373203
v -0.78283560 -4.49509562 9.33809434
v -0.76804708 -1.49836520 9.34245741
v -0.76804708 -2.99673041 9.34245741
v -0.75325857 -2.99673041 9.34681971
v -0.76804708 -4.49509562 9.34245741
v -0.75325857 -4.49509562 9.34681971
v -0.73847005 -4.49509562 9.35118201
v -0.79762411 -1.49836520 9.33373203
v -0.78283560 -2.99673041 9.33809434
v -0.78283560 -1.49836520 9.33809434
v -0.84178674 4.49509560 9.31997370
v -0.85637244 4.49509560 9.31493997
v -0.87095804 4.49509560 9.30990625
v -0.85637244 2.99673041 9.31493997
v -0.84178674 2.99673041 9.31997370
v -0.84178674 1.49836520 9.31997370
v -0.88554374 4.49509560 9.30487329
v -0.90012935 4.49509560 9.29983957
v -0.88554374 2.99673041 9.30487329
v -0.91471505 4.49509560 9.29480584
v -0.92930064 4.49509560 9.28977212
v -0.91471505 2.99673041 9.29480584
v -0.90012935 2.99673041 9.29983957
v -0.88554374 1.49836520 9.30487329
v -0.90012935 1.49836520 9.29983957
v -0.88554374 -0.00000001 9.30487329
v -0.84178674 -0.00000001 9.31997370
v -0.85637244 -0.00000001 9.31493997
v -0.84178674 -1.49836520 9.31997370
v -0.87095804 -0.00000001 9.30990625
v -0.85637244 -1.49836520 9.31493997
v -0.87095804 -1.49836520 9.30990625
v -0.85637244 -2.99673041 9.31493997
v -0.84178674 -2.99673041 9.31997370
v -0.84178674 -4.49509562 9.31997370
v -0.87095804 2.99673041 9.30990625
v -0.87095804 1.49836520 9.30990625
v -0.85637244 1.49836520 9.31493997
v -0.94388634 4.49509560 9.28473916
v -0.94388634 2.99673041 9.28473916
v -0.92930064 2.99673041 9.28977212
v -0.94388634 1.49836520 9.28473916
v -0.92930064 1.49836520 9.28977212
v -0.94388634 -0.00000001 9.28473916
v -0.92930064 -0.00000001 9.28977212
v -0.91471505 -0.00000001 9.29480584
v -0.91471505 1.49836520 9.29480584
v -0.90012935 -0.00000001 9.29983957
v -0.94388634 -1.49836520 9.28473916
v -0.92930064 -1.49836520 9.28977212
v -0.94388634 -2.99673041 9.28473916
v -0.92930064 -2.99673041 9.28977212
v -0.91471505 -2.99673041 9.29480584
v -0.94388634 -4.49509562 9.28473916
v -0.92930064 -4.49509562 9.28977212
v -0.91471505 -4.49509562 9.29480584
v -0.90012935 -4.49509562 9.29983957
v -0.88554374 -1.49836520 9.30487329
v -0.88554374 -2.99673041 9.30487329
v -0.87095804 -2.99673041 9.30990625
v -0.88554374 -4.49509562 9.30487329
v -0.87095804 -4.49509562 9.30990625
v -0.85637244 -4.49509562 9.31493997
v -0.91471505 -1.49836520 9.29480584
v -0.90012935 -2.99673041 9.29983957
v -0.90012935 -1.49836520 9.29983957
v -0.95826903 4.49509560 9.27903402
v -0.97265182 4.49509560 9.27332964
v -0.98703451 4.49509560 9.26762450
v -0.97265182 2.99673041 9.27332964
v -0.95826903 2.99673041 9.27903402
v -0.95826903 1.49836520 9.27903402
v -1.00141730 4.49509560 9.26192013
v -1.01579999 4.49509560 9.25621498
v -1.00141730 2.99673041 9.26192013
v -1.03018278 4.49509560 9.25051060
v -1.04456547 4.49509560 9.24480547
v -1.03018278 2.99673041 9.25051060
v -1.01579999 2.99673041 9.25621498
v -1.00141730 1.49836520 9.26192013
v -1.01579999 1.49836520 9.25621498
v -1.00141730 -0.00000001 9.26192013
v -0.95826903 -0.00000001 9.27903402
v -0.97265182 -0.00000001 9.27332964
v -0.95826903 -1.49836520 9.27903402
v -0.98703451 -0.00000001 9.26762450
v -0.97265182 -1.49836520 9.27332964
v -0.98703451 -1.49836520 9.26762450
v -0.97265182 -2.99673041 9.27332964
v -0.95826903 -2.99673041 9.27903402
v -0.95826903 -4.49509562 9.27903402
v -0.98703451 2.99673041 9.26762450
v -0.98703451 1.49836520 9.26762450
v -0.97265182 1.49836520 9.27332964
v -1.05894826 4.49509560 9.23910109
v -1.05894826 2.99673041 9.23910109
v -1.04456547 2.99673041 9.24480547
v -1.05894826 1.49836520 9.23910109
v -1.04456547 1.49836520 9.24480547
v -1.05894826 -0.00000001 9.23910109
v -1.04456547 -0.00000001 9.24480547
v -1.03018278 -0.00000001 9.25051060
v -1.03018278 1.49836520 9.25051060
v -1.01579999 -0.00000001 9.25621498
v -1.05894826 -1.49836520 9.23910109
v -1.04456547 -1.49836520 9.24480547
v -1.05894826 -2.99673041 9.23910109
v -1.04456547 -2.99673041 9.24480547
v -1.03018278 -2.99673041 9.25051060
v -1.05894826 -4.49509562 9.23910109
v -1.04456547 -4.49509562 9.24480547
v -1.03018278 -4.49509562 9.25051060
v -1.01579999 -4.49509562 9.25621498
v -1.00141730 -1.49836520 9.26192013
v -1.00141730 -2.99673041 9.26192013
v -0.98703451 -2.99673041 9.26762450
v -1.00141730 -4.49509562 9.26192013
v -0.98703451 -4.49509562 9.26762450
v -0.97265182 -4.49509562 9.27332964
v -1.03018278 -1.49836520 9.25051060
v -1.01579999 -2.99673041 9.25621498
v -1.01579999 -1.49836520 9.25621498
v -1.07312814 4.49509560 9.23272529
v -1.08730801 4.49509560 9.22634949
v -1.10148789 4.49509560 9.21997370
v -1.08730801 2.99673041 9.22634949
v -1.07312814 2.99673041 9.23272529
v -1.07312814 1.49836520 9.23272529
v -1.11566776 4.49509560 9.21359791
v -1.12984764 4.49509560 9.20722211
v -1.11566776 2.99673041 9.21359791
v -1.14402752 4.49509560 9.20084631
v -1.15820739 4.49509560 9.19447052
v -1.14402752 2.99673041 9.20084631
v -1.12984764 2.99673041 9.20722211
v -1.11566776 1.49836520 9.21359791
v -1.12984764 1.49836520 9.20722211
v -1.11566776 -0.00000001 9.21359791
v -1.07312814 -0.00000001 9.23272529
v -1.08730801 -0.00000001 9.22634949
v -1.07312814 -1.49836520 9.23272529
v -1.10148789 -0.00000001 9.21997370
v -1.08730801 -1.49836520 9.22634949
v -1.10148789 -1.49836520 9.21997370
v -1.08730801 -2.99673041 9.22634949
v -1.07312814 -2.99673041 9.23272529
v -1.07312814 -4.49509562 9.23272529
v -1.10148789 2.99673041 9.21997370
v -1.10148789 1.49836520 9.21997370
v -1.08730801 1.49836520 9.22634949
v -1.17238727 4.49509560 9.18809473
v -1.17238727 2.99673041 9.18809473
v -1.15820739 2.99673041 9.19447052
v -1.17238727 1.49836520 9.18809473
v -1.15820739 1.49836520 9.19447052
v -1.17238727 -0.00000001 9.18809473
v -1.15820739 -0.00000001 9.19447052
v -1.14402752 -0.00000001 9.20084631
v -1.14402752 1.49836520 9.20084631
v -1.12984764 -0.00000001 9.20722211
v -1.17238727 -1.49836520 9.18809473
v -1.15820739 -1.49836520 9.19447052
v -1.17238727 -2.99673041 9.18809473
v -1.15820739 -2.99673041 9.19447052
v -1.14402752 -2.99673041 9.20084631
v -1.17238727 -4.49509562 9.18809473
v -1.15820739 -4.49509562 9.19447052
v -1.14402752 -4.49509562 9.20084631
v -1.12984764 -4.49509562 9.20722211
v -1.11566776 -1.49836520 9.21359791
v -1.11566776 -2.99673041 9.21359791
v -1.10148789 -2.99673041 9.21997370
v -1.11566776 -4.49509562 9.21359791
v -1.10148789 -4.49509562 9.21997370
v -1.08730801 -4.49509562 9.22634949
v -1.14402752 -1.49836520 9.20084631
v -1.12984764 -2.99673041 9.20722211
v -1.12984764 -1.49836520 9.20722211
v -1.18636413 4.49509560 9.18104751
v -1.20034110 4.49509560 9.17400030
v -1.21431797 4.49509560 9.16695309
v -1.20034110 2.99673041 9.17400030
v -1.18636413 2.99673041 9.18104751
v -1.18636413 1.49836520 9.18104751
v -1.22829494 4.49509560 9.15990664
v -1.24227180 4.49509560 9.15285942
v -1.22829494 2.99673041 9.15990664
v -1.25624877 4.49509560 9.14581221
v -1.27022564 4.49509560 9.13876501
v -1.25624877 2.99673041 9.14581221
v -1.24227180 2.99673041 9.15285942
v -1.22829494 1.49836520 9.15990664
v -1.24227180 1.49836520 9.15285942
v -1.22829494 -0.00000001 9.15990664
v -1.18636413 -0.00000001 9.18104751
v -1.20034110 -0.00000001 9.17400030
v -1.18636413 -1.49836520 9.18104751
v -1.21431797 -0.00000001 9.16695309
v -1.20034110 -1.49836520 9.17400030
v -1.21431797 -1.49836520 9.16695309
v -1.20034110 -2.99673041 9.17400030
v -1.18636413 -2.99673041 9.18104751
v -1.18636413 -4.49509562 9.18104751
v -1.21431797 2.99673041 9.16695309
v -1.21431797 1.49836520 9.16695309
v -1.20034110 1.49836520 9.17400030
v -1.28420260 4.49509560 9.13171856
v -1.28420260 2.99673041 9.13171856
v -1.27022564 2.99673041 9.13876501
v -1.28420260 1.49836520 9.13171856
v -1.27022564 1.49836520 9.13876501
v -1.28420260 -0.00000001 9.13171856
v -1.27022564 -0.00000001 9.13876501
v -1.25624877 -0.00000001 9.14581221
v -1.25624877 1.49836520 9.14581221
v -1.24227180 -0.00000001 9.15285942
v -1.28420260 -1.49836520 9.13171856
v -1.27022564 -1.49836520 9.13876501
v -1.28420260 -2.99673041 9.13171856
v -1.27022564 -2.99673041 9.13876501
v -1.25624877 -2.99673041 9.14581221
v -1.28420260 -4.49509562 9.13171856
v -1.27022564 -4.49509562 9.13876501
v -1.25624877 -4.49509562 9.14581221
v -1.24227180 -4.49509562 9.15285942
v -1.22829494 -1.49836520 9.15990664
v -1.22829494 -2.99673041 9.15990664
v -1.21431797 -2.99673041 9.16695309
v -1.22829494 -4.49509562 9.15990664
v -1.21431797 -4.49509562 9.16695309
v -1.20034110 -4.49509562 9.17400030
v -1.25624877 -1.49836520 9.14581221
v -1.24227180 -2.99673041 9.15285942
v -1.24227180 -1.49836520 9.15285942
v -1.29797665 4.49509560 9.12399993
v -1.31175071 4.49509560 9.11628206
v -1.32552476 4.49509560 9.10856343
v -1.31175071 2.99673041 9.11628206
v -1.29797665 2.99673041 9.12399993
v -1.29797665 1.49836520 9.12399993
v -1.33929882 4.49509560 9.10084556
v -1.35307287 4.49509560 9.09312693
v -1.33929882 2.99673041 9.10084556
v -1.36684692 4.49509560 9.08540906
v -1.38062098 4.49509560 9.07769043
v -1.36684692 2.99673041 9.08540906
v -1.35307287 2.99673041 9.09312693
v -1.33929882 1.49836520 9.10084556
v -1.35307287 1.49836520 9.09312693
v -1.33929882 -0.00000001 9.10084556
v -1.29797665 -0.00000001 9.12399993
v -1.31175071 -0.00000001 9.11628206
v -1.29797665 -1.49836520 9.12399993
v -1.32552476 -0.00000001 9.10856343
v -1.31175071 -1.49836520 9.11628206
v -1.32552476 -1.49836520 9.10856343
v -1.31175071 -2.99673041 9.11628206
v -1.29797665 -2.99673041 9.12399993
v -1.29797665 -4.49509562 9.12399993
v -1.32552476 2.99673041 9.10856343
v -1.32552476 1.49836520 9.10856343
v -1.31175071 1.49836520 9.11628206
v -1.39439503 4.49509560 9.06997256
v -1.39439503 2.99673041 9.06997256
v -1.38062098 2.99673041 9.07769043
v -1.39439503 1.49836520 9.06997256
v -1.38062098 1.49836520 9.07769043
v -1.39439503 -0.00000001 9.06997256
v -1.38062098 -0.00000001 9.07769043
v -1.36684692 -0.00000001 9.08540906
v -1.36684692 1.49836520 9.08540906
v -1.35307287 -0.00000001 9.09312693
v -1.39439503 -1.49836520 9.06997256
v -1.38062098 -1.49836520 9.07769043
v -1.39439503 -2.99673041 9.06997256
v -1.38062098 -2.99673041 9.07769043
v -1.36684692 -2.99673041 9.08540906
v -1.39439503 -4.49509562 9.06997256
v -1.38062098 -4.49509562 9.07769043
v -1.36684692 -4.49509562 9.08540906
v -1.35307287 -4.49509562 9.09312693
v -1.33929882 -1.49836520 9.10084556
v -1.33929882 -2.99673041 9.10084556
v -1.32552476 -2.99673041 9.10856343
v -1.33929882 -4.49509562 9.10084556
v -1.32552476 -4.49509562 9.10856343
v -1.31175071 -4.49509562 9.11628206
v -1.36684692 -1.49836520 9.08540906
v -1.35307287 -2.99673041 9.09312693
v -1.35307287 -1.49836520 9.09312693
v -1.40770076 4.49509560 9.06162977
v -1.42100660 4.49509560 9.05328774
v -1.43431234 4.49509560 9.04494494
v -1.42100660 2.99673041 9.05328774
v -1.40770076 2.99673041 9.06162977
v -1.40770076 1.49836520 9.06162977
v -1.44761817 4.49509560 9.03660291
v -1.46092391 4.49509560 9.02826011
v -1.44761817 2.99673041 9.03660291
v -1.47422974 4.49509560 9.01991808
v -1.48753548 4.49509560 9.01157528
v -1.47422974 2.99673041 9.01991808
v -1.46092391 2.99673041 9.02826011
v -1.44761817 1.49836520 9.03660291
v -1.46092391 1.49836520 9.02826011
v -1.44761817 -0.00000001 9.03660291
v -1.40770076 -0.00000001 9.06162977
v -1.42100660 -0.00000001 9.05328774
v -1.40770076 -1.49836520 9.06162977
v -1.43431234 -0.00000001 9.04494494
v -1.42100660 -1.49836520 9.05328774
v -1.43431234 -1.49836520 9.04494494
v -1.42100660 -2.99673041 9.05328774
v -1.40770076 -2.99673041 9.06162977
v -1.40770076 -4.49509562 9.06162977
v -1.43431234 2.99673041 9.04494494
v -1.43431234 1.49836520 9.04494494
v -1.42100660 1.49836520 9.05328774
v -1.48753548 2.99673041 9.01157528
v -1.48753548 1.49836520 9.01157528
v -1.48753548 -0.00000001 9.01157528
v -1.47422974 -0.00000001 9.01991808
v -1.47422974 1.49836520 9.01991808
v -1.46092391 -0.00000001 9.02826011
v -1.48753548 -1.49836520 9.01157528
v -1.48753548 -2.99673041 9.01157528
v -1.47422974 -2.99673041 9.01991808
v -1.48753548 -4.49509562 9.01157528
v -1.47422974 -4.49509562 9.01991808
v -1.46092391 -4.49509562 9.02826011
v -1.44761817 -1.49836520 9.03660291
v -1.44761817 -2.99673041 9.03660291
v -1.43431234 -2.99673041 9.04494494
v -1.44761817 -4.49509562 9.03660291
v -1.43431234 -4.49509562 9.04494494
v -1.42100660 -4.49509562 9.05328774
v -1.47422974 -1.49836520 9.01991808
v -1.46092391 -2.99673041 9.02826011
v -1.46092391 -1.49836520 9.02826011
v -1.34944400 4.49509560 -0.46862005
v -1.18312546 4.49509560 0.14720810
v -1.34944400 2.99673041 -0.46862005
v -1.01680693 4.49509560 0.76303623
v -0.85048840 4.49509560 1.37886437
v -1.01680693 2.99673041 0.76303623
v -1.18312546 2.99673041 0.14720810
v -1.34944400 1.49836520 -0.46862005
v -1.18312546 1.49836520 0.14720810
v -1.34944400 -0.00000001 -0.46862005
v -0.68416986 4.49509560 1.99469246
v -0.51785133 4.49509560 2.61052065
v -0.68416986 2.99673041 1.99469246
v -0.35153277 4.49509560 3.22634884
v -0.18521425 4.49509560 3.84217684
v -0.35153277 2.99673041 3.22634884
v -0.51785133 2.99673041 2.61052065
v -0.68416986 1.49836520 1.99469246
v -0.51785133 1.49836520 2.61052065
v -0.68416986 -0.00000001 1.99469246
v -1.18312546 -0.00000001 0.14720810
v -1.34944400 -1.49836520 -0.46862005
v -1.01680693 -0.00000001 0.76303623
v -1.18312546 -1.49836520 0.14720810
v -1.34944400 -2.99673041 -0.46862005
v -0.85048840 -0.00000001 1.37886437
v -1.01680693 -1.49836520 0.76303623
v -0.85048840 -1.49836520 1.37886437
v -1.01680693 -2.99673041 0.76303623
v -1.18312546 -2.99673041 0.14720810
v -1.34944400 -4.49509562 -0.46862005
v -1.18312546 -4.49509562 0.14720810
v -0.85048840 2.99673041 1.37886437
v -0.85048840 1.49836520 1.37886437
v -1.01680693 1.49836520 0.76303623
v -0.01889571 4.49509560 4.45800503
v -0.01889571 2.99673041 4.45800503
v -0.18521425 2.99673041 3.84217684
v -0.01889571 1.49836520 4.45800503
v -0.18521425 1.49836520 3.84217684
v -0.01889571 -0.00000001 4.45800503
v -0.18521425 -0.00000001 3.84217684
v -0.35153277 -0.00000001 3.22634884
v -0.35153277 1.49836520 3.22634884
v -0.51785133 -0.00000001 2.61052065
v -0.01889571 -1.49836520 4.45800503
v -0.18521425 -1.49836520 3.84217684
v -0.01889571 -2.99673041 4.45800503
v -0.18521425 -2.99673041 3.84217684
v -0.35153277 -2.99673041 3.22634884
v -0.01889571 -4.49509562 4.45800503
v -0.18521425 -4.49509562 3.84217684
v -0.35153277 -4.49509562 3.22634884
v -0.51785133 -4.49509562 2.61052065
v -0.68416986 -1.49836520 1.99469246
v -0.68416986 -2.99673041 1.99469246
v -0.85048840 -2.99673041 1.37886437
v -0.68416986 -4.49509562 1.99469246
v -0.85048840 -4.49509562 1.37886437
v -1.01680693 -4.49509562 0.76303623
v -0.35153277 -1.49836520 3.22634884
v -0.51785133 -2.99673041 2.61052065
v -0.51785133 -1.49836520 2.61052065
v 0.14742282 4.49509560 3.84217684
v 0.31374136 4.49509560 3.22634884
v 0.48005987 4.49509560 2.61052065
v 0.31374136 2.99673041 3.22634884
v 0.14742282 2.99673041 3.84217684
v 0.14742282 1.49836520 3.84217684
v 0.64637841 4.49509560 1.99469246
v 0.81269694 4.49509560 1.37886437
v 0.64637841 2.99673041 1.99469246
v 0.97901548 4.49509560 0.76303623
v 1.14533401 4.49509560 0.14720810
v 0.97901548 2.99673041 0.76303623
v 0.81269694 2.99673041 1.37886437
v 0.64637841 1.49836520 1.99469246
v 0.81269694 1.49836520 1.37886437
v 0.64637841 -0.00000001 1.99469246
v 0.14742282 -0.00000001 3.84217684
v 0.31374136 -0.00000001 3.22634884
v 0.14742282 -1.49836520 3.84217684
v 0.48005987 -0.00000001 2.61052065
v 0.31374136 -1.49836520 3.22634884
v 0.48005987 -1.49836520 2.61052065
v 0.31374136 -2.99673041 3.22634884
v 0.14742282 -2.99673041 3.84217684
v 0.14742282 -4.49509562 3.84217684
v 0.48005987 2.99673041 2.61052065
v 0.48005987 1.49836520 2.61052065
v 0.31374136 1.49836520 3.22634884
v 1.31165254 4.49509560 -0.46862005
v 1.31165254 2.99673041 -0.46862005
v 1.14533401 2.99673041 0.14720810
v 1.31165254 1.49836520 -0.46862005
v 1.14533401 1.49836520 0.14720810
v 1.31165254 -0.00000001 -0.46862005
v 1.14533401 -0.00000001 0.14720810
v 0.97901548 -0.00000001 0.76303623
v 0.97901548 1.49836520 0.76303623
v 0.81269694 -0.00000001 1.37886437
v 1.31165254 -1.49836520 -0.46862005
v 1.14533401 -1.49836520 0.14720810
v 1.31165254 -2.99673041 -0.46862005
v 1.14533401 -2.99673041 0.14720810
v 0.97901548 -2.99673041 0.76303623
v 1.31165254 -4.49509562 -0.46862005
v 1.14533401 -4.49509562 0.14720810
v 0.97901548 -4.49509562 0.76303623
v 0.81269694 -4.49509562 1.37886437
v 0.64637841 -1.49836520 1.99469246
v 0.64637841 -2.99673041 1.99469246
v 0.48005987 -2.99673041 2.61052065
v 0.64637841 -4.49509562 1.99469246
v 0.48005987 -4.49509562 2.61052065
v 0.31374136 -4.49509562 3.22634884
v 0.97901548 -1.49836520 0.76303623
v 0.81269694 -2.99673041 1.37886437
v 0.81269694 -1.49836520 1.37886437
v 0.97901548 4.49509560 -0.46862005
v 0.64637841 4.49509560 -0.46862005
v 0.31374136 4.49509560 -0.46862005
v 0.64637841 2.99673041 -0.46862005
v 0.97901548 2.99673041 -0.46862005
v 0.97901548 1.49836520 -0.46862005
v -0.01889571 4.49509560 -0.46862005
v -0.35153277 4.49509560 -0.46862005
v -0.01889571 2.99673041 -0.46862005
v -0.68416986 4.49509560 -0.46862005
v -1.01680693 4.49509560 -0.46862005
v -0.68416986 2.99673041 -0.46862005
v -0.35153277 2.99673041 -0.46862005
v -0.01889571 1.49836520 -0.46862005
v -0.35153277 1.49836520 -0.46862005
v -0.01889571 -0.00000001 -0.46862005
v 0.97901548 -0.00000001 -0.46862005
v 0.64637841 -0.00000001 -0.46862005
v 0.97901548 -1.49836520 -0.46862005
v 0.31374136 -0.00000001 -0.46862005
v 0.64637841 -1.49836520 -0.46862005
v 0.31374136 -1.49836520 -0.46862005
v 0.64637841 -2.99673041 -0.46862005
v 0.97901548 -2.99673041 -0.46862005
v 0.97901548 -4.49509562 -0.46862005
v 0.31374136 2.99673041 -0.46862005
v 0.31374136 1.49836520 -0.46862005
v 0.64637841 1.49836520 -0.46862005
v -1.01680693 2.99673041 -0.46862005
v -1.01680693 1.49836520 -0.46862005
v -1.01680693 -0.00000001 -0.46862005
v -0.68416986 -0.00000001 -0.46862005
v -0.68416986 1.49836520 -0.46862005
v -0.35153277 -0.00000001 -0.46862005
v -1.01680693 -1.49836520 -0.46862005
v -1.01680693 -2.99673041 -0.46862005
v -0.68416986 -2.99673041 -0.46862005
v -1.01680693 -4.49509562 -0.46862005
v -0.68416986 -4.49509562 -0.46862005
v -0.35153277 -4.49509562 -0.46862005
v -0.01889571 -1.49836520 -0.46862005
v -0.01889571 -2.99673041 -0.46862005
v 0.31374136 -2.99673041 -0.46862005
v -0.01889571 -4.49509562 -0.46862005
v 0.31374136 -4.49509562 -0.46862005
v 0.64637841 -4.49509562 -0.46862005
v -0.68416986 -1.49836520 -0.46862005
v -0.35153277 -2.99673041 -0.46862005
v -0.35153277 -1.49836520 -0.46862005
f 1 2 3
f 2 4 5
f 3 5 6
f 2 5 3
f 4 7 8
f 7 9 10
f 8 10 11
f 7 10 8
f 6 12 13
f 12 11 14
f 13 14 15
f 12 14 13
f 4 8 5
f 8 11 12
f 5 12 6
f 8 12 5
f 9 16 17
f 16 18 19
f 17 19 20
f 16 19 17
f 18 21 22
f 21 23 24
f 22 24 25
f 21 24 22
f 20 26 27
f 26 25 28
f 27 28 29
f 26 28 27
f 18 22 19
f 22 25 26
f 19 26 20
f 22 26 19
f 15 30 31
f 30 32 33
f 31 33 34
f 30 33 31
f 32 35 36
f 35 29 37
f 36 37 38
f 35 37 36
f 34 39 40
f 39 38 41
f 40 41 42
f 39 41 40
f 32 36 33
f 36 38 39
f 33 39 34
f 36 39 33
f 9 17 10
f 17 20 43
f 10 43 11
f 17 43 10
f 20 27 44
f 27 29 35
f 44 35 32
f 27 35 44
f 11 45 14
f 45 32 30
f 14 30 15
f 45 30 14
f 20 44 43
f 44 32 45
f 43 45 11
f 44 45 43
f 46 47 48
f 47 49 50
f 48 50 51
f 47 50 48
f 49 52 53
f 52 54 55
f 53 55 56
f 52 55 53
f 51 57 58
f 57 56 59
f 58 59 60
f 57 59 58
f 49 53 50
f 53 56 57
f 50 57 51
f 53 57 50
f 54 61 62
f 61 63 64
f 62 64 65
f 61 64 62
f 63 66 67
f 66 68 69
f 67 69 70
f 66 69 67
f 65 71 72
f 71 70 73
f 72 73 74
f 71 73 72
f 63 67 64
f 67 70 71
f 64 71 65
f 67 71 64
f 60 75 76
f 75 77 78
f 76 78 79
f 75 78 76
f 77 80 81
f 80 74 82
f 81 82 83
f 80 82 81
f 79 84 85
f 84 83 86
f 85 86 1
f 84 86 85
f 77 81 78
f 81 83 84
f 78 84 79
f 81 84 78
f 54 62 55
f 62 65 87
f 55 87 56
f 62 87 55
f 65 72 88
f 72 74 80
f 88 80 77
f 72 80 88
f 56 89 59
f 89 77 75
f 59 75 60
f 89 75 59
f 65 88 87
f 88 77 89
f 87 89 56
f 88 89 87
f 90 91 92
f 91 93 94
f 92 94 95
f 91 94 92
f 93 96 97
f 96 98 99
f 97 99 100
f 96 99 97
f 95 101 102
f 101 100 103
f 102 103 104
f 101 103 102
f 93 97 94
f 97 100 101
f 94 101 95
f 97 101 94
f 98 105 106
f 105 107 108
f 106 108 109
f 105 108 106
f 107 110 111
f 110 112 113
f 111 113 114
f 110 113 111
f 109 115 116
f 115 114 117
f 116 117 118
f 115 117 116
f 107 111 108
f 111 114 115
f 108 115 109
f 111 115 108
f 104 119 120
f 119 121 122
f 120 122 123
f 119 122 120
f 121 124 125
f 124 118 126
f 125 126 127
f 124 126 125
f 123 128 129
f 128 127 130
f 129 130 46
f 128 130 129
f 121 125 122
f 125 127 128
f 122 128 123
f 125 128 122
f 98 106 99
f 106 109 131
f 99 131 100
f 106 131 99
f 109 116 132
f 116 118 124
f 132 124 121
f 116 124 132
f 100 133 103
f 133 121 119
f 103 119 104
f 133 119 103
f 109 132 131
f 132 121 133
f 131 133 100
f 132 133 131
f 134 135 136
f 135 137 138
f 136 138 139
f 135 138 136
f 137 140 141
f 140 142 143
f 141 143 144
f 140 143 141
f 139 145 146
f 145 144 147
f 146 147 148
f 145 147 146
f 137 141 138
f 141 144 145
f 138 145 139
f 141 145 138
f 142 149 150
f 149 151 152
f 150 152 153
f 149 152 150
f 151 154 155
f 154 156 157
f 155 157 158
f 154 157 155
f 153 159 160
f 159 158 161
f 160 161 162
f 159 161 160
f 151 155 152
f 155 158 159
f 152 159 153
f 155 159 152
f 148 163 164
f 163 165 166
f 164 166 167
f 163 166 164
f 165 168 169
f 168 162 170
f 169 170 171
f 168 170 169
f 167 172 173
f 172 171 174
f 173 174 90
f 172 174 173
f 165 169 166
f 169 171 172
f 166 172 167
f 169 172 166
f 142 150 143
f 150 153 175
f 143 175 144
f 150 175 143
f 153 160 176
f 160 162 168
f 176 168 165
f 160 168 176
f 144 177 147
f 177 165 163
f 147 163 148
f 177 163 147
f 153 176 175
f 176 165 177
f 175 177 144
f 176 177 175
f 178 179 180
f 179 181 182
f 180 182 183
f 179 182 180
f 181 184 185
f 184 186 187
f 185 187 188
f 184 187 185
f 183 189 190
f 189 188 191
f 190 191 192
f 189 191 190
f 181 185 182
f 185 188 189
f 182 189 183
f 185 189 182
f 186 193 194
f 193 195 196
f 194 196 197
f 193 196 194
f 195 198 199
f 198 200 201
f 199 201 202
f 198 201 199
f 197 203 204
f 203 202 205
f 204 205 206
f 203 205 204
f 195 199 196
f 199 202 203
f 196 203 197
f 199 203 196
f 192 207 208
f 207 209 210
f 208 210 211
f 207 210 208
f 209 212 213
f 212 206 214
f 213 214 215
f 212 214 213
f 211 216 217
f 216 215 218
f 217 218 134
f 216 218 217
f 209 213 210
f 213 215 216
f 210 216 211
f 213 216 210
f 186 194 187
f 194 197 219
f 187 219 188
f 194 219 187
f 197 204 220
f 204 206 212
f 220 212 209
f 204 212 220
f 188 221 191
f 221 209 207
f 191 207 192
f 221 207 191
f 197 220 219
f 220 209 221
f 219 221 188
f 220 221 219
f 222 223 224
f 223 225 226
f 224 226 227
f 223 226 224
f 225 228 229
f 228 230 231
f 229 231 232
f 228 231 229
f 227 233 234
f 233 232 235
f 234 235 236
f 233 235 234
f 225 229 226
f 229 232 233
f 226 233 227
f 229 233 226
f 230 237 238
f 237 239 240
f 238 240 241
f 237 240 238
f 239 242 243
f 242 244 245
f 243 245 246
f 242 245 243
f 241 247 248
f 247 246 249
f 248 249 250
f 247 249 248
f 239 243 240
f 243 246 247
f 240 247 241
f 243 247 240
f 236 251 252
f 251 253 254
f 252 254 255
f 251 254 252
f 253 256 257
f 256 250 258
f 257 258 259
f 256 258 257
f 255 260 261
f 260 259 262
f 261 262 178
f 260 262 261
f 253 257 254
f 257 259 260
f 254 260 255
f 257 260 254
f 230 238 231
f 238 241 263
f 231 263 232
f 238 263 231
f 241 248 264
f 248 250 256
f 264 256 253
f 248 256 264
f 232 265 235
f 265 253 251
f 235 251 236
f 265 251 235
f 241 264 263
f 264 253 265
f 263 265 232
f 264 265 263
f 266 267 268
f 267 269 270
f 268 270 271
f 267 270 268
f 269 272 273
f 272 274 275
f 273 275 276
f 272 275 273
f 271 277 278
f 277 276 279
f 278 279 280
f 277 279 278
f 269 273 270
f 273 276 277
f 270 277 271
f 273 277 270
f 274 281 282
f 281 283 284
f 282 284 285
f 281 284 282
f 283 286 287
f 286 288 289
f 287 289 290
f 286 289 287
f 285 291 292
f 291 290 293
f 292 293 294
f 291 293 292
f 283 287 284
f 287 290 291
f 284 291 285
f 287 291 284
f 280 295 296
f 295 297 298
f 296 298 299
f 295 298 296
f 297 300 301
f 300 294 302
f 301 302 303
f 300 302 301
f 299 304 305
f 304 303 306
f 305 306 222
f 304 306 305
f 297 301 298
f 301 303 304
f 298 304 299
f 301 304 298
f 274 282 275
f 282 285 307
f 275 307 276
f 282 307 275
f 285 292 308
f 292 294 300
f 308 300 297
f 292 300 308
f 276 309 279
f 309 297 295
f 279 295 280
f 309 295 279
f 285 308 307
f 308 297 309
f 307 309 276
f 308 309 307
f 288 286 310
f 286 283 311
f 310 311 312
f 286 311 310
f 283 281 313
f 281 274 314
f 313 314 315
f 281 314 313
f 312 316 317
f 316 315 318
f 317 318 319
f 316 318 317
f 283 313 311
f 313 315 316
f 311 316 312
f 313 316 311
f 274 272 320
f 272 269 321
f 320 321 322
f 272 321 320
f 269 267 323
f 267 266 324
f 323 324 325
f 267 324 323
f 322 326 327
f 326 325 328
f 327 328 329
f 326 328 327
f 269 323 321
f 323 325 326
f 321 326 322
f 323 326 321
f 319 330 331
f 330 332 333
f 331 333 334
f 330 333 331
f 332 335 336
f 335 329 337
f 336 337 338
f 335 337 336
f 334 339 340
f 339 338 341
f 340 341 342
f 339 341 340
f 332 336 333
f 336 338 339
f 333 339 334
f 336 339 333
f 274 320 314
f 320 322 343
f 314 343 315
f 320 343 314
f 322 327 344
f 327 329 335
f 344 335 332
f 327 335 344
f 315 345 318
f 345 332 330
f 318 330 319
f 345 330 318
f 322 344 343
f 344 332 345
f 343 345 315
f 344 345 343
f 346 347 348
f 347 349 350
f 348 350 351
f 347 350 348
f 349 352 353
f 352 354 355
f 353 355 356
f 352 355 353
f 351 357 358
f 357 356 359
f 358 359 360
f 357 359 358
f 349 353 350
f 353 356 357
f 350 357 351
f 353 357 350
f 354 361 362
f 361 363 364
f 362 364 365
f 361 364 362
f 363 366 367
f 366 368 369
f 367 369 370
f 366 369 367
f 365 371 372
f 371 370 373
f 372 373 374
f 371 373 372
f 363 367 364
f 367 370 371
f 364 371 365
f 367 371 364
f 360 375 376
f 375 377 378
f 376 378 379
f 375 378 376
f 377 380 381
f 380 374 382
f 381 382 383
f 380 382 381
f 379 384 385
f 384 383 386
f 385 386 288
f 384 386 385
f 377 381 378
f 381 383 384
f 378 384 379
f 381 384 378
f 354 362 355
f 362 365 387
f 355 387 356
f 362 387 355
f 365 372 388
f 372 374 380
f 388 380 377
f 372 380 388
f 356 389 359
f 389 377 375
f 359 375 360
f 389 375 359
f 365 388 387
f 388 377 389
f 387 389 356
f 388 389 387
f 390 391 392
f 391 393 394
f 392 394 395
f 391 394 392
f 393 396 397
f 396 398 399
f 397 399 400
f 396 399 397
f 395 401 402
f 401 400 403
f 402 403 404
f 401 403 402
f 393 397 394
f 397 400 401
f 394 401 395
f 397 401 394
f 398 405 406
f 405 407 408
f 406 408 409
f 405 408 406
f 407 410 411
f 410 412 413
f 411 413 414
f 410 413 411
f 409 415 416
f 415 414 417
f 416 417 418
f 415 417 416
f 407 411 408
f 411 414 415
f 408 415 409
f 411 415 408
f 404 419 420
f 419 421 422
f 420 422 423
f 419 422 420
f 421 424 425
f 424 418 426
f 425 426 427
f 424 426 425
f 423 428 429
f 428 427 430
f 429 430 431
f 428 430 429
f 421 425 422
f 425 427 428
f 422 428 423
f 425 428 422
f 398 406 399
f 406 409 432
f 399 432 400
f 406 432 399
f 409 416 433
f 416 418 424
f 433 424 421
f 416 424 433
f 400 434 403
f 434 421 419
f 403 419 404
f 434 419 403
f 409 433 432
f 433 421 434
f 432 434 400
f 433 434 432
f 435 436 437
f 436 438 439
f 437 439 440
f 436 439 437
f 438 441 442
f 441 443 444
f 442 444 445
f 441 444 442
f 440 446 447
f 446 445 448
f 447 448 449
f 446 448 447
f 438 442 439
f 442 445 446
f 439 446 440
f 442 446 439
f 443 450 451
f 450 452 453
f 451 453 454
f 450 453 451
f 452 455 456
f 455 457 458
f 456 458 459
f 455 458 456
f 454 460 461
f 460 459 462
f 461 462 463
f 460 462 461
f 452 456 453
f 456 459 460
f 453 460 454
f 456 460 453
f 449 464 465
f 464 466 467
f 465 467 468
f 464 467 465
f 466 469 470
f 469 463 471
f 470 471 472
f 469 471 470
f 468 473 474
f 473 472 475
f 474 475 390
f 473 475 474
f 466 470 467
f 470 472 473
f 467 473 468
f 470 473 467
f 443 451 444
f 451 454 476
f 444 476 445
f 451 476 444
f 454 461 477
f 461 463 469
f 477 469 466
f 461 469 477
f 445 478 448
f 478 466 464
f 448 464 449
f 478 464 448
f 454 477 476
f 477 466 478
f 476 478 445
f 477 478 476
f 479 480 481
f 480 482 483
f 481 483 484
f 480 483 481
f 482 485 486
f 485 487 488
f 486 488 489
f 485 488 486
f 484 490 491
f 490 489 492
f 491 492 493
f 490 492 491
f 482 486 483
f 486 489 490
f 483 490 484
f 486 490 483
f 487 494 495
f 494 496 497
f 495 497 498
f 494 497 495
f 496 499 500
f 499 501 502
f 500 502 503
f 499 502 500
f 498 504 505
f 504 503 506
f 505 506 507
f 504 506 505
f 496 500 497
f 500 503 504
f 497 504 498
f 500 504 497
f 493 508 509
f 508 510 511
f 509 511 512
f 508 511 509
f 510 513 514
f 513 507 515
f 514 515 516
f 513 515 514
f 512 517 518
f 517 516 519
f 518 519 435
f 517 519 518
f 510 514 511
f 514 516 517
f 511 517 512
f 514 517 511
f 487 495 488
f 495 498 520
f 488 520 489
f 495 520 488
f 498 505 521
f 505 507 513
f 521 513 510
f 505 513 521
f 489 522 492
f 522 510 508
f 492 508 493
f 522 508 492
f 498 521 520
f 521 510 522
f 520 522 489
f 521 522 520
f 523 524 525
f 524 526 527
f 525 527 528
f 524 527 525
f 526 529 530
f 529 531 532
f 530 532 533
f 529 532 530
f 528 534 535
f 534 533 536
f 535 536 537
f 534 536 535
f 526 530 527
f 530 533 534
f 527 534 528
f 530 534 527
f 531 538 539
f 538 540 541
f 539 541 542
f 538 541 539
f 540 543 544
f 543 545 546
f 544 546 547
f 543 546 544
f 542 548 549
f 548 547 550
f 549 550 551
f 548 550 549
f 540 544 541
f 544 547 548
f 541 548 542
f 544 548 541
f 537 552 553
f 552 554 555
f 553 555 556
f 552 555 553
f 554 557 558
f 557 551 559
f 558 559 560
f 557 559 558
f 556 561 562
f 561 560 563
f 562 563 479
f 561 563 562
f 554 558 555
f 558 560 561
f 555 561 556
f 558 561 555
f 531 539 532
f 539 542 564
f 532 564 533
f 539 564 532
f 542 549 565
f 549 551 557
f 565 557 554
f 549 557 565
f 533 566 536
f 566 554 552
f 536 552 537
f 566 552 536
f 542 565 564
f 565 554 566
f 564 566 533
f 565 566 564
f 567 568 569
f 568 570 571
f 569 571 572
f 568 571 569
f 570 573 574
f 573 575 576
f 574 576 577
f 573 576 574
f 572 578 579
f 578 577 580
f 579 580 581
f 578 580 579
f 570 574 571
f 574 577 578
f 571 578 572
f 574 578 571
f 575 582 583
f 582 584 585
f 583 585 586
f 582 585 583
f 584 587 588
f 587 589 590
f 588 590 591
f 587 590 588
f 586 592 593
f 592 591 594
f 593 594 595
f 592 594 593
f 584 588 585
f 588 591 592
f 585 592 586
f 588 592 585
f 581 596 597
f 596 598 599
f 597 599 600
f 596 599 597
f 598 601 602
f 601 595 603
f 602 603 604
f 601 603 602
f 600 605 606
f 605 604 607
f 606 607 523
f 605 607 606
f 598 602 599
f 602 604 605
f 599 605 600
f 602 605 599
f 575 583 576
f 583 586 608
f 576 608 577
f 583 608 576
f 586 593 609
f 593 595 601
f 609 601 598
f 593 601 609
f 577 610 580
f 610 598 596
f 580 596 581
f 610 596 580
f 586 609 608
f 609 598 610
f 608 610 577
f 609 610 608
f 611 612 613
f 612 614 615
f 613 615 616
f 612 615 613
f 614 617 618
f 617 619 620
f 618 620 621
f 617 620 618
f 616 622 623
f 622 621 624
f 623 624 625
f 622 624 623
f 614 618 615
f 618 621 622
f 615 622 616
f 618 622 615
f 619 626 627
f 626 628 629
f 627 629 630
f 626 629 627
f 628 631 632
f 631 633 634
f 632 634 635
f 631 634 632
f 630 636 637
f 636 635 638
f 637 638 639
f 636 638 637
f 628 632 629
f 632 635 636
f 629 636 630
f 632 636 629
f 625 640 641
f 640 642 643
f 641 643 644
f 640 643 641
f 642 645 646
f 645 639 647
f 646 647 648
f 645 647 646
f 644 649 650
f 649 648 651
f 650 651 567
f 649 651 650
f 642 646 643
f 646 648 649
f 643 649 644
f 646 649 643
f 619 627 620
f 627 630 652
f 620 652 621
f 627 652 620
f 630 637 653
f 637 639 645
f 653 645 642
f 637 645 653
f 621 654 624
f 654 642 640
f 624 640 625
f 654 640 624
f 630 653 652
f 653 642 654
f 652 654 621
f 653 654 652
f 655 656 657
f 656 658 659
f 657 659 660
f 656 659 657
f 658 661 662
f 661 663 664
f 662 664 665
f 661 664 662
f 660 666 667
f 666 665 668
f 667 668 669
f 666 668 667
f 658 662 659
f 662 665 666
f 659 666 660
f 662 666 659
f 663 670 671
f 670 672 673
f 671 673 674
f 670 673 671
f 672 675 676
f 675 677 678
f 676 678 679
f 675 678 676
f 674 680 681
f 680 679 682
f 681 682 683
f 680 682 681
f 672 676 673
f 676 679 680
f 673 680 674
f 676 680 673
f 669 684 685
f 684 686 687
f 685 687 688
f 684 687 685
f 686 689 690
f 689 683 691
f 690 691 692
f 689 691 690
f 688 693 694
f 693 692 695
f 694 695 611
f 693 695 694
f 686 690 687
f 690 692 693
f 687 693 688
f 690 693 687
f 663 671 664
f 671 674 696
f 664 696 665
f 671 696 664
f 674 681 697
f 681 683 689
f 697 689 686
f 681 689 697
f 665 698 668
f 698 686 684
f 668 684 669
f 698 684 668
f 674 697 696
f 697 686 698
f 696 698 665
f 697 698 696
f 699 700 701
f 700 702 703
f 701 703 704
f 700 703 701
f 702 705 706
f 705 707 708
f 706 708 709
f 705 708 706
f 704 710 711
f 710 709 712
f 711 712 713
f 710 712 711
f 702 706 703
f 706 709 710
f 703 710 704
f 706 710 703
f 707 714 715
f 714 716 717
f 715 717 718
f 714 717 715
f 716 719 720
f 719 721 722
f 720 722 723
f 719 722 720
f 718 724 725
f 724 723 726
f 725 726 727
f 724 726 725
f 716 720 717
f 720 723 724
f 717 724 718
f 720 724 717
f 713 728 729
f 728 730 731
f 729 731 732
f 728 731 729
f 730 733 734
f 733 727 735
f 734 735 736
f 733 735 734
f 732 737 738
f 737 736 739
f 738 739 655
f 737 739 738
f 730 734 731
f 734 736 737
f 731 737 732
f 734 737 731
f 707 715 708
f 715 718 740
f 708 740 709
f 715 740 708
f 718 725 741
f 725 727 733
f 741 733 730
f 725 733 741
f 709 742 712
f 742 730 728
f 712 728 713
f 742 728 712
f 718 741 740
f 741 730 742
f 740 742 709
f 741 742 740
f 743 744 745
f 744 746 747
f 745 747 748
f 744 747 745
f 746 749 750
f 749 751 752
f 750 752 753
f 749 752 750
f 748 754 755
f 754 753 756
f 755 756 757
f 754 756 755
f 746 750 747
f 750 753 754
f 747 754 748
f 750 754 747
f 751 758 759
f 758 760 761
f 759 761 762
f 758 761 759
f 760 763 764
f 763 765 766
f 764 766 767
f 763 766 764
f 762 768 769
f 768 767 770
f 769 770 771
f 768 770 769
f 760 764 761
f 764 767 768
f 761 768 762
f 764 768 761
f 757 772 773
f 772 774 775
f 773 775 776
f 772 775 773
f 774 777 778
f 777 771 779
f 778 779 780
f 777 779 778
f 776 781 782
f 781 780 783
f 782 783 699
f 781 783 782
f 774 778 775
f 778 780 781
f 775 781 776
f 778 781 775
f 751 759 752
f 759 762 784
f 752 784 753
f 759 784 752
f 762 769 785
f 769 771 777
f 785 777 774
f 769 777 785
f 753 786 756
f 786 774 772
f 756 772 757
f 786 772 756
f 762 785 784
f 785 774 786
f 784 786 753
f 785 786 784
f 787 788 789
f 788 790 791
f 789 791 792
f 788 791 789
f 790 793 794
f 793 795 796
f 794 796 797
f 793 796 794
f 792 798 799
f 798 797 800
f 799 800 801
f 798 800 799
f 790 794 791
f 794 797 798
f 791 798 792
f 794 798 791
f 795 802 803
f 802 804 805
f 803 805 806
f 802 805 803
f 804 807 808
f 807 809 810
f 808 810 811
f 807 810 808
f 806 812 813
f 812 811 814
f 813 814 815
f 812 814 813
f 804 808 805
f 808 811 812
f 805 812 806
f 808 812 805
f 801 816 817
f 816 818 819
f 817 819 820
f 816 819 817
f 818 821 822
f 821 815 823
f 822 823 824
f 821 823 822
f 820 825 826
f 825 824 827
f 826 827 743
f 825 827 826
f 818 822 819
f 822 824 825
f 819 825 820
f 822 825 819
f 795 803 796
f 803 806 828
f 796 828 797
f 803 828 796
f 806 813 829
f 813 815 821
f 829 821 818
f 813 821 829
f 797 830 800
f 830 818 816
f 800 816 801
f 830 816 800
f 806 829 828
f 829 818 830
f 828 830 797
f 829 830 828
f 831 832 833
f 832 834 835
f 833 835 836
f 832 835 833
f 834 837 838
f 837 839 840
f 838 840 841
f 837 840 838
f 836 842 843
f 842 841 844
f 843 844 845
f 842 844 843
f 834 838 835
f 838 841 842
f 835 842 836
f 838 842 835
f 839 846 847
f 846 848 849
f 847 849 850
f 846 849 847
f 848 851 852
f 851 853 854
f 852 854 855
f 851 854 852
f 850 856 857
f 856 855 858
f 857 858 859
f 856 858 857
f 848 852 849
f 852 855 856
f 849 856 850
f 852 856 849
f 845 860 861
f 860 862 863
f 861 863 864
f 860 863 861
f 862 865 866
f 865 859 867
f 866 867 868
f 865 867 866
f 864 869 870
f 869 868 871
f 870 871 787
f 869 871 870
f 862 866 863
f 866 868 869
f 863 869 864
f 866 869 863
f 839 847 840
f 847 850 872
f 840 872 841
f 847 872 840
f 850 857 873
f 857 859 865
f 873 865 862
f 857 865 873
f 841 874 844
f 874 862 860
f 844 860 845
f 874 860 844
f 850 873 872
f 873 862 874
f 872 874 841
f 873 874 872
f 875 876 877
f 876 878 879
f 877 879 880
f 876 879 877
f 878 881 882
f 881 883 884
f 882 884 885
f 881 884 882
f 880 886 887
f 886 885 888
f 887 888 889
f 886 888 887
f 878 882 879
f 882 885 886
f 879 886 880
f 882 886 879
f 883 890 891
f 890 892 893
f 891 893 894
f 890 893 891
f 892 895 896
f 895 897 898
f 896 898 899
f 895 898 896
f 894 900 901
f 900 899 902
f 901 902 903
f 900 902 901
f 892 896 893
f 896 899 900
f 893 900 894
f 896 900 893
f 889 904 905
f 904 906 907
f 905 907 908
f 904 907 905
f 906 909 910
f 909 903 911
f 910 911 912
f 909 911 910
f 908 913 914
f 913 912 915
f 914 915 831
f 913 915 914
f 906 910 907
f 910 912 913
f 907 913 908
f 910 913 907
f 883 891 884
f 891 894 916
f 884 916 885
f 891 916 884
f 894 901 917
f 901 903 909
f 917 909 906
f 901 909 917
f 885 918 888
f 918 906 904
f 888 904 889
f 918 904 888
f 894 917 916
f 917 906 918
f 916 918 885
f 917 918 916
f 919 920 921
f 920 922 923
f 921 923 924
f 920 923 921
f 922 925 926
f 925 927 928
f 926 928 929
f 925 928 926
f 924 930 931
f 930 929 932
f 931 932 933
f 930 932 931
f 922 926 923
f 926 929 930
f 923 930 924
f 926 930 923
f 927 934 935
f 934 936 937
f 935 937 938
f 934 937 935
f 936 939 940
f 939 941 942
f 940 942 943
f 939 942 940
f 938 944 945
f 944 943 946
f 945 946 947
f 944 946 945
f 936 940 937
f 940 943 944
f 937 944 938
f 940 944 937
f 933 948 949
f 948 950 951
f 949 951 952
f 948 951 949
f 950 953 954
f 953 947 955
f 954 955 956
f 953 955 954
f 952 957 958
f 957 956 959
f 958 959 875
f 957 959 958
f 950 954 951
f 954 956 957
f 951 957 952
f 954 957 951
f 927 935 928
f 935 938 960
f 928 960 929
f 935 960 928
f 938 945 961
f 945 947 953
f 961 953 950
f 945 953 961
f 929 962 932
f 962 950 948
f 932 948 933
f 962 948 932
f 938 961 960
f 961 950 962
f 960 962 929
f 961 962 960
f 963 964 965
f 964 966 967
f 965 967 968
f 964 967 965
f 966 969 970
f 969 971 972
f 970 972 973
f 969 972 970
f 968 974 975
f 974 973 976
f 975 976 977
f 974 976 975
f 966 970 967
f 970 973 974
f 967 974 968
f 970 974 967
f 971 978 979
f 978 980 981
f 979 981 982
f 978 981 979
f 980 983 984
f 983 985 986
f 984 986 987
f 983 986 984
f 982 988 989
f 988 987 990
f 989 990 991
f 988 990 989
f 980 984 981
f 984 987 988
f 981 988 982
f 984 988 981
f 977 992 993
f 992 994 995
f 993 995 996
f 992 995 993
f 994 997 998
f 997 991 999
f 998 999 1000
f 997 999 998
f 996 1001 1002
f 1001 1000 1003
f 1002 1003 919
f 1001 1003 1002
f 994 998 995
f 998 1000 1001
f 995 1001 996
f 998 1001 995
f 971 979 972
f 979 982 1004
f 972 1004 973
f 979 1004 972
f 982 989 1005
f 989 991 997
f 1005 997 994
f 989 997 1005
f 973 1006 976
f 1006 994 992
f 976 992 977
f 1006 992 976
f 982 1005 1004
f 1005 994 1006
f 1004 1006 973
f 1005 1006 1004
f 1007 1008 1009
f 1008 1010 1011
f 1009 1011 1012
f 1008 1011 1009
f 1010 1013 1014
f 1013 1015 1016
f 1014 1016 1017
f 1013 1016 1014
f 1012 1018 1019
f 1018 1017 1020
f 1019 1020 1021
f 1018 1020 1019
f 1010 1014 1011
f 1014 1017 1018
f 1011 1018 1012
f 1014 1018 1011
f 1015 1022 1023
f 1022 1024 1025
f 1023 1025 1026
f 1022 1025 1023
f 1024 1027 1028
f 1027 1029 1030
f 1028 1030 1031
f 1027 1030 1028
f 1026 1032 1033
f 1032 1031 1034
f 1033 1034 1035
f 1032 1034 1033
f 1024 1028 1025
f 1028 1031 1032
f 1025 1032 1026
f 1028 1032 1025
f 1021 1036 1037
f 1036 1038 1039
f 1037 1039 1040
f 1036 1039 1037
f 1038 1041 1042
f 1041 1035 1043
f 1042 1043 1044
f 1041 1043 1042
f 1040 1045 1046
f 1045 1044 1047
f 1046 1047 963
f 1045 1047 1046
f 1038 1042 1039
f 1042 1044 1045
f 1039 1045 1040
f 1042 1045 1039
f 1015 1023 1016
f 1023 1026 1048
f 1016 1048 1017
f 1023 1048 1016
f 1026 1033 1049
f 1033 1035 1041
f 1049 1041 1038
f 1033 1041 1049
f 1017 1050 1020
f 1050 1038 1036
f 1020 1036 1021
f 1050 1036 1020
f 1026 1049 1048
f 1049 1038 1050
f 1048 1050 1017
f 1049 1050 1048
f 1051 1052 1053
f 1052 1054 1055
f 1053 1055 1056
f 1052 1055 1053
f 1054 1057 1058
f 1057 1059 1060
f 1058 1060 1061
f 1057 1060 1058
f 1056 1062 1063
f 1062 1061 1064
f 1063 1064 1065
f 1062 1064 1063
f 1054 1058 1055
f 1058 1061 1062
f 1055 1062 1056
f 1058 1062 1055
f 1059 1066 1067
f 1066 1068 1069
f 1067 1069 1070
f 1066 1069 1067
f 1068 1071 1072
f 1071 1073 1074
f 1072 1074 1075
f 1071 1074 1072
f 1070 1076 1077
f 1076 1075 1078
f 1077 1078 1079
f 1076 1078 1077
f 1068 1072 1069
f 1072 1075 1076
f 1069 1076 1070
f 1072 1076 1069
f 1065 1080 1081
f 1080 1082 1083
f 1081 1083 1084
f 1080 1083 1081
f 1082 1085 1086
f 1085 1079 1087
f 1086 1087 1088
f 1085 1087 1086
f 1084 1089 1090
f 1089 1088 1091
f 1090 1091 1007
f 1089 1091 1090
f 1082 1086 1083
f 1086 1088 1089
f 1083 1089 1084
f 1086 1089 1083
f 1059 1067 1060
f 1067 1070 1092
f 1060 1092 1061
f 1067 1092 1060
f 1070 1077 1093
f 1077 1079 1085
f 1093 1085 1082
f 1077 1085 1093
f 1061 1094 1064
f 1094 1082 1080
f 1064 1080 1065
f 1094 1080 1064
f 1070 1093 1092
f 1093 1082 1094
f 1092 1094 1061
f 1093 1094 1092
f 1095 1096 1097
f 1096 1098 1099
f 1097 1099 1100
f 1096 1099 1097
f 1098 1101 1102
f 1101 1103 1104
f 1102 1104 1105
f 1101 1104 1102
f 1100 1106 1107
f 1106 1105 1108
f 1107 1108 1109
f 1106 1108 1107
f 1098 1102 1099
f 1102 1105 1106
f 1099 1106 1100
f 1102 1106 1099
f 1103 1110 1111
f 1110 1112 1113
f 1111 1113 1114
f 1110 1113 1111
f 1112 1115 1116
f 1115 1117 1118
f 1116 1118 1119
f 1115 1118 1116
f 1114 1120 1121
f 1120 1119 1122
f 1121 1122 1123
f 1120 1122 1121
f 1112 1116 1113
f 1116 1119 1120
f 1113 1120 1114
f 1116 1120 1113
f 1109 1124 1125
f 1124 1126 1127
f 1125 1127 1128
f 1124 1127 1125
f 1126 1129 1130
f 1129 1123 1131
f 1130 1131 1132
f 1129 1131 1130
f 1128 1133 1134
f 1133 1132 1135
f 1134 1135 1051
f 1133 1135 1134
f 1126 1130 1127
f 1130 1132 1133
f 1127 1133 1128
f 1130 1133 1127
f 1103 1111 1104
f 1111 1114 1136
f 1104 1136 1105
f 1111 1136 1104
f 1114 1121 1137
f 1121 1123 1129
f 1137 1129 1126
f 1121 1129 1137
f 1105 1138 1108
f 1138 1126 1124
f 1108 1124 1109
f 1138 1124 1108
f 1114 1137 1136
f 1137 1126 1138
f 1136 1138 1105
f 1137 1138 1136
f 1139 1140 1141
f 1140 1142 1143
f 1141 1143 1144
f 1140 1143 1141
f 1142 1145 1146
f 1145 1147 1148
f 1146 1148 1149
f 1145 1148 1146
f 1144 1150 1151
f 1150 1149 1152
f 1151 1152 1153
f 1150 1152 1151
f 1142 1146 1143
f 1146 1149 1150
f 1143 1150 1144
f 1146 1150 1143
f 1147 1154 1155
f 1154 1156 1157
f 1155 1157 1158
f 1154 1157 1155
f 1156 1159 1160
f 1159 1161 1162
f 1160 1162 1163
f 1159 1162 1160
f 1158 1164 1165
f 1164 1163 1166
f 1165 1166 1167
f 1164 1166 1165
f 1156 1160 1157
f 1160 1163 1164
f 1157 1164 1158
f 1160 1164 1157
f 1153 1168 1169
f 1168 1170 1171
f 1169 1171 1172
f 1168 1171 1169
f 1170 1173 1174
f 1173 1167 1175
f 1174 1175 1176
f 1173 1175 1174
f 1172 1177 1178
f 1177 1176 1179
f 1178 1179 1095
f 1177 1179 1178
f 1170 1174 1171
f 1174 1176 1177
f 1171 1177 1172
f 1174 1177 1171
f 1147 1155 1148
f 1155 1158 1180
f 1148 1180 1149
f 1155 1180 1148
f 1158 1165 1181
f 1165 1167 1173
f 1181 1173 1170
f 1165 1173 1181
f 1149 1182 1152
f 1182 1170 1168
f 1152 1168 1153
f 1182 1168 1152
f 1158 1181 1180
f 1181 1170 1182
f 1180 1182 1149
f 1181 1182 1180
f 1183 1184 1185
f 1184 1186 1187
f 1185 1187 1188
f 1184 1187 1185
f 1186 1189 1190
f 1189 1191 1192
f 1190 1192 1193
f 1189 1192 1190
f 1188 1194 1195
f 1194 1193 1196
f 1195 1196 1197
f 1194 1196 1195
f 1186 1190 1187
f 1190 1193 1194
f 1187 1194 1188
f 1190 1194 1187
f 1191 1198 1199
f 1198 1200 1201
f 1199 1201 1202
f 1198 1201 1199
f 1200 1203 1204
f 1203 1205 1206
f 1204 1206 1207
f 1203 1206 1204
f 1202 1208 1209
f 1208 1207 1210
f 1209 1210 1211
f 1208 1210 1209
f 1200 1204 1201
f 1204 1207 1208
f 1201 1208 1202
f 1204 1208 1201
f 1197 1212 1213
f 1212 1214 1215
f 1213 1215 1216
f 1212 1215 1213
f 1214 1217 1218
f 1217 1211 1219
f 1218 1219 1220
f 1217 1219 1218
f 1216 1221 1222
f 1221 1220 1223
f 1222 1223 1139
f 1221 1223 1222
f 1214 1218 1215
f 1218 1220 1221
f 1215 1221 1216
f 1218 1221 1215
f 1191 1199 1192
f 1199 1202 1224
f 1192 1224 1193
f 1199 1224 1192
f 1202 1209 1225
f 1209 1211 1217
f 1225 1217 1214
f 1209 1217 1225
f 1193 1226 1196
f 1226 1214 1212
f 1196 1212 1197
f 1226 1212 1196
f 1202 1225 1224
f 1225 1214 1226
f 1224 1226 1193
f 1225 1226 1224
f 1 3 1227
f 3 6 1228
f 1227 1228 1229
f 3 1228 1227
f 6 13 1230
f 13 15 1231
f 1230 1231 1232
f 13 1231 1230
f 1229 1233 1234
f 1233 1232 1235
f 1234 1235 1236
f 1233 1235 1234
f 6 1230 1228
f 1230 1232 1233
f 1228 1233 1229
f 1230 1233 1228
f 15 31 1237
f 31 34 1238
f 1237 1238 1239
f 31 1238 1237
f 34 40 1240
f 40 42 1241
f 1240 1241 1242
f 40 1241 1240
f 1239 1243 1244
f 1243 1242 1245
f 1244 1245 1246
f 1243 1245 1244
f 34 1240 1238
f 1240 1242 1243
f 1238 1243 1239
f 1240 1243 1238
f 1236 1247 1248
f 1247 1249 1250
f 1248 1250 1251
f 1247 1250 1248
f 1249 1252 1253
f 1252 1246 1254
f 1253 1254 1255
f 1252 1254 1253
f 1251 1256 1257
f 1256 1255 1258
f 1257 1258 1183
f 1256 1258 1257
f 1249 1253 1250
f 1253 1255 1256
f 1250 1256 1251
f 1253 1256 1250
f 15 1237 1231
f 1237 1239 1259
f 1231 1259 1232
f 1237 1259 1231
f 1239 1244 1260
f 1244 1246 1252
f 1260 1252 1249
f 1244 1252 1260
f 1232 1261 1235
f 1261 1249 1247
f 1235 1247 1236
f 1261 1247 1235
f 1239 1260 1259
f 1260 1249 1261
f 1259 1261 1232
f 1260 1261 1259
f 90 92 1262
f 92 95 1263
f 1262 1263 1264
f 92 1263 1262
f 95 102 1265
f 102 104 1266
f 1265 1266 1267
f 102 1266 1265
f 1264 1268 1269
f 1268 1267 1270
f 1269 1270 1271
f 1268 1270 1269
f 95 1265 1263
f 1265 1267 1268
f 1263 1268 1264
f 1265 1268 1263
f 104 120 1272
f 120 123 1273
f 1272 1273 1274
f 120 1273 1272
f 123 129 1275
f 129 46 48
f 1275 48 51
f 129 48 1275
f 1274 1276 1277
f 1276 51 58
f 1277 58 60
f 1276 58 1277
f 123 1275 1273
f 1275 51 1276
f 1273 1276 1274
f 1275 1276 1273
f 1271 1278 1279
f 1278 1280 1281
f 1279 1281 1282
f 1278 1281 1279
f 1280 1283 1284
f 1283 60 76
f 1284 76 79
f 1283 76 1284
f 1282 1285 1286
f 1285 79 85
f 1286 85 1
f 1285 85 1286
f 1280 1284 1281
f 1284 79 1285
f 1281 1285 1282
f 1284 1285 1281
f 104 1272 1266
f 1272 1274 1287
f 1266 1287 1267
f 1272 1287 1266
f 1274 1277 1288
f 1277 60 1283
f 1288 1283 1280
f 1277 1283 1288
f 1267 1289 1270
f 1289 1280 1278
f 1270 1278 1271
f 1289 1278 1270
f 1274 1288 1287
f 1288 1280 1289
f 1287 1289 1267
f 1288 1289 1287
f 178 180 1290
f 180 183 1291
f 1290 1291 1292
f 180 1291 1290
f 183 190 1293
f 190 192 1294
f 1293 1294 1295
f 190 1294 1293
f 1292 1296 1297
f 1296 1295 1298
f 1297 1298 1299
f 1296 1298 1297
f 183 1293 1291
f 1293 1295 1296
f 1291 1296 1292
f 1293 1296 1291
f 192 208 1300
f 208 211 1301
f 1300 1301 1302
f 208 1301 1300
f 211 217 1303
f 217 134 136
f 1303 136 139
f 217 136 1303
f 1302 1304 1305
f 1304 139 146
f 1305 146 148
f 1304 146 1305
f 211 1303 1301
f 1303 139 1304
f 1301 1304 1302
f 1303 1304 1301
f 1299 1306 1307
f 1306 1308 1309
f 1307 1309 1310
f 1306 1309 1307
f 1308 1311 1312
f 1311 148 164
f 1312 164 167
f 1311 164 1312
f 1310 1313 1314
f 1313 167 173
f 1314 173 90
f 1313 173 1314
f 1308 1312 1309
f 1312 167 1313
f 1309 1313 1310
f 1312 1313 1309
f 192 1300 1294
f 1300 1302 1315
f 1294 1315 1295
f 1300 1315 1294
f 1302 1305 1316
f 1305 148 1311
f 1316 1311 1308
f 1305 1311 1316
f 1295 1317 1298
f 1317 1308 1306
f 1298 1306 1299
f 1317 1306 1298
f 1302 1316 1315
f 1316 1308 1317
f 1315 1317 1295
f 1316 1317 1315
f 266 268 1318
f 268 271 1319
f 1318 1319 1320
f 268 1319 1318
f 271 278 1321
f 278 280 1322
f 1321 1322 1323
f 278 1322 1321
f 1320 1324 1325
f 1324 1323 1326
f 1325 1326 1327
f 1324 1326 1325
f 271 1321 1319
f 1321 1323 1324
f 1319 1324 1320
f 1321 1324 1319
f 280 296 1328
f 296 299 1329
f 1328 1329 1330
f 296 1329 1328
f 299 305 1331
f 305 222 224
f 1331 224 227
f 305 224 1331
f 1330 1332 1333
f 1332 227 234
f 1333 234 236
f 1332 234 1333
f 299 1331 1329
f 1331 227 1332
f 1329 1332 1330
f 1331 1332 1329
f 1327 1334 1335
f 1334 1336 1337
f 1335 1337 1338
f 1334 1337 1335
f 1336 1339 1340
f 1339 236 252
f 1340 252 255
f 1339 252 1340
f 1338 1341 1342
f 1341 255 261
f 1342 261 178
f 1341 261 1342
f 1336 1340 1337
f 1340 255 1341
f 1337 1341 1338
f 1340 1341 1337
f 280 1328 1322
f 1328 1330 1343
f 1322 1343 1323
f 1328 1343 1322
f 1330 1333 1344
f 1333 236 1339
f 1344 1339 1336
f 1333 1339 1344
f 1323 1345 1326
f 1345 1336 1334
f 1326 1334 1327
f 1345 1334 1326
f 1330 1344 1343
f 1344 1336 1345
f 1343 1345 1323
f 1344 1345 1343
f 346 348 1346
f 348 351 1347
f 1346 1347 1348
f 348 1347 1346
f 351 358 1349
f 358 360 1350
f 1349 1350 1351
f 358 1350 1349
f 1348 1352 1353
f 1352 1351 1354
f 1353 1354 1355
f 1352 1354 1353
f 351 1349 1347
f 1349 1351 1352
f 1347 1352 1348
f 1349 1352 1347
f 360 376 1356
f 376 379 1357
f 1356 1357 1358
f 376 1357 1356
f 379 385 1359
f 385 288 310
f 1359 310 312
f 385 310 1359
f 1358 1360 1361
f 1360 312 317
f 1361 317 319
f 1360 317 1361
f 379 1359 1357
f 1359 312 1360
f 1357 1360 1358
f 1359 1360 1357
f 1355 1362 1363
f 1362 1364 1365
f 1363 1365 1366
f 1362 1365 1363
f 1364 1367 1368
f 1367 319 331
f 1368 331 334
f 1367 331 1368
f 1366 1369 1370
f 1369 334 340
f 1370 340 342
f 1369 340 1370
f 1364 1368 1365
f 1368 334 1369
f 1365 1369 1366
f 1368 1369 1365
f 360 1356 1350
f 1356 1358 1371
f 1350 1371 1351
f 1356 1371 1350
f 1358 1361 1372
f 1361 319 1367
f 1372 1367 1364
f 1361 1367 1372
f 1351 1373 1354
f 1373 1364 1362
f 1354 1362 1355
f 1373 1362 1354
f 1358 1372 1371
f 1372 1364 1373
f 1371 1373 1351
f 1372 1373 1371
f 435 437 1374
f 437 440 1375
f 1374 1375 1376
f 437 1375 1374
f 440 447 1377
f 447 449 1378
f 1377 1378 1379
f 447 1378 1377
f 1376 1380 1381
f 1380 1379 1382
f 1381 1382 1383
f 1380 1382 1381
f 440 1377 1375
f 1377 1379 1380
f 1375 1380 1376
f 1377 1380 1375
f 449 465 1384
f 465 468 1385
f 1384 1385 1386
f 465 1385 1384
f 468 474 1387
f 474 390 392
f 1387 392 395
f 474 392 1387
f 1386 1388 1389
f 1388 395 402
f 1389 402 404
f 1388 402 1389
f 468 1387 1385
f 1387 395 1388
f 1385 1388 1386
f 1387 1388 1385
f 1383 1390 1391
f 1390 1392 1393
f 1391 1393 1394
f 1390 1393 1391
f 1392 1395 1396
f 1395 404 420
f 1396 420 423
f 1395 420 1396
f 1394 1397 1398
f 1397 423 429
f 1398 429 431
f 1397 429 1398
f 1392 1396 1393
f 1396 423 1397
f 1393 1397 1394
f 1396 1397 1393
f 449 1384 1378
f 1384 1386 1399
f 1378 1399 1379
f 1384 1399 1378
f 1386 1389 1400
f 1389 404 1395
f 1400 1395 1392
f 1389 1395 1400
f 1379 1401 1382
f 1401 1392 1390
f 1382 1390 1383
f 1401 1390 1382
f 1386 1400 1399
f 1400 1392 1401
f 1399 1401 1379
f 1400 1401 1399
f 523 525 1402
f 525 528 1403
f 1402 1403 1404
f 525 1403 1402
f 528 535 1405
f 535 537 1406
f 1405 1406 1407
f 535 1406 1405
f 1404 1408 1409
f 1408 1407 1410
f 1409 1410 1411
f 1408 1410 1409
f 528 1405 1403
f 1405 1407 1408
f 1403 1408 1404
f 1405 1408 1403
f 537 553 1412
f 553 556 1413
f 1412 1413 1414
f 553 1413 1412
f 556 562 1415
f 562 479 481
f 1415 481 484
f 562 481 1415
f 1414 1416 1417
f 1416 484 491
f 1417 491 493
f 1416 491 1417
f 556 1415 1413
f 1415 484 1416
f 1413 1416 1414
f 1415 1416 1413
f 1411 1418 1419
f 1418 1420 1421
f 1419 1421 1422
f 1418 1421 1419
f 1420 1423 1424
f 1423 493 509
f 1424 509 512
f 1423 509 1424
f 1422 1425 1426
f 1425 512 518
f 1426 518 435
f 1425 518 1426
f 1420 1424 1421
f 1424 512 1425
f 1421 1425 1422
f 1424 1425 1421
f 537 1412 1406
f 1412 1414 1427
f 1406 1427 1407
f 1412 1427 1406
f 1414 1417 1428
f 1417 493 1423
f 1428 1423 1420
f 1417 1423 1428
f 1407 1429 1410
f 1429 1420 1418
f 1410 1418 1411
f 1429 1418 1410
f 1414 1428 1427
f 1428 1420 1429
f 1427 1429 1407
f 1428 1429 1427
f 611 613 1430
f 613 616 1431
f 1430 1431 1432
f 613 1431 1430
f 616 623 1433
f 623 625 1434
f 1433 1434 1435
f 623 1434 1433
f 1432 1436 1437
f 1436 1435 1438
f 1437 1438 1439
f 1436 1438 1437
f 616 1433 1431
f 1433 1435 1436
f 1431 1436 1432
f 1433 1436 1431
f 625 641 1440
f 641 644 1441
f 1440 1441 1442
f 641 1441 1440
f 644 650 1443
f 650 567 569
f 1443 569 572
f 650 569 1443
f 1442 1444 1445
f 1444 572 579
f 1445 579 581
f 1444 579 1445
f 644 1443 1441
f 1443 572 1444
f 1441 1444 1442
f 1443 1444 1441
f 1439 1446 1447
f 1446 1448 1449
f 1447 1449 1450
f 1446 1449 1447
f 1448 1451 1452
f 1451 581 597
f 1452 597 600
f 1451 597 1452
f 1450 1453 1454
f 1453 600 606
f 1454 606 523
f 1453 606 1454
f 1448 1452 1449
f 1452 600 1453
f 1449 1453 1450
f 1452 1453 1449
f 625 1440 1434
f 1440 1442 1455
f 1434 1455 1435
f 1440 1455 1434
f 1442 1445 1456
f 1445 581 1451
f 1456 1451 1448
f 1445 1451 1456
f 1435 1457 1438
f 1457 1448 1446
f 1438 1446 1439
f 1457 1446 1438
f 1442 1456 1455
f 1456 1448 1457
f 1455 1457 1435
f 1456 1457 1455
f 699 701 1458
f 701 704 1459
f 1458 1459 1460
f 701 1459 1458
f 704 711 1461
f 711 713 1462
f 1461 1462 1463
f 711 1462 1461
f 1460 1464 1465
f 1464 1463 1466
f 1465 1466 1467
f 1464 1466 1465
f 704 1461 1459
f 1461 1463 1464
f 1459 1464 1460
f 1461 1464 1459
f 713 729 1468
f 729 732 1469
f 1468 1469 1470
f 729 1469 1468
f 732 738 1471
f 738 655 657
f 1471 657 660
f 738 657 1471
f 1470 1472 1473
f 1472 660 667
f 1473 667 669
f 1472 667 1473
f 732 1471 1469
f 1471 660 1472
f 1469 1472 1470
f 1471 1472 1469
f 1467 1474 1475
f 1474 1476 1477
f 1475 1477 1478
f 1474 1477 1475
f 1476 1479 1480
f 1479 669 685
f 1480 685 688
f 1479 685 1480
f 1478 1481 1482
f 1481 688 694
f 1482 694 611
f 1481 694 1482
f 1476 1480 1477
f 1480 688 1481
f 1477 1481 1478
f 1480 1481 1477
f 713 1468 1462
f 1468 1470 1483
f 1462 1483 1463
f 1468 1483 1462
f 1470 1473 1484
f 1473 669 1479
f 1484 1479 1476
f 1473 1479 1484
f 1463 1485 1466
f 1485 1476 1474
f 1466 1474 1467
f 1485 1474 1466
f 1470 1484 1483
f 1484 1476 1485
f 1483 1485 1463
f 1484 1485 1483
f 787 789 1486
f 789 792 1487
f 1486 1487 1488
f 789 1487 1486
f 792 799 1489
f 799 801 1490
f 1489 1490 1491
f 799 1490 1489
f 1488 1492 1493
f 1492 1491 1494
f 1493 1494 1495
f 1492 1494 1493
f 792 1489 1487
f 1489 1491 1492
f 1487 1492 1488
f 1489 1492 1487
f 801 817 1496
f 817 820 1497
f 1496 1497 1498
f 817 1497 1496
f 820 826 1499
f 826 743 745
f 1499 745 748
f 826 745 1499
f 1498 1500 1501
f 1500 748 755
f 1501 755 757
f 1500 755 1501
f 820 1499 1497
f 1499 748 1500
f 1497 1500 1498
f 1499 1500 1497
f 1495 1502 1503
f 1502 1504 1505
f 1503 1505 1506
f 1502 1505 1503
f 1504 1507 1508
f 1507 757 773
f 1508 773 776
f 1507 773 1508
f 1506 1509 1510
f 1509 776 782
f 1510 782 699
f 1509 782 1510
f 1504 1508 1505
f 1508 776 1509
f 1505 1509 1506
f 1508 1509 1505
f 801 1496 1490
f 1496 1498 1511
f 1490 1511 1491
f 1496 1511 1490
f 1498 1501 1512
f 1501 757 1507
f 1512 1507 1504
f 1501 1507 1512
f 1491 1513 1494
f 1513 1504 1502
f 1494 1502 1495
f 1513 1502 1494
f 1498 1512 1511
f 1512 1504 1513
f 1511 1513 1491
f 1512 1513 1511
f 875 877 1514
f 877 880 1515
f 1514 1515 1516
f 877 1515 1514
f 880 887 1517
f 887 889 1518
f 1517 1518 1519
f 887 1518 1517
f 1516 1520 1521
f 1520 1519 1522
f 1521 1522 1523
f 1520 1522 1521
f 880 1517 1515
f 1517 1519 1520
f 1515 1520 1516
f 1517 1520 1515
f 889 905 1524
f 905 908 1525
f 1524 1525 1526
f 905 1525 1524
f 908 914 1527
f 914 831 833
f 1527 833 836
f 914 833 1527
f 1526 1528 1529
f 1528 836 843
f 1529 843 845
f 1528 843 1529
f 908 1527 1525
f 1527 836 1528
f 1525 1528 1526
f 1527 1528 1525
f 1523 1530 1531
f 1530 1532 1533
f 1531 1533 1534
f 1530 1533 1531
f 1532 1535 1536
f 1535 845 861
f 1536 861 864
f 1535 861 1536
f 1534 1537 1538
f 1537 864 870
f 1538 870 787
f 1537 870 1538
f 1532 1536 1533
f 1536 864 1537
f 1533 1537 1534
f 1536 1537 1533
f 889 1524 1518
f 1524 1526 1539
f 1518 1539 1519
f 1524 1539 1518
f 1526 1529 1540
f 1529 845 1535
f 1540 1535 1532
f 1529 1535 1540
f 1519 1541 1522
f 1541 1532 1530
f 1522 1530 1523
f 1541 1530 1522
f 1526 1540 1539
f 1540 1532 1541
f 1539 1541 1519
f 1540 1541 1539
f 963 965 1542
f 965 968 1543
f 1542 1543 1544
f 965 1543 1542
f 968 975 1545
f 975 977 1546
f 1545 1546 1547
f 975 1546 1545
f 1544 1548 1549
f 1548 1547 1550
f 1549 1550 1551
f 1548 1550 1549
f 968 1545 1543
f 1545 1547 1548
f 1543 1548 1544
f 1545 1548 1543
f 977 993 1552
f 993 996 1553
f 1552 1553 1554
f 993 1553 1552
f 996 1002 1555
f 1002 919 921
f 1555 921 924
f 1002 921 1555
f 1554 1556 1557
f 1556 924 931
f 1557 931 933
f 1556 931 1557
f 996 1555 1553
f 1555 924 1556
f 1553 1556 1554
f 1555 1556 1553
f 1551 1558 1559
f 1558 1560 1561
f 1559 1561 1562
f 1558 1561 1559
f 1560 1563 1564
f 1563 933 949
f 1564 949 952
f 1563 949 1564
f 1562 1565 1566
f 1565 952 958
f 1566 958 875
f 1565 958 1566
f 1560 1564 1561
f 1564 952 1565
f 1561 1565 1562
f 1564 1565 1561
f 977 1552 1546
f 1552 1554 1567
f 1546 1567 1547
f 1552 1567 1546
f 1554 1557 1568
f 1557 933 1563
f 1568 1563 1560
f 1557 1563 1568
f 1547 1569 1550
f 1569 1560 1558
f 1550 1558 1551
f 1569 1558 1550
f 1554 1568 1567
f 1568 1560 1569
f 1567 1569 1547
f 1568 1569 1567
f 1051 1053 1570
f 1053 1056 1571
f 1570 1571 1572
f 1053 1571 1570
f 1056 1063 1573
f 1063 1065 1574
f 1573 1574 1575
f 1063 1574 1573
f 1572 1576 1577
f 1576 1575 1578
f 1577 1578 1579
f 1576 1578 1577
f 1056 1573 1571
f 1573 1575 1576
f 1571 1576 1572
f 1573 1576 1571
f 1065 1081 1580
f 1081 1084 1581
f 1580 1581 1582
f 1081 1581 1580
f 1084 1090 1583
f 1090 1007 1009
f 1583 1009 1012
f 1090 1009 1583
f 1582 1584 1585
f 1584 1012 1019
f 1585 1019 1021
f 1584 1019 1585
f 1084 1583 1581
f 1583 1012 1584
f 1581 1584 1582
f 1583 1584 1581
f 1579 1586 1587
f 1586 1588 1589
f 1587 1589 1590
f 1586 1589 1587
f 1588 1591 1592
f 1591 1021 1037
f 1592 1037 1040
f 1591 1037 1592
f 1590 1593 1594
f 1593 1040 1046
f 1594 1046 963
f 1593 1046 1594
f 1588 1592 1589
f 1592 1040 1593
f 1589 1593 1590
f 1592 1593 1589
f 1065 1580 1574
f 1580 1582 1595
f 1574 1595 1575
f 1580 1595 1574
f 1582 1585 1596
f 1585 1021 1591
f 1596 1591 1588
f 1585 1591 1596
f 1575 1597 1578
f 1597 1588 1586
f 1578 1586 1579
f 1597 1586 1578
f 1582 1596 1595
f 1596 1588 1597
f 1595 1597 1575
f 1596 1597 1595
f 1139 1141 1598
f 1141 1144 1599
f 1598 1599 1600
f 1141 1599 1598
f 1144 1151 1601
f 1151 1153 1602
f 1601 1602 1603
f 1151 1602 1601
f 1600 1604 1605
f 1604 1603 1606
f 1605 1606 1607
f 1604 1606 1605
f 1144 1601 1599
f 1601 1603 1604
f 1599 1604 1600
f 1601 1604 1599
f 1153 1169 1608
f 1169 1172 1609
f 1608 1609 1610
f 1169 1609 1608
f 1172 1178 1611
f 1178 1095 1097
f 1611 1097 1100
f 1178 1097 1611
f 1610 1612 1613
f 1612 1100 1107
f 1613 1107 1109
f 1612 1107 1613
f 1172 1611 1609
f 1611 1100 1612
f 1609 1612 1610
f 1611 1612 1609
f 1607 1614 1615
f 1614 1616 1617
f 1615 1617 1618
f 1614 1617 1615
f 1616 1619 1620
f 1619 1109 1125
f 1620 1125 1128
f 1619 1125 1620
f 1618 1621 1622
f 1621 1128 1134
f 1622 1134 1051
f 1621 1134 1622
f 1616 1620 1617
f 1620 1128 1621
f 1617 1621 1618
f 1620 1621 1617
f 1153 1608 1602
f 1608 1610 1623
f 1602 1623 1603
f 1608 1623 1602
f 1610 1613 1624
f 1613 1109 1619
f 1624 1619 1616
f 1613 1619 1624
f 1603 1625 1606
f 1625 1616 1614
f 1606 1614 1607
f 1625 1614 1606
f 1610 1624 1623
f 1624 1616 1625
f 1623 1625 1603
f 1624 1625 1623
f 1 1227 1626
f 1227 1229 1627
f 1626 1627 1628
f 1227 1627 1626
f 1229 1234 1629
f 1234 1236 1630
f 1629 1630 1631
f 1234 1630 1629
f 1628 1632 1633
f 1632 1631 1634
f 1633 1634 1635
f 1632 1634 1633
f 1229 1629 1627
f 1629 1631 1632
f 1627 1632 1628
f 1629 1632 1627
f 1236 1248 1636
f 1248 1251 1637
f 1636 1637 1638
f 1248 1637 1636
f 1251 1257 1639
f 1257 1183 1185
f 1639 1185 1188
f 1257 1185 1639
f 1638 1640 1641
f 1640 1188 1195
f 1641 1195 1197
f 1640 1195 1641
f 1251 1639 1637
f 1639 1188 1640
f 1637 1640 1638
f 1639 1640 1637
f 1635 1642 1643
f 1642 1644 1645
f 1643 1645 1646
f 1642 1645 1643
f 1644 1647 1648
f 1647 1197 1213
f 1648 1213 1216
f 1647 1213 1648
f 1646 1649 1650
f 1649 1216 1222
f 1650 1222 1139
f 1649 1222 1650
f 1644 1648 1645
f 1648 1216 1649
f 1645 1649 1646
f 1648 1649 1645
f 1236 1636 1630
f 1636 1638 1651
f 1630 1651 1631
f 1636 1651 1630
f 1638 1641 1652
f 1641 1197 1647
f 1652 1647 1644
f 1641 1647 1652
f 1631 1653 1634
f 1653 1644 1642
f 1634 1642 1635
f 1653 1642 1634
f 1638 1652 1651
f 1652 1644 1653
f 1651 1653 1631
f 1652 1653 1651
f 178 1290 1654
f 1290 1292 1655
f 1654 1655 1656
f 1290 1655 1654
f 1292 1297 1657
f 1297 1299 1658
f 1657 1658 1659
f 1297 1658 1657
f 1656 1660 1661
f 1660 1659 1662
f 1661 1662 1663
f 1660 1662 1661
f 1292 1657 1655
f 1657 1659 1660
f 1655 1660 1656
f 1657 1660 1655
f 1299 1307 1664
f 1307 1310 1665
f 1664 1665 1666
f 1307 1665 1664
f 1310 1314 1667
f 1314 90 1262
f 1667 1262 1264
f 1314 1262 1667
f 1666 1668 1669
f 1668 1264 1269
f 1669 1269 1271
f 1668 1269 1669
f 1310 1667 1665
f 1667 1264 1668
f 1665 1668 1666
f 1667 1668 1665
f 1663 1670 1671
f 1670 1672 1673
f 1671 1673 1674
f 1670 1673 1671
f 1672 1675 1676
f 1675 1271 1279
f 1676 1279 1282
f 1675 1279 1676
f 1674 1677 1678
f 1677 1282 1286
f 1678 1286 1
f 1677 1286 1678
f 1672 1676 1673
f 1676 1282 1677
f 1673 1677 1674
f 1676 1677 1673
f 1299 1664 1658
f 1664 1666 1679
f 1658 1679 1659
f 1664 1679 1658
f 1666 1669 1680
f 1669 1271 1675
f 1680 1675 1672
f 1669 1675 1680
f 1659 1681 1662
f 1681 1672 1670
f 1662 1670 1663
f 1681 1670 1662
f 1666 1680 1679
f 1680 1672 1681
f 1679 1681 1659
f 1680 1681 1679
f 1682 1683 1684
f 1683 1685 1686
f 1684 1686 1687
f 1683 1686 1684
f 1685 1688 1689
f 1688 1690 1691
f 1689 1691 1692
f 1688 1691 1689
f 1687 1693 1694
f 1693 1692 1695
f 1694 1695 1696
f 1693 1695 1694
f 1685 1689 1686
f 1689 1692 1693
f 1686 1693 1687
f 1689 1693 1686
f 1690 1697 1698
f 1697 1699 1700
f 1698 1700 1701
f 1697 1700 1698
f 1699 1702 1703
f 1702 266 1318
f 1703 1318 1320
f 1702 1318 1703
f 1701 1704 1705
f 1704 1320 1325
f 1705 1325 1327
f 1704 1325 1705
f 1699 1703 1700
f 1703 1320 1704
f 1700 1704 1701
f 1703 1704 1700
f 1696 1706 1707
f 1706 1708 1709
f 1707 1709 1710
f 1706 1709 1707
f 1708 1711 1712
f 1711 1327 1335
f 1712 1335 1338
f 1711 1335 1712
f 1710 1713 1714
f 1713 1338 1342
f 1714 1342 178
f 1713 1342 1714
f 1708 1712 1709
f 1712 1338 1713
f 1709 1713 1710
f 1712 1713 1709
f 1690 1698 1691
f 1698 1701 1715
f 1691 1715 1692
f 1698 1715 1691
f 1701 1705 1716
f 1705 1327 1711
f 1716 1711 1708
f 1705 1711 1716
f 1692 1717 1695
f 1717 1708 1706
f 1695 1706 1696
f 1717 1706 1695
f 1701 1716 1715
f 1716 1708 1717
f 1715 1717 1692
f 1716 1717 1715
f 431 1718 1719
f 1718 1720 1721
f 1719 1721 1722
f 1718 1721 1719
f 1720 1723 1724
f 1723 1725 1726
f 1724 1726 1727
f 1723 1726 1724
f 1722 1728 1729
f 1728 1727 1730
f 1729 1730 1731
f 1728 1730 1729
f 1720 1724 1721
f 1724 1727 1728
f 1721 1728 1722
f 1724 1728 1721
f 1725 1732 1733
f 1732 1734 1735
f 1733 1735 1736
f 1732 1735 1733
f 1734 1737 1738
f 1737 346 1346
f 1738 1346 1348
f 1737 1346 1738
f 1736 1739 1740
f 1739 1348 1353
f 1740 1353 1355
f 1739 1353 1740
f 1734 1738 1735
f 1738 1348 1739
f 1735 1739 1736
f 1738 1739 1735
f 1731 1741 1742
f 1741 1743 1744
f 1742 1744 1745
f 1741 1744 1742
f 1743 1746 1747
f 1746 1355 1363
f 1747 1363 1366
f 1746 1363 1747
f 1745 1748 1749
f 1748 1366 1370
f 1749 1370 342
f 1748 1370 1749
f 1743 1747 1744
f 1747 1366 1748
f 1744 1748 1745
f 1747 1748 1744
f 1725 1733 1726
f 1733 1736 1750
f 1726 1750 1727
f 1733 1750 1726
f 1736 1740 1751
f 1740 1355 1746
f 1751 1746 1743
f 1740 1746 1751
f 1727 1752 1730
f 1752 1743 1741
f 1730 1741 1731
f 1752 1741 1730
f 1736 1751 1750
f 1751 1743 1752
f 1750 1752 1727
f 1751 1752 1750
f 523 1402 1753
f 1402 1404 1754
f 1753 1754 1755
f 1402 1754 1753
f 1404 1409 1756
f 1409 1411 1757
f 1756 1757 1758
f 1409 1757 1756
f 1755 1759 1760
f 1759 1758 1761
f 1760 1761 1762
f 1759 1761 1760
f 1404 1756 1754
f 1756 1758 1759
f 1754 1759 1755
f 1756 1759 1754
f 1411 1419 1763
f 1419 1422 1764
f 1763 1764 1765
f 1419 1764 1763
f 1422 1426 1766
f 1426 435 1374
f 1766 1374 1376
f 1426 1374 1766
f 1765 1767 1768
f 1767 1376 1381
f 1768 1381 1383
f 1767 1381 1768
f 1422 1766 1764
f 1766 1376 1767
f 1764 1767 1765
f 1766 1767 1764
f 1762 1769 1770
f 1769 1771 1772
f 1770 1772 1773
f 1769 1772 1770
f 1771 1774 1775
f 1774 1383 1391
f 1775 1391 1394
f 1774 1391 1775
f 1773 1776 1777
f 1776 1394 1398
f 1777 1398 431
f 1776 1398 1777
f 1771 1775 1772
f 1775 1394 1776
f 1772 1776 1773
f 1775 1776 1772
f 1411 1763 1757
f 1763 1765 1778
f 1757 1778 1758
f 1763 1778 1757
f 1765 1768 1779
f 1768 1383 1774
f 1779 1774 1771
f 1768 1774 1779
f 1758 1780 1761
f 1780 1771 1769
f 1761 1769 1762
f 1780 1769 1761
f 1765 1779 1778
f 1779 1771 1780
f 1778 1780 1758
f 1779 1780 1778
f 699 1458 1781
f 1458 1460 1782
f 1781 1782 1783
f 1458 1782 1781
f 1460 1465 1784
f 1465 1467 1785
f 1784 1785 1786
f 1465 1785 1784
f 1783 1787 1788
f 1787 1786 1789
f 1788 1789 1790
f 1787 1789 1788
f 1460 1784 1782
f 1784 1786 1787
f 1782 1787 1783
f 1784 1787 1782
f 1467 1475 1791
f 1475 1478 1792
f 1791 1792 1793
f 1475 1792 1791
f 1478 1482 1794
f 1482 611 1430
f 1794 1430 1432
f 1482 1430 1794
f 1793 1795 1796
f 1795 1432 1437
f 1796 1437 1439
f 1795 1437 1796
f 1478 1794 1792
f 1794 1432 1795
f 1792 1795 1793
f 1794 1795 1792
f 1790 1797 1798
f 1797 1799 1800
f 1798 1800 1801
f 1797 1800 1798
f 1799 1802 1803
f 1802 1439 1447
f 1803 1447 1450
f 1802 1447 1803
f 1801 1804 1805
f 1804 1450 1454
f 1805 1454 523
f 1804 1454 1805
f 1799 1803 1800
f 1803 1450 1804
f 1800 1804 1801
f 1803 1804 1800
f 1467 1791 1785
f 1791 1793 1806
f 1785 1806 1786
f 1791 1806 1785
f 1793 1796 1807
f 1796 1439 1802
f 1807 1802 1799
f 1796 1802 1807
f 1786 1808 1789
f 1808 1799 1797
f 1789 1797 1790
f 1808 1797 1789
f 1793 1807 1806
f 1807 1799 1808
f 1806 1808 1786
f 1807 1808 1806
f 875 1514 1809
f 1514 1516 1810
f 1809 1810 1811
f 1514 1810 1809
f 1516 1521 1812
f 1521 1523 1813
f 1812 1813 1814
f 1521 1813 1812
f 1811 1815 1816
f 1815 1814 1817
f 1816 1817 1818
f 1815 1817 1816
f 1516 1812 1810
f 1812 1814 1815
f 1810 1815 1811
f 1812 1815 1810
f 1523 1531 1819
f 1531 1534 1820
f 1819 1820 1821
f 1531 1820 1819
f 1534 1538 1822
f 1538 787 1486
f 1822 1486 1488
f 1538 1486 1822
f 1821 1823 1824
f 1823 1488 1493
f 1824 1493 1495
f 1823 1493 1824
f 1534 1822 1820
f 1822 1488 1823
f 1820 1823 1821
f 1822 1823 1820
f 1818 1825 1826
f 1825 1827 1828
f 1826 1828 1829
f 1825 1828 1826
f 1827 1830 1831
f 1830 1495 1503
f 1831 1503 1506
f 1830 1503 1831
f 1829 1832 1833
f 1832 1506 1510
f 1833 1510 699
f 1832 1510 1833
f 1827 1831 1828
f 1831 1506 1832
f 1828 1832 1829
f 1831 1832 1828
f 1523 1819 1813
f 1819 1821 1834
f 1813 1834 1814
f 1819 1834 1813
f 1821 1824 1835
f 1824 1495 1830
f 1835 1830 1827
f 1824 1830 1835
f 1814 1836 1817
f 1836 1827 1825
f 1817 1825 1818
f 1836 1825 1817
f 1821 1835 1834
f 1835 1827 1836
f 1834 1836 1814
f 1835 1836 1834
f 1051 1570 1837
f 1570 1572 1838
f 1837 1838 1839
f 1570 1838 1837
f 1572 1577 1840
f 1577 1579 1841
f 1840 1841 1842
f 1577 1841 1840
f 1839 1843 1844
f 1843 1842 1845
f 1844 1845 1846
f 1843 1845 1844
f 1572 1840 1838
f 1840 1842 1843
f 1838 1843 1839
f 1840 1843 1838
f 1579 1587 1847
f 1587 1590 1848
f 1847 1848 1849
f 1587 1848 1847
f 1590 1594 1850
f 1594 963 1542
f 1850 1542 1544
f 1594 1542 1850
f 1849 1851 1852
f 1851 1544 1549
f 1852 1549 1551
f 1851 1549 1852
f 1590 1850 1848
f 1850 1544 1851
f 1848 1851 1849
f 1850 1851 1848
f 1846 1853 1854
f 1853 1855 1856
f 1854 1856 1857
f 1853 1856 1854
f 1855 1858 1859
f 1858 1551 1559
f 1859 1559 1562
f 1858 1559 1859
f 1857 1860 1861
f 1860 1562 1566
f 1861 1566 875
f 1860 1566 1861
f 1855 1859 1856
f 1859 1562 1860
f 1856 1860 1857
f 1859 1860 1856
f 1579 1847 1841
f 1847 1849 1862
f 1841 1862 1842
f 1847 1862 1841
f 1849 1852 1863
f 1852 1551 1858
f 1863 1858 1855
f 1852 1858 1863
f 1842 1864 1845
f 1864 1855 1853
f 1845 1853 1846
f 1864 1853 1845
f 1849 1863 1862
f 1863 1855 1864
f 1862 1864 1842
f 1863 1864 1862
f 1 1626 1865
f 1626 1628 1866
f 1865 1866 1867
f 1626 1866 1865
f 1628 1633 1868
f 1633 1635 1869
f 1868 1869 1870
f 1633 1869 1868
f 1867 1871 1872
f 1871 1870 1873
f 1872 1873 1874
f 1871 1873 1872
f 1628 1868 1866
f 1868 1870 1871
f 1866 1871 1867
f 1868 1871 1866
f 1635 1643 1875
f 1643 1646 1876
f 1875 1876 1877
f 1643 1876 1875
f 1646 1650 1878
f 1650 1139 1598
f 1878 1598 1600
f 1650 1598 1878
f 1877 1879 1880
f 1879 1600 1605
f 1880 1605 1607
f 1879 1605 1880
f 1646 1878 1876
f 1878 1600 1879
f 1876 1879 1877
f 1878 1879 1876
f 1874 1881 1882
f 1881 1883 1884
f 1882 1884 1885
f 1881 1884 1882
f 1883 1886 1887
f 1886 1607 1615
f 1887 1615 1618
f 1886 1615 1887
f 1885 1888 1889
f 1888 1618 1622
f 1889 1622 1051
f 1888 1622 1889
f 1883 1887 1884
f 1887 1618 1888
f 1884 1888 1885
f 1887 1888 1884
f 1635 1875 1869
f 1875 1877 1890
f 1869 1890 1870
f 1875 1890 1869
f 1877 1880 1891
f 1880 1607 1886
f 1891 1886 1883
f 1880 1886 1891
f 1870 1892 1873
f 1892 1883 1881
f 1873 1881 1874
f 1892 1881 1873
f 1877 1891 1890
f 1891 1883 1892
f 1890 1892 1870
f 1891 1892 1890
f 1682 1684 1893
f 1684 1687 1894
f 1893 1894 1895
f 1684 1894 1893
f 1687 1694 1896
f 1694 1696 1897
f 1896 1897 1898
f 1694 1897 1896
f 1895 1899 1900
f 1899 1898 1901
f 1900 1901 1902
f 1899 1901 1900
f 1687 1896 1894
f 1896 1898 1899
f 1894 1899 1895
f 1896 1899 1894
f 1696 1707 1903
f 1707 1710 1904
f 1903 1904 1905
f 1707 1904 1903
f 1710 1714 1906
f 1714 178 1654
f 1906 1654 1656
f 1714 1654 1906
f 1905 1907 1908
f 1907 1656 1661
f 1908 1661 1663
f 1907 1661 1908
f 1710 1906 1904
f 1906 1656 1907
f 1904 1907 1905
f 1906 1907 1904
f 1902 1909 1910
f 1909 1911 1912
f 1910 1912 1913
f 1909 1912 1910
f 1911 1914 1915
f 1914 1663 1671
f 1915 1671 1674
f 1914 1671 1915
f 1913 1916 1917
f 1916 1674 1678
f 1917 1678 1
f 1916 1678 1917
f 1911 1915 1912
f 1915 1674 1916
f 1912 1916 1913
f 1915 1916 1912
f 1696 1903 1897
f 1903 1905 1918
f 1897 1918 1898
f 1903 1918 1897
f 1905 1908 1919
f 1908 1663 1914
f 1919 1914 1911
f 1908 1914 1919
f 1898 1920 1901
f 1920 1911 1909
f 1901 1909 1902
f 1920 1909 1901
f 1905 1919 1918
f 1919 1911 1920
f 1918 1920 1898
f 1919 1920 1918
f 431 1719 1921
f 1719 1722 1922
f 1921 1922 1923
f 1719 1922 1921
f 1722 1729 1924
f 1729 1731 1925
f 1924 1925 1926
f 1729 1925 1924
f 1923 1927 1928
f 1927 1926 1929
f 1928 1929 1930
f 1927 1929 1928
f 1722 1924 1922
f 1924 1926 1927
f 1922 1927 1923
f 1924 1927 1922
f 1731 1742 1931
f 1742 1745 1932
f 1931 1932 1933
f 1742 1932 1931
f 1745 1749 1934
f 1749 342 1935
f 1934 1935 1936
f 1749 1935 1934
f 1933 1937 1938
f 1937 1936 1939
f 1938 1939 1940
f 1937 1939 1938
f 1745 1934 1932
f 1934 1936 1937
f 1932 1937 1933
f 1934 1937 1932
f 1930 1941 1942
f 1941 1943 1944
f 1942 1944 1945
f 1941 1944 1942
f 1943 1946 1947
f 1946 1940 1948
f 1947 1948 1949
f 1946 1948 1947
f 1945 1950 1951
f 1950 1949 1952
f 1951 1952 1682
f 1950 1952 1951
f 1943 1947 1944
f 1947 1949 1950
f 1944 1950 1945
f 1947 1950 1944
f 1731 1931 1925
f 1931 1933 1953
f 1925 1953 1926
f 1931 1953 1925
f 1933 1938 1954
f 1938 1940 1946
f 1954 1946 1943
f 1938 1946 1954
f 1926 1955 1929
f 1955 1943 1941
f 1929 1941 1930
f 1955 1941 1929
f 1933 1954 1953
f 1954 1943 1955
f 1953 1955 1926
f 1954 1955 1953
f 699 1781 1956
f 1781 1783 1957
f 1956 1957 1958
f 1781 1957 1956
f 1783 1788 1959
f 1788 1790 1960
f 1959 1960 1961
f 1788 1960 1959
f 1958 1962 1963
f 1962 1961 1964
f 1963 1964 1965
f 1962 1964 1963
f 1783 1959 1957
f 1959 1961 1962
f 1957 1962 1958
f 1959 1962 1957
f 1790 1798 1966
f 1798 1801 1967
f 1966 1967 1968
f 1798 1967 1966
f 1801 1805 1969
f 1805 523 1753
f 1969 1753 1755
f 1805 1753 1969
f 1968 1970 1971
f 1970 1755 1760
f 1971 1760 1762
f 1970 1760 1971
f 1801 1969 1967
f 1969 1755 1970
f 1967 1970 1968
f 1969 1970 1967
f 1965 1972 1973
f 1972 1974 1975
f 1973 1975 1976
f 1972 1975 1973
f 1974 1977 1978
f 1977 1762 1770
f 1978 1770 1773
f 1977 1770 1978
f 1976 1979 1980
f 1979 1773 1777
f 1980 1777 431
f 1979 1777 1980
f 1974 1978 1975
f 1978 1773 1979
f 1975 1979 1976
f 1978 1979 1975
f 1790 1966 1960
f 1966 1968 1981
f 1960 1981 1961
f 1966 1981 1960
f 1968 1971 1982
f 1971 1762 1977
f 1982 1977 1974
f 1971 1977 1982
f 1961 1983 1964
f 1983 1974 1972
f 1964 1972 1965
f 1983 1972 1964
f 1968 1982 1981
f 1982 1974 1983
f 1981 1983 1961
f 1982 1983 1981
f 1051 1837 1984
f 1837 1839 1985
f 1984 1985 1986
f 1837 1985 1984
f 1839 1844 1987
f 1844 1846 1988
f 1987 1988 1989
f 1844 1988 1987
f 1986 1990 1991
f 1990 1989 1992
f 1991 1992 1993
f 1990 1992 1991
f 1839 1987 1985
f 1987 1989 1990
f 1985 1990 1986
f 1987 1990 1985
f 1846 1854 1994
f 1854 1857 1995
f 1994 1995 1996
f 1854 1995 1994
f 1857 1861 1997
f 1861 875 1809
f 1997 1809 1811
f 1861 1809 1997
f 1996 1998 1999
f 1998 1811 1816
f 1999 1816 1818
f 1998 1816 1999
f 1857 1997 1995
f 1997 1811 1998
f 1995 1998 1996
f 1997 1998 1995
f 1993 2000 2001
f 2000 2002 2003
f 2001 2003 2004
f 2000 2003 2001
f 2002 2005 2006
f 2005 1818 1826
f 2006 1826 1829
f 2005 1826 2006
f 2004 2007 2008
f 2007 1829 1833
f 2008 1833 699
f 2007 1833 2008
f 2002 2006 2003
f 2006 1829 2007
f 2003 2007 2004
f 2006 2007 2003
f 1846 1994 1988
f 1994 1996 2009
f 1988 2009 1989
f 1994 2009 1988
f 1996 1999 2010
f 1999 1818 2005
f 2010 2005 2002
f 1999 2005 2010
f 1989 2011 1992
f 2011 2002 2000
f 1992 2000 1993
f 2011 2000 1992
f 1996 2010 2009
f 2010 2002 2011
f 2009 2011 1989
f 2010 2011 2009
f 1682 1893 2012
f 1893 1895 2013
f 2012 2013 2014
f 1893 2013 2012
f 1895 1900 2015
f 1900 1902 2016
f 2015 2016 2017
f 1900 2016 2015
f 2014 2018 2019
f 2018 2017 2020
f 2019 2020 2021
f 2018 2020 2019
f 1895 2015 2013
f 2015 2017 2018
f 2013 2018 2014
f 2015 2018 2013
f 1902 1910 2022
f 1910 1913 2023
f 2022 2023 2024
f 1910 2023 2022
f 1913 1917 2025
f 1917 1 1865
f 2025 1865 1867
f 1917 1865 2025
f 2024 2026 2027
f 2026 1867 1872
f 2027 1872 1874
f 2026 1872 2027
f 1913 2025 2023
f 2025 1867 2026
f 2023 2026 2024
f 2025 2026 2023
f 2021 2028 2029
f 2028 2030 2031
f 2029 2031 2032
f 2028 2031 2029
f 2030 2033 2034
f 2033 1874 1882
f 2034 1882 1885
f 2033 1882 2034
f 2032 2035 2036
f 2035 1885 1889
f 2036 1889 1051
f 2035 1889 2036
f 2030 2034 2031
f 2034 1885 2035
f 2031 2035 2032
f 2034 2035 2031
f 1902 2022 2016
f 2022 2024 2037
f 2016 2037 2017
f 2022 2037 2016
f 2024 2027 2038
f 2027 1874 2033
f 2038 2033 2030
f 2027 2033 2038
f 2017 2039 2020
f 2039 2030 2028
f 2020 2028 2021
f 2039 2028 2020
f 2024 2038 2037
f 2038 2030 2039
f 2037 2039 2017
f 2038 2039 2037
f 699 1956 2040
f 1956 1958 2041
f 2040 2041 2042
f 1956 2041 2040
f 1958 1963 2043
f 1963 1965 2044
f 2043 2044 2045
f 1963 2044 2043
f 2042 2046 2047
f 2046 2045 2048
f 2047 2048 2049
f 2046 2048 2047
f 1958 2043 2041
f 2043 2045 2046
f 2041 2046 2042
f 2043 2046 2041
f 1965 1973 2050
f 1973 1976 2051
f 2050 2051 2052
f 1973 2051 2050
f 1976 1980 2053
f 1980 431 1921
f 2053 1921 1923
f 1980 1921 2053
f 2052 2054 2055
f 2054 1923 1928
f 2055 1928 1930
f 2054 1928 2055
f 1976 2053 2051
f 2053 1923 2054
f 2051 2054 2052
f 2053 2054 2051
f 2049 2056 2057
f 2056 2058 2059
f 2057 2059 2060
f 2056 2059 2057
f 2058 2061 2062
f 2061 1930 1942
f 2062 1942 1945
f 2061 1942 2062
f 2060 2063 2064
f 2063 1945 1951
f 2064 1951 1682
f 2063 1951 2064
f 2058 2062 2059
f 2062 1945 2063
f 2059 2063 2060
f 2062 2063 2059
f 1965 2050 2044
f 2050 2052 2065
f 2044 2065 2045
f 2050 2065 2044
f 2052 2055 2066
f 2055 1930 2061
f 2066 2061 2058
f 2055 2061 2066
f 2045 2067 2048
f 2067 2058 2056
f 2048 2056 2049
f 2067 2056 2048
f 2052 2066 2065
f 2066 2058 2067
f 2065 2067 2045
f 2066 2067 2065
f 1682 2012 2064
f 2012 2014 2068
f 2064 2068 2060
f 2012 2068 2064
f 2014 2019 2069
f 2019 2021 2070
f 2069 2070 2071
f 2019 2070 2069
f 2060 2072 2057
f 2072 2071 2073
f 2057 2073 2049
f 2072 2073 2057
f 2014 2069 2068
f 2069 2071 2072
f 2068 2072 2060
f 2069 2072 2068
f 2021 2029 2074
f 2029 2032 2075
f 2074 2075 2076
f 2029 2075 2074
f 2032 2036 2077
f 2036 1051 1984
f 2077 1984 1986
f 2036 1984 2077
f 2076 2078 2079
f 2078 1986 1991
f 2079 1991 1993
f 2078 1991 2079
f 2032 2077 2075
f 2077 1986 2078
f 2075 2078 2076
f 2077 2078 2075
f 2049 2080 2047
f 2080 2081 2082
f 2047 2082 2042
f 2080 2082 2047
f 2081 2083 2084
f 2083 1993 2001
f 2084 2001 2004
f 2083 2001 2084
f 2042 2085 2040
f 2085 2004 2008
f 2040 2008 699
f 2085 2008 2040
f 2081 2084 2082
f 2084 2004 2085
f 2082 2085 2042
f 2084 2085 2082
f 2021 2074 2070
f 2074 2076 2086
f 2070 2086 2071
f 2074 2086 2070
f 2076 2079 2087
f 2079 1993 2083
f 2087 2083 2081
f 2079 2083 2087
f 2071 2088 2073
f 2088 2081 2080
f 2073 2080 2049
f 2088 2080 2073
f 2076 2087 2086
f 2087 2081 2088
f 2086 2088 2071
f 2087 2088 2086
f 2089 2090 2091
f 2090 2092 2093
f 2091 2093 2094
f 2090 2093 2091
f 2092 2095 2096
f 2095 2097 2098
f 2096 2098 2099
f 2095 2098 2096
f 2094 2100 2101
f 2100 2099 2102
f 2101 2102 2103
f 2100 2102 2101
f 2092 2096 2093
f 2096 2099 2100
f 2093 2100 2094
f 2096 2100 2093
f 2097 2104 2105
f 2104 2106 2107
f 2105 2107 2108
f 2104 2107 2105
f 2106 2109 2110
f 2109 2111 2112
f 2110 2112 2113
f 2109 2112 2110
f 2108 2114 2115
f 2114 2113 2116
f 2115 2116 2117
f 2114 2116 2115
f 2106 2110 2107
f 2110 2113 2114
f 2107 2114 2108
f 2110 2114 2107
f 2103 2118 2119
f 2118 2120 2121
f 2119 2121 2122
f 2118 2121 2119
f 2120 2123 2124
f 2123 2117 2125
f 2124 2125 2126
f 2123 2125 2124
f 2122 2127 2128
f 2127 2126 2129
f 2128 2129 2130
f 2127 2129 2128
f 2120 2124 2121
f 2124 2126 2127
f 2121 2127 2122
f 2124 2127 2121
f 2097 2105 2098
f 2105 2108 2131
f 2098 2131 2099
f 2105 2131 2098
f 2108 2115 2132
f 2115 2117 2123
f 2132 2123 2120
f 2115 2123 2132
f 2099 2133 2102
f 2133 2120 2118
f 2102 2118 2103
f 2133 2118 2102
f 2108 2132 2131
f 2132 2120 2133
f 2131 2133 2099
f 2132 2133 2131
f 2130 2134 2135
f 2134 2136 2137
f 2135 2137 2138
f 2134 2137 2135
f 2136 2139 2140
f 2139 2141 2142
f 2140 2142 2143
f 2139 2142 2140
f 2138 2144 2145
f 2144 2143 2146
f 2145 2146 2147
f 2144 2146 2145
f 2136 2140 2137
f 2140 2143 2144
f 2137 2144 2138
f 2140 2144 2137
f 2141 2148 2149
f 2148 2150 2151
f 2149 2151 2152
f 2148 2151 2149
f 2150 2153 2154
f 2153 2155 2156
f 2154 2156 2157
f 2153 2156 2154
f 2152 2158 2159
f 2158 2157 2160
f 2159 2160 2161
f 2158 2160 2159
f 2150 2154 2151
f 2154 2157 2158
f 2151 2158 2152
f 2154 2158 2151
f 2147 2162 2163
f 2162 2164 2165
f 2163 2165 2166
f 2162 2165 2163
f 2164 2167 2168
f 2167 2161 2169
f 2168 2169 2170
f 2167 2169 2168
f 2166 2171 2172
f 2171 2170 2173
f 2172 2173 2174
f 2171 2173 2172
f 2164 2168 2165
f 2168 2170 2171
f 2165 2171 2166
f 2168 2171 2165
f 2141 2149 2142
f 2149 2152 2175
f 2142 2175 2143
f 2149 2175 2142
f 2152 2159 2176
f 2159 2161 2167
f 2176 2167 2164
f 2159 2167 2176
f 2143 2177 2146
f 2177 2164 2162
f 2146 2162 2147
f 2177 2162 2146
f 2152 2176 2175
f 2176 2164 2177
f 2175 2177 2143
f 2176 2177 2175
f 2174 2178 2179
f 2178 2180 2181
f 2179 2181 2182
f 2178 2181 2179
f 2180 2183 2184
f 2183 2185 2186
f 2184 2186 2187
f 2183 2186 2184
f 2182 2188 2189
f 2188 2187 2190
f 2189 2190 2191
f 2188 2190 2189
f 2180 2184 2181
f 2184 2187 2188
f 2181 2188 2182
f 2184 2188 2181
f 2185 2192 2193
f 2192 2194 2195
f 2193 2195 2196
f 2192 2195 2193
f 2194 2197 2198
f 2197 2199 2200
f 2198 2200 2201
f 2197 2200 2198
f 2196 2202 2203
f 2202 2201 2204
f 2203 2204 2205
f 2202 2204 2203
f 2194 2198 2195
f 2198 2201 2202
f 2195 2202 2196
f 2198 2202 2195
f 2191 2206 2207
f 2206 2208 2209
f 2207 2209 2210
f 2206 2209 2207
f 2208 2211 2212
f 2211 2205 2213
f 2212 2213 2214
f 2211 2213 2212
f 2210 2215 2216
f 2215 2214 2217
f 2216 2217 2218
f 2215 2217 2216
f 2208 2212 2209
f 2212 2214 2215
f 2209 2215 2210
f 2212 2215 2209
f 2185 2193 2186
f 2193 2196 2219
f 2186 2219 2187
f 2193 2219 2186
f 2196 2203 2220
f 2203 2205 2211
f 2220 2211 2208
f 2203 2211 2220
f 2187 2221 2190
f 2221 2208 2206
f 2190 2206 2191
f 2221 2206 2190
f 2196 2220 2219
f 2220 2208 2221
f 2219 2221 2187
f 2220 2221 2219
f 2218 2222 2223
f 2222 2224 2225
f 2223 2225 2226
f 2222 2225 2223
f 2224 2227 2228
f 2227 2229 2230
f 2228 2230 2231
f 2227 2230 2228
f 2226 2232 2233
f 2232 2231 2234
f 2233 2234 2235
f 2232 2234 2233
f 2224 2228 2225
f 2228 2231 2232
f 2225 2232 2226
f 2228 2232 2225
f 2229 2236 2237
f 2236 2238 2239
f 2237 2239 2240
f 2236 2239 2237
f 2238 2241 2242
f 2241 2243 2244
f 2242 2244 2245
f 2241 2244 2242
f 2240 2246 2247
f 2246 2245 2248
f 2247 2248 2249
f 2246 2248 2247
f 2238 2242 2239
f 2242 2245 2246
f 2239 2246 2240
f 2242 2246 2239
f 2235 2250 2251
f 2250 2252 2253
f 2251 2253 2254
f 2250 2253 2251
f 2252 2255 2256
f 2255 2249 2257
f 2256 2257 2258
f 2255 2257 2256
f 2254 2259 2260
f 2259 2258 2261
f 2260 2261 2262
f 2259 2261 2260
f 2252 2256 2253
f 2256 2258 2259
f 2253 2259 2254
f 2256 2259 2253
f 2229 2237 2230
f 2237 2240 2263
f 2230 2263 2231
f 2237 2263 2230
f 2240 2247 2264
f 2247 2249 2255
f 2264 2255 2252
f 2247 2255 2264
f 2231 2265 2234
f 2265 2252 2250
f 2234 2250 2235
f 2265 2250 2234
f 2240 2264 2263
f 2264 2252 2265
f 2263 2265 2231
f 2264 2265 2263
f 2262 2266 2267
f 2266 2268 2269
f 2267 2269 2270
f 2266 2269 2267
f 2268 2271 2272
f 2271 2273 2274
f 2272 2274 2275
f 2271 2274 2272
f 2270 2276 2277
f 2276 2275 2278
f 2277 2278 2279
f 2276 2278 2277
f 2268 2272 2269
f 2272 2275 2276
f 2269 2276 2270
f 2272 2276 2269
f 2273 2280 2281
f 2280 2282 2283
f 2281 2283 2284
f 2280 2283 2281
f 2282 2285 2286
f 2285 2287 2288
f 2286 2288 2289
f 2285 2288 2286
f 2284 2290 2291
f 2290 2289 2292
f 2291 2292 2293
f 2290 2292 2291
f 2282 2286 2283
f 2286 2289 2290
f 2283 2290 2284
f 2286 2290 2283
f 2279 2294 2295
f 2294 2296 2297
f 2295 2297 2298
f 2294 2297 2295
f 2296 2299 2300
f 2299 2293 2301
f 2300 2301 2302
f 2299 2301 2300
f 2298 2303 2304
f 2303 2302 2305
f 2304 2305 2306
f 2303 2305 2304
f 2296 2300 2297
f 2300 2302 2303
f 2297 2303 2298
f 2300 2303 2297
f 2273 2281 2274
f 2281 2284 2307
f 2274 2307 2275
f 2281 2307 2274
f 2284 2291 2308
f 2291 2293 2299
f 2308 2299 2296
f 2291 2299 2308
f 2275 2309 2278
f 2309 2296 2294
f 2278 2294 2279
f 2309 2294 2278
f 2284 2308 2307
f 2308 2296 2309
f 2307 2309 2275
f 2308 2309 2307
f 2306 2310 2311
f 2310 2312 2313
f 2311 2313 2314
f 2310 2313 2311
f 2312 2315 2316
f 2315 2317 2318
f 2316 2318 2319
f 2315 2318 2316
f 2314 2320 2321
f 2320 2319 2322
f 2321 2322 2323
f 2320 2322 2321
f 2312 2316 2313
f 2316 2319 2320
f 2313 2320 2314
f 2316 2320 2313
f 2317 2324 2325
f 2324 2326 2327
f 2325 2327 2328
f 2324 2327 2325
f 2326 2329 2330
f 2329 2331 2332
f 2330 2332 2333
f 2329 2332 2330
f 2328 2334 2335
f 2334 2333 2336
f 2335 2336 2337
f 2334 2336 2335
f 2326 2330 2327
f 2330 2333 2334
f 2327 2334 2328
f 2330 2334 2327
f 2323 2338 2339
f 2338 2340 2341
f 2339 2341 2342
f 2338 2341 2339
f 2340 2343 2344
f 2343 2337 2345
f 2344 2345 2346
f 2343 2345 2344
f 2342 2347 2348
f 2347 2346 2349
f 2348 2349 2350
f 2347 2349 2348
f 2340 2344 2341
f 2344 2346 2347
f 2341 2347 2342
f 2344 2347 2341
f 2317 2325 2318
f 2325 2328 2351
f 2318 2351 2319
f 2325 2351 2318
f 2328 2335 2352
f 2335 2337 2343
f 2352 2343 2340
f 2335 2343 2352
f 2319 2353 2322
f 2353 2340 2338
f 2322 2338 2323
f 2353 2338 2322
f 2328 2352 2351
f 2352 2340 2353
f 2351 2353 2319
f 2352 2353 2351
f 2350 2354 2355
f 2354 2356 2357
f 2355 2357 2358
f 2354 2357 2355
f 2356 2359 2360
f 2359 2361 2362
f 2360 2362 2363
f 2359 2362 2360
f 2358 2364 2365
f 2364 2363 2366
f 2365 2366 2367
f 2364 2366 2365
f 2356 2360 2357
f 2360 2363 2364
f 2357 2364 2358
f 2360 2364 2357
f 2361 2368 2369
f 2368 2370 2371
f 2369 2371 2372
f 2368 2371 2369
f 2370 2373 2374
f 2373 2375 2376
f 2374 2376 2377
f 2373 2376 2374
f 2372 2378 2379
f 2378 2377 2380
f 2379 2380 2381
f 2378 2380 2379
f 2370 2374 2371
f 2374 2377 2378
f 2371 2378 2372
f 2374 2378 2371
f 2367 2382 2383
f 2382 2384 2385
f 2383 2385 2386
f 2382 2385 2383
f 2384 2387 2388
f 2387 2381 2389
f 2388 2389 2390
f 2387 2389 2388
f 2386 2391 2392
f 2391 2390 2393
f 2392 2393 2394
f 2391 2393 2392
f 2384 2388 2385
f 2388 2390 2391
f 2385 2391 2386
f 2388 2391 2385
f 2361 2369 2362
f 2369 2372 2395
f 2362 2395 2363
f 2369 2395 2362
f 2372 2379 2396
f 2379 2381 2387
f 2396 2387 2384
f 2379 2387 2396
f 2363 2397 2366
f 2397 2384 2382
f 2366 2382 2367
f 2397 2382 2366
f 2372 2396 2395
f 2396 2384 2397
f 2395 2397 2363
f 2396 2397 2395
f 2398 2399 2400
f 2399 2401 2402
f 2400 2402 2403
f 2399 2402 2400
f 2401 2404 2405
f 2404 2406 2407
f 2405 2407 2408
f 2404 2407 2405
f 2403 2409 2410
f 2409 2408 2411
f 2410 2411 2412
f 2409 2411 2410
f 2401 2405 2402
f 2405 2408 2409
f 2402 2409 2403
f 2405 2409 2402
f 2406 2413 2414
f 2413 2415 2416
f 2414 2416 2417
f 2413 2416 2414
f 2415 2418 2419
f 2418 2394 2393
f 2419 2393 2390
f 2418 2393 2419
f 2417 2420 2421
f 2420 2390 2389
f 2421 2389 2381
f 2420 2389 2421
f 2415 2419 2416
f 2419 2390 2420
f 2416 2420 2417
f 2419 2420 2416
f 2412 2422 2423
f 2422 2424 2425
f 2423 2425 2426
f 2422 2425 2423
f 2424 2427 2428
f 2427 2381 2380
f 2428 2380 2377
f 2427 2380 2428
f 2426 2429 2430
f 2429 2377 2376
f 2430 2376 2375
f 2429 2376 2430
f 2424 2428 2425
f 2428 2377 2429
f 2425 2429 2426
f 2428 2429 2425
f 2406 2414 2407
f 2414 2417 2431
f 2407 2431 2408
f 2414 2431 2407
f 2417 2421 2432
f 2421 2381 2427
f 2432 2427 2424
f 2421 2427 2432
f 2408 2433 2411
f 2433 2424 2422
f 2411 2422 2412
f 2433 2422 2411
f 2417 2432 2431
f 2432 2424 2433
f 2431 2433 2408
f 2432 2433 2431
f 2375 2434 2435
f 2434 2436 2437
f 2435 2437 2438
f 2434 2437 2435
f 2436 2439 2440
f 2439 2441 2442
f 2440 2442 2443
f 2439 2442 2440
f 2438 2444 2445
f 2444 2443 2446
f 2445 2446 2447
f 2444 2446 2445
f 2436 2440 2437
f 2440 2443 2444
f 2437 2444 2438
f 2440 2444 2437
f 2441 2448 2449
f 2448 2450 2451
f 2449 2451 2452
f 2448 2451 2449
f 2450 2453 2454
f 2453 2455 2456
f 2454 2456 2457
f 2453 2456 2454
f 2452 2458 2459
f 2458 2457 2460
f 2459 2460 2461
f 2458 2460 2459
f 2450 2454 2451
f 2454 2457 2458
f 2451 2458 2452
f 2454 2458 2451
f 2447 2462 2463
f 2462 2464 2465
f 2463 2465 2466
f 2462 2465 2463
f 2464 2467 2468
f 2467 2461 2469
f 2468 2469 2470
f 2467 2469 2468
f 2466 2471 2472
f 2471 2470 2473
f 2472 2473 2474
f 2471 2473 2472
f 2464 2468 2465
f 2468 2470 2471
f 2465 2471 2466
f 2468 2471 2465
f 2441 2449 2442
f 2449 2452 2475
f 2442 2475 2443
f 2449 2475 2442
f 2452 2459 2476
f 2459 2461 2467
f 2476 2467 2464
f 2459 2467 2476
f 2443 2477 2446
f 2477 2464 2462
f 2446 2462 2447
f 2477 2462 2446
f 2452 2476 2475
f 2476 2464 2477
f 2475 2477 2443
f 2476 2477 2475
f 2478 2479 2480
f 2479 2481 2482
f 2480 2482 2483
f 2479 2482 2480
f 2481 2484 2485
f 2484 2486 2487
f 2485 2487 2488
f 2484 2487 2485
f 2483 2489 2490
f 2489 2488 2491
f 2490 2491 2492
f 2489 2491 2490
f 2481 2485 2482
f 2485 2488 2489
f 2482 2489 2483
f 2485 2489 2482
f 2486 2493 2494
f 2493 2495 2496
f 2494 2496 2497
f 2493 2496 2494
f 2495 2498 2499
f 2498 2500 2501
f 2499 2501 2502
f 2498 2501 2499
f 2497 2503 2504
f 2503 2502 2505
f 2504 2505 2506
f 2503 2505 2504
f 2495 2499 2496
f 2499 2502 2503
f 2496 2503 2497
f 2499 2503 2496
f 2492 2507 2508
f 2507 2509 2510
f 2508 2510 2511
f 2507 2510 2508
f 2509 2512 2513
f 2512 2506 2514
f 2513 2514 2515
f 2512 2514 2513
f 2511 2516 2517
f 2516 2515 2518
f 2517 2518 2519
f 2516 2518 2517
f 2509 2513 2510
f 2513 2515 2516
f 2510 2516 2511
f 2513 2516 2510
f 2486 2494 2487
f 2494 2497 2520
f 2487 2520 2488
f 2494 2520 2487
f 2497 2504 2521
f 2504 2506 2512
f 2521 2512 2509
f 2504 2512 2521
f 2488 2522 2491
f 2522 2509 2507
f 2491 2507 2492
f 2522 2507 2491
f 2497 2521 2520
f 2521 2509 2522
f 2520 2522 2488
f 2521 2522 2520
f 2519 2523 2524
f 2523 2525 2526
f 2524 2526 2527
f 2523 2526 2524
f 2525 2528 2529
f 2528 2530 2531
f 2529 2531 2532
f 2528 2531 2529
f 2527 2533 2534
f 2533 2532 2535
f 2534 2535 2536
f 2533 2535 2534
f 2525 2529 2526
f 2529 2532 2533
f 2526 2533 2527
f 2529 2533 2526
f 2530 2537 2538
f 2537 2539 2540
f 2538 2540 2541
f 2537 2540 2538
f 2539 2542 2543
f 2542 2544 2545
f 2543 2545 2546
f 2542 2545 2543
f 2541 2547 2548
f 2547 2546 2549
f 2548 2549 2550
f 2547 2549 2548
f 2539 2543 2540
f 2543 2546 2547
f 2540 2547 2541
f 2543 2547 2540
f 2536 2551 2552
f 2551 2553 2554
f 2552 2554 2555
f 2551 2554 2552
f 2553 2556 2557
f 2556 2550 2558
f 2557 2558 2559
f 2556 2558 2557
f 2555 2560 2561
f 2560 2559 2562
f 2561 2562 2563
f 2560 2562 2561
f 2553 2557 2554
f 2557 2559 2560
f 2554 2560 2555
f 2557 2560 2554
f 2530 2538 2531
f 2538 2541 2564
f 2531 2564 2532
f 2538 2564 2531
f 2541 2548 2565
f 2548 2550 2556
f 2565 2556 2553
f 2548 2556 2565
f 2532 2566 2535
f 2566 2553 2551
f 2535 2551 2536
f 2566 2551 2535
f 2541 2565 2564
f 2565 2553 2566
f 2564 2566 2532
f 2565 2566 2564
f 2563 2567 2568
f 2567 2569 2570
f 2568 2570 2571
f 2567 2570 2568
f 2569 2572 2573
f 2572 2574 2575
f 2573 2575 2576
f 2572 2575 2573
f 2571 2577 2578
f 2577 2576 2579
f 2578 2579 2580
f 2577 2579 2578
f 2569 2573 2570
f 2573 2576 2577
f 2570 2577 2571
f 2573 2577 2570
f 2574 2581 2582
f 2581 2583 2584
f 2582 2584 2585
f 2581 2584 2582
f 2583 2586 2587
f 2586 2588 2589
f 2587 2589 2590
f 2586 2589 2587
f 2585 2591 2592
f 2591 2590 2593
f 2592 2593 2594
f 2591 2593 2592
f 2583 2587 2584
f 2587 2590 2591
f 2584 2591 2585
f 2587 2591 2584
f 2580 2595 2596
f 2595 2597 2598
f 2596 2598 2599
f 2595 2598 2596
f 2597 2600 2601
f 2600 2594 2602
f 2601 2602 2603
f 2600 2602 2601
f 2599 2604 2605
f 2604 2603 2606
f 2605 2606 2607
f 2604 2606 2605
f 2597 2601 2598
f 2601 2603 2604
f 2598 2604 2599
f 2601 2604 2598
f 2574 2582 2575
f 2582 2585 2608
f 2575 2608 2576
f 2582 2608 2575
f 2585 2592 2609
f 2592 2594 2600
f 2609 2600 2597
f 2592 2600 2609
f 2576 2610 2579
f 2610 2597 2595
f 2579 2595 2580
f 2610 2595 2579
f 2585 2609 2608
f 2609 2597 2610
f 2608 2610 2576
f 2609 2610 2608
f 2607 2611 2612
f 2611 2613 2614
f 2612 2614 2615
f 2611 2614 2612
f 2613 2616 2617
f 2616 2618 2619
f 2617 2619 2620
f 2616 2619 2617
f 2615 2621 2622
f 2621 2620 2623
f 2622 2623 2624
f 2621 2623 2622
f 2613 2617 2614
f 2617 2620 2621
f 2614 2621 2615
f 2617 2621 2614
f 2618 2625 2626
f 2625 2627 2628
f 2626 2628 2629
f 2625 2628 2626
f 2627 2630 2631
f 2630 2632 2633
f 2631 2633 2634
f 2630 2633 2631
f 2629 2635 2636
f 2635 2634 2637
f 2636 2637 2638
f 2635 2637 2636
f 2627 2631 2628
f 2631 2634 2635
f 2628 2635 2629
f 2631 2635 2628
f 2624 2639 2640
f 2639 2641 2642
f 2640 2642 2643
f 2639 2642 2640
f 2641 2644 2645
f 2644 2638 2646
f 2645 2646 2647
f 2644 2646 2645
f 2643 2648 2649
f 2648 2647 2650
f 2649 2650 2651
f 2648 2650 2649
f 2641 2645 2642
f 2645 2647 2648
f 2642 2648 2643
f 2645 2648 2642
f 2618 2626 2619
f 2626 2629 2652
f 2619 2652 2620
f 2626 2652 2619
f 2629 2636 2653
f 2636 2638 2644
f 2653 2644 2641
f 2636 2644 2653
f 2620 2654 2623
f 2654 2641 2639
f 2623 2639 2624
f 2654 2639 2623
f 2629 2653 2652
f 2653 2641 2654
f 2652 2654 2620
f 2653 2654 2652
f 2651 2655 2656
f 2655 2657 2658
f 2656 2658 2659
f 2655 2658 2656
f 2657 2660 2661
f 2660 2662 2663
f 2661 2663 2664
f 2660 2663 2661
f 2659 2665 2666
f 2665 2664 2667
f 2666 2667 2668
f 2665 2667 2666
f 2657 2661 2658
f 2661 2664 2665
f 2658 2665 2659
f 2661 2665 2658
f 2662 2669 2670
f 2669 2671 2672
f 2670 2672 2673
f 2669 2672 2670
f 2671 2674 2675
f 2674 2676 2677
f 2675 2677 2678
f 2674 2677 2675
f 2673 2679 2680
f 2679 2678 2681
f 2680 2681 2682
f 2679 2681 2680
f 2671 2675 2672
f 2675 2678 2679
f 2672 2679 2673
f 2675 2679 2672
f 2668 2683 2684
f 2683 2685 2686
f 2684 2686 2687
f 2683 2686 2684
f 2685 2688 2689
f 2688 2682 2690
f 2689 2690 2691
f 2688 2690 2689
f 2687 2692 2693
f 2692 2691 2694
f 2693 2694 2695
f 2692 2694 2693
f 2685 2689 2686
f 2689 2691 2692
f 2686 2692 2687
f 2689 2692 2686
f 2662 2670 2663
f 2670 2673 2696
f 2663 2696 2664
f 2670 2696 2663
f 2673 2680 2697
f 2680 2682 2688
f 2697 2688 2685
f 2680 2688 2697
f 2664 2698 2667
f 2698 2685 2683
f 2667 2683 2668
f 2698 2683 2667
f 2673 2697 2696
f 2697 2685 2698
f 2696 2698 2664
f 2697 2698 2696
f 2695 2699 2700
f 2699 2701 2702
f 2700 2702 2703
f 2699 2702 2700
f 2701 2704 2705
f 2704 2706 2707
f 2705 2707 2708
f 2704 2707 2705
f 2703 2709 2710
f 2709 2708 2711
f 2710 2711 2712
f 2709 2711 2710
f 2701 2705 2702
f 2705 2708 2709
f 2702 2709 2703
f 2705 2709 2702
f 2706 2713 2714
f 2713 2715 2716
f 2714 2716 2717
f 2713 2716 2714
f 2715 2718 2719
f 2718 2720 2721
f 2719 2721 2722
f 2718 2721 2719
f 2717 2723 2724
f 2723 2722 2725
f 2724 2725 2726
f 2723 2725 2724
f 2715 2719 2716
f 2719 2722 2723
f 2716 2723 2717
f 2719 2723 2716
f 2712 2727 2728
f 2727 2729 2730
f 2728 2730 2731
f 2727 2730 2728
f 2729 2732 2733
f 2732 2726 2734
f 2733 2734 2735
f 2732 2734 2733
f 2731 2736 2737
f 2736 2735 2738
f 2737 2738 2739
f 2736 2738 2737
f 2729 2733 2730
f 2733 2735 2736
f 2730 2736 2731
f 2733 2736 2730
f 2706 2714 2707
f 2714 2717 2740
f 2707 2740 2708
f 2714 2740 2707
f 2717 2724 2741
f 2724 2726 2732
f 2741 2732 2729
f 2724 2732 2741
f 2708 2742 2711
f 2742 2729 2727
f 2711 2727 2712
f 2742 2727 2711
f 2717 2741 2740
f 2741 2729 2742
f 2740 2742 2708
f 2741 2742 2740
f 2739 2743 2744
f 2743 2745 2746
f 2744 2746 2747
f 2743 2746 2744
f 2745 2748 2749
f 2748 2750 2751
f 2749 2751 2752
f 2748 2751 2749
f 2747 2753 2754
f 2753 2752 2755
f 2754 2755 2756
f 2753 2755 2754
f 2745 2749 2746
f 2749 2752 2753
f 2746 2753 2747
f 2749 2753 2746
f 2750 2757 2758
f 2757 2759 2760
f 2758 2760 2761
f 2757 2760 2758
f 2759 2762 2763
f 2762 2764 2765
f 2763 2765 2766
f 2762 2765 2763
f 2761 2767 2768
f 2767 2766 2769
f 2768 2769 2770
f 2767 2769 2768
f 2759 2763 2760
f 2763 2766 2767
f 2760 2767 2761
f 2763 2767 2760
f 2756 2771 2772
f 2771 2773 2774
f 2772 2774 2775
f 2771 2774 2772
f 2773 2776 2777
f 2776 2770 2778
f 2777 2778 2779
f 2776 2778 2777
f 2775 2780 2781
f 2780 2779 2782
f 2781 2782 2783
f 2780 2782 2781
f 2773 2777 2774
f 2777 2779 2780
f 2774 2780 2775
f 2777 2780 2774
f 2750 2758 2751
f 2758 2761 2784
f 2751 2784 2752
f 2758 2784 2751
f 2761 2768 2785
f 2768 2770 2776
f 2785 2776 2773
f 2768 2776 2785
f 2752 2786 2755
f 2786 2773 2771
f 2755 2771 2756
f 2786 2771 2755
f 2761 2785 2784
f 2785 2773 2786
f 2784 2786 2752
f 2785 2786 2784
f 2783 2787 2788
f 2787 2789 2790
f 2788 2790 2791
f 2787 2790 2788
f 2789 2792 2793
f 2792 2794 2795
f 2793 2795 2796
f 2792 2795 2793
f 2791 2797 2798
f 2797 2796 2799
f 2798 2799 2800
f 2797 2799 2798
f 2789 2793 2790
f 2793 2796 2797
f 2790 2797 2791
f 2793 2797 2790
f 2794 2801 2802
f 2801 2803 2804
f 2802 2804 2805
f 2801 2804 2802
f 2803 2806 2807
f 2806 2808 2809
f 2807 2809 2810
f 2806 2809 2807
f 2805 2811 2812
f 2811 2810 2813
f 2812 2813 2814
f 2811 2813 2812
f 2803 2807 2804
f 2807 2810 2811
f 2804 2811 2805
f 2807 2811 2804
f 2800 2815 2816
f 2815 2817 2818
f 2816 2818 2819
f 2815 2818 2816
f 2817 2820 2821
f 2820 2814 2822
f 2821 2822 2823
f 2820 2822 2821
f 2819 2824 2825
f 2824 2823 2826
f 2825 2826 2827
f 2824 2826 2825
f 2817 2821 2818
f 2821 2823 2824
f 2818 2824 2819
f 2821 2824 2818
f 2794 2802 2795
f 2802 2805 2828
f 2795 2828 2796
f 2802 2828 2795
f 2805 2812 2829
f 2812 2814 2820
f 2829 2820 2817
f 2812 2820 2829
f 2796 2830 2799
f 2830 2817 2815
f 2799 2815 2800
f 2830 2815 2799
f 2805 2829 2828
f 2829 2817 2830
f 2828 2830 2796
f 2829 2830 2828
f 2827 2831 2832
f 2831 2833 2834
f 2832 2834 2835
f 2831 2834 2832
f 2833 2836 2837
f 2836 2838 2839
f 2837 2839 2840
f 2836 2839 2837
f 2835 2841 2842
f 2841 2840 2843
f 2842 2843 2844
f 2841 2843 2842
f 2833 2837 2834
f 2837 2840 2841
f 2834 2841 2835
f 2837 2841 2834
f 2838 2845 2846
f 2845 2847 2848
f 2846 2848 2849
f 2845 2848 2846
f 2847 2850 2851
f 2850 2852 2853
f 2851 2853 2854
f 2850 2853 2851
f 2849 2855 2856
f 2855 2854 2857
f 2856 2857 2858
f 2855 2857 2856
f 2847 2851 2848
f 2851 2854 2855
f 2848 2855 2849
f 2851 2855 2848
f 2844 2859 2860
f 2859 2861 2862
f 2860 2862 2863
f 2859 2862 2860
f 2861 2864 2865
f 2864 2858 2866
f 2865 2866 2867
f 2864 2866 2865
f 2863 2868 2869
f 2868 2867 2870
f 2869 2870 2871
f 2868 2870 2869
f 2861 2865 2862
f 2865 2867 2868
f 2862 2868 2863
f 2865 2868 2862
f 2838 2846 2839
f 2846 2849 2872
f 2839 2872 2840
f 2846 2872 2839
f 2849 2856 2873
f 2856 2858 2864
f 2873 2864 2861
f 2856 2864 2873
f 2840 2874 2843
f 2874 2861 2859
f 2843 2859 2844
f 2874 2859 2843
f 2849 2873 2872
f 2873 2861 2874
f 2872 2874 2840
f 2873 2874 2872
f 2871 2875 2876
f 2875 2877 2878
f 2876 2878 2879
f 2875 2878 2876
f 2877 2880 2881
f 2880 2882 2883
f 2881 2883 2884
f 2880 2883 2881
f 2879 2885 2886
f 2885 2884 2887
f 2886 2887 2888
f 2885 2887 2886
f 2877 2881 2878
f 2881 2884 2885
f 2878 2885 2879
f 2881 2885 2878
f 2882 2889 2890
f 2889 2891 2892
f 2890 2892 2893
f 2889 2892 2890
f 2891 2894 2895
f 2894 2896 2897
f 2895 2897 2898
f 2894 2897 2895
f 2893 2899 2900
f 2899 2898 2901
f 2900 2901 2902
f 2899 2901 2900
f 2891 2895 2892
f 2895 2898 2899
f 2892 2899 2893
f 2895 2899 2892
f 2888 2903 2904
f 2903 2905 2906
f 2904 2906 2907
f 2903 2906 2904
f 2905 2908 2909
f 2908 2902 2910
f 2909 2910 2911
f 2908 2910 2909
f 2907 2912 2913
f 2912 2911 2914
f 2913 2914 2915
f 2912 2914 2913
f 2905 2909 2906
f 2909 2911 2912
f 2906 2912 2907
f 2909 2912 2906
f 2882 2890 2883
f 2890 2893 2916
f 2883 2916 2884
f 2890 2916 2883
f 2893 2900 2917
f 2900 2902 2908
f 2917 2908 2905
f 2900 2908 2917
f 2884 2918 2887
f 2918 2905 2903
f 2887 2903 2888
f 2918 2903 2887
f 2893 2917 2916
f 2917 2905 2918
f 2916 2918 2884
f 2917 2918 2916
f 2915 2919 2920
f 2919 2921 2922
f 2920 2922 2923
f 2919 2922 2920
f 2921 2924 2925
f 2924 2926 2927
f 2925 2927 2928
f 2924 2927 2925
f 2923 2929 2930
f 2929 2928 2931
f 2930 2931 2932
f 2929 2931 2930
f 2921 2925 2922
f 2925 2928 2929
f 2922 2929 2923
f 2925 2929 2922
f 2926 2933 2934
f 2933 2935 2936
f 2934 2936 2937
f 2933 2936 2934
f 2935 2938 2939
f 2938 2940 2941
f 2939 2941 2942
f 2938 2941 2939
f 2937 2943 2944
f 2943 2942 2945
f 2944 2945 2946
f 2943 2945 2944
f 2935 2939 2936
f 2939 2942 2943
f 2936 2943 2937
f 2939 2943 2936
f 2932 2947 2948
f 2947 2949 2950
f 2948 2950 2951
f 2947 2950 2948
f 2949 2952 2953
f 2952 2946 2954
f 2953 2954 2955
f 2952 2954 2953
f 2951 2956 2957
f 2956 2955 2958
f 2957 2958 2959
f 2956 2958 2957
f 2949 2953 2950
f 2953 2955 2956
f 2950 2956 2951
f 2953 2956 2950
f 2926 2934 2927
f 2934 2937 2960
f 2927 2960 2928
f 2934 2960 2927
f 2937 2944 2961
f 2944 2946 2952
f 2961 2952 2949
f 2944 2952 2961
f 2928 2962 2931
f 2962 2949 2947
f 2931 2947 2932
f 2962 2947 2931
f 2937 2961 2960
f 2961 2949 2962
f 2960 2962 2928
f 2961 2962 2960
f 2959 2963 2964
f 2963 2965 2966
f 2964 2966 2967
f 2963 2966 2964
f 2965 2968 2969
f 2968 2970 2971
f 2969 2971 2972
f 2968 2971 2969
f 2967 2973 2974
f 2973 2972 2975
f 2974 2975 2976
f 2973 2975 2974
f 2965 2969 2966
f 2969 2972 2973
f 2966 2973 2967
f 2969 2973 2966
f 2970 2977 2978
f 2977 2979 2980
f 2978 2980 2981
f 2977 2980 2978
f 2979 2982 2983
f 2982 2984 2985
f 2983 2985 2986
f 2982 2985 2983
f 2981 2987 2988
f 2987 2986 2989
f 2988 2989 2990
f 2987 2989 2988
f 2979 2983 2980
f 2983 2986 2987
f 2980 2987 2981
f 2983 2987 2980
f 2976 2991 2992
f 2991 2993 2994
f 2992 2994 2995
f 2991 2994 2992
f 2993 2996 2997
f 2996 2990 2998
f 2997 2998 2999
f 2996 2998 2997
f 2995 3000 3001
f 3000 2999 3002
f 3001 3002 3003
f 3000 3002 3001
f 2993 2997 2994
f 2997 2999 3000
f 2994 3000 2995
f 2997 3000 2994
f 2970 2978 2971
f 2978 2981 3004
f 2971 3004 2972
f 2978 3004 2971
f 2981 2988 3005
f 2988 2990 2996
f 3005 2996 2993
f 2988 2996 3005
f 2972 3006 2975
f 3006 2993 2991
f 2975 2991 2976
f 3006 2991 2975
f 2981 3005 3004
f 3005 2993 3006
f 3004 3006 2972
f 3005 3006 3004
f 3003 3007 3008
f 3007 3009 3010
f 3008 3010 3011
f 3007 3010 3008
f 3009 3012 3013
f 3012 3014 3015
f 3013 3015 3016
f 3012 3015 3013
f 3011 3017 3018
f 3017 3016 3019
f 3018 3019 3020
f 3017 3019 3018
f 3009 3013 3010
f 3013 3016 3017
f 3010 3017 3011
f 3013 3017 3010
f 3014 3021 3022
f 3021 3023 3024
f 3022 3024 3025
f 3021 3024 3022
f 3023 3026 3027
f 3026 3028 3029
f 3027 3029 3030
f 3026 3029 3027
f 3025 3031 3032
f 3031 3030 3033
f 3032 3033 3034
f 3031 3033 3032
f 3023 3027 3024
f 3027 3030 3031
f 3024 3031 3025
f 3027 3031 3024
f 3020 3035 3036
f 3035 3037 3038
f 3036 3038 3039
f 3035 3038 3036
f 3037 3040 3041
f 3040 3034 3042
f 3041 3042 3043
f 3040 3042 3041
f 3039 3044 3045
f 3044 3043 3046
f 3045 3046 3047
f 3044 3046 3045
f 3037 3041 3038
f 3041 3043 3044
f 3038 3044 3039
f 3041 3044 3038
f 3014 3022 3015
f 3022 3025 3048
f 3015 3048 3016
f 3022 3048 3015
f 3025 3032 3049
f 3032 3034 3040
f 3049 3040 3037
f 3032 3040 3049
f 3016 3050 3019
f 3050 3037 3035
f 3019 3035 3020
f 3050 3035 3019
f 3025 3049 3048
f 3049 3037 3050
f 3048 3050 3016
f 3049 3050 3048
f 3047 3051 3052
f 3051 3053 3054
f 3052 3054 3055
f 3051 3054 3052
f 3053 3056 3057
f 3056 3058 3059
f 3057 3059 3060
f 3056 3059 3057
f 3055 3061 3062
f 3061 3060 3063
f 3062 3063 3064
f 3061 3063 3062
f 3053 3057 3054
f 3057 3060 3061
f 3054 3061 3055
f 3057 3061 3054
f 3058 3065 3066
f 3065 3067 3068
f 3066 3068 3069
f 3065 3068 3066
f 3067 3070 3071
f 3070 3072 3073
f 3071 3073 3074
f 3070 3073 3071
f 3069 3075 3076
f 3075 3074 3077
f 3076 3077 3078
f 3075 3077 3076
f 3067 3071 3068
f 3071 3074 3075
f 3068 3075 3069
f 3071 3075 3068
f 3064 3079 3080
f 3079 3081 3082
f 3080 3082 3083
f 3079 3082 3080
f 3081 3084 3085
f 3084 3078 3086
f 3085 3086 3087
f 3084 3086 3085
f 3083 3088 3089
f 3088 3087 3090
f 3089 3090 3091
f 3088 3090 3089
f 3081 3085 3082
f 3085 3087 3088
f 3082 3088 3083
f 3085 3088 3082
f 3058 3066 3059
f 3066 3069 3092
f 3059 3092 3060
f 3066 3092 3059
f 3069 3076 3093
f 3076 3078 3084
f 3093 3084 3081
f 3076 3084 3093
f 3060 3094 3063
f 3094 3081 3079
f 3063 3079 3064
f 3094 3079 3063
f 3069 3093 3092
f 3093 3081 3094
f 3092 3094 3060
f 3093 3094 3092
f 3091 3095 3096
f 3095 3097 3098
f 3096 3098 3099
f 3095 3098 3096
f 3097 3100 3101
f 3100 3102 3103
f 3101 3103 3104
f 3100 3103 3101
f 3099 3105 3106
f 3105 3104 3107
f 3106 3107 3108
f 3105 3107 3106
f 3097 3101 3098
f 3101 3104 3105
f 3098 3105 3099
f 3101 3105 3098
f 3102 3109 3110
f 3109 3111 3112
f 3110 3112 3113
f 3109 3112 3110
f 3111 3114 3115
f 3114 3116 3117
f 3115 3117 3118
f 3114 3117 3115
f 3113 3119 3120
f 3119 3118 3121
f 3120 3121 3122
f 3119 3121 3120
f 3111 3115 3112
f 3115 3118 3119
f 3112 3119 3113
f 3115 3119 3112
f 3108 3123 3124
f 3123 3125 3126
f 3124 3126 3127
f 3123 3126 3124
f 3125 3128 3129
f 3128 3122 3130
f 3129 3130 3131
f 3128 3130 3129
f 3127 3132 3133
f 3132 3131 3134
f 3133 3134 3135
f 3132 3134 3133
f 3125 3129 3126
f 3129 3131 3132
f 3126 3132 3127
f 3129 3132 3126
f 3102 3110 3103
f 3110 3113 3136
f 3103 3136 3104
f 3110 3136 3103
f 3113 3120 3137
f 3120 3122 3128
f 3137 3128 3125
f 3120 3128 3137
f 3104 3138 3107
f 3138 3125 3123
f 3107 3123 3108
f 3138 3123 3107
f 3113 3137 3136
f 3137 3125 3138
f 3136 3138 3104
f 3137 3138 3136
f 3135 3139 3140
f 3139 3141 3142
f 3140 3142 3143
f 3139 3142 3140
f 3141 3144 3145
f 3144 3146 3147
f 3145 3147 3148
f 3144 3147 3145
f 3143 3149 3150
f 3149 3148 3151
f 3150 3151 3152
f 3149 3151 3150
f 3141 3145 3142
f 3145 3148 3149
f 3142 3149 3143
f 3145 3149 3142
f 3146 3153 3154
f 3153 3155 3156
f 3154 3156 3157
f 3153 3156 3154
f 3155 3158 3159
f 3158 3160 3161
f 3159 3161 3162
f 3158 3161 3159
f 3157 3163 3164
f 3163 3162 3165
f 3164 3165 3166
f 3163 3165 3164
f 3155 3159 3156
f 3159 3162 3163
f 3156 3163 3157
f 3159 3163 3156
f 3152 3167 3168
f 3167 3169 3170
f 3168 3170 3171
f 3167 3170 3168
f 3169 3172 3173
f 3172 3166 3174
f 3173 3174 3175
f 3172 3174 3173
f 3171 3176 3177
f 3176 3175 3178
f 3177 3178 3179
f 3176 3178 3177
f 3169 3173 3170
f 3173 3175 3176
f 3170 3176 3171
f 3173 3176 3170
f 3146 3154 3147
f 3154 3157 3180
f 3147 3180 3148
f 3154 3180 3147
f 3157 3164 3181
f 3164 3166 3172
f 3181 3172 3169
f 3164 3172 3181
f 3148 3182 3151
f 3182 3169 3167
f 3151 3167 3152
f 3182 3167 3151
f 3157 3181 3180
f 3181 3169 3182
f 3180 3182 3148
f 3181 3182 3180
f 3179 3183 3184
f 3183 3185 3186
f 3184 3186 3187
f 3183 3186 3184
f 3185 3188 3189
f 3188 3190 3191
f 3189 3191 3192
f 3188 3191 3189
f 3187 3193 3194
f 3193 3192 3195
f 3194 3195 3196
f 3193 3195 3194
f 3185 3189 3186
f 3189 3192 3193
f 3186 3193 3187
f 3189 3193 3186
f 3190 3197 3198
f 3197 3199 3200
f 3198 3200 3201
f 3197 3200 3198
f 3199 3202 3203
f 3202 3204 3205
f 3203 3205 3206
f 3202 3205 3203
f 3201 3207 3208
f 3207 3206 3209
f 3208 3209 3210
f 3207 3209 3208
f 3199 3203 3200
f 3203 3206 3207
f 3200 3207 3201
f 3203 3207 3200
f 3196 3211 3212
f 3211 3213 3214
f 3212 3214 3215
f 3211 3214 3212
f 3213 3216 3217
f 3216 3210 3218
f 3217 3218 3219
f 3216 3218 3217
f 3215 3220 3221
f 3220 3219 3222
f 3221 3222 3223
f 3220 3222 3221
f 3213 3217 3214
f 3217 3219 3220
f 3214 3220 3215
f 3217 3220 3214
f 3190 3198 3191
f 3198 3201 3224
f 3191 3224 3192
f 3198 3224 3191
f 3201 3208 3225
f 3208 3210 3216
f 3225 3216 3213
f 3208 3216 3225
f 3192 3226 3195
f 3226 3213 3211
f 3195 3211 3196
f 3226 3211 3195
f 3201 3225 3224
f 3225 3213 3226
f 3224 3226 3192
f 3225 3226 3224
f 3223 3227 3228
f 3227 3229 3230
f 3228 3230 3231
f 3227 3230 3228
f 3229 3232 3233
f 3232 3234 3235
f 3233 3235 3236
f 3232 3235 3233
f 3231 3237 3238
f 3237 3236 3239
f 3238 3239 3240
f 3237 3239 3238
f 3229 3233 3230
f 3233 3236 3237
f 3230 3237 3231
f 3233 3237 3230
f 3234 3241 3242
f 3241 3243 3244
f 3242 3244 3245
f 3241 3244 3242
f 3243 3246 3247
f 3246 3248 3249
f 3247 3249 3250
f 3246 3249 3247
f 3245 3251 3252
f 3251 3250 3253
f 3252 3253 3254
f 3251 3253 3252
f 3243 3247 3244
f 3247 3250 3251
f 3244 3251 3245
f 3247 3251 3244
f 3240 3255 3256
f 3255 3257 3258
f 3256 3258 3259
f 3255 3258 3256
f 3257 3260 3261
f 3260 3254 3262
f 3261 3262 3263
f 3260 3262 3261
f 3259 3264 3265
f 3264 3263 3266
f 3265 3266 3267
f 3264 3266 3265
f 3257 3261 3258
f 3261 3263 3264
f 3258 3264 3259
f 3261 3264 3258
f 3234 3242 3235
f 3242 3245 3268
f 3235 3268 3236
f 3242 3268 3235
f 3245 3252 3269
f 3252 3254 3260
f 3269 3260 3257
f 3252 3260 3269
f 3236 3270 3239
f 3270 3257 3255
f 3239 3255 3240
f 3270 3255 3239
f 3245 3269 3268
f 3269 3257 3270
f 3268 3270 3236
f 3269 3270 3268
f 3267 3271 3272
f 3271 3273 3274
f 3272 3274 3275
f 3271 3274 3272
f 3273 3276 3277
f 3276 3278 3279
f 3277 3279 3280
f 3276 3279 3277
f 3275 3281 3282
f 3281 3280 3283
f 3282 3283 3284
f 3281 3283 3282
f 3273 3277 3274
f 3277 3280 3281
f 3274 3281 3275
f 3277 3281 3274
f 3278 3285 3286
f 3285 3287 3288
f 3286 3288 3289
f 3285 3288 3286
f 3287 3290 3291
f 3290 3292 3293
f 3291 3293 3294
f 3290 3293 3291
f 3289 3295 3296
f 3295 3294 3297
f 3296 3297 3298
f 3295 3297 3296
f 3287 3291 3288
f 3291 3294 3295
f 3288 3295 3289
f 3291 3295 3288
f 3284 3299 3300
f 3299 3301 3302
f 3300 3302 3303
f 3299 3302 3300
f 3301 3304 3305
f 3304 3298 3306
f 3305 3306 3307
f 3304 3306 3305
f 3303 3308 3309
f 3308 3307 3310
f 3309 3310 3311
f 3308 3310 3309
f 3301 3305 3302
f 3305 3307 3308
f 3302 3308 3303
f 3305 3308 3302
f 3278 3286 3279
f 3286 3289 3312
f 3279 3312 3280
f 3286 3312 3279
f 3289 3296 3313
f 3296 3298 3304
f 3313 3304 3301
f 3296 3304 3313
f 3280 3314 3283
f 3314 3301 3299
f 3283 3299 3284
f 3314 3299 3283
f 3289 3313 3312
f 3313 3301 3314
f 3312 3314 3280
f 3313 3314 3312
f 3311 3315 3316
f 3315 3317 3318
f 3316 3318 3319
f 3315 3318 3316
f 3317 3320 3321
f 3320 3322 3323
f 3321 3323 3324
f 3320 3323 3321
f 3319 3325 3326
f 3325 3324 3327
f 3326 3327 3328
f 3325 3327 3326
f 3317 3321 3318
f 3321 3324 3325
f 3318 3325 3319
f 3321 3325 3318
f 3322 3329 3330
f 3329 3331 3332
f 3330 3332 3333
f 3329 3332 3330
f 3331 3334 3335
f 3334 2089 2091
f 3335 2091 2094
f 3334 2091 3335
f 3333 3336 3337
f 3336 2094 2101
f 3337 2101 2103
f 3336 2101 3337
f 3331 3335 3332
f 3335 2094 3336
f 3332 3336 3333
f 3335 3336 3332
f 3328 3338 3339
f 3338 3340 3341
f 3339 3341 3342
f 3338 3341 3339
f 3340 3343 3344
f 3343 2103 2119
f 3344 2119 2122
f 3343 2119 3344
f 3342 3345 3346
f 3345 2122 2128
f 3346 2128 2130
f 3345 2128 3346
f 3340 3344 3341
f 3344 2122 3345
f 3341 3345 3342
f 3344 3345 3341
f 3322 3330 3323
f 3330 3333 3347
f 3323 3347 3324
f 3330 3347 3323
f 3333 3337 3348
f 3337 2103 3343
f 3348 3343 3340
f 3337 3343 3348
f 3324 3349 3327
f 3349 3340 3338
f 3327 3338 3328
f 3349 3338 3327
f 3333 3348 3347
f 3348 3340 3349
f 3347 3349 3324
f 3348 3349 3347
f 2130 2135 3350
f 2135 2138 3351
f 3350 3351 3352
f 2135 3351 3350
f 2138 2145 3353
f 2145 2147 3354
f 3353 3354 3355
f 2145 3354 3353
f 3352 3356 3357
f 3356 3355 3358
f 3357 3358 3359
f 3356 3358 3357
f 2138 3353 3351
f 3353 3355 3356
f 3351 3356 3352
f 3353 3356 3351
f 2147 2163 3360
f 2163 2166 3361
f 3360 3361 3362
f 2163 3361 3360
f 2166 2172 3363
f 2172 2174 2179
f 3363 2179 2182
f 2172 2179 3363
f 3362 3364 3365
f 3364 2182 2189
f 3365 2189 2191
f 3364 2189 3365
f 2166 3363 3361
f 3363 2182 3364
f 3361 3364 3362
f 3363 3364 3361
f 3359 3366 3367
f 3366 3368 3369
f 3367 3369 3370
f 3366 3369 3367
f 3368 3371 3372
f 3371 2191 2207
f 3372 2207 2210
f 3371 2207 3372
f 3370 3373 3374
f 3373 2210 2216
f 3374 2216 2218
f 3373 2216 3374
f 3368 3372 3369
f 3372 2210 3373
f 3369 3373 3370
f 3372 3373 3369
f 2147 3360 3354
f 3360 3362 3375
f 3354 3375 3355
f 3360 3375 3354
f 3362 3365 3376
f 3365 2191 3371
f 3376 3371 3368
f 3365 3371 3376
f 3355 3377 3358
f 3377 3368 3366
f 3358 3366 3359
f 3377 3366 3358
f 3362 3376 3375
f 3376 3368 3377
f 3375 3377 3355
f 3376 3377 3375
f 2218 2223 3378
f 2223 2226 3379
f 3378 3379 3380
f 2223 3379 3378
f 2226 2233 3381
f 2233 2235 3382
f 3381 3382 3383
f 2233 3382 3381
f 3380 3384 3385
f 3384 3383 3386
f 3385 3386 3387
f 3384 3386 3385
f 2226 3381 3379
f 3381 3383 3384
f 3379 3384 3380
f 3381 3384 3379
f 2235 2251 3388
f 2251 2254 3389
f 3388 3389 3390
f 2251 3389 3388
f 2254 2260 3391
f 2260 2262 2267
f 3391 2267 2270
f 2260 2267 3391
f 3390 3392 3393
f 3392 2270 2277
f 3393 2277 2279
f 3392 2277 3393
f 2254 3391 3389
f 3391 2270 3392
f 3389 3392 3390
f 3391 3392 3389
f 3387 3394 3395
f 3394 3396 3397
f 3395 3397 3398
f 3394 3397 3395
f 3396 3399 3400
f 3399 2279 2295
f 3400 2295 2298
f 3399 2295 3400
f 3398 3401 3402
f 3401 2298 2304
f 3402 2304 2306
f 3401 2304 3402
f 3396 3400 3397
f 3400 2298 3401
f 3397 3401 3398
f 3400 3401 3397
f 2235 3388 3382
f 3388 3390 3403
f 3382 3403 3383
f 3388 3403 3382
f 3390 3393 3404
f 3393 2279 3399
f 3404 3399 3396
f 3393 3399 3404
f 3383 3405 3386
f 3405 3396 3394
f 3386 3394 3387
f 3405 3394 3386
f 3390 3404 3403
f 3404 3396 3405
f 3403 3405 3383
f 3404 3405 3403
f 2306 2311 3406
f 2311 2314 3407
f 3406 3407 3408
f 2311 3407 3406
f 2314 2321 3409
f 2321 2323 3410
f 3409 3410 3411
f 2321 3410 3409
f 3408 3412 3413
f 3412 3411 3414
f 3413 3414 3415
f 3412 3414 3413
f 2314 3409 3407
f 3409 3411 3412
f 3407 3412 3408
f 3409 3412 3407
f 2323 2339 3416
f 2339 2342 3417
f 3416 3417 3418
f 2339 3417 3416
f 2342 2348 3419
f 2348 2350 2355
f 3419 2355 2358
f 2348 2355 3419
f 3418 3420 3421
f 3420 2358 2365
f 3421 2365 2367
f 3420 2365 3421
f 2342 3419 3417
f 3419 2358 3420
f 3417 3420 3418
f 3419 3420 3417
f 3415 3422 3423
f 3422 3424 3425
f 3423 3425 3426
f 3422 3425 3423
f 3424 3427 3428
f 3427 2367 2383
f 3428 2383 2386
f 3427 2383 3428
f 3426 3429 3430
f 3429 2386 2392
f 3430 2392 2394
f 3429 2392 3430
f 3424 3428 3425
f 3428 2386 3429
f 3425 3429 3426
f 3428 3429 3425
f 2323 3416 3410
f 3416 3418 3431
f 3410 3431 3411
f 3416 3431 3410
f 3418 3421 3432
f 3421 2367 3427
f 3432 3427 3424
f 3421 3427 3432
f 3411 3433 3414
f 3433 3424 3422
f 3414 3422 3415
f 3433 3422 3414
f 3418 3432 3431
f 3432 3424 3433
f 3431 3433 3411
f 3432 3433 3431
f 2398 2400 3434
f 2400 2403 3435
f 3434 3435 3436
f 2400 3435 3434
f 2403 2410 3437
f 2410 2412 3438
f 3437 3438 3439
f 2410 3438 3437
f 3436 3440 3441
f 3440 3439 3442
f 3441 3442 3443
f 3440 3442 3441
f 2403 3437 3435
f 3437 3439 3440
f 3435 3440 3436
f 3437 3440 3435
f 2412 2423 3444
f 2423 2426 3445
f 3444 3445 3446
f 2423 3445 3444
f 2426 2430 3447
f 2430 2375 2435
f 3447 2435 2438
f 2430 2435 3447
f 3446 3448 3449
f 3448 2438 2445
f 3449 2445 2447
f 3448 2445 3449
f 2426 3447 3445
f 3447 2438 3448
f 3445 3448 3446
f 3447 3448 3445
f 3443 3450 3451
f 3450 3452 3453
f 3451 3453 3454
f 3450 3453 3451
f 3452 3455 3456
f 3455 2447 2463
f 3456 2463 2466
f 3455 2463 3456
f 3454 3457 3458
f 3457 2466 2472
f 3458 2472 2474
f 3457 2472 3458
f 3452 3456 3453
f 3456 2466 3457
f 3453 3457 3454
f 3456 3457 3453
f 2412 3444 3438
f 3444 3446 3459
f 3438 3459 3439
f 3444 3459 3438
f 3446 3449 3460
f 3449 2447 3455
f 3460 3455 3452
f 3449 3455 3460
f 3439 3461 3442
f 3461 3452 3450
f 3442 3450 3443
f 3461 3450 3442
f 3446 3460 3459
f 3460 3452 3461
f 3459 3461 3439
f 3460 3461 3459
f 2478 2480 3462
f 2480 2483 3463
f 3462 3463 3464
f 2480 3463 3462
f 2483 2490 3465
f 2490 2492 3466
f 3465 3466 3467
f 2490 3466 3465
f 3464 3468 3469
f 3468 3467 3470
f 3469 3470 3471
f 3468 3470 3469
f 2483 3465 3463
f 3465 3467 3468
f 3463 3468 3464
f 3465 3468 3463
f 2492 2508 3472
f 2508 2511 3473
f 3472 3473 3474
f 2508 3473 3472
f 2511 2517 3475
f 2517 2519 2524
f 3475 2524 2527
f 2517 2524 3475
f 3474 3476 3477
f 3476 2527 2534
f 3477 2534 2536
f 3476 2534 3477
f 2511 3475 3473
f 3475 2527 3476
f 3473 3476 3474
f 3475 3476 3473
f 3471 3478 3479
f 3478 3480 3481
f 3479 3481 3482
f 3478 3481 3479
f 3480 3483 3484
f 3483 2536 2552
f 3484 2552 2555
f 3483 2552 3484
f 3482 3485 3486
f 3485 2555 2561
f 3486 2561 2563
f 3485 2561 3486
f 3480 3484 3481
f 3484 2555 3485
f 3481 3485 3482
f 3484 3485 3481
f 2492 3472 3466
f 3472 3474 3487
f 3466 3487 3467
f 3472 3487 3466
f 3474 3477 3488
f 3477 2536 3483
f 3488 3483 3480
f 3477 3483 3488
f 3467 3489 3470
f 3489 3480 3478
f 3470 3478 3471
f 3489 3478 3470
f 3474 3488 3487
f 3488 3480 3489
f 3487 3489 3467
f 3488 3489 3487
f 2563 2568 3490
f 2568 2571 3491
f 3490 3491 3492
f 2568 3491 3490
f 2571 2578 3493
f 2578 2580 3494
f 3493 3494 3495
f 2578 3494 3493
f 3492 3496 3497
f 3496 3495 3498
f 3497 3498 3499
f 3496 3498 3497
f 2571 3493 3491
f 3493 3495 3496
f 3491 3496 3492
f 3493 3496 3491
f 2580 2596 3500
f 2596 2599 3501
f 3500 3501 3502
f 2596 3501 3500
f 2599 2605 3503
f 2605 2607 2612
f 3503 2612 2615
f 2605 2612 3503
f 3502 3504 3505
f 3504 2615 2622
f 3505 2622 2624
f 3504 2622 3505
f 2599 3503 3501
f 3503 2615 3504
f 3501 3504 3502
f 3503 3504 3501
f 3499 3506 3507
f 3506 3508 3509
f 3507 3509 3510
f 3506 3509 3507
f 3508 3511 3512
f 3511 2624 2640
f 3512 2640 2643
f 3511 2640 3512
f 3510 3513 3514
f 3513 2643 2649
f 3514 2649 2651
f 3513 2649 3514
f 3508 3512 3509
f 3512 2643 3513
f 3509 3513 3510
f 3512 3513 3509
f 2580 3500 3494
f 3500 3502 3515
f 3494 3515 3495
f 3500 3515 3494
f 3502 3505 3516
f 3505 2624 3511
f 3516 3511 3508
f 3505 3511 3516
f 3495 3517 3498
f 3517 3508 3506
f 3498 3506 3499
f 3517 3506 3498
f 3502 3516 3515
f 3516 3508 3517
f 3515 3517 3495
f 3516 3517 3515
f 2651 2656 3518
f 2656 2659 3519
f 3518 3519 3520
f 2656 3519 3518
f 2659 2666 3521
f 2666 2668 3522
f 3521 3522 3523
f 2666 3522 3521
f 3520 3524 3525
f 3524 3523 3526
f 3525 3526 3527
f 3524 3526 3525
f 2659 3521 3519
f 3521 3523 3524
f 3519 3524 3520
f 3521 3524 3519
f 2668 2684 3528
f 2684 2687 3529
f 3528 3529 3530
f 2684 3529 3528
f 2687 2693 3531
f 2693 2695 2700
f 3531 2700 2703
f 2693 2700 3531
f 3530 3532 3533
f 3532 2703 2710
f 3533 2710 2712
f 3532 2710 3533
f 2687 3531 3529
f 3531 2703 3532
f 3529 3532 3530
f 3531 3532 3529
f 3527 3534 3535
f 3534 3536 3537
f 3535 3537 3538
f 3534 3537 3535
f 3536 3539 3540
f 3539 2712 2728
f 3540 2728 2731
f 3539 2728 3540
f 3538 3541 3542
f 3541 2731 2737
f 3542 2737 2739
f 3541 2737 3542
f 3536 3540 3537
f 3540 2731 3541
f 3537 3541 3538
f 3540 3541 3537
f 2668 3528 3522
f 3528 3530 3543
f 3522 3543 3523
f 3528 3543 3522
f 3530 3533 3544
f 3533 2712 3539
f 3544 3539 3536
f 3533 3539 3544
f 3523 3545 3526
f 3545 3536 3534
f 3526 3534 3527
f 3545 3534 3526
f 3530 3544 3543
f 3544 3536 3545
f 3543 3545 3523
f 3544 3545 3543
f 2739 2744 3546
f 2744 2747 3547
f 3546 3547 3548
f 2744 3547 3546
f 2747 2754 3549
f 2754 2756 3550
f 3549 3550 3551
f 2754 3550 3549
f 3548 3552 3553
f 3552 3551 3554
f 3553 3554 3555
f 3552 3554 3553
f 2747 3549 3547
f 3549 3551 3552
f 3547 3552 3548
f 3549 3552 3547
f 2756 2772 3556
f 2772 2775 3557
f 3556 3557 3558
f 2772 3557 3556
f 2775 2781 3559
f 2781 2783 2788
f 3559 2788 2791
f 2781 2788 3559
f 3558 3560 3561
f 3560 2791 2798
f 3561 2798 2800
f 3560 2798 3561
f 2775 3559 3557
f 3559 2791 3560
f 3557 3560 3558
f 3559 3560 3557
f 3555 3562 3563
f 3562 3564 3565
f 3563 3565 3566
f 3562 3565 3563
f 3564 3567 3568
f 3567 2800 2816
f 3568 2816 2819
f 3567 2816 3568
f 3566 3569 3570
f 3569 2819 2825
f 3570 2825 2827
f 3569 2825 3570
f 3564 3568 3565
f 3568 2819 3569
f 3565 3569 3566
f 3568 3569 3565
f 2756 3556 3550
f 3556 3558 3571
f 3550 3571 3551
f 3556 3571 3550
f 3558 3561 3572
f 3561 2800 3567
f 3572 3567 3564
f 3561 3567 3572
f 3551 3573 3554
f 3573 3564 3562
f 3554 3562 3555
f 3573 3562 3554
f 3558 3572 3571
f 3572 3564 3573
f 3571 3573 3551
f 3572 3573 3571
f 2827 2832 3574
f 2832 2835 3575
f 3574 3575 3576
f 2832 3575 3574
f 2835 2842 3577
f 2842 2844 3578
f 3577 3578 3579
f 2842 3578 3577
f 3576 3580 3581
f 3580 3579 3582
f 3581 3582 3583
f 3580 3582 3581
f 2835 3577 3575
f 3577 3579 3580
f 3575 3580 3576
f 3577 3580 3575
f 2844 2860 3584
f 2860 2863 3585
f 3584 3585 3586
f 2860 3585 3584
f 2863 2869 3587
f 2869 2871 2876
f 3587 2876 2879
f 2869 2876 3587
f 3586 3588 3589
f 3588 2879 2886
f 3589 2886 2888
f 3588 2886 3589
f 2863 3587 3585
f 3587 2879 3588
f 3585 3588 3586
f 3587 3588 3585
f 3583 3590 3591
f 3590 3592 3593
f 3591 3593 3594
f 3590 3593 3591
f 3592 3595 3596
f 3595 2888 2904
f 3596 2904 2907
f 3595 2904 3596
f 3594 3597 3598
f 3597 2907 2913
f 3598 2913 2915
f 3597 2913 3598
f 3592 3596 3593
f 3596 2907 3597
f 3593 3597 3594
f 3596 3597 3593
f 2844 3584 3578
f 3584 3586 3599
f 3578 3599 3579
f 3584 3599 3578
f 3586 3589 3600
f 3589 2888 3595
f 3600 3595 3592
f 3589 3595 3600
f 3579 3601 3582
f 3601 3592 3590
f 3582 3590 3583
f 3601 3590 3582
f 3586 3600 3599
f 3600 3592 3601
f 3599 3601 3579
f 3600 3601 3599
f 2915 2920 3602
f 2920 2923 3603
f 3602 3603 3604
f 2920 3603 3602
f 2923 2930 3605
f 2930 2932 3606
f 3605 3606 3607
f 2930 3606 3605
f 3604 3608 3609
f 3608 3607 3610
f 3609 3610 3611
f 3608 3610 3609
f 2923 3605 3603
f 3605 3607 3608
f 3603 3608 3604
f 3605 3608 3603
f 2932 2948 3612
f 2948 2951 3613
f 3612 3613 3614
f 2948 3613 3612
f 2951 2957 3615
f 2957 2959 2964
f 3615 2964 2967
f 2957 2964 3615
f 3614 3616 3617
f 3616 2967 2974
f 3617 2974 2976
f 3616 2974 3617
f 2951 3615 3613
f 3615 2967 3616
f 3613 3616 3614
f 3615 3616 3613
f 3611 3618 3619
f 3618 3620 3621
f 3619 3621 3622
f 3618 3621 3619
f 3620 3623 3624
f 3623 2976 2992
f 3624 2992 2995
f 3623 2992 3624
f 3622 3625 3626
f 3625 2995 3001
f 3626 3001 3003
f 3625 3001 3626
f 3620 3624 3621
f 3624 2995 3625
f 3621 3625 3622
f 3624 3625 3621
f 2932 3612 3606
f 3612 3614 3627
f 3606 3627 3607
f 3612 3627 3606
f 3614 3617 3628
f 3617 2976 3623
f 3628 3623 3620
f 3617 3623 3628
f 3607 3629 3610
f 3629 3620 3618
f 3610 3618 3611
f 3629 3618 3610
f 3614 3628 3627
f 3628 3620 3629
f 3627 3629 3607
f 3628 3629 3627
f 3003 3008 3630
f 3008 3011 3631
f 3630 3631 3632
f 3008 3631 3630
f 3011 3018 3633
f 3018 3020 3634
f 3633 3634 3635
f 3018 3634 3633
f 3632 3636 3637
f 3636 3635 3638
f 3637 3638 3639
f 3636 3638 3637
f 3011 3633 3631
f 3633 3635 3636
f 3631 3636 3632
f 3633 3636 3631
f 3020 3036 3640
f 3036 3039 3641
f 3640 3641 3642
f 3036 3641 3640
f 3039 3045 3643
f 3045 3047 3052
f 3643 3052 3055
f 3045 3052 3643
f 3642 3644 3645
f 3644 3055 3062
f 3645 3062 3064
f 3644 3062 3645
f 3039 3643 3641
f 3643 3055 3644
f 3641 3644 3642
f 3643 3644 3641
f 3639 3646 3647
f 3646 3648 3649
f 3647 3649 3650
f 3646 3649 3647
f 3648 3651 3652
f 3651 3064 3080
f 3652 3080 3083
f 3651 3080 3652
f 3650 3653 3654
f 3653 3083 3089
f 3654 3089 3091
f 3653 3089 3654
f 3648 3652 3649
f 3652 3083 3653
f 3649 3653 3650
f 3652 3653 3649
f 3020 3640 3634
f 3640 3642 3655
f 3634 3655 3635
f 3640 3655 3634
f 3642 3645 3656
f 3645 3064 3651
f 3656 3651 3648
f 3645 3651 3656
f 3635 3657 3638
f 3657 3648 3646
f 3638 3646 3639
f 3657 3646 3638
f 3642 3656 3655
f 3656 3648 3657
f 3655 3657 3635
f 3656 3657 3655
f 3091 3096 3658
f 3096 3099 3659
f 3658 3659 3660
f 3096 3659 3658
f 3099 3106 3661
f 3106 3108 3662
f 3661 3662 3663
f 3106 3662 3661
f 3660 3664 3665
f 3664 3663 3666
f 3665 3666 3667
f 3664 3666 3665
f 3099 3661 3659
f 3661 3663 3664
f 3659 3664 3660
f 3661 3664 3659
f 3108 3124 3668
f 3124 3127 3669
f 3668 3669 3670
f 3124 3669 3668
f 3127 3133 3671
f 3133 3135 3140
f 3671 3140 3143
f 3133 3140 3671
f 3670 3672 3673
f 3672 3143 3150
f 3673 3150 3152
f 3672 3150 3673
f 3127 3671 3669
f 3671 3143 3672
f 3669 3672 3670
f 3671 3672 3669
f 3667 3674 3675
f 3674 3676 3677
f 3675 3677 3678
f 3674 3677 3675
f 3676 3679 3680
f 3679 3152 3168
f 3680 3168 3171
f 3679 3168 3680
f 3678 3681 3682
f 3681 3171 3177
f 3682 3177 3179
f 3681 3177 3682
f 3676 3680 3677
f 3680 3171 3681
f 3677 3681 3678
f 3680 3681 3677
f 3108 3668 3662
f 3668 3670 3683
f 3662 3683 3663
f 3668 3683 3662
f 3670 3673 3684
f 3673 3152 3679
f 3684 3679 3676
f 3673 3679 3684
f 3663 3685 3666
f 3685 3676 3674
f 3666 3674 3667
f 3685 3674 3666
f 3670 3684 3683
f 3684 3676 3685
f 3683 3685 3663
f 3684 3685 3683
f 3179 3184 3686
f 3184 3187 3687
f 3686 3687 3688
f 3184 3687 3686
f 3187 3194 3689
f 3194 3196 3690
f 3689 3690 3691
f 3194 3690 3689
f 3688 3692 3693
f 3692 3691 3694
f 3693 3694 3695
f 3692 3694 3693
f 3187 3689 3687
f 3689 3691 3692
f 3687 3692 3688
f 3689 3692 3687
f 3196 3212 3696
f 3212 3215 3697
f 3696 3697 3698
f 3212 3697 3696
f 3215 3221 3699
f 3221 3223 3228
f 3699 3228 3231
f 3221 3228 3699
f 3698 3700 3701
f 3700 3231 3238
f 3701 3238 3240
f 3700 3238 3701
f 3215 3699 3697
f 3699 3231 3700
f 3697 3700 3698
f 3699 3700 3697
f 3695 3702 3703
f 3702 3704 3705
f 3703 3705 3706
f 3702 3705 3703
f 3704 3707 3708
f 3707 3240 3256
f 3708 3256 3259
f 3707 3256 3708
f 3706 3709 3710
f 3709 3259 3265
f 3710 3265 3267
f 3709 3265 3710
f 3704 3708 3705
f 3708 3259 3709
f 3705 3709 3706
f 3708 3709 3705
f 3196 3696 3690
f 3696 3698 3711
f 3690 3711 3691
f 3696 3711 3690
f 3698 3701 3712
f 3701 3240 3707
f 3712 3707 3704
f 3701 3707 3712
f 3691 3713 3694
f 3713 3704 3702
f 3694 3702 3695
f 3713 3702 3694
f 3698 3712 3711
f 3712 3704 3713
f 3711 3713 3691
f 3712 3713 3711
f 3267 3272 3714
f 3272 3275 3715
f 3714 3715 3716
f 3272 3715 3714
f 3275 3282 3717
f 3282 3284 3718
f 3717 3718 3719
f 3282 3718 3717
f 3716 3720 3721
f 3720 3719 3722
f 3721 3722 3723
f 3720 3722 3721
f 3275 3717 3715
f 3717 3719 3720
f 3715 3720 3716
f 3717 3720 3715
f 3284 3300 3724
f 3300 3303 3725
f 3724 3725 3726
f 3300 3725 3724
f 3303 3309 3727
f 3309 3311 3316
f 3727 3316 3319
f 3309 3316 3727
f 3726 3728 3729
f 3728 3319 3326
f 3729 3326 3328
f 3728 3326 3729
f 3303 3727 3725
f 3727 3319 3728
f 3725 3728 3726
f 3727 3728 3725
f 3723 3730 3731
f 3730 3732 3733
f 3731 3733 3734
f 3730 3733 3731
f 3732 3735 3736
f 3735 3328 3339
f 3736 3339 3342
f 3735 3339 3736
f 3734 3737 3738
f 3737 3342 3346
f 3738 3346 2130
f 3737 3346 3738
f 3732 3736 3733
f 3736 3342 3737
f 3733 3737 3734
f 3736 3737 3733
f 3284 3724 3718
f 3724 3726 3739
f 3718 3739 3719
f 3724 3739 3718
f 3726 3729 3740
f 3729 3328 3735
f 3740 3735 3732
f 3729 3735 3740
f 3719 3741 3722
f 3741 3732 3730
f 3722 3730 3723
f 3741 3730 3722
f 3726 3740 3739
f 3740 3732 3741
f 3739 3741 3719
f 3740 3741 3739
f 2130 3350 3742
f 3350 3352 3743
f 3742 3743 3744
f 3350 3743 3742
f 3352 3357 3745
f 3357 3359 3746
f 3745 3746 3747
f 3357 3746 3745
f 3744 3748 3749
f 3748 3747 3750
f 3749 3750 3751
f 3748 3750 3749
f 3352 3745 3743
f 3745 3747 3748
f 3743 3748 3744
f 3745 3748 3743
f 3359 3367 3752
f 3367 3370 3753
f 3752 3753 3754
f 3367 3753 3752
f 3370 3374 3755
f 3374 2218 3378
f 3755 3378 3380
f 3374 3378 3755
f 3754 3756 3757
f 3756 3380 3385
f 3757 3385 3387
f 3756 3385 3757
f 3370 3755 3753
f 3755 3380 3756
f 3753 3756 3754
f 3755 3756 3753
f 3751 3758 3759
f 3758 3760 3761
f 3759 3761 3762
f 3758 3761 3759
f 3760 3763 3764
f 3763 3387 3395
f 3764 3395 3398
f 3763 3395 3764
f 3762 3765 3766
f 3765 3398 3402
f 3766 3402 2306
f 3765 3402 3766
f 3760 3764 3761
f 3764 3398 3765
f 3761 3765 3762
f 3764 3765 3761
f 3359 3752 3746
f 3752 3754 3767
f 3746 3767 3747
f 3752 3767 3746
f 3754 3757 3768
f 3757 3387 3763
f 3768 3763 3760
f 3757 3763 3768
f 3747 3769 3750
f 3769 3760 3758
f 3750 3758 3751
f 3769 3758 3750
f 3754 3768 3767
f 3768 3760 3769
f 3767 3769 3747
f 3768 3769 3767
f 2306 3406 3770
f 3406 3408 3771
f 3770 3771 3772
f 3406 3771 3770
f 3408 3413 3773
f 3413 3415 3774
f 3773 3774 3775
f 3413 3774 3773
f 3772 3776 3777
f 3776 3775 3778
f 3777 3778 3779
f 3776 3778 3777
f 3408 3773 3771
f 3773 3775 3776
f 3771 3776 3772
f 3773 3776 3771
f 3415 3423 3780
f 3423 3426 3781
f 3780 3781 3782
f 3423 3781 3780
f 3426 3430 3783
f 3430 2394 3784
f 3783 3784 3785
f 3430 3784 3783
f 3782 3786 3787
f 3786 3785 3788
f 3787 3788 3789
f 3786 3788 3787
f 3426 3783 3781
f 3783 3785 3786
f 3781 3786 3782
f 3783 3786 3781
f 3779 3790 3791
f 3790 3792 3793
f 3791 3793 3794
f 3790 3793 3791
f 3792 3795 3796
f 3795 3789 3797
f 3796 3797 3798
f 3795 3797 3796
f 3794 3799 3800
f 3799 3798 3801
f 3800 3801 3802
f 3799 3801 3800
f 3792 3796 3793
f 3796 3798 3799
f 3793 3799 3794
f 3796 3799 3793
f 3415 3780 3774
f 3780 3782 3803
f 3774 3803 3775
f 3780 3803 3774
f 3782 3787 3804
f 3787 3789 3795
f 3804 3795 3792
f 3787 3795 3804
f 3775 3805 3778
f 3805 3792 3790
f 3778 3790 3779
f 3805 3790 3778
f 3782 3804 3803
f 3804 3792 3805
f 3803 3805 3775
f 3804 3805 3803
f 2398 3434 3806
f 3434 3436 3807
f 3806 3807 3808
f 3434 3807 3806
f 3436 3441 3809
f 3441 3443 3810
f 3809 3810 3811
f 3441 3810 3809
f 3808 3812 3813
f 3812 3811 3814
f 3813 3814 3815
f 3812 3814 3813
f 3436 3809 3807
f 3809 3811 3812
f 3807 3812 3808
f 3809 3812 3807
f 3443 3451 3816
f 3451 3454 3817
f 3816 3817 3818
f 3451 3817 3816
f 3454 3458 3819
f 3458 2474 3820
f 3819 3820 3821
f 3458 3820 3819
f 3818 3822 3823
f 3822 3821 3824
f 3823 3824 3825
f 3822 3824 3823
f 3454 3819 3817
f 3819 3821 3822
f 3817 3822 3818
f 3819 3822 3817
f 3815 3826 3827
f 3826 3828 3829
f 3827 3829 3830
f 3826 3829 3827
f 3828 3831 3832
f 3831 3825 3833
f 3832 3833 3834
f 3831 3833 3832
f 3830 3835 3836
f 3835 3834 3837
f 3836 3837 2478
f 3835 3837 3836
f 3828 3832 3829
f 3832 3834 3835
f 3829 3835 3830
f 3832 3835 3829
f 3443 3816 3810
f 3816 3818 3838
f 3810 3838 3811
f 3816 3838 3810
f 3818 3823 3839
f 3823 3825 3831
f 3839 3831 3828
f 3823 3831 3839
f 3811 3840 3814
f 3840 3828 3826
f 3814 3826 3815
f 3840 3826 3814
f 3818 3839 3838
f 3839 3828 3840
f 3838 3840 3811
f 3839 3840 3838
f 2478 3462 3841
f 3462 3464 3842
f 3841 3842 3843
f 3462 3842 3841
f 3464 3469 3844
f 3469 3471 3845
f 3844 3845 3846
f 3469 3845 3844
f 3843 3847 3848
f 3847 3846 3849
f 3848 3849 3850
f 3847 3849 3848
f 3464 3844 3842
f 3844 3846 3847
f 3842 3847 3843
f 3844 3847 3842
f 3471 3479 3851
f 3479 3482 3852
f 3851 3852 3853
f 3479 3852 3851
f 3482 3486 3854
f 3486 2563 3490
f 3854 3490 3492
f 3486 3490 3854
f 3853 3855 3856
f 3855 3492 3497
f 3856 3497 3499
f 3855 3497 3856
f 3482 3854 3852
f 3854 3492 3855
f 3852 3855 3853
f 3854 3855 3852
f 3850 3857 3858
f 3857 3859 3860
f 3858 3860 3861
f 3857 3860 3858
f 3859 3862 3863
f 3862 3499 3507
f 3863 3507 3510
f 3862 3507 3863
f 3861 3864 3865
f 3864 3510 3514
f 3865 3514 2651
f 3864 3514 3865
f 3859 3863 3860
f 3863 3510 3864
f 3860 3864 3861
f 3863 3864 3860
f 3471 3851 3845
f 3851 3853 3866
f 3845 3866 3846
f 3851 3866 3845
f 3853 3856 3867
f 3856 3499 3862
f 3867 3862 3859
f 3856 3862 3867
f 3846 3868 3849
f 3868 3859 3857
f 3849 3857 3850
f 3868 3857 3849
f 3853 3867 3866
f 3867 3859 3868
f 3866 3868 3846
f 3867 3868 3866
f 2651 3518 3869
f 3518 3520 3870
f 3869 3870 3871
f 3518 3870 3869
f 3520 3525 3872
f 3525 3527 3873
f 3872 3873 3874
f 3525 3873 3872
f 3871 3875 3876
f 3875 3874 3877
f 3876 3877 3878
f 3875 3877 3876
f 3520 3872 3870
f 3872 3874 3875
f 3870 3875 3871
f 3872 3875 3870
f 3527 3535 3879
f 3535 3538 3880
f 3879 3880 3881
f 3535 3880 3879
f 3538 3542 3882
f 3542 2739 3546
f 3882 3546 3548
f 3542 3546 3882
f 3881 3883 3884
f 3883 3548 3553
f 3884 3553 3555
f 3883 3553 3884
f 3538 3882 3880
f 3882 3548 3883
f 3880 3883 3881
f 3882 3883 3880
f 3878 3885 3886
f 3885 3887 3888
f 3886 3888 3889
f 3885 3888 3886
f 3887 3890 3891
f 3890 3555 3563
f 3891 3563 3566
f 3890 3563 3891
f 3889 3892 3893
f 3892 3566 3570
f 3893 3570 2827
f 3892 3570 3893
f 3887 3891 3888
f 3891 3566 3892
f 3888 3892 3889
f 3891 3892 3888
f 3527 3879 3873
f 3879 3881 3894
f 3873 3894 3874
f 3879 3894 3873
f 3881 3884 3895
f 3884 3555 3890
f 3895 3890 3887
f 3884 3890 3895
f 3874 3896 3877
f 3896 3887 3885
f 3877 3885 3878
f 3896 3885 3877
f 3881 3895 3894
f 3895 3887 3896
f 3894 3896 3874
f 3895 3896 3894
f 2827 3574 3897
f 3574 3576 3898
f 3897 3898 3899
f 3574 3898 3897
f 3576 3581 3900
f 3581 3583 3901
f 3900 3901 3902
f 3581 3901 3900
f 3899 3903 3904
f 3903 3902 3905
f 3904 3905 3906
f 3903 3905 3904
f 3576 3900 3898
f 3900 3902 3903
f 3898 3903 3899
f 3900 3903 3898
f 3583 3591 3907
f 3591 3594 3908
f 3907 3908 3909
f 3591 3908 3907
f 3594 3598 3910
f 3598 2915 3602
f 3910 3602 3604
f 3598 3602 3910
f 3909 3911 3912
f 3911 3604 3609
f 3912 3609 3611
f 3911 3609 3912
f 3594 3910 3908
f 3910 3604 3911
f 3908 3911 3909
f 3910 3911 3908
f 3906 3913 3914
f 3913 3915 3916
f 3914 3916 3917
f 3913 3916 3914
f 3915 3918 3919
f 3918 3611 3619
f 3919 3619 3622
f 3918 3619 3919
f 3917 3920 3921
f 3920 3622 3626
f 3921 3626 3003
f 3920 3626 3921
f 3915 3919 3916
f 3919 3622 3920
f 3916 3920 3917
f 3919 3920 3916
f 3583 3907 3901
f 3907 3909 3922
f 3901 3922 3902
f 3907 3922 3901
f 3909 3912 3923
f 3912 3611 3918
f 3923 3918 3915
f 3912 3918 3923
f 3902 3924 3905
f 3924 3915 3913
f 3905 3913 3906
f 3924 3913 3905
f 3909 3923 3922
f 3923 3915 3924
f 3922 3924 3902
f 3923 3924 3922
f 3003 3630 3925
f 3630 3632 3926
f 3925 3926 3927
f 3630 3926 3925
f 3632 3637 3928
f 3637 3639 3929
f 3928 3929 3930
f 3637 3929 3928
f 3927 3931 3932
f 3931 3930 3933
f 3932 3933 3934
f 3931 3933 3932
f 3632 3928 3926
f 3928 3930 3931
f 3926 3931 3927
f 3928 3931 3926
f 3639 3647 3935
f 3647 3650 3936
f 3935 3936 3937
f 3647 3936 3935
f 3650 3654 3938
f 3654 3091 3658
f 3938 3658 3660
f 3654 3658 3938
f 3937 3939 3940
f 3939 3660 3665
f 3940 3665 3667
f 3939 3665 3940
f 3650 3938 3936
f 3938 3660 3939
f 3936 3939 3937
f 3938 3939 3936
f 3934 3941 3942
f 3941 3943 3944
f 3942 3944 3945
f 3941 3944 3942
f 3943 3946 3947
f 3946 3667 3675
f 3947 3675 3678
f 3946 3675 3947
f 3945 3948 3949
f 3948 3678 3682
f 3949 3682 3179
f 3948 3682 3949
f 3943 3947 3944
f 3947 3678 3948
f 3944 3948 3945
f 3947 3948 3944
f 3639 3935 3929
f 3935 3937 3950
f 3929 3950 3930
f 3935 3950 3929
f 3937 3940 3951
f 3940 3667 3946
f 3951 3946 3943
f 3940 3946 3951
f 3930 3952 3933
f 3952 3943 3941
f 3933 3941 3934
f 3952 3941 3933
f 3937 3951 3950
f 3951 3943 3952
f 3950 3952 3930
f 3951 3952 3950
f 3179 3686 3953
f 3686 3688 3954
f 3953 3954 3955
f 3686 3954 3953
f 3688 3693 3956
f 3693 3695 3957
f 3956 3957 3958
f 3693 3957 3956
f 3955 3959 3960
f 3959 3958 3961
f 3960 3961 3962
f 3959 3961 3960
f 3688 3956 3954
f 3956 3958 3959
f 3954 3959 3955
f 3956 3959 3954
f 3695 3703 3963
f 3703 3706 3964
f 3963 3964 3965
f 3703 3964 3963
f 3706 3710 3966
f 3710 3267 3714
f 3966 3714 3716
f 3710 3714 3966
f 3965 3967 3968
f 3967 3716 3721
f 3968 3721 3723
f 3967 3721 3968
f 3706 3966 3964
f 3966 3716 3967
f 3964 3967 3965
f 3966 3967 3964
f 3962 3969 3970
f 3969 3971 3972
f 3970 3972 3973
f 3969 3972 3970
f 3971 3974 3975
f 3974 3723 3731
f 3975 3731 3734
f 3974 3731 3975
f 3973 3976 3977
f 3976 3734 3738
f 3977 3738 2130
f 3976 3738 3977
f 3971 3975 3972
f 3975 3734 3976
f 3972 3976 3973
f 3975 3976 3972
f 3695 3963 3957
f 3963 3965 3978
f 3957 3978 3958
f 3963 3978 3957
f 3965 3968 3979
f 3968 3723 3974
f 3979 3974 3971
f 3968 3974 3979
f 3958 3980 3961
f 3980 3971 3969
f 3961 3969 3962
f 3980 3969 3961
f 3965 3979 3978
f 3979 3971 3980
f 3978 3980 3958
f 3979 3980 3978
f 2130 3742 3981
f 3742 3744 3982
f 3981 3982 3983
f 3742 3982 3981
f 3744 3749 3984
f 3749 3751 3985
f 3984 3985 3986
f 3749 3985 3984
f 3983 3987 3988
f 3987 3986 3989
f 3988 3989 3990
f 3987 3989 3988
f 3744 3984 3982
f 3984 3986 3987
f 3982 3987 3983
f 3984 3987 3982
f 3751 3759 3991
f 3759 3762 3992
f 3991 3992 3993
f 3759 3992 3991
f 3762 3766 3994
f 3766 2306 3770
f 3994 3770 3772
f 3766 3770 3994
f 3993 3995 3996
f 3995 3772 3777
f 3996 3777 3779
f 3995 3777 3996
f 3762 3994 3992
f 3994 3772 3995
f 3992 3995 3993
f 3994 3995 3992
f 3990 3997 3998
f 3997 3999 4000
f 3998 4000 4001
f 3997 4000 3998
f 3999 4002 4003
f 4002 3779 3791
f 4003 3791 3794
f 4002 3791 4003
f 4001 4004 4005
f 4004 3794 3800
f 4005 3800 3802
f 4004 3800 4005
f 3999 4003 4000
f 4003 3794 4004
f 4000 4004 4001
f 4003 4004 4000
f 3751 3991 3985
f 3991 3993 4006
f 3985 4006 3986
f 3991 4006 3985
f 3993 3996 4007
f 3996 3779 4002
f 4007 4002 3999
f 3996 4002 4007
f 3986 4008 3989
f 4008 3999 3997
f 3989 3997 3990
f 4008 3997 3989
f 3993 4007 4006
f 4007 3999 4008
f 4006 4008 3986
f 4007 4008 4006
f 3802 4009 4010
f 4009 4011 4012
f 4010 4012 4013
f 4009 4012 4010
f 4011 4014 4015
f 4014 4016 4017
f 4015 4017 4018
f 4014 4017 4015
f 4013 4019 4020
f 4019 4018 4021
f 4020 4021 4022
f 4019 4021 4020
f 4011 4015 4012
f 4015 4018 4019
f 4012 4019 4013
f 4015 4019 4012
f 4016 4023 4024
f 4023 4025 4026
f 4024 4026 4027
f 4023 4026 4024
f 4025 4028 4029
f 4028 2398 3806
f 4029 3806 3808
f 4028 3806 4029
f 4027 4030 4031
f 4030 3808 3813
f 4031 3813 3815
f 4030 3813 4031
f 4025 4029 4026
f 4029 3808 4030
f 4026 4030 4027
f 4029 4030 4026
f 4022 4032 4033
f 4032 4034 4035
f 4033 4035 4036
f 4032 4035 4033
f 4034 4037 4038
f 4037 3815 3827
f 4038 3827 3830
f 4037 3827 4038
f 4036 4039 4040
f 4039 3830 3836
f 4040 3836 2478
f 4039 3836 4040
f 4034 4038 4035
f 4038 3830 4039
f 4035 4039 4036
f 4038 4039 4035
f 4016 4024 4017
f 4024 4027 4041
f 4017 4041 4018
f 4024 4041 4017
f 4027 4031 4042
f 4031 3815 4037
f 4042 4037 4034
f 4031 4037 4042
f 4018 4043 4021
f 4043 4034 4032
f 4021 4032 4022
f 4043 4032 4021
f 4027 4042 4041
f 4042 4034 4043
f 4041 4043 4018
f 4042 4043 4041
f 2478 3841 4044
f 3841 3843 4045
f 4044 4045 4046
f 3841 4045 4044
f 3843 3848 4047
f 3848 3850 4048
f 4047 4048 4049
f 3848 4048 4047
f 4046 4050 4051
f 4050 4049 4052
f 4051 4052 4053
f 4050 4052 4051
f 3843 4047 4045
f 4047 4049 4050
f 4045 4050 4046
f 4047 4050 4045
f 3850 3858 4054
f 3858 3861 4055
f 4054 4055 4056
f 3858 4055 4054
f 3861 3865 4057
f 3865 2651 3869
f 4057 3869 3871
f 3865 3869 4057
f 4056 4058 4059
f 4058 3871 3876
f 4059 3876 3878
f 4058 3876 4059
f 3861 4057 4055
f 4057 3871 4058
f 4055 4058 4056
f 4057 4058 4055
f 4053 4060 4061
f 4060 4062 4063
f 4061 4063 4064
f 4060 4063 4061
f 4062 4065 4066
f 4065 3878 3886
f 4066 3886 3889
f 4065 3886 4066
f 4064 4067 4068
f 4067 3889 3893
f 4068 3893 2827
f 4067 3893 4068
f 4062 4066 4063
f 4066 3889 4067
f 4063 4067 4064
f 4066 4067 4063
f 3850 4054 4048
f 4054 4056 4069
f 4048 4069 4049
f 4054 4069 4048
f 4056 4059 4070
f 4059 3878 4065
f 4070 4065 4062
f 4059 4065 4070
f 4049 4071 4052
f 4071 4062 4060
f 4052 4060 4053
f 4071 4060 4052
f 4056 4070 4069
f 4070 4062 4071
f 4069 4071 4049
f 4070 4071 4069
f 2827 3897 4072
f 3897 3899 4073
f 4072 4073 4074
f 3897 4073 4072
f 3899 3904 4075
f 3904 3906 4076
f 4075 4076 4077
f 3904 4076 4075
f 4074 4078 4079
f 4078 4077 4080
f 4079 4080 4081
f 4078 4080 4079
f 3899 4075 4073
f 4075 4077 4078
f 4073 4078 4074
f 4075 4078 4073
f 3906 3914 4082
f 3914 3917 4083
f 4082 4083 4084
f 3914 4083 4082
f 3917 3921 4085
f 3921 3003 3925
f 4085 3925 3927
f 3921 3925 4085
f 4084 4086 4087
f 4086 3927 3932
f 4087 3932 3934
f 4086 3932 4087
f 3917 4085 4083
f 4085 3927 4086
f 4083 4086 4084
f 4085 4086 4083
f 4081 4088 4089
f 4088 4090 4091
f 4089 4091 4092
f 4088 4091 4089
f 4090 4093 4094
f 4093 3934 3942
f 4094 3942 3945
f 4093 3942 4094
f 4092 4095 4096
f 4095 3945 3949
f 4096 3949 3179
f 4095 3949 4096
f 4090 4094 4091
f 4094 3945 4095
f 4091 4095 4092
f 4094 4095 4091
f 3906 4082 4076
f 4082 4084 4097
f 4076 4097 4077
f 4082 4097 4076
f 4084 4087 4098
f 4087 3934 4093
f 4098 4093 4090
f 4087 4093 4098
f 4077 4099 4080
f 4099 4090 4088
f 4080 4088 4081
f 4099 4088 4080
f 4084 4098 4097
f 4098 4090 4099
f 4097 4099 4077
f 4098 4099 4097
f 3179 3953 4100
f 3953 3955 4101
f 4100 4101 4102
f 3953 4101 4100
f 3955 3960 4103
f 3960 3962 4104
f 4103 4104 4105
f 3960 4104 4103
f 4102 4106 4107
f 4106 4105 4108
f 4107 4108 4109
f 4106 4108 4107
f 3955 4103 4101
f 4103 4105 4106
f 4101 4106 4102
f 4103 4106 4101
f 3962 3970 4110
f 3970 3973 4111
f 4110 4111 4112
f 3970 4111 4110
f 3973 3977 4113
f 3977 2130 3981
f 4113 3981 3983
f 3977 3981 4113
f 4112 4114 4115
f 4114 3983 3988
f 4115 3988 3990
f 4114 3988 4115
f 3973 4113 4111
f 4113 3983 4114
f 4111 4114 4112
f 4113 4114 4111
f 4109 4116 4117
f 4116 4118 4119
f 4117 4119 4120
f 4116 4119 4117
f 4118 4121 4122
f 4121 3990 3998
f 4122 3998 4001
f 4121 3998 4122
f 4120 4123 4124
f 4123 4001 4005
f 4124 4005 3802
f 4123 4005 4124
f 4118 4122 4119
f 4122 4001 4123
f 4119 4123 4120
f 4122 4123 4119
f 3962 4110 4104
f 4110 4112 4125
f 4104 4125 4105
f 4110 4125 4104
f 4112 4115 4126
f 4115 3990 4121
f 4126 4121 4118
f 4115 4121 4126
f 4105 4127 4108
f 4127 4118 4116
f 4108 4116 4109
f 4127 4116 4108
f 4112 4126 4125
f 4126 4118 4127
f 4125 4127 4105
f 4126 4127 4125
f 3802 4010 4128
f 4010 4013 4129
f 4128 4129 4130
f 4010 4129 4128
f 4013 4020 4131
f 4020 4022 4132
f 4131 4132 4133
f 4020 4132 4131
f 4130 4134 4135
f 4134 4133 4136
f 4135 4136 4137
f 4134 4136 4135
f 4013 4131 4129
f 4131 4133 4134
f 4129 4134 4130
f 4131 4134 4129
f 4022 4033 4138
f 4033 4036 4139
f 4138 4139 4140
f 4033 4139 4138
f 4036 4040 4141
f 4040 2478 4044
f 4141 4044 4046
f 4040 4044 4141
f 4140 4142 4143
f 4142 4046 4051
f 4143 4051 4053
f 4142 4051 4143
f 4036 4141 4139
f 4141 4046 4142
f 4139 4142 4140
f 4141 4142 4139
f 4137 4144 4145
f 4144 4146 4147
f 4145 4147 4148
f 4144 4147 4145
f 4146 4149 4150
f 4149 4053 4061
f 4150 4061 4064
f 4149 4061 4150
f 4148 4151 4152
f 4151 4064 4068
f 4152 4068 2827
f 4151 4068 4152
f 4146 4150 4147
f 4150 4064 4151
f 4147 4151 4148
f 4150 4151 4147
f 4022 4138 4132
f 4138 4140 4153
f 4132 4153 4133
f 4138 4153 4132
f 4140 4143 4154
f 4143 4053 4149
f 4154 4149 4146
f 4143 4149 4154
f 4133 4155 4136
f 4155 4146 4144
f 4136 4144 4137
f 4155 4144 4136
f 4140 4154 4153
f 4154 4146 4155
f 4153 4155 4133
f 4154 4155 4153
f 2827 4072 4152
f 4072 4074 4156
f 4152 4156 4148
f 4072 4156 4152
f 4074 4079 4157
f 4079 4081 4158
f 4157 4158 4159
f 4079 4158 4157
f 4148 4160 4145
f 4160 4159 4161
f 4145 4161 4137
f 4160 4161 4145
f 4074 4157 4156
f 4157 4159 4160
f 4156 4160 4148
f 4157 4160 4156
f 4081 4089 4162
f 4089 4092 4163
f 4162 4163 4164
f 4089 4163 4162
f 4092 4096 4165
f 4096 3179 4100
f 4165 4100 4102
f 4096 4100 4165
f 4164 4166 4167
f 4166 4102 4107
f 4167 4107 4109
f 4166 4107 4167
f 4092 4165 4163
f 4165 4102 4166
f 4163 4166 4164
f 4165 4166 4163
f 4137 4168 4135
f 4168 4169 4170
f 4135 4170 4130
f 4168 4170 4135
f 4169 4171 4172
f 4171 4109 4117
f 4172 4117 4120
f 4171 4117 4172
f 4130 4173 4128
f 4173 4120 4124
f 4128 4124 3802
f 4173 4124 4128
f 4169 4172 4170
f 4172 4120 4173
f 4170 4173 4130
f 4172 4173 4170
f 4081 4162 4158
f 4162 4164 4174
f 4158 4174 4159
f 4162 4174 4158
f 4164 4167 4175
f 4167 4109 4171
f 4175 4171 4169
f 4167 4171 4175
f 4159 4176 4161
f 4176 4169 4168
f 4161 4168 4137
f 4176 4168 4161
f 4164 4175 4174
f 4175 4169 4176
f 4174 4176 4159
f 4175 4176 4174
f 23 21 4177
f 21 18 4178
f 4177 4178 4179
f 21 4178 4177
f 18 16 4180
f 16 9 4181
f 4180 4181 4182
f 16 4181 4180
f 4179 4183 4184
f 4183 4182 4185
f 4184 4185 4186
f 4183 4185 4184
f 18 4180 4178
f 4180 4182 4183
f 4178 4183 4179
f 4180 4183 4178
f 9 7 4187
f 7 4 4188
f 4187 4188 4189
f 7 4188 4187
f 4 2 4190
f 2 1 4191
f 4190 4191 4192
f 2 4191 4190
f 4189 4193 4194
f 4193 4192 4195
f 4194 4195 4196
f 4193 4195 4194
f 4 4190 4188
f 4190 4192 4193
f 4188 4193 4189
f 4190 4193 4188
f 4186 4197 4198
f 4197 4199 4200
f 4198 4200 4201
f 4197 4200 4198
f 4199 4202 4203
f 4202 4196 4204
f 4203 4204 4205
f 4202 4204 4203
f 4201 4206 4207
f 4206 4205 4208
f 4207 4208 2111
f 4206 4208 4207
f 4199 4203 4200
f 4203 4205 4206
f 4200 4206 4201
f 4203 4206 4200
f 9 4187 4181
f 4187 4189 4209
f 4181 4209 4182
f 4187 4209 4181
f 4189 4194 4210
f 4194 4196 4202
f 4210 4202 4199
f 4194 4202 4210
f 4182 4211 4185
f 4211 4199 4197
f 4185 4197 4186
f 4211 4197 4185
f 4189 4210 4209
f 4210 4199 4211
f 4209 4211 4182
f 4210 4211 4209
f 1 4212 4191
f 4212 4213 4214
f 4191 4214 4192
f 4212 4214 4191
f 4213 4215 4216
f 4215 4217 4218
f 4216 4218 4219
f 4215 4218 4216
f 4192 4220 4195
f 4220 4219 4221
f 4195 4221 4196
f 4220 4221 4195
f 4213 4216 4214
f 4216 4219 4220
f 4214 4220 4192
f 4216 4220 4214
f 4217 4222 4223
f 4222 4224 4225
f 4223 4225 4226
f 4222 4225 4223
f 4224 4227 4228
f 4227 2130 2129
f 4228 2129 2126
f 4227 2129 4228
f 4226 4229 4230
f 4229 2126 2125
f 4230 2125 2117
f 4229 2125 4230
f 4224 4228 4225
f 4228 2126 4229
f 4225 4229 4226
f 4228 4229 4225
f 4196 4231 4204
f 4231 4232 4233
f 4204 4233 4205
f 4231 4233 4204
f 4232 4234 4235
f 4234 2117 2116
f 4235 2116 2113
f 4234 2116 4235
f 4205 4236 4208
f 4236 2113 2112
f 4208 2112 2111
f 4236 2112 4208
f 4232 4235 4233
f 4235 2113 4236
f 4233 4236 4205
f 4235 4236 4233
f 4217 4223 4218
f 4223 4226 4237
f 4218 4237 4219
f 4223 4237 4218
f 4226 4230 4238
f 4230 2117 4234
f 4238 4234 4232
f 4230 4234 4238
f 4219 4239 4221
f 4239 4232 4231
f 4221 4231 4196
f 4239 4231 4221
f 4226 4238 4237
f 4238 4232 4239
f 4237 4239 4219
f 4238 4239 4237
f 1 86 4212
f 86 83 4240
f 4212 4240 4213
f 86 4240 4212
f 83 82 4241
f 82 74 4242
f 4241 4242 4243
f 82 4242 4241
f 4213 4244 4215
f 4244 4243 4245
f 4215 4245 4217
f 4244 4245 4215
f 83 4241 4240
f 4241 4243 4244
f 4240 4244 4213
f 4241 4244 4240
f 74 73 4246
f 73 70 4247
f 4246 4247 4248
f 73 4247 4246
f 70 69 4249
f 69 68 4250
f 4249 4250 4251
f 69 4250 4249
f 4248 4252 4253
f 4252 4251 4254
f 4253 4254 4255
f 4252 4254 4253
f 70 4249 4247
f 4249 4251 4252
f 4247 4252 4248
f 4249 4252 4247
f 4217 4256 4222
f 4256 4257 4258
f 4222 4258 4224
f 4256 4258 4222
f 4257 4259 4260
f 4259 4255 4261
f 4260 4261 4262
f 4259 4261 4260
f 4224 4263 4227
f 4263 4262 4264
f 4227 4264 2130
f 4263 4264 4227
f 4257 4260 4258
f 4260 4262 4263
f 4258 4263 4224
f 4260 4263 4258
f 74 4246 4242
f 4246 4248 4265
f 4242 4265 4243
f 4246 4265 4242
f 4248 4253 4266
f 4253 4255 4259
f 4266 4259 4257
f 4253 4259 4266
f 4243 4267 4245
f 4267 4257 4256
f 4245 4256 4217
f 4267 4256 4245
f 4248 4266 4265
f 4266 4257 4267
f 4265 4267 4243
f 4266 4267 4265
f 68 4268 4250
f 4268 4269 4270
f 4250 4270 4251
f 4268 4270 4250
f 4269 4271 4272
f 4271 4273 4274
f 4272 4274 4275
f 4271 4274 4272
f 4251 4276 4254
f 4276 4275 4277
f 4254 4277 4255
f 4276 4277 4254
f 4269 4272 4270
f 4272 4275 4276
f 4270 4276 4251
f 4272 4276 4270
f 4273 4278 4279
f 4278 4280 4281
f 4279 4281 4282
f 4278 4281 4279
f 4280 4283 4284
f 4283 2155 2153
f 4284 2153 2150
f 4283 2153 4284
f 4282 4285 4286
f 4285 2150 2148
f 4286 2148 2141
f 4285 2148 4286
f 4280 4284 4281
f 4284 2150 4285
f 4281 4285 4282
f 4284 4285 4281
f 4255 4287 4261
f 4287 4288 4289
f 4261 4289 4262
f 4287 4289 4261
f 4288 4290 4291
f 4290 2141 2139
f 4291 2139 2136
f 4290 2139 4291
f 4262 4292 4264
f 4292 2136 2134
f 4264 2134 2130
f 4292 2134 4264
f 4288 4291 4289
f 4291 2136 4292
f 4289 4292 4262
f 4291 4292 4289
f 4273 4279 4274
f 4279 4282 4293
f 4274 4293 4275
f 4279 4293 4274
f 4282 4286 4294
f 4286 2141 4290
f 4294 4290 4288
f 4286 4290 4294
f 4275 4295 4277
f 4295 4288 4287
f 4277 4287 4255
f 4295 4287 4277
f 4282 4294 4293
f 4294 4288 4295
f 4293 4295 4275
f 4294 4295 4293
f 68 66 4268
f 66 63 4296
f 4268 4296 4269
f 66 4296 4268
f 63 61 4297
f 61 54 4298
f 4297 4298 4299
f 61 4298 4297
f 4269 4300 4271
f 4300 4299 4301
f 4271 4301 4273
f 4300 4301 4271
f 63 4297 4296
f 4297 4299 4300
f 4296 4300 4269
f 4297 4300 4296
f 54 52 4302
f 52 49 4303
f 4302 4303 4304
f 52 4303 4302
f 49 47 4305
f 47 46 4306
f 4305 4306 4307
f 47 4306 4305
f 4304 4308 4309
f 4308 4307 4310
f 4309 4310 4311
f 4308 4310 4309
f 49 4305 4303
f 4305 4307 4308
f 4303 4308 4304
f 4305 4308 4303
f 4273 4312 4278
f 4312 4313 4314
f 4278 4314 4280
f 4312 4314 4278
f 4313 4315 4316
f 4315 4311 4317
f 4316 4317 4318
f 4315 4317 4316
f 4280 4319 4283
f 4319 4318 4320
f 4283 4320 2155
f 4319 4320 4283
f 4313 4316 4314
f 4316 4318 4319
f 4314 4319 4280
f 4316 4319 4314
f 54 4302 4298
f 4302 4304 4321
f 4298 4321 4299
f 4302 4321 4298
f 4304 4309 4322
f 4309 4311 4315
f 4322 4315 4313
f 4309 4315 4322
f 4299 4323 4301
f 4323 4313 4312
f 4301 4312 4273
f 4323 4312 4301
f 4304 4322 4321
f 4322 4313 4323
f 4321 4323 4299
f 4322 4323 4321
f 46 4324 4306
f 4324 4325 4326
f 4306 4326 4307
f 4324 4326 4306
f 4325 4327 4328
f 4327 4329 4330
f 4328 4330 4331
f 4327 4330 4328
f 4307 4332 4310
f 4332 4331 4333
f 4310 4333 4311
f 4332 4333 4310
f 4325 4328 4326
f 4328 4331 4332
f 4326 4332 4307
f 4328 4332 4326
f 4329 4334 4335
f 4334 4336 4337
f 4335 4337 4338
f 4334 4337 4335
f 4336 4339 4340
f 4339 2174 2173
f 4340 2173 2170
f 4339 2173 4340
f 4338 4341 4342
f 4341 2170 2169
f 4342 2169 2161
f 4341 2169 4342
f 4336 4340 4337
f 4340 2170 4341
f 4337 4341 4338
f 4340 4341 4337
f 4311 4343 4317
f 4343 4344 4345
f 4317 4345 4318
f 4343 4345 4317
f 4344 4346 4347
f 4346 2161 2160
f 4347 2160 2157
f 4346 2160 4347
f 4318 4348 4320
f 4348 2157 2156
f 4320 2156 2155
f 4348 2156 4320
f 4344 4347 4345
f 4347 2157 4348
f 4345 4348 4318
f 4347 4348 4345
f 4329 4335 4330
f 4335 4338 4349
f 4330 4349 4331
f 4335 4349 4330
f 4338 4342 4350
f 4342 2161 4346
f 4350 4346 4344
f 4342 4346 4350
f 4331 4351 4333
f 4351 4344 4343
f 4333 4343 4311
f 4351 4343 4333
f 4338 4350 4349
f 4350 4344 4351
f 4349 4351 4331
f 4350 4351 4349
f 46 130 4324
f 130 127 4352
f 4324 4352 4325
f 130 4352 4324
f 127 126 4353
f 126 118 4354
f 4353 4354 4355
f 126 4354 4353
f 4325 4356 4327
f 4356 4355 4357
f 4327 4357 4329
f 4356 4357 4327
f 127 4353 4352
f 4353 4355 4356
f 4352 4356 4325
f 4353 4356 4352
f 118 117 4358
f 117 114 4359
f 4358 4359 4360
f 117 4359 4358
f 114 113 4361
f 113 112 4362
f 4361 4362 4363
f 113 4362 4361
f 4360 4364 4365
f 4364 4363 4366
f 4365 4366 4367
f 4364 4366 4365
f 114 4361 4359
f 4361 4363 4364
f 4359 4364 4360
f 4361 4364 4359
f 4329 4368 4334
f 4368 4369 4370
f 4334 4370 4336
f 4368 4370 4334
f 4369 4371 4372
f 4371 4367 4373
f 4372 4373 4374
f 4371 4373 4372
f 4336 4375 4339
f 4375 4374 4376
f 4339 4376 2174
f 4375 4376 4339
f 4369 4372 4370
f 4372 4374 4375
f 4370 4375 4336
f 4372 4375 4370
f 118 4358 4354
f 4358 4360 4377
f 4354 4377 4355
f 4358 4377 4354
f 4360 4365 4378
f 4365 4367 4371
f 4378 4371 4369
f 4365 4371 4378
f 4355 4379 4357
f 4379 4369 4368
f 4357 4368 4329
f 4379 4368 4357
f 4360 4378 4377
f 4378 4369 4379
f 4377 4379 4355
f 4378 4379 4377
f 112 4380 4362
f 4380 4381 4382
f 4362 4382 4363
f 4380 4382 4362
f 4381 4383 4384
f 4383 4385 4386
f 4384 4386 4387
f 4383 4386 4384
f 4363 4388 4366
f 4388 4387 4389
f 4366 4389 4367
f 4388 4389 4366
f 4381 4384 4382
f 4384 4387 4388
f 4382 4388 4363
f 4384 4388 4382
f 4385 4390 4391
f 4390 4392 4393
f 4391 4393 4394
f 4390 4393 4391
f 4392 4395 4396
f 4395 2199 2197
f 4396 2197 2194
f 4395 2197 4396
f 4394 4397 4398
f 4397 2194 2192
f 4398 2192 2185
f 4397 2192 4398
f 4392 4396 4393
f 4396 2194 4397
f 4393 4397 4394
f 4396 4397 4393
f 4367 4399 4373
f 4399 4400 4401
f 4373 4401 4374
f 4399 4401 4373
f 4400 4402 4403
f 4402 2185 2183
f 4403 2183 2180
f 4402 2183 4403
f 4374 4404 4376
f 4404 2180 2178
f 4376 2178 2174
f 4404 2178 4376
f 4400 4403 4401
f 4403 2180 4404
f 4401 4404 4374
f 4403 4404 4401
f 4385 4391 4386
f 4391 4394 4405
f 4386 4405 4387
f 4391 4405 4386
f 4394 4398 4406
f 4398 2185 4402
f 4406 4402 4400
f 4398 4402 4406
f 4387 4407 4389
f 4407 4400 4399
f 4389 4399 4367
f 4407 4399 4389
f 4394 4406 4405
f 4406 4400 4407
f 4405 4407 4387
f 4406 4407 4405
f 112 110 4380
f 110 107 4408
f 4380 4408 4381
f 110 4408 4380
f 107 105 4409
f 105 98 4410
f 4409 4410 4411
f 105 4410 4409
f 4381 4412 4383
f 4412 4411 4413
f 4383 4413 4385
f 4412 4413 4383
f 107 4409 4408
f 4409 4411 4412
f 4408 4412 4381
f 4409 4412 4408
f 98 96 4414
f 96 93 4415
f 4414 4415 4416
f 96 4415 4414
f 93 91 4417
f 91 90 4418
f 4417 4418 4419
f 91 4418 4417
f 4416 4420 4421
f 4420 4419 4422
f 4421 4422 4423
f 4420 4422 4421
f 93 4417 4415
f 4417 4419 4420
f 4415 4420 4416
f 4417 4420 4415
f 4385 4424 4390
f 4424 4425 4426
f 4390 4426 4392
f 4424 4426 4390
f 4425 4427 4428
f 4427 4423 4429
f 4428 4429 4430
f 4427 4429 4428
f 4392 4431 4395
f 4431 4430 4432
f 4395 4432 2199
f 4431 4432 4395
f 4425 4428 4426
f 4428 4430 4431
f 4426 4431 4392
f 4428 4431 4426
f 98 4414 4410
f 4414 4416 4433
f 4410 4433 4411
f 4414 4433 4410
f 4416 4421 4434
f 4421 4423 4427
f 4434 4427 4425
f 4421 4427 4434
f 4411 4435 4413
f 4435 4425 4424
f 4413 4424 4385
f 4435 4424 4413
f 4416 4434 4433
f 4434 4425 4435
f 4433 4435 4411
f 4434 4435 4433
f 90 4436 4418
f 4436 4437 4438
f 4418 4438 4419
f 4436 4438 4418
f 4437 4439 4440
f 4439 4441 4442
f 4440 4442 4443
f 4439 4442 4440
f 4419 4444 4422
f 4444 4443 4445
f 4422 4445 4423
f 4444 4445 4422
f 4437 4440 4438
f 4440 4443 4444
f 4438 4444 4419
f 4440 4444 4438
f 4441 4446 4447
f 4446 4448 4449
f 4447 4449 4450
f 4446 4449 4447
f 4448 4451 4452
f 4451 2218 2217
f 4452 2217 2214
f 4451 2217 4452
f 4450 4453 4454
f 4453 2214 2213
f 4454 2213 2205
f 4453 2213 4454
f 4448 4452 4449
f 4452 2214 4453
f 4449 4453 4450
f 4452 4453 4449
f 4423 4455 4429
f 4455 4456 4457
f 4429 4457 4430
f 4455 4457 4429
f 4456 4458 4459
f 4458 2205 2204
f 4459 2204 2201
f 4458 2204 4459
f 4430 4460 4432
f 4460 2201 2200
f 4432 2200 2199
f 4460 2200 4432
f 4456 4459 4457
f 4459 2201 4460
f 4457 4460 4430
f 4459 4460 4457
f 4441 4447 4442
f 4447 4450 4461
f 4442 4461 4443
f 4447 4461 4442
f 4450 4454 4462
f 4454 2205 4458
f 4462 4458 4456
f 4454 4458 4462
f 4443 4463 4445
f 4463 4456 4455
f 4445 4455 4423
f 4463 4455 4445
f 4450 4462 4461
f 4462 4456 4463
f 4461 4463 4443
f 4462 4463 4461
f 90 174 4436
f 174 171 4464
f 4436 4464 4437
f 174 4464 4436
f 171 170 4465
f 170 162 4466
f 4465 4466 4467
f 170 4466 4465
f 4437 4468 4439
f 4468 4467 4469
f 4439 4469 4441
f 4468 4469 4439
f 171 4465 4464
f 4465 4467 4468
f 4464 4468 4437
f 4465 4468 4464
f 162 161 4470
f 161 158 4471
f 4470 4471 4472
f 161 4471 4470
f 158 157 4473
f 157 156 4474
f 4473 4474 4475
f 157 4474 4473
f 4472 4476 4477
f 4476 4475 4478
f 4477 4478 4479
f 4476 4478 4477
f 158 4473 4471
f 4473 4475 4476
f 4471 4476 4472
f 4473 4476 4471
f 4441 4480 4446
f 4480 4481 4482
f 4446 4482 4448
f 4480 4482 4446
f 4481 4483 4484
f 4483 4479 4485
f 4484 4485 4486
f 4483 4485 4484
f 4448 4487 4451
f 4487 4486 4488
f 4451 4488 2218
f 4487 4488 4451
f 4481 4484 4482
f 4484 4486 4487
f 4482 4487 4448
f 4484 4487 4482
f 162 4470 4466
f 4470 4472 4489
f 4466 4489 4467
f 4470 4489 4466
f 4472 4477 4490
f 4477 4479 4483
f 4490 4483 4481
f 4477 4483 4490
f 4467 4491 4469
f 4491 4481 4480
f 4469 4480 4441
f 4491 4480 4469
f 4472 4490 4489
f 4490 4481 4491
f 4489 4491 4467
f 4490 4491 4489
f 156 4492 4474
f 4492 4493 4494
f 4474 4494 4475
f 4492 4494 4474
f 4493 4495 4496
f 4495 4497 4498
f 4496 4498 4499
f 4495 4498 4496
f 4475 4500 4478
f 4500 4499 4501
f 4478 4501 4479
f 4500 4501 4478
f 4493 4496 4494
f 4496 4499 4500
f 4494 4500 4475
f 4496 4500 4494
f 4497 4502 4503
f 4502 4504 4505
f 4503 4505 4506
f 4502 4505 4503
f 4504 4507 4508
f 4507 2243 2241
f 4508 2241 2238
f 4507 2241 4508
f 4506 4509 4510
f 4509 2238 2236
f 4510 2236 2229
f 4509 2236 4510
f 4504 4508 4505
f 4508 2238 4509
f 4505 4509 4506
f 4508 4509 4505
f 4479 4511 4485
f 4511 4512 4513
f 4485 4513 4486
f 4511 4513 4485
f 4512 4514 4515
f 4514 2229 2227
f 4515 2227 2224
f 4514 2227 4515
f 4486 4516 4488
f 4516 2224 2222
f 4488 2222 2218
f 4516 2222 4488
f 4512 4515 4513
f 4515 2224 4516
f 4513 4516 4486
f 4515 4516 4513
f 4497 4503 4498
f 4503 4506 4517
f 4498 4517 4499
f 4503 4517 4498
f 4506 4510 4518
f 4510 2229 4514
f 4518 4514 4512
f 4510 4514 4518
f 4499 4519 4501
f 4519 4512 4511
f 4501 4511 4479
f 4519 4511 4501
f 4506 4518 4517
f 4518 4512 4519
f 4517 4519 4499
f 4518 4519 4517
f 156 154 4492
f 154 151 4520
f 4492 4520 4493
f 154 4520 4492
f 151 149 4521
f 149 142 4522
f 4521 4522 4523
f 149 4522 4521
f 4493 4524 4495
f 4524 4523 4525
f 4495 4525 4497
f 4524 4525 4495
f 151 4521 4520
f 4521 4523 4524
f 4520 4524 4493
f 4521 4524 4520
f 142 140 4526
f 140 137 4527
f 4526 4527 4528
f 140 4527 4526
f 137 135 4529
f 135 134 4530
f 4529 4530 4531
f 135 4530 4529
f 4528 4532 4533
f 4532 4531 4534
f 4533 4534 4535
f 4532 4534 4533
f 137 4529 4527
f 4529 4531 4532
f 4527 4532 4528
f 4529 4532 4527
f 4497 4536 4502
f 4536 4537 4538
f 4502 4538 4504
f 4536 4538 4502
f 4537 4539 4540
f 4539 4535 4541
f 4540 4541 4542
f 4539 4541 4540
f 4504 4543 4507
f 4543 4542 4544
f 4507 4544 2243
f 4543 4544 4507
f 4537 4540 4538
f 4540 4542 4543
f 4538 4543 4504
f 4540 4543 4538
f 142 4526 4522
f 4526 4528 4545
f 4522 4545 4523
f 4526 4545 4522
f 4528 4533 4546
f 4533 4535 4539
f 4546 4539 4537
f 4533 4539 4546
f 4523 4547 4525
f 4547 4537 4536
f 4525 4536 4497
f 4547 4536 4525
f 4528 4546 4545
f 4546 4537 4547
f 4545 4547 4523
f 4546 4547 4545
f 134 4548 4530
f 4548 4549 4550
f 4530 4550 4531
f 4548 4550 4530
f 4549 4551 4552
f 4551 4553 4554
f 4552 4554 4555
f 4551 4554 4552
f 4531 4556 4534
f 4556 4555 4557
f 4534 4557 4535
f 4556 4557 4534
f 4549 4552 4550
f 4552 4555 4556
f 4550 4556 4531
f 4552 4556 4550
f 4553 4558 4559
f 4558 4560 4561
f 4559 4561 4562
f 4558 4561 4559
f 4560 4563 4564
f 4563 2262 2261
f 4564 2261 2258
f 4563 2261 4564
f 4562 4565 4566
f 4565 2258 2257
f 4566 2257 2249
f 4565 2257 4566
f 4560 4564 4561
f 4564 2258 4565
f 4561 4565 4562
f 4564 4565 4561
f 4535 4567 4541
f 4567 4568 4569
f 4541 4569 4542
f 4567 4569 4541
f 4568 4570 4571
f 4570 2249 2248
f 4571 2248 2245
f 4570 2248 4571
f 4542 4572 4544
f 4572 2245 2244
f 4544 2244 2243
f 4572 2244 4544
f 4568 4571 4569
f 4571 2245 4572
f 4569 4572 4542
f 4571 4572 4569
f 4553 4559 4554
f 4559 4562 4573
f 4554 4573 4555
f 4559 4573 4554
f 4562 4566 4574
f 4566 2249 4570
f 4574 4570 4568
f 4566 4570 4574
f 4555 4575 4557
f 4575 4568 4567
f 4557 4567 4535
f 4575 4567 4557
f 4562 4574 4573
f 4574 4568 4575
f 4573 4575 4555
f 4574 4575 4573
f 134 218 4548
f 218 215 4576
f 4548 4576 4549
f 218 4576 4548
f 215 214 4577
f 214 206 4578
f 4577 4578 4579
f 214 4578 4577
f 4549 4580 4551
f 4580 4579 4581
f 4551 4581 4553
f 4580 4581 4551
f 215 4577 4576
f 4577 4579 4580
f 4576 4580 4549
f 4577 4580 4576
f 206 205 4582
f 205 202 4583
f 4582 4583 4584
f 205 4583 4582
f 202 201 4585
f 201 200 4586
f 4585 4586 4587
f 201 4586 4585
f 4584 4588 4589
f 4588 4587 4590
f 4589 4590 4591
f 4588 4590 4589
f 202 4585 4583
f 4585 4587 4588
f 4583 4588 4584
f 4585 4588 4583
f 4553 4592 4558
f 4592 4593 4594
f 4558 4594 4560
f 4592 4594 4558
f 4593 4595 4596
f 4595 4591 4597
f 4596 4597 4598
f 4595 4597 4596
f 4560 4599 4563
f 4599 4598 4600
f 4563 4600 2262
f 4599 4600 4563
f 4593 4596 4594
f 4596 4598 4599
f 4594 4599 4560
f 4596 4599 4594
f 206 4582 4578
f 4582 4584 4601
f 4578 4601 4579
f 4582 4601 4578
f 4584 4589 4602
f 4589 4591 4595
f 4602 4595 4593
f 4589 4595 4602
f 4579 4603 4581
f 4603 4593 4592
f 4581 4592 4553
f 4603 4592 4581
f 4584 4602 4601
f 4602 4593 4603
f 4601 4603 4579
f 4602 4603 4601
f 200 4604 4586
f 4604 4605 4606
f 4586 4606 4587
f 4604 4606 4586
f 4605 4607 4608
f 4607 4609 4610
f 4608 4610 4611
f 4607 4610 4608
f 4587 4612 4590
f 4612 4611 4613
f 4590 4613 4591
f 4612 4613 4590
f 4605 4608 4606
f 4608 4611 4612
f 4606 4612 4587
f 4608 4612 4606
f 4609 4614 4615
f 4614 4616 4617
f 4615 4617 4618
f 4614 4617 4615
f 4616 4619 4620
f 4619 2287 2285
f 4620 2285 2282
f 4619 2285 4620
f 4618 4621 4622
f 4621 2282 2280
f 4622 2280 2273
f 4621 2280 4622
f 4616 4620 4617
f 4620 2282 4621
f 4617 4621 4618
f 4620 4621 4617
f 4591 4623 4597
f 4623 4624 4625
f 4597 4625 4598
f 4623 4625 4597
f 4624 4626 4627
f 4626 2273 2271
f 4627 2271 2268
f 4626 2271 4627
f 4598 4628 4600
f 4628 2268 2266
f 4600 2266 2262
f 4628 2266 4600
f 4624 4627 4625
f 4627 2268 4628
f 4625 4628 4598
f 4627 4628 4625
f 4609 4615 4610
f 4615 4618 4629
f 4610 4629 4611
f 4615 4629 4610
f 4618 4622 4630
f 4622 2273 4626
f 4630 4626 4624
f 4622 4626 4630
f 4611 4631 4613
f 4631 4624 4623
f 4613 4623 4591
f 4631 4623 4613
f 4618 4630 4629
f 4630 4624 4631
f 4629 4631 4611
f 4630 4631 4629
f 200 198 4604
f 198 195 4632
f 4604 4632 4605
f 198 4632 4604
f 195 193 4633
f 193 186 4634
f 4633 4634 4635
f 193 4634 4633
f 4605 4636 4607
f 4636 4635 4637
f 4607 4637 4609
f 4636 4637 4607
f 195 4633 4632
f 4633 4635 4636
f 4632 4636 4605
f 4633 4636 4632
f 186 184 4638
f 184 181 4639
f 4638 4639 4640
f 184 4639 4638
f 181 179 4641
f 179 178 4642
f 4641 4642 4643
f 179 4642 4641
f 4640 4644 4645
f 4644 4643 4646
f 4645 4646 4647
f 4644 4646 4645
f 181 4641 4639
f 4641 4643 4644
f 4639 4644 4640
f 4641 4644 4639
f 4609 4648 4614
f 4648 4649 4650
f 4614 4650 4616
f 4648 4650 4614
f 4649 4651 4652
f 4651 4647 4653
f 4652 4653 4654
f 4651 4653 4652
f 4616 4655 4619
f 4655 4654 4656
f 4619 4656 2287
f 4655 4656 4619
f 4649 4652 4650
f 4652 4654 4655
f 4650 4655 4616
f 4652 4655 4650
f 186 4638 4634
f 4638 4640 4657
f 4634 4657 4635
f 4638 4657 4634
f 4640 4645 4658
f 4645 4647 4651
f 4658 4651 4649
f 4645 4651 4658
f 4635 4659 4637
f 4659 4649 4648
f 4637 4648 4609
f 4659 4648 4637
f 4640 4658 4657
f 4658 4649 4659
f 4657 4659 4635
f 4658 4659 4657
f 178 4660 4642
f 4660 4661 4662
f 4642 4662 4643
f 4660 4662 4642
f 4661 4663 4664
f 4663 4665 4666
f 4664 4666 4667
f 4663 4666 4664
f 4643 4668 4646
f 4668 4667 4669
f 4646 4669 4647
f 4668 4669 4646
f 4661 4664 4662
f 4664 4667 4668
f 4662 4668 4643
f 4664 4668 4662
f 4665 4670 4671
f 4670 4672 4673
f 4671 4673 4674
f 4670 4673 4671
f 4672 4675 4676
f 4675 2306 2305
f 4676 2305 2302
f 4675 2305 4676
f 4674 4677 4678
f 4677 2302 2301
f 4678 2301 2293
f 4677 2301 4678
f 4672 4676 4673
f 4676 2302 4677
f 4673 4677 4674
f 4676 4677 4673
f 4647 4679 4653
f 4679 4680 4681
f 4653 4681 4654
f 4679 4681 4653
f 4680 4682 4683
f 4682 2293 2292
f 4683 2292 2289
f 4682 2292 4683
f 4654 4684 4656
f 4684 2289 2288
f 4656 2288 2287
f 4684 2288 4656
f 4680 4683 4681
f 4683 2289 4684
f 4681 4684 4654
f 4683 4684 4681
f 4665 4671 4666
f 4671 4674 4685
f 4666 4685 4667
f 4671 4685 4666
f 4674 4678 4686
f 4678 2293 4682
f 4686 4682 4680
f 4678 4682 4686
f 4667 4687 4669
f 4687 4680 4679
f 4669 4679 4647
f 4687 4679 4669
f 4674 4686 4685
f 4686 4680 4687
f 4685 4687 4667
f 4686 4687 4685
f 178 262 4660
f 262 259 4688
f 4660 4688 4661
f 262 4688 4660
f 259 258 4689
f 258 250 4690
f 4689 4690 4691
f 258 4690 4689
f 4661 4692 4663
f 4692 4691 4693
f 4663 4693 4665
f 4692 4693 4663
f 259 4689 4688
f 4689 4691 4692
f 4688 4692 4661
f 4689 4692 4688
f 250 249 4694
f 249 246 4695
f 4694 4695 4696
f 249 4695 4694
f 246 245 4697
f 245 244 4698
f 4697 4698 4699
f 245 4698 4697
f 4696 4700 4701
f 4700 4699 4702
f 4701 4702 4703
f 4700 4702 4701
f 246 4697 4695
f 4697 4699 4700
f 4695 4700 4696
f 4697 4700 4695
f 4665 4704 4670
f 4704 4705 4706
f 4670 4706 4672
f 4704 4706 4670
f 4705 4707 4708
f 4707 4703 4709
f 4708 4709 4710
f 4707 4709 4708
f 4672 4711 4675
f 4711 4710 4712
f 4675 4712 2306
f 4711 4712 4675
f 4705 4708 4706
f 4708 4710 4711
f 4706 4711 4672
f 4708 4711 4706
f 250 4694 4690
f 4694 4696 4713
f 4690 4713 4691
f 4694 4713 4690
f 4696 4701 4714
f 4701 4703 4707
f 4714 4707 4705
f 4701 4707 4714
f 4691 4715 4693
f 4715 4705 4704
f 4693 4704 4665
f 4715 4704 4693
f 4696 4714 4713
f 4714 4705 4715
f 4713 4715 4691
f 4714 4715 4713
f 244 4716 4698
f 4716 4717 4718
f 4698 4718 4699
f 4716 4718 4698
f 4717 4719 4720
f 4719 4721 4722
f 4720 4722 4723
f 4719 4722 4720
f 4699 4724 4702
f 4724 4723 4725
f 4702 4725 4703
f 4724 4725 4702
f 4717 4720 4718
f 4720 4723 4724
f 4718 4724 4699
f 4720 4724 4718
f 4721 4726 4727
f 4726 4728 4729
f 4727 4729 4730
f 4726 4729 4727
f 4728 4731 4732
f 4731 2331 2329
f 4732 2329 2326
f 4731 2329 4732
f 4730 4733 4734
f 4733 2326 2324
f 4734 2324 2317
f 4733 2324 4734
f 4728 4732 4729
f 4732 2326 4733
f 4729 4733 4730
f 4732 4733 4729
f 4703 4735 4709
f 4735 4736 4737
f 4709 4737 4710
f 4735 4737 4709
f 4736 4738 4739
f 4738 2317 2315
f 4739 2315 2312
f 4738 2315 4739
f 4710 4740 4712
f 4740 2312 2310
f 4712 2310 2306
f 4740 2310 4712
f 4736 4739 4737
f 4739 2312 4740
f 4737 4740 4710
f 4739 4740 4737
f 4721 4727 4722
f 4727 4730 4741
f 4722 4741 4723
f 4727 4741 4722
f 4730 4734 4742
f 4734 2317 4738
f 4742 4738 4736
f 4734 4738 4742
f 4723 4743 4725
f 4743 4736 4735
f 4725 4735 4703
f 4743 4735 4725
f 4730 4742 4741
f 4742 4736 4743
f 4741 4743 4723
f 4742 4743 4741
f 244 242 4716
f 242 239 4744
f 4716 4744 4717
f 242 4744 4716
f 239 237 4745
f 237 230 4746
f 4745 4746 4747
f 237 4746 4745
f 4717 4748 4719
f 4748 4747 4749
f 4719 4749 4721
f 4748 4749 4719
f 239 4745 4744
f 4745 4747 4748
f 4744 4748 4717
f 4745 4748 4744
f 230 228 4750
f 228 225 4751
f 4750 4751 4752
f 228 4751 4750
f 225 223 4753
f 223 222 4754
f 4753 4754 4755
f 223 4754 4753
f 4752 4756 4757
f 4756 4755 4758
f 4757 4758 4759
f 4756 4758 4757
f 225 4753 4751
f 4753 4755 4756
f 4751 4756 4752
f 4753 4756 4751
f 4721 4760 4726
f 4760 4761 4762
f 4726 4762 4728
f 4760 4762 4726
f 4761 4763 4764
f 4763 4759 4765
f 4764 4765 4766
f 4763 4765 4764
f 4728 4767 4731
f 4767 4766 4768
f 4731 4768 2331
f 4767 4768 4731
f 4761 4764 4762
f 4764 4766 4767
f 4762 4767 4728
f 4764 4767 4762
f 230 4750 4746
f 4750 4752 4769
f 4746 4769 4747
f 4750 4769 4746
f 4752 4757 4770
f 4757 4759 4763
f 4770 4763 4761
f 4757 4763 4770
f 4747 4771 4749
f 4771 4761 4760
f 4749 4760 4721
f 4771 4760 4749
f 4752 4770 4769
f 4770 4761 4771
f 4769 4771 4747
f 4770 4771 4769
f 222 4772 4754
f 4772 4773 4774
f 4754 4774 4755
f 4772 4774 4754
f 4773 4775 4776
f 4775 4777 4778
f 4776 4778 4779
f 4775 4778 4776
f 4755 4780 4758
f 4780 4779 4781
f 4758 4781 4759
f 4780 4781 4758
f 4773 4776 4774
f 4776 4779 4780
f 4774 4780 4755
f 4776 4780 4774
f 4777 4782 4783
f 4782 4784 4785
f 4783 4785 4786
f 4782 4785 4783
f 4784 4787 4788
f 4787 2350 2349
f 4788 2349 2346
f 4787 2349 4788
f 4786 4789 4790
f 4789 2346 2345
f 4790 2345 2337
f 4789 2345 4790
f 4784 4788 4785
f 4788 2346 4789
f 4785 4789 4786
f 4788 4789 4785
f 4759 4791 4765
f 4791 4792 4793
f 4765 4793 4766
f 4791 4793 4765
f 4792 4794 4795
f 4794 2337 2336
f 4795 2336 2333
f 4794 2336 4795
f 4766 4796 4768
f 4796 2333 2332
f 4768 2332 2331
f 4796 2332 4768
f 4792 4795 4793
f 4795 2333 4796
f 4793 4796 4766
f 4795 4796 4793
f 4777 4783 4778
f 4783 4786 4797
f 4778 4797 4779
f 4783 4797 4778
f 4786 4790 4798
f 4790 2337 4794
f 4798 4794 4792
f 4790 4794 4798
f 4779 4799 4781
f 4799 4792 4791
f 4781 4791 4759
f 4799 4791 4781
f 4786 4798 4797
f 4798 4792 4799
f 4797 4799 4779
f 4798 4799 4797
f 222 306 4772
f 306 303 4800
f 4772 4800 4773
f 306 4800 4772
f 303 302 4801
f 302 294 4802
f 4801 4802 4803
f 302 4802 4801
f 4773 4804 4775
f 4804 4803 4805
f 4775 4805 4777
f 4804 4805 4775
f 303 4801 4800
f 4801 4803 4804
f 4800 4804 4773
f 4801 4804 4800
f 294 293 4806
f 293 290 4807
f 4806 4807 4808
f 293 4807 4806
f 290 289 4809
f 289 288 4810
f 4809 4810 4811
f 289 4810 4809
f 4808 4812 4813
f 4812 4811 4814
f 4813 4814 4815
f 4812 4814 4813
f 290 4809 4807
f 4809 4811 4812
f 4807 4812 4808
f 4809 4812 4807
f 4777 4816 4782
f 4816 4817 4818
f 4782 4818 4784
f 4816 4818 4782
f 4817 4819 4820
f 4819 4815 4821
f 4820 4821 4822
f 4819 4821 4820
f 4784 4823 4787
f 4823 4822 4824
f 4787 4824 2350
f 4823 4824 4787
f 4817 4820 4818
f 4820 4822 4823
f 4818 4823 4784
f 4820 4823 4818
f 294 4806 4802
f 4806 4808 4825
f 4802 4825 4803
f 4806 4825 4802
f 4808 4813 4826
f 4813 4815 4819
f 4826 4819 4817
f 4813 4819 4826
f 4803 4827 4805
f 4827 4817 4816
f 4805 4816 4777
f 4827 4816 4805
f 4808 4826 4825
f 4826 4817 4827
f 4825 4827 4803
f 4826 4827 4825
f 288 4828 4810
f 4828 4829 4830
f 4810 4830 4811
f 4828 4830 4810
f 4829 4831 4832
f 4831 4833 4834
f 4832 4834 4835
f 4831 4834 4832
f 4811 4836 4814
f 4836 4835 4837
f 4814 4837 4815
f 4836 4837 4814
f 4829 4832 4830
f 4832 4835 4836
f 4830 4836 4811
f 4832 4836 4830
f 4833 4838 4839
f 4838 4840 4841
f 4839 4841 4842
f 4838 4841 4839
f 4840 4843 4844
f 4843 2375 2373
f 4844 2373 2370
f 4843 2373 4844
f 4842 4845 4846
f 4845 2370 2368
f 4846 2368 2361
f 4845 2368 4846
f 4840 4844 4841
f 4844 2370 4845
f 4841 4845 4842
f 4844 4845 4841
f 4815 4847 4821
f 4847 4848 4849
f 4821 4849 4822
f 4847 4849 4821
f 4848 4850 4851
f 4850 2361 2359
f 4851 2359 2356
f 4850 2359 4851
f 4822 4852 4824
f 4852 2356 2354
f 4824 2354 2350
f 4852 2354 4824
f 4848 4851 4849
f 4851 2356 4852
f 4849 4852 4822
f 4851 4852 4849
f 4833 4839 4834
f 4839 4842 4853
f 4834 4853 4835
f 4839 4853 4834
f 4842 4846 4854
f 4846 2361 4850
f 4854 4850 4848
f 4846 4850 4854
f 4835 4855 4837
f 4855 4848 4847
f 4837 4847 4815
f 4855 4847 4837
f 4842 4854 4853
f 4854 4848 4855
f 4853 4855 4835
f 4854 4855 4853
f 288 386 4828
f 386 383 4856
f 4828 4856 4829
f 386 4856 4828
f 383 382 4857
f 382 374 4858
f 4857 4858 4859
f 382 4858 4857
f 4829 4860 4831
f 4860 4859 4861
f 4831 4861 4833
f 4860 4861 4831
f 383 4857 4856
f 4857 4859 4860
f 4856 4860 4829
f 4857 4860 4856
f 374 373 4862
f 373 370 4863
f 4862 4863 4864
f 373 4863 4862
f 370 369 4865
f 369 368 4866
f 4865 4866 4867
f 369 4866 4865
f 4864 4868 4869
f 4868 4867 4870
f 4869 4870 4871
f 4868 4870 4869
f 370 4865 4863
f 4865 4867 4868
f 4863 4868 4864
f 4865 4868 4863
f 4833 4872 4838
f 4872 4873 4874
f 4838 4874 4840
f 4872 4874 4838
f 4873 4875 4876
f 4875 4871 4877
f 4876 4877 4878
f 4875 4877 4876
f 4840 4879 4843
f 4879 4878 4880
f 4843 4880 2375
f 4879 4880 4843
f 4873 4876 4874
f 4876 4878 4879
f 4874 4879 4840
f 4876 4879 4874
f 374 4862 4858
f 4862 4864 4881
f 4858 4881 4859
f 4862 4881 4858
f 4864 4869 4882
f 4869 4871 4875
f 4882 4875 4873
f 4869 4875 4882
f 4859 4883 4861
f 4883 4873 4872
f 4861 4872 4833
f 4883 4872 4861
f 4864 4882 4881
f 4882 4873 4883
f 4881 4883 4859
f 4882 4883 4881
f 368 4884 4866
f 4884 4885 4886
f 4866 4886 4867
f 4884 4886 4866
f 4885 4887 4888
f 4887 4889 4890
f 4888 4890 4891
f 4887 4890 4888
f 4867 4892 4870
f 4892 4891 4893
f 4870 4893 4871
f 4892 4893 4870
f 4885 4888 4886
f 4888 4891 4892
f 4886 4892 4867
f 4888 4892 4886
f 4889 4894 4895
f 4894 4896 4897
f 4895 4897 4898
f 4894 4897 4895
f 4896 4899 4900
f 4899 2455 2453
f 4900 2453 2450
f 4899 2453 4900
f 4898 4901 4902
f 4901 2450 2448
f 4902 2448 2441
f 4901 2448 4902
f 4896 4900 4897
f 4900 2450 4901
f 4897 4901 4898
f 4900 4901 4897
f 4871 4903 4877
f 4903 4904 4905
f 4877 4905 4878
f 4903 4905 4877
f 4904 4906 4907
f 4906 2441 2439
f 4907 2439 2436
f 4906 2439 4907
f 4878 4908 4880
f 4908 2436 2434
f 4880 2434 2375
f 4908 2434 4880
f 4904 4907 4905
f 4907 2436 4908
f 4905 4908 4878
f 4907 4908 4905
f 4889 4895 4890
f 4895 4898 4909
f 4890 4909 4891
f 4895 4909 4890
f 4898 4902 4910
f 4902 2441 4906
f 4910 4906 4904
f 4902 4906 4910
f 4891 4911 4893
f 4911 4904 4903
f 4893 4903 4871
f 4911 4903 4893
f 4898 4910 4909
f 4910 4904 4911
f 4909 4911 4891
f 4910 4911 4909
f 368 366 4884
f 366 363 4912
f 4884 4912 4885
f 366 4912 4884
f 363 361 4913
f 361 354 4914
f 4913 4914 4915
f 361 4914 4913
f 4885 4916 4887
f 4916 4915 4917
f 4887 4917 4889
f 4916 4917 4887
f 363 4913 4912
f 4913 4915 4916
f 4912 4916 4885
f 4913 4916 4912
f 354 352 4918
f 352 349 4919
f 4918 4919 4920
f 352 4919 4918
f 349 347 4921
f 347 346 4922
f 4921 4922 4923
f 347 4922 4921
f 4920 4924 4925
f 4924 4923 4926
f 4925 4926 4927
f 4924 4926 4925
f 349 4921 4919
f 4921 4923 4924
f 4919 4924 4920
f 4921 4924 4919
f 4889 4928 4894
f 4928 4929 4930
f 4894 4930 4896
f 4928 4930 4894
f 4929 4931 4932
f 4931 4927 4933
f 4932 4933 4934
f 4931 4933 4932
f 4896 4935 4899
f 4935 4934 4936
f 4899 4936 2455
f 4935 4936 4899
f 4929 4932 4930
f 4932 4934 4935
f 4930 4935 4896
f 4932 4935 4930
f 354 4918 4914
f 4918 4920 4937
f 4914 4937 4915
f 4918 4937 4914
f 4920 4925 4938
f 4925 4927 4931
f 4938 4931 4929
f 4925 4931 4938
f 4915 4939 4917
f 4939 4929 4928
f 4917 4928 4889
f 4939 4928 4917
f 4920 4938 4937
f 4938 4929 4939
f 4937 4939 4915
f 4938 4939 4937
f 346 4940 4922
f 4940 4941 4942
f 4922 4942 4923
f 4940 4942 4922
f 4941 4943 4944
f 4943 4945 4946
f 4944 4946 4947
f 4943 4946 4944
f 4923 4948 4926
f 4948 4947 4949
f 4926 4949 4927
f 4948 4949 4926
f 4941 4944 4942
f 4944 4947 4948
f 4942 4948 4923
f 4944 4948 4942
f 4945 4950 4951
f 4950 4952 4953
f 4951 4953 4954
f 4950 4953 4951
f 4952 4955 4956
f 4955 2474 2473
f 4956 2473 2470
f 4955 2473 4956
f 4954 4957 4958
f 4957 2470 2469
f 4958 2469 2461
f 4957 2469 4958
f 4952 4956 4953
f 4956 2470 4957
f 4953 4957 4954
f 4956 4957 4953
f 4927 4959 4933
f 4959 4960 4961
f 4933 4961 4934
f 4959 4961 4933
f 4960 4962 4963
f 4962 2461 2460
f 4963 2460 2457
f 4962 2460 4963
f 4934 4964 4936
f 4964 2457 2456
f 4936 2456 2455
f 4964 2456 4936
f 4960 4963 4961
f 4963 2457 4964
f 4961 4964 4934
f 4963 4964 4961
f 4945 4951 4946
f 4951 4954 4965
f 4946 4965 4947
f 4951 4965 4946
f 4954 4958 4966
f 4958 2461 4962
f 4966 4962 4960
f 4958 4962 4966
f 4947 4967 4949
f 4967 4960 4959
f 4949 4959 4927
f 4967 4959 4949
f 4954 4966 4965
f 4966 4960 4967
f 4965 4967 4947
f 4966 4967 4965
f 346 1737 4940
f 1737 1734 4968
f 4940 4968 4941
f 1737 4968 4940
f 1734 1732 4969
f 1732 1725 4970
f 4969 4970 4971
f 1732 4970 4969
f 4941 4972 4943
f 4972 4971 4973
f 4943 4973 4945
f 4972 4973 4943
f 1734 4969 4968
f 4969 4971 4972
f 4968 4972 4941
f 4969 4972 4968
f 1725 1723 4974
f 1723 1720 4975
f 4974 4975 4976
f 1723 4975 4974
f 1720 1718 4977
f 1718 431 4978
f 4977 4978 4979
f 1718 4978 4977
f 4976 4980 4981
f 4980 4979 4982
f 4981 4982 4983
f 4980 4982 4981
f 1720 4977 4975
f 4977 4979 4980
f 4975 4980 4976
f 4977 4980 4975
f 4945 4984 4950
f 4984 4985 4986
f 4950 4986 4952
f 4984 4986 4950
f 4985 4987 4988
f 4987 4983 4989
f 4988 4989 4990
f 4987 4989 4988
f 4952 4991 4955
f 4991 4990 4992
f 4955 4992 2474
f 4991 4992 4955
f 4985 4988 4986
f 4988 4990 4991
f 4986 4991 4952
f 4988 4991 4986
f 1725 4974 4970
f 4974 4976 4993
f 4970 4993 4971
f 4974 4993 4970
f 4976 4981 4994
f 4981 4983 4987
f 4994 4987 4985
f 4981 4987 4994
f 4971 4995 4973
f 4995 4985 4984
f 4973 4984 4945
f 4995 4984 4973
f 4976 4994 4993
f 4994 4985 4995
f 4993 4995 4971
f 4994 4995 4993
f 431 4996 4978
f 4996 4997 4998
f 4978 4998 4979
f 4996 4998 4978
f 4997 4999 5000
f 4999 5001 5002
f 5000 5002 5003
f 4999 5002 5000
f 4979 5004 4982
f 5004 5003 5005
f 4982 5005 4983
f 5004 5005 4982
f 4997 5000 4998
f 5000 5003 5004
f 4998 5004 4979
f 5000 5004 4998
f 5001 5006 5007
f 5006 5008 5009
f 5007 5009 5010
f 5006 5009 5007
f 5008 5011 5012
f 5011 2478 3837
f 5012 3837 3834
f 5011 3837 5012
f 5010 5013 5014
f 5013 3834 3833
f 5014 3833 3825
f 5013 3833 5014
f 5008 5012 5009
f 5012 3834 5013
f 5009 5013 5010
f 5012 5013 5009
f 4983 5015 4989
f 5015 5016 5017
f 4989 5017 4990
f 5015 5017 4989
f 5016 5018 5019
f 5018 3825 3824
f 5019 3824 3821
f 5018 3824 5019
f 4990 5020 4992
f 5020 3821 3820
f 4992 3820 2474
f 5020 3820 4992
f 5016 5019 5017
f 5019 3821 5020
f 5017 5020 4990
f 5019 5020 5017
f 5001 5007 5002
f 5007 5010 5021
f 5002 5021 5003
f 5007 5021 5002
f 5010 5014 5022
f 5014 3825 5018
f 5022 5018 5016
f 5014 5018 5022
f 5003 5023 5005
f 5023 5016 5015
f 5005 5015 4983
f 5023 5015 5005
f 5010 5022 5021
f 5022 5016 5023
f 5021 5023 5003
f 5022 5023 5021
f 431 430 4996
f 430 427 5024
f 4996 5024 4997
f 430 5024 4996
f 427 426 5025
f 426 418 5026
f 5025 5026 5027
f 426 5026 5025
f 4997 5028 4999
f 5028 5027 5029
f 4999 5029 5001
f 5028 5029 4999
f 427 5025 5024
f 5025 5027 5028
f 5024 5028 4997
f 5025 5028 5024
f 418 417 5030
f 417 414 5031
f 5030 5031 5032
f 417 5031 5030
f 414 413 5033
f 413 412 5034
f 5033 5034 5035
f 413 5034 5033
f 5032 5036 5037
f 5036 5035 5038
f 5037 5038 5039
f 5036 5038 5037
f 414 5033 5031
f 5033 5035 5036
f 5031 5036 5032
f 5033 5036 5031
f 5001 5040 5006
f 5040 5041 5042
f 5006 5042 5008
f 5040 5042 5006
f 5041 5043 5044
f 5043 5039 5045
f 5044 5045 5046
f 5043 5045 5044
f 5008 5047 5011
f 5047 5046 5048
f 5011 5048 2478
f 5047 5048 5011
f 5041 5044 5042
f 5044 5046 5047
f 5042 5047 5008
f 5044 5047 5042
f 418 5030 5026
f 5030 5032 5049
f 5026 5049 5027
f 5030 5049 5026
f 5032 5037 5050
f 5037 5039 5043
f 5050 5043 5041
f 5037 5043 5050
f 5027 5051 5029
f 5051 5041 5040
f 5029 5040 5001
f 5051 5040 5029
f 5032 5050 5049
f 5050 5041 5051
f 5049 5051 5027
f 5050 5051 5049
f 412 5052 5034
f 5052 5053 5054
f 5034 5054 5035
f 5052 5054 5034
f 5053 5055 5056
f 5055 5057 5058
f 5056 5058 5059
f 5055 5058 5056
f 5035 5060 5038
f 5060 5059 5061
f 5038 5061 5039
f 5060 5061 5038
f 5053 5056 5054
f 5056 5059 5060
f 5054 5060 5035
f 5056 5060 5054
f 5057 5062 5063
f 5062 5064 5065
f 5063 5065 5066
f 5062 5065 5063
f 5064 5067 5068
f 5067 2500 2498
f 5068 2498 2495
f 5067 2498 5068
f 5066 5069 5070
f 5069 2495 2493
f 5070 2493 2486
f 5069 2493 5070
f 5064 5068 5065
f 5068 2495 5069
f 5065 5069 5066
f 5068 5069 5065
f 5039 5071 5045
f 5071 5072 5073
f 5045 5073 5046
f 5071 5073 5045
f 5072 5074 5075
f 5074 2486 2484
f 5075 2484 2481
f 5074 2484 5075
f 5046 5076 5048
f 5076 2481 2479
f 5048 2479 2478
f 5076 2479 5048
f 5072 5075 5073
f 5075 2481 5076
f 5073 5076 5046
f 5075 5076 5073
f 5057 5063 5058
f 5063 5066 5077
f 5058 5077 5059
f 5063 5077 5058
f 5066 5070 5078
f 5070 2486 5074
f 5078 5074 5072
f 5070 5074 5078
f 5059 5079 5061
f 5079 5072 5071
f 5061 5071 5039
f 5079 5071 5061
f 5066 5078 5077
f 5078 5072 5079
f 5077 5079 5059
f 5078 5079 5077
f 412 410 5052
f 410 407 5080
f 5052 5080 5053
f 410 5080 5052
f 407 405 5081
f 405 398 5082
f 5081 5082 5083
f 405 5082 5081
f 5053 5084 5055
f 5084 5083 5085
f 5055 5085 5057
f 5084 5085 5055
f 407 5081 5080
f 5081 5083 5084
f 5080 5084 5053
f 5081 5084 5080
f 398 396 5086
f 396 393 5087
f 5086 5087 5088
f 396 5087 5086
f 393 391 5089
f 391 390 5090
f 5089 5090 5091
f 391 5090 5089
f 5088 5092 5093
f 5092 5091 5094
f 5093 5094 5095
f 5092 5094 5093
f 393 5089 5087
f 5089 5091 5092
f 5087 5092 5088
f 5089 5092 5087
f 5057 5096 5062
f 5096 5097 5098
f 5062 5098 5064
f 5096 5098 5062
f 5097 5099 5100
f 5099 5095 5101
f 5100 5101 5102
f 5099 5101 5100
f 5064 5103 5067
f 5103 5102 5104
f 5067 5104 2500
f 5103 5104 5067
f 5097 5100 5098
f 5100 5102 5103
f 5098 5103 5064
f 5100 5103 5098
f 398 5086 5082
f 5086 5088 5105
f 5082 5105 5083
f 5086 5105 5082
f 5088 5093 5106
f 5093 5095 5099
f 5106 5099 5097
f 5093 5099 5106
f 5083 5107 5085
f 5107 5097 5096
f 5085 5096 5057
f 5107 5096 5085
f 5088 5106 5105
f 5106 5097 5107
f 5105 5107 5083
f 5106 5107 5105
f 390 5108 5090
f 5108 5109 5110
f 5090 5110 5091
f 5108 5110 5090
f 5109 5111 5112
f 5111 5113 5114
f 5112 5114 5115
f 5111 5114 5112
f 5091 5116 5094
f 5116 5115 5117
f 5094 5117 5095
f 5116 5117 5094
f 5109 5112 5110
f 5112 5115 5116
f 5110 5116 5091
f 5112 5116 5110
f 5113 5118 5119
f 5118 5120 5121
f 5119 5121 5122
f 5118 5121 5119
f 5120 5123 5124
f 5123 2519 2518
f 5124 2518 2515
f 5123 2518 5124
f 5122 5125 5126
f 5125 2515 2514
f 5126 2514 2506
f 5125 2514 5126
f 5120 5124 5121
f 5124 2515 5125
f 5121 5125 5122
f 5124 5125 5121
f 5095 5127 5101
f 5127 5128 5129
f 5101 5129 5102
f 5127 5129 5101
f 5128 5130 5131
f 5130 2506 2505
f 5131 2505 2502
f 5130 2505 5131
f 5102 5132 5104
f 5132 2502 2501
f 5104 2501 2500
f 5132 2501 5104
f 5128 5131 5129
f 5131 2502 5132
f 5129 5132 5102
f 5131 5132 5129
f 5113 5119 5114
f 5119 5122 5133
f 5114 5133 5115
f 5119 5133 5114
f 5122 5126 5134
f 5126 2506 5130
f 5134 5130 5128
f 5126 5130 5134
f 5115 5135 5117
f 5135 5128 5127
f 5117 5127 5095
f 5135 5127 5117
f 5122 5134 5133
f 5134 5128 5135
f 5133 5135 5115
f 5134 5135 5133
f 390 475 5108
f 475 472 5136
f 5108 5136 5109
f 475 5136 5108
f 472 471 5137
f 471 463 5138
f 5137 5138 5139
f 471 5138 5137
f 5109 5140 5111
f 5140 5139 5141
f 5111 5141 5113
f 5140 5141 5111
f 472 5137 5136
f 5137 5139 5140
f 5136 5140 5109
f 5137 5140 5136
f 463 462 5142
f 462 459 5143
f 5142 5143 5144
f 462 5143 5142
f 459 458 5145
f 458 457 5146
f 5145 5146 5147
f 458 5146 5145
f 5144 5148 5149
f 5148 5147 5150
f 5149 5150 5151
f 5148 5150 5149
f 459 5145 5143
f 5145 5147 5148
f 5143 5148 5144
f 5145 5148 5143
f 5113 5152 5118
f 5152 5153 5154
f 5118 5154 5120
f 5152 5154 5118
f 5153 5155 5156
f 5155 5151 5157
f 5156 5157 5158
f 5155 5157 5156
f 5120 5159 5123
f 5159 5158 5160
f 5123 5160 2519
f 5159 5160 5123
f 5153 5156 5154
f 5156 5158 5159
f 5154 5159 5120
f 5156 5159 5154
f 463 5142 5138
f 5142 5144 5161
f 5138 5161 5139
f 5142 5161 5138
f 5144 5149 5162
f 5149 5151 5155
f 5162 5155 5153
f 5149 5155 5162
f 5139 5163 5141
f 5163 5153 5152
f 5141 5152 5113
f 5163 5152 5141
f 5144 5162 5161
f 5162 5153 5163
f 5161 5163 5139
f 5162 5163 5161
f 457 5164 5146
f 5164 5165 5166
f 5146 5166 5147
f 5164 5166 5146
f 5165 5167 5168
f 5167 5169 5170
f 5168 5170 5171
f 5167 5170 5168
f 5147 5172 5150
f 5172 5171 5173
f 5150 5173 5151
f 5172 5173 5150
f 5165 5168 5166
f 5168 5171 5172
f 5166 5172 5147
f 5168 5172 5166
f 5169 5174 5175
f 5174 5176 5177
f 5175 5177 5178
f 5174 5177 5175
f 5176 5179 5180
f 5179 2544 2542
f 5180 2542 2539
f 5179 2542 5180
f 5178 5181 5182
f 5181 2539 2537
f 5182 2537 2530
f 5181 2537 5182
f 5176 5180 5177
f 5180 2539 5181
f 5177 5181 5178
f 5180 5181 5177
f 5151 5183 5157
f 5183 5184 5185
f 5157 5185 5158
f 5183 5185 5157
f 5184 5186 5187
f 5186 2530 2528
f 5187 2528 2525
f 5186 2528 5187
f 5158 5188 5160
f 5188 2525 2523
f 5160 2523 2519
f 5188 2523 5160
f 5184 5187 5185
f 5187 2525 5188
f 5185 5188 5158
f 5187 5188 5185
f 5169 5175 5170
f 5175 5178 5189
f 5170 5189 5171
f 5175 5189 5170
f 5178 5182 5190
f 5182 2530 5186
f 5190 5186 5184
f 5182 5186 5190
f 5171 5191 5173
f 5191 5184 5183
f 5173 5183 5151
f 5191 5183 5173
f 5178 5190 5189
f 5190 5184 5191
f 5189 5191 5171
f 5190 5191 5189
f 457 455 5164
f 455 452 5192
f 5164 5192 5165
f 455 5192 5164
f 452 450 5193
f 450 443 5194
f 5193 5194 5195
f 450 5194 5193
f 5165 5196 5167
f 5196 5195 5197
f 5167 5197 5169
f 5196 5197 5167
f 452 5193 5192
f 5193 5195 5196
f 5192 5196 5165
f 5193 5196 5192
f 443 441 5198
f 441 438 5199
f 5198 5199 5200
f 441 5199 5198
f 438 436 5201
f 436 435 5202
f 5201 5202 5203
f 436 5202 5201
f 5200 5204 5205
f 5204 5203 5206
f 5205 5206 5207
f 5204 5206 5205
f 438 5201 5199
f 5201 5203 5204
f 5199 5204 5200
f 5201 5204 5199
f 5169 5208 5174
f 5208 5209 5210
f 5174 5210 5176
f 5208 5210 5174
f 5209 5211 5212
f 5211 5207 5213
f 5212 5213 5214
f 5211 5213 5212
f 5176 5215 5179
f 5215 5214 5216
f 5179 5216 2544
f 5215 5216 5179
f 5209 5212 5210
f 5212 5214 5215
f 5210 5215 5176
f 5212 5215 5210
f 443 5198 5194
f 5198 5200 5217
f 5194 5217 5195
f 5198 5217 5194
f 5200 5205 5218
f 5205 5207 5211
f 5218 5211 5209
f 5205 5211 5218
f 5195 5219 5197
f 5219 5209 5208
f 5197 5208 5169
f 5219 5208 5197
f 5200 5218 5217
f 5218 5209 5219
f 5217 5219 5195
f 5218 5219 5217
f 435 5220 5202
f 5220 5221 5222
f 5202 5222 5203
f 5220 5222 5202
f 5221 5223 5224
f 5223 5225 5226
f 5224 5226 5227
f 5223 5226 5224
f 5203 5228 5206
f 5228 5227 5229
f 5206 5229 5207
f 5228 5229 5206
f 5221 5224 5222
f 5224 5227 5228
f 5222 5228 5203
f 5224 5228 5222
f 5225 5230 5231
f 5230 5232 5233
f 5231 5233 5234
f 5230 5233 5231
f 5232 5235 5236
f 5235 2563 2562
f 5236 2562 2559
f 5235 2562 5236
f 5234 5237 5238
f 5237 2559 2558
f 5238 2558 2550
f 5237 2558 5238
f 5232 5236 5233
f 5236 2559 5237
f 5233 5237 5234
f 5236 5237 5233
f 5207 5239 5213
f 5239 5240 5241
f 5213 5241 5214
f 5239 5241 5213
f 5240 5242 5243
f 5242 2550 2549
f 5243 2549 2546
f 5242 2549 5243
f 5214 5244 5216
f 5244 2546 2545
f 5216 2545 2544
f 5244 2545 5216
f 5240 5243 5241
f 5243 2546 5244
f 5241 5244 5214
f 5243 5244 5241
f 5225 5231 5226
f 5231 5234 5245
f 5226 5245 5227
f 5231 5245 5226
f 5234 5238 5246
f 5238 2550 5242
f 5246 5242 5240
f 5238 5242 5246
f 5227 5247 5229
f 5247 5240 5239
f 5229 5239 5207
f 5247 5239 5229
f 5234 5246 5245
f 5246 5240 5247
f 5245 5247 5227
f 5246 5247 5245
f 435 519 5220
f 519 516 5248
f 5220 5248 5221
f 519 5248 5220
f 516 515 5249
f 515 507 5250
f 5249 5250 5251
f 515 5250 5249
f 5221 5252 5223
f 5252 5251 5253
f 5223 5253 5225
f 5252 5253 5223
f 516 5249 5248
f 5249 5251 5252
f 5248 5252 5221
f 5249 5252 5248
f 507 506 5254
f 506 503 5255
f 5254 5255 5256
f 506 5255 5254
f 503 502 5257
f 502 501 5258
f 5257 5258 5259
f 502 5258 5257
f 5256 5260 5261
f 5260 5259 5262
f 5261 5262 5263
f 5260 5262 5261
f 503 5257 5255
f 5257 5259 5260
f 5255 5260 5256
f 5257 5260 5255
f 5225 5264 5230
f 5264 5265 5266
f 5230 5266 5232
f 5264 5266 5230
f 5265 5267 5268
f 5267 5263 5269
f 5268 5269 5270
f 5267 5269 5268
f 5232 5271 5235
f 5271 5270 5272
f 5235 5272 2563
f 5271 5272 5235
f 5265 5268 5266
f 5268 5270 5271
f 5266 5271 5232
f 5268 5271 5266
f 507 5254 5250
f 5254 5256 5273
f 5250 5273 5251
f 5254 5273 5250
f 5256 5261 5274
f 5261 5263 5267
f 5274 5267 5265
f 5261 5267 5274
f 5251 5275 5253
f 5275 5265 5264
f 5253 5264 5225
f 5275 5264 5253
f 5256 5274 5273
f 5274 5265 5275
f 5273 5275 5251
f 5274 5275 5273
f 501 5276 5258
f 5276 5277 5278
f 5258 5278 5259
f 5276 5278 5258
f 5277 5279 5280
f 5279 5281 5282
f 5280 5282 5283
f 5279 5282 5280
f 5259 5284 5262
f 5284 5283 5285
f 5262 5285 5263
f 5284 5285 5262
f 5277 5280 5278
f 5280 5283 5284
f 5278 5284 5259
f 5280 5284 5278
f 5281 5286 5287
f 5286 5288 5289
f 5287 5289 5290
f 5286 5289 5287
f 5288 5291 5292
f 5291 2588 2586
f 5292 2586 2583
f 5291 2586 5292
f 5290 5293 5294
f 5293 2583 2581
f 5294 2581 2574
f 5293 2581 5294
f 5288 5292 5289
f 5292 2583 5293
f 5289 5293 5290
f 5292 5293 5289
f 5263 5295 5269
f 5295 5296 5297
f 5269 5297 5270
f 5295 5297 5269
f 5296 5298 5299
f 5298 2574 2572
f 5299 2572 2569
f 5298 2572 5299
f 5270 5300 5272
f 5300 2569 2567
f 5272 2567 2563
f 5300 2567 5272
f 5296 5299 5297
f 5299 2569 5300
f 5297 5300 5270
f 5299 5300 5297
f 5281 5287 5282
f 5287 5290 5301
f 5282 5301 5283
f 5287 5301 5282
f 5290 5294 5302
f 5294 2574 5298
f 5302 5298 5296
f 5294 5298 5302
f 5283 5303 5285
f 5303 5296 5295
f 5285 5295 5263
f 5303 5295 5285
f 5290 5302 5301
f 5302 5296 5303
f 5301 5303 5283
f 5302 5303 5301
f 501 499 5276
f 499 496 5304
f 5276 5304 5277
f 499 5304 5276
f 496 494 5305
f 494 487 5306
f 5305 5306 5307
f 494 5306 5305
f 5277 5308 5279
f 5308 5307 5309
f 5279 5309 5281
f 5308 5309 5279
f 496 5305 5304
f 5305 5307 5308
f 5304 5308 5277
f 5305 5308 5304
f 487 485 5310
f 485 482 5311
f 5310 5311 5312
f 485 5311 5310
f 482 480 5313
f 480 479 5314
f 5313 5314 5315
f 480 5314 5313
f 5312 5316 5317
f 5316 5315 5318
f 5317 5318 5319
f 5316 5318 5317
f 482 5313 5311
f 5313 5315 5316
f 5311 5316 5312
f 5313 5316 5311
f 5281 5320 5286
f 5320 5321 5322
f 5286 5322 5288
f 5320 5322 5286
f 5321 5323 5324
f 5323 5319 5325
f 5324 5325 5326
f 5323 5325 5324
f 5288 5327 5291
f 5327 5326 5328
f 5291 5328 2588
f 5327 5328 5291
f 5321 5324 5322
f 5324 5326 5327
f 5322 5327 5288
f 5324 5327 5322
f 487 5310 5306
f 5310 5312 5329
f 5306 5329 5307
f 5310 5329 5306
f 5312 5317 5330
f 5317 5319 5323
f 5330 5323 5321
f 5317 5323 5330
f 5307 5331 5309
f 5331 5321 5320
f 5309 5320 5281
f 5331 5320 5309
f 5312 5330 5329
f 5330 5321 5331
f 5329 5331 5307
f 5330 5331 5329
f 479 5332 5314
f 5332 5333 5334
f 5314 5334 5315
f 5332 5334 5314
f 5333 5335 5336
f 5335 5337 5338
f 5336 5338 5339
f 5335 5338 5336
f 5315 5340 5318
f 5340 5339 5341
f 5318 5341 5319
f 5340 5341 5318
f 5333 5336 5334
f 5336 5339 5340
f 5334 5340 5315
f 5336 5340 5334
f 5337 5342 5343
f 5342 5344 5345
f 5343 5345 5346
f 5342 5345 5343
f 5344 5347 5348
f 5347 2607 2606
f 5348 2606 2603
f 5347 2606 5348
f 5346 5349 5350
f 5349 2603 2602
f 5350 2602 2594
f 5349 2602 5350
f 5344 5348 5345
f 5348 2603 5349
f 5345 5349 5346
f 5348 5349 5345
f 5319 5351 5325
f 5351 5352 5353
f 5325 5353 5326
f 5351 5353 5325
f 5352 5354 5355
f 5354 2594 2593
f 5355 2593 2590
f 5354 2593 5355
f 5326 5356 5328
f 5356 2590 2589
f 5328 2589 2588
f 5356 2589 5328
f 5352 5355 5353
f 5355 2590 5356
f 5353 5356 5326
f 5355 5356 5353
f 5337 5343 5338
f 5343 5346 5357
f 5338 5357 5339
f 5343 5357 5338
f 5346 5350 5358
f 5350 2594 5354
f 5358 5354 5352
f 5350 5354 5358
f 5339 5359 5341
f 5359 5352 5351
f 5341 5351 5319
f 5359 5351 5341
f 5346 5358 5357
f 5358 5352 5359
f 5357 5359 5339
f 5358 5359 5357
f 479 563 5332
f 563 560 5360
f 5332 5360 5333
f 563 5360 5332
f 560 559 5361
f 559 551 5362
f 5361 5362 5363
f 559 5362 5361
f 5333 5364 5335
f 5364 5363 5365
f 5335 5365 5337
f 5364 5365 5335
f 560 5361 5360
f 5361 5363 5364
f 5360 5364 5333
f 5361 5364 5360
f 551 550 5366
f 550 547 5367
f 5366 5367 5368
f 550 5367 5366
f 547 546 5369
f 546 545 5370
f 5369 5370 5371
f 546 5370 5369
f 5368 5372 5373
f 5372 5371 5374
f 5373 5374 5375
f 5372 5374 5373
f 547 5369 5367
f 5369 5371 5372
f 5367 5372 5368
f 5369 5372 5367
f 5337 5376 5342
f 5376 5377 5378
f 5342 5378 5344
f 5376 5378 5342
f 5377 5379 5380
f 5379 5375 5381
f 5380 5381 5382
f 5379 5381 5380
f 5344 5383 5347
f 5383 5382 5384
f 5347 5384 2607
f 5383 5384 5347
f 5377 5380 5378
f 5380 5382 5383
f 5378 5383 5344
f 5380 5383 5378
f 551 5366 5362
f 5366 5368 5385
f 5362 5385 5363
f 5366 5385 5362
f 5368 5373 5386
f 5373 5375 5379
f 5386 5379 5377
f 5373 5379 5386
f 5363 5387 5365
f 5387 5377 5376
f 5365 5376 5337
f 5387 5376 5365
f 5368 5386 5385
f 5386 5377 5387
f 5385 5387 5363
f 5386 5387 5385
f 545 5388 5370
f 5388 5389 5390
f 5370 5390 5371
f 5388 5390 5370
f 5389 5391 5392
f 5391 5393 5394
f 5392 5394 5395
f 5391 5394 5392
f 5371 5396 5374
f 5396 5395 5397
f 5374 5397 5375
f 5396 5397 5374
f 5389 5392 5390
f 5392 5395 5396
f 5390 5396 5371
f 5392 5396 5390
f 5393 5398 5399
f 5398 5400 5401
f 5399 5401 5402
f 5398 5401 5399
f 5400 5403 5404
f 5403 2632 2630
f 5404 2630 2627
f 5403 2630 5404
f 5402 5405 5406
f 5405 2627 2625
f 5406 2625 2618
f 5405 2625 5406
f 5400 5404 5401
f 5404 2627 5405
f 5401 5405 5402
f 5404 5405 5401
f 5375 5407 5381
f 5407 5408 5409
f 5381 5409 5382
f 5407 5409 5381
f 5408 5410 5411
f 5410 2618 2616
f 5411 2616 2613
f 5410 2616 5411
f 5382 5412 5384
f 5412 2613 2611
f 5384 2611 2607
f 5412 2611 5384
f 5408 5411 5409
f 5411 2613 5412
f 5409 5412 5382
f 5411 5412 5409
f 5393 5399 5394
f 5399 5402 5413
f 5394 5413 5395
f 5399 5413 5394
f 5402 5406 5414
f 5406 2618 5410
f 5414 5410 5408
f 5406 5410 5414
f 5395 5415 5397
f 5415 5408 5407
f 5397 5407 5375
f 5415 5407 5397
f 5402 5414 5413
f 5414 5408 5415
f 5413 5415 5395
f 5414 5415 5413
f 545 543 5388
f 543 540 5416
f 5388 5416 5389
f 543 5416 5388
f 540 538 5417
f 538 531 5418
f 5417 5418 5419
f 538 5418 5417
f 5389 5420 5391
f 5420 5419 5421
f 5391 5421 5393
f 5420 5421 5391
f 540 5417 5416
f 5417 5419 5420
f 5416 5420 5389
f 5417 5420 5416
f 531 529 5422
f 529 526 5423
f 5422 5423 5424
f 529 5423 5422
f 526 524 5425
f 524 523 5426
f 5425 5426 5427
f 524 5426 5425
f 5424 5428 5429
f 5428 5427 5430
f 5429 5430 5431
f 5428 5430 5429
f 526 5425 5423
f 5425 5427 5428
f 5423 5428 5424
f 5425 5428 5423
f 5393 5432 5398
f 5432 5433 5434
f 5398 5434 5400
f 5432 5434 5398
f 5433 5435 5436
f 5435 5431 5437
f 5436 5437 5438
f 5435 5437 5436
f 5400 5439 5403
f 5439 5438 5440
f 5403 5440 2632
f 5439 5440 5403
f 5433 5436 5434
f 5436 5438 5439
f 5434 5439 5400
f 5436 5439 5434
f 531 5422 5418
f 5422 5424 5441
f 5418 5441 5419
f 5422 5441 5418
f 5424 5429 5442
f 5429 5431 5435
f 5442 5435 5433
f 5429 5435 5442
f 5419 5443 5421
f 5443 5433 5432
f 5421 5432 5393
f 5443 5432 5421
f 5424 5442 5441
f 5442 5433 5443
f 5441 5443 5419
f 5442 5443 5441
f 523 5444 5426
f 5444 5445 5446
f 5426 5446 5427
f 5444 5446 5426
f 5445 5447 5448
f 5447 5449 5450
f 5448 5450 5451
f 5447 5450 5448
f 5427 5452 5430
f 5452 5451 5453
f 5430 5453 5431
f 5452 5453 5430
f 5445 5448 5446
f 5448 5451 5452
f 5446 5452 5427
f 5448 5452 5446
f 5449 5454 5455
f 5454 5456 5457
f 5455 5457 5458
f 5454 5457 5455
f 5456 5459 5460
f 5459 2651 2650
f 5460 2650 2647
f 5459 2650 5460
f 5458 5461 5462
f 5461 2647 2646
f 5462 2646 2638
f 5461 2646 5462
f 5456 5460 5457
f 5460 2647 5461
f 5457 5461 5458
f 5460 5461 5457
f 5431 5463 5437
f 5463 5464 5465
f 5437 5465 5438
f 5463 5465 5437
f 5464 5466 5467
f 5466 2638 2637
f 5467 2637 2634
f 5466 2637 5467
f 5438 5468 5440
f 5468 2634 2633
f 5440 2633 2632
f 5468 2633 5440
f 5464 5467 5465
f 5467 2634 5468
f 5465 5468 5438
f 5467 5468 5465
f 5449 5455 5450
f 5455 5458 5469
f 5450 5469 5451
f 5455 5469 5450
f 5458 5462 5470
f 5462 2638 5466
f 5470 5466 5464
f 5462 5466 5470
f 5451 5471 5453
f 5471 5464 5463
f 5453 5463 5431
f 5471 5463 5453
f 5458 5470 5469
f 5470 5464 5471
f 5469 5471 5451
f 5470 5471 5469
f 523 607 5444
f 607 604 5472
f 5444 5472 5445
f 607 5472 5444
f 604 603 5473
f 603 595 5474
f 5473 5474 5475
f 603 5474 5473
f 5445 5476 5447
f 5476 5475 5477
f 5447 5477 5449
f 5476 5477 5447
f 604 5473 5472
f 5473 5475 5476
f 5472 5476 5445
f 5473 5476 5472
f 595 594 5478
f 594 591 5479
f 5478 5479 5480
f 594 5479 5478
f 591 590 5481
f 590 589 5482
f 5481 5482 5483
f 590 5482 5481
f 5480 5484 5485
f 5484 5483 5486
f 5485 5486 5487
f 5484 5486 5485
f 591 5481 5479
f 5481 5483 5484
f 5479 5484 5480
f 5481 5484 5479
f 5449 5488 5454
f 5488 5489 5490
f 5454 5490 5456
f 5488 5490 5454
f 5489 5491 5492
f 5491 5487 5493
f 5492 5493 5494
f 5491 5493 5492
f 5456 5495 5459
f 5495 5494 5496
f 5459 5496 2651
f 5495 5496 5459
f 5489 5492 5490
f 5492 5494 5495
f 5490 5495 5456
f 5492 5495 5490
f 595 5478 5474
f 5478 5480 5497
f 5474 5497 5475
f 5478 5497 5474
f 5480 5485 5498
f 5485 5487 5491
f 5498 5491 5489
f 5485 5491 5498
f 5475 5499 5477
f 5499 5489 5488
f 5477 5488 5449
f 5499 5488 5477
f 5480 5498 5497
f 5498 5489 5499
f 5497 5499 5475
f 5498 5499 5497
f 589 5500 5482
f 5500 5501 5502
f 5482 5502 5483
f 5500 5502 5482
f 5501 5503 5504
f 5503 5505 5506
f 5504 5506 5507
f 5503 5506 5504
f 5483 5508 5486
f 5508 5507 5509
f 5486 5509 5487
f 5508 5509 5486
f 5501 5504 5502
f 5504 5507 5508
f 5502 5508 5483
f 5504 5508 5502
f 5505 5510 5511
f 5510 5512 5513
f 5511 5513 5514
f 5510 5513 5511
f 5512 5515 5516
f 5515 2676 2674
f 5516 2674 2671
f 5515 2674 5516
f 5514 5517 5518
f 5517 2671 2669
f 5518 2669 2662
f 5517 2669 5518
f 5512 5516 5513
f 5516 2671 5517
f 5513 5517 5514
f 5516 5517 5513
f 5487 5519 5493
f 5519 5520 5521
f 5493 5521 5494
f 5519 5521 5493
f 5520 5522 5523
f 5522 2662 2660
f 5523 2660 2657
f 5522 2660 5523
f 5494 5524 5496
f 5524 2657 2655
f 5496 2655 2651
f 5524 2655 5496
f 5520 5523 5521
f 5523 2657 5524
f 5521 5524 5494
f 5523 5524 5521
f 5505 5511 5506
f 5511 5514 5525
f 5506 5525 5507
f 5511 5525 5506
f 5514 5518 5526
f 5518 2662 5522
f 5526 5522 5520
f 5518 5522 5526
f 5507 5527 5509
f 5527 5520 5519
f 5509 5519 5487
f 5527 5519 5509
f 5514 5526 5525
f 5526 5520 5527
f 5525 5527 5507
f 5526 5527 5525
f 589 587 5500
f 587 584 5528
f 5500 5528 5501
f 587 5528 5500
f 584 582 5529
f 582 575 5530
f 5529 5530 5531
f 582 5530 5529
f 5501 5532 5503
f 5532 5531 5533
f 5503 5533 5505
f 5532 5533 5503
f 584 5529 5528
f 5529 5531 5532
f 5528 5532 5501
f 5529 5532 5528
f 575 573 5534
f 573 570 5535
f 5534 5535 5536
f 573 5535 5534
f 570 568 5537
f 568 567 5538
f 5537 5538 5539
f 568 5538 5537
f 5536 5540 5541
f 5540 5539 5542
f 5541 5542 5543
f 5540 5542 5541
f 570 5537 5535
f 5537 5539 5540
f 5535 5540 5536
f 5537 5540 5535
f 5505 5544 5510
f 5544 5545 5546
f 5510 5546 5512
f 5544 5546 5510
f 5545 5547 5548
f 5547 5543 5549
f 5548 5549 5550
f 5547 5549 5548
f 5512 5551 5515
f 5551 5550 5552
f 5515 5552 2676
f 5551 5552 5515
f 5545 5548 5546
f 5548 5550 5551
f 5546 5551 5512
f 5548 5551 5546
f 575 5534 5530
f 5534 5536 5553
f 5530 5553 5531
f 5534 5553 5530
f 5536 5541 5554
f 5541 5543 5547
f 5554 5547 5545
f 5541 5547 5554
f 5531 5555 5533
f 5555 5545 5544
f 5533 5544 5505
f 5555 5544 5533
f 5536 5554 5553
f 5554 5545 5555
f 5553 5555 5531
f 5554 5555 5553
f 567 5556 5538
f 5556 5557 5558
f 5538 5558 5539
f 5556 5558 5538
f 5557 5559 5560
f 5559 5561 5562
f 5560 5562 5563
f 5559 5562 5560
f 5539 5564 5542
f 5564 5563 5565
f 5542 5565 5543
f 5564 5565 5542
f 5557 5560 5558
f 5560 5563 5564
f 5558 5564 5539
f 5560 5564 5558
f 5561 5566 5567
f 5566 5568 5569
f 5567 5569 5570
f 5566 5569 5567
f 5568 5571 5572
f 5571 2695 2694
f 5572 2694 2691
f 5571 2694 5572
f 5570 5573 5574
f 5573 2691 2690
f 5574 2690 2682
f 5573 2690 5574
f 5568 5572 5569
f 5572 2691 5573
f 5569 5573 5570
f 5572 5573 5569
f 5543 5575 5549
f 5575 5576 5577
f 5549 5577 5550
f 5575 5577 5549
f 5576 5578 5579
f 5578 2682 2681
f 5579 2681 2678
f 5578 2681 5579
f 5550 5580 5552
f 5580 2678 2677
f 5552 2677 2676
f 5580 2677 5552
f 5576 5579 5577
f 5579 2678 5580
f 5577 5580 5550
f 5579 5580 5577
f 5561 5567 5562
f 5567 5570 5581
f 5562 5581 5563
f 5567 5581 5562
f 5570 5574 5582
f 5574 2682 5578
f 5582 5578 5576
f 5574 5578 5582
f 5563 5583 5565
f 5583 5576 5575
f 5565 5575 5543
f 5583 5575 5565
f 5570 5582 5581
f 5582 5576 5583
f 5581 5583 5563
f 5582 5583 5581
f 567 651 5556
f 651 648 5584
f 5556 5584 5557
f 651 5584 5556
f 648 647 5585
f 647 639 5586
f 5585 5586 5587
f 647 5586 5585
f 5557 5588 5559
f 5588 5587 5589
f 5559 5589 5561
f 5588 5589 5559
f 648 5585 5584
f 5585 5587 5588
f 5584 5588 5557
f 5585 5588 5584
f 639 638 5590
f 638 635 5591
f 5590 5591 5592
f 638 5591 5590
f 635 634 5593
f 634 633 5594
f 5593 5594 5595
f 634 5594 5593
f 5592 5596 5597
f 5596 5595 5598
f 5597 5598 5599
f 5596 5598 5597
f 635 5593 5591
f 5593 5595 5596
f 5591 5596 5592
f 5593 5596 5591
f 5561 5600 5566
f 5600 5601 5602
f 5566 5602 5568
f 5600 5602 5566
f 5601 5603 5604
f 5603 5599 5605
f 5604 5605 5606
f 5603 5605 5604
f 5568 5607 5571
f 5607 5606 5608
f 5571 5608 2695
f 5607 5608 5571
f 5601 5604 5602
f 5604 5606 5607
f 5602 5607 5568
f 5604 5607 5602
f 639 5590 5586
f 5590 5592 5609
f 5586 5609 5587
f 5590 5609 5586
f 5592 5597 5610
f 5597 5599 5603
f 5610 5603 5601
f 5597 5603 5610
f 5587 5611 5589
f 5611 5601 5600
f 5589 5600 5561
f 5611 5600 5589
f 5592 5610 5609
f 5610 5601 5611
f 5609 5611 5587
f 5610 5611 5609
f 633 5612 5594
f 5612 5613 5614
f 5594 5614 5595
f 5612 5614 5594
f 5613 5615 5616
f 5615 5617 5618
f 5616 5618 5619
f 5615 5618 5616
f 5595 5620 5598
f 5620 5619 5621
f 5598 5621 5599
f 5620 5621 5598
f 5613 5616 5614
f 5616 5619 5620
f 5614 5620 5595
f 5616 5620 5614
f 5617 5622 5623
f 5622 5624 5625
f 5623 5625 5626
f 5622 5625 5623
f 5624 5627 5628
f 5627 2720 2718
f 5628 2718 2715
f 5627 2718 5628
f 5626 5629 5630
f 5629 2715 2713
f 5630 2713 2706
f 5629 2713 5630
f 5624 5628 5625
f 5628 2715 5629
f 5625 5629 5626
f 5628 5629 5625
f 5599 5631 5605
f 5631 5632 5633
f 5605 5633 5606
f 5631 5633 5605
f 5632 5634 5635
f 5634 2706 2704
f 5635 2704 2701
f 5634 2704 5635
f 5606 5636 5608
f 5636 2701 2699
f 5608 2699 2695
f 5636 2699 5608
f 5632 5635 5633
f 5635 2701 5636
f 5633 5636 5606
f 5635 5636 5633
f 5617 5623 5618
f 5623 5626 5637
f 5618 5637 5619
f 5623 5637 5618
f 5626 5630 5638
f 5630 2706 5634
f 5638 5634 5632
f 5630 5634 5638
f 5619 5639 5621
f 5639 5632 5631
f 5621 5631 5599
f 5639 5631 5621
f 5626 5638 5637
f 5638 5632 5639
f 5637 5639 5619
f 5638 5639 5637
f 633 631 5612
f 631 628 5640
f 5612 5640 5613
f 631 5640 5612
f 628 626 5641
f 626 619 5642
f 5641 5642 5643
f 626 5642 5641
f 5613 5644 5615
f 5644 5643 5645
f 5615 5645 5617
f 5644 5645 5615
f 628 5641 5640
f 5641 5643 5644
f 5640 5644 5613
f 5641 5644 5640
f 619 617 5646
f 617 614 5647
f 5646 5647 5648
f 617 5647 5646
f 614 612 5649
f 612 611 5650
f 5649 5650 5651
f 612 5650 5649
f 5648 5652 5653
f 5652 5651 5654
f 5653 5654 5655
f 5652 5654 5653
f 614 5649 5647
f 5649 5651 5652
f 5647 5652 5648
f 5649 5652 5647
f 5617 5656 5622
f 5656 5657 5658
f 5622 5658 5624
f 5656 5658 5622
f 5657 5659 5660
f 5659 5655 5661
f 5660 5661 5662
f 5659 5661 5660
f 5624 5663 5627
f 5663 5662 5664
f 5627 5664 2720
f 5663 5664 5627
f 5657 5660 5658
f 5660 5662 5663
f 5658 5663 5624
f 5660 5663 5658
f 619 5646 5642
f 5646 5648 5665
f 5642 5665 5643
f 5646 5665 5642
f 5648 5653 5666
f 5653 5655 5659
f 5666 5659 5657
f 5653 5659 5666
f 5643 5667 5645
f 5667 5657 5656
f 5645 5656 5617
f 5667 5656 5645
f 5648 5666 5665
f 5666 5657 5667
f 5665 5667 5643
f 5666 5667 5665
f 611 5668 5650
f 5668 5669 5670
f 5650 5670 5651
f 5668 5670 5650
f 5669 5671 5672
f 5671 5673 5674
f 5672 5674 5675
f 5671 5674 5672
f 5651 5676 5654
f 5676 5675 5677
f 5654 5677 5655
f 5676 5677 5654
f 5669 5672 5670
f 5672 5675 5676
f 5670 5676 5651
f 5672 5676 5670
f 5673 5678 5679
f 5678 5680 5681
f 5679 5681 5682
f 5678 5681 5679
f 5680 5683 5684
f 5683 2739 2738
f 5684 2738 2735
f 5683 2738 5684
f 5682 5685 5686
f 5685 2735 2734
f 5686 2734 2726
f 5685 2734 5686
f 5680 5684 5681
f 5684 2735 5685
f 5681 5685 5682
f 5684 5685 5681
f 5655 5687 5661
f 5687 5688 5689
f 5661 5689 5662
f 5687 5689 5661
f 5688 5690 5691
f 5690 2726 2725
f 5691 2725 2722
f 5690 2725 5691
f 5662 5692 5664
f 5692 2722 2721
f 5664 2721 2720
f 5692 2721 5664
f 5688 5691 5689
f 5691 2722 5692
f 5689 5692 5662
f 5691 5692 5689
f 5673 5679 5674
f 5679 5682 5693
f 5674 5693 5675
f 5679 5693 5674
f 5682 5686 5694
f 5686 2726 5690
f 5694 5690 5688
f 5686 5690 5694
f 5675 5695 5677
f 5695 5688 5687
f 5677 5687 5655
f 5695 5687 5677
f 5682 5694 5693
f 5694 5688 5695
f 5693 5695 5675
f 5694 5695 5693
f 611 695 5668
f 695 692 5696
f 5668 5696 5669
f 695 5696 5668
f 692 691 5697
f 691 683 5698
f 5697 5698 5699
f 691 5698 5697
f 5669 5700 5671
f 5700 5699 5701
f 5671 5701 5673
f 5700 5701 5671
f 692 5697 5696
f 5697 5699 5700
f 5696 5700 5669
f 5697 5700 5696
f 683 682 5702
f 682 679 5703
f 5702 5703 5704
f 682 5703 5702
f 679 678 5705
f 678 677 5706
f 5705 5706 5707
f 678 5706 5705
f 5704 5708 5709
f 5708 5707 5710
f 5709 5710 5711
f 5708 5710 5709
f 679 5705 5703
f 5705 5707 5708
f 5703 5708 5704
f 5705 5708 5703
f 5673 5712 5678
f 5712 5713 5714
f 5678 5714 5680
f 5712 5714 5678
f 5713 5715 5716
f 5715 5711 5717
f 5716 5717 5718
f 5715 5717 5716
f 5680 5719 5683
f 5719 5718 5720
f 5683 5720 2739
f 5719 5720 5683
f 5713 5716 5714
f 5716 5718 5719
f 5714 5719 5680
f 5716 5719 5714
f 683 5702 5698
f 5702 5704 5721
f 5698 5721 5699
f 5702 5721 5698
f 5704 5709 5722
f 5709 5711 5715
f 5722 5715 5713
f 5709 5715 5722
f 5699 5723 5701
f 5723 5713 5712
f 5701 5712 5673
f 5723 5712 5701
f 5704 5722 5721
f 5722 5713 5723
f 5721 5723 5699
f 5722 5723 5721
f 677 5724 5706
f 5724 5725 5726
f 5706 5726 5707
f 5724 5726 5706
f 5725 5727 5728
f 5727 5729 5730
f 5728 5730 5731
f 5727 5730 5728
f 5707 5732 5710
f 5732 5731 5733
f 5710 5733 5711
f 5732 5733 5710
f 5725 5728 5726
f 5728 5731 5732
f 5726 5732 5707
f 5728 5732 5726
f 5729 5734 5735
f 5734 5736 5737
f 5735 5737 5738
f 5734 5737 5735
f 5736 5739 5740
f 5739 2764 2762
f 5740 2762 2759
f 5739 2762 5740
f 5738 5741 5742
f 5741 2759 2757
f 5742 2757 2750
f 5741 2757 5742
f 5736 5740 5737
f 5740 2759 5741
f 5737 5741 5738
f 5740 5741 5737
f 5711 5743 5717
f 5743 5744 5745
f 5717 5745 5718
f 5743 5745 5717
f 5744 5746 5747
f 5746 2750 2748
f 5747 2748 2745
f 5746 2748 5747
f 5718 5748 5720
f 5748 2745 2743
f 5720 2743 2739
f 5748 2743 5720
f 5744 5747 5745
f 5747 2745 5748
f 5745 5748 5718
f 5747 5748 5745
f 5729 5735 5730
f 5735 5738 5749
f 5730 5749 5731
f 5735 5749 5730
f 5738 5742 5750
f 5742 2750 5746
f 5750 5746 5744
f 5742 5746 5750
f 5731 5751 5733
f 5751 5744 5743
f 5733 5743 5711
f 5751 5743 5733
f 5738 5750 5749
f 5750 5744 5751
f 5749 5751 5731
f 5750 5751 5749
f 677 675 5724
f 675 672 5752
f 5724 5752 5725
f 675 5752 5724
f 672 670 5753
f 670 663 5754
f 5753 5754 5755
f 670 5754 5753
f 5725 5756 5727
f 5756 5755 5757
f 5727 5757 5729
f 5756 5757 5727
f 672 5753 5752
f 5753 5755 5756
f 5752 5756 5725
f 5753 5756 5752
f 663 661 5758
f 661 658 5759
f 5758 5759 5760
f 661 5759 5758
f 658 656 5761
f 656 655 5762
f 5761 5762 5763
f 656 5762 5761
f 5760 5764 5765
f 5764 5763 5766
f 5765 5766 5767
f 5764 5766 5765
f 658 5761 5759
f 5761 5763 5764
f 5759 5764 5760
f 5761 5764 5759
f 5729 5768 5734
f 5768 5769 5770
f 5734 5770 5736
f 5768 5770 5734
f 5769 5771 5772
f 5771 5767 5773
f 5772 5773 5774
f 5771 5773 5772
f 5736 5775 5739
f 5775 5774 5776
f 5739 5776 2764
f 5775 5776 5739
f 5769 5772 5770
f 5772 5774 5775
f 5770 5775 5736
f 5772 5775 5770
f 663 5758 5754
f 5758 5760 5777
f 5754 5777 5755
f 5758 5777 5754
f 5760 5765 5778
f 5765 5767 5771
f 5778 5771 5769
f 5765 5771 5778
f 5755 5779 5757
f 5779 5769 5768
f 5757 5768 5729
f 5779 5768 5757
f 5760 5778 5777
f 5778 5769 5779
f 5777 5779 5755
f 5778 5779 5777
f 655 5780 5762
f 5780 5781 5782
f 5762 5782 5763
f 5780 5782 5762
f 5781 5783 5784
f 5783 5785 5786
f 5784 5786 5787
f 5783 5786 5784
f 5763 5788 5766
f 5788 5787 5789
f 5766 5789 5767
f 5788 5789 5766
f 5781 5784 5782
f 5784 5787 5788
f 5782 5788 5763
f 5784 5788 5782
f 5785 5790 5791
f 5790 5792 5793
f 5791 5793 5794
f 5790 5793 5791
f 5792 5795 5796
f 5795 2783 2782
f 5796 2782 2779
f 5795 2782 5796
f 5794 5797 5798
f 5797 2779 2778
f 5798 2778 2770
f 5797 2778 5798
f 5792 5796 5793
f 5796 2779 5797
f 5793 5797 5794
f 5796 5797 5793
f 5767 5799 5773
f 5799 5800 5801
f 5773 5801 5774
f 5799 5801 5773
f 5800 5802 5803
f 5802 2770 2769
f 5803 2769 2766
f 5802 2769 5803
f 5774 5804 5776
f 5804 2766 2765
f 5776 2765 2764
f 5804 2765 5776
f 5800 5803 5801
f 5803 2766 5804
f 5801 5804 5774
f 5803 5804 5801
f 5785 5791 5786
f 5791 5794 5805
f 5786 5805 5787
f 5791 5805 5786
f 5794 5798 5806
f 5798 2770 5802
f 5806 5802 5800
f 5798 5802 5806
f 5787 5807 5789
f 5807 5800 5799
f 5789 5799 5767
f 5807 5799 5789
f 5794 5806 5805
f 5806 5800 5807
f 5805 5807 5787
f 5806 5807 5805
f 655 739 5780
f 739 736 5808
f 5780 5808 5781
f 739 5808 5780
f 736 735 5809
f 735 727 5810
f 5809 5810 5811
f 735 5810 5809
f 5781 5812 5783
f 5812 5811 5813
f 5783 5813 5785
f 5812 5813 5783
f 736 5809 5808
f 5809 5811 5812
f 5808 5812 5781
f 5809 5812 5808
f 727 726 5814
f 726 723 5815
f 5814 5815 5816
f 726 5815 5814
f 723 722 5817
f 722 721 5818
f 5817 5818 5819
f 722 5818 5817
f 5816 5820 5821
f 5820 5819 5822
f 5821 5822 5823
f 5820 5822 5821
f 723 5817 5815
f 5817 5819 5820
f 5815 5820 5816
f 5817 5820 5815
f 5785 5824 5790
f 5824 5825 5826
f 5790 5826 5792
f 5824 5826 5790
f 5825 5827 5828
f 5827 5823 5829
f 5828 5829 5830
f 5827 5829 5828
f 5792 5831 5795
f 5831 5830 5832
f 5795 5832 2783
f 5831 5832 5795
f 5825 5828 5826
f 5828 5830 5831
f 5826 5831 5792
f 5828 5831 5826
f 727 5814 5810
f 5814 5816 5833
f 5810 5833 5811
f 5814 5833 5810
f 5816 5821 5834
f 5821 5823 5827
f 5834 5827 5825
f 5821 5827 5834
f 5811 5835 5813
f 5835 5825 5824
f 5813 5824 5785
f 5835 5824 5813
f 5816 5834 5833
f 5834 5825 5835
f 5833 5835 5811
f 5834 5835 5833
f 721 5836 5818
f 5836 5837 5838
f 5818 5838 5819
f 5836 5838 5818
f 5837 5839 5840
f 5839 5841 5842
f 5840 5842 5843
f 5839 5842 5840
f 5819 5844 5822
f 5844 5843 5845
f 5822 5845 5823
f 5844 5845 5822
f 5837 5840 5838
f 5840 5843 5844
f 5838 5844 5819
f 5840 5844 5838
f 5841 5846 5847
f 5846 5848 5849
f 5847 5849 5850
f 5846 5849 5847
f 5848 5851 5852
f 5851 2808 2806
f 5852 2806 2803
f 5851 2806 5852
f 5850 5853 5854
f 5853 2803 2801
f 5854 2801 2794
f 5853 2801 5854
f 5848 5852 5849
f 5852 2803 5853
f 5849 5853 5850
f 5852 5853 5849
f 5823 5855 5829
f 5855 5856 5857
f 5829 5857 5830
f 5855 5857 5829
f 5856 5858 5859
f 5858 2794 2792
f 5859 2792 2789
f 5858 2792 5859
f 5830 5860 5832
f 5860 2789 2787
f 5832 2787 2783
f 5860 2787 5832
f 5856 5859 5857
f 5859 2789 5860
f 5857 5860 5830
f 5859 5860 5857
f 5841 5847 5842
f 5847 5850 5861
f 5842 5861 5843
f 5847 5861 5842
f 5850 5854 5862
f 5854 2794 5858
f 5862 5858 5856
f 5854 5858 5862
f 5843 5863 5845
f 5863 5856 5855
f 5845 5855 5823
f 5863 5855 5845
f 5850 5862 5861
f 5862 5856 5863
f 5861 5863 5843
f 5862 5863 5861
f 721 719 5836
f 719 716 5864
f 5836 5864 5837
f 719 5864 5836
f 716 714 5865
f 714 707 5866
f 5865 5866 5867
f 714 5866 5865
f 5837 5868 5839
f 5868 5867 5869
f 5839 5869 5841
f 5868 5869 5839
f 716 5865 5864
f 5865 5867 5868
f 5864 5868 5837
f 5865 5868 5864
f 707 705 5870
f 705 702 5871
f 5870 5871 5872
f 705 5871 5870
f 702 700 5873
f 700 699 5874
f 5873 5874 5875
f 700 5874 5873
f 5872 5876 5877
f 5876 5875 5878
f 5877 5878 5879
f 5876 5878 5877
f 702 5873 5871
f 5873 5875 5876
f 5871 5876 5872
f 5873 5876 5871
f 5841 5880 5846
f 5880 5881 5882
f 5846 5882 5848
f 5880 5882 5846
f 5881 5883 5884
f 5883 5879 5885
f 5884 5885 5886
f 5883 5885 5884
f 5848 5887 5851
f 5887 5886 5888
f 5851 5888 2808
f 5887 5888 5851
f 5881 5884 5882
f 5884 5886 5887
f 5882 5887 5848
f 5884 5887 5882
f 707 5870 5866
f 5870 5872 5889
f 5866 5889 5867
f 5870 5889 5866
f 5872 5877 5890
f 5877 5879 5883
f 5890 5883 5881
f 5877 5883 5890
f 5867 5891 5869
f 5891 5881 5880
f 5869 5880 5841
f 5891 5880 5869
f 5872 5890 5889
f 5890 5881 5891
f 5889 5891 5867
f 5890 5891 5889
f 699 5892 5874
f 5892 5893 5894
f 5874 5894 5875
f 5892 5894 5874
f 5893 5895 5896
f 5895 5897 5898
f 5896 5898 5899
f 5895 5898 5896
f 5875 5900 5878
f 5900 5899 5901
f 5878 5901 5879
f 5900 5901 5878
f 5893 5896 5894
f 5896 5899 5900
f 5894 5900 5875
f 5896 5900 5894
f 5897 5902 5903
f 5902 5904 5905
f 5903 5905 5906
f 5902 5905 5903
f 5904 5907 5908
f 5907 2827 2826
f 5908 2826 2823
f 5907 2826 5908
f 5906 5909 5910
f 5909 2823 2822
f 5910 2822 2814
f 5909 2822 5910
f 5904 5908 5905
f 5908 2823 5909
f 5905 5909 5906
f 5908 5909 5905
f 5879 5911 5885
f 5911 5912 5913
f 5885 5913 5886
f 5911 5913 5885
f 5912 5914 5915
f 5914 2814 2813
f 5915 2813 2810
f 5914 2813 5915
f 5886 5916 5888
f 5916 2810 2809
f 5888 2809 2808
f 5916 2809 5888
f 5912 5915 5913
f 5915 2810 5916
f 5913 5916 5886
f 5915 5916 5913
f 5897 5903 5898
f 5903 5906 5917
f 5898 5917 5899
f 5903 5917 5898
f 5906 5910 5918
f 5910 2814 5914
f 5918 5914 5912
f 5910 5914 5918
f 5899 5919 5901
f 5919 5912 5911
f 5901 5911 5879
f 5919 5911 5901
f 5906 5918 5917
f 5918 5912 5919
f 5917 5919 5899
f 5918 5919 5917
f 699 783 5892
f 783 780 5920
f 5892 5920 5893
f 783 5920 5892
f 780 779 5921
f 779 771 5922
f 5921 5922 5923
f 779 5922 5921
f 5893 5924 5895
f 5924 5923 5925
f 5895 5925 5897
f 5924 5925 5895
f 780 5921 5920
f 5921 5923 5924
f 5920 5924 5893
f 5921 5924 5920
f 771 770 5926
f 770 767 5927
f 5926 5927 5928
f 770 5927 5926
f 767 766 5929
f 766 765 5930
f 5929 5930 5931
f 766 5930 5929
f 5928 5932 5933
f 5932 5931 5934
f 5933 5934 5935
f 5932 5934 5933
f 767 5929 5927
f 5929 5931 5932
f 5927 5932 5928
f 5929 5932 5927
f 5897 5936 5902
f 5936 5937 5938
f 5902 5938 5904
f 5936 5938 5902
f 5937 5939 5940
f 5939 5935 5941
f 5940 5941 5942
f 5939 5941 5940
f 5904 5943 5907
f 5943 5942 5944
f 5907 5944 2827
f 5943 5944 5907
f 5937 5940 5938
f 5940 5942 5943
f 5938 5943 5904
f 5940 5943 5938
f 771 5926 5922
f 5926 5928 5945
f 5922 5945 5923
f 5926 5945 5922
f 5928 5933 5946
f 5933 5935 5939
f 5946 5939 5937
f 5933 5939 5946
f 5923 5947 5925
f 5947 5937 5936
f 5925 5936 5897
f 5947 5936 5925
f 5928 5946 5945
f 5946 5937 5947
f 5945 5947 5923
f 5946 5947 5945
f 765 5948 5930
f 5948 5949 5950
f 5930 5950 5931
f 5948 5950 5930
f 5949 5951 5952
f 5951 5953 5954
f 5952 5954 5955
f 5951 5954 5952
f 5931 5956 5934
f 5956 5955 5957
f 5934 5957 5935
f 5956 5957 5934
f 5949 5952 5950
f 5952 5955 5956
f 5950 5956 5931
f 5952 5956 5950
f 5953 5958 5959
f 5958 5960 5961
f 5959 5961 5962
f 5958 5961 5959
f 5960 5963 5964
f 5963 2852 2850
f 5964 2850 2847
f 5963 2850 5964
f 5962 5965 5966
f 5965 2847 2845
f 5966 2845 2838
f 5965 2845 5966
f 5960 5964 5961
f 5964 2847 5965
f 5961 5965 5962
f 5964 5965 5961
f 5935 5967 5941
f 5967 5968 5969
f 5941 5969 5942
f 5967 5969 5941
f 5968 5970 5971
f 5970 2838 2836
f 5971 2836 2833
f 5970 2836 5971
f 5942 5972 5944
f 5972 2833 2831
f 5944 2831 2827
f 5972 2831 5944
f 5968 5971 5969
f 5971 2833 5972
f 5969 5972 5942
f 5971 5972 5969
f 5953 5959 5954
f 5959 5962 5973
f 5954 5973 5955
f 5959 5973 5954
f 5962 5966 5974
f 5966 2838 5970
f 5974 5970 5968
f 5966 5970 5974
f 5955 5975 5957
f 5975 5968 5967
f 5957 5967 5935
f 5975 5967 5957
f 5962 5974 5973
f 5974 5968 5975
f 5973 5975 5955
f 5974 5975 5973
f 765 763 5948
f 763 760 5976
f 5948 5976 5949
f 763 5976 5948
f 760 758 5977
f 758 751 5978
f 5977 5978 5979
f 758 5978 5977
f 5949 5980 5951
f 5980 5979 5981
f 5951 5981 5953
f 5980 5981 5951
f 760 5977 5976
f 5977 5979 5980
f 5976 5980 5949
f 5977 5980 5976
f 751 749 5982
f 749 746 5983
f 5982 5983 5984
f 749 5983 5982
f 746 744 5985
f 744 743 5986
f 5985 5986 5987
f 744 5986 5985
f 5984 5988 5989
f 5988 5987 5990
f 5989 5990 5991
f 5988 5990 5989
f 746 5985 5983
f 5985 5987 5988
f 5983 5988 5984
f 5985 5988 5983
f 5953 5992 5958
f 5992 5993 5994
f 5958 5994 5960
f 5992 5994 5958
f 5993 5995 5996
f 5995 5991 5997
f 5996 5997 5998
f 5995 5997 5996
f 5960 5999 5963
f 5999 5998 6000
f 5963 6000 2852
f 5999 6000 5963
f 5993 5996 5994
f 5996 5998 5999
f 5994 5999 5960
f 5996 5999 5994
f 751 5982 5978
f 5982 5984 6001
f 5978 6001 5979
f 5982 6001 5978
f 5984 5989 6002
f 5989 5991 5995
f 6002 5995 5993
f 5989 5995 6002
f 5979 6003 5981
f 6003 5993 5992
f 5981 5992 5953
f 6003 5992 5981
f 5984 6002 6001
f 6002 5993 6003
f 6001 6003 5979
f 6002 6003 6001
f 743 6004 5986
f 6004 6005 6006
f 5986 6006 5987
f 6004 6006 5986
f 6005 6007 6008
f 6007 6009 6010
f 6008 6010 6011
f 6007 6010 6008
f 5987 6012 5990
f 6012 6011 6013
f 5990 6013 5991
f 6012 6013 5990
f 6005 6008 6006
f 6008 6011 6012
f 6006 6012 5987
f 6008 6012 6006
f 6009 6014 6015
f 6014 6016 6017
f 6015 6017 6018
f 6014 6017 6015
f 6016 6019 6020
f 6019 2871 2870
f 6020 2870 2867
f 6019 2870 6020
f 6018 6021 6022
f 6021 2867 2866
f 6022 2866 2858
f 6021 2866 6022
f 6016 6020 6017
f 6020 2867 6021
f 6017 6021 6018
f 6020 6021 6017
f 5991 6023 5997
f 6023 6024 6025
f 5997 6025 5998
f 6023 6025 5997
f 6024 6026 6027
f 6026 2858 2857
f 6027 2857 2854
f 6026 2857 6027
f 5998 6028 6000
f 6028 2854 2853
f 6000 2853 2852
f 6028 2853 6000
f 6024 6027 6025
f 6027 2854 6028
f 6025 6028 5998
f 6027 6028 6025
f 6009 6015 6010
f 6015 6018 6029
f 6010 6029 6011
f 6015 6029 6010
f 6018 6022 6030
f 6022 2858 6026
f 6030 6026 6024
f 6022 6026 6030
f 6011 6031 6013
f 6031 6024 6023
f 6013 6023 5991
f 6031 6023 6013
f 6018 6030 6029
f 6030 6024 6031
f 6029 6031 6011
f 6030 6031 6029
f 743 827 6004
f 827 824 6032
f 6004 6032 6005
f 827 6032 6004
f 824 823 6033
f 823 815 6034
f 6033 6034 6035
f 823 6034 6033
f 6005 6036 6007
f 6036 6035 6037
f 6007 6037 6009
f 6036 6037 6007
f 824 6033 6032
f 6033 6035 6036
f 6032 6036 6005
f 6033 6036 6032
f 815 814 6038
f 814 811 6039
f 6038 6039 6040
f 814 6039 6038
f 811 810 6041
f 810 809 6042
f 6041 6042 6043
f 810 6042 6041
f 6040 6044 6045
f 6044 6043 6046
f 6045 6046 6047
f 6044 6046 6045
f 811 6041 6039
f 6041 6043 6044
f 6039 6044 6040
f 6041 6044 6039
f 6009 6048 6014
f 6048 6049 6050
f 6014 6050 6016
f 6048 6050 6014
f 6049 6051 6052
f 6051 6047 6053
f 6052 6053 6054
f 6051 6053 6052
f 6016 6055 6019
f 6055 6054 6056
f 6019 6056 2871
f 6055 6056 6019
f 6049 6052 6050
f 6052 6054 6055
f 6050 6055 6016
f 6052 6055 6050
f 815 6038 6034
f 6038 6040 6057
f 6034 6057 6035
f 6038 6057 6034
f 6040 6045 6058
f 6045 6047 6051
f 6058 6051 6049
f 6045 6051 6058
f 6035 6059 6037
f 6059 6049 6048
f 6037 6048 6009
f 6059 6048 6037
f 6040 6058 6057
f 6058 6049 6059
f 6057 6059 6035
f 6058 6059 6057
f 809 6060 6042
f 6060 6061 6062
f 6042 6062 6043
f 6060 6062 6042
f 6061 6063 6064
f 6063 6065 6066
f 6064 6066 6067
f 6063 6066 6064
f 6043 6068 6046
f 6068 6067 6069
f 6046 6069 6047
f 6068 6069 6046
f 6061 6064 6062
f 6064 6067 6068
f 6062 6068 6043
f 6064 6068 6062
f 6065 6070 6071
f 6070 6072 6073
f 6071 6073 6074
f 6070 6073 6071
f 6072 6075 6076
f 6075 2896 2894
f 6076 2894 2891
f 6075 2894 6076
f 6074 6077 6078
f 6077 2891 2889
f 6078 2889 2882
f 6077 2889 6078
f 6072 6076 6073
f 6076 2891 6077
f 6073 6077 6074
f 6076 6077 6073
f 6047 6079 6053
f 6079 6080 6081
f 6053 6081 6054
f 6079 6081 6053
f 6080 6082 6083
f 6082 2882 2880
f 6083 2880 2877
f 6082 2880 6083
f 6054 6084 6056
f 6084 2877 2875
f 6056 2875 2871
f 6084 2875 6056
f 6080 6083 6081
f 6083 2877 6084
f 6081 6084 6054
f 6083 6084 6081
f 6065 6071 6066
f 6071 6074 6085
f 6066 6085 6067
f 6071 6085 6066
f 6074 6078 6086
f 6078 2882 6082
f 6086 6082 6080
f 6078 6082 6086
f 6067 6087 6069
f 6087 6080 6079
f 6069 6079 6047
f 6087 6079 6069
f 6074 6086 6085
f 6086 6080 6087
f 6085 6087 6067
f 6086 6087 6085
f 809 807 6060
f 807 804 6088
f 6060 6088 6061
f 807 6088 6060
f 804 802 6089
f 802 795 6090
f 6089 6090 6091
f 802 6090 6089
f 6061 6092 6063
f 6092 6091 6093
f 6063 6093 6065
f 6092 6093 6063
f 804 6089 6088
f 6089 6091 6092
f 6088 6092 6061
f 6089 6092 6088
f 795 793 6094
f 793 790 6095
f 6094 6095 6096
f 793 6095 6094
f 790 788 6097
f 788 787 6098
f 6097 6098 6099
f 788 6098 6097
f 6096 6100 6101
f 6100 6099 6102
f 6101 6102 6103
f 6100 6102 6101
f 790 6097 6095
f 6097 6099 6100
f 6095 6100 6096
f 6097 6100 6095
f 6065 6104 6070
f 6104 6105 6106
f 6070 6106 6072
f 6104 6106 6070
f 6105 6107 6108
f 6107 6103 6109
f 6108 6109 6110
f 6107 6109 6108
f 6072 6111 6075
f 6111 6110 6112
f 6075 6112 2896
f 6111 6112 6075
f 6105 6108 6106
f 6108 6110 6111
f 6106 6111 6072
f 6108 6111 6106
f 795 6094 6090
f 6094 6096 6113
f 6090 6113 6091
f 6094 6113 6090
f 6096 6101 6114
f 6101 6103 6107
f 6114 6107 6105
f 6101 6107 6114
f 6091 6115 6093
f 6115 6105 6104
f 6093 6104 6065
f 6115 6104 6093
f 6096 6114 6113
f 6114 6105 6115
f 6113 6115 6091
f 6114 6115 6113
f 787 6116 6098
f 6116 6117 6118
f 6098 6118 6099
f 6116 6118 6098
f 6117 6119 6120
f 6119 6121 6122
f 6120 6122 6123
f 6119 6122 6120
f 6099 6124 6102
f 6124 6123 6125
f 6102 6125 6103
f 6124 6125 6102
f 6117 6120 6118
f 6120 6123 6124
f 6118 6124 6099
f 6120 6124 6118
f 6121 6126 6127
f 6126 6128 6129
f 6127 6129 6130
f 6126 6129 6127
f 6128 6131 6132
f 6131 2915 2914
f 6132 2914 2911
f 6131 2914 6132
f 6130 6133 6134
f 6133 2911 2910
f 6134 2910 2902
f 6133 2910 6134
f 6128 6132 6129
f 6132 2911 6133
f 6129 6133 6130
f 6132 6133 6129
f 6103 6135 6109
f 6135 6136 6137
f 6109 6137 6110
f 6135 6137 6109
f 6136 6138 6139
f 6138 2902 2901
f 6139 2901 2898
f 6138 2901 6139
f 6110 6140 6112
f 6140 2898 2897
f 6112 2897 2896
f 6140 2897 6112
f 6136 6139 6137
f 6139 2898 6140
f 6137 6140 6110
f 6139 6140 6137
f 6121 6127 6122
f 6127 6130 6141
f 6122 6141 6123
f 6127 6141 6122
f 6130 6134 6142
f 6134 2902 6138
f 6142 6138 6136
f 6134 6138 6142
f 6123 6143 6125
f 6143 6136 6135
f 6125 6135 6103
f 6143 6135 6125
f 6130 6142 6141
f 6142 6136 6143
f 6141 6143 6123
f 6142 6143 6141
f 787 871 6116
f 871 868 6144
f 6116 6144 6117
f 871 6144 6116
f 868 867 6145
f 867 859 6146
f 6145 6146 6147
f 867 6146 6145
f 6117 6148 6119
f 6148 6147 6149
f 6119 6149 6121
f 6148 6149 6119
f 868 6145 6144
f 6145 6147 6148
f 6144 6148 6117
f 6145 6148 6144
f 859 858 6150
f 858 855 6151
f 6150 6151 6152
f 858 6151 6150
f 855 854 6153
f 854 853 6154
f 6153 6154 6155
f 854 6154 6153
f 6152 6156 6157
f 6156 6155 6158
f 6157 6158 6159
f 6156 6158 6157
f 855 6153 6151
f 6153 6155 6156
f 6151 6156 6152
f 6153 6156 6151
f 6121 6160 6126
f 6160 6161 6162
f 6126 6162 6128
f 6160 6162 6126
f 6161 6163 6164
f 6163 6159 6165
f 6164 6165 6166
f 6163 6165 6164
f 6128 6167 6131
f 6167 6166 6168
f 6131 6168 2915
f 6167 6168 6131
f 6161 6164 6162
f 6164 6166 6167
f 6162 6167 6128
f 6164 6167 6162
f 859 6150 6146
f 6150 6152 6169
f 6146 6169 6147
f 6150 6169 6146
f 6152 6157 6170
f 6157 6159 6163
f 6170 6163 6161
f 6157 6163 6170
f 6147 6171 6149
f 6171 6161 6160
f 6149 6160 6121
f 6171 6160 6149
f 6152 6170 6169
f 6170 6161 6171
f 6169 6171 6147
f 6170 6171 6169
f 853 6172 6154
f 6172 6173 6174
f 6154 6174 6155
f 6172 6174 6154
f 6173 6175 6176
f 6175 6177 6178
f 6176 6178 6179
f 6175 6178 6176
f 6155 6180 6158
f 6180 6179 6181
f 6158 6181 6159
f 6180 6181 6158
f 6173 6176 6174
f 6176 6179 6180
f 6174 6180 6155
f 6176 6180 6174
f 6177 6182 6183
f 6182 6184 6185
f 6183 6185 6186
f 6182 6185 6183
f 6184 6187 6188
f 6187 2940 2938
f 6188 2938 2935
f 6187 2938 6188
f 6186 6189 6190
f 6189 2935 2933
f 6190 2933 2926
f 6189 2933 6190
f 6184 6188 6185
f 6188 2935 6189
f 6185 6189 6186
f 6188 6189 6185
f 6159 6191 6165
f 6191 6192 6193
f 6165 6193 6166
f 6191 6193 6165
f 6192 6194 6195
f 6194 2926 2924
f 6195 2924 2921
f 6194 2924 6195
f 6166 6196 6168
f 6196 2921 2919
f 6168 2919 2915
f 6196 2919 6168
f 6192 6195 6193
f 6195 2921 6196
f 6193 6196 6166
f 6195 6196 6193
f 6177 6183 6178
f 6183 6186 6197
f 6178 6197 6179
f 6183 6197 6178
f 6186 6190 6198
f 6190 2926 6194
f 6198 6194 6192
f 6190 6194 6198
f 6179 6199 6181
f 6199 6192 6191
f 6181 6191 6159
f 6199 6191 6181
f 6186 6198 6197
f 6198 6192 6199
f 6197 6199 6179
f 6198 6199 6197
f 853 851 6172
f 851 848 6200
f 6172 6200 6173
f 851 6200 6172
f 848 846 6201
f 846 839 6202
f 6201 6202 6203
f 846 6202 6201
f 6173 6204 6175
f 6204 6203 6205
f 6175 6205 6177
f 6204 6205 6175
f 848 6201 6200
f 6201 6203 6204
f 6200 6204 6173
f 6201 6204 6200
f 839 837 6206
f 837 834 6207
f 6206 6207 6208
f 837 6207 6206
f 834 832 6209
f 832 831 6210
f 6209 6210 6211
f 832 6210 6209
f 6208 6212 6213
f 6212 6211 6214
f 6213 6214 6215
f 6212 6214 6213
f 834 6209 6207
f 6209 6211 6212
f 6207 6212 6208
f 6209 6212 6207
f 6177 6216 6182
f 6216 6217 6218
f 6182 6218 6184
f 6216 6218 6182
f 6217 6219 6220
f 6219 6215 6221
f 6220 6221 6222
f 6219 6221 6220
f 6184 6223 6187
f 6223 6222 6224
f 6187 6224 2940
f 6223 6224 6187
f 6217 6220 6218
f 6220 6222 6223
f 6218 6223 6184
f 6220 6223 6218
f 839 6206 6202
f 6206 6208 6225
f 6202 6225 6203
f 6206 6225 6202
f 6208 6213 6226
f 6213 6215 6219
f 6226 6219 6217
f 6213 6219 6226
f 6203 6227 6205
f 6227 6217 6216
f 6205 6216 6177
f 6227 6216 6205
f 6208 6226 6225
f 6226 6217 6227
f 6225 6227 6203
f 6226 6227 6225
f 831 6228 6210
f 6228 6229 6230
f 6210 6230 6211
f 6228 6230 6210
f 6229 6231 6232
f 6231 6233 6234
f 6232 6234 6235
f 6231 6234 6232
f 6211 6236 6214
f 6236 6235 6237
f 6214 6237 6215
f 6236 6237 6214
f 6229 6232 6230
f 6232 6235 6236
f 6230 6236 6211
f 6232 6236 6230
f 6233 6238 6239
f 6238 6240 6241
f 6239 6241 6242
f 6238 6241 6239
f 6240 6243 6244
f 6243 2959 2958
f 6244 2958 2955
f 6243 2958 6244
f 6242 6245 6246
f 6245 2955 2954
f 6246 2954 2946
f 6245 2954 6246
f 6240 6244 6241
f 6244 2955 6245
f 6241 6245 6242
f 6244 6245 6241
f 6215 6247 6221
f 6247 6248 6249
f 6221 6249 6222
f 6247 6249 6221
f 6248 6250 6251
f 6250 2946 2945
f 6251 2945 2942
f 6250 2945 6251
f 6222 6252 6224
f 6252 2942 2941
f 6224 2941 2940
f 6252 2941 6224
f 6248 6251 6249
f 6251 2942 6252
f 6249 6252 6222
f 6251 6252 6249
f 6233 6239 6234
f 6239 6242 6253
f 6234 6253 6235
f 6239 6253 6234
f 6242 6246 6254
f 6246 2946 6250
f 6254 6250 6248
f 6246 6250 6254
f 6235 6255 6237
f 6255 6248 6247
f 6237 6247 6215
f 6255 6247 6237
f 6242 6254 6253
f 6254 6248 6255
f 6253 6255 6235
f 6254 6255 6253
f 831 915 6228
f 915 912 6256
f 6228 6256 6229
f 915 6256 6228
f 912 911 6257
f 911 903 6258
f 6257 6258 6259
f 911 6258 6257
f 6229 6260 6231
f 6260 6259 6261
f 6231 6261 6233
f 6260 6261 6231
f 912 6257 6256
f 6257 6259 6260
f 6256 6260 6229
f 6257 6260 6256
f 903 902 6262
f 902 899 6263
f 6262 6263 6264
f 902 6263 6262
f 899 898 6265
f 898 897 6266
f 6265 6266 6267
f 898 6266 6265
f 6264 6268 6269
f 6268 6267 6270
f 6269 6270 6271
f 6268 6270 6269
f 899 6265 6263
f 6265 6267 6268
f 6263 6268 6264
f 6265 6268 6263
f 6233 6272 6238
f 6272 6273 6274
f 6238 6274 6240
f 6272 6274 6238
f 6273 6275 6276
f 6275 6271 6277
f 6276 6277 6278
f 6275 6277 6276
f 6240 6279 6243
f 6279 6278 6280
f 6243 6280 2959
f 6279 6280 6243
f 6273 6276 6274
f 6276 6278 6279
f 6274 6279 6240
f 6276 6279 6274
f 903 6262 6258
f 6262 6264 6281
f 6258 6281 6259
f 6262 6281 6258
f 6264 6269 6282
f 6269 6271 6275
f 6282 6275 6273
f 6269 6275 6282
f 6259 6283 6261
f 6283 6273 6272
f 6261 6272 6233
f 6283 6272 6261
f 6264 6282 6281
f 6282 6273 6283
f 6281 6283 6259
f 6282 6283 6281
f 897 6284 6266
f 6284 6285 6286
f 6266 6286 6267
f 6284 6286 6266
f 6285 6287 6288
f 6287 6289 6290
f 6288 6290 6291
f 6287 6290 6288
f 6267 6292 6270
f 6292 6291 6293
f 6270 6293 6271
f 6292 6293 6270
f 6285 6288 6286
f 6288 6291 6292
f 6286 6292 6267
f 6288 6292 6286
f 6289 6294 6295
f 6294 6296 6297
f 6295 6297 6298
f 6294 6297 6295
f 6296 6299 6300
f 6299 2984 2982
f 6300 2982 2979
f 6299 2982 6300
f 6298 6301 6302
f 6301 2979 2977
f 6302 2977 2970
f 6301 2977 6302
f 6296 6300 6297
f 6300 2979 6301
f 6297 6301 6298
f 6300 6301 6297
f 6271 6303 6277
f 6303 6304 6305
f 6277 6305 6278
f 6303 6305 6277
f 6304 6306 6307
f 6306 2970 2968
f 6307 2968 2965
f 6306 2968 6307
f 6278 6308 6280
f 6308 2965 2963
f 6280 2963 2959
f 6308 2963 6280
f 6304 6307 6305
f 6307 2965 6308
f 6305 6308 6278
f 6307 6308 6305
f 6289 6295 6290
f 6295 6298 6309
f 6290 6309 6291
f 6295 6309 6290
f 6298 6302 6310
f 6302 2970 6306
f 6310 6306 6304
f 6302 6306 6310
f 6291 6311 6293
f 6311 6304 6303
f 6293 6303 6271
f 6311 6303 6293
f 6298 6310 6309
f 6310 6304 6311
f 6309 6311 6291
f 6310 6311 6309
f 897 895 6284
f 895 892 6312
f 6284 6312 6285
f 895 6312 6284
f 892 890 6313
f 890 883 6314
f 6313 6314 6315
f 890 6314 6313
f 6285 6316 6287
f 6316 6315 6317
f 6287 6317 6289
f 6316 6317 6287
f 892 6313 6312
f 6313 6315 6316
f 6312 6316 6285
f 6313 6316 6312
f 883 881 6318
f 881 878 6319
f 6318 6319 6320
f 881 6319 6318
f 878 876 6321
f 876 875 6322
f 6321 6322 6323
f 876 6322 6321
f 6320 6324 6325
f 6324 6323 6326
f 6325 6326 6327
f 6324 6326 6325
f 878 6321 6319
f 6321 6323 6324
f 6319 6324 6320
f 6321 6324 6319
f 6289 6328 6294
f 6328 6329 6330
f 6294 6330 6296
f 6328 6330 6294
f 6329 6331 6332
f 6331 6327 6333
f 6332 6333 6334
f 6331 6333 6332
f 6296 6335 6299
f 6335 6334 6336
f 6299 6336 2984
f 6335 6336 6299
f 6329 6332 6330
f 6332 6334 6335
f 6330 6335 6296
f 6332 6335 6330
f 883 6318 6314
f 6318 6320 6337
f 6314 6337 6315
f 6318 6337 6314
f 6320 6325 6338
f 6325 6327 6331
f 6338 6331 6329
f 6325 6331 6338
f 6315 6339 6317
f 6339 6329 6328
f 6317 6328 6289
f 6339 6328 6317
f 6320 6338 6337
f 6338 6329 6339
f 6337 6339 6315
f 6338 6339 6337
f 875 6340 6322
f 6340 6341 6342
f 6322 6342 6323
f 6340 6342 6322
f 6341 6343 6344
f 6343 6345 6346
f 6344 6346 6347
f 6343 6346 6344
f 6323 6348 6326
f 6348 6347 6349
f 6326 6349 6327
f 6348 6349 6326
f 6341 6344 6342
f 6344 6347 6348
f 6342 6348 6323
f 6344 6348 6342
f 6345 6350 6351
f 6350 6352 6353
f 6351 6353 6354
f 6350 6353 6351
f 6352 6355 6356
f 6355 3003 3002
f 6356 3002 2999
f 6355 3002 6356
f 6354 6357 6358
f 6357 2999 2998
f 6358 2998 2990
f 6357 2998 6358
f 6352 6356 6353
f 6356 2999 6357
f 6353 6357 6354
f 6356 6357 6353
f 6327 6359 6333
f 6359 6360 6361
f 6333 6361 6334
f 6359 6361 6333
f 6360 6362 6363
f 6362 2990 2989
f 6363 2989 2986
f 6362 2989 6363
f 6334 6364 6336
f 6364 2986 2985
f 6336 2985 2984
f 6364 2985 6336
f 6360 6363 6361
f 6363 2986 6364
f 6361 6364 6334
f 6363 6364 6361
f 6345 6351 6346
f 6351 6354 6365
f 6346 6365 6347
f 6351 6365 6346
f 6354 6358 6366
f 6358 2990 6362
f 6366 6362 6360
f 6358 6362 6366
f 6347 6367 6349
f 6367 6360 6359
f 6349 6359 6327
f 6367 6359 6349
f 6354 6366 6365
f 6366 6360 6367
f 6365 6367 6347
f 6366 6367 6365
f 875 959 6340
f 959 956 6368
f 6340 6368 6341
f 959 6368 6340
f 956 955 6369
f 955 947 6370
f 6369 6370 6371
f 955 6370 6369
f 6341 6372 6343
f 6372 6371 6373
f 6343 6373 6345
f 6372 6373 6343
f 956 6369 6368
f 6369 6371 6372
f 6368 6372 6341
f 6369 6372 6368
f 947 946 6374
f 946 943 6375
f 6374 6375 6376
f 946 6375 6374
f 943 942 6377
f 942 941 6378
f 6377 6378 6379
f 942 6378 6377
f 6376 6380 6381
f 6380 6379 6382
f 6381 6382 6383
f 6380 6382 6381
f 943 6377 6375
f 6377 6379 6380
f 6375 6380 6376
f 6377 6380 6375
f 6345 6384 6350
f 6384 6385 6386
f 6350 6386 6352
f 6384 6386 6350
f 6385 6387 6388
f 6387 6383 6389
f 6388 6389 6390
f 6387 6389 6388
f 6352 6391 6355
f 6391 6390 6392
f 6355 6392 3003
f 6391 6392 6355
f 6385 6388 6386
f 6388 6390 6391
f 6386 6391 6352
f 6388 6391 6386
f 947 6374 6370
f 6374 6376 6393
f 6370 6393 6371
f 6374 6393 6370
f 6376 6381 6394
f 6381 6383 6387
f 6394 6387 6385
f 6381 6387 6394
f 6371 6395 6373
f 6395 6385 6384
f 6373 6384 6345
f 6395 6384 6373
f 6376 6394 6393
f 6394 6385 6395
f 6393 6395 6371
f 6394 6395 6393
f 941 6396 6378
f 6396 6397 6398
f 6378 6398 6379
f 6396 6398 6378
f 6397 6399 6400
f 6399 6401 6402
f 6400 6402 6403
f 6399 6402 6400
f 6379 6404 6382
f 6404 6403 6405
f 6382 6405 6383
f 6404 6405 6382
f 6397 6400 6398
f 6400 6403 6404
f 6398 6404 6379
f 6400 6404 6398
f 6401 6406 6407
f 6406 6408 6409
f 6407 6409 6410
f 6406 6409 6407
f 6408 6411 6412
f 6411 3028 3026
f 6412 3026 3023
f 6411 3026 6412
f 6410 6413 6414
f 6413 3023 3021
f 6414 3021 3014
f 6413 3021 6414
f 6408 6412 6409
f 6412 3023 6413
f 6409 6413 6410
f 6412 6413 6409
f 6383 6415 6389
f 6415 6416 6417
f 6389 6417 6390
f 6415 6417 6389
f 6416 6418 6419
f 6418 3014 3012
f 6419 3012 3009
f 6418 3012 6419
f 6390 6420 6392
f 6420 3009 3007
f 6392 3007 3003
f 6420 3007 6392
f 6416 6419 6417
f 6419 3009 6420
f 6417 6420 6390
f 6419 6420 6417
f 6401 6407 6402
f 6407 6410 6421
f 6402 6421 6403
f 6407 6421 6402
f 6410 6414 6422
f 6414 3014 6418
f 6422 6418 6416
f 6414 6418 6422
f 6403 6423 6405
f 6423 6416 6415
f 6405 6415 6383
f 6423 6415 6405
f 6410 6422 6421
f 6422 6416 6423
f 6421 6423 6403
f 6422 6423 6421
f 941 939 6396
f 939 936 6424
f 6396 6424 6397
f 939 6424 6396
f 936 934 6425
f 934 927 6426
f 6425 6426 6427
f 934 6426 6425
f 6397 6428 6399
f 6428 6427 6429
f 6399 6429 6401
f 6428 6429 6399
f 936 6425 6424
f 6425 6427 6428
f 6424 6428 6397
f 6425 6428 6424
f 927 925 6430
f 925 922 6431
f 6430 6431 6432
f 925 6431 6430
f 922 920 6433
f 920 919 6434
f 6433 6434 6435
f 920 6434 6433
f 6432 6436 6437
f 6436 6435 6438
f 6437 6438 6439
f 6436 6438 6437
f 922 6433 6431
f 6433 6435 6436
f 6431 6436 6432
f 6433 6436 6431
f 6401 6440 6406
f 6440 6441 6442
f 6406 6442 6408
f 6440 6442 6406
f 6441 6443 6444
f 6443 6439 6445
f 6444 6445 6446
f 6443 6445 6444
f 6408 6447 6411
f 6447 6446 6448
f 6411 6448 3028
f 6447 6448 6411
f 6441 6444 6442
f 6444 6446 6447
f 6442 6447 6408
f 6444 6447 6442
f 927 6430 6426
f 6430 6432 6449
f 6426 6449 6427
f 6430 6449 6426
f 6432 6437 6450
f 6437 6439 6443
f 6450 6443 6441
f 6437 6443 6450
f 6427 6451 6429
f 6451 6441 6440
f 6429 6440 6401
f 6451 6440 6429
f 6432 6450 6449
f 6450 6441 6451
f 6449 6451 6427
f 6450 6451 6449
f 919 6452 6434
f 6452 6453 6454
f 6434 6454 6435
f 6452 6454 6434
f 6453 6455 6456
f 6455 6457 6458
f 6456 6458 6459
f 6455 6458 6456
f 6435 6460 6438
f 6460 6459 6461
f 6438 6461 6439
f 6460 6461 6438
f 6453 6456 6454
f 6456 6459 6460
f 6454 6460 6435
f 6456 6460 6454
f 6457 6462 6463
f 6462 6464 6465
f 6463 6465 6466
f 6462 6465 6463
f 6464 6467 6468
f 6467 3047 3046
f 6468 3046 3043
f 6467 3046 6468
f 6466 6469 6470
f 6469 3043 3042
f 6470 3042 3034
f 6469 3042 6470
f 6464 6468 6465
f 6468 3043 6469
f 6465 6469 6466
f 6468 6469 6465
f 6439 6471 6445
f 6471 6472 6473
f 6445 6473 6446
f 6471 6473 6445
f 6472 6474 6475
f 6474 3034 3033
f 6475 3033 3030
f 6474 3033 6475
f 6446 6476 6448
f 6476 3030 3029
f 6448 3029 3028
f 6476 3029 6448
f 6472 6475 6473
f 6475 3030 6476
f 6473 6476 6446
f 6475 6476 6473
f 6457 6463 6458
f 6463 6466 6477
f 6458 6477 6459
f 6463 6477 6458
f 6466 6470 6478
f 6470 3034 6474
f 6478 6474 6472
f 6470 6474 6478
f 6459 6479 6461
f 6479 6472 6471
f 6461 6471 6439
f 6479 6471 6461
f 6466 6478 6477
f 6478 6472 6479
f 6477 6479 6459
f 6478 6479 6477
f 919 1003 6452
f 1003 1000 6480
f 6452 6480 6453
f 1003 6480 6452
f 1000 999 6481
f 999 991 6482
f 6481 6482 6483
f 999 6482 6481
f 6453 6484 6455
f 6484 6483 6485
f 6455 6485 6457
f 6484 6485 6455
f 1000 6481 6480
f 6481 6483 6484
f 6480 6484 6453
f 6481 6484 6480
f 991 990 6486
f 990 987 6487
f 6486 6487 6488
f 990 6487 6486
f 987 986 6489
f 986 985 6490
f 6489 6490 6491
f 986 6490 6489
f 6488 6492 6493
f 6492 6491 6494
f 6493 6494 6495
f 6492 6494 6493
f 987 6489 6487
f 6489 6491 6492
f 6487 6492 6488
f 6489 6492 6487
f 6457 6496 6462
f 6496 6497 6498
f 6462 6498 6464
f 6496 6498 6462
f 6497 6499 6500
f 6499 6495 6501
f 6500 6501 6502
f 6499 6501 6500
f 6464 6503 6467
f 6503 6502 6504
f 6467 6504 3047
f 6503 6504 6467
f 6497 6500 6498
f 6500 6502 6503
f 6498 6503 6464
f 6500 6503 6498
f 991 6486 6482
f 6486 6488 6505
f 6482 6505 6483
f 6486 6505 6482
f 6488 6493 6506
f 6493 6495 6499
f 6506 6499 6497
f 6493 6499 6506
f 6483 6507 6485
f 6507 6497 6496
f 6485 6496 6457
f 6507 6496 6485
f 6488 6506 6505
f 6506 6497 6507
f 6505 6507 6483
f 6506 6507 6505
f 985 6508 6490
f 6508 6509 6510
f 6490 6510 6491
f 6508 6510 6490
f 6509 6511 6512
f 6511 6513 6514
f 6512 6514 6515
f 6511 6514 6512
f 6491 6516 6494
f 6516 6515 6517
f 6494 6517 6495
f 6516 6517 6494
f 6509 6512 6510
f 6512 6515 6516
f 6510 6516 6491
f 6512 6516 6510
f 6513 6518 6519
f 6518 6520 6521
f 6519 6521 6522
f 6518 6521 6519
f 6520 6523 6524
f 6523 3072 3070
f 6524 3070 3067
f 6523 3070 6524
f 6522 6525 6526
f 6525 3067 3065
f 6526 3065 3058
f 6525 3065 6526
f 6520 6524 6521
f 6524 3067 6525
f 6521 6525 6522
f 6524 6525 6521
f 6495 6527 6501
f 6527 6528 6529
f 6501 6529 6502
f 6527 6529 6501
f 6528 6530 6531
f 6530 3058 3056
f 6531 3056 3053
f 6530 3056 6531
f 6502 6532 6504
f 6532 3053 3051
f 6504 3051 3047
f 6532 3051 6504
f 6528 6531 6529
f 6531 3053 6532
f 6529 6532 6502
f 6531 6532 6529
f 6513 6519 6514
f 6519 6522 6533
f 6514 6533 6515
f 6519 6533 6514
f 6522 6526 6534
f 6526 3058 6530
f 6534 6530 6528
f 6526 6530 6534
f 6515 6535 6517
f 6535 6528 6527
f 6517 6527 6495
f 6535 6527 6517
f 6522 6534 6533
f 6534 6528 6535
f 6533 6535 6515
f 6534 6535 6533
f 985 983 6508
f 983 980 6536
f 6508 6536 6509
f 983 6536 6508
f 980 978 6537
f 978 971 6538
f 6537 6538 6539
f 978 6538 6537
f 6509 6540 6511
f 6540 6539 6541
f 6511 6541 6513
f 6540 6541 6511
f 980 6537 6536
f 6537 6539 6540
f 6536 6540 6509
f 6537 6540 6536
f 971 969 6542
f 969 966 6543
f 6542 6543 6544
f 969 6543 6542
f 966 964 6545
f 964 963 6546
f 6545 6546 6547
f 964 6546 6545
f 6544 6548 6549
f 6548 6547 6550
f 6549 6550 6551
f 6548 6550 6549
f 966 6545 6543
f 6545 6547 6548
f 6543 6548 6544
f 6545 6548 6543
f 6513 6552 6518
f 6552 6553 6554
f 6518 6554 6520
f 6552 6554 6518
f 6553 6555 6556
f 6555 6551 6557
f 6556 6557 6558
f 6555 6557 6556
f 6520 6559 6523
f 6559 6558 6560
f 6523 6560 3072
f 6559 6560 6523
f 6553 6556 6554
f 6556 6558 6559
f 6554 6559 6520
f 6556 6559 6554
f 971 6542 6538
f 6542 6544 6561
f 6538 6561 6539
f 6542 6561 6538
f 6544 6549 6562
f 6549 6551 6555
f 6562 6555 6553
f 6549 6555 6562
f 6539 6563 6541
f 6563 6553 6552
f 6541 6552 6513
f 6563 6552 6541
f 6544 6562 6561
f 6562 6553 6563
f 6561 6563 6539
f 6562 6563 6561
f 963 6564 6546
f 6564 6565 6566
f 6546 6566 6547
f 6564 6566 6546
f 6565 6567 6568
f 6567 6569 6570
f 6568 6570 6571
f 6567 6570 6568
f 6547 6572 6550
f 6572 6571 6573
f 6550 6573 6551
f 6572 6573 6550
f 6565 6568 6566
f 6568 6571 6572
f 6566 6572 6547
f 6568 6572 6566
f 6569 6574 6575
f 6574 6576 6577
f 6575 6577 6578
f 6574 6577 6575
f 6576 6579 6580
f 6579 3091 3090
f 6580 3090 3087
f 6579 3090 6580
f 6578 6581 6582
f 6581 3087 3086
f 6582 3086 3078
f 6581 3086 6582
f 6576 6580 6577
f 6580 3087 6581
f 6577 6581 6578
f 6580 6581 6577
f 6551 6583 6557
f 6583 6584 6585
f 6557 6585 6558
f 6583 6585 6557
f 6584 6586 6587
f 6586 3078 3077
f 6587 3077 3074
f 6586 3077 6587
f 6558 6588 6560
f 6588 3074 3073
f 6560 3073 3072
f 6588 3073 6560
f 6584 6587 6585
f 6587 3074 6588
f 6585 6588 6558
f 6587 6588 6585
f 6569 6575 6570
f 6575 6578 6589
f 6570 6589 6571
f 6575 6589 6570
f 6578 6582 6590
f 6582 3078 6586
f 6590 6586 6584
f 6582 6586 6590
f 6571 6591 6573
f 6591 6584 6583
f 6573 6583 6551
f 6591 6583 6573
f 6578 6590 6589
f 6590 6584 6591
f 6589 6591 6571
f 6590 6591 6589
f 963 1047 6564
f 1047 1044 6592
f 6564 6592 6565
f 1047 6592 6564
f 1044 1043 6593
f 1043 1035 6594
f 6593 6594 6595
f 1043 6594 6593
f 6565 6596 6567
f 6596 6595 6597
f 6567 6597 6569
f 6596 6597 6567
f 1044 6593 6592
f 6593 6595 6596
f 6592 6596 6565
f 6593 6596 6592
f 1035 1034 6598
f 1034 1031 6599
f 6598 6599 6600
f 1034 6599 6598
f 1031 1030 6601
f 1030 1029 6602
f 6601 6602 6603
f 1030 6602 6601
f 6600 6604 6605
f 6604 6603 6606
f 6605 6606 6607
f 6604 6606 6605
f 1031 6601 6599
f 6601 6603 6604
f 6599 6604 6600
f 6601 6604 6599
f 6569 6608 6574
f 6608 6609 6610
f 6574 6610 6576
f 6608 6610 6574
f 6609 6611 6612
f 6611 6607 6613
f 6612 6613 6614
f 6611 6613 6612
f 6576 6615 6579
f 6615 6614 6616
f 6579 6616 3091
f 6615 6616 6579
f 6609 6612 6610
f 6612 6614 6615
f 6610 6615 6576
f 6612 6615 6610
f 1035 6598 6594
f 6598 6600 6617
f 6594 6617 6595
f 6598 6617 6594
f 6600 6605 6618
f 6605 6607 6611
f 6618 6611 6609
f 6605 6611 6618
f 6595 6619 6597
f 6619 6609 6608
f 6597 6608 6569
f 6619 6608 6597
f 6600 6618 6617
f 6618 6609 6619
f 6617 6619 6595
f 6618 6619 6617
f 1029 6620 6602
f 6620 6621 6622
f 6602 6622 6603
f 6620 6622 6602
f 6621 6623 6624
f 6623 6625 6626
f 6624 6626 6627
f 6623 6626 6624
f 6603 6628 6606
f 6628 6627 6629
f 6606 6629 6607
f 6628 6629 6606
f 6621 6624 6622
f 6624 6627 6628
f 6622 6628 6603
f 6624 6628 6622
f 6625 6630 6631
f 6630 6632 6633
f 6631 6633 6634
f 6630 6633 6631
f 6632 6635 6636
f 6635 3116 3114
f 6636 3114 3111
f 6635 3114 6636
f 6634 6637 6638
f 6637 3111 3109
f 6638 3109 3102
f 6637 3109 6638
f 6632 6636 6633
f 6636 3111 6637
f 6633 6637 6634
f 6636 6637 6633
f 6607 6639 6613
f 6639 6640 6641
f 6613 6641 6614
f 6639 6641 6613
f 6640 6642 6643
f 6642 3102 3100
f 6643 3100 3097
f 6642 3100 6643
f 6614 6644 6616
f 6644 3097 3095
f 6616 3095 3091
f 6644 3095 6616
f 6640 6643 6641
f 6643 3097 6644
f 6641 6644 6614
f 6643 6644 6641
f 6625 6631 6626
f 6631 6634 6645
f 6626 6645 6627
f 6631 6645 6626
f 6634 6638 6646
f 6638 3102 6642
f 6646 6642 6640
f 6638 6642 6646
f 6627 6647 6629
f 6647 6640 6639
f 6629 6639 6607
f 6647 6639 6629
f 6634 6646 6645
f 6646 6640 6647
f 6645 6647 6627
f 6646 6647 6645
f 1029 1027 6620
f 1027 1024 6648
f 6620 6648 6621
f 1027 6648 6620
f 1024 1022 6649
f 1022 1015 6650
f 6649 6650 6651
f 1022 6650 6649
f 6621 6652 6623
f 6652 6651 6653
f 6623 6653 6625
f 6652 6653 6623
f 1024 6649 6648
f 6649 6651 6652
f 6648 6652 6621
f 6649 6652 6648
f 1015 1013 6654
f 1013 1010 6655
f 6654 6655 6656
f 1013 6655 6654
f 1010 1008 6657
f 1008 1007 6658
f 6657 6658 6659
f 1008 6658 6657
f 6656 6660 6661
f 6660 6659 6662
f 6661 6662 6663
f 6660 6662 6661
f 1010 6657 6655
f 6657 6659 6660
f 6655 6660 6656
f 6657 6660 6655
f 6625 6664 6630
f 6664 6665 6666
f 6630 6666 6632
f 6664 6666 6630
f 6665 6667 6668
f 6667 6663 6669
f 6668 6669 6670
f 6667 6669 6668
f 6632 6671 6635
f 6671 6670 6672
f 6635 6672 3116
f 6671 6672 6635
f 6665 6668 6666
f 6668 6670 6671
f 6666 6671 6632
f 6668 6671 6666
f 1015 6654 6650
f 6654 6656 6673
f 6650 6673 6651
f 6654 6673 6650
f 6656 6661 6674
f 6661 6663 6667
f 6674 6667 6665
f 6661 6667 6674
f 6651 6675 6653
f 6675 6665 6664
f 6653 6664 6625
f 6675 6664 6653
f 6656 6674 6673
f 6674 6665 6675
f 6673 6675 6651
f 6674 6675 6673
f 1007 6676 6658
f 6676 6677 6678
f 6658 6678 6659
f 6676 6678 6658
f 6677 6679 6680
f 6679 6681 6682
f 6680 6682 6683
f 6679 6682 6680
f 6659 6684 6662
f 6684 6683 6685
f 6662 6685 6663
f 6684 6685 6662
f 6677 6680 6678
f 6680 6683 6684
f 6678 6684 6659
f 6680 6684 6678
f 6681 6686 6687
f 6686 6688 6689
f 6687 6689 6690
f 6686 6689 6687
f 6688 6691 6692
f 6691 3135 3134
f 6692 3134 3131
f 6691 3134 6692
f 6690 6693 6694
f 6693 3131 3130
f 6694 3130 3122
f 6693 3130 6694
f 6688 6692 6689
f 6692 3131 6693
f 6689 6693 6690
f 6692 6693 6689
f 6663 6695 6669
f 6695 6696 6697
f 6669 6697 6670
f 6695 6697 6669
f 6696 6698 6699
f 6698 3122 3121
f 6699 3121 3118
f 6698 3121 6699
f 6670 6700 6672
f 6700 3118 3117
f 6672 3117 3116
f 6700 3117 6672
f 6696 6699 6697
f 6699 3118 6700
f 6697 6700 6670
f 6699 6700 6697
f 6681 6687 6682
f 6687 6690 6701
f 6682 6701 6683
f 6687 6701 6682
f 6690 6694 6702
f 6694 3122 6698
f 6702 6698 6696
f 6694 6698 6702
f 6683 6703 6685
f 6703 6696 6695
f 6685 6695 6663
f 6703 6695 6685
f 6690 6702 6701
f 6702 6696 6703
f 6701 6703 6683
f 6702 6703 6701
f 1007 1091 6676
f 1091 1088 6704
f 6676 6704 6677
f 1091 6704 6676
f 1088 1087 6705
f 1087 1079 6706
f 6705 6706 6707
f 1087 6706 6705
f 6677 6708 6679
f 6708 6707 6709
f 6679 6709 6681
f 6708 6709 6679
f 1088 6705 6704
f 6705 6707 6708
f 6704 6708 6677
f 6705 6708 6704
f 1079 1078 6710
f 1078 1075 6711
f 6710 6711 6712
f 1078 6711 6710
f 1075 1074 6713
f 1074 1073 6714
f 6713 6714 6715
f 1074 6714 6713
f 6712 6716 6717
f 6716 6715 6718
f 6717 6718 6719
f 6716 6718 6717
f 1075 6713 6711
f 6713 6715 6716
f 6711 6716 6712
f 6713 6716 6711
f 6681 6720 6686
f 6720 6721 6722
f 6686 6722 6688
f 6720 6722 6686
f 6721 6723 6724
f 6723 6719 6725
f 6724 6725 6726
f 6723 6725 6724
f 6688 6727 6691
f 6727 6726 6728
f 6691 6728 3135
f 6727 6728 6691
f 6721 6724 6722
f 6724 6726 6727
f 6722 6727 6688
f 6724 6727 6722
f 1079 6710 6706
f 6710 6712 6729
f 6706 6729 6707
f 6710 6729 6706
f 6712 6717 6730
f 6717 6719 6723
f 6730 6723 6721
f 6717 6723 6730
f 6707 6731 6709
f 6731 6721 6720
f 6709 6720 6681
f 6731 6720 6709
f 6712 6730 6729
f 6730 6721 6731
f 6729 6731 6707
f 6730 6731 6729
f 1073 6732 6714
f 6732 6733 6734
f 6714 6734 6715
f 6732 6734 6714
f 6733 6735 6736
f 6735 6737 6738
f 6736 6738 6739
f 6735 6738 6736
f 6715 6740 6718
f 6740 6739 6741
f 6718 6741 6719
f 6740 6741 6718
f 6733 6736 6734
f 6736 6739 6740
f 6734 6740 6715
f 6736 6740 6734
f 6737 6742 6743
f 6742 6744 6745
f 6743 6745 6746
f 6742 6745 6743
f 6744 6747 6748
f 6747 3160 3158
f 6748 3158 3155
f 6747 3158 6748
f 6746 6749 6750
f 6749 3155 3153
f 6750 3153 3146
f 6749 3153 6750
f 6744 6748 6745
f 6748 3155 6749
f 6745 6749 6746
f 6748 6749 6745
f 6719 6751 6725
f 6751 6752 6753
f 6725 6753 6726
f 6751 6753 6725
f 6752 6754 6755
f 6754 3146 3144
f 6755 3144 3141
f 6754 3144 6755
f 6726 6756 6728
f 6756 3141 3139
f 6728 3139 3135
f 6756 3139 6728
f 6752 6755 6753
f 6755 3141 6756
f 6753 6756 6726
f 6755 6756 6753
f 6737 6743 6738
f 6743 6746 6757
f 6738 6757 6739
f 6743 6757 6738
f 6746 6750 6758
f 6750 3146 6754
f 6758 6754 6752
f 6750 6754 6758
f 6739 6759 6741
f 6759 6752 6751
f 6741 6751 6719
f 6759 6751 6741
f 6746 6758 6757
f 6758 6752 6759
f 6757 6759 6739
f 6758 6759 6757
f 1073 1071 6732
f 1071 1068 6760
f 6732 6760 6733
f 1071 6760 6732
f 1068 1066 6761
f 1066 1059 6762
f 6761 6762 6763
f 1066 6762 6761
f 6733 6764 6735
f 6764 6763 6765
f 6735 6765 6737
f 6764 6765 6735
f 1068 6761 6760
f 6761 6763 6764
f 6760 6764 6733
f 6761 6764 6760
f 1059 1057 6766
f 1057 1054 6767
f 6766 6767 6768
f 1057 6767 6766
f 1054 1052 6769
f 1052 1051 6770
f 6769 6770 6771
f 1052 6770 6769
f 6768 6772 6773
f 6772 6771 6774
f 6773 6774 6775
f 6772 6774 6773
f 1054 6769 6767
f 6769 6771 6772
f 6767 6772 6768
f 6769 6772 6767
f 6737 6776 6742
f 6776 6777 6778
f 6742 6778 6744
f 6776 6778 6742
f 6777 6779 6780
f 6779 6775 6781
f 6780 6781 6782
f 6779 6781 6780
f 6744 6783 6747
f 6783 6782 6784
f 6747 6784 3160
f 6783 6784 6747
f 6777 6780 6778
f 6780 6782 6783
f 6778 6783 6744
f 6780 6783 6778
f 1059 6766 6762
f 6766 6768 6785
f 6762 6785 6763
f 6766 6785 6762
f 6768 6773 6786
f 6773 6775 6779
f 6786 6779 6777
f 6773 6779 6786
f 6763 6787 6765
f 6787 6777 6776
f 6765 6776 6737
f 6787 6776 6765
f 6768 6786 6785
f 6786 6777 6787
f 6785 6787 6763
f 6786 6787 6785
f 1051 6788 6770
f 6788 6789 6790
f 6770 6790 6771
f 6788 6790 6770
f 6789 6791 6792
f 6791 6793 6794
f 6792 6794 6795
f 6791 6794 6792
f 6771 6796 6774
f 6796 6795 6797
f 6774 6797 6775
f 6796 6797 6774
f 6789 6792 6790
f 6792 6795 6796
f 6790 6796 6771
f 6792 6796 6790
f 6793 6798 6799
f 6798 6800 6801
f 6799 6801 6802
f 6798 6801 6799
f 6800 6803 6804
f 6803 3179 3178
f 6804 3178 3175
f 6803 3178 6804
f 6802 6805 6806
f 6805 3175 3174
f 6806 3174 3166
f 6805 3174 6806
f 6800 6804 6801
f 6804 3175 6805
f 6801 6805 6802
f 6804 6805 6801
f 6775 6807 6781
f 6807 6808 6809
f 6781 6809 6782
f 6807 6809 6781
f 6808 6810 6811
f 6810 3166 3165
f 6811 3165 3162
f 6810 3165 6811
f 6782 6812 6784
f 6812 3162 3161
f 6784 3161 3160
f 6812 3161 6784
f 6808 6811 6809
f 6811 3162 6812
f 6809 6812 6782
f 6811 6812 6809
f 6793 6799 6794
f 6799 6802 6813
f 6794 6813 6795
f 6799 6813 6794
f 6802 6806 6814
f 6806 3166 6810
f 6814 6810 6808
f 6806 6810 6814
f 6795 6815 6797
f 6815 6808 6807
f 6797 6807 6775
f 6815 6807 6797
f 6802 6814 6813
f 6814 6808 6815
f 6813 6815 6795
f 6814 6815 6813
f 1051 1135 6788
f 1135 1132 6816
f 6788 6816 6789
f 1135 6816 6788
f 1132 1131 6817
f 1131 1123 6818
f 6817 6818 6819
f 1131 6818 6817
f 6789 6820 6791
f 6820 6819 6821
f 6791 6821 6793
f 6820 6821 6791
f 1132 6817 6816
f 6817 6819 6820
f 6816 6820 6789
f 6817 6820 6816
f 1123 1122 6822
f 1122 1119 6823
f 6822 6823 6824
f 1122 6823 6822
f 1119 1118 6825
f 1118 1117 6826
f 6825 6826 6827
f 1118 6826 6825
f 6824 6828 6829
f 6828 6827 6830
f 6829 6830 6831
f 6828 6830 6829
f 1119 6825 6823
f 6825 6827 6828
f 6823 6828 6824
f 6825 6828 6823
f 6793 6832 6798
f 6832 6833 6834
f 6798 6834 6800
f 6832 6834 6798
f 6833 6835 6836
f 6835 6831 6837
f 6836 6837 6838
f 6835 6837 6836
f 6800 6839 6803
f 6839 6838 6840
f 6803 6840 3179
f 6839 6840 6803
f 6833 6836 6834
f 6836 6838 6839
f 6834 6839 6800
f 6836 6839 6834
f 1123 6822 6818
f 6822 6824 6841
f 6818 6841 6819
f 6822 6841 6818
f 6824 6829 6842
f 6829 6831 6835
f 6842 6835 6833
f 6829 6835 6842
f 6819 6843 6821
f 6843 6833 6832
f 6821 6832 6793
f 6843 6832 6821
f 6824 6842 6841
f 6842 6833 6843
f 6841 6843 6819
f 6842 6843 6841
f 1117 6844 6826
f 6844 6845 6846
f 6826 6846 6827
f 6844 6846 6826
f 6845 6847 6848
f 6847 6849 6850
f 6848 6850 6851
f 6847 6850 6848
f 6827 6852 6830
f 6852 6851 6853
f 6830 6853 6831
f 6852 6853 6830
f 6845 6848 6846
f 6848 6851 6852
f 6846 6852 6827
f 6848 6852 6846
f 6849 6854 6855
f 6854 6856 6857
f 6855 6857 6858
f 6854 6857 6855
f 6856 6859 6860
f 6859 3204 3202
f 6860 3202 3199
f 6859 3202 6860
f 6858 6861 6862
f 6861 3199 3197
f 6862 3197 3190
f 6861 3197 6862
f 6856 6860 6857
f 6860 3199 6861
f 6857 6861 6858
f 6860 6861 6857
f 6831 6863 6837
f 6863 6864 6865
f 6837 6865 6838
f 6863 6865 6837
f 6864 6866 6867
f 6866 3190 3188
f 6867 3188 3185
f 6866 3188 6867
f 6838 6868 6840
f 6868 3185 3183
f 6840 3183 3179
f 6868 3183 6840
f 6864 6867 6865
f 6867 3185 6868
f 6865 6868 6838
f 6867 6868 6865
f 6849 6855 6850
f 6855 6858 6869
f 6850 6869 6851
f 6855 6869 6850
f 6858 6862 6870
f 6862 3190 6866
f 6870 6866 6864
f 6862 6866 6870
f 6851 6871 6853
f 6871 6864 6863
f 6853 6863 6831
f 6871 6863 6853
f 6858 6870 6869
f 6870 6864 6871
f 6869 6871 6851
f 6870 6871 6869
f 1117 1115 6844
f 1115 1112 6872
f 6844 6872 6845
f 1115 6872 6844
f 1112 1110 6873
f 1110 1103 6874
f 6873 6874 6875
f 1110 6874 6873
f 6845 6876 6847
f 6876 6875 6877
f 6847 6877 6849
f 6876 6877 6847
f 1112 6873 6872
f 6873 6875 6876
f 6872 6876 6845
f 6873 6876 6872
f 1103 1101 6878
f 1101 1098 6879
f 6878 6879 6880
f 1101 6879 6878
f 1098 1096 6881
f 1096 1095 6882
f 6881 6882 6883
f 1096 6882 6881
f 6880 6884 6885
f 6884 6883 6886
f 6885 6886 6887
f 6884 6886 6885
f 1098 6881 6879
f 6881 6883 6884
f 6879 6884 6880
f 6881 6884 6879
f 6849 6888 6854
f 6888 6889 6890
f 6854 6890 6856
f 6888 6890 6854
f 6889 6891 6892
f 6891 6887 6893
f 6892 6893 6894
f 6891 6893 6892
f 6856 6895 6859
f 6895 6894 6896
f 6859 6896 3204
f 6895 6896 6859
f 6889 6892 6890
f 6892 6894 6895
f 6890 6895 6856
f 6892 6895 6890
f 1103 6878 6874
f 6878 6880 6897
f 6874 6897 6875
f 6878 6897 6874
f 6880 6885 6898
f 6885 6887 6891
f 6898 6891 6889
f 6885 6891 6898
f 6875 6899 6877
f 6899 6889 6888
f 6877 6888 6849
f 6899 6888 6877
f 6880 6898 6897
f 6898 6889 6899
f 6897 6899 6875
f 6898 6899 6897
f 1095 6900 6882
f 6900 6901 6902
f 6882 6902 6883
f 6900 6902 6882
f 6901 6903 6904
f 6903 6905 6906
f 6904 6906 6907
f 6903 6906 6904
f 6883 6908 6886
f 6908 6907 6909
f 6886 6909 6887
f 6908 6909 6886
f 6901 6904 6902
f 6904 6907 6908
f 6902 6908 6883
f 6904 6908 6902
f 6905 6910 6911
f 6910 6912 6913
f 6911 6913 6914
f 6910 6913 6911
f 6912 6915 6916
f 6915 3223 3222
f 6916 3222 3219
f 6915 3222 6916
f 6914 6917 6918
f 6917 3219 3218
f 6918 3218 3210
f 6917 3218 6918
f 6912 6916 6913
f 6916 3219 6917
f 6913 6917 6914
f 6916 6917 6913
f 6887 6919 6893
f 6919 6920 6921
f 6893 6921 6894
f 6919 6921 6893
f 6920 6922 6923
f 6922 3210 3209
f 6923 3209 3206
f 6922 3209 6923
f 6894 6924 6896
f 6924 3206 3205
f 6896 3205 3204
f 6924 3205 6896
f 6920 6923 6921
f 6923 3206 6924
f 6921 6924 6894
f 6923 6924 6921
f 6905 6911 6906
f 6911 6914 6925
f 6906 6925 6907
f 6911 6925 6906
f 6914 6918 6926
f 6918 3210 6922
f 6926 6922 6920
f 6918 6922 6926
f 6907 6927 6909
f 6927 6920 6919
f 6909 6919 6887
f 6927 6919 6909
f 6914 6926 6925
f 6926 6920 6927
f 6925 6927 6907
f 6926 6927 6925
f 1095 1179 6900
f 1179 1176 6928
f 6900 6928 6901
f 1179 6928 6900
f 1176 1175 6929
f 1175 1167 6930
f 6929 6930 6931
f 1175 6930 6929
f 6901 6932 6903
f 6932 6931 6933
f 6903 6933 6905
f 6932 6933 6903
f 1176 6929 6928
f 6929 6931 6932
f 6928 6932 6901
f 6929 6932 6928
f 1167 1166 6934
f 1166 1163 6935
f 6934 6935 6936
f 1166 6935 6934
f 1163 1162 6937
f 1162 1161 6938
f 6937 6938 6939
f 1162 6938 6937
f 6936 6940 6941
f 6940 6939 6942
f 6941 6942 6943
f 6940 6942 6941
f 1163 6937 6935
f 6937 6939 6940
f 6935 6940 6936
f 6937 6940 6935
f 6905 6944 6910
f 6944 6945 6946
f 6910 6946 6912
f 6944 6946 6910
f 6945 6947 6948
f 6947 6943 6949
f 6948 6949 6950
f 6947 6949 6948
f 6912 6951 6915
f 6951 6950 6952
f 6915 6952 3223
f 6951 6952 6915
f 6945 6948 6946
f 6948 6950 6951
f 6946 6951 6912
f 6948 6951 6946
f 1167 6934 6930
f 6934 6936 6953
f 6930 6953 6931
f 6934 6953 6930
f 6936 6941 6954
f 6941 6943 6947
f 6954 6947 6945
f 6941 6947 6954
f 6931 6955 6933
f 6955 6945 6944
f 6933 6944 6905
f 6955 6944 6933
f 6936 6954 6953
f 6954 6945 6955
f 6953 6955 6931
f 6954 6955 6953
f 1161 6956 6938
f 6956 6957 6958
f 6938 6958 6939
f 6956 6958 6938
f 6957 6959 6960
f 6959 6961 6962
f 6960 6962 6963
f 6959 6962 6960
f 6939 6964 6942
f 6964 6963 6965
f 6942 6965 6943
f 6964 6965 6942
f 6957 6960 6958
f 6960 6963 6964
f 6958 6964 6939
f 6960 6964 6958
f 6961 6966 6967
f 6966 6968 6969
f 6967 6969 6970
f 6966 6969 6967
f 6968 6971 6972
f 6971 3248 3246
f 6972 3246 3243
f 6971 3246 6972
f 6970 6973 6974
f 6973 3243 3241
f 6974 3241 3234
f 6973 3241 6974
f 6968 6972 6969
f 6972 3243 6973
f 6969 6973 6970
f 6972 6973 6969
f 6943 6975 6949
f 6975 6976 6977
f 6949 6977 6950
f 6975 6977 6949
f 6976 6978 6979
f 6978 3234 3232
f 6979 3232 3229
f 6978 3232 6979
f 6950 6980 6952
f 6980 3229 3227
f 6952 3227 3223
f 6980 3227 6952
f 6976 6979 6977
f 6979 3229 6980
f 6977 6980 6950
f 6979 6980 6977
f 6961 6967 6962
f 6967 6970 6981
f 6962 6981 6963
f 6967 6981 6962
f 6970 6974 6982
f 6974 3234 6978
f 6982 6978 6976
f 6974 6978 6982
f 6963 6983 6965
f 6983 6976 6975
f 6965 6975 6943
f 6983 6975 6965
f 6970 6982 6981
f 6982 6976 6983
f 6981 6983 6963
f 6982 6983 6981
f 1161 1159 6956
f 1159 1156 6984
f 6956 6984 6957
f 1159 6984 6956
f 1156 1154 6985
f 1154 1147 6986
f 6985 6986 6987
f 1154 6986 6985
f 6957 6988 6959
f 6988 6987 6989
f 6959 6989 6961
f 6988 6989 6959
f 1156 6985 6984
f 6985 6987 6988
f 6984 6988 6957
f 6985 6988 6984
f 1147 1145 6990
f 1145 1142 6991
f 6990 6991 6992
f 1145 6991 6990
f 1142 1140 6993
f 1140 1139 6994
f 6993 6994 6995
f 1140 6994 6993
f 6992 6996 6997
f 6996 6995 6998
f 6997 6998 6999
f 6996 6998 6997
f 1142 6993 6991
f 6993 6995 6996
f 6991 6996 6992
f 6993 6996 6991
f 6961 7000 6966
f 7000 7001 7002
f 6966 7002 6968
f 7000 7002 6966
f 7001 7003 7004
f 7003 6999 7005
f 7004 7005 7006
f 7003 7005 7004
f 6968 7007 6971
f 7007 7006 7008
f 6971 7008 3248
f 7007 7008 6971
f 7001 7004 7002
f 7004 7006 7007
f 7002 7007 6968
f 7004 7007 7002
f 1147 6990 6986
f 6990 6992 7009
f 6986 7009 6987
f 6990 7009 6986
f 6992 6997 7010
f 6997 6999 7003
f 7010 7003 7001
f 6997 7003 7010
f 6987 7011 6989
f 7011 7001 7000
f 6989 7000 6961
f 7011 7000 6989
f 6992 7010 7009
f 7010 7001 7011
f 7009 7011 6987
f 7010 7011 7009
f 1139 7012 6994
f 7012 7013 7014
f 6994 7014 6995
f 7012 7014 6994
f 7013 7015 7016
f 7015 7017 7018
f 7016 7018 7019
f 7015 7018 7016
f 6995 7020 6998
f 7020 7019 7021
f 6998 7021 6999
f 7020 7021 6998
f 7013 7016 7014
f 7016 7019 7020
f 7014 7020 6995
f 7016 7020 7014
f 7017 7022 7023
f 7022 7024 7025
f 7023 7025 7026
f 7022 7025 7023
f 7024 7027 7028
f 7027 3267 3266
f 7028 3266 3263
f 7027 3266 7028
f 7026 7029 7030
f 7029 3263 3262
f 7030 3262 3254
f 7029 3262 7030
f 7024 7028 7025
f 7028 3263 7029
f 7025 7029 7026
f 7028 7029 7025
f 6999 7031 7005
f 7031 7032 7033
f 7005 7033 7006
f 7031 7033 7005
f 7032 7034 7035
f 7034 3254 3253
f 7035 3253 3250
f 7034 3253 7035
f 7006 7036 7008
f 7036 3250 3249
f 7008 3249 3248
f 7036 3249 7008
f 7032 7035 7033
f 7035 3250 7036
f 7033 7036 7006
f 7035 7036 7033
f 7017 7023 7018
f 7023 7026 7037
f 7018 7037 7019
f 7023 7037 7018
f 7026 7030 7038
f 7030 3254 7034
f 7038 7034 7032
f 7030 7034 7038
f 7019 7039 7021
f 7039 7032 7031
f 7021 7031 6999
f 7039 7031 7021
f 7026 7038 7037
f 7038 7032 7039
f 7037 7039 7019
f 7038 7039 7037
f 1139 1223 7012
f 1223 1220 7040
f 7012 7040 7013
f 1223 7040 7012
f 1220 1219 7041
f 1219 1211 7042
f 7041 7042 7043
f 1219 7042 7041
f 7013 7044 7015
f 7044 7043 7045
f 7015 7045 7017
f 7044 7045 7015
f 1220 7041 7040
f 7041 7043 7044
f 7040 7044 7013
f 7041 7044 7040
f 1211 1210 7046
f 1210 1207 7047
f 7046 7047 7048
f 1210 7047 7046
f 1207 1206 7049
f 1206 1205 7050
f 7049 7050 7051
f 1206 7050 7049
f 7048 7052 7053
f 7052 7051 7054
f 7053 7054 7055
f 7052 7054 7053
f 1207 7049 7047
f 7049 7051 7052
f 7047 7052 7048
f 7049 7052 7047
f 7017 7056 7022
f 7056 7057 7058
f 7022 7058 7024
f 7056 7058 7022
f 7057 7059 7060
f 7059 7055 7061
f 7060 7061 7062
f 7059 7061 7060
f 7024 7063 7027
f 7063 7062 7064
f 7027 7064 3267
f 7063 7064 7027
f 7057 7060 7058
f 7060 7062 7063
f 7058 7063 7024
f 7060 7063 7058
f 1211 7046 7042
f 7046 7048 7065
f 7042 7065 7043
f 7046 7065 7042
f 7048 7053 7066
f 7053 7055 7059
f 7066 7059 7057
f 7053 7059 7066
f 7043 7067 7045
f 7067 7057 7056
f 7045 7056 7017
f 7067 7056 7045
f 7048 7066 7065
f 7066 7057 7067
f 7065 7067 7043
f 7066 7067 7065
f 1205 7068 7050
f 7068 7069 7070
f 7050 7070 7051
f 7068 7070 7050
f 7069 7071 7072
f 7071 7073 7074
f 7072 7074 7075
f 7071 7074 7072
f 7051 7076 7054
f 7076 7075 7077
f 7054 7077 7055
f 7076 7077 7054
f 7069 7072 7070
f 7072 7075 7076
f 7070 7076 7051
f 7072 7076 7070
f 7073 7078 7079
f 7078 7080 7081
f 7079 7081 7082
f 7078 7081 7079
f 7080 7083 7084
f 7083 3292 3290
f 7084 3290 3287
f 7083 3290 7084
f 7082 7085 7086
f 7085 3287 3285
f 7086 3285 3278
f 7085 3285 7086
f 7080 7084 7081
f 7084 3287 7085
f 7081 7085 7082
f 7084 7085 7081
f 7055 7087 7061
f 7087 7088 7089
f 7061 7089 7062
f 7087 7089 7061
f 7088 7090 7091
f 7090 3278 3276
f 7091 3276 3273
f 7090 3276 7091
f 7062 7092 7064
f 7092 3273 3271
f 7064 3271 3267
f 7092 3271 7064
f 7088 7091 7089
f 7091 3273 7092
f 7089 7092 7062
f 7091 7092 7089
f 7073 7079 7074
f 7079 7082 7093
f 7074 7093 7075
f 7079 7093 7074
f 7082 7086 7094
f 7086 3278 7090
f 7094 7090 7088
f 7086 7090 7094
f 7075 7095 7077
f 7095 7088 7087
f 7077 7087 7055
f 7095 7087 7077
f 7082 7094 7093
f 7094 7088 7095
f 7093 7095 7075
f 7094 7095 7093
f 1205 1203 7068
f 1203 1200 7096
f 7068 7096 7069
f 1203 7096 7068
f 1200 1198 7097
f 1198 1191 7098
f 7097 7098 7099
f 1198 7098 7097
f 7069 7100 7071
f 7100 7099 7101
f 7071 7101 7073
f 7100 7101 7071
f 1200 7097 7096
f 7097 7099 7100
f 7096 7100 7069
f 7097 7100 7096
f 1191 1189 7102
f 1189 1186 7103
f 7102 7103 7104
f 1189 7103 7102
f 1186 1184 7105
f 1184 1183 7106
f 7105 7106 7107
f 1184 7106 7105
f 7104 7108 7109
f 7108 7107 7110
f 7109 7110 7111
f 7108 7110 7109
f 1186 7105 7103
f 7105 7107 7108
f 7103 7108 7104
f 7105 7108 7103
f 7073 7112 7078
f 7112 7113 7114
f 7078 7114 7080
f 7112 7114 7078
f 7113 7115 7116
f 7115 7111 7117
f 7116 7117 7118
f 7115 7117 7116
f 7080 7119 7083
f 7119 7118 7120
f 7083 7120 3292
f 7119 7120 7083
f 7113 7116 7114
f 7116 7118 7119
f 7114 7119 7080
f 7116 7119 7114
f 1191 7102 7098
f 7102 7104 7121
f 7098 7121 7099
f 7102 7121 7098
f 7104 7109 7122
f 7109 7111 7115
f 7122 7115 7113
f 7109 7115 7122
f 7099 7123 7101
f 7123 7113 7112
f 7101 7112 7073
f 7123 7112 7101
f 7104 7122 7121
f 7122 7113 7123
f 7121 7123 7099
f 7122 7123 7121
f 1183 7124 7106
f 7124 7125 7126
f 7106 7126 7107
f 7124 7126 7106
f 7125 7127 7128
f 7127 7129 7130
f 7128 7130 7131
f 7127 7130 7128
f 7107 7132 7110
f 7132 7131 7133
f 7110 7133 7111
f 7132 7133 7110
f 7125 7128 7126
f 7128 7131 7132
f 7126 7132 7107
f 7128 7132 7126
f 7129 7134 7135
f 7134 7136 7137
f 7135 7137 7138
f 7134 7137 7135
f 7136 7139 7140
f 7139 3311 3310
f 7140 3310 3307
f 7139 3310 7140
f 7138 7141 7142
f 7141 3307 3306
f 7142 3306 3298
f 7141 3306 7142
f 7136 7140 7137
f 7140 3307 7141
f 7137 7141 7138
f 7140 7141 7137
f 7111 7143 7117
f 7143 7144 7145
f 7117 7145 7118
f 7143 7145 7117
f 7144 7146 7147
f 7146 3298 3297
f 7147 3297 3294
f 7146 3297 7147
f 7118 7148 7120
f 7148 3294 3293
f 7120 3293 3292
f 7148 3293 7120
f 7144 7147 7145
f 7147 3294 7148
f 7145 7148 7118
f 7147 7148 7145
f 7129 7135 7130
f 7135 7138 7149
f 7130 7149 7131
f 7135 7149 7130
f 7138 7142 7150
f 7142 3298 7146
f 7150 7146 7144
f 7142 7146 7150
f 7131 7151 7133
f 7151 7144 7143
f 7133 7143 7111
f 7151 7143 7133
f 7138 7150 7149
f 7150 7144 7151
f 7149 7151 7131
f 7150 7151 7149
f 1183 1258 7124
f 1258 1255 7152
f 7124 7152 7125
f 1258 7152 7124
f 1255 1254 7153
f 1254 1246 7154
f 7153 7154 7155
f 1254 7154 7153
f 7125 7156 7127
f 7156 7155 7157
f 7127 7157 7129
f 7156 7157 7127
f 1255 7153 7152
f 7153 7155 7156
f 7152 7156 7125
f 7153 7156 7152
f 1246 1245 7158
f 1245 1242 7159
f 7158 7159 7160
f 1245 7159 7158
f 1242 1241 7161
f 1241 42 7162
f 7161 7162 7163
f 1241 7162 7161
f 7160 7164 7165
f 7164 7163 7166
f 7165 7166 7167
f 7164 7166 7165
f 1242 7161 7159
f 7161 7163 7164
f 7159 7164 7160
f 7161 7164 7159
f 7129 7168 7134
f 7168 7169 7170
f 7134 7170 7136
f 7168 7170 7134
f 7169 7171 7172
f 7171 7167 7173
f 7172 7173 7174
f 7171 7173 7172
f 7136 7175 7139
f 7175 7174 7176
f 7139 7176 3311
f 7175 7176 7139
f 7169 7172 7170
f 7172 7174 7175
f 7170 7175 7136
f 7172 7175 7170
f 1246 7158 7154
f 7158 7160 7177
f 7154 7177 7155
f 7158 7177 7154
f 7160 7165 7178
f 7165 7167 7171
f 7178 7171 7169
f 7165 7171 7178
f 7155 7179 7157
f 7179 7169 7168
f 7157 7168 7129
f 7179 7168 7157
f 7160 7178 7177
f 7178 7169 7179
f 7177 7179 7155
f 7178 7179 7177
f 42 7180 7162
f 7180 7181 7182
f 7162 7182 7163
f 7180 7182 7162
f 7181 7183 7184
f 7183 7185 7186
f 7184 7186 7187
f 7183 7186 7184
f 7163 7188 7166
f 7188 7187 7189
f 7166 7189 7167
f 7188 7189 7166
f 7181 7184 7182
f 7184 7187 7188
f 7182 7188 7163
f 7184 7188 7182
f 7185 7190 7191
f 7190 7192 7193
f 7191 7193 7194
f 7190 7193 7191
f 7192 7195 7196
f 7195 2089 3334
f 7196 3334 3331
f 7195 3334 7196
f 7194 7197 7198
f 7197 3331 3329
f 7198 3329 3322
f 7197 3329 7198
f 7192 7196 7193
f 7196 3331 7197
f 7193 7197 7194
f 7196 7197 7193
f 7167 7199 7173
f 7199 7200 7201
f 7173 7201 7174
f 7199 7201 7173
f 7200 7202 7203
f 7202 3322 3320
f 7203 3320 3317
f 7202 3320 7203
f 7174 7204 7176
f 7204 3317 3315
f 7176 3315 3311
f 7204 3315 7176
f 7200 7203 7201
f 7203 3317 7204
f 7201 7204 7174
f 7203 7204 7201
f 7185 7191 7186
f 7191 7194 7205
f 7186 7205 7187
f 7191 7205 7186
f 7194 7198 7206
f 7198 3322 7202
f 7206 7202 7200
f 7198 7202 7206
f 7187 7207 7189
f 7207 7200 7199
f 7189 7199 7167
f 7207 7199 7189
f 7194 7206 7205
f 7206 7200 7207
f 7205 7207 7187
f 7206 7207 7205
f 42 41 7180
f 41 38 7208
f 7180 7208 7181
f 41 7208 7180
f 38 37 7209
f 37 29 7210
f 7209 7210 7211
f 37 7210 7209
f 7181 7212 7183
f 7212 7211 7213
f 7183 7213 7185
f 7212 7213 7183
f 38 7209 7208
f 7209 7211 7212
f 7208 7212 7181
f 7209 7212 7208
f 29 28 7214
f 28 25 7215
f 7214 7215 7216
f 28 7215 7214
f 25 24 7217
f 24 23 7218
f 7217 7218 7219
f 24 7218 7217
f 7216 7220 7221
f 7220 7219 7222
f 7221 7222 7223
f 7220 7222 7221
f 25 7217 7215
f 7217 7219 7220
f 7215 7220 7216
f 7217 7220 7215
f 7185 7224 7190
f 7224 7225 7226
f 7190 7226 7192
f 7224 7226 7190
f 7225 7227 7228
f 7227 7223 7229
f 7228 7229 7230
f 7227 7229 7228
f 7192 7231 7195
f 7231 7230 7232
f 7195 7232 2089
f 7231 7232 7195
f 7225 7228 7226
f 7228 7230 7231
f 7226 7231 7192
f 7228 7231 7226
f 29 7214 7210
f 7214 7216 7233
f 7210 7233 7211
f 7214 7233 7210
f 7216 7221 7234
f 7221 7223 7227
f 7234 7227 7225
f 7221 7227 7234
f 7211 7235 7213
f 7235 7225 7224
f 7213 7224 7185
f 7235 7224 7213
f 7216 7234 7233
f 7234 7225 7235
f 7233 7235 7211
f 7234 7235 7233
f 23 4177 7218
f 4177 4179 7236
f 7218 7236 7219
f 4177 7236 7218
f 4179 4184 7237
f 4184 4186 7238
f 7237 7238 7239
f 4184 7238 7237
f 7219 7240 7222
f 7240 7239 7241
f 7222 7241 7223
f 7240 7241 7222
f 4179 7237 7236
f 7237 7239 7240
f 7236 7240 7219
f 7237 7240 7236
f 4186 4198 7242
f 4198 4201 7243
f 7242 7243 7244
f 4198 7243 7242
f 4201 4207 7245
f 4207 2111 2109
f 7245 2109 2106
f 4207 2109 7245
f 7244 7246 7247
f 7246 2106 2104
f 7247 2104 2097
f 7246 2104 7247
f 4201 7245 7243
f 7245 2106 7246
f 7243 7246 7244
f 7245 7246 7243
f 7223 7248 7229
f 7248 7249 7250
f 7229 7250 7230
f 7248 7250 7229
f 7249 7251 7252
f 7251 2097 2095
f 7252 2095 2092
f 7251 2095 7252
f 7230 7253 7232
f 7253 2092 2090
f 7232 2090 2089
f 7253 2090 7232
f 7249 7252 7250
f 7252 2092 7253
f 7250 7253 7230
f 7252 7253 7250
f 4186 7242 7238
f 7242 7244 7254
f 7238 7254 7239
f 7242 7254 7238
f 7244 7247 7255
f 7247 2097 7251
f 7255 7251 7249
f 7247 7251 7255
f 7239 7256 7241
f 7256 7249 7248
f 7241 7248 7223
f 7256 7248 7241
f 7244 7255 7254
f 7255 7249 7256
f 7254 7256 7239
f 7255 7256 7254
f 266 1702 7257
f 1702 1699 7258
f 7257 7258 7259
f 1702 7258 7257
f 1699 1697 7260
f 1697 1690 7261
f 7260 7261 7262
f 1697 7261 7260
f 7259 7263 7264
f 7263 7262 7265
f 7264 7265 7266
f 7263 7265 7264
f 1699 7260 7258
f 7260 7262 7263
f 7258 7263 7259
f 7260 7263 7258
f 1690 1688 7267
f 1688 1685 7268
f 7267 7268 7269
f 1688 7268 7267
f 1685 1683 7270
f 1683 1682 7271
f 7270 7271 7272
f 1683 7271 7270
f 7269 7273 7274
f 7273 7272 7275
f 7274 7275 7276
f 7273 7275 7274
f 1685 7270 7268
f 7270 7272 7273
f 7268 7273 7269
f 7270 7273 7268
f 7266 7277 7278
f 7277 7279 7280
f 7278 7280 7281
f 7277 7280 7278
f 7279 7282 7283
f 7282 7276 7284
f 7283 7284 7285
f 7282 7284 7283
f 7281 7286 7287
f 7286 7285 7288
f 7287 7288 2394
f 7286 7288 7287
f 7279 7283 7280
f 7283 7285 7286
f 7280 7286 7281
f 7283 7286 7280
f 1690 7267 7261
f 7267 7269 7289
f 7261 7289 7262
f 7267 7289 7261
f 7269 7274 7290
f 7274 7276 7282
f 7290 7282 7279
f 7274 7282 7290
f 7262 7291 7265
f 7291 7279 7277
f 7265 7277 7266
f 7291 7277 7265
f 7269 7290 7289
f 7290 7279 7291
f 7289 7291 7262
f 7290 7291 7289
f 1682 7292 7271
f 7292 7293 7294
f 7271 7294 7272
f 7292 7294 7271
f 7293 7295 7296
f 7295 7297 7298
f 7296 7298 7299
f 7295 7298 7296
f 7272 7300 7275
f 7300 7299 7301
f 7275 7301 7276
f 7300 7301 7275
f 7293 7296 7294
f 7296 7299 7300
f 7294 7300 7272
f 7296 7300 7294
f 7297 7302 7303
f 7302 7304 7305
f 7303 7305 7306
f 7302 7305 7303
f 7304 7307 7308
f 7307 3802 3801
f 7308 3801 3798
f 7307 3801 7308
f 7306 7309 7310
f 7309 3798 3797
f 7310 3797 3789
f 7309 3797 7310
f 7304 7308 7305
f 7308 3798 7309
f 7305 7309 7306
f 7308 7309 7305
f 7276 7311 7284
f 7311 7312 7313
f 7284 7313 7285
f 7311 7313 7284
f 7312 7314 7315
f 7314 3789 3788
f 7315 3788 3785
f 7314 3788 7315
f 7285 7316 7288
f 7316 3785 3784
f 7288 3784 2394
f 7316 3784 7288
f 7312 7315 7313
f 7315 3785 7316
f 7313 7316 7285
f 7315 7316 7313
f 7297 7303 7298
f 7303 7306 7317
f 7298 7317 7299
f 7303 7317 7298
f 7306 7310 7318
f 7310 3789 7314
f 7318 7314 7312
f 7310 7314 7318
f 7299 7319 7301
f 7319 7312 7311
f 7301 7311 7276
f 7319 7311 7301
f 7306 7318 7317
f 7318 7312 7319
f 7317 7319 7299
f 7318 7319 7317
f 1682 1952 7292
f 1952 1949 7320
f 7292 7320 7293
f 1952 7320 7292
f 1949 1948 7321
f 1948 1940 7322
f 7321 7322 7323
f 1948 7322 7321
f 7293 7324 7295
f 7324 7323 7325
f 7295 7325 7297
f 7324 7325 7295
f 1949 7321 7320
f 7321 7323 7324
f 7320 7324 7293
f 7321 7324 7320
f 1940 1939 7326
f 1939 1936 7327
f 7326 7327 7328
f 1939 7327 7326
f 1936 1935 7329
f 1935 342 7330
f 7329 7330 7331
f 1935 7330 7329
f 7328 7332 7333
f 7332 7331 7334
f 7333 7334 7335
f 7332 7334 7333
f 1936 7329 7327
f 7329 7331 7332
f 7327 7332 7328
f 7329 7332 7327
f 7297 7336 7302
f 7336 7337 7338
f 7302 7338 7304
f 7336 7338 7302
f 7337 7339 7340
f 7339 7335 7341
f 7340 7341 7342
f 7339 7341 7340
f 7304 7343 7307
f 7343 7342 7344
f 7307 7344 3802
f 7343 7344 7307
f 7337 7340 7338
f 7340 7342 7343
f 7338 7343 7304
f 7340 7343 7338
f 1940 7326 7322
f 7326 7328 7345
f 7322 7345 7323
f 7326 7345 7322
f 7328 7333 7346
f 7333 7335 7339
f 7346 7339 7337
f 7333 7339 7346
f 7323 7347 7325
f 7347 7337 7336
f 7325 7336 7297
f 7347 7336 7325
f 7328 7346 7345
f 7346 7337 7347
f 7345 7347 7323
f 7346 7347 7345
f 342 7348 7330
f 7348 7349 7350
f 7330 7350 7331
f 7348 7350 7330
f 7349 7351 7352
f 7351 7353 7354
f 7352 7354 7355
f 7351 7354 7352
f 7331 7356 7334
f 7356 7355 7357
f 7334 7357 7335
f 7356 7357 7334
f 7349 7352 7350
f 7352 7355 7356
f 7350 7356 7331
f 7352 7356 7350
f 7353 7358 7359
f 7358 7360 7361
f 7359 7361 7362
f 7358 7361 7359
f 7360 7363 7364
f 7363 2398 4028
f 7364 4028 4025
f 7363 4028 7364
f 7362 7365 7366
f 7365 4025 4023
f 7366 4023 4016
f 7365 4023 7366
f 7360 7364 7361
f 7364 4025 7365
f 7361 7365 7362
f 7364 7365 7361
f 7335 7367 7341
f 7367 7368 7369
f 7341 7369 7342
f 7367 7369 7341
f 7368 7370 7371
f 7370 4016 4014
f 7371 4014 4011
f 7370 4014 7371
f 7342 7372 7344
f 7372 4011 4009
f 7344 4009 3802
f 7372 4009 7344
f 7368 7371 7369
f 7371 4011 7372
f 7369 7372 7342
f 7371 7372 7369
f 7353 7359 7354
f 7359 7362 7373
f 7354 7373 7355
f 7359 7373 7354
f 7362 7366 7374
f 7366 4016 7370
f 7374 7370 7368
f 7366 7370 7374
f 7355 7375 7357
f 7375 7368 7367
f 7357 7367 7335
f 7375 7367 7357
f 7362 7374 7373
f 7374 7368 7375
f 7373 7375 7355
f 7374 7375 7373
f 342 341 7348
f 341 338 7376
f 7348 7376 7349
f 341 7376 7348
f 338 337 7377
f 337 329 7378
f 7377 7378 7379
f 337 7378 7377
f 7349 7380 7351
f 7380 7379 7381
f 7351 7381 7353
f 7380 7381 7351
f 338 7377 7376
f 7377 7379 7380
f 7376 7380 7349
f 7377 7380 7376
f 329 328 7382
f 328 325 7383
f 7382 7383 7384
f 328 7383 7382
f 325 324 7385
f 324 266 7386
f 7385 7386 7387
f 324 7386 7385
f 7384 7388 7389
f 7388 7387 7390
f 7389 7390 7391
f 7388 7390 7389
f 325 7385 7383
f 7385 7387 7388
f 7383 7388 7384
f 7385 7388 7383
f 7353 7392 7358
f 7392 7393 7394
f 7358 7394 7360
f 7392 7394 7358
f 7393 7395 7396
f 7395 7391 7397
f 7396 7397 7398
f 7395 7397 7396
f 7360 7399 7363
f 7399 7398 7400
f 7363 7400 2398
f 7399 7400 7363
f 7393 7396 7394
f 7396 7398 7399
f 7394 7399 7360
f 7396 7399 7394
f 329 7382 7378
f 7382 7384 7401
f 7378 7401 7379
f 7382 7401 7378
f 7384 7389 7402
f 7389 7391 7395
f 7402 7395 7393
f 7389 7395 7402
f 7379 7403 7381
f 7403 7393 7392
f 7381 7392 7353
f 7403 7392 7381
f 7384 7402 7401
f 7402 7393 7403
f 7401 7403 7379
f 7402 7403 7401
f 266 7257 7386
f 7257 7259 7404
f 7386 7404 7387
f 7257 7404 7386
f 7259 7264 7405
f 7264 7266 7406
f 7405 7406 7407
f 7264 7406 7405
f 7387 7408 7390
f 7408 7407 7409
f 7390 7409 7391
f 7408 7409 7390
f 7259 7405 7404
f 7405 7407 7408
f 7404 7408 7387
f 7405 7408 7404
f 7266 7278 7410
f 7278 7281 7411
f 7410 7411 7412
f 7278 7411 7410
f 7281 7287 7413
f 7287 2394 2418
f 7413 2418 2415
f 7287 2418 7413
f 7412 7414 7415
f 7414 2415 2413
f 7415 2413 2406
f 7414 2413 7415
f 7281 7413 7411
f 7413 2415 7414
f 7411 7414 7412
f 7413 7414 7411
f 7391 7416 7397
f 7416 7417 7418
f 7397 7418 7398
f 7416 7418 7397
f 7417 7419 7420
f 7419 2406 2404
f 7420 2404 2401
f 7419 2404 7420
f 7398 7421 7400
f 7421 2401 2399
f 7400 2399 2398
f 7421 2399 7400
f 7417 7420 7418
f 7420 2401 7421
f 7418 7421 7398
f 7420 7421 7418
f 7266 7410 7406
f 7410 7412 7422
f 7406 7422 7407
f 7410 7422 7406
f 7412 7415 7423
f 7415 2406 7419
f 7423 7419 7417
f 7415 7419 7423
f 7407 7424 7409
f 7424 7417 7416
f 7409 7416 7391
f 7424 7416 7409
f 7412 7423 7422
f 7423 7417 7424
f 7422 7424 7407
f 7423 7424 7422

