# https://github.com/mikedh/trimesh

o sca_S_final.obj
v 2.48058751 6.15593537 5.77117537
v 2.45634833 6.15593537 5.78552783
v 2.43390481 6.15593537 5.80012511
v 2.53445132 6.15593537 5.74320792
v 2.50662158 6.15593537 5.75706923
v 2.59549780 6.15593537 5.71622127
v 2.56407673 6.15593537 5.72959219
v 2.66372618 6.15593537 5.69021615
v 2.62871455 6.15593537 5.70309592
v 2.73913645 6.15593537 5.66519257
v 2.70053348 6.15593537 5.67758195
v 2.82172862 6.15593537 5.64114977
v 2.77953509 6.15593537 5.65304876
v 2.90637241 6.15593537 5.61956044
v 2.86443564 6.15593537 5.62986471
v 2.98793915 6.15593537 5.60189651
v 2.94754051 6.15593537 5.61023771
v 3.06642727 6.15593537 5.58815799
v 3.02756755 6.15593537 5.59453686
v 3.14183754 6.15593537 5.57834486
v 3.10451674 6.15593537 5.58276066
v 3.21416918 6.15593537 5.57245714
v 3.17838809 6.15593537 5.57490986
v 3.28342377 6.15593537 5.57049407
v 3.24918160 6.15593537 5.57098521
v 3.47015378 6.15593537 5.57736332
v 3.37781459 6.15593537 5.57221157
v 3.64867568 6.15593537 5.59797111
v 3.56044055 6.15593537 5.58595010
v 3.81899027 6.15593537 5.63231818
v 3.73485919 6.15593537 5.61342715
v 3.98109676 6.15593537 5.68040303
v 3.90106894 6.15593537 5.65464273
v 4.13499514 6.15593537 5.74222639
v 4.05907137 6.15593537 5.70959758
v 4.28068542 6.15593537 5.81778903
v 4.20886571 6.15593537 5.77829021
v 4.41508976 6.15593537 5.90758059
v 4.34968326 6.15593537 5.86084490
v 4.53513031 6.15593537 6.01209147
v 4.47690571 6.15593537 5.95799612
v 4.64080786 6.15593537 6.13132316
v 4.58976437 6.15593537 6.06986740
v 4.73212084 6.15593537 6.26527416
v 4.68825924 6.15593537 6.19645874
v 4.80907003 6.15593537 6.41394523
v 4.77239032 6.15593537 6.33776940
v 4.87165544 6.15593537 6.57733636
v 4.84215762 6.15593537 6.49380088
v 4.89422654 6.15593537 6.64308513
v 4.88345409 6.15593537 6.60996516
v 4.91269438 6.15593537 6.71079696
v 4.90397357 6.15593537 6.67669547
v 4.92705817 6.15593537 6.78047114
v 4.92038977 6.15593537 6.74538885
v 4.93731869 6.15593537 6.85210837
v 4.93270114 6.15593537 6.81604456
v 4.94347437 6.15593537 6.92570794
v 4.94090924 6.15593537 6.88866258
v 4.94552600 6.15593537 7.00126983
v 4.94501329 6.15593537 6.96324369
v 4.93577976 6.15593537 7.17103983
v 4.94308925 6.15593537 7.08640003
v 4.90653870 6.15593537 7.33884676
v 4.92359599 6.15593537 7.25518774
v 4.85780436 6.15593537 7.50469136
v 4.88460789 6.15593537 7.42201463
v 4.78957599 6.15593537 7.66857288
v 4.82612654 6.15593537 7.58687694
v 4.70185356 6.15593537 7.83049133
v 4.74815192 6.15593537 7.74977768
v 4.59463788 6.15593537 7.99044820
v 4.65068248 6.15593537 7.91071534
v 4.47254569 6.15593537 8.14402620
v 4.53487435 6.15593537 8.06858634
v 4.34019299 6.15593537 8.28680954
v 4.40765112 6.15593537 8.21676627
v 4.19758055 6.15593537 8.41879822
v 4.27016894 6.15593537 8.35415302
v 4.04470759 6.15593537 8.53999074
v 4.12242624 6.15593537 8.48074362
v 3.88157568 6.15593537 8.65039009
v 3.96442381 6.15593537 8.59654106
v 3.70818325 6.15593537 8.74999627
v 3.79616163 6.15593537 8.70154232
v 3.22853375 6.15593537 8.96588803
v 3.47438620 6.15593537 8.86284834
v 2.70066186 6.15593537 9.14252730
v 2.97062512 6.15593537 9.05911386
v 2.12456912 6.15593537 9.27991255
v 2.41864319 6.15593537 9.21612686
v 1.50025477 6.15593537 9.37804532
v 1.81843965 6.15593537 9.33388587
v 0.82771880 6.15593537 9.43692557
v 1.17001449 6.15593537 9.41239238
v 0.10696121 6.15593537 9.45655182
v 0.47336771 6.15593537 9.45164488
v -0.53043475 6.15593537 9.43299941
v -0.21552027 6.15593537 9.45066409
v -1.13756383 6.15593537 9.36234371
v -0.83778260 6.15593537 9.40355929
v -1.71442641 6.15593537 9.24458471
v -1.42977843 6.15593537 9.30935268
v -2.26102211 6.15593537 9.07972089
v -1.99150738 6.15593537 9.16804127
v -2.77735112 6.15593537 8.86775528
v -2.52296983 6.15593537 8.97962656
v -3.26341344 6.15593537 8.60868486
v -3.02416559 6.15593537 8.74410705
v -3.70689730 6.15593537 8.30545351
v -3.49201662 6.15593537 8.46222094
v -4.09549076 6.15593537 7.96100807
v -3.90805529 6.15593537 8.13838255
v -4.42919372 6.15593537 7.57534706
v -4.26920354 6.15593537 7.77332858
v -4.70800626 6.15593537 7.14846897
v -4.57546129 6.15593537 7.36705903
v -4.93192840 6.15593537 6.68037605
v -4.82682863 6.15593537 6.91957464
v -5.10096013 6.15593537 6.17106680
v -5.02330556 6.15593537 6.43087318
v -5.15738955 6.15593537 5.95664697
v -5.13045736 6.15593537 6.06447007
v -5.20355910 6.15593537 5.73732020
v -5.18175682 6.15593537 5.84759676
v -5.23946871 6.15593537 5.51308649
v -5.22279640 6.15593537 5.62581653
v -5.26511844 6.15593537 5.28394659
v -5.25357604 6.15593537 5.39913010
v -5.28050829 6.15593537 5.04989976
v -5.27409586 6.15593537 5.16753674
v -5.28563821 6.15593537 4.81094674
v -5.28435574 6.15593537 4.93103643
v -5.26280996 6.15593537 4.34089074
v -5.27993115 6.15593537 4.57420161
v -5.19432518 6.15593537 3.88457328
v -5.23427466 6.15593537 4.11101488
v -5.08018391 6.15593537 3.44199509
v -5.14296158 6.15593537 3.66156668
v -4.92038610 6.15593537 3.01315467
v -5.00599202 6.15593537 3.22585700
v -4.71493170 6.15593537 2.59805279
v -4.82336596 6.15593537 2.80388660
v -4.46382081 6.15593537 2.19669017
v -4.59508332 6.15593537 2.39565398
v -4.16756644 6.15593537 1.81887921
v -4.32127246 6.15593537 2.00361409
v -3.82668150 6.15593537 1.47443302
v -4.00270285 6.15593537 1.64248552
v -3.44116608 6.15593537 1.16335237
v -3.63950257 6.15593537 1.31472173
v -3.01102018 6.15593537 0.88563649
v -3.23167201 6.15593537 1.02032345
v -2.53624361 6.15593537 0.64128576
v -2.77921058 6.15593537 0.75929071
v -2.01683656 6.15593537 0.43030056
v -2.28211887 6.15593537 0.53162237
v -0.94980761 6.15593537 0.04874800
v -1.13038193 6.15593537 0.11235026
v -3.10650120 6.15593537 -2.72153967
v -3.06950154 6.15593537 -2.74036894
v -3.03282241 6.15593537 -2.75932081
v -3.18088546 6.15593537 -2.68572124
v -3.14362924 6.15593537 -2.70332377
v -3.25578263 6.15593537 -2.65235609
v -3.21826986 6.15593537 -2.66873207
v -3.33119290 6.15593537 -2.62144421
v -3.29342357 6.15593537 -2.63659347
v -3.40711608 6.15593537 -2.59298582
v -3.36909040 6.15593537 -2.60690833
v -3.48355236 6.15593537 -2.56698051
v -3.44527013 6.15593537 -2.57967647
v -3.56075791 6.15593537 -2.54361266
v -3.52196277 6.15593537 -2.55489790
v -3.64027203 6.15593537 -2.52398622
v -3.60019433 6.15593537 -2.53330877
v -3.72235129 6.15593537 -2.50828499
v -3.68099102 6.15593537 -2.51564484
v -3.80699528 6.15593537 -2.49650898
v -3.76435265 6.15593537 -2.50190631
v -3.89420441 6.15593537 -2.48865836
v -3.85027920 6.15593537 -2.49209300
v -3.98397846 6.15593537 -2.48473315
v -3.93877089 6.15593537 -2.48620508
v -4.09119435 6.15593537 -2.48540772
v -4.02982732 6.15593537 -2.48424239
v -4.21277421 6.15593537 -2.49473027
v -4.15217664 6.15593537 -2.48890375
v -4.33281486 6.15593537 -2.51337555
v -4.27298685 6.15593537 -2.50288767
v -4.45131659 6.15593537 -2.54134337
v -4.39225814 6.15593537 -2.52619411
v -4.56827940 6.15593537 -2.57863392
v -4.50999041 6.15593537 -2.55882330
v -4.68370318 6.15593537 -2.62524683
v -4.62618366 6.15593537 -2.60077504
v -4.79681849 6.15593537 -2.68093728
v -4.74083798 6.15593537 -2.65204949
v -4.90300836 6.15593537 -2.74423295
v -4.85087525 6.15593537 -2.71166515
v -5.00150333 6.15593537 -2.81488846
v -4.95321772 6.15593537 -2.77864065
v -5.09230340 6.15593537 -2.89290402
v -5.04786519 6.15593537 -2.85297619
v -5.17540852 6.15593537 -2.97827941
v -5.13481781 6.15593537 -2.93467175
v -5.25081870 6.15593537 -3.07101501
v -5.21407548 6.15593537 -3.02372716
v -5.32988400 6.15593537 -3.19104350
v -5.28563821 6.15593537 -3.12014260
v -5.40683320 6.15593537 -3.33431742
v -5.37028235 6.15593537 -3.26243517
v -5.46839254 6.15593537 -3.47955386
v -5.43953659 6.15593537 -3.40669026
v -5.51456208 6.15593537 -3.62675300
v -5.49340104 6.15593537 -3.55290804
v -5.54534176 6.15593537 -3.77591482
v -5.53187563 6.15593537 -3.70108853
v -5.56073158 6.15593537 -3.92703927
v -5.55496040 6.15593537 -3.85123171
v -5.56124459 6.15593537 -4.07086507
v -5.56265533 6.15593537 -4.00333750
v -5.54995869 6.15593537 -4.20481626
v -5.55701238 6.15593537 -4.13802466
v -5.52738695 6.15593537 -4.33729552
v -5.54008356 6.15593537 -4.27123988
v -5.49352931 6.15593537 -4.46830276
v -5.51186887 6.15593537 -4.40298308
v -5.44838578 6.15593537 -4.59783796
v -5.47236827 6.15593537 -4.53325435
v -5.39195635 6.15593537 -4.72590124
v -5.42158181 6.15593537 -4.66205359
v -5.32462581 6.15593537 -4.85187912
v -5.35950946 6.15593537 -4.78938086
v -5.24870263 6.15593537 -4.97209177
v -5.28769018 6.15593537 -4.91278277
v -5.16457150 6.15593537 -5.08592577
v -5.20766305 6.15593537 -5.02980609
v -5.07223246 6.15593537 -5.19338114
v -5.11942797 6.15593537 -5.14045078
v -4.97168556 6.15593537 -5.29445788
v -5.02298502 6.15593537 -5.24471683
v -4.86293066 6.15593537 -5.38915599
v -4.91833407 6.15593537 -5.34260426
v -4.68133062 6.15593537 -5.52372052
v -4.80547532 6.15593537 -5.43411306
v -4.40841740 6.15593537 -5.69299953
v -4.54897801 6.15593537 -5.61001602
v -4.10267266 6.15593537 -5.84903061
v -4.25964908 6.15593537 -5.77267107
v -3.76409629 6.15593537 -5.99181376
v -3.93748833 6.15593537 -5.92207820
v -3.39268810 6.15593537 -6.12134902
v -3.58249615 6.15593537 -6.05823738
v -2.98844829 6.15593537 -6.23763633
v -3.19467215 6.15593537 -6.18114871
v -2.55548091 6.15593537 -6.34018507
v -2.77401653 6.15593537 -6.29081200
v -2.11840967 6.15593537 -6.42605122
v -2.33694509 6.15593537 -6.38526484
v -1.68133804 6.15593537 -6.49474413
v -1.89987386 6.15593537 -6.46254433
v -1.24426680 6.15593537 -6.54626388
v -1.46280223 6.15593537 -6.52265066
v -0.80719517 6.15593537 -6.58061030
v -1.02573099 6.15593537 -6.56558374
v -0.37012393 6.15593537 -6.59778355
v -0.58865936 6.15593537 -6.59134357
v 0.28682987 6.15593537 -6.59152756
v -0.15158812 6.15593537 -6.59993024
v 1.11634246 6.15593537 -6.52430667
v 0.70947314 6.15593537 -6.56631970
v 1.88275576 6.15593537 -6.38986481
v 1.50743667 6.15593537 -6.46548828
v 2.58607172 6.15593537 -6.18820196
v 2.24230129 6.15593537 -6.29743597
v 3.22628877 6.15593537 -5.91931819
v 2.91406780 6.15593537 -6.06216268
v 3.80340772 6.15593537 -5.58321353
v 3.52273541 6.15593537 -5.75966847
v 4.31460744 6.15593537 -5.18050122
v 4.06830568 6.15593537 -5.38995331
v 4.74295748 6.15593537 -4.71486129
v 4.53949111 6.15593537 -4.95547055
v 5.08563828 6.15593537 -4.18690704
v 4.92500653 6.15593537 -4.45867343
v 5.34264830 6.15593537 -3.59663848
v 5.22485195 6.15593537 -3.89956212
v 5.51398832 6.15593537 -2.94405569
v 5.43902736 6.15593537 -3.27813640
v 5.59965832 6.15593537 -2.22915857
v 5.56753197 6.15593537 -2.59439635
v 5.60363400 6.15593537 -1.56099734
v 5.61036737 6.15593537 -1.84834217
v 5.54977019 6.15593537 -1.01096291
v 5.58343546 6.15593537 -1.28187093
v 5.44204101 6.15593537 -0.49380361
v 5.50263819 6.15593537 -0.74827406
v 5.28044802 6.15593537 -0.00951833
v 5.36797710 6.15593537 -0.24755158
v 5.06498966 6.15593537 0.44189258
v 5.17945221 6.15593537 0.22029652
v 4.79566748 6.15593537 0.86042872
v 4.93706194 6.15593537 0.65526985
v 4.47440476 6.15593537 1.24596770
v 4.64080786 6.15593537 1.05736881
v 4.11274340 6.15593537 1.59777354
v 4.29838380 6.15593537 1.42610261
v 3.71260823 6.15593537 1.91572346
v 3.91748514 6.15593537 1.76098049
v 3.27399768 6.15593537 2.19981821
v 3.49811189 6.15593537 2.06200320
v 2.79691253 6.15593537 2.45005629
v 3.04026404 6.15593537 2.32916924
v 2.28135279 6.15593537 2.66643920
v 2.54394238 6.15593537 2.56248011
v 1.10422287 6.15593537 3.06222106
v 2.00914534 6.15593537 2.76193505
v -0.77744139 6.15593537 -0.01252358
v -2.99665620 6.15593537 -2.77790469
v 2.29167671 6.15593537 5.88476416
v -2.96100309 6.15593537 -2.79612059
v 0.94724664 6.15593537 3.11459965
v 2.14201075 6.15593537 5.96204431
v -2.92586308 6.15593537 -2.81396851
v -2.89123579 6.15593537 -2.83144844
v 0.79642610 6.15593537 3.16575114
v 1.98490615 6.15593537 6.03196329
v -0.61328327 6.15593537 -0.07146448
v -2.85712180 6.15593537 -2.84856021
v 0.65176124 6.15593537 3.21567627
v 1.82036291 6.15593537 6.09452338
v -0.45733286 6.15593537 -0.12807507
v -2.82352052 6.15593537 -2.86530418
v 0.51325285 6.15593537 3.26437429
v 1.64838181 6.15593537 6.14972305
v -0.30959055 6.15593537 -0.18235459
v -2.79043234 6.15593537 -2.88167997
v 0.38090015 6.15593537 3.31184595
v 1.46896207 6.15593537 6.19756231
v -0.17005596 6.15593537 -0.23430345
v 0.25470352 6.15593537 3.35809126
v 1.28210369 6.15593537 6.23804268
v -0.03872946 6.15593537 -0.28392198
v -2.75785727 6.15593537 -2.89768798
v 0.13466297 6.15593537 3.40310944
v 1.08780667 6.15593537 6.27116189
v 0.08438933 6.15593537 -0.33120984
v -2.72579511 6.15593537 -2.91332781
v 0.02077810 6.15593537 3.44690127
v 0.88607178 6.15593537 6.29692218
v 0.19930001 6.15593537 -0.37616664
v -2.69424585 6.15593537 -2.92859985
v -0.08695069 6.15593537 3.48946675
v 0.67689826 6.15593537 6.31532207
v 0.30600298 6.15593537 -0.41879314
v -2.66320970 6.15593537 -2.94350371
v -0.18852379 6.15593537 3.53080511
v 0.46028610 6.15593537 6.32636156
v 0.40449786 6.15593537 -0.45908895
v -2.46570685 6.15593537 -3.02814314
v -0.28394082 6.15593537 3.57091637
v 0.23623569 6.15593537 6.33004214
v 0.49478502 6.15593537 -0.49705407
v -2.26717780 6.15593537 -3.10542273
v -0.37320178 6.15593537 3.60980201
v 0.58007029 6.15593537 -0.53483501
v -2.06762292 6.15593537 -3.17534227
v -0.45816651 6.15593537 3.64874830
v 0.11164217 6.15593537 6.32777210
v 0.66356068 6.15593537 -0.57457903
v -1.86704223 6.15593537 -3.23790198
v -0.54069449 6.15593537 3.68904373
v -0.00974514 6.15593537 6.32096423
v 0.74525501 6.15593537 -0.61628539
v -1.66543533 6.15593537 -3.29310166
v -0.62078571 6.15593537 3.73068906
v -0.12792623 6.15593537 6.30961778
v -1.46280223 6.15593537 -3.34094130
v -0.69844056 6.15593537 3.77368354
v -0.24290110 6.15593537 6.29373275
v -1.25914369 6.15593537 -3.38142110
v -0.77365827 6.15593537 3.81802716
v -0.35466975 6.15593537 6.27330914
v -1.05445856 6.15593537 -3.41454087
v -0.84643923 6.15593537 3.86371992
v -0.46323219 6.15593537 6.24834620
v -0.84874800 6.15593537 -3.44030079
v -0.91678382 6.15593537 3.91076258
v -0.56858880 6.15593537 6.21884543
v -0.64201084 6.15593537 -3.45870069
v -0.98469126 6.15593537 3.95915439
v -0.67073881 6.15593537 6.18480533
v -0.43424826 6.15593537 -3.46974055
v -1.05016234 6.15593537 4.00889533
v -0.76968260 6.15593537 6.14622665
v -0.22545947 6.15593537 -3.47342056
v -1.11319666 6.15593537 4.05998543
v -0.86542017 6.15593537 6.10311014
v -0.06841905 6.15593537 -3.47053791
v -0.95795153 6.15593537 6.05545430
v 0.08259405 6.15593537 -3.46188993
v -1.04727667 6.15593537 6.00325988
v 0.22757906 6.15593537 -3.44747665
v -1.13134356 6.15593537 5.94603574
v 0.36653636 6.15593537 -3.42729824
v -1.20810059 6.15593537 5.88329223
v 0.49946597 6.15593537 -3.40135431
v -1.27754734 6.15593537 5.81502860
v 0.62636826 6.15593537 -3.36964528
v -1.33968383 6.15593537 5.74124560
v 0.74724246 6.15593537 -3.33217073
v -1.39451005 6.15593537 5.66194174
v 0.86208935 6.15593537 -3.28893106
v -1.44202601 6.15593537 5.57711851
v 0.97090814 6.15593537 -3.23992589
v -1.48223208 6.15593537 5.48677441
v 1.07369963 6.15593537 -3.18515559
v -1.51512789 6.15593537 5.39091094
v 1.17046302 6.15593537 -3.12461997
v -1.54071344 6.15593537 5.28952811
v 1.26119910 6.15593537 -3.05831904
v -1.55898872 6.15593537 5.18262440
v 1.34526599 6.15593537 -2.98723415
v -1.56995412 6.15593537 5.07020133
v 1.42202263 6.15593537 -2.91234646
v -1.57360925 6.15593537 4.95225815
v 1.49146977 6.15593537 -2.83365634
v -1.57123668 6.15593537 4.87663411
v -1.56411897 6.15593537 4.80285112
v 1.55360587 6.15593537 -2.75116341
v -1.55225574 6.15593537 4.73090691
v 1.60843248 6.15593537 -2.66486807
v -1.53564776 6.15593537 4.66080374
v 1.65594804 6.15593537 -2.57476991
v -1.51429425 6.15593537 4.59254011
v 1.69615412 6.15593537 -2.48086915
v -1.48819560 6.15593537 4.52611603
v 1.72904993 6.15593537 -2.38316557
v 1.75463548 6.15593537 -2.28165958
v -1.45735181 6.15593537 4.46153298
v 1.77291154 6.15593537 -2.17635079
v -1.42176289 6.15593537 4.39878947
v 1.78387655 6.15593537 -2.06723956
v -1.38142844 6.15593537 4.33788549
v 1.78753129 6.15593537 -1.95432535
v -1.33634924 6.15593537 4.27882181
v 1.78483857 6.15593537 -1.86999252
v -1.28652451 6.15593537 4.22159841
v 1.77675884 6.15593537 -1.78774516
v -1.23195465 6.15593537 4.16621456
v 1.76329289 6.15593537 -1.70758292
v -1.17379384 6.15593537 4.11242543
v 1.74443993 6.15593537 -1.62950616
v 1.72020074 6.15593537 -1.55351453
v 1.69057534 6.15593537 -1.47960836
v 0.82515367 6.15593537 -0.65995443
v 1.65556370 6.15593537 -1.40778732
v 0.90325667 6.15593537 -0.70558617
v 1.61516507 6.15593537 -1.33805176
v 0.97956477 6.15593537 -0.75318062
v 1.56938020 6.15593537 -1.27040169
v 1.05407721 6.15593537 -0.80273777
v 1.51820912 6.15593537 -1.20483673
v 1.12679476 6.15593537 -0.85425725
v 1.46165180 6.15593537 -1.14135687
v 1.19771586 6.15593537 -0.90773979
v 1.39970748 6.15593537 -1.07996251
v 1.26684207 6.15593537 -0.96318466
v 1.33417261 6.15593537 -1.02059223
v 2.43390481 -6.15593536 5.80012511
v 2.45634833 -6.15593536 5.78552783
v 2.48058751 -6.15593536 5.77117537
v 2.50662158 -6.15593536 5.75706923
v 2.53445132 -6.15593536 5.74320792
v 2.56407673 -6.15593536 5.72959219
v 2.59549780 -6.15593536 5.71622127
v 2.62871455 -6.15593536 5.70309592
v 2.66372618 -6.15593536 5.69021615
v 2.70053348 -6.15593536 5.67758195
v 2.73913645 -6.15593536 5.66519257
v 2.77953509 -6.15593536 5.65304876
v 2.82172862 -6.15593536 5.64114977
v 2.86443564 -6.15593536 5.62986471
v 2.90637241 -6.15593536 5.61956044
v 2.94754051 -6.15593536 5.61023771
v 2.98793915 -6.15593536 5.60189651
v 3.02756755 -6.15593536 5.59453686
v 3.06642727 -6.15593536 5.58815799
v 3.10451674 -6.15593536 5.58276066
v 3.14183754 -6.15593536 5.57834486
v 3.17838809 -6.15593536 5.57490986
v 3.21416918 -6.15593536 5.57245714
v 3.24918160 -6.15593536 5.57098521
v 3.28342377 -6.15593536 5.57049407
v 3.37781459 -6.15593536 5.57221157
v 3.47015378 -6.15593536 5.57736332
v 3.56044055 -6.15593536 5.58595010
v 3.64867568 -6.15593536 5.59797111
v 3.73485919 -6.15593536 5.61342715
v 3.81899027 -6.15593536 5.63231818
v 3.90106894 -6.15593536 5.65464273
v 3.98109676 -6.15593536 5.68040303
v 4.05907137 -6.15593536 5.70959758
v 4.13499514 -6.15593536 5.74222639
v 4.20886571 -6.15593536 5.77829021
v 4.28068542 -6.15593536 5.81778903
v 4.34968326 -6.15593536 5.86084490
v 4.41508976 -6.15593536 5.90758059
v 4.47690571 -6.15593536 5.95799612
v 4.53513031 -6.15593536 6.01209147
v 4.58976437 -6.15593536 6.06986740
v 4.64080786 -6.15593536 6.13132316
v 4.68825924 -6.15593536 6.19645874
v 4.73212084 -6.15593536 6.26527416
v 4.77239032 -6.15593536 6.33776940
v 4.80907003 -6.15593536 6.41394523
v 4.84215762 -6.15593536 6.49380088
v 4.87165544 -6.15593536 6.57733636
v 4.88345409 -6.15593536 6.60996516
v 4.89422654 -6.15593536 6.64308513
v 4.90397357 -6.15593536 6.67669547
v 4.91269438 -6.15593536 6.71079696
v 4.92038977 -6.15593536 6.74538885
v 4.92705817 -6.15593536 6.78047114
v 4.93270114 -6.15593536 6.81604456
v 4.93731869 -6.15593536 6.85210837
v 4.94090924 -6.15593536 6.88866258
v 4.94347437 -6.15593536 6.92570794
v 4.94501329 -6.15593536 6.96324369
v 4.94552600 -6.15593536 7.00126983
v 4.94308925 -6.15593536 7.08640003
v 4.93577976 -6.15593536 7.17103983
v 4.92359599 -6.15593536 7.25518774
v 4.90653870 -6.15593536 7.33884676
v 4.88460789 -6.15593536 7.42201463
v 4.85780436 -6.15593536 7.50469136
v 4.82612654 -6.15593536 7.58687694
v 4.78957599 -6.15593536 7.66857288
v 4.74815192 -6.15593536 7.74977768
v 4.70185356 -6.15593536 7.83049133
v 4.65068248 -6.15593536 7.91071534
v 4.59463788 -6.15593536 7.99044820
v 4.53487435 -6.15593536 8.06858634
v 4.47254569 -6.15593536 8.14402620
v 4.40765112 -6.15593536 8.21676627
v 4.34019299 -6.15593536 8.28680954
v 4.27016894 -6.15593536 8.35415302
v 4.19758055 -6.15593536 8.41879822
v 4.12242624 -6.15593536 8.48074362
v 4.04470759 -6.15593536 8.53999074
v 3.96442381 -6.15593536 8.59654106
v 3.88157568 -6.15593536 8.65039009
v 3.79616163 -6.15593536 8.70154232
v 3.70818325 -6.15593536 8.74999627
v 3.47438620 -6.15593536 8.86284834
v 3.22853375 -6.15593536 8.96588803
v 2.97062512 -6.15593536 9.05911386
v 2.70066186 -6.15593536 9.14252730
v 2.41864319 -6.15593536 9.21612686
v 2.12456912 -6.15593536 9.27991255
v 1.81843965 -6.15593536 9.33388587
v 1.50025477 -6.15593536 9.37804532
v 1.17001449 -6.15593536 9.41239238
v 0.82771880 -6.15593536 9.43692557
v 0.47336771 -6.15593536 9.45164488
v 0.10696121 -6.15593536 9.45655182
v -0.21552027 -6.15593536 9.45066409
v -0.53043475 -6.15593536 9.43299941
v -0.83778260 -6.15593536 9.40355929
v -1.13756383 -6.15593536 9.36234371
v -1.42977843 -6.15593536 9.30935268
v -1.71442641 -6.15593536 9.24458471
v -1.99150738 -6.15593536 9.16804127
v -2.26102211 -6.15593536 9.07972089
v -2.52296983 -6.15593536 8.97962656
v -2.77735112 -6.15593536 8.86775528
v -3.02416559 -6.15593536 8.74410705
v -3.26341344 -6.15593536 8.60868486
v -3.49201662 -6.15593536 8.46222094
v -3.70689730 -6.15593536 8.30545351
v -3.90805529 -6.15593536 8.13838255
v -4.09549076 -6.15593536 7.96100807
v -4.26920354 -6.15593536 7.77332858
v -4.42919372 -6.15593536 7.57534706
v -4.57546129 -6.15593536 7.36705903
v -4.70800626 -6.15593536 7.14846897
v -4.82682863 -6.15593536 6.91957464
v -4.93192840 -6.15593536 6.68037605
v -5.02330556 -6.15593536 6.43087318
v -5.10096013 -6.15593536 6.17106680
v -5.13045736 -6.15593536 6.06447007
v -5.15738955 -6.15593536 5.95664697
v -5.18175682 -6.15593536 5.84759676
v -5.20355910 -6.15593536 5.73732020
v -5.22279640 -6.15593536 5.62581653
v -5.23946871 -6.15593536 5.51308649
v -5.25357604 -6.15593536 5.39913010
v -5.26511844 -6.15593536 5.28394659
v -5.27409586 -6.15593536 5.16753674
v -5.28050829 -6.15593536 5.04989976
v -5.28435574 -6.15593536 4.93103643
v -5.28563821 -6.15593536 4.81094674
v -5.27993115 -6.15593536 4.57420161
v -5.26280996 -6.15593536 4.34089074
v -5.23427466 -6.15593536 4.11101488
v -5.19432518 -6.15593536 3.88457328
v -5.14296158 -6.15593536 3.66156668
v -5.08018391 -6.15593536 3.44199509
v -5.00599202 -6.15593536 3.22585700
v -4.92038610 -6.15593536 3.01315467
v -4.82336596 -6.15593536 2.80388660
v -4.71493170 -6.15593536 2.59805279
v -4.59508332 -6.15593536 2.39565398
v -4.46382081 -6.15593536 2.19669017
v -4.32127246 -6.15593536 2.00361409
v -4.16756644 -6.15593536 1.81887921
v -4.00270285 -6.15593536 1.64248552
v -3.82668150 -6.15593536 1.47443302
v -3.63950257 -6.15593536 1.31472173
v -3.44116608 -6.15593536 1.16335237
v -3.23167201 -6.15593536 1.02032345
v -3.01102018 -6.15593536 0.88563649
v -2.77921058 -6.15593536 0.75929071
v -2.53624361 -6.15593536 0.64128576
v -2.28211887 -6.15593536 0.53162237
v -2.01683656 -6.15593536 0.43030056
v -1.13038193 -6.15593536 0.11235026
v -0.94980761 -6.15593536 0.04874800
v -3.03282241 -6.15593536 -2.75932081
v -3.06950154 -6.15593536 -2.74036894
v -3.10650120 -6.15593536 -2.72153967
v -3.14362924 -6.15593536 -2.70332377
v -3.18088546 -6.15593536 -2.68572124
v -3.21826986 -6.15593536 -2.66873207
v -3.25578263 -6.15593536 -2.65235609
v -3.29342357 -6.15593536 -2.63659347
v -3.33119290 -6.15593536 -2.62144421
v -3.36909040 -6.15593536 -2.60690833
v -3.40711608 -6.15593536 -2.59298582
v -3.44527013 -6.15593536 -2.57967647
v -3.48355236 -6.15593536 -2.56698051
v -3.52196277 -6.15593536 -2.55489790
v -3.56075791 -6.15593536 -2.54361266
v -3.60019433 -6.15593536 -2.53330877
v -3.64027203 -6.15593536 -2.52398622
v -3.68099102 -6.15593536 -2.51564484
v -3.72235129 -6.15593536 -2.50828499
v -3.76435265 -6.15593536 -2.50190631
v -3.80699528 -6.15593536 -2.49650898
v -3.85027920 -6.15593536 -2.49209300
v -3.89420441 -6.15593536 -2.48865836
v -3.93877089 -6.15593536 -2.48620508
v -3.98397846 -6.15593536 -2.48473315
v -4.02982732 -6.15593536 -2.48424239
v -4.09119435 -6.15593536 -2.48540772
v -4.15217664 -6.15593536 -2.48890375
v -4.21277421 -6.15593536 -2.49473027
v -4.27298685 -6.15593536 -2.50288767
v -4.33281486 -6.15593536 -2.51337555
v -4.39225814 -6.15593536 -2.52619411
v -4.45131659 -6.15593536 -2.54134337
v -4.50999041 -6.15593536 -2.55882330
v -4.56827940 -6.15593536 -2.57863392
v -4.62618366 -6.15593536 -2.60077504
v -4.68370318 -6.15593536 -2.62524683
v -4.74083798 -6.15593536 -2.65204949
v -4.79681849 -6.15593536 -2.68093728
v -4.85087525 -6.15593536 -2.71166515
v -4.90300836 -6.15593536 -2.74423295
v -4.95321772 -6.15593536 -2.77864065
v -5.00150333 -6.15593536 -2.81488846
v -5.04786519 -6.15593536 -2.85297619
v -5.09230340 -6.15593536 -2.89290402
v -5.13481781 -6.15593536 -2.93467175
v -5.17540852 -6.15593536 -2.97827941
v -5.21407548 -6.15593536 -3.02372716
v -5.25081870 -6.15593536 -3.07101501
v -5.28563821 -6.15593536 -3.12014260
v -5.32988400 -6.15593536 -3.19104350
v -5.37028235 -6.15593536 -3.26243517
v -5.40683320 -6.15593536 -3.33431742
v -5.43953659 -6.15593536 -3.40669026
v -5.46839254 -6.15593536 -3.47955386
v -5.49340104 -6.15593536 -3.55290804
v -5.51456208 -6.15593536 -3.62675300
v -5.53187563 -6.15593536 -3.70108853
v -5.54534176 -6.15593536 -3.77591482
v -5.55496040 -6.15593536 -3.85123171
v -5.56073158 -6.15593536 -3.92703927
v -5.56265533 -6.15593536 -4.00333750
v -5.56124459 -6.15593536 -4.07086507
v -5.55701238 -6.15593536 -4.13802466
v -5.54995869 -6.15593536 -4.20481626
v -5.54008356 -6.15593536 -4.27123988
v -5.52738695 -6.15593536 -4.33729552
v -5.51186887 -6.15593536 -4.40298308
v -5.49352931 -6.15593536 -4.46830276
v -5.47236827 -6.15593536 -4.53325435
v -5.44838578 -6.15593536 -4.59783796
v -5.42158181 -6.15593536 -4.66205359
v -5.39195635 -6.15593536 -4.72590124
v -5.35950946 -6.15593536 -4.78938086
v -5.32462581 -6.15593536 -4.85187912
v -5.28769018 -6.15593536 -4.91278277
v -5.24870263 -6.15593536 -4.97209177
v -5.20766305 -6.15593536 -5.02980609
v -5.16457150 -6.15593536 -5.08592577
v -5.11942797 -6.15593536 -5.14045078
v -5.07223246 -6.15593536 -5.19338114
v -5.02298502 -6.15593536 -5.24471683
v -4.97168556 -6.15593536 -5.29445788
v -4.91833407 -6.15593536 -5.34260426
v -4.86293066 -6.15593536 -5.38915599
v -4.80547532 -6.15593536 -5.43411306
v -4.68133062 -6.15593536 -5.52372052
v -4.54897801 -6.15593536 -5.61001602
v -4.40841740 -6.15593536 -5.69299953
v -4.25964908 -6.15593536 -5.77267107
v -4.10267266 -6.15593536 -5.84903061
v -3.93748833 -6.15593536 -5.92207820
v -3.76409629 -6.15593536 -5.99181376
v -3.58249615 -6.15593536 -6.05823738
v -3.39268810 -6.15593536 -6.12134902
v -3.19467215 -6.15593536 -6.18114871
v -2.98844829 -6.15593536 -6.23763633
v -2.77401653 -6.15593536 -6.29081200
v -2.55548091 -6.15593536 -6.34018507
v -2.33694509 -6.15593536 -6.38526484
v -2.11840967 -6.15593536 -6.42605122
v -1.89987386 -6.15593536 -6.46254433
v -1.68133804 -6.15593536 -6.49474413
v -1.46280223 -6.15593536 -6.52265066
v -1.24426680 -6.15593536 -6.54626388
v -1.02573099 -6.15593536 -6.56558374
v -0.80719517 -6.15593536 -6.58061030
v -0.58865936 -6.15593536 -6.59134357
v -0.37012393 -6.15593536 -6.59778355
v -0.15158812 -6.15593536 -6.59993024
v 0.28682987 -6.15593536 -6.59152756
v 0.70947314 -6.15593536 -6.56631970
v 1.11634246 -6.15593536 -6.52430667
v 1.50743667 -6.15593536 -6.46548828
v 1.88275576 -6.15593536 -6.38986481
v 2.24230129 -6.15593536 -6.29743597
v 2.58607172 -6.15593536 -6.18820196
v 2.91406780 -6.15593536 -6.06216268
v 3.22628877 -6.15593536 -5.91931819
v 3.52273541 -6.15593536 -5.75966847
v 3.80340772 -6.15593536 -5.58321353
v 4.06830568 -6.15593536 -5.38995331
v 4.31460744 -6.15593536 -5.18050122
v 4.53949111 -6.15593536 -4.95547055
v 4.74295748 -6.15593536 -4.71486129
v 4.92500653 -6.15593536 -4.45867343
v 5.08563828 -6.15593536 -4.18690704
v 5.22485195 -6.15593536 -3.89956212
v 5.34264830 -6.15593536 -3.59663848
v 5.43902736 -6.15593536 -3.27813640
v 5.51398832 -6.15593536 -2.94405569
v 5.56753197 -6.15593536 -2.59439635
v 5.59965832 -6.15593536 -2.22915857
v 5.61036737 -6.15593536 -1.84834217
v 5.60363400 -6.15593536 -1.56099734
v 5.58343546 -6.15593536 -1.28187093
v 5.54977019 -6.15593536 -1.01096291
v 5.50263819 -6.15593536 -0.74827406
v 5.44204101 -6.15593536 -0.49380361
v 5.36797710 -6.15593536 -0.24755158
v 5.28044802 -6.15593536 -0.00951833
v 5.17945221 -6.15593536 0.22029652
v 5.06498966 -6.15593536 0.44189258
v 4.93706194 -6.15593536 0.65526985
v 4.79566748 -6.15593536 0.86042872
v 4.64080786 -6.15593536 1.05736881
v 4.47440476 -6.15593536 1.24596770
v 4.29838380 -6.15593536 1.42610261
v 4.11274340 -6.15593536 1.59777354
v 3.91748514 -6.15593536 1.76098049
v 3.71260823 -6.15593536 1.91572346
v 3.49811189 -6.15593536 2.06200320
v 3.27399768 -6.15593536 2.19981821
v 3.04026404 -6.15593536 2.32916924
v 2.79691253 -6.15593536 2.45005629
v 2.54394238 -6.15593536 2.56248011
v 2.28135279 -6.15593536 2.66643920
v 2.00914534 -6.15593536 2.76193505
v 1.10422287 -6.15593536 3.06222106
v -0.77744139 -6.15593536 -0.01252358
v -2.99665620 -6.15593536 -2.77790469
v 2.29167671 -6.15593536 5.88476416
v -2.96100309 -6.15593536 -2.79612059
v 0.94724664 -6.15593536 3.11459965
v 2.14201075 -6.15593536 5.96204431
v -2.92586308 -6.15593536 -2.81396851
v -2.89123579 -6.15593536 -2.83144844
v 0.79642610 -6.15593536 3.16575114
v 1.98490615 -6.15593536 6.03196329
v -0.61328327 -6.15593536 -0.07146448
v -2.85712180 -6.15593536 -2.84856021
v 0.65176124 -6.15593536 3.21567627
v 1.82036291 -6.15593536 6.09452338
v -0.45733286 -6.15593536 -0.12807507
v -2.82352052 -6.15593536 -2.86530418
v 0.51325285 -6.15593536 3.26437429
v 1.64838181 -6.15593536 6.14972305
v -0.30959055 -6.15593536 -0.18235459
v -2.79043234 -6.15593536 -2.88167997
v 0.38090015 -6.15593536 3.31184595
v 1.46896207 -6.15593536 6.19756231
v -0.17005596 -6.15593536 -0.23430345
v 0.25470352 -6.15593536 3.35809126
v 1.28210369 -6.15593536 6.23804268
v -0.03872946 -6.15593536 -0.28392198
v -2.75785727 -6.15593536 -2.89768798
v 0.13466297 -6.15593536 3.40310944
v 1.08780667 -6.15593536 6.27116189
v 0.08438933 -6.15593536 -0.33120984
v -2.72579511 -6.15593536 -2.91332781
v 0.02077810 -6.15593536 3.44690127
v 0.88607178 -6.15593536 6.29692218
v 0.19930001 -6.15593536 -0.37616664
v -2.69424585 -6.15593536 -2.92859985
v -0.08695069 -6.15593536 3.48946675
v 0.67689826 -6.15593536 6.31532207
v 0.30600298 -6.15593536 -0.41879314
v -2.66320970 -6.15593536 -2.94350371
v -0.18852379 -6.15593536 3.53080511
v 0.46028610 -6.15593536 6.32636156
v 0.40449786 -6.15593536 -0.45908895
v -2.46570685 -6.15593536 -3.02814314
v -0.28394082 -6.15593536 3.57091637
v 0.23623569 -6.15593536 6.33004214
v 0.49478502 -6.15593536 -0.49705407
v -2.26717780 -6.15593536 -3.10542273
v -0.37320178 -6.15593536 3.60980201
v 0.58007029 -6.15593536 -0.53483501
v -2.06762292 -6.15593536 -3.17534227
v -0.45816651 -6.15593536 3.64874830
v 0.11164217 -6.15593536 6.32777210
v 0.66356068 -6.15593536 -0.57457903
v -1.86704223 -6.15593536 -3.23790198
v -0.54069449 -6.15593536 3.68904373
v -0.00974514 -6.15593536 6.32096423
v 0.74525501 -6.15593536 -0.61628539
v -1.66543533 -6.15593536 -3.29310166
v -0.62078571 -6.15593536 3.73068906
v -0.12792623 -6.15593536 6.30961778
v -1.46280223 -6.15593536 -3.34094130
v -0.69844056 -6.15593536 3.77368354
v -0.24290110 -6.15593536 6.29373275
v -1.25914369 -6.15593536 -3.38142110
v -0.77365827 -6.15593536 3.81802716
v -0.35466975 -6.15593536 6.27330914
v -1.05445856 -6.15593536 -3.41454087
v -0.84643923 -6.15593536 3.86371992
v -0.46323219 -6.15593536 6.24834620
v -0.84874800 -6.15593536 -3.44030079
v -0.91678382 -6.15593536 3.91076258
v -0.56858880 -6.15593536 6.21884543
v -0.64201084 -6.15593536 -3.45870069
v -0.98469126 -6.15593536 3.95915439
v -0.67073881 -6.15593536 6.18480533
v -0.43424826 -6.15593536 -3.46974055
v -1.05016234 -6.15593536 4.00889533
v -0.76968260 -6.15593536 6.14622665
v -0.22545947 -6.15593536 -3.47342056
v -1.11319666 -6.15593536 4.05998543
v -0.86542017 -6.15593536 6.10311014
v -0.06841905 -6.15593536 -3.47053791
v -0.95795153 -6.15593536 6.05545430
v 0.08259405 -6.15593536 -3.46188993
v -1.04727667 -6.15593536 6.00325988
v 0.22757906 -6.15593536 -3.44747665
v -1.13134356 -6.15593536 5.94603574
v 0.36653636 -6.15593536 -3.42729824
v -1.20810059 -6.15593536 5.88329223
v 0.49946597 -6.15593536 -3.40135431
v -1.27754734 -6.15593536 5.81502860
v 0.62636826 -6.15593536 -3.36964528
v -1.33968383 -6.15593536 5.74124560
v 0.74724246 -6.15593536 -3.33217073
v -1.39451005 -6.15593536 5.66194174
v 0.86208935 -6.15593536 -3.28893106
v -1.44202601 -6.15593536 5.57711851
v 0.97090814 -6.15593536 -3.23992589
v -1.48223208 -6.15593536 5.48677441
v 1.07369963 -6.15593536 -3.18515559
v -1.51512789 -6.15593536 5.39091094
v 1.17046302 -6.15593536 -3.12461997
v -1.54071344 -6.15593536 5.28952811
v 1.26119910 -6.15593536 -3.05831904
v -1.55898872 -6.15593536 5.18262440
v 1.34526599 -6.15593536 -2.98723415
v -1.56995412 -6.15593536 5.07020133
v 1.42202263 -6.15593536 -2.91234646
v -1.57360925 -6.15593536 4.95225815
v 1.49146977 -6.15593536 -2.83365634
v -1.57123668 -6.15593536 4.87663411
v -1.56411897 -6.15593536 4.80285112
v 1.55360587 -6.15593536 -2.75116341
v -1.55225574 -6.15593536 4.73090691
v 1.60843248 -6.15593536 -2.66486807
v -1.53564776 -6.15593536 4.66080374
v 1.65594804 -6.15593536 -2.57476991
v -1.51429425 -6.15593536 4.59254011
v 1.69615412 -6.15593536 -2.48086915
v -1.48819560 -6.15593536 4.52611603
v 1.72904993 -6.15593536 -2.38316557
v 1.75463548 -6.15593536 -2.28165958
v -1.45735181 -6.15593536 4.46153298
v 1.77291154 -6.15593536 -2.17635079
v -1.42176289 -6.15593536 4.39878947
v 1.78387655 -6.15593536 -2.06723956
v -1.38142844 -6.15593536 4.33788549
v 1.78753129 -6.15593536 -1.95432535
v -1.33634924 -6.15593536 4.27882181
v 1.78483857 -6.15593536 -1.86999252
v -1.28652451 -6.15593536 4.22159841
v 1.77675884 -6.15593536 -1.78774516
v -1.23195465 -6.15593536 4.16621456
v 1.76329289 -6.15593536 -1.70758292
v -1.17379384 -6.15593536 4.11242543
v 1.74443993 -6.15593536 -1.62950616
v 1.72020074 -6.15593536 -1.55351453
v 1.69057534 -6.15593536 -1.47960836
v 0.82515367 -6.15593536 -0.65995443
v 1.65556370 -6.15593536 -1.40778732
v 0.90325667 -6.15593536 -0.70558617
v 1.61516507 -6.15593536 -1.33805176
v 0.97956477 -6.15593536 -0.75318062
v 1.56938020 -6.15593536 -1.27040169
v 1.05407721 -6.15593536 -0.80273777
v 1.51820912 -6.15593536 -1.20483673
v 1.12679476 -6.15593536 -0.85425725
v 1.46165180 -6.15593536 -1.14135687
v 1.19771586 -6.15593536 -0.90773979
v 1.39970748 -6.15593536 -1.07996251
v 1.26684207 -6.15593536 -0.96318466
v 1.33417261 -6.15593536 -1.02059223
v 2.46846792 6.15593537 5.77835160
v 2.45724616 6.15593537 5.78565024
v 2.44512657 6.15593537 5.79282647
v 2.50751942 6.15593537 5.75719165
v 2.48417807 6.15593537 5.77166652
v 2.49360455 6.15593537 5.76412231
v 2.52053645 6.15593537 5.75013858
v 2.56497456 6.15593537 5.72971459
v 2.54926402 6.15593537 5.73640006
v 2.57978727 6.15593537 5.72290673
v 2.59908875 6.15593537 5.71671204
v 2.62961199 6.15593537 5.70321871
v 2.61210618 6.15593537 5.70965859
v 2.64622037 6.15593537 5.69665604
v 2.70143132 6.15593537 5.67770436
v 2.68212983 6.15593537 5.68389905
v 2.71983497 6.15593537 5.67138726
v 2.67808997 6.15593537 5.69217885
v 2.74272740 6.15593537 5.66568296
v 2.78043253 6.15593537 5.65317117
v 2.75933577 6.15593537 5.65912066
v 2.80063185 6.15593537 5.64709926
v 2.86405052 6.15593537 5.63035511
v 2.84308213 6.15593537 5.63550724
v 2.88540403 6.15593537 5.62471258
v 2.90483388 6.15593537 5.62152315
v 2.94715578 6.15593537 5.61072848
v 2.92695646 6.15593537 5.61489908
v 2.96773983 6.15593537 5.60606711
v 3.02718321 6.15593537 5.59502725
v 3.00775335 6.15593537 5.59821669
v 3.04699741 6.15593537 5.59134743
v 2.98178308 6.15593537 5.60974732
v 3.06488835 6.15593537 5.59012069
v 3.10413240 6.15593537 5.58325143
v 3.08547200 6.15593537 5.58545932
v 3.12317714 6.15593537 5.58055276
v 3.17800336 6.15593537 5.57540100
v 3.16011281 6.15593537 5.57662736
v 3.19627864 6.15593537 5.57368350
v 3.21263065 6.15593537 5.57441946
v 3.24879648 6.15593537 5.57147560
v 3.23167539 6.15593537 5.57172118
v 3.26630268 6.15593537 5.57073964
v 3.37678877 6.15593537 5.57392870
v 3.33061918 6.15593537 5.57135282
v 3.42398418 6.15593537 5.57478745
v 3.23520215 6.15593537 5.61956044
v 3.39525661 6.15593537 5.58815799
v 3.46604973 6.15593537 5.58423259
v 3.55941473 6.15593537 5.58766722
v 3.51529716 6.15593537 5.58165672
v 3.60455812 6.15593537 5.59196060
v 3.73383298 6.15593537 5.61514465
v 3.69176743 6.15593537 5.60569913
v 3.77692473 6.15593537 5.62287267
v 3.81488622 6.15593537 5.63918707
v 3.90004351 6.15593537 5.65636060
v 3.86002961 6.15593537 5.64348046
v 3.94108285 6.15593537 5.66752287
v 4.05804595 6.15593537 5.71131471
v 4.02008407 6.15593537 5.69500030
v 4.09703326 6.15593537 5.72591199
v 3.96468055 6.15593537 5.70788008
v 4.13089109 6.15593537 5.74909603
v 4.20784028 6.15593537 5.78000771
v 4.17193042 6.15593537 5.76025830
v 4.24477557 6.15593537 5.79803962
v 4.34788759 6.15593537 5.86268481
v 4.31518434 6.15593537 5.83931697
v 4.38238651 6.15593537 5.88421275
v 4.40790787 6.15593537 5.91494025
v 4.47511004 6.15593537 5.95983603
v 4.44599773 6.15593537 5.93278836
v 4.50601801 6.15593537 5.98504380
v 4.58796909 6.15593537 6.07170731
v 4.56244734 6.15593537 6.04097943
v 4.61528611 6.15593537 6.10059528
v 3.77692473 6.15593537 5.95321197
v 4.19039826 6.15593537 5.93162264
v 4.50640313 6.15593537 6.04153159
v 4.63362558 6.15593537 6.13868282
v 4.68646435 6.15593537 6.19829866
v 4.66453355 6.15593537 6.16389095
v 4.71019004 6.15593537 6.23086645
v 4.77059544 6.15593537 6.33960969
v 4.75225558 6.15593537 6.30152179
v 4.79073018 6.15593537 6.37585732
v 4.80188814 6.15593537 6.42130525
v 4.84036273 6.15593537 6.49564079
v 4.82561383 6.15593537 6.45387306
v 4.85690653 6.15593537 6.53556862
v 4.88294099 6.15593537 6.61021074
v 4.87755477 6.15593537 6.59365077
v 4.88884032 6.15593537 6.62652514
v 4.82240761 6.15593537 6.48803556
v 4.89217491 6.15593537 6.64406666
v 4.90346046 6.15593537 6.67694104
v 4.89910005 6.15593537 6.65989030
v 4.90833397 6.15593537 6.69374621
v 4.91987627 6.15593537 6.74563405
v 4.91654207 6.15593537 6.72809291
v 4.92372397 6.15593537 6.76292999
v 4.92500653 6.15593537 6.78145266
v 4.93218843 6.15593537 6.81628976
v 4.92987965 6.15593537 6.79825785
v 4.93500991 6.15593537 6.83407647
v 4.94039653 6.15593537 6.88890816
v 4.93911396 6.15593537 6.87038548
v 4.94219181 6.15593537 6.90718526
v 4.83882342 6.15593537 6.63327200
v 4.92911019 6.15593537 6.85603340
v 4.94142234 6.15593537 6.92668910
v 4.94450019 6.15593537 6.96348889
v 4.94424383 6.15593537 6.94447581
v 4.94526965 6.15593537 6.98225676
v 4.94065288 6.15593537 7.08615483
v 4.94430763 6.15593537 7.04383493
v 4.93943451 6.15593537 7.12871993
v 4.92603235 6.15593537 7.17005829
v 4.92115923 6.15593537 7.25494329
v 4.92968787 6.15593537 7.21311379
v 4.91506734 6.15593537 7.29701725
v 4.88217153 6.15593537 7.42176905
v 4.89557329 6.15593537 7.38043069
v 4.87120613 6.15593537 7.46335299
v 4.86755100 6.15593537 7.33492136
v 4.84805734 6.15593537 7.50370982
v 4.82369018 6.15593537 7.58663211
v 4.84196545 6.15593537 7.54578414
v 4.80785126 6.15593537 7.62772491
v 4.74571477 6.15593537 7.74953210
v 4.76886395 6.15593537 7.70917527
v 4.72500274 6.15593537 7.79013450
v 4.69210693 6.15593537 7.82951054
v 4.64824572 6.15593537 7.91046976
v 4.67626802 6.15593537 7.87060333
v 4.62266018 6.15593537 7.95058177
v 4.53359178 6.15593537 8.06723720
v 4.56475611 6.15593537 8.02951728
v 4.50371002 6.15593537 8.10630627
v 4.53615691 6.15593537 7.27604185
v 4.64285950 6.15593537 7.64403969
v 4.56488449 6.15593537 7.97769121
v 4.46741543 6.15593537 8.13862887
v 4.40636934 6.15593537 8.21541787
v 4.44009841 6.15593537 8.18039623
v 4.37392205 6.15593537 8.25178790
v 4.26888677 6.15593537 8.35280388
v 4.30518096 6.15593537 8.32048128
v 4.23387474 6.15593537 8.38647562
v 4.19245029 6.15593537 8.41340014
v 4.12114407 6.15593537 8.47939448
v 4.16000339 6.15593537 8.44977092
v 4.08356691 6.15593537 8.51036718
v 3.96314163 6.15593537 8.59519041
v 4.00456570 6.15593537 8.56826589
v 3.92299974 6.15593537 8.62346557
v 4.02418812 6.15593537 8.51840291
v 3.87644542 6.15593537 8.64499350
v 3.79487946 6.15593537 8.70019318
v 3.83886866 6.15593537 8.67596620
v 3.75217244 6.15593537 8.72576930
v 3.46835850 6.15593537 8.85794216
v 3.59128472 6.15593537 8.80642230
v 3.35145998 6.15593537 8.91436819
v 3.20442255 6.15593537 8.94626178
v 2.96459780 6.15593537 9.05420767
v 3.09957943 6.15593537 9.01250095
v 2.83564349 6.15593537 9.10082057
v 2.41261549 6.15593537 9.21121993
v 2.55965252 6.15593537 9.17932708
v 2.27160616 6.15593537 9.24801971
v 2.92022388 6.15593537 8.83242743
v 2.60421901 6.15593537 9.06402080
v 2.10045831 6.15593537 9.26028630
v 1.81241195 6.15593537 9.32897894
v 1.97150439 6.15593537 9.30689921
v 1.65934721 6.15593537 9.35596560
v 1.16398679 6.15593537 9.40748544
v 1.33513463 6.15593537 9.39521884
v 0.99886665 6.15593537 9.42465897
v 0.80360799 6.15593537 9.41729856
v 0.46734001 6.15593537 9.44673869
v 0.65054326 6.15593537 9.44428522
v 0.29016446 6.15593537 9.45409835
v -0.21173677 6.15593537 9.44477562
v -0.05427953 6.15593537 9.45360796
v -0.37297751 6.15593537 9.44183175
v 0.18134547 6.15593537 9.37019451
v -0.51530131 6.15593537 9.40944776
v -0.83399929 6.15593537 9.39767157
v -0.68410868 6.15593537 9.41827936
v -0.98767321 6.15593537 9.38295150
v -1.42599512 6.15593537 9.30346421
v -1.28367113 6.15593537 9.33584820
v -1.57210242 6.15593537 9.27696869
v -1.69929297 6.15593537 9.22103230
v -1.98772426 6.15593537 9.16215280
v -1.85296689 6.15593537 9.20631299
v -2.12626474 6.15593537 9.12388109
v -2.51918661 6.15593537 8.97373808
v -2.39199597 6.15593537 9.02967373
v -2.65016047 6.15593537 8.92369092
v 0.73435370 6.15593537 7.43697951
v 0.53838977 6.15593537 8.44774720
v -0.88157933 6.15593537 8.99336509
v -2.20048863 6.15593537 8.98551429
v -2.76221777 6.15593537 8.84420288
v -3.02038228 6.15593537 8.73822007
v -2.90075835 6.15593537 8.80593116
v -3.14378951 6.15593537 8.67639595
v -3.48515537 6.15593537 8.45706919
v -3.37771503 6.15593537 8.53545290
v -3.59945696 6.15593537 8.38383722
v -3.67945210 6.15593537 8.28484647
v -3.90119403 6.15593537 8.13323079
v -3.80747629 6.15593537 8.22191803
v -4.00177302 6.15593537 8.04969531
v -4.26234224 6.15593537 7.76817756
v -4.18234715 6.15593537 7.86716833
v -4.34919863 6.15593537 7.67433782
v -3.98570985 6.15593537 7.87857691
v -4.40174851 6.15593537 7.55473852
v -4.56859999 6.15593537 7.36190802
v -4.50232750 6.15593537 7.47120304
v -4.64173378 6.15593537 7.25776399
v -4.81996733 6.15593537 6.91442251
v -4.76741745 6.15593537 7.03402180
v -4.87937851 6.15593537 6.79997535
v -4.90448319 6.15593537 6.65976789
v -5.01644426 6.15593537 6.42572143
v -4.97761698 6.15593537 6.55562462
v -5.06213285 6.15593537 6.30097000
v -5.12917484 6.15593537 6.06385689
v -5.11570874 6.15593537 6.11776843
v -5.14392346 6.15593537 6.01055852
v -4.23348627 6.15593537 7.17300253
v -4.95578268 6.15593537 6.44289458
v -5.15225961 6.15593537 5.95419350
v -5.18047433 6.15593537 5.84698359
v -5.16957319 6.15593537 5.90212187
v -5.19265796 6.15593537 5.79245849
v -5.22151391 6.15593537 5.62520335
v -5.21317775 6.15593537 5.68156836
v -5.23113255 6.15593537 5.56945151
v -5.23433877 6.15593537 5.51063340
v -5.25229358 6.15593537 5.39851655
v -5.24652238 6.15593537 5.45610830
v -5.25934724 6.15593537 5.34153835
v -5.27281337 6.15593537 5.16692318
v -5.26960715 6.15593537 5.22574166
v -5.27730208 6.15593537 5.10871825
v -5.24459865 6.15593537 5.27413347
v -5.27537833 6.15593537 5.04744667
v -5.28307325 6.15593537 4.93042325
v -5.28243202 6.15593537 4.99046810
v -5.28499697 6.15593537 4.87099158
v -5.27422409 6.15593537 4.57591874
v -5.28278468 6.15593537 4.69257418
v -5.27137056 6.15593537 4.45754618
v -5.23998169 6.15593537 4.34776001
v -5.22856757 6.15593537 4.11273201
v -5.24854231 6.15593537 4.22595282
v -5.21429992 6.15593537 3.99779408
v -5.13725454 6.15593537 3.66328419
v -5.16864338 6.15593537 3.77306998
v -5.11157274 6.15593537 3.55178089
v -4.09189977 6.15593537 5.81091977
v -5.06197260 6.15593537 4.37523744
v -5.10301215 6.15593537 3.91205071
v -5.05735564 6.15593537 3.44886398
v -5.00028500 6.15593537 3.22757488
v -5.04308796 6.15593537 3.33392604
v -4.96318906 6.15593537 3.11950584
v -4.81765890 6.15593537 2.80560373
v -4.87187603 6.15593537 2.90852064
v -4.76914883 6.15593537 2.70096969
v -4.69210346 6.15593537 2.60492242
v -4.58937626 6.15593537 2.39737148
v -4.65500751 6.15593537 2.49685338
v -4.52945207 6.15593537 2.29617207
v -4.31569363 6.15593537 2.00778469
v -4.39254664 6.15593537 2.10015213
v -4.24441945 6.15593537 1.91124665
v -4.37353380 6.15593537 2.24379384
v -4.14525116 6.15593537 1.83556160
v -3.99712397 6.15593537 1.64665611
v -4.08513465 6.15593537 1.73068236
v -3.91469218 6.15593537 1.55845927
v -3.63392379 6.15593537 1.31889270
v -3.73309204 6.15593537 1.39457738
v -3.54033433 6.15593537 1.23903705
v -3.41885084 6.15593537 1.18003476
v -3.22609313 6.15593537 1.02449443
v -3.33641905 6.15593537 1.09183791
v -3.12134610 6.15593537 0.95297997
v -2.77363190 6.15593537 0.76346112
v -2.89511538 6.15593537 0.82246360
v -2.65772710 6.15593537 0.70028823
v -3.46861133 6.15593537 1.72172762
v -2.92175903 6.15593537 0.95236679
v -2.51392837 6.15593537 0.65796852
v -2.27654009 6.15593537 0.53579315
v -2.40918124 6.15593537 0.58645406
v -2.14947772 6.15593537 0.48096146
v -1.48332209 6.15593537 0.23952428
v -1.57360925 6.15593537 0.27132541
v -1.04009477 6.15593537 0.08054913
v -3.08800137 6.15593537 -2.73095431
v -3.06966181 6.15593537 -2.74043024
v -3.05116197 6.15593537 -2.74984487
v -3.14369333 6.15593537 -2.70363045
v -3.12506522 6.15593537 -2.71243172
v -3.16225735 6.15593537 -2.69452250
v -3.18114191 6.15593537 -2.68694787
v -3.21833404 6.15593537 -2.66903866
v -3.19957766 6.15593537 -2.67722665
v -3.23702624 6.15593537 -2.66054408
v -3.29348776 6.15593537 -2.63690015
v -3.27460310 6.15593537 -2.64447478
v -3.31230824 6.15593537 -2.62901884
v -3.33144935 6.15593537 -2.62267095
v -3.36915449 6.15593537 -2.60721501
v -3.35014165 6.15593537 -2.61417628
v -3.38810324 6.15593537 -2.59994707
v -3.44533422 6.15593537 -2.57998316
v -3.42619310 6.15593537 -2.58633114
v -3.46441124 6.15593537 -2.57332849
v -3.40827027 6.15593537 -2.59798437
v -3.48393699 6.15593537 -2.56829924
v -3.52215513 6.15593537 -2.55529658
v -3.50275756 6.15593537 -2.56093920
v -3.54136034 6.15593537 -2.54925528
v -3.60051497 6.15593537 -2.53379943
v -3.58047612 6.15593537 -2.53846071
v -3.62023318 6.15593537 -2.52864749
v -3.64155460 6.15593537 -2.52594883
v -3.68131166 6.15593537 -2.51613560
v -3.66063153 6.15593537 -2.51981552
v -3.70167116 6.15593537 -2.51196492
v -3.76467329 6.15593537 -2.50239699
v -3.74335197 6.15593537 -2.50509565
v -3.78567396 6.15593537 -2.49920765
v -3.57499352 6.15593537 -2.57050723
v -3.72748116 6.15593537 -2.51613552
v -3.80827785 6.15593537 -2.49847168
v -3.85059985 6.15593537 -2.49258367
v -3.82863724 6.15593537 -2.49430099
v -3.87224181 6.15593537 -2.49037568
v -3.93909144 6.15593537 -2.48669576
v -3.91648765 6.15593537 -2.48743173
v -3.96137468 6.15593537 -2.48546912
v -3.99269938 6.15593537 -2.48703304
v -4.03758641 6.15593537 -2.48507044
v -4.00690289 6.15593537 -2.48448777
v -4.06051083 6.15593537 -2.48482505
v -4.15198428 6.15593537 -2.49006900
v -4.12168550 6.15593537 -2.48715574
v -4.18247543 6.15593537 -2.49181701
v -4.11350963 6.15593537 -2.50101695
v -4.21200460 6.15593537 -2.49939163
v -4.27279454 6.15593537 -2.50405291
v -4.24288053 6.15593537 -2.49880896
v -4.30290086 6.15593537 -2.50813161
v -4.39206573 6.15593537 -2.52735946
v -4.36253650 6.15593537 -2.51978483
v -4.42178736 6.15593537 -2.53376874
v -4.45054713 6.15593537 -2.54600473
v -4.50979799 6.15593537 -2.55998865
v -4.48065350 6.15593537 -2.55008333
v -4.53913490 6.15593537 -2.56872861
v -4.62599129 6.15593537 -2.60194037
v -4.59723153 6.15593537 -2.58970447
v -4.65494342 6.15593537 -2.61301093
v -4.02630056 6.15593537 -2.66664668
v -4.34551145 6.15593537 -2.58479782
v -4.56481668 6.15593537 -2.59715641
v -4.68254894 6.15593537 -2.62978559
v -4.74026084 6.15593537 -2.65309205
v -4.71227058 6.15593537 -2.63864816
v -4.76882824 6.15593537 -2.66649339
v -4.84991343 6.15593537 -2.71258511
v -4.82384687 6.15593537 -2.69630121
v -4.87694181 6.15593537 -2.72794905
v -4.89916091 6.15593537 -2.74791287
v -4.95225585 6.15593537 -2.77956071
v -4.92811304 6.15593537 -2.76143680
v -4.97736053 6.15593537 -2.79676455
v -5.04690337 6.15593537 -2.85389624
v -5.02468426 6.15593537 -2.83393232
v -5.07008430 6.15593537 -2.87294010
v -4.98611351 6.15593537 -2.82960834
v -5.08845593 6.15593537 -2.89658394
v -5.13385596 6.15593537 -2.93559171
v -5.11356061 6.15593537 -2.91378788
v -5.15511317 6.15593537 -2.95647558
v -5.21311361 6.15593537 -3.02464721
v -5.19474200 6.15593537 -3.00100328
v -5.23244709 6.15593537 -3.04737109
v -5.25264626 6.15593537 -3.08466145
v -5.29035135 6.15593537 -3.13102926
v -5.26822845 6.15593537 -3.09557881
v -5.30776111 6.15593537 -3.15559305
v -5.36835860 6.15593537 -3.26268047
v -5.35008318 6.15593537 -3.22673934
v -5.38855777 6.15593537 -3.29837630
v -5.13260552 6.15593537 -3.08024557
v -5.32190053 6.15593537 -3.22891663
v -5.39913827 6.15593537 -3.33529868
v -5.43761287 6.15593537 -3.40693564
v -5.42318489 6.15593537 -3.37050384
v -5.45396457 6.15593537 -3.44312206
v -5.49147731 6.15593537 -3.55315342
v -5.48089679 6.15593537 -3.51623095
v -5.50398156 6.15593537 -3.58983051
v -5.50686715 6.15593537 -3.62773435
v -5.52995192 6.15593537 -3.70133391
v -5.52321886 6.15593537 -3.66392076
v -5.53860869 6.15593537 -3.73850168
v -5.55303667 6.15593537 -3.85147705
v -5.55015108 6.15593537 -3.81357327
v -5.55784599 6.15593537 -3.88913549
v -5.51481856 6.15593537 -3.77520947
v -5.55329317 6.15593537 -3.92338995
v -5.56098808 6.15593537 -3.99895217
v -5.56169345 6.15593537 -3.96518838
v -5.56194996 6.15593537 -4.03710128
v -5.55560164 6.15593537 -4.13784066
v -5.55912848 6.15593537 -4.10444487
v -5.55348554 6.15593537 -4.17142046
v -5.54431577 6.15593537 -4.20408029
v -5.53867282 6.15593537 -4.27105589
v -5.54502113 6.15593537 -4.23802807
v -5.53373526 6.15593537 -4.30426770
v -5.51045813 6.15593537 -4.40279913
v -5.51962791 6.15593537 -4.37013930
v -5.50269909 6.15593537 -4.43564292
v -4.35208420 6.15593537 -3.62509702
v -5.12260214 6.15593537 -3.63938762
v -5.45838916 6.15593537 -4.03869591
v -5.50481518 6.15593537 -4.33435152
v -5.48788636 6.15593537 -4.46756674
v -5.47095755 6.15593537 -4.53307036
v -5.48294879 6.15593537 -4.50077855
v -5.46037702 6.15593537 -4.56554616
v -5.42017107 6.15593537 -4.66186960
v -5.43498380 6.15593537 -4.62994578
v -5.40676908 6.15593537 -4.69397741
v -5.38650580 6.15593537 -4.72485855
v -5.35829108 6.15593537 -4.78889018
v -5.37573291 6.15593537 -4.75764105
v -5.34206764 6.15593537 -4.82062999
v -5.28666422 6.15593537 -4.91198545
v -5.30615800 6.15593537 -4.88233095
v -5.26819641 6.15593537 -4.94243727
v -5.30647864 6.15593537 -4.84188186
v -5.24459865 6.15593537 -4.96890245
v -5.20663706 6.15593537 -5.02900877
v -5.22818284 6.15593537 -5.00094893
v -5.18611727 6.15593537 -5.05786593
v -5.11840198 6.15593537 -5.13965346
v -5.14199973 6.15593537 -5.11318828
v -5.09583021 6.15593537 -5.16691596
v -5.06812853 6.15593537 -5.19019182
v -5.02195901 6.15593537 -5.24391951
v -5.04760874 6.15593537 -5.21904899
v -4.99733529 6.15593537 -5.26958736
v -4.91730811 6.15593537 -5.34180694
v -4.94500982 6.15593537 -5.31853106
v -4.89063237 6.15593537 -5.36588013
v -5.06485820 6.15593537 -5.06077924
v -4.92295106 6.15593537 -5.30482315
v -4.82650809 6.15593537 -5.40908920
v -4.77213064 6.15593537 -5.45643826
v -4.83420299 6.15593537 -5.41163452
v -4.74340297 6.15593537 -5.47891679
v -4.54487401 6.15593537 -5.60836003
v -4.61515431 6.15593537 -5.56686827
v -4.47869770 6.15593537 -5.65150778
v -4.39200164 6.15593537 -5.68637557
v -4.25554503 6.15593537 -5.77101507
v -4.33403324 6.15593537 -5.73283530
v -4.18116087 6.15593537 -5.81085084
v -3.93338447 6.15593537 -5.92042218
v -4.02008049 6.15593537 -5.88555441
v -3.85079231 6.15593537 -5.95694598
v -4.03700936 6.15593537 -5.82253477
v -3.74768038 6.15593537 -5.98518981
v -3.57839220 6.15593537 -6.05658139
v -3.67329622 6.15593537 -6.02502557
v -3.48759213 6.15593537 -6.08979320
v -3.19056820 6.15593537 -6.17949267
v -3.29368013 6.15593537 -6.15124886
v -3.09156022 6.15593537 -6.20939252
v -2.97408451 6.15593537 -6.23076704
v -2.77196460 6.15593537 -6.28891070
v -2.88123241 6.15593537 -6.26422416
v -2.66474872 6.15593537 -6.31549854
v -2.33694529 6.15593537 -6.38311815
v -2.44621300 6.15593537 -6.36272495
v -2.22767738 6.15593537 -6.40565803
v -2.46856033 6.15593537 -4.57355011
v -3.56486191 6.15593537 -5.54629105
v -3.18133433 6.15593537 -6.00923233
v -2.53701307 6.15593537 -6.30804658
v -2.11840947 6.15593537 -6.41746460
v -1.89987386 6.15593537 -6.46039768
v -2.00914176 6.15593537 -6.44429777
v -1.79060595 6.15593537 -6.47864423
v -1.46280242 6.15593537 -6.52050401
v -1.57207013 6.15593537 -6.50869740
v -1.35353451 6.15593537 -6.53445727
v -1.24426661 6.15593537 -6.53767722
v -1.02573099 6.15593537 -6.56343710
v -1.13499889 6.15593537 -6.55592382
v -0.91646308 6.15593537 -6.57309702
v -0.58865955 6.15593537 -6.58919692
v -0.69792726 6.15593537 -6.58597694
v -0.47939164 6.15593537 -6.59456356
v -0.69725408 6.15593537 -6.54313585
v -0.26018265 6.15593537 -6.58606893
v -0.04164703 6.15593537 -6.59465556
v -0.26085603 6.15593537 -6.59885689
v 0.06762088 6.15593537 -6.59572890
v 0.70158617 6.15593537 -6.55791712
v 0.49815151 6.15593537 -6.57892363
v 0.91290780 6.15593537 -6.54531319
v 1.08479281 6.15593537 -6.49069618
v 1.49954911 6.15593537 -6.45708574
v 1.31188956 6.15593537 -6.49489748
v 1.69509621 6.15593537 -6.42767655
v 2.23441374 6.15593537 -6.28903338
v 2.06252853 6.15593537 -6.34365039
v 2.41418651 6.15593537 -6.24281897
v 0.77247537 6.15593537 -6.20703117
v 1.75655932 6.15593537 -6.25542288
v 2.55452227 6.15593537 -6.15459150
v 2.90618025 6.15593537 -6.05376008
v 2.75006976 6.15593537 -6.12518233
v 3.07017829 6.15593537 -5.99074044
v 3.51484824 6.15593537 -5.75126586
v 3.37451209 6.15593537 -5.83949332
v 3.66307156 6.15593537 -5.67144099
v 3.77044811 6.15593537 -5.54990970
v 4.05900758 6.15593537 -5.38185737
v 3.93585670 6.15593537 -5.48658342
v 4.19145656 6.15593537 -5.28522727
v 4.52878246 6.15593537 -4.94768125
v 4.42704928 6.15593537 -5.06798589
v 4.64122429 6.15593537 -4.83516592
v 4.15596353 6.15593537 -5.05311262
v 4.70012286 6.15593537 -4.68370413
v 4.91429788 6.15593537 -4.45088416
v 4.83398200 6.15593537 -4.58676736
v 5.00532241 6.15593537 -4.32279024
v 5.21414329 6.15593537 -3.89177277
v 5.15524512 6.15593537 -4.04323459
v 5.28375013 6.15593537 -3.74810030
v 5.29981330 6.15593537 -3.56548137
v 5.42831831 6.15593537 -3.27034709
v 5.39083783 6.15593537 -3.43738744
v 5.47650784 6.15593537 -3.11109605
v 5.55682332 6.15593537 -2.58660713
v 5.54076015 6.15593537 -2.76922602
v 5.58359515 6.15593537 -2.41177746
v 1.96114798 6.15593537 -4.02787074
v 4.41496139 6.15593537 -3.74015776
v 5.34463614 6.15593537 -2.87395219
v 5.55881116 6.15593537 -2.25252651
v 5.60164616 6.15593537 -1.89507796
v 5.60501285 6.15593537 -2.03875037
v 5.60700068 6.15593537 -1.70466976
v 5.57670210 6.15593537 -1.28598013
v 5.59353473 6.15593537 -1.42143413
v 5.56660283 6.15593537 -1.14641692
v 5.52283751 6.15593537 -1.02740048
v 5.49590560 6.15593537 -0.75238326
v 5.52620419 6.15593537 -0.87961849
v 5.47233960 6.15593537 -0.62103884
v 5.36124452 6.15593537 -0.25166097
v 5.40500906 6.15593537 -0.37067760
v 5.32421256 6.15593537 -0.12853496
v 5.33431183 6.15593537 -0.55955238
v 5.25351533 6.15593537 -0.02595552
v 5.17271884 6.15593537 0.21618712
v 5.22995011 6.15593537 0.10538910
v 5.12222093 6.15593537 0.33109455
v 4.93032857 6.15593537 0.65116065
v 5.00102580 6.15593537 0.54858122
v 4.86636471 6.15593537 0.75784929
v 4.76969721 6.15593537 0.84393013
v 4.63503612 6.15593537 1.05319822
v 4.71823767 6.15593537 0.95889876
v 4.55760631 6.15593537 1.15166825
v 4.29357408 6.15593537 1.42187062
v 4.38639428 6.15593537 1.33603516
v 4.20556360 6.15593537 1.51193808
v 4.65812112 6.15593537 0.17736306
v 4.38879894 6.15593537 1.17880802
v 4.09350650 6.15593537 1.58084558
v 3.91267582 6.15593537 1.75674851
v 4.01511427 6.15593537 1.67937702
v 3.81504669 6.15593537 1.83835198
v 3.49330296 6.15593537 2.05777084
v 3.60536006 6.15593537 1.98886333
v 3.38605479 6.15593537 2.13091070
v 3.25476038 6.15593537 2.18288987
v 3.03545511 6.15593537 2.32493725
v 3.15713086 6.15593537 2.26449372
v 2.91858829 6.15593537 2.38961277
v 2.53913266 6.15593537 2.55824774
v 2.67042746 6.15593537 2.50626820
v 2.41264758 6.15593537 2.61445966
v 2.40841555 6.15593537 2.48897225
v 1.95056770 6.15593537 2.75613868
v 1.69278783 6.15593537 2.86433012
v 2.14524906 6.15593537 2.71418712
v 1.55668410 6.15593537 2.91207806
v -2.02042741 6.15593537 4.29808064
v -2.84891374 6.15593537 1.50031555
v -1.39713898 6.15593537 0.20888849
v -0.86362450 6.15593537 0.01811221
v -3.05157870 6.15593537 -2.74972218
v -3.01473931 6.15593537 -2.76861275
v -3.12621941 6.15593537 -2.71513039
v 2.36279076 6.15593537 5.84244463
v 2.41306402 6.15593537 5.81398605
v 2.55670266 6.15593537 5.76295696
v -3.10839286 6.15593537 -2.72423834
v -2.97882964 6.15593537 -2.78701264
v 3.27544032 6.15593537 0.77680115
v 2.32992744 6.15593537 2.51516156
v 1.02573476 6.15593537 3.08841035
v 2.48186969 6.15593537 5.80159704
v 3.43706580 6.15593537 6.11365923
v 2.21684373 6.15593537 5.92340423
v -3.09082285 6.15593537 -2.73316230
v -2.94343309 6.15593537 -2.80504455
v -3.07350921 6.15593537 -2.74190226
v -2.90854944 6.15593537 -2.82270847
v 3.20003005 6.15593537 0.80237690
v 0.87183637 6.15593537 3.14017540
v 3.35851350 6.15593537 6.14861873
v 2.06345845 6.15593537 5.99700380
v -1.93834835 6.15593537 4.26861019
v -0.69536233 6.15593537 -0.04199403
v -3.05645221 6.15593537 -2.75045815
v -2.87417879 6.15593537 -2.84000432
v 3.12769762 6.15593537 0.82733946
v 0.72409367 6.15593537 3.19071371
v 3.27624188 6.15593537 6.17989877
v 1.90263453 6.15593537 6.06324333
v -1.86037315 6.15593537 4.24030489
v -0.53530807 6.15593537 -0.09976977
v -3.03965157 6.15593537 -2.75883013
v -2.84032116 6.15593537 -2.85693219
v 3.05844343 6.15593537 0.85168847
v 0.58250705 6.15593537 3.24002528
v 3.19025133 6.15593537 6.20749861
v 1.73437236 6.15593537 6.12212321
v -1.78650199 6.15593537 4.21316513
v -0.38346171 6.15593537 -0.15521484
v -3.02310748 6.15593537 -2.76701803
v -2.23588519 6.15593537 -4.68821205
v -2.80697643 6.15593537 -2.87349207
v 2.99226708 6.15593537 0.87542431
v 0.44707650 6.15593537 3.28811012
v 3.10054146 6.15593537 6.23141824
v 1.55867194 6.15593537 6.17364268
v -1.71673470 6.15593537 4.18719071
v -0.23982325 6.15593537 -0.20832902
v 2.92916876 6.15593537 0.89854695
v 0.31780184 6.15593537 3.33496860
v 3.00711226 6.15593537 6.25165842
v 1.37553288 6.15593537 6.21780250
v -1.65107145 6.15593537 4.16238144
v -0.10439271 6.15593537 -0.25911272
v -2.21959765 6.15593537 -4.69621606
v -2.77414480 6.15593537 -2.88968398
v 2.86914849 6.15593537 0.92105605
v 0.19468325 6.15593537 3.38060035
v 2.90996375 6.15593537 6.26821802
v 1.18495518 6.15593537 6.25460228
v -1.58951206 6.15593537 4.13873751
v 0.02282993 6.15593537 -0.30756591
v -2.20356657 6.15593537 -4.70403597
v -2.74182619 6.15593537 -2.90550790
v 2.81220605 6.15593537 0.94295197
v 0.07772054 6.15593537 3.42500536
v 2.80909631 6.15593537 6.28109817
v 0.98693922 6.15593537 6.28404204
v -1.53205671 6.15593537 4.11625911
v 0.14184467 6.15593537 -0.35368825
v -2.18779195 6.15593537 -4.71167200
v -2.71002048 6.15593537 -2.92096383
v 2.75834166 6.15593537 0.96423471
v -0.03308629 6.15593537 3.46818401
v 2.70450955 6.15593537 6.29029812
v 0.78148502 6.15593537 6.30612213
v -1.47870523 6.15593537 4.09494587
v 0.25265150 6.15593537 -0.39747989
v -2.17227387 6.15593537 -4.71912393
v -2.67872777 6.15593537 -2.93605178
v 2.70755510 6.15593537 0.98490388
v -0.13773724 6.15593537 3.51013593
v 2.59620347 6.15593537 6.29581786
v 0.56859218 6.15593537 6.32084182
v -1.42945779 6.15593537 4.07479796
v 0.35525042 6.15593537 -0.43894104
v -2.07352245 6.15593537 -4.76144363
v -2.56445828 6.15593537 -2.98582343
v 2.65984659 6.15593537 1.00495951
v -0.23623231 6.15593537 3.55086074
v 2.48417826 6.15593537 6.29765815
v -1.51358888 6.15593537 7.46936350
v 0.34826089 6.15593537 6.32820185
v -1.38431421 6.15593537 4.05581539
v 0.44964144 6.15593537 -0.47807150
v -1.97425792 6.15593537 -4.80008343
v -2.36644232 6.15593537 -3.06678293
v 2.61521611 6.15593537 1.02440234
v -0.32857130 6.15593537 3.59035919
v -1.34167157 6.15593537 4.03692493
v 0.53742766 6.15593537 -0.51594454
v -1.87448048 6.15593537 -4.83504321
v -2.16740036 6.15593537 -3.14038250
v 2.57273375 6.15593537 1.04387548
v -0.41568414 6.15593537 3.62927516
v -1.57588564 6.15593537 7.46822849
v 0.17393893 6.15593537 6.32890712
v -1.29992638 6.15593537 4.01705291
v 0.62181549 6.15593537 -0.55470703
v -1.77419014 6.15593537 -4.86632306
v -1.96733258 6.15593537 -3.20662213
v 2.53146976 6.15593537 1.06402320
v -0.49943050 6.15593537 3.66889601
v -1.63657929 6.15593537 7.46482454
v 0.05094851 6.15593537 6.32436816
v -1.25907921 6.15593537 3.99619974
v 3.17444451 6.15593537 -1.08864136
v 0.70440785 6.15593537 -0.59543220
v -1.67338669 6.15593537 -4.89392290
v -1.76623878 6.15593537 -3.26550182
v 2.49142415 6.15593537 1.08484586
v -0.58074010 6.15593537 3.70986640
v -1.69566983 6.15593537 7.45915132
v -0.06883568 6.15593537 6.31529101
v -1.57207013 6.15593537 -4.91784272
v -1.56411878 6.15593537 -3.31702149
v 2.45259672 6.15593537 1.10634309
v -0.65961314 6.15593537 3.75218630
v -1.75315727 6.15593537 7.45120881
v -0.18541366 6.15593537 6.30167526
v -1.47024087 6.15593537 -4.93808261
v -1.36097296 6.15593537 -3.36118120
v 2.41498786 6.15593537 1.12851490
v -0.73604942 6.15593537 3.79585535
v -1.80904159 6.15593537 7.44099700
v -0.29878542 6.15593537 6.28352094
v -1.36789830 6.15593537 -4.95464250
v -1.15680113 6.15593537 -3.39798099
v 2.37859739 6.15593537 1.15136129
v -0.81004875 6.15593537 3.84087353
v -1.86332281 6.15593537 7.42851553
v -0.40895097 6.15593537 6.26082767
v -1.26504302 6.15593537 -4.96752246
v -0.95160328 6.15593537 -3.42742083
v 2.34342509 6.15593537 1.17488262
v -0.88161152 6.15593537 3.88724125
v -1.91600112 6.15593537 7.41376514
v -0.51591050 6.15593537 6.23359582
v -1.16167444 6.15593537 -4.97672241
v -0.74537942 6.15593537 -3.44950074
v 2.30947137 6.15593537 1.19907852
v -0.95073754 6.15593537 3.93495848
v -1.96707612 6.15593537 7.39674510
v -0.61966380 6.15593537 6.20182538
v -1.05779315 6.15593537 -4.98224234
v -0.53812955 6.15593537 -3.46422062
v 2.27673583 6.15593537 1.22394900
v -1.01742680 6.15593537 3.98402486
v -2.01654802 6.15593537 7.37745576
v -0.72021070 6.15593537 6.16551599
v -0.95339875 6.15593537 -4.98408235
v -0.32985386 6.15593537 -3.47158055
v 2.24521867 6.15593537 1.24949404
v -0.18397082 6.15593537 1.72185003
v -1.08167950 6.15593537 4.03444038
v -2.06441680 6.15593537 7.35589750
v -0.81755138 6.15593537 6.12466839
v -0.87487855 6.15593537 -4.98264102
v -0.14693926 6.15593537 -3.47197923
v -2.11068248 6.15593537 7.33206958
v -0.91168585 6.15593537 6.07928222
v -0.79937200 6.15593537 -4.97831704
v 0.00708750 6.15593537 -3.46621392
v -2.15534505 6.15593537 7.30597237
v -1.00261410 6.15593537 6.02935709
v -0.72687949 6.15593537 -4.97111039
v 0.15508655 6.15593537 -3.45468329
v -2.19737850 6.15593537 7.27736030
v -1.08931012 6.15593537 5.97464781
v -0.65740084 6.15593537 -4.96102119
v 0.29705771 6.15593537 -3.43738744
v -2.23575701 6.15593537 7.24598854
v -1.16972208 6.15593537 5.91466398
v -0.59093604 6.15593537 -4.94804923
v 0.43300117 6.15593537 -3.41432628
v -2.27048039 6.15593537 7.21185673
v -1.24282397 6.15593537 5.84916041
v -0.52748489 6.15593537 -4.93219470
v 0.56291711 6.15593537 -3.38549980
v -2.30154863 6.15593537 7.17496523
v -1.30861559 6.15593537 5.77813709
v -0.46704779 6.15593537 -4.91345743
v 0.68680536 6.15593537 -3.35090800
v -2.32896174 6.15593537 7.13531330
v -1.36709694 6.15593537 5.70159367
v -0.40962435 6.15593537 -4.89183760
v 0.80466590 6.15593537 -3.31055090
v -2.35271972 6.15593537 7.09290168
v -1.41826803 6.15593537 5.61953012
v -0.35521495 6.15593537 -4.86733501
v 0.91649875 6.15593537 -3.26442847
v -2.37282276 6.15593537 7.04772964
v -1.46212905 6.15593537 5.53194645
v -0.30381921 6.15593537 -4.83994986
v 1.02230389 6.15593537 -3.21254074
v -2.38927067 6.15593537 6.99979790
v -1.49867999 6.15593537 5.43884267
v -0.25543751 6.15593537 -4.80968205
v 1.12208132 6.15593537 -3.15488778
v -2.40206344 6.15593537 6.94910648
v -1.52792067 6.15593537 5.34021953
v -0.21006947 6.15593537 -4.77653159
v 1.21583106 6.15593537 -3.09146951
v -2.41120108 6.15593537 6.89565463
v -1.54985108 6.15593537 5.23607625
v -0.16803602 6.15593537 -4.74098915
v 1.30323254 6.15593537 -3.02277660
v -2.41668378 6.15593537 6.83944309
v -1.56447142 6.15593537 5.12641287
v -0.12965771 6.15593537 -4.70354529
v 1.38364431 6.15593537 -2.94979031
v -2.41851134 6.15593537 6.78047151
v -1.57178168 6.15593537 5.01122974
v -0.09493413 6.15593537 -4.66420024
v 3.54755189 6.15593537 -2.19732684
v 1.45674620 6.15593537 -2.87300139
v -2.41732506 6.15593537 6.74265949
v -1.57242297 6.15593537 4.91444613
v -2.41376621 6.15593537 6.70576799
v -1.56767783 6.15593537 4.83974262
v 3.57861993 6.15593537 -2.15608038
v 1.52253782 6.15593537 -2.79240987
v -2.40783459 6.15593537 6.66979589
v -1.55818736 6.15593537 4.76687901
v 3.60603324 6.15593537 -2.11293270
v 1.58101918 6.15593537 -2.70801574
v -2.39953060 6.15593537 6.63474430
v -1.54395175 6.15593537 4.69585532
v 3.62979102 6.15593537 -2.06788363
v 1.63219026 6.15593537 -2.61981899
v -2.38885384 6.15593537 6.60061249
v -1.52497100 6.15593537 4.62667193
v 3.64989406 6.15593537 -2.02093324
v 1.67605108 6.15593537 -2.52781953
v -2.37580452 6.15593537 6.56740045
v -0.37147029 6.15593537 1.95491532
v -1.50124492 6.15593537 4.55932807
v 3.66634197 6.15593537 -1.97208146
v 1.71260203 6.15593537 -2.43201736
v 3.67913474 6.15593537 -1.92132846
v 1.74184270 6.15593537 -2.33241258
v -0.35604840 6.15593537 1.92262380
v -1.47277371 6.15593537 4.49382450
v 3.68827277 6.15593537 -1.86867406
v 1.76377351 6.15593537 -2.22900518
v -0.33825394 6.15593537 1.89125204
v -1.43955735 6.15593537 4.43016122
v 3.69375527 6.15593537 -1.81411845
v 1.77839404 6.15593537 -2.12179518
v -0.31808671 6.15593537 1.86080006
v -1.40159566 6.15593537 4.36833747
v 3.69558264 6.15593537 -1.75766134
v 1.78570392 6.15593537 -2.01078246
v -0.29554711 6.15593537 1.83126821
v -1.35888884 6.15593537 4.30835366
v 3.69423628 6.15593537 -1.71549493
v 1.78618493 6.15593537 -1.91215893
v -0.27063475 6.15593537 1.80265651
v -1.31143688 6.15593537 4.25021011
v 3.69019642 6.15593537 -1.67437125
v 1.78079870 6.15593537 -1.82886884
v -0.24334982 6.15593537 1.77496459
v -1.25923958 6.15593537 4.19390648
v 3.68346344 6.15593537 -1.63429013
v 1.77002586 6.15593537 -1.74766405
v -0.21426941 6.15593537 1.74807003
v -1.14349525 6.15593537 4.08620543
v -1.20287424 6.15593537 4.13932000
v 3.67403696 6.15593537 -1.59525175
v 1.75386641 6.15593537 -1.66854454
v 3.66191737 6.15593537 -1.55725593
v 1.73232034 6.15593537 -1.59151034
v 3.64710467 6.15593537 -1.52030286
v 1.70538804 6.15593537 -1.51656144
v 3.21439384 6.15593537 -1.11047589
v 0.78520434 6.15593537 -0.63811990
v 3.62959885 6.15593537 -1.48439233
v 1.67306952 6.15593537 -1.44369784
v 3.25344533 6.15593537 -1.13329175
v 0.86420517 6.15593537 -0.68277030
v 3.60939953 6.15593537 -1.44952455
v 1.63536439 6.15593537 -1.37291954
v 3.29159939 6.15593537 -1.15708898
v 0.94141072 6.15593537 -0.72938340
v 3.58650710 6.15593537 -1.41569951
v 1.59227263 6.15593537 -1.30422672
v 3.32885560 6.15593537 -1.18186756
v 1.01682099 6.15593537 -0.77795919
v 3.56092156 6.15593537 -1.38291703
v 1.54379466 6.15593537 -1.23761921
v 3.36521438 6.15593537 -1.20762729
v 1.09043598 6.15593537 -0.82849751
v 3.53264290 6.15593537 -1.35117711
v 1.48993046 6.15593537 -1.17309680
v 3.40067493 6.15593537 -1.23436857
v 1.16225531 6.15593537 -0.88099851
v 3.50167074 6.15593537 -1.32047992
v 1.43067964 6.15593537 -1.11065969
v 3.43523803 6.15593537 -1.26209100
v 1.23227896 6.15593537 -0.93546223
v 3.46890331 6.15593537 -1.29079479
v 1.36694005 6.15593537 -1.05027737
v 1.30050734 6.15593537 -0.99188845
v 2.44512657 0.00000001 5.79282647
v 2.43390481 0.00000001 5.80012511
v 2.46846792 0.00000001 5.77835160
v 2.45634833 0.00000001 5.78552783
v 2.44512657 -6.15593536 5.79282647
v 2.48058751 0.00000001 5.77117537
v 2.49360455 0.00000001 5.76412231
v 2.45724616 -6.15593536 5.78565024
v 2.46846792 -6.15593536 5.77835160
v 2.52053645 0.00000001 5.75013858
v 2.50662158 0.00000001 5.75706923
v 2.49360455 -6.15593536 5.76412231
v 2.53445132 0.00000001 5.74320792
v 2.54926402 0.00000001 5.73640006
v 2.48417807 -6.15593536 5.77166652
v 2.50751942 -6.15593536 5.75719165
v 2.52053645 -6.15593536 5.75013858
v 2.57978727 0.00000001 5.72290673
v 2.56407673 0.00000001 5.72959219
v 2.54926402 -6.15593536 5.73640006
v 2.59549780 0.00000001 5.71622127
v 2.61210618 0.00000001 5.70965859
v 2.56497456 -6.15593536 5.72971459
v 2.57978727 -6.15593536 5.72290673
v 2.64622037 0.00000001 5.69665604
v 2.62871455 0.00000001 5.70309592
v 2.61210618 -6.15593536 5.70965859
v 2.66372618 0.00000001 5.69021615
v 2.68212983 0.00000001 5.68389905
v 2.59908875 -6.15593536 5.71671204
v 2.62961199 -6.15593536 5.70321871
v 2.64622037 -6.15593536 5.69665604
v 2.71983497 0.00000001 5.67138726
v 2.70053348 0.00000001 5.67758195
v 2.68212983 -6.15593536 5.68389905
v 2.73913645 0.00000001 5.66519257
v 2.75933577 0.00000001 5.65912066
v 2.70143132 -6.15593536 5.67770436
v 2.71983497 -6.15593536 5.67138726
v 2.80063185 0.00000001 5.64709926
v 2.77953509 0.00000001 5.65304876
v 2.75933577 -6.15593536 5.65912066
v 2.82172862 0.00000001 5.64114977
v 2.84308213 0.00000001 5.63550724
v 2.67808997 -6.15593536 5.69217885
v 2.74272740 -6.15593536 5.66568296
v 2.78043253 -6.15593536 5.65317117
v 2.80063185 -6.15593536 5.64709926
v 2.88540403 0.00000001 5.62471258
v 2.86443564 0.00000001 5.62986471
v 2.84308213 -6.15593536 5.63550724
v 2.90637241 0.00000001 5.61956044
v 2.92695646 0.00000001 5.61489908
v 2.86405052 -6.15593536 5.63035511
v 2.88540403 -6.15593536 5.62471258
v 2.96773983 0.00000001 5.60606711
v 2.94754051 0.00000001 5.61023771
v 2.92695646 -6.15593536 5.61489908
v 2.98793915 0.00000001 5.60189651
v 3.00775335 0.00000001 5.59821669
v 2.90483388 -6.15593536 5.62152315
v 2.94715578 -6.15593536 5.61072848
v 2.96773983 -6.15593536 5.60606711
v 3.04699741 0.00000001 5.59134743
v 3.02756755 0.00000001 5.59453686
v 3.00775335 -6.15593536 5.59821669
v 3.06642727 0.00000001 5.58815799
v 3.08547200 0.00000001 5.58545932
v 3.02718321 -6.15593536 5.59502725
v 3.04699741 -6.15593536 5.59134743
v 3.12317714 0.00000001 5.58055276
v 3.10451674 0.00000001 5.58276066
v 3.08547200 -6.15593536 5.58545932
v 3.14183754 0.00000001 5.57834486
v 3.16011281 0.00000001 5.57662736
v 2.98178308 -6.15593536 5.60974732
v 3.06488835 -6.15593536 5.59012069
v 3.10413240 -6.15593536 5.58325143
v 3.12317714 -6.15593536 5.58055276
v 3.19627864 0.00000001 5.57368350
v 3.17838809 0.00000001 5.57490986
v 3.16011281 -6.15593536 5.57662736
v 3.21416918 0.00000001 5.57245714
v 3.23167539 0.00000001 5.57172118
v 3.17800336 -6.15593536 5.57540100
v 3.19627864 -6.15593536 5.57368350
v 3.26630268 0.00000001 5.57073964
v 3.24918160 0.00000001 5.57098521
v 3.23167539 -6.15593536 5.57172118
v 3.28342377 0.00000001 5.57049407
v 3.33061918 0.00000001 5.57135282
v 3.21263065 -6.15593536 5.57441946
v 3.24879648 -6.15593536 5.57147560
v 3.26630268 -6.15593536 5.57073964
v 3.42398418 0.00000001 5.57478745
v 3.37781459 0.00000001 5.57221157
v 3.33061918 -6.15593536 5.57135282
v 3.47015378 0.00000001 5.57736332
v 3.51529716 0.00000001 5.58165672
v 3.37678877 -6.15593536 5.57392870
v 3.42398418 -6.15593536 5.57478745
v 3.60455812 0.00000001 5.59196060
v 3.56044055 0.00000001 5.58595010
v 3.51529716 -6.15593536 5.58165672
v 3.64867568 0.00000001 5.59797111
v 3.69176743 0.00000001 5.60569913
v 3.23520215 -6.15593536 5.61956044
v 3.39525661 -6.15593536 5.58815799
v 3.46604973 -6.15593536 5.58423259
v 3.55941473 -6.15593536 5.58766722
v 3.60455812 -6.15593536 5.59196060
v 3.77692473 0.00000001 5.62287267
v 3.73485919 0.00000001 5.61342715
v 3.69176743 -6.15593536 5.60569913
v 3.81899027 0.00000001 5.63231818
v 3.86002961 0.00000001 5.64348046
v 3.73383298 -6.15593536 5.61514465
v 3.77692473 -6.15593536 5.62287267
v 3.94108285 0.00000001 5.66752287
v 3.90106894 0.00000001 5.65464273
v 3.86002961 -6.15593536 5.64348046
v 3.98109676 0.00000001 5.68040303
v 4.02008407 0.00000001 5.69500030
v 3.81488622 -6.15593536 5.63918707
v 3.90004351 -6.15593536 5.65636060
v 3.94108285 -6.15593536 5.66752287
v 4.09703326 0.00000001 5.72591199
v 4.05907137 0.00000001 5.70959758
v 4.02008407 -6.15593536 5.69500030
v 4.13499514 0.00000001 5.74222639
v 4.17193042 0.00000001 5.76025830
v 4.05804595 -6.15593536 5.71131471
v 4.09703326 -6.15593536 5.72591199
v 4.24477557 0.00000001 5.79803962
v 4.20886571 0.00000001 5.77829021
v 4.17193042 -6.15593536 5.76025830
v 4.28068542 0.00000001 5.81778903
v 4.31518434 0.00000001 5.83931697
v 3.96468055 -6.15593536 5.70788008
v 4.13089109 -6.15593536 5.74909603
v 4.20784028 -6.15593536 5.78000771
v 4.24477557 -6.15593536 5.79803962
v 4.38238651 0.00000001 5.88421275
v 4.34968326 0.00000001 5.86084490
v 4.31518434 -6.15593536 5.83931697
v 4.41508976 0.00000001 5.90758059
v 4.44599773 0.00000001 5.93278836
v 4.34788759 -6.15593536 5.86268481
v 4.38238651 -6.15593536 5.88421275
v 4.50601801 0.00000001 5.98504380
v 4.47690571 0.00000001 5.95799612
v 4.44599773 -6.15593536 5.93278836
v 4.53513031 0.00000001 6.01209147
v 4.56244734 0.00000001 6.04097943
v 4.40790787 -6.15593536 5.91494025
v 4.47511004 -6.15593536 5.95983603
v 4.50601801 -6.15593536 5.98504380
v 4.61528611 0.00000001 6.10059528
v 4.58976437 0.00000001 6.06986740
v 4.56244734 -6.15593536 6.04097943
v 4.64080786 0.00000001 6.13132316
v 4.66453355 0.00000001 6.16389095
v 4.58796909 -6.15593536 6.07170731
v 4.61528611 -6.15593536 6.10059528
v 4.71019004 0.00000001 6.23086645
v 4.68825924 0.00000001 6.19645874
v 4.66453355 -6.15593536 6.16389095
v 4.73212084 0.00000001 6.26527416
v 4.75225558 0.00000001 6.30152179
v 3.77692473 -6.15593536 5.95321197
v 4.19039826 -6.15593536 5.93162264
v 4.50640313 -6.15593536 6.04153159
v 4.63362558 -6.15593536 6.13868282
v 4.68646435 -6.15593536 6.19829866
v 4.71019004 -6.15593536 6.23086645
v 4.79073018 0.00000001 6.37585732
v 4.77239032 0.00000001 6.33776940
v 4.75225558 -6.15593536 6.30152179
v 4.80907003 0.00000001 6.41394523
v 4.82561383 0.00000001 6.45387306
v 4.77059544 -6.15593536 6.33960969
v 4.79073018 -6.15593536 6.37585732
v 4.85690653 0.00000001 6.53556862
v 4.84215762 0.00000001 6.49380088
v 4.82561383 -6.15593536 6.45387306
v 4.87165544 0.00000001 6.57733636
v 4.87755477 0.00000001 6.59365077
v 4.80188814 -6.15593536 6.42130525
v 4.84036273 -6.15593536 6.49564079
v 4.85690653 -6.15593536 6.53556862
v 4.88884032 0.00000001 6.62652514
v 4.88345409 0.00000001 6.60996516
v 4.87755477 -6.15593536 6.59365077
v 4.89422654 0.00000001 6.64308513
v 4.89910005 0.00000001 6.65989030
v 4.88294099 -6.15593536 6.61021074
v 4.88884032 -6.15593536 6.62652514
v 4.90833397 0.00000001 6.69374621
v 4.90397357 0.00000001 6.67669547
v 4.89910005 -6.15593536 6.65989030
v 4.91269438 0.00000001 6.71079696
v 4.91654207 0.00000001 6.72809291
v 4.82240761 -6.15593536 6.48803556
v 4.89217491 -6.15593536 6.64406666
v 4.90346046 -6.15593536 6.67694104
v 4.90833397 -6.15593536 6.69374621
v 4.92372397 0.00000001 6.76292999
v 4.92038977 0.00000001 6.74538885
v 4.91654207 -6.15593536 6.72809291
v 4.92705817 0.00000001 6.78047114
v 4.92987965 0.00000001 6.79825785
v 4.91987627 -6.15593536 6.74563405
v 4.92372397 -6.15593536 6.76292999
v 4.93500991 0.00000001 6.83407647
v 4.93270114 0.00000001 6.81604456
v 4.92987965 -6.15593536 6.79825785
v 4.93731869 0.00000001 6.85210837
v 4.93911396 0.00000001 6.87038548
v 4.92500653 -6.15593536 6.78145266
v 4.93218843 -6.15593536 6.81628976
v 4.93500991 -6.15593536 6.83407647
v 4.94219181 0.00000001 6.90718526
v 4.94090924 0.00000001 6.88866258
v 4.93911396 -6.15593536 6.87038548
v 4.94347437 0.00000001 6.92570794
v 4.94424383 0.00000001 6.94447581
v 4.94039653 -6.15593536 6.88890816
v 4.94219181 -6.15593536 6.90718526
v 4.94526965 0.00000001 6.98225676
v 4.94501329 0.00000001 6.96324369
v 4.94424383 -6.15593536 6.94447581
v 4.94552600 0.00000001 7.00126983
v 4.94430763 0.00000001 7.04383493
v 4.83882342 -6.15593536 6.63327200
v 4.92911019 -6.15593536 6.85603340
v 4.94142234 -6.15593536 6.92668910
v 4.94450019 -6.15593536 6.96348889
v 4.94526965 -6.15593536 6.98225676
v 4.93943451 0.00000001 7.12871993
v 4.94308925 0.00000001 7.08640003
v 4.94430763 -6.15593536 7.04383493
v 4.93577976 0.00000001 7.17103983
v 4.92968787 0.00000001 7.21311379
v 4.94065288 -6.15593536 7.08615483
v 4.93943451 -6.15593536 7.12871993
v 4.91506734 0.00000001 7.29701725
v 4.92359599 0.00000001 7.25518774
v 4.92968787 -6.15593536 7.21311379
v 4.90653870 0.00000001 7.33884676
v 4.89557329 0.00000001 7.38043069
v 4.92603235 -6.15593536 7.17005829
v 4.92115923 -6.15593536 7.25494329
v 4.91506734 -6.15593536 7.29701725
v 4.87120613 0.00000001 7.46335299
v 4.88460789 0.00000001 7.42201463
v 4.89557329 -6.15593536 7.38043069
v 4.85780436 0.00000001 7.50469136
v 4.84196545 0.00000001 7.54578414
v 4.88217153 -6.15593536 7.42176905
v 4.87120613 -6.15593536 7.46335299
v 4.80785126 0.00000001 7.62772491
v 4.82612654 0.00000001 7.58687694
v 4.84196545 -6.15593536 7.54578414
v 4.78957599 0.00000001 7.66857288
v 4.76886395 0.00000001 7.70917527
v 4.86755100 -6.15593536 7.33492136
v 4.84805734 -6.15593536 7.50370982
v 4.82369018 -6.15593536 7.58663211
v 4.80785126 -6.15593536 7.62772491
v 4.72500274 0.00000001 7.79013450
v 4.74815192 0.00000001 7.74977768
v 4.76886395 -6.15593536 7.70917527
v 4.70185356 0.00000001 7.83049133
v 4.67626802 0.00000001 7.87060333
v 4.74571477 -6.15593536 7.74953210
v 4.72500274 -6.15593536 7.79013450
v 4.62266018 0.00000001 7.95058177
v 4.65068248 0.00000001 7.91071534
v 4.67626802 -6.15593536 7.87060333
v 4.59463788 0.00000001 7.99044820
v 4.56475611 0.00000001 8.02951728
v 4.69210693 -6.15593536 7.82951054
v 4.64824572 -6.15593536 7.91046976
v 4.62266018 -6.15593536 7.95058177
v 4.50371002 0.00000001 8.10630627
v 4.53487435 0.00000001 8.06858634
v 4.56475611 -6.15593536 8.02951728
v 4.47254569 0.00000001 8.14402620
v 4.44009841 0.00000001 8.18039623
v 4.53359178 -6.15593536 8.06723720
v 4.50371002 -6.15593536 8.10630627
v 4.37392205 0.00000001 8.25178790
v 4.40765112 0.00000001 8.21676627
v 4.44009841 -6.15593536 8.18039623
v 4.34019299 0.00000001 8.28680954
v 4.30518096 0.00000001 8.32048128
v 4.53615691 -6.15593536 7.27604185
v 4.64285950 -6.15593536 7.64403969
v 4.56488449 -6.15593536 7.97769121
v 4.46741543 -6.15593536 8.13862887
v 4.40636934 -6.15593536 8.21541787
v 4.37392205 -6.15593536 8.25178790
v 4.23387474 0.00000001 8.38647562
v 4.27016894 0.00000001 8.35415302
v 4.30518096 -6.15593536 8.32048128
v 4.19758055 0.00000001 8.41879822
v 4.16000339 0.00000001 8.44977092
v 4.26888677 -6.15593536 8.35280388
v 4.23387474 -6.15593536 8.38647562
v 4.08356691 0.00000001 8.51036718
v 4.12242624 0.00000001 8.48074362
v 4.16000339 -6.15593536 8.44977092
v 4.04470759 0.00000001 8.53999074
v 4.00456570 0.00000001 8.56826589
v 4.19245029 -6.15593536 8.41340014
v 4.12114407 -6.15593536 8.47939448
v 4.08356691 -6.15593536 8.51036718
v 3.92299974 0.00000001 8.62346557
v 3.96442381 0.00000001 8.59654106
v 4.00456570 -6.15593536 8.56826589
v 3.88157568 0.00000001 8.65039009
v 3.83886866 0.00000001 8.67596620
v 3.96314163 -6.15593536 8.59519041
v 3.92299974 -6.15593536 8.62346557
v 3.75217244 0.00000001 8.72576930
v 3.79616163 0.00000001 8.70154232
v 3.83886866 -6.15593536 8.67596620
v 3.70818325 0.00000001 8.74999627
v 3.59128472 0.00000001 8.80642230
v 4.02418812 -6.15593536 8.51840291
v 3.87644542 -6.15593536 8.64499350
v 3.79487946 -6.15593536 8.70019318
v 3.75217244 -6.15593536 8.72576930
v 3.35145998 0.00000001 8.91436819
v 3.47438620 0.00000001 8.86284834
v 3.59128472 -6.15593536 8.80642230
v 3.22853375 0.00000001 8.96588803
v 3.09957943 0.00000001 9.01250095
v 3.46835850 -6.15593536 8.85794216
v 3.35145998 -6.15593536 8.91436819
v 2.83564349 0.00000001 9.10082057
v 2.97062512 0.00000001 9.05911386
v 3.09957943 -6.15593536 9.01250095
v 2.70066186 0.00000001 9.14252730
v 2.55965252 0.00000001 9.17932708
v 3.20442255 -6.15593536 8.94626178
v 2.96459780 -6.15593536 9.05420767
v 2.83564349 -6.15593536 9.10082057
v 2.27160616 0.00000001 9.24801971
v 2.41864319 0.00000001 9.21612686
v 2.55965252 -6.15593536 9.17932708
v 2.12456912 0.00000001 9.27991255
v 1.97150439 0.00000001 9.30689921
v 2.41261549 -6.15593536 9.21121993
v 2.27160616 -6.15593536 9.24801971
v 1.65934721 0.00000001 9.35596560
v 1.81843965 0.00000001 9.33388587
v 1.97150439 -6.15593536 9.30689921
v 1.50025477 0.00000001 9.37804532
v 1.33513463 0.00000001 9.39521884
v 2.92022388 -6.15593536 8.83242743
v 2.60421901 -6.15593536 9.06402080
v 2.10045831 -6.15593536 9.26028630
v 1.81241195 -6.15593536 9.32897894
v 1.65934721 -6.15593536 9.35596560
v 0.99886665 0.00000001 9.42465897
v 1.17001449 0.00000001 9.41239238
v 1.33513463 -6.15593536 9.39521884
v 0.82771880 0.00000001 9.43692557
v 0.65054326 0.00000001 9.44428522
v 1.16398679 -6.15593536 9.40748544
v 0.99886665 -6.15593536 9.42465897
v 0.29016446 0.00000001 9.45409835
v 0.47336771 0.00000001 9.45164488
v 0.65054326 -6.15593536 9.44428522
v 0.10696121 0.00000001 9.45655182
v -0.05427953 0.00000001 9.45360796
v 0.80360799 -6.15593536 9.41729856
v 0.46734001 -6.15593536 9.44673869
v 0.29016446 -6.15593536 9.45409835
v -0.37297751 0.00000001 9.44183175
v -0.21552027 0.00000001 9.45066409
v -0.05427953 -6.15593536 9.45360796
v -0.53043475 0.00000001 9.43299941
v -0.68410868 0.00000001 9.41827936
v -0.21173677 -6.15593536 9.44477562
v -0.37297751 -6.15593536 9.44183175
v -0.98767321 0.00000001 9.38295150
v -0.83778260 0.00000001 9.40355929
v -0.68410868 -6.15593536 9.41827936
v -1.13756383 0.00000001 9.36234371
v -1.28367113 0.00000001 9.33584820
v 0.18134547 -6.15593536 9.37019451
v -0.51530131 -6.15593536 9.40944776
v -0.83399929 -6.15593536 9.39767157
v -0.98767321 -6.15593536 9.38295150
v -1.57210242 0.00000001 9.27696869
v -1.42977843 0.00000001 9.30935268
v -1.28367113 -6.15593536 9.33584820
v -1.71442641 0.00000001 9.24458471
v -1.85296689 0.00000001 9.20631299
v -1.42599512 -6.15593536 9.30346421
v -1.57210242 -6.15593536 9.27696869
v -2.12626474 0.00000001 9.12388109
v -1.99150738 0.00000001 9.16804127
v -1.85296689 -6.15593536 9.20631299
v -2.26102211 0.00000001 9.07972089
v -2.39199597 0.00000001 9.02967373
v -1.69929297 -6.15593536 9.22103230
v -1.98772426 -6.15593536 9.16215280
v -2.12626474 -6.15593536 9.12388109
v -2.65016047 0.00000001 8.92369092
v -2.52296983 0.00000001 8.97962656
v -2.39199597 -6.15593536 9.02967373
v -2.77735112 0.00000001 8.86775528
v -2.90075835 0.00000001 8.80593116
v -2.51918661 -6.15593536 8.97373808
v -2.65016047 -6.15593536 8.92369092
v -3.14378951 0.00000001 8.67639595
v -3.02416559 0.00000001 8.74410705
v -2.90075835 -6.15593536 8.80593116
v -3.26341344 0.00000001 8.60868486
v -3.37771503 0.00000001 8.53545290
v 0.73435370 -6.15593536 7.43697951
v 0.53838977 -6.15593536 8.44774720
v -0.88157933 -6.15593536 8.99336509
v -2.20048863 -6.15593536 8.98551429
v -2.76221777 -6.15593536 8.84420288
v -3.02038228 -6.15593536 8.73822007
v -3.14378951 -6.15593536 8.67639595
v -3.59945696 0.00000001 8.38383722
v -3.49201662 0.00000001 8.46222094
v -3.37771503 -6.15593536 8.53545290
v -3.70689730 0.00000001 8.30545351
v -3.80747629 0.00000001 8.22191803
v -3.48515537 -6.15593536 8.45706919
v -3.59945696 -6.15593536 8.38383722
v -4.00177302 0.00000001 8.04969531
v -3.90805529 0.00000001 8.13838255
v -3.80747629 -6.15593536 8.22191803
v -4.09549076 0.00000001 7.96100807
v -4.18234715 0.00000001 7.86716833
v -3.67945210 -6.15593536 8.28484647
v -3.90119403 -6.15593536 8.13323079
v -4.00177302 -6.15593536 8.04969531
v -4.34919863 0.00000001 7.67433782
v -4.26920354 0.00000001 7.77332858
v -4.18234715 -6.15593536 7.86716833
v -4.42919372 0.00000001 7.57534706
v -4.50232750 0.00000001 7.47120304
v -4.26234224 -6.15593536 7.76817756
v -4.34919863 -6.15593536 7.67433782
v -4.64173378 0.00000001 7.25776399
v -4.57546129 0.00000001 7.36705903
v -4.50232750 -6.15593536 7.47120304
v -4.70800626 0.00000001 7.14846897
v -4.76741745 0.00000001 7.03402180
v -3.98570985 -6.15593536 7.87857691
v -4.40174851 -6.15593536 7.55473852
v -4.56859999 -6.15593536 7.36190802
v -4.64173378 -6.15593536 7.25776399
v -4.87937851 0.00000001 6.79997535
v -4.82682863 0.00000001 6.91957464
v -4.76741745 -6.15593536 7.03402180
v -4.93192840 0.00000001 6.68037605
v -4.97761698 0.00000001 6.55562462
v -4.81996733 -6.15593536 6.91442251
v -4.87937851 -6.15593536 6.79997535
v -5.06213285 0.00000001 6.30097000
v -5.02330556 0.00000001 6.43087318
v -4.97761698 -6.15593536 6.55562462
v -5.10096013 0.00000001 6.17106680
v -5.11570874 0.00000001 6.11776843
v -4.90448319 -6.15593536 6.65976789
v -5.01644426 -6.15593536 6.42572143
v -5.06213285 -6.15593536 6.30097000
v -5.14392346 0.00000001 6.01055852
v -5.13045736 0.00000001 6.06447007
v -5.11570874 -6.15593536 6.11776843
v -5.15738955 0.00000001 5.95664697
v -5.16957319 0.00000001 5.90212187
v -5.12917484 -6.15593536 6.06385689
v -5.14392346 -6.15593536 6.01055852
v -5.19265796 0.00000001 5.79245849
v -5.18175682 0.00000001 5.84759676
v -5.16957319 -6.15593536 5.90212187
v -5.20355910 0.00000001 5.73732020
v -5.21317775 0.00000001 5.68156836
v -4.23348627 -6.15593536 7.17300253
v -4.95578268 -6.15593536 6.44289458
v -5.15225961 -6.15593536 5.95419350
v -5.18047433 -6.15593536 5.84698359
v -5.19265796 -6.15593536 5.79245849
v -5.23113255 0.00000001 5.56945151
v -5.22279640 0.00000001 5.62581653
v -5.21317775 -6.15593536 5.68156836
v -5.23946871 0.00000001 5.51308649
v -5.24652238 0.00000001 5.45610830
v -5.22151391 -6.15593536 5.62520335
v -5.23113255 -6.15593536 5.56945151
v -5.25934724 0.00000001 5.34153835
v -5.25357604 0.00000001 5.39913010
v -5.24652238 -6.15593536 5.45610830
v -5.26511844 0.00000001 5.28394659
v -5.26960715 0.00000001 5.22574166
v -5.23433877 -6.15593536 5.51063340
v -5.25229358 -6.15593536 5.39851655
v -5.25934724 -6.15593536 5.34153835
v -5.27730208 0.00000001 5.10871825
v -5.27409586 0.00000001 5.16753674
v -5.26960715 -6.15593536 5.22574166
v -5.28050829 0.00000001 5.04989976
v -5.28243202 0.00000001 4.99046810
v -5.27281337 -6.15593536 5.16692318
v -5.27730208 -6.15593536 5.10871825
v -5.28499697 0.00000001 4.87099158
v -5.28435574 0.00000001 4.93103643
v -5.28243202 -6.15593536 4.99046810
v -5.28563821 0.00000001 4.81094674
v -5.28278468 0.00000001 4.69257418
v -5.24459865 -6.15593536 5.27413347
v -5.27537833 -6.15593536 5.04744667
v -5.28307325 -6.15593536 4.93042325
v -5.28499697 -6.15593536 4.87099158
v -5.27137056 0.00000001 4.45754618
v -5.27993115 0.00000001 4.57420161
v -5.28278468 -6.15593536 4.69257418
v -5.26280996 0.00000001 4.34089074
v -5.24854231 0.00000001 4.22595282
v -5.27422409 -6.15593536 4.57591874
v -5.27137056 -6.15593536 4.45754618
v -5.21429992 0.00000001 3.99779408
v -5.23427466 0.00000001 4.11101488
v -5.24854231 -6.15593536 4.22595282
v -5.19432518 0.00000001 3.88457328
v -5.16864338 0.00000001 3.77306998
v -5.23998169 -6.15593536 4.34776001
v -5.22856757 -6.15593536 4.11273201
v -5.21429992 -6.15593536 3.99779408
v -5.11157274 0.00000001 3.55178089
v -5.14296158 0.00000001 3.66156668
v -5.16864338 -6.15593536 3.77306998
v -5.08018391 0.00000001 3.44199509
v -5.04308796 0.00000001 3.33392604
v -5.13725454 -6.15593536 3.66328419
v -5.11157274 -6.15593536 3.55178089
v -4.96318906 0.00000001 3.11950584
v -5.00599202 0.00000001 3.22585700
v -5.04308796 -6.15593536 3.33392604
v -4.92038610 0.00000001 3.01315467
v -4.87187603 0.00000001 2.90852064
v -4.09189977 -6.15593536 5.81091977
v -5.06197260 -6.15593536 4.37523744
v -5.10301215 -6.15593536 3.91205071
v -5.05735564 -6.15593536 3.44886398
v -5.00028500 -6.15593536 3.22757488
v -4.96318906 -6.15593536 3.11950584
v -4.76914883 0.00000001 2.70096969
v -4.82336596 0.00000001 2.80388660
v -4.87187603 -6.15593536 2.90852064
v -4.71493170 0.00000001 2.59805279
v -4.65500751 0.00000001 2.49685338
v -4.81765890 -6.15593536 2.80560373
v -4.76914883 -6.15593536 2.70096969
v -4.52945207 0.00000001 2.29617207
v -4.59508332 0.00000001 2.39565398
v -4.65500751 -6.15593536 2.49685338
v -4.46382081 0.00000001 2.19669017
v -4.39254664 0.00000001 2.10015213
v -4.69210346 -6.15593536 2.60492242
v -4.58937626 -6.15593536 2.39737148
v -4.52945207 -6.15593536 2.29617207
v -4.24441945 0.00000001 1.91124665
v -4.32127246 0.00000001 2.00361409
v -4.39254664 -6.15593536 2.10015213
v -4.16756644 0.00000001 1.81887921
v -4.08513465 0.00000001 1.73068236
v -4.31569363 -6.15593536 2.00778469
v -4.24441945 -6.15593536 1.91124665
v -3.91469218 0.00000001 1.55845927
v -4.00270285 0.00000001 1.64248552
v -4.08513465 -6.15593536 1.73068236
v -3.82668150 0.00000001 1.47443302
v -3.73309204 0.00000001 1.39457738
v -4.37353380 -6.15593536 2.24379384
v -4.14525116 -6.15593536 1.83556160
v -3.99712397 -6.15593536 1.64665611
v -3.91469218 -6.15593536 1.55845927
v -3.54033433 0.00000001 1.23903705
v -3.63950257 0.00000001 1.31472173
v -3.73309204 -6.15593536 1.39457738
v -3.44116608 0.00000001 1.16335237
v -3.33641905 0.00000001 1.09183791
v -3.63392379 -6.15593536 1.31889270
v -3.54033433 -6.15593536 1.23903705
v -3.12134610 0.00000001 0.95297997
v -3.23167201 0.00000001 1.02032345
v -3.33641905 -6.15593536 1.09183791
v -3.01102018 0.00000001 0.88563649
v -2.89511538 0.00000001 0.82246360
v -3.41885084 -6.15593536 1.18003476
v -3.22609313 -6.15593536 1.02449443
v -3.12134610 -6.15593536 0.95297997
v -2.65772710 0.00000001 0.70028823
v -2.77921058 0.00000001 0.75929071
v -2.89511538 -6.15593536 0.82246360
v -2.53624361 0.00000001 0.64128576
v -2.40918124 0.00000001 0.58645406
v -2.77363190 -6.15593536 0.76346112
v -2.65772710 -6.15593536 0.70028823
v -2.14947772 0.00000001 0.48096146
v -2.28211887 0.00000001 0.53162237
v -2.40918124 -6.15593536 0.58645406
v -2.01683656 0.00000001 0.43030056
v -1.57360925 0.00000001 0.27132541
v -3.46861133 -6.15593536 1.72172762
v -2.92175903 -6.15593536 0.95236679
v -2.51392837 -6.15593536 0.65796852
v -2.27654009 -6.15593536 0.53579315
v -2.14947772 -6.15593536 0.48096146
v -1.04009477 0.00000001 0.08054913
v -1.13038193 0.00000001 0.11235026
v -1.57360925 -6.15593536 0.27132541
v -0.94980761 0.00000001 0.04874800
v -0.86362450 0.00000001 0.01811221
v -1.48332209 -6.15593536 0.23952428
v -1.04009477 -6.15593536 0.08054913
v -3.05116197 0.00000001 -2.74984487
v -3.03282241 0.00000001 -2.75932081
v -3.08800137 0.00000001 -2.73095431
v -3.06950154 0.00000001 -2.74036894
v -3.05116197 -6.15593536 -2.74984487
v -3.10650120 0.00000001 -2.72153967
v -3.12506522 0.00000001 -2.71243172
v -3.06966181 -6.15593536 -2.74043024
v -3.08800137 -6.15593536 -2.73095431
v -3.16225735 0.00000001 -2.69452250
v -3.14362924 0.00000001 -2.70332377
v -3.12506522 -6.15593536 -2.71243172
v -3.18088546 0.00000001 -2.68572124
v -3.19957766 0.00000001 -2.67722665
v -3.14369333 -6.15593536 -2.70363045
v -3.16225735 -6.15593536 -2.69452250
v -3.23702624 0.00000001 -2.66054408
v -3.21826986 0.00000001 -2.66873207
v -3.19957766 -6.15593536 -2.67722665
v -3.25578263 0.00000001 -2.65235609
v -3.27460310 0.00000001 -2.64447478
v -3.18114191 -6.15593536 -2.68694787
v -3.21833404 -6.15593536 -2.66903866
v -3.23702624 -6.15593536 -2.66054408
v -3.31230824 0.00000001 -2.62901884
v -3.29342357 0.00000001 -2.63659347
v -3.27460310 -6.15593536 -2.64447478
v -3.33119290 0.00000001 -2.62144421
v -3.35014165 0.00000001 -2.61417628
v -3.29348776 -6.15593536 -2.63690015
v -3.31230824 -6.15593536 -2.62901884
v -3.38810324 0.00000001 -2.59994707
v -3.36909040 0.00000001 -2.60690833
v -3.35014165 -6.15593536 -2.61417628
v -3.40711608 0.00000001 -2.59298582
v -3.42619310 0.00000001 -2.58633114
v -3.33144935 -6.15593536 -2.62267095
v -3.36915449 -6.15593536 -2.60721501
v -3.38810324 -6.15593536 -2.59994707
v -3.46441124 0.00000001 -2.57332849
v -3.44527013 0.00000001 -2.57967647
v -3.42619310 -6.15593536 -2.58633114
v -3.48355236 0.00000001 -2.56698051
v -3.50275756 0.00000001 -2.56093920
v -3.44533422 -6.15593536 -2.57998316
v -3.46441124 -6.15593536 -2.57332849
v -3.54136034 0.00000001 -2.54925528
v -3.52196277 0.00000001 -2.55489790
v -3.50275756 -6.15593536 -2.56093920
v -3.56075791 0.00000001 -2.54361266
v -3.58047612 0.00000001 -2.53846071
v -3.40827027 -6.15593536 -2.59798437
v -3.48393699 -6.15593536 -2.56829924
v -3.52215513 -6.15593536 -2.55529658
v -3.54136034 -6.15593536 -2.54925528
v -3.62023318 0.00000001 -2.52864749
v -3.60019433 0.00000001 -2.53330877
v -3.58047612 -6.15593536 -2.53846071
v -3.64027203 0.00000001 -2.52398622
v -3.66063153 0.00000001 -2.51981552
v -3.60051497 -6.15593536 -2.53379943
v -3.62023318 -6.15593536 -2.52864749
v -3.70167116 0.00000001 -2.51196492
v -3.68099102 0.00000001 -2.51564484
v -3.66063153 -6.15593536 -2.51981552
v -3.72235129 0.00000001 -2.50828499
v -3.74335197 0.00000001 -2.50509565
v -3.64155460 -6.15593536 -2.52594883
v -3.68131166 -6.15593536 -2.51613560
v -3.70167116 -6.15593536 -2.51196492
v -3.78567396 0.00000001 -2.49920765
v -3.76435265 0.00000001 -2.50190631
v -3.74335197 -6.15593536 -2.50509565
v -3.80699528 0.00000001 -2.49650898
v -3.82863724 0.00000001 -2.49430099
v -3.76467329 -6.15593536 -2.50239699
v -3.78567396 -6.15593536 -2.49920765
v -3.87224181 0.00000001 -2.49037568
v -3.85027920 0.00000001 -2.49209300
v -3.82863724 -6.15593536 -2.49430099
v -3.89420441 0.00000001 -2.48865836
v -3.91648765 0.00000001 -2.48743173
v -3.57499352 -6.15593536 -2.57050723
v -3.72748116 -6.15593536 -2.51613552
v -3.80827785 -6.15593536 -2.49847168
v -3.85059985 -6.15593536 -2.49258367
v -3.87224181 -6.15593536 -2.49037568
v -3.96137468 0.00000001 -2.48546912
v -3.93877089 0.00000001 -2.48620508
v -3.91648765 -6.15593536 -2.48743173
v -3.98397846 0.00000001 -2.48473315
v -4.00690289 0.00000001 -2.48448777
v -3.93909144 -6.15593536 -2.48669576
v -3.96137468 -6.15593536 -2.48546912
v -4.06051083 0.00000001 -2.48482505
v -4.02982732 0.00000001 -2.48424239
v -4.00690289 -6.15593536 -2.48448777
v -4.09119435 0.00000001 -2.48540772
v -4.12168550 0.00000001 -2.48715574
v -3.99269938 -6.15593536 -2.48703304
v -4.03758641 -6.15593536 -2.48507044
v -4.06051083 -6.15593536 -2.48482505
v -4.18247543 0.00000001 -2.49181701
v -4.15217664 0.00000001 -2.48890375
v -4.12168550 -6.15593536 -2.48715574
v -4.21277421 0.00000001 -2.49473027
v -4.24288053 0.00000001 -2.49880896
v -4.15198428 -6.15593536 -2.49006900
v -4.18247543 -6.15593536 -2.49181701
v -4.30290086 0.00000001 -2.50813161
v -4.27298685 0.00000001 -2.50288767
v -4.24288053 -6.15593536 -2.49880896
v -4.33281486 0.00000001 -2.51337555
v -4.36253650 0.00000001 -2.51978483
v -4.11350963 -6.15593536 -2.50101695
v -4.21200460 -6.15593536 -2.49939163
v -4.27279454 -6.15593536 -2.50405291
v -4.30290086 -6.15593536 -2.50813161
v -4.42178736 0.00000001 -2.53376874
v -4.39225814 0.00000001 -2.52619411
v -4.36253650 -6.15593536 -2.51978483
v -4.45131659 0.00000001 -2.54134337
v -4.48065350 0.00000001 -2.55008333
v -4.39206573 -6.15593536 -2.52735946
v -4.42178736 -6.15593536 -2.53376874
v -4.53913490 0.00000001 -2.56872861
v -4.50999041 0.00000001 -2.55882330
v -4.48065350 -6.15593536 -2.55008333
v -4.56827940 0.00000001 -2.57863392
v -4.59723153 0.00000001 -2.58970447
v -4.45054713 -6.15593536 -2.54600473
v -4.50979799 -6.15593536 -2.55998865
v -4.53913490 -6.15593536 -2.56872861
v -4.65494342 0.00000001 -2.61301093
v -4.62618366 0.00000001 -2.60077504
v -4.59723153 -6.15593536 -2.58970447
v -4.68370318 0.00000001 -2.62524683
v -4.71227058 0.00000001 -2.63864816
v -4.62599129 -6.15593536 -2.60194037
v -4.65494342 -6.15593536 -2.61301093
v -4.76882824 0.00000001 -2.66649339
v -4.74083798 0.00000001 -2.65204949
v -4.71227058 -6.15593536 -2.63864816
v -4.79681849 0.00000001 -2.68093728
v -4.82384687 0.00000001 -2.69630121
v -4.02630056 -6.15593536 -2.66664668
v -4.34551145 -6.15593536 -2.58479782
v -4.56481668 -6.15593536 -2.59715641
v -4.68254894 -6.15593536 -2.62978559
v -4.74026084 -6.15593536 -2.65309205
v -4.76882824 -6.15593536 -2.66649339
v -4.87694181 0.00000001 -2.72794905
v -4.85087525 0.00000001 -2.71166515
v -4.82384687 -6.15593536 -2.69630121
v -4.90300836 0.00000001 -2.74423295
v -4.92811304 0.00000001 -2.76143680
v -4.84991343 -6.15593536 -2.71258511
v -4.87694181 -6.15593536 -2.72794905
v -4.97736053 0.00000001 -2.79676455
v -4.95321772 0.00000001 -2.77864065
v -4.92811304 -6.15593536 -2.76143680
v -5.00150333 0.00000001 -2.81488846
v -5.02468426 0.00000001 -2.83393232
v -4.89916091 -6.15593536 -2.74791287
v -4.95225585 -6.15593536 -2.77956071
v -4.97736053 -6.15593536 -2.79676455
v -5.07008430 0.00000001 -2.87294010
v -5.04786519 0.00000001 -2.85297619
v -5.02468426 -6.15593536 -2.83393232
v -5.09230340 0.00000001 -2.89290402
v -5.11356061 0.00000001 -2.91378788
v -5.04690337 -6.15593536 -2.85389624
v -5.07008430 -6.15593536 -2.87294010
v -5.15511317 0.00000001 -2.95647558
v -5.13481781 0.00000001 -2.93467175
v -5.11356061 -6.15593536 -2.91378788
v -5.17540852 0.00000001 -2.97827941
v -5.19474200 0.00000001 -3.00100328
v -4.98611351 -6.15593536 -2.82960834
v -5.08845593 -6.15593536 -2.89658394
v -5.13385596 -6.15593536 -2.93559171
v -5.15511317 -6.15593536 -2.95647558
v -5.23244709 0.00000001 -3.04737109
v -5.21407548 0.00000001 -3.02372716
v -5.19474200 -6.15593536 -3.00100328
v -5.25081870 0.00000001 -3.07101501
v -5.26822845 0.00000001 -3.09557881
v -5.21311361 -6.15593536 -3.02464721
v -5.23244709 -6.15593536 -3.04737109
v -5.30776111 0.00000001 -3.15559305
v -5.28563821 0.00000001 -3.12014260
v -5.26822845 -6.15593536 -3.09557881
v -5.32988400 0.00000001 -3.19104350
v -5.35008318 0.00000001 -3.22673934
v -5.25264626 -6.15593536 -3.08466145
v -5.29035135 -6.15593536 -3.13102926
v -5.30776111 -6.15593536 -3.15559305
v -5.38855777 0.00000001 -3.29837630
v -5.37028235 0.00000001 -3.26243517
v -5.35008318 -6.15593536 -3.22673934
v -5.40683320 0.00000001 -3.33431742
v -5.42318489 0.00000001 -3.37050384
v -5.36835860 -6.15593536 -3.26268047
v -5.38855777 -6.15593536 -3.29837630
v -5.45396457 0.00000001 -3.44312206
v -5.43953659 0.00000001 -3.40669026
v -5.42318489 -6.15593536 -3.37050384
v -5.46839254 0.00000001 -3.47955386
v -5.48089679 0.00000001 -3.51623095
v -5.13260552 -6.15593536 -3.08024557
v -5.32190053 -6.15593536 -3.22891663
v -5.39913827 -6.15593536 -3.33529868
v -5.43761287 -6.15593536 -3.40693564
v -5.45396457 -6.15593536 -3.44312206
v -5.50398156 0.00000001 -3.58983051
v -5.49340104 0.00000001 -3.55290804
v -5.48089679 -6.15593536 -3.51623095
v -5.51456208 0.00000001 -3.62675300
v -5.52321886 0.00000001 -3.66392076
v -5.49147731 -6.15593536 -3.55315342
v -5.50398156 -6.15593536 -3.58983051
v -5.53860869 0.00000001 -3.73850168
v -5.53187563 0.00000001 -3.70108853
v -5.52321886 -6.15593536 -3.66392076
v -5.54534176 0.00000001 -3.77591482
v -5.55015108 0.00000001 -3.81357327
v -5.50686715 -6.15593536 -3.62773435
v -5.52995192 -6.15593536 -3.70133391
v -5.53860869 -6.15593536 -3.73850168
v -5.55784599 0.00000001 -3.88913549
v -5.55496040 0.00000001 -3.85123171
v -5.55015108 -6.15593536 -3.81357327
v -5.56073158 0.00000001 -3.92703927
v -5.56169345 0.00000001 -3.96518838
v -5.55303667 -6.15593536 -3.85147705
v -5.55784599 -6.15593536 -3.88913549
v -5.56194996 0.00000001 -4.03710128
v -5.56265533 0.00000001 -4.00333750
v -5.56169345 -6.15593536 -3.96518838
v -5.56124459 0.00000001 -4.07086507
v -5.55912848 0.00000001 -4.10444487
v -5.51481856 -6.15593536 -3.77520947
v -5.55329317 -6.15593536 -3.92338995
v -5.56098808 -6.15593536 -3.99895217
v -5.56194996 -6.15593536 -4.03710128
v -5.55348554 0.00000001 -4.17142046
v -5.55701238 0.00000001 -4.13802466
v -5.55912848 -6.15593536 -4.10444487
v -5.54995869 0.00000001 -4.20481626
v -5.54502113 0.00000001 -4.23802807
v -5.55560164 -6.15593536 -4.13784066
v -5.55348554 -6.15593536 -4.17142046
v -5.53373526 0.00000001 -4.30426770
v -5.54008356 0.00000001 -4.27123988
v -5.54502113 -6.15593536 -4.23802807
v -5.52738695 0.00000001 -4.33729552
v -5.51962791 0.00000001 -4.37013930
v -5.54431577 -6.15593536 -4.20408029
v -5.53867282 -6.15593536 -4.27105589
v -5.53373526 -6.15593536 -4.30426770
v -5.50269909 0.00000001 -4.43564292
v -5.51186887 0.00000001 -4.40298308
v -5.51962791 -6.15593536 -4.37013930
v -5.49352931 0.00000001 -4.46830276
v -5.48294879 0.00000001 -4.50077855
v -5.51045813 -6.15593536 -4.40279913
v -5.50269909 -6.15593536 -4.43564292
v -5.46037702 0.00000001 -4.56554616
v -5.47236827 0.00000001 -4.53325435
v -5.48294879 -6.15593536 -4.50077855
v -5.44838578 0.00000001 -4.59783796
v -5.43498380 0.00000001 -4.62994578
v -4.35208420 -6.15593536 -3.62509702
v -5.12260214 -6.15593536 -3.63938762
v -5.45838916 -6.15593536 -4.03869591
v -5.50481518 -6.15593536 -4.33435152
v -5.48788636 -6.15593536 -4.46756674
v -5.47095755 -6.15593536 -4.53307036
v -5.46037702 -6.15593536 -4.56554616
v -5.40676908 0.00000001 -4.69397741
v -5.42158181 0.00000001 -4.66205359
v -5.43498380 -6.15593536 -4.62994578
v -5.39195635 0.00000001 -4.72590124
v -5.37573291 0.00000001 -4.75764105
v -5.42017107 -6.15593536 -4.66186960
v -5.40676908 -6.15593536 -4.69397741
v -5.34206764 0.00000001 -4.82062999
v -5.35950946 0.00000001 -4.78938086
v -5.37573291 -6.15593536 -4.75764105
v -5.32462581 0.00000001 -4.85187912
v -5.30615800 0.00000001 -4.88233095
v -5.38650580 -6.15593536 -4.72485855
v -5.35829108 -6.15593536 -4.78889018
v -5.34206764 -6.15593536 -4.82062999
v -5.26819641 0.00000001 -4.94243727
v -5.28769018 0.00000001 -4.91278277
v -5.30615800 -6.15593536 -4.88233095
v -5.24870263 0.00000001 -4.97209177
v -5.22818284 0.00000001 -5.00094893
v -5.28666422 -6.15593536 -4.91198545
v -5.26819641 -6.15593536 -4.94243727
v -5.18611727 0.00000001 -5.05786593
v -5.20766305 0.00000001 -5.02980609
v -5.22818284 -6.15593536 -5.00094893
v -5.16457150 0.00000001 -5.08592577
v -5.14199973 0.00000001 -5.11318828
v -5.30647864 -6.15593536 -4.84188186
v -5.24459865 -6.15593536 -4.96890245
v -5.20663706 -6.15593536 -5.02900877
v -5.18611727 -6.15593536 -5.05786593
v -5.09583021 0.00000001 -5.16691596
v -5.11942797 0.00000001 -5.14045078
v -5.14199973 -6.15593536 -5.11318828
v -5.07223246 0.00000001 -5.19338114
v -5.04760874 0.00000001 -5.21904899
v -5.11840198 -6.15593536 -5.13965346
v -5.09583021 -6.15593536 -5.16691596
v -4.99733529 0.00000001 -5.26958736
v -5.02298502 0.00000001 -5.24471683
v -5.04760874 -6.15593536 -5.21904899
v -4.97168556 0.00000001 -5.29445788
v -4.94500982 0.00000001 -5.31853106
v -5.06812853 -6.15593536 -5.19019182
v -5.02195901 -6.15593536 -5.24391951
v -4.99733529 -6.15593536 -5.26958736
v -4.89063237 0.00000001 -5.36588013
v -4.91833407 0.00000001 -5.34260426
v -4.94500982 -6.15593536 -5.31853106
v -4.86293066 0.00000001 -5.38915599
v -4.83420299 0.00000001 -5.41163452
v -4.91730811 -6.15593536 -5.34180694
v -4.89063237 -6.15593536 -5.36588013
v -4.74340297 0.00000001 -5.47891679
v -4.80547532 0.00000001 -5.43411306
v -4.83420299 -6.15593536 -5.41163452
v -4.68133062 0.00000001 -5.52372052
v -4.61515431 0.00000001 -5.56686827
v -5.06485820 -6.15593536 -5.06077924
v -4.92295106 -6.15593536 -5.30482315
v -4.82650809 -6.15593536 -5.40908920
v -4.77213064 -6.15593536 -5.45643826
v -4.74340297 -6.15593536 -5.47891679
v -4.47869770 0.00000001 -5.65150778
v -4.54897801 0.00000001 -5.61001602
v -4.61515431 -6.15593536 -5.56686827
v -4.40841740 0.00000001 -5.69299953
v -4.33403324 0.00000001 -5.73283530
v -4.54487401 -6.15593536 -5.60836003
v -4.47869770 -6.15593536 -5.65150778
v -4.18116087 0.00000001 -5.81085084
v -4.25964908 0.00000001 -5.77267107
v -4.33403324 -6.15593536 -5.73283530
v -4.10267266 0.00000001 -5.84903061
v -4.02008049 0.00000001 -5.88555441
v -4.39200164 -6.15593536 -5.68637557
v -4.25554503 -6.15593536 -5.77101507
v -4.18116087 -6.15593536 -5.81085084
v -3.85079231 0.00000001 -5.95694598
v -3.93748833 0.00000001 -5.92207820
v -4.02008049 -6.15593536 -5.88555441
v -3.76409629 0.00000001 -5.99181376
v -3.67329622 0.00000001 -6.02502557
v -3.93338447 -6.15593536 -5.92042218
v -3.85079231 -6.15593536 -5.95694598
v -3.48759213 0.00000001 -6.08979320
v -3.58249615 0.00000001 -6.05823738
v -3.67329622 -6.15593536 -6.02502557
v -3.39268810 0.00000001 -6.12134902
v -3.29368013 0.00000001 -6.15124886
v -4.03700936 -6.15593536 -5.82253477
v -3.74768038 -6.15593536 -5.98518981
v -3.57839220 -6.15593536 -6.05658139
v -3.48759213 -6.15593536 -6.08979320
v -3.09156022 0.00000001 -6.20939252
v -3.19467215 0.00000001 -6.18114871
v -3.29368013 -6.15593536 -6.15124886
v -2.98844829 0.00000001 -6.23763633
v -2.88123241 0.00000001 -6.26422416
v -3.19056820 -6.15593536 -6.17949267
v -3.09156022 -6.15593536 -6.20939252
v -2.66474872 0.00000001 -6.31549854
v -2.77401653 0.00000001 -6.29081200
v -2.88123241 -6.15593536 -6.26422416
v -2.55548091 0.00000001 -6.34018507
v -2.44621300 0.00000001 -6.36272495
v -2.97408451 -6.15593536 -6.23076704
v -2.77196460 -6.15593536 -6.28891070
v -2.66474872 -6.15593536 -6.31549854
v -2.22767738 0.00000001 -6.40565803
v -2.33694509 0.00000001 -6.38526484
v -2.44621300 -6.15593536 -6.36272495
v -2.11840967 0.00000001 -6.42605122
v -2.00914176 0.00000001 -6.44429777
v -2.33694529 -6.15593536 -6.38311815
v -2.22767738 -6.15593536 -6.40565803
v -1.79060595 0.00000001 -6.47864423
v -1.89987386 0.00000001 -6.46254433
v -2.00914176 -6.15593536 -6.44429777
v -1.68133804 0.00000001 -6.49474413
v -1.57207013 0.00000001 -6.50869740
v -2.46856033 -6.15593536 -4.57355011
v -3.56486191 -6.15593536 -5.54629105
v -3.18133433 -6.15593536 -6.00923233
v -2.53701307 -6.15593536 -6.30804658
v -2.11840947 -6.15593536 -6.41746460
v -1.89987386 -6.15593536 -6.46039768
v -1.79060595 -6.15593536 -6.47864423
v -1.35353451 0.00000001 -6.53445727
v -1.46280223 0.00000001 -6.52265066
v -1.57207013 -6.15593536 -6.50869740
v -1.24426680 0.00000001 -6.54626388
v -1.13499889 0.00000001 -6.55592382
v -1.46280242 -6.15593536 -6.52050401
v -1.35353451 -6.15593536 -6.53445727
v -0.91646308 0.00000001 -6.57309702
v -1.02573099 0.00000001 -6.56558374
v -1.13499889 -6.15593536 -6.55592382
v -0.80719517 0.00000001 -6.58061030
v -0.69792726 0.00000001 -6.58597694
v -1.24426661 -6.15593536 -6.53767722
v -1.02573099 -6.15593536 -6.56343710
v -0.91646308 -6.15593536 -6.57309702
v -0.47939164 0.00000001 -6.59456356
v -0.58865936 0.00000001 -6.59134357
v -0.69792726 -6.15593536 -6.58597694
v -0.37012393 0.00000001 -6.59778355
v -0.26085603 0.00000001 -6.59885689
v -0.58865955 -6.15593536 -6.58919692
v -0.47939164 -6.15593536 -6.59456356
v 0.06762088 0.00000001 -6.59572890
v -0.15158812 0.00000001 -6.59993024
v -0.26085603 -6.15593536 -6.59885689
v 0.28682987 0.00000001 -6.59152756
v 0.49815151 0.00000001 -6.57892363
v -0.69725408 -6.15593536 -6.54313585
v -0.26018265 -6.15593536 -6.58606893
v -0.04164703 -6.15593536 -6.59465556
v 0.06762088 -6.15593536 -6.59572890
v 0.91290780 0.00000001 -6.54531319
v 0.70947314 0.00000001 -6.56631970
v 0.49815151 -6.15593536 -6.57892363
v 1.11634246 0.00000001 -6.52430667
v 1.31188956 0.00000001 -6.49489748
v 0.70158617 -6.15593536 -6.55791712
v 0.91290780 -6.15593536 -6.54531319
v 1.69509621 0.00000001 -6.42767655
v 1.50743667 0.00000001 -6.46548828
v 1.31188956 -6.15593536 -6.49489748
v 1.88275576 0.00000001 -6.38986481
v 2.06252853 0.00000001 -6.34365039
v 1.08479281 -6.15593536 -6.49069618
v 1.49954911 -6.15593536 -6.45708574
v 1.69509621 -6.15593536 -6.42767655
v 2.41418651 0.00000001 -6.24281897
v 2.24230129 0.00000001 -6.29743597
v 2.06252853 -6.15593536 -6.34365039
v 2.58607172 0.00000001 -6.18820196
v 2.75006976 0.00000001 -6.12518233
v 2.23441374 -6.15593536 -6.28903338
v 2.41418651 -6.15593536 -6.24281897
v 3.07017829 0.00000001 -5.99074044
v 2.91406780 0.00000001 -6.06216268
v 2.75006976 -6.15593536 -6.12518233
v 3.22628877 0.00000001 -5.91931819
v 3.37451209 0.00000001 -5.83949332
v 0.77247537 -6.15593536 -6.20703117
v 1.75655932 -6.15593536 -6.25542288
v 2.55452227 -6.15593536 -6.15459150
v 2.90618025 -6.15593536 -6.05376008
v 3.07017829 -6.15593536 -5.99074044
v 3.66307156 0.00000001 -5.67144099
v 3.52273541 0.00000001 -5.75966847
v 3.37451209 -6.15593536 -5.83949332
v 3.80340772 0.00000001 -5.58321353
v 3.93585670 0.00000001 -5.48658342
v 3.51484824 -6.15593536 -5.75126586
v 3.66307156 -6.15593536 -5.67144099
v 4.19145656 0.00000001 -5.28522727
v 4.06830568 0.00000001 -5.38995331
v 3.93585670 -6.15593536 -5.48658342
v 4.31460744 0.00000001 -5.18050122
v 4.42704928 0.00000001 -5.06798589
v 3.77044811 -6.15593536 -5.54990970
v 4.05900758 -6.15593536 -5.38185737
v 4.19145656 -6.15593536 -5.28522727
v 4.64122429 0.00000001 -4.83516592
v 4.53949111 0.00000001 -4.95547055
v 4.42704928 -6.15593536 -5.06798589
v 4.74295748 0.00000001 -4.71486129
v 4.83398200 0.00000001 -4.58676736
v 4.52878246 -6.15593536 -4.94768125
v 4.64122429 -6.15593536 -4.83516592
v 5.00532241 0.00000001 -4.32279024
v 4.92500653 0.00000001 -4.45867343
v 4.83398200 -6.15593536 -4.58676736
v 5.08563828 0.00000001 -4.18690704
v 5.15524512 0.00000001 -4.04323459
v 4.15596353 -6.15593536 -5.05311262
v 4.70012286 -6.15593536 -4.68370413
v 4.91429788 -6.15593536 -4.45088416
v 5.00532241 -6.15593536 -4.32279024
v 5.28375013 0.00000001 -3.74810030
v 5.22485195 0.00000001 -3.89956212
v 5.15524512 -6.15593536 -4.04323459
v 5.34264830 0.00000001 -3.59663848
v 5.39083783 0.00000001 -3.43738744
v 5.21414329 -6.15593536 -3.89177277
v 5.28375013 -6.15593536 -3.74810030
v 5.47650784 0.00000001 -3.11109605
v 5.43902736 0.00000001 -3.27813640
v 5.39083783 -6.15593536 -3.43738744
v 5.51398832 0.00000001 -2.94405569
v 5.54076015 0.00000001 -2.76922602
v 5.29981330 -6.15593536 -3.56548137
v 5.42831831 -6.15593536 -3.27034709
v 5.47650784 -6.15593536 -3.11109605
v 5.58359515 0.00000001 -2.41177746
v 5.56753197 0.00000001 -2.59439635
v 5.54076015 -6.15593536 -2.76922602
v 5.59965832 0.00000001 -2.22915857
v 5.60501285 0.00000001 -2.03875037
v 5.55682332 -6.15593536 -2.58660713
v 5.58359515 -6.15593536 -2.41177746
v 5.60700068 0.00000001 -1.70466976
v 5.61036737 0.00000001 -1.84834217
v 5.60501285 -6.15593536 -2.03875037
v 5.60363400 0.00000001 -1.56099734
v 5.59353473 0.00000001 -1.42143413
v 1.96114798 -6.15593536 -4.02787074
v 4.41496139 -6.15593536 -3.74015776
v 5.34463614 -6.15593536 -2.87395219
v 5.55881116 -6.15593536 -2.25252651
v 5.60164616 -6.15593536 -1.89507796
v 5.60700068 -6.15593536 -1.70466976
v 5.56660283 0.00000001 -1.14641692
v 5.58343546 0.00000001 -1.28187093
v 5.59353473 -6.15593536 -1.42143413
v 5.54977019 0.00000001 -1.01096291
v 5.52620419 0.00000001 -0.87961849
v 5.57670210 -6.15593536 -1.28598013
v 5.56660283 -6.15593536 -1.14641692
v 5.47233960 0.00000001 -0.62103884
v 5.50263819 0.00000001 -0.74827406
v 5.52620419 -6.15593536 -0.87961849
v 5.44204101 0.00000001 -0.49380361
v 5.40500906 0.00000001 -0.37067760
v 5.52283751 -6.15593536 -1.02740048
v 5.49590560 -6.15593536 -0.75238326
v 5.47233960 -6.15593536 -0.62103884
v 5.32421256 0.00000001 -0.12853496
v 5.36797710 0.00000001 -0.24755158
v 5.40500906 -6.15593536 -0.37067760
v 5.28044802 0.00000001 -0.00951833
v 5.22995011 0.00000001 0.10538910
v 5.36124452 -6.15593536 -0.25166097
v 5.32421256 -6.15593536 -0.12853496
v 5.12222093 0.00000001 0.33109455
v 5.17945221 0.00000001 0.22029652
v 5.22995011 -6.15593536 0.10538910
v 5.06498966 0.00000001 0.44189258
v 5.00102580 0.00000001 0.54858122
v 5.33431183 -6.15593536 -0.55955238
v 5.25351533 -6.15593536 -0.02595552
v 5.17271884 -6.15593536 0.21618712
v 5.12222093 -6.15593536 0.33109455
v 4.86636471 0.00000001 0.75784929
v 4.93706194 0.00000001 0.65526985
v 5.00102580 -6.15593536 0.54858122
v 4.79566748 0.00000001 0.86042872
v 4.71823767 0.00000001 0.95889876
v 4.93032857 -6.15593536 0.65116065
v 4.86636471 -6.15593536 0.75784929
v 4.55760631 0.00000001 1.15166825
v 4.64080786 0.00000001 1.05736881
v 4.71823767 -6.15593536 0.95889876
v 4.47440476 0.00000001 1.24596770
v 4.38639428 0.00000001 1.33603516
v 4.76969721 -6.15593536 0.84393013
v 4.63503612 -6.15593536 1.05319822
v 4.55760631 -6.15593536 1.15166825
v 4.20556360 0.00000001 1.51193808
v 4.29838380 0.00000001 1.42610261
v 4.38639428 -6.15593536 1.33603516
v 4.11274340 0.00000001 1.59777354
v 4.01511427 0.00000001 1.67937702
v 4.29357408 -6.15593536 1.42187062
v 4.20556360 -6.15593536 1.51193808
v 3.81504669 0.00000001 1.83835198
v 3.91748514 0.00000001 1.76098049
v 4.01511427 -6.15593536 1.67937702
v 3.71260823 0.00000001 1.91572346
v 3.60536006 0.00000001 1.98886333
v 4.65812112 -6.15593536 0.17736306
v 4.38879894 -6.15593536 1.17880802
v 4.09350650 -6.15593536 1.58084558
v 3.91267582 -6.15593536 1.75674851
v 3.81504669 -6.15593536 1.83835198
v 3.38605479 0.00000001 2.13091070
v 3.49811189 0.00000001 2.06200320
v 3.60536006 -6.15593536 1.98886333
v 3.27399768 0.00000001 2.19981821
v 3.15713086 0.00000001 2.26449372
v 3.49330296 -6.15593536 2.05777084
v 3.38605479 -6.15593536 2.13091070
v 2.91858829 0.00000001 2.38961277
v 3.04026404 0.00000001 2.32916924
v 3.15713086 -6.15593536 2.26449372
v 2.79691253 0.00000001 2.45005629
v 2.67042746 0.00000001 2.50626820
v 3.25476038 -6.15593536 2.18288987
v 3.03545511 -6.15593536 2.32493725
v 2.91858829 -6.15593536 2.38961277
v 2.41264758 0.00000001 2.61445966
v 2.54394238 0.00000001 2.56248011
v 2.67042746 -6.15593536 2.50626820
v 2.28135279 0.00000001 2.66643920
v 2.14524906 0.00000001 2.71418712
v 2.53913266 -6.15593536 2.55824774
v 2.41264758 -6.15593536 2.61445966
v 1.55668410 0.00000001 2.91207806
v 2.00914534 0.00000001 2.76193505
v 2.14524906 -6.15593536 2.71418712
v 1.10422287 0.00000001 3.06222106
v 1.02573476 0.00000001 3.08841035
v 2.40841555 -6.15593536 2.48897225
v 1.95056770 -6.15593536 2.75613868
v 1.69278783 -6.15593536 2.86433012
v 1.55668410 -6.15593536 2.91207806
v -0.77744139 0.00000001 -0.01252358
v -0.69536233 0.00000001 -0.04199403
v -2.02042741 -6.15593536 4.29808064
v -2.84891374 -6.15593536 1.50031555
v -1.39713898 -6.15593536 0.20888849
v -0.86362450 -6.15593536 0.01811221
v -3.01473931 0.00000001 -2.76861275
v -2.99665620 0.00000001 -2.77790469
v -3.01473931 -6.15593536 -2.76861275
v -3.05157870 -6.15593536 -2.74972218
v -3.12621941 -6.15593536 -2.71513039
v 2.36279076 0.00000001 5.84244463
v 2.29167671 0.00000001 5.88476416
v 2.36279076 -6.15593536 5.84244463
v 2.41306402 -6.15593536 5.81398605
v 2.55670266 -6.15593536 5.76295696
v -2.97882964 0.00000001 -2.78701264
v -2.96100309 0.00000001 -2.79612059
v -3.10839286 -6.15593536 -2.72423834
v -2.97882964 -6.15593536 -2.78701264
v 0.94724664 0.00000001 3.11459965
v 0.87183637 0.00000001 3.14017540
v 3.27544032 -6.15593536 0.77680115
v 2.32992744 -6.15593536 2.51516156
v 1.02573476 -6.15593536 3.08841035
v 2.21684373 0.00000001 5.92340423
v 2.14201075 0.00000001 5.96204431
v 2.48186969 -6.15593536 5.80159704
v 3.43706580 -6.15593536 6.11365923
v 2.21684373 -6.15593536 5.92340423
v -2.94343309 0.00000001 -2.80504455
v -2.92586308 0.00000001 -2.81396851
v -3.09082285 -6.15593536 -2.73316230
v -2.94343309 -6.15593536 -2.80504455
v -2.90854944 0.00000001 -2.82270847
v -2.89123579 0.00000001 -2.83144844
v -3.07350921 -6.15593536 -2.74190226
v -2.90854944 -6.15593536 -2.82270847
v 0.79642610 0.00000001 3.16575114
v 0.72409367 0.00000001 3.19071371
v 3.20003005 -6.15593536 0.80237690
v 0.87183637 -6.15593536 3.14017540
v 2.06345845 0.00000001 5.99700380
v 1.98490615 0.00000001 6.03196329
v 3.35851350 -6.15593536 6.14861873
v 2.06345845 -6.15593536 5.99700380
v -0.61328327 0.00000001 -0.07146448
v -0.53530807 0.00000001 -0.09976977
v -1.93834835 -6.15593536 4.26861019
v -0.69536233 -6.15593536 -0.04199403
v -2.87417879 0.00000001 -2.84000432
v -2.85712180 0.00000001 -2.84856021
v -3.05645221 -6.15593536 -2.75045815
v -2.87417879 -6.15593536 -2.84000432
v 0.65176124 0.00000001 3.21567627
v 0.58250705 0.00000001 3.24002528
v 3.12769762 -6.15593536 0.82733946
v 0.72409367 -6.15593536 3.19071371
v 1.90263453 0.00000001 6.06324333
v 1.82036291 0.00000001 6.09452338
v 3.27624188 -6.15593536 6.17989877
v 1.90263453 -6.15593536 6.06324333
v -0.45733286 0.00000001 -0.12807507
v -0.38346171 0.00000001 -0.15521484
v -1.86037315 -6.15593536 4.24030489
v -0.53530807 -6.15593536 -0.09976977
v -2.84032116 0.00000001 -2.85693219
v -2.82352052 0.00000001 -2.86530418
v -3.03965157 -6.15593536 -2.75883013
v -2.84032116 -6.15593536 -2.85693219
v 0.51325285 0.00000001 3.26437429
v 0.44707650 0.00000001 3.28811012
v 3.05844343 -6.15593536 0.85168847
v 0.58250705 -6.15593536 3.24002528
v 1.73437236 0.00000001 6.12212321
v 1.64838181 0.00000001 6.14972305
v 3.19025133 -6.15593536 6.20749861
v 1.73437236 -6.15593536 6.12212321
v -0.30959055 0.00000001 -0.18235459
v -0.23982325 0.00000001 -0.20832902
v -1.78650199 -6.15593536 4.21316513
v -0.38346171 -6.15593536 -0.15521484
v -2.80697643 0.00000001 -2.87349207
v -2.79043234 0.00000001 -2.88167997
v -3.02310748 -6.15593536 -2.76701803
v -2.23588519 -6.15593536 -4.68821205
v -2.80697643 -6.15593536 -2.87349207
v 0.38090015 0.00000001 3.31184595
v 0.31780184 0.00000001 3.33496860
v 2.99226708 -6.15593536 0.87542431
v 0.44707650 -6.15593536 3.28811012
v 1.55867194 0.00000001 6.17364268
v 1.46896207 0.00000001 6.19756231
v 3.10054146 -6.15593536 6.23141824
v 1.55867194 -6.15593536 6.17364268
v -0.17005596 0.00000001 -0.23430345
v -0.10439271 0.00000001 -0.25911272
v -1.71673470 -6.15593536 4.18719071
v -0.23982325 -6.15593536 -0.20832902
v 0.25470352 0.00000001 3.35809126
v 0.19468325 0.00000001 3.38060035
v 2.92916876 -6.15593536 0.89854695
v 0.31780184 -6.15593536 3.33496860
v 1.37553288 0.00000001 6.21780250
v 1.28210369 0.00000001 6.23804268
v 3.00711226 -6.15593536 6.25165842
v 1.37553288 -6.15593536 6.21780250
v -0.03872946 0.00000001 -0.28392198
v 0.02282993 0.00000001 -0.30756591
v -1.65107145 -6.15593536 4.16238144
v -0.10439271 -6.15593536 -0.25911272
v -2.77414480 0.00000001 -2.88968398
v -2.75785727 0.00000001 -2.89768798
v -2.21959765 -6.15593536 -4.69621606
v -2.77414480 -6.15593536 -2.88968398
v 0.13466297 0.00000001 3.40310944
v 0.07772054 0.00000001 3.42500536
v 2.86914849 -6.15593536 0.92105605
v 0.19468325 -6.15593536 3.38060035
v 1.18495518 0.00000001 6.25460228
v 1.08780667 0.00000001 6.27116189
v 2.90996375 -6.15593536 6.26821802
v 1.18495518 -6.15593536 6.25460228
v 0.08438933 0.00000001 -0.33120984
v 0.14184467 0.00000001 -0.35368825
v -1.58951206 -6.15593536 4.13873751
v 0.02282993 -6.15593536 -0.30756591
v -2.74182619 0.00000001 -2.90550790
v -2.72579511 0.00000001 -2.91332781
v -2.20356657 -6.15593536 -4.70403597
v -2.74182619 -6.15593536 -2.90550790
v 0.02077810 0.00000001 3.44690127
v -0.03308629 0.00000001 3.46818401
v 2.81220605 -6.15593536 0.94295197
v 0.07772054 -6.15593536 3.42500536
v 0.98693922 0.00000001 6.28404204
v 0.88607178 0.00000001 6.29692218
v 2.80909631 -6.15593536 6.28109817
v 0.98693922 -6.15593536 6.28404204
v 0.19930001 0.00000001 -0.37616664
v 0.25265150 0.00000001 -0.39747989
v -1.53205671 -6.15593536 4.11625911
v 0.14184467 -6.15593536 -0.35368825
v -2.71002048 0.00000001 -2.92096383
v -2.69424585 0.00000001 -2.92859985
v -2.18779195 -6.15593536 -4.71167200
v -2.71002048 -6.15593536 -2.92096383
v -0.08695069 0.00000001 3.48946675
v -0.13773724 0.00000001 3.51013593
v 2.75834166 -6.15593536 0.96423471
v -0.03308629 -6.15593536 3.46818401
v 0.78148502 0.00000001 6.30612213
v 0.67689826 0.00000001 6.31532207
v 2.70450955 -6.15593536 6.29029812
v 0.78148502 -6.15593536 6.30612213
v 0.30600298 0.00000001 -0.41879314
v 0.35525042 0.00000001 -0.43894104
v -1.47870523 -6.15593536 4.09494587
v 0.25265150 -6.15593536 -0.39747989
v -2.67872777 0.00000001 -2.93605178
v -2.66320970 0.00000001 -2.94350371
v -2.17227387 -6.15593536 -4.71912393
v -2.67872777 -6.15593536 -2.93605178
v -0.18852379 0.00000001 3.53080511
v -0.23623231 0.00000001 3.55086074
v 2.70755510 -6.15593536 0.98490388
v -0.13773724 -6.15593536 3.51013593
v 0.56859218 0.00000001 6.32084182
v 0.46028610 0.00000001 6.32636156
v 2.59620347 -6.15593536 6.29581786
v 0.56859218 -6.15593536 6.32084182
v 0.40449786 0.00000001 -0.45908895
v 0.44964144 0.00000001 -0.47807150
v -1.42945779 -6.15593536 4.07479796
v 0.35525042 -6.15593536 -0.43894104
v -2.56445828 0.00000001 -2.98582343
v -2.46570685 0.00000001 -3.02814314
v -2.07352245 -6.15593536 -4.76144363
v -2.56445828 -6.15593536 -2.98582343
v -0.28394082 0.00000001 3.57091637
v -0.32857130 0.00000001 3.59035919
v 2.65984659 -6.15593536 1.00495951
v -0.23623231 -6.15593536 3.55086074
v 0.34826089 0.00000001 6.32820185
v 0.23623569 0.00000001 6.33004214
v 2.48417826 -6.15593536 6.29765815
v -1.51358888 -6.15593536 7.46936350
v 0.34826089 -6.15593536 6.32820185
v 0.49478502 0.00000001 -0.49705407
v 0.53742766 0.00000001 -0.51594454
v -1.38431421 -6.15593536 4.05581539
v 0.44964144 -6.15593536 -0.47807150
v -2.36644232 0.00000001 -3.06678293
v -2.26717780 0.00000001 -3.10542273
v -1.97425792 -6.15593536 -4.80008343
v -2.36644232 -6.15593536 -3.06678293
v -0.37320178 0.00000001 3.60980201
v -0.41568414 0.00000001 3.62927516
v 2.61521611 -6.15593536 1.02440234
v -0.32857130 -6.15593536 3.59035919
v 0.58007029 0.00000001 -0.53483501
v 0.62181549 0.00000001 -0.55470703
v -1.34167157 -6.15593536 4.03692493
v 0.53742766 -6.15593536 -0.51594454
v -2.16740036 0.00000001 -3.14038250
v -2.06762292 0.00000001 -3.17534227
v -1.87448048 -6.15593536 -4.83504321
v -2.16740036 -6.15593536 -3.14038250
v -0.45816651 0.00000001 3.64874830
v -0.49943050 0.00000001 3.66889601
v 2.57273375 -6.15593536 1.04387548
v -0.41568414 -6.15593536 3.62927516
v 0.17393893 0.00000001 6.32890712
v 0.11164217 0.00000001 6.32777210
v -1.57588564 -6.15593536 7.46822849
v 0.17393893 -6.15593536 6.32890712
v 0.66356068 0.00000001 -0.57457903
v 0.70440785 0.00000001 -0.59543220
v -1.29992638 -6.15593536 4.01705291
v 0.62181549 -6.15593536 -0.55470703
v -1.96733258 0.00000001 -3.20662213
v -1.86704223 0.00000001 -3.23790198
v -1.77419014 -6.15593536 -4.86632306
v -1.96733258 -6.15593536 -3.20662213
v -0.54069449 0.00000001 3.68904373
v -0.58074010 0.00000001 3.70986640
v 2.53146976 -6.15593536 1.06402320
v -0.49943050 -6.15593536 3.66889601
v 0.05094851 0.00000001 6.32436816
v -0.00974514 0.00000001 6.32096423
v -1.63657929 -6.15593536 7.46482454
v 0.05094851 -6.15593536 6.32436816
v 0.74525501 0.00000001 -0.61628539
v 0.78520434 0.00000001 -0.63811990
v -1.25907921 -6.15593536 3.99619974
v 3.17444451 -6.15593536 -1.08864136
v 0.70440785 -6.15593536 -0.59543220
v -1.76623878 0.00000001 -3.26550182
v -1.66543533 0.00000001 -3.29310166
v -1.67338669 -6.15593536 -4.89392290
v -1.76623878 -6.15593536 -3.26550182
v -0.62078571 0.00000001 3.73068906
v -0.65961314 0.00000001 3.75218630
v 2.49142415 -6.15593536 1.08484586
v -0.58074010 -6.15593536 3.70986640
v -0.06883568 0.00000001 6.31529101
v -0.12792623 0.00000001 6.30961778
v -1.69566983 -6.15593536 7.45915132
v -0.06883568 -6.15593536 6.31529101
v -1.56411878 0.00000001 -3.31702149
v -1.46280223 0.00000001 -3.34094130
v -1.57207013 -6.15593536 -4.91784272
v -1.56411878 -6.15593536 -3.31702149
v -0.69844056 0.00000001 3.77368354
v -0.73604942 0.00000001 3.79585535
v 2.45259672 -6.15593536 1.10634309
v -0.65961314 -6.15593536 3.75218630
v -0.18541366 0.00000001 6.30167526
v -0.24290110 0.00000001 6.29373275
v -1.75315727 -6.15593536 7.45120881
v -0.18541366 -6.15593536 6.30167526
v -1.36097296 0.00000001 -3.36118120
v -1.25914369 0.00000001 -3.38142110
v -1.47024087 -6.15593536 -4.93808261
v -1.36097296 -6.15593536 -3.36118120
v -0.77365827 0.00000001 3.81802716
v -0.81004875 0.00000001 3.84087353
v 2.41498786 -6.15593536 1.12851490
v -0.73604942 -6.15593536 3.79585535
v -0.29878542 0.00000001 6.28352094
v -0.35466975 0.00000001 6.27330914
v -1.80904159 -6.15593536 7.44099700
v -0.29878542 -6.15593536 6.28352094
v -1.15680113 0.00000001 -3.39798099
v -1.05445856 0.00000001 -3.41454087
v -1.36789830 -6.15593536 -4.95464250
v -1.15680113 -6.15593536 -3.39798099
v -0.84643923 0.00000001 3.86371992
v -0.88161152 0.00000001 3.88724125
v 2.37859739 -6.15593536 1.15136129
v -0.81004875 -6.15593536 3.84087353
v -0.40895097 0.00000001 6.26082767
v -0.46323219 0.00000001 6.24834620
v -1.86332281 -6.15593536 7.42851553
v -0.40895097 -6.15593536 6.26082767
v -0.95160328 0.00000001 -3.42742083
v -0.84874800 0.00000001 -3.44030079
v -1.26504302 -6.15593536 -4.96752246
v -0.95160328 -6.15593536 -3.42742083
v -0.91678382 0.00000001 3.91076258
v -0.95073754 0.00000001 3.93495848
v 2.34342509 -6.15593536 1.17488262
v -0.88161152 -6.15593536 3.88724125
v -0.51591050 0.00000001 6.23359582
v -0.56858880 0.00000001 6.21884543
v -1.91600112 -6.15593536 7.41376514
v -0.51591050 -6.15593536 6.23359582
v -0.74537942 0.00000001 -3.44950074
v -0.64201084 0.00000001 -3.45870069
v -1.16167444 -6.15593536 -4.97672241
v -0.74537942 -6.15593536 -3.44950074
v -0.98469126 0.00000001 3.95915439
v -1.01742680 0.00000001 3.98402486
v 2.30947137 -6.15593536 1.19907852
v -0.95073754 -6.15593536 3.93495848
v -0.61966380 0.00000001 6.20182538
v -0.67073881 0.00000001 6.18480533
v -1.96707612 -6.15593536 7.39674510
v -0.61966380 -6.15593536 6.20182538
v -0.53812955 0.00000001 -3.46422062
v -0.43424826 0.00000001 -3.46974055
v -1.05779315 -6.15593536 -4.98224234
v -0.53812955 -6.15593536 -3.46422062
v -1.05016234 0.00000001 4.00889533
v -1.08167950 0.00000001 4.03444038
v 2.27673583 -6.15593536 1.22394900
v -1.01742680 -6.15593536 3.98402486
v -0.72021070 0.00000001 6.16551599
v -0.76968260 0.00000001 6.14622665
v -2.01654802 -6.15593536 7.37745576
v -0.72021070 -6.15593536 6.16551599
v -0.32985386 0.00000001 -3.47158055
v -0.22545947 0.00000001 -3.47342056
v -0.95339875 -6.15593536 -4.98408235
v -0.32985386 -6.15593536 -3.47158055
v -1.11319666 0.00000001 4.05998543
v -1.14349525 0.00000001 4.08620543
v 2.24521867 -6.15593536 1.24949404
v -0.18397082 -6.15593536 1.72185003
v -1.08167950 -6.15593536 4.03444038
v -0.81755138 0.00000001 6.12466839
v -0.86542017 0.00000001 6.10311014
v -2.06441680 -6.15593536 7.35589750
v -0.81755138 -6.15593536 6.12466839
v -0.14693926 0.00000001 -3.47197923
v -0.06841905 0.00000001 -3.47053791
v -0.87487855 -6.15593536 -4.98264102
v -0.14693926 -6.15593536 -3.47197923
v -0.91168585 0.00000001 6.07928222
v -0.95795153 0.00000001 6.05545430
v -2.11068248 -6.15593536 7.33206958
v -0.91168585 -6.15593536 6.07928222
v 0.00708750 0.00000001 -3.46621392
v 0.08259405 0.00000001 -3.46188993
v -0.79937200 -6.15593536 -4.97831704
v 0.00708750 -6.15593536 -3.46621392
v -1.00261410 0.00000001 6.02935709
v -1.04727667 0.00000001 6.00325988
v -2.15534505 -6.15593536 7.30597237
v -1.00261410 -6.15593536 6.02935709
v 0.15508655 0.00000001 -3.45468329
v 0.22757906 0.00000001 -3.44747665
v -0.72687949 -6.15593536 -4.97111039
v 0.15508655 -6.15593536 -3.45468329
v -1.08931012 0.00000001 5.97464781
v -1.13134356 0.00000001 5.94603574
v -2.19737850 -6.15593536 7.27736030
v -1.08931012 -6.15593536 5.97464781
v 0.29705771 0.00000001 -3.43738744
v 0.36653636 0.00000001 -3.42729824
v -0.65740084 -6.15593536 -4.96102119
v 0.29705771 -6.15593536 -3.43738744
v -1.16972208 0.00000001 5.91466398
v -1.20810059 0.00000001 5.88329223
v -2.23575701 -6.15593536 7.24598854
v -1.16972208 -6.15593536 5.91466398
v 0.43300117 0.00000001 -3.41432628
v 0.49946597 0.00000001 -3.40135431
v -0.59093604 -6.15593536 -4.94804923
v 0.43300117 -6.15593536 -3.41432628
v -1.24282397 0.00000001 5.84916041
v -1.27754734 0.00000001 5.81502860
v -2.27048039 -6.15593536 7.21185673
v -1.24282397 -6.15593536 5.84916041
v 0.56291711 0.00000001 -3.38549980
v 0.62636826 0.00000001 -3.36964528
v -0.52748489 -6.15593536 -4.93219470
v 0.56291711 -6.15593536 -3.38549980
v -1.30861559 0.00000001 5.77813709
v -1.33968383 0.00000001 5.74124560
v -2.30154863 -6.15593536 7.17496523
v -1.30861559 -6.15593536 5.77813709
v 0.68680536 0.00000001 -3.35090800
v 0.74724246 0.00000001 -3.33217073
v -0.46704779 -6.15593536 -4.91345743
v 0.68680536 -6.15593536 -3.35090800
v -1.36709694 0.00000001 5.70159367
v -1.39451005 0.00000001 5.66194174
v -2.32896174 -6.15593536 7.13531330
v -1.36709694 -6.15593536 5.70159367
v 0.80466590 0.00000001 -3.31055090
v 0.86208935 0.00000001 -3.28893106
v -0.40962435 -6.15593536 -4.89183760
v 0.80466590 -6.15593536 -3.31055090
v -1.41826803 0.00000001 5.61953012
v -1.44202601 0.00000001 5.57711851
v -2.35271972 -6.15593536 7.09290168
v -1.41826803 -6.15593536 5.61953012
v 0.91649875 0.00000001 -3.26442847
v 0.97090814 0.00000001 -3.23992589
v -0.35521495 -6.15593536 -4.86733501
v 0.91649875 -6.15593536 -3.26442847
v -1.46212905 0.00000001 5.53194645
v -1.48223208 0.00000001 5.48677441
v -2.37282276 -6.15593536 7.04772964
v -1.46212905 -6.15593536 5.53194645
v 1.02230389 0.00000001 -3.21254074
v 1.07369963 0.00000001 -3.18515559
v -0.30381921 -6.15593536 -4.83994986
v 1.02230389 -6.15593536 -3.21254074
v -1.49867999 0.00000001 5.43884267
v -1.51512789 0.00000001 5.39091094
v -2.38927067 -6.15593536 6.99979790
v -1.49867999 -6.15593536 5.43884267
v 1.12208132 0.00000001 -3.15488778
v 1.17046302 0.00000001 -3.12461997
v -0.25543751 -6.15593536 -4.80968205
v 1.12208132 -6.15593536 -3.15488778
v -1.52792067 0.00000001 5.34021953
v -1.54071344 0.00000001 5.28952811
v -2.40206344 -6.15593536 6.94910648
v -1.52792067 -6.15593536 5.34021953
v 1.21583106 0.00000001 -3.09146951
v 1.26119910 0.00000001 -3.05831904
v -0.21006947 -6.15593536 -4.77653159
v 1.21583106 -6.15593536 -3.09146951
v -1.54985108 0.00000001 5.23607625
v -1.55898872 0.00000001 5.18262440
v -2.41120108 -6.15593536 6.89565463
v -1.54985108 -6.15593536 5.23607625
v 1.30323254 0.00000001 -3.02277660
v 1.34526599 0.00000001 -2.98723415
v -0.16803602 -6.15593536 -4.74098915
v 1.30323254 -6.15593536 -3.02277660
v -1.56447142 0.00000001 5.12641287
v -1.56995412 0.00000001 5.07020133
v -2.41668378 -6.15593536 6.83944309
v -1.56447142 -6.15593536 5.12641287
v 1.38364431 0.00000001 -2.94979031
v 1.42202263 0.00000001 -2.91234646
v -0.12965771 -6.15593536 -4.70354529
v 1.38364431 -6.15593536 -2.94979031
v -1.57178168 0.00000001 5.01122974
v -1.57360925 0.00000001 4.95225815
v -2.41851134 -6.15593536 6.78047151
v -1.57178168 -6.15593536 5.01122974
v 1.45674620 0.00000001 -2.87300139
v 1.49146977 0.00000001 -2.83365634
v -0.09493413 -6.15593536 -4.66420024
v 3.54755189 -6.15593536 -2.19732684
v 1.45674620 -6.15593536 -2.87300139
v -1.57242297 0.00000001 4.91444613
v -1.57123668 0.00000001 4.87663411
v -2.41732506 -6.15593536 6.74265949
v -1.57242297 -6.15593536 4.91444613
v -1.56767783 0.00000001 4.83974262
v -1.56411897 0.00000001 4.80285112
v -2.41376621 -6.15593536 6.70576799
v -1.56767783 -6.15593536 4.83974262
v 1.52253782 0.00000001 -2.79240987
v 1.55360587 0.00000001 -2.75116341
v 3.57861993 -6.15593536 -2.15608038
v 1.52253782 -6.15593536 -2.79240987
v -1.55818736 0.00000001 4.76687901
v -1.55225574 0.00000001 4.73090691
v -2.40783459 -6.15593536 6.66979589
v -1.55818736 -6.15593536 4.76687901
v 1.58101918 0.00000001 -2.70801574
v 1.60843248 0.00000001 -2.66486807
v 3.60603324 -6.15593536 -2.11293270
v 1.58101918 -6.15593536 -2.70801574
v -1.54395175 0.00000001 4.69585532
v -1.53564776 0.00000001 4.66080374
v -2.39953060 -6.15593536 6.63474430
v -1.54395175 -6.15593536 4.69585532
v 1.63219026 0.00000001 -2.61981899
v 1.65594804 0.00000001 -2.57476991
v 3.62979102 -6.15593536 -2.06788363
v 1.63219026 -6.15593536 -2.61981899
v -1.52497100 0.00000001 4.62667193
v -1.51429425 0.00000001 4.59254011
v -2.38885384 -6.15593536 6.60061249
v -1.52497100 -6.15593536 4.62667193
v 1.67605108 0.00000001 -2.52781953
v 1.69615412 0.00000001 -2.48086915
v 3.64989406 -6.15593536 -2.02093324
v 1.67605108 -6.15593536 -2.52781953
v -1.50124492 0.00000001 4.55932807
v -1.48819560 0.00000001 4.52611603
v -2.37580452 -6.15593536 6.56740045
v -0.37147029 -6.15593536 1.95491532
v -1.50124492 -6.15593536 4.55932807
v 1.71260203 0.00000001 -2.43201736
v 1.72904993 0.00000001 -2.38316557
v 3.66634197 -6.15593536 -1.97208146
v 1.71260203 -6.15593536 -2.43201736
v 1.74184270 0.00000001 -2.33241258
v 1.75463548 0.00000001 -2.28165958
v 3.67913474 -6.15593536 -1.92132846
v 1.74184270 -6.15593536 -2.33241258
v -1.47277371 0.00000001 4.49382450
v -1.45735181 0.00000001 4.46153298
v -0.35604840 -6.15593536 1.92262380
v -1.47277371 -6.15593536 4.49382450
v 1.76377351 0.00000001 -2.22900518
v 1.77291154 0.00000001 -2.17635079
v 3.68827277 -6.15593536 -1.86867406
v 1.76377351 -6.15593536 -2.22900518
v -1.43955735 0.00000001 4.43016122
v -1.42176289 0.00000001 4.39878947
v -0.33825394 -6.15593536 1.89125204
v -1.43955735 -6.15593536 4.43016122
v 1.77839404 0.00000001 -2.12179518
v 1.78387655 0.00000001 -2.06723956
v 3.69375527 -6.15593536 -1.81411845
v 1.77839404 -6.15593536 -2.12179518
v -1.40159566 0.00000001 4.36833747
v -1.38142844 0.00000001 4.33788549
v -0.31808671 -6.15593536 1.86080006
v -1.40159566 -6.15593536 4.36833747
v 1.78570392 0.00000001 -2.01078246
v 1.78753129 0.00000001 -1.95432535
v 3.69558264 -6.15593536 -1.75766134
v 1.78570392 -6.15593536 -2.01078246
v -1.35888884 0.00000001 4.30835366
v -1.33634924 0.00000001 4.27882181
v -0.29554711 -6.15593536 1.83126821
v -1.35888884 -6.15593536 4.30835366
v 1.78618493 0.00000001 -1.91215893
v 1.78483857 0.00000001 -1.86999252
v 3.69423628 -6.15593536 -1.71549493
v 1.78618493 -6.15593536 -1.91215893
v -1.31143688 0.00000001 4.25021011
v -1.28652451 0.00000001 4.22159841
v -0.27063475 -6.15593536 1.80265651
v -1.31143688 -6.15593536 4.25021011
v 1.78079870 0.00000001 -1.82886884
v 1.77675884 0.00000001 -1.78774516
v 3.69019642 -6.15593536 -1.67437125
v 1.78079870 -6.15593536 -1.82886884
v -1.25923958 0.00000001 4.19390648
v -1.23195465 0.00000001 4.16621456
v -0.24334982 -6.15593536 1.77496459
v -1.25923958 -6.15593536 4.19390648
v 1.77002586 0.00000001 -1.74766405
v 1.76329289 0.00000001 -1.70758292
v 3.68346344 -6.15593536 -1.63429013
v 1.77002586 -6.15593536 -1.74766405
v -1.20287424 0.00000001 4.13932000
v -1.17379384 0.00000001 4.11242543
v -0.21426941 -6.15593536 1.74807003
v -1.14349525 -6.15593536 4.08620543
v -1.20287424 -6.15593536 4.13932000
v 1.75386641 0.00000001 -1.66854454
v 1.74443993 0.00000001 -1.62950616
v 3.67403696 -6.15593536 -1.59525175
v 1.75386641 -6.15593536 -1.66854454
v 1.73232034 0.00000001 -1.59151034
v 1.72020074 0.00000001 -1.55351453
v 3.66191737 -6.15593536 -1.55725593
v 1.73232034 -6.15593536 -1.59151034
v 1.70538804 0.00000001 -1.51656144
v 1.69057534 0.00000001 -1.47960836
v 3.64710467 -6.15593536 -1.52030286
v 1.70538804 -6.15593536 -1.51656144
v 0.82515367 0.00000001 -0.65995443
v 0.86420517 0.00000001 -0.68277030
v 3.21439384 -6.15593536 -1.11047589
v 0.78520434 -6.15593536 -0.63811990
v 1.67306952 0.00000001 -1.44369784
v 1.65556370 0.00000001 -1.40778732
v 3.62959885 -6.15593536 -1.48439233
v 1.67306952 -6.15593536 -1.44369784
v 0.90325667 0.00000001 -0.70558617
v 0.94141072 0.00000001 -0.72938340
v 3.25344533 -6.15593536 -1.13329175
v 0.86420517 -6.15593536 -0.68277030
v 1.63536439 0.00000001 -1.37291954
v 1.61516507 0.00000001 -1.33805176
v 3.60939953 -6.15593536 -1.44952455
v 1.63536439 -6.15593536 -1.37291954
v 0.97956477 0.00000001 -0.75318062
v 1.01682099 0.00000001 -0.77795919
v 3.29159939 -6.15593536 -1.15708898
v 0.94141072 -6.15593536 -0.72938340
v 1.59227263 0.00000001 -1.30422672
v 1.56938020 0.00000001 -1.27040169
v 3.58650710 -6.15593536 -1.41569951
v 1.59227263 -6.15593536 -1.30422672
v 1.05407721 0.00000001 -0.80273777
v 1.09043598 0.00000001 -0.82849751
v 3.32885560 -6.15593536 -1.18186756
v 1.01682099 -6.15593536 -0.77795919
v 1.54379466 0.00000001 -1.23761921
v 1.51820912 0.00000001 -1.20483673
v 3.56092156 -6.15593536 -1.38291703
v 1.54379466 -6.15593536 -1.23761921
v 1.12679476 0.00000001 -0.85425725
v 1.16225531 0.00000001 -0.88099851
v 3.36521438 -6.15593536 -1.20762729
v 1.09043598 -6.15593536 -0.82849751
v 1.48993046 0.00000001 -1.17309680
v 1.46165180 0.00000001 -1.14135687
v 3.53264290 -6.15593536 -1.35117711
v 1.48993046 -6.15593536 -1.17309680
v 1.19771586 0.00000001 -0.90773979
v 1.23227896 0.00000001 -0.93546223
v 3.40067493 -6.15593536 -1.23436857
v 1.16225531 -6.15593536 -0.88099851
v 1.43067964 0.00000001 -1.11065969
v 1.39970748 0.00000001 -1.07996251
v 3.50167074 -6.15593536 -1.32047992
v 1.43067964 -6.15593536 -1.11065969
v 1.26684207 0.00000001 -0.96318466
v 1.30050734 0.00000001 -0.99188845
v 3.43523803 -6.15593536 -1.26209100
v 1.23227896 -6.15593536 -0.93546223
v 1.36694005 0.00000001 -1.05027737
v 1.33417261 0.00000001 -1.02059223
v 3.46890331 -6.15593536 -1.29079479
v 1.36694005 -6.15593536 -1.05027737
v 1.30050734 -6.15593536 -0.99188845
f 1 941 942
f 941 2 943
f 942 943 3
f 941 943 942
f 4 947 944
f 947 5 946
f 944 946 1
f 947 946 944
f 6 950 948
f 950 7 949
f 948 949 4
f 950 949 948
f 8 954 952
f 954 9 953
f 952 953 6
f 954 953 952
f 10 957 955
f 957 11 956
f 955 956 8
f 957 956 955
f 12 962 960
f 962 13 961
f 960 961 10
f 962 961 960
f 14 965 963
f 965 15 964
f 963 964 12
f 965 964 963
f 16 969 967
f 969 17 968
f 967 968 14
f 969 968 967
f 18 972 970
f 972 19 971
f 970 971 16
f 972 971 970
f 20 977 975
f 977 21 976
f 975 976 18
f 977 976 975
f 22 980 978
f 980 23 979
f 978 979 20
f 980 979 978
f 24 984 982
f 984 25 983
f 982 983 22
f 984 983 982
f 26 987 985
f 987 27 986
f 985 986 24
f 987 986 985
f 28 993 991
f 993 29 992
f 991 992 26
f 993 992 991
f 30 996 994
f 996 31 995
f 994 995 28
f 996 995 994
f 32 1000 998
f 1000 33 999
f 998 999 30
f 1000 999 998
f 34 1003 1001
f 1003 35 1002
f 1001 1002 32
f 1003 1002 1001
f 36 1008 1006
f 1008 37 1007
f 1006 1007 34
f 1008 1007 1006
f 38 1011 1009
f 1011 39 1010
f 1009 1010 36
f 1011 1010 1009
f 40 1015 1013
f 1015 41 1014
f 1013 1014 38
f 1015 1014 1013
f 42 1018 1016
f 1018 43 1017
f 1016 1017 40
f 1018 1017 1016
f 44 1025 1023
f 1025 45 1024
f 1023 1024 42
f 1025 1024 1023
f 46 1028 1026
f 1028 47 1027
f 1026 1027 44
f 1028 1027 1026
f 48 1032 1030
f 1032 49 1031
f 1030 1031 46
f 1032 1031 1030
f 50 1035 1033
f 1035 51 1034
f 1033 1034 48
f 1035 1034 1033
f 52 1040 1038
f 1040 53 1039
f 1038 1039 50
f 1040 1039 1038
f 54 1043 1041
f 1043 55 1042
f 1041 1042 52
f 1043 1042 1041
f 56 1047 1045
f 1047 57 1046
f 1045 1046 54
f 1047 1046 1045
f 58 1050 1048
f 1050 59 1049
f 1048 1049 56
f 1050 1049 1048
f 60 1056 1054
f 1056 61 1055
f 1054 1055 58
f 1056 1055 1054
f 62 1059 1057
f 1059 63 1058
f 1057 1058 60
f 1059 1058 1057
f 64 1063 1061
f 1063 65 1062
f 1061 1062 62
f 1063 1062 1061
f 66 1066 1064
f 1066 67 1065
f 1064 1065 64
f 1066 1065 1064
f 68 1071 1069
f 1071 69 1070
f 1069 1070 66
f 1071 1070 1069
f 70 1074 1072
f 1074 71 1073
f 1072 1073 68
f 1074 1073 1072
f 72 1078 1076
f 1078 73 1077
f 1076 1077 70
f 1078 1077 1076
f 74 1081 1079
f 1081 75 1080
f 1079 1080 72
f 1081 1080 1079
f 76 1088 1086
f 1088 77 1087
f 1086 1087 74
f 1088 1087 1086
f 78 1091 1089
f 1091 79 1090
f 1089 1090 76
f 1091 1090 1089
f 80 1095 1093
f 1095 81 1094
f 1093 1094 78
f 1095 1094 1093
f 82 1098 1096
f 1098 83 1097
f 1096 1097 80
f 1098 1097 1096
f 84 1103 1101
f 1103 85 1102
f 1101 1102 82
f 1103 1102 1101
f 86 1106 1104
f 1106 87 1105
f 1104 1105 84
f 1106 1105 1104
f 88 1110 1108
f 1110 89 1109
f 1108 1109 86
f 1110 1109 1108
f 90 1113 1111
f 1113 91 1112
f 1111 1112 88
f 1113 1112 1111
f 92 1119 1117
f 1119 93 1118
f 1117 1118 90
f 1119 1118 1117
f 94 1122 1120
f 1122 95 1121
f 1120 1121 92
f 1122 1121 1120
f 96 1126 1124
f 1126 97 1125
f 1124 1125 94
f 1126 1125 1124
f 98 1129 1127
f 1129 99 1128
f 1127 1128 96
f 1129 1128 1127
f 100 1134 1132
f 1134 101 1133
f 1132 1133 98
f 1134 1133 1132
f 102 1137 1135
f 1137 103 1136
f 1135 1136 100
f 1137 1136 1135
f 104 1141 1139
f 1141 105 1140
f 1139 1140 102
f 1141 1140 1139
f 106 1144 1142
f 1144 107 1143
f 1142 1143 104
f 1144 1143 1142
f 108 1152 1150
f 1152 109 1151
f 1150 1151 106
f 1152 1151 1150
f 110 1155 1153
f 1155 111 1154
f 1153 1154 108
f 1155 1154 1153
f 112 1159 1157
f 1159 113 1158
f 1157 1158 110
f 1159 1158 1157
f 114 1162 1160
f 1162 115 1161
f 1160 1161 112
f 1162 1161 1160
f 116 1167 1165
f 1167 117 1166
f 1165 1166 114
f 1167 1166 1165
f 118 1170 1168
f 1170 119 1169
f 1168 1169 116
f 1170 1169 1168
f 120 1174 1172
f 1174 121 1173
f 1172 1173 118
f 1174 1173 1172
f 122 1177 1175
f 1177 123 1176
f 1175 1176 120
f 1177 1176 1175
f 124 1183 1181
f 1183 125 1182
f 1181 1182 122
f 1183 1182 1181
f 126 1186 1184
f 1186 127 1185
f 1184 1185 124
f 1186 1185 1184
f 128 1190 1188
f 1190 129 1189
f 1188 1189 126
f 1190 1189 1188
f 130 1193 1191
f 1193 131 1192
f 1191 1192 128
f 1193 1192 1191
f 132 1198 1196
f 1198 133 1197
f 1196 1197 130
f 1198 1197 1196
f 134 1201 1199
f 1201 135 1200
f 1199 1200 132
f 1201 1200 1199
f 136 1205 1203
f 1205 137 1204
f 1203 1204 134
f 1205 1204 1203
f 138 1208 1206
f 1208 139 1207
f 1206 1207 136
f 1208 1207 1206
f 140 1215 1213
f 1215 141 1214
f 1213 1214 138
f 1215 1214 1213
f 142 1218 1216
f 1218 143 1217
f 1216 1217 140
f 1218 1217 1216
f 144 1222 1220
f 1222 145 1221
f 1220 1221 142
f 1222 1221 1220
f 146 1225 1223
f 1225 147 1224
f 1223 1224 144
f 1225 1224 1223
f 148 1230 1228
f 1230 149 1229
f 1228 1229 146
f 1230 1229 1228
f 150 1233 1231
f 1233 151 1232
f 1231 1232 148
f 1233 1232 1231
f 152 1237 1235
f 1237 153 1236
f 1235 1236 150
f 1237 1236 1235
f 154 1240 1238
f 1240 155 1239
f 1238 1239 152
f 1240 1239 1238
f 156 1246 1244
f 1246 157 1245
f 1244 1245 154
f 1246 1245 1244
f 158 1249 1247
f 1249 159 1248
f 1247 1248 156
f 1249 1248 1247
f 160 1250 1251
f 1250 161 1252
f 1251 1252 162
f 1250 1252 1251
f 163 1255 1253
f 1255 164 1254
f 1253 1254 160
f 1255 1254 1253
f 165 1259 1257
f 1259 166 1258
f 1257 1258 163
f 1259 1258 1257
f 167 1262 1260
f 1262 168 1261
f 1260 1261 165
f 1262 1261 1260
f 169 1266 1264
f 1266 170 1265
f 1264 1265 167
f 1266 1265 1264
f 171 1269 1267
f 1269 172 1268
f 1267 1268 169
f 1269 1268 1267
f 173 1274 1272
f 1274 174 1273
f 1272 1273 171
f 1274 1273 1272
f 175 1277 1275
f 1277 176 1276
f 1275 1276 173
f 1277 1276 1275
f 177 1281 1279
f 1281 178 1280
f 1279 1280 175
f 1281 1280 1279
f 179 1284 1282
f 1284 180 1283
f 1282 1283 177
f 1284 1283 1282
f 181 1290 1288
f 1290 182 1289
f 1288 1289 179
f 1290 1289 1288
f 183 1293 1291
f 1293 184 1292
f 1291 1292 181
f 1293 1292 1291
f 185 1297 1295
f 1297 186 1296
f 1295 1296 183
f 1297 1296 1295
f 187 1300 1298
f 1300 188 1299
f 1298 1299 185
f 1300 1299 1298
f 189 1305 1303
f 1305 190 1304
f 1303 1304 187
f 1305 1304 1303
f 191 1308 1306
f 1308 192 1307
f 1306 1307 189
f 1308 1307 1306
f 193 1312 1310
f 1312 194 1311
f 1310 1311 191
f 1312 1311 1310
f 195 1315 1313
f 1315 196 1314
f 1313 1314 193
f 1315 1314 1313
f 197 1322 1320
f 1322 198 1321
f 1320 1321 195
f 1322 1321 1320
f 199 1325 1323
f 1325 200 1324
f 1323 1324 197
f 1325 1324 1323
f 201 1329 1327
f 1329 202 1328
f 1327 1328 199
f 1329 1328 1327
f 203 1332 1330
f 1332 204 1331
f 1330 1331 201
f 1332 1331 1330
f 205 1337 1335
f 1337 206 1336
f 1335 1336 203
f 1337 1336 1335
f 207 1340 1338
f 1340 208 1339
f 1338 1339 205
f 1340 1339 1338
f 209 1344 1342
f 1344 210 1343
f 1342 1343 207
f 1344 1343 1342
f 211 1347 1345
f 1347 212 1346
f 1345 1346 209
f 1347 1346 1345
f 213 1353 1351
f 1353 214 1352
f 1351 1352 211
f 1353 1352 1351
f 215 1356 1354
f 1356 216 1355
f 1354 1355 213
f 1356 1355 1354
f 217 1360 1358
f 1360 218 1359
f 1358 1359 215
f 1360 1359 1358
f 219 1363 1361
f 1363 220 1362
f 1361 1362 217
f 1363 1362 1361
f 221 1368 1366
f 1368 222 1367
f 1366 1367 219
f 1368 1367 1366
f 223 1371 1369
f 1371 224 1370
f 1369 1370 221
f 1371 1370 1369
f 225 1375 1373
f 1375 226 1374
f 1373 1374 223
f 1375 1374 1373
f 227 1378 1376
f 1378 228 1377
f 1376 1377 225
f 1378 1377 1376
f 229 1386 1384
f 1386 230 1385
f 1384 1385 227
f 1386 1385 1384
f 231 1389 1387
f 1389 232 1388
f 1387 1388 229
f 1389 1388 1387
f 233 1393 1391
f 1393 234 1392
f 1391 1392 231
f 1393 1392 1391
f 235 1396 1394
f 1396 236 1395
f 1394 1395 233
f 1396 1395 1394
f 237 1401 1399
f 1401 238 1400
f 1399 1400 235
f 1401 1400 1399
f 239 1404 1402
f 1404 240 1403
f 1402 1403 237
f 1404 1403 1402
f 241 1408 1406
f 1408 242 1407
f 1406 1407 239
f 1408 1407 1406
f 243 1411 1409
f 1411 244 1410
f 1409 1410 241
f 1411 1410 1409
f 245 1417 1415
f 1417 246 1416
f 1415 1416 243
f 1417 1416 1415
f 247 1420 1418
f 1420 248 1419
f 1418 1419 245
f 1420 1419 1418
f 249 1424 1422
f 1424 250 1423
f 1422 1423 247
f 1424 1423 1422
f 251 1427 1425
f 1427 252 1426
f 1425 1426 249
f 1427 1426 1425
f 253 1432 1430
f 1432 254 1431
f 1430 1431 251
f 1432 1431 1430
f 255 1435 1433
f 1435 256 1434
f 1433 1434 253
f 1435 1434 1433
f 257 1439 1437
f 1439 258 1438
f 1437 1438 255
f 1439 1438 1437
f 259 1442 1440
f 1442 260 1441
f 1440 1441 257
f 1442 1441 1440
f 261 1450 1448
f 1450 262 1449
f 1448 1449 259
f 1450 1449 1448
f 263 1453 1451
f 1453 264 1452
f 1451 1452 261
f 1453 1452 1451
f 265 1457 1455
f 1457 266 1456
f 1455 1456 263
f 1457 1456 1455
f 267 1460 1458
f 1460 268 1459
f 1458 1459 265
f 1460 1459 1458
f 269 1465 1463
f 1465 270 1464
f 1463 1464 267
f 1465 1464 1463
f 271 1468 1466
f 1468 272 1467
f 1466 1467 269
f 1468 1467 1466
f 273 1472 1470
f 1472 274 1471
f 1470 1471 271
f 1472 1471 1470
f 275 1475 1473
f 1475 276 1474
f 1473 1474 273
f 1475 1474 1473
f 277 1481 1479
f 1481 278 1480
f 1479 1480 275
f 1481 1480 1479
f 279 1484 1482
f 1484 280 1483
f 1482 1483 277
f 1484 1483 1482
f 281 1488 1486
f 1488 282 1487
f 1486 1487 279
f 1488 1487 1486
f 283 1491 1489
f 1491 284 1490
f 1489 1490 281
f 1491 1490 1489
f 285 1496 1494
f 1496 286 1495
f 1494 1495 283
f 1496 1495 1494
f 287 1499 1497
f 1499 288 1498
f 1497 1498 285
f 1499 1498 1497
f 289 1503 1501
f 1503 290 1502
f 1501 1502 287
f 1503 1502 1501
f 291 1506 1504
f 1506 292 1505
f 1504 1505 289
f 1506 1505 1504
f 293 1513 1511
f 1513 294 1512
f 1511 1512 291
f 1513 1512 1511
f 295 1516 1514
f 1516 296 1515
f 1514 1515 293
f 1516 1515 1514
f 297 1520 1518
f 1520 298 1519
f 1518 1519 295
f 1520 1519 1518
f 299 1523 1521
f 1523 300 1522
f 1521 1522 297
f 1523 1522 1521
f 301 1528 1526
f 1528 302 1527
f 1526 1527 299
f 1528 1527 1526
f 303 1531 1529
f 1531 304 1530
f 1529 1530 301
f 1531 1530 1529
f 305 1535 1533
f 1535 306 1534
f 1533 1534 303
f 1535 1534 1533
f 307 1538 1536
f 1538 308 1537
f 1536 1537 305
f 1538 1537 1536
f 309 1544 1542
f 1544 310 1543
f 1542 1543 307
f 1544 1543 1542
f 311 1547 1545
f 1547 312 1546
f 1545 1546 309
f 1547 1546 1545
f 313 1551 1549
f 1551 314 1550
f 1549 1550 311
f 1551 1550 1549
f 315 1554 1552
f 1554 316 1553
f 1552 1553 313
f 1554 1553 1552
f 317 1559 1557
f 1559 318 1558
f 1557 1558 315
f 1559 1558 1557
f 4 944 945
f 944 1 942
f 945 942 3
f 944 942 945
f 8 952 951
f 952 6 948
f 951 948 4
f 952 948 951
f 12 960 959
f 960 10 955
f 959 955 8
f 960 955 959
f 16 967 966
f 967 14 963
f 966 963 12
f 967 963 966
f 20 975 974
f 975 18 970
f 974 970 16
f 975 970 974
f 24 982 981
f 982 22 978
f 981 978 20
f 982 978 981
f 28 991 990
f 991 26 985
f 990 985 24
f 991 985 990
f 32 998 997
f 998 30 994
f 997 994 28
f 998 994 997
f 36 1006 1005
f 1006 34 1001
f 1005 1001 32
f 1006 1001 1005
f 40 1013 1012
f 1013 38 1009
f 1012 1009 36
f 1013 1009 1012
f 44 1023 1022
f 1023 42 1016
f 1022 1016 40
f 1023 1016 1022
f 48 1030 1029
f 1030 46 1026
f 1029 1026 44
f 1030 1026 1029
f 52 1038 1037
f 1038 50 1033
f 1037 1033 48
f 1038 1033 1037
f 56 1045 1044
f 1045 54 1041
f 1044 1041 52
f 1045 1041 1044
f 60 1054 1053
f 1054 58 1048
f 1053 1048 56
f 1054 1048 1053
f 64 1061 1060
f 1061 62 1057
f 1060 1057 60
f 1061 1057 1060
f 68 1069 1068
f 1069 66 1064
f 1068 1064 64
f 1069 1064 1068
f 72 1076 1075
f 1076 70 1072
f 1075 1072 68
f 1076 1072 1075
f 76 1086 1085
f 1086 74 1079
f 1085 1079 72
f 1086 1079 1085
f 80 1093 1092
f 1093 78 1089
f 1092 1089 76
f 1093 1089 1092
f 84 1101 1100
f 1101 82 1096
f 1100 1096 80
f 1101 1096 1100
f 88 1108 1107
f 1108 86 1104
f 1107 1104 84
f 1108 1104 1107
f 92 1117 1116
f 1117 90 1111
f 1116 1111 88
f 1117 1111 1116
f 96 1124 1123
f 1124 94 1120
f 1123 1120 92
f 1124 1120 1123
f 100 1132 1131
f 1132 98 1127
f 1131 1127 96
f 1132 1127 1131
f 104 1139 1138
f 1139 102 1135
f 1138 1135 100
f 1139 1135 1138
f 108 1150 1149
f 1150 106 1142
f 1149 1142 104
f 1150 1142 1149
f 112 1157 1156
f 1157 110 1153
f 1156 1153 108
f 1157 1153 1156
f 116 1165 1164
f 1165 114 1160
f 1164 1160 112
f 1165 1160 1164
f 120 1172 1171
f 1172 118 1168
f 1171 1168 116
f 1172 1168 1171
f 124 1181 1180
f 1181 122 1175
f 1180 1175 120
f 1181 1175 1180
f 128 1188 1187
f 1188 126 1184
f 1187 1184 124
f 1188 1184 1187
f 132 1196 1195
f 1196 130 1191
f 1195 1191 128
f 1196 1191 1195
f 136 1203 1202
f 1203 134 1199
f 1202 1199 132
f 1203 1199 1202
f 140 1213 1212
f 1213 138 1206
f 1212 1206 136
f 1213 1206 1212
f 144 1220 1219
f 1220 142 1216
f 1219 1216 140
f 1220 1216 1219
f 148 1228 1227
f 1228 146 1223
f 1227 1223 144
f 1228 1223 1227
f 152 1235 1234
f 1235 150 1231
f 1234 1231 148
f 1235 1231 1234
f 156 1244 1243
f 1244 154 1238
f 1243 1238 152
f 1244 1238 1243
f 319 1563 1562
f 1563 158 1247
f 1562 1247 156
f 1563 1247 1562
f 160 1251 1564
f 1251 162 1565
f 1564 1565 320
f 1251 1565 1564
f 165 1257 1256
f 1257 163 1253
f 1256 1253 160
f 1257 1253 1256
f 169 1264 1263
f 1264 167 1260
f 1263 1260 165
f 1264 1260 1263
f 173 1272 1271
f 1272 171 1267
f 1271 1267 169
f 1272 1267 1271
f 177 1279 1278
f 1279 175 1275
f 1278 1275 173
f 1279 1275 1278
f 181 1288 1287
f 1288 179 1282
f 1287 1282 177
f 1288 1282 1287
f 185 1295 1294
f 1295 183 1291
f 1294 1291 181
f 1295 1291 1294
f 189 1303 1302
f 1303 187 1298
f 1302 1298 185
f 1303 1298 1302
f 193 1310 1309
f 1310 191 1306
f 1309 1306 189
f 1310 1306 1309
f 197 1320 1319
f 1320 195 1313
f 1319 1313 193
f 1320 1313 1319
f 201 1327 1326
f 1327 199 1323
f 1326 1323 197
f 1327 1323 1326
f 205 1335 1334
f 1335 203 1330
f 1334 1330 201
f 1335 1330 1334
f 209 1342 1341
f 1342 207 1338
f 1341 1338 205
f 1342 1338 1341
f 213 1351 1350
f 1351 211 1345
f 1350 1345 209
f 1351 1345 1350
f 217 1358 1357
f 1358 215 1354
f 1357 1354 213
f 1358 1354 1357
f 221 1366 1365
f 1366 219 1361
f 1365 1361 217
f 1366 1361 1365
f 225 1373 1372
f 1373 223 1369
f 1372 1369 221
f 1373 1369 1372
f 229 1384 1383
f 1384 227 1376
f 1383 1376 225
f 1384 1376 1383
f 233 1391 1390
f 1391 231 1387
f 1390 1387 229
f 1391 1387 1390
f 237 1399 1398
f 1399 235 1394
f 1398 1394 233
f 1399 1394 1398
f 241 1406 1405
f 1406 239 1402
f 1405 1402 237
f 1406 1402 1405
f 245 1415 1414
f 1415 243 1409
f 1414 1409 241
f 1415 1409 1414
f 249 1422 1421
f 1422 247 1418
f 1421 1418 245
f 1422 1418 1421
f 253 1430 1429
f 1430 251 1425
f 1429 1425 249
f 1430 1425 1429
f 257 1437 1436
f 1437 255 1433
f 1436 1433 253
f 1437 1433 1436
f 261 1448 1447
f 1448 259 1440
f 1447 1440 257
f 1448 1440 1447
f 265 1455 1454
f 1455 263 1451
f 1454 1451 261
f 1455 1451 1454
f 269 1463 1462
f 1463 267 1458
f 1462 1458 265
f 1463 1458 1462
f 273 1470 1469
f 1470 271 1466
f 1469 1466 269
f 1470 1466 1469
f 277 1479 1478
f 1479 275 1473
f 1478 1473 273
f 1479 1473 1478
f 281 1486 1485
f 1486 279 1482
f 1485 1482 277
f 1486 1482 1485
f 285 1494 1493
f 1494 283 1489
f 1493 1489 281
f 1494 1489 1493
f 289 1501 1500
f 1501 287 1497
f 1500 1497 285
f 1501 1497 1500
f 293 1511 1510
f 1511 291 1504
f 1510 1504 289
f 1511 1504 1510
f 297 1518 1517
f 1518 295 1514
f 1517 1514 293
f 1518 1514 1517
f 301 1526 1525
f 1526 299 1521
f 1525 1521 297
f 1526 1521 1525
f 305 1533 1532
f 1533 303 1529
f 1532 1529 301
f 1533 1529 1532
f 309 1542 1541
f 1542 307 1536
f 1541 1536 305
f 1542 1536 1541
f 313 1549 1548
f 1549 311 1545
f 1548 1545 309
f 1549 1545 1548
f 317 1557 1556
f 1557 315 1552
f 1556 1552 313
f 1557 1552 1556
f 4 945 1568
f 945 3 1567
f 1568 1567 321
f 945 1567 1568
f 12 959 958
f 959 8 951
f 958 951 4
f 959 951 958
f 20 974 973
f 974 16 966
f 973 966 12
f 974 966 973
f 28 990 989
f 990 24 981
f 989 981 20
f 990 981 989
f 36 1005 1004
f 1005 32 997
f 1004 997 28
f 1005 997 1004
f 44 1022 1021
f 1022 40 1012
f 1021 1012 36
f 1022 1012 1021
f 52 1037 1036
f 1037 48 1029
f 1036 1029 44
f 1037 1029 1036
f 60 1053 1052
f 1053 56 1044
f 1052 1044 52
f 1053 1044 1052
f 68 1068 1067
f 1068 64 1060
f 1067 1060 60
f 1068 1060 1067
f 76 1085 1084
f 1085 72 1075
f 1084 1075 68
f 1085 1075 1084
f 84 1100 1099
f 1100 80 1092
f 1099 1092 76
f 1100 1092 1099
f 92 1116 1115
f 1116 88 1107
f 1115 1107 84
f 1116 1107 1115
f 100 1131 1130
f 1131 96 1123
f 1130 1123 92
f 1131 1123 1130
f 108 1149 1148
f 1149 104 1138
f 1148 1138 100
f 1149 1138 1148
f 116 1164 1163
f 1164 112 1156
f 1163 1156 108
f 1164 1156 1163
f 124 1180 1179
f 1180 120 1171
f 1179 1171 116
f 1180 1171 1179
f 132 1195 1194
f 1195 128 1187
f 1194 1187 124
f 1195 1187 1194
f 140 1212 1211
f 1212 136 1202
f 1211 1202 132
f 1212 1202 1211
f 148 1227 1226
f 1227 144 1219
f 1226 1219 140
f 1227 1219 1226
f 156 1243 1242
f 1243 152 1234
f 1242 1234 148
f 1243 1234 1242
f 165 1256 1566
f 1256 160 1564
f 1566 1564 320
f 1256 1564 1566
f 173 1271 1270
f 1271 169 1263
f 1270 1263 165
f 1271 1263 1270
f 181 1287 1286
f 1287 177 1278
f 1286 1278 173
f 1287 1278 1286
f 189 1302 1301
f 1302 185 1294
f 1301 1294 181
f 1302 1294 1301
f 197 1319 1318
f 1319 193 1309
f 1318 1309 189
f 1319 1309 1318
f 205 1334 1333
f 1334 201 1326
f 1333 1326 197
f 1334 1326 1333
f 213 1350 1349
f 1350 209 1341
f 1349 1341 205
f 1350 1341 1349
f 221 1365 1364
f 1365 217 1357
f 1364 1357 213
f 1365 1357 1364
f 229 1383 1382
f 1383 225 1372
f 1382 1372 221
f 1383 1372 1382
f 237 1398 1397
f 1398 233 1390
f 1397 1390 229
f 1398 1390 1397
f 245 1414 1413
f 1414 241 1405
f 1413 1405 237
f 1414 1405 1413
f 253 1429 1428
f 1429 249 1421
f 1428 1421 245
f 1429 1421 1428
f 261 1447 1446
f 1447 257 1436
f 1446 1436 253
f 1447 1436 1446
f 269 1462 1461
f 1462 265 1454
f 1461 1454 261
f 1462 1454 1461
f 277 1478 1477
f 1478 273 1469
f 1477 1469 269
f 1478 1469 1477
f 285 1493 1492
f 1493 281 1485
f 1492 1485 277
f 1493 1485 1492
f 293 1510 1509
f 1510 289 1500
f 1509 1500 285
f 1510 1500 1509
f 301 1525 1524
f 1525 297 1517
f 1524 1517 293
f 1525 1517 1524
f 309 1541 1540
f 1541 305 1532
f 1540 1532 301
f 1541 1532 1540
f 317 1556 1555
f 1556 313 1548
f 1555 1548 309
f 1556 1548 1555
f 12 958 1569
f 958 4 1568
f 1569 1568 321
f 958 1568 1569
f 28 989 988
f 989 20 973
f 988 973 12
f 989 973 988
f 44 1021 1020
f 1021 36 1004
f 1020 1004 28
f 1021 1004 1020
f 60 1052 1051
f 1052 52 1036
f 1051 1036 44
f 1052 1036 1051
f 76 1084 1083
f 1084 68 1067
f 1083 1067 60
f 1084 1067 1083
f 92 1115 1114
f 1115 84 1099
f 1114 1099 76
f 1115 1099 1114
f 108 1148 1147
f 1148 100 1130
f 1147 1130 92
f 1148 1130 1147
f 124 1179 1178
f 1179 116 1163
f 1178 1163 108
f 1179 1163 1178
f 140 1211 1210
f 1211 132 1194
f 1210 1194 124
f 1211 1194 1210
f 156 1242 1241
f 1242 148 1226
f 1241 1226 140
f 1242 1226 1241
f 165 1566 1570
f 1566 320 1571
f 1570 1571 322
f 1566 1571 1570
f 181 1286 1285
f 1286 173 1270
f 1285 1270 165
f 1286 1270 1285
f 197 1318 1317
f 1318 189 1301
f 1317 1301 181
f 1318 1301 1317
f 213 1349 1348
f 1349 205 1333
f 1348 1333 197
f 1349 1333 1348
f 229 1382 1381
f 1382 221 1364
f 1381 1364 213
f 1382 1364 1381
f 245 1413 1412
f 1413 237 1397
f 1412 1397 229
f 1413 1397 1412
f 261 1446 1445
f 1446 253 1428
f 1445 1428 245
f 1446 1428 1445
f 277 1477 1476
f 1477 269 1461
f 1476 1461 261
f 1477 1461 1476
f 293 1509 1508
f 1509 285 1492
f 1508 1492 277
f 1509 1492 1508
f 309 1540 1539
f 1540 301 1524
f 1539 1524 293
f 1540 1524 1539
f 323 1574 1573
f 1574 317 1555
f 1573 1555 309
f 1574 1555 1573
f 12 1569 1575
f 1569 321 1577
f 1575 1577 324
f 1569 1577 1575
f 44 1020 1019
f 1020 28 988
f 1019 988 12
f 1020 988 1019
f 76 1083 1082
f 1083 60 1051
f 1082 1051 44
f 1083 1051 1082
f 108 1147 1146
f 1147 92 1114
f 1146 1114 76
f 1147 1114 1146
f 140 1210 1209
f 1210 124 1178
f 1209 1178 108
f 1210 1178 1209
f 319 1562 1561
f 1562 156 1241
f 1561 1241 140
f 1562 1241 1561
f 165 1570 1578
f 1570 322 1579
f 1578 1579 325
f 1570 1579 1578
f 197 1317 1316
f 1317 181 1285
f 1316 1285 165
f 1317 1285 1316
f 229 1381 1380
f 1381 213 1348
f 1380 1348 197
f 1381 1348 1380
f 261 1445 1444
f 1445 245 1412
f 1444 1412 229
f 1445 1412 1444
f 293 1508 1507
f 1508 277 1476
f 1507 1476 261
f 1508 1476 1507
f 323 1573 1572
f 1573 309 1539
f 1572 1539 293
f 1573 1539 1572
f 44 1019 1576
f 1019 12 1575
f 1576 1575 324
f 1019 1575 1576
f 108 1146 1145
f 1146 76 1082
f 1145 1082 44
f 1146 1082 1145
f 319 1561 1560
f 1561 140 1209
f 1560 1209 108
f 1561 1209 1560
f 165 1578 1580
f 1578 325 1581
f 1580 1581 326
f 1578 1581 1580
f 229 1380 1379
f 1380 197 1316
f 1379 1316 165
f 1380 1316 1379
f 327 1583 1582
f 1583 323 1572
f 1582 1572 293
f 1583 1572 1582
f 44 1576 1584
f 1576 324 1585
f 1584 1585 328
f 1576 1585 1584
f 329 1587 1586
f 1587 319 1560
f 1586 1560 108
f 1587 1560 1586
f 165 1580 1588
f 1580 326 1589
f 1588 1589 330
f 1580 1589 1588
f 261 1444 1443
f 1444 229 1379
f 1443 1379 165
f 1444 1379 1443
f 331 1591 1590
f 1591 327 1582
f 1590 1582 293
f 1591 1582 1590
f 44 1584 1592
f 1584 328 1593
f 1592 1593 332
f 1584 1593 1592
f 333 1595 1594
f 1595 329 1586
f 1594 1586 108
f 1595 1586 1594
f 165 1588 1596
f 1588 330 1597
f 1596 1597 334
f 1588 1597 1596
f 335 1599 1598
f 1599 331 1590
f 1598 1590 293
f 1599 1590 1598
f 44 1592 1600
f 1592 332 1601
f 1600 1601 336
f 1592 1601 1600
f 337 1603 1602
f 1603 333 1594
f 1602 1594 108
f 1603 1594 1602
f 165 1596 1604
f 1596 334 1606
f 1604 1606 338
f 1596 1606 1604
f 339 1608 1607
f 1608 335 1598
f 1607 1598 293
f 1608 1598 1607
f 44 1600 1609
f 1600 336 1610
f 1609 1610 340
f 1600 1610 1609
f 341 1612 1611
f 1612 337 1602
f 1611 1602 108
f 1612 1602 1611
f 261 1443 1605
f 1443 165 1604
f 1605 1604 338
f 1443 1604 1605
f 342 1614 1613
f 1614 339 1607
f 1613 1607 293
f 1614 1607 1613
f 44 1609 1615
f 1609 340 1616
f 1615 1616 343
f 1609 1616 1615
f 344 1618 1617
f 1618 341 1611
f 1617 1611 108
f 1618 1611 1617
f 261 1605 1619
f 1605 338 1620
f 1619 1620 345
f 1605 1620 1619
f 346 1622 1621
f 1622 342 1613
f 1621 1613 293
f 1622 1613 1621
f 44 1615 1623
f 1615 343 1624
f 1623 1624 347
f 1615 1624 1623
f 348 1626 1625
f 1626 344 1617
f 1625 1617 108
f 1626 1617 1625
f 261 1619 1627
f 1619 345 1628
f 1627 1628 349
f 1619 1628 1627
f 350 1630 1629
f 1630 346 1621
f 1629 1621 293
f 1630 1621 1629
f 44 1623 1631
f 1623 347 1632
f 1631 1632 351
f 1623 1632 1631
f 352 1634 1633
f 1634 348 1625
f 1633 1625 108
f 1634 1625 1633
f 261 1627 1635
f 1627 349 1636
f 1635 1636 353
f 1627 1636 1635
f 354 1638 1637
f 1638 350 1629
f 1637 1629 293
f 1638 1629 1637
f 44 1631 1639
f 1631 351 1640
f 1639 1640 355
f 1631 1640 1639
f 356 1642 1641
f 1642 352 1633
f 1641 1633 108
f 1642 1633 1641
f 261 1635 1643
f 1635 353 1644
f 1643 1644 357
f 1635 1644 1643
f 358 1646 1645
f 1646 354 1637
f 1645 1637 293
f 1646 1637 1645
f 44 1639 1647
f 1639 355 1648
f 1647 1648 359
f 1639 1648 1647
f 360 1650 1649
f 1650 356 1641
f 1649 1641 108
f 1650 1641 1649
f 261 1643 1651
f 1643 357 1652
f 1651 1652 361
f 1643 1652 1651
f 362 1654 1653
f 1654 358 1645
f 1653 1645 293
f 1654 1645 1653
f 44 1647 1655
f 1647 359 1657
f 1655 1657 363
f 1647 1657 1655
f 364 1659 1658
f 1659 360 1649
f 1658 1649 108
f 1659 1649 1658
f 261 1651 1660
f 1651 361 1661
f 1660 1661 365
f 1651 1661 1660
f 366 1663 1662
f 1663 362 1653
f 1662 1653 293
f 1663 1653 1662
f 108 1145 1656
f 1145 44 1655
f 1656 1655 363
f 1145 1655 1656
f 367 1665 1664
f 1665 364 1658
f 1664 1658 108
f 1665 1658 1664
f 261 1660 1666
f 1660 365 1667
f 1666 1667 368
f 1660 1667 1666
f 369 1669 1668
f 1669 366 1662
f 1668 1662 293
f 1669 1662 1668
f 108 1656 1670
f 1656 363 1671
f 1670 1671 370
f 1656 1671 1670
f 371 1673 1672
f 1673 367 1664
f 1672 1664 108
f 1673 1664 1672
f 261 1666 1674
f 1666 368 1675
f 1674 1675 372
f 1666 1675 1674
f 373 1677 1676
f 1677 369 1668
f 1676 1668 293
f 1677 1668 1676
f 108 1670 1678
f 1670 370 1679
f 1678 1679 374
f 1670 1679 1678
f 375 1682 1680
f 1682 371 1672
f 1680 1672 108
f 1682 1672 1680
f 261 1674 1683
f 1674 372 1684
f 1683 1684 376
f 1674 1684 1683
f 377 1686 1685
f 1686 373 1676
f 1685 1676 293
f 1686 1676 1685
f 108 1678 1687
f 1678 374 1688
f 1687 1688 378
f 1678 1688 1687
f 261 1683 1689
f 1683 376 1690
f 1689 1690 379
f 1683 1690 1689
f 380 1692 1691
f 1692 377 1685
f 1691 1685 293
f 1692 1685 1691
f 108 1687 1693
f 1687 378 1694
f 1693 1694 381
f 1687 1694 1693
f 261 1689 1695
f 1689 379 1696
f 1695 1696 382
f 1689 1696 1695
f 383 1698 1697
f 1698 380 1691
f 1697 1691 293
f 1698 1691 1697
f 108 1693 1699
f 1693 381 1700
f 1699 1700 384
f 1693 1700 1699
f 261 1695 1701
f 1695 382 1702
f 1701 1702 385
f 1695 1702 1701
f 386 1704 1703
f 1704 383 1697
f 1703 1697 293
f 1704 1697 1703
f 108 1699 1705
f 1699 384 1706
f 1705 1706 387
f 1699 1706 1705
f 261 1701 1707
f 1701 385 1708
f 1707 1708 388
f 1701 1708 1707
f 389 1710 1709
f 1710 386 1703
f 1709 1703 293
f 1710 1703 1709
f 108 1705 1711
f 1705 387 1712
f 1711 1712 390
f 1705 1712 1711
f 261 1707 1713
f 1707 388 1714
f 1713 1714 391
f 1707 1714 1713
f 392 1716 1715
f 1716 389 1709
f 1715 1709 293
f 1716 1709 1715
f 108 1711 1717
f 1711 390 1718
f 1717 1718 393
f 1711 1718 1717
f 261 1713 1719
f 1713 391 1720
f 1719 1720 394
f 1713 1720 1719
f 395 1722 1721
f 1722 392 1715
f 1721 1715 293
f 1722 1715 1721
f 108 1717 1723
f 1717 393 1724
f 1723 1724 396
f 1717 1724 1723
f 261 1719 1725
f 1719 394 1726
f 1725 1726 397
f 1719 1726 1725
f 398 1729 1727
f 1729 395 1721
f 1727 1721 293
f 1729 1721 1727
f 108 1723 1730
f 1723 396 1731
f 1730 1731 399
f 1723 1731 1730
f 261 1725 1732
f 1725 397 1733
f 1732 1733 400
f 1725 1733 1732
f 108 1730 1734
f 1730 399 1735
f 1734 1735 401
f 1730 1735 1734
f 261 1732 1736
f 1732 400 1737
f 1736 1737 402
f 1732 1737 1736
f 108 1734 1738
f 1734 401 1739
f 1738 1739 403
f 1734 1739 1738
f 261 1736 1740
f 1736 402 1741
f 1740 1741 404
f 1736 1741 1740
f 108 1738 1742
f 1738 403 1743
f 1742 1743 405
f 1738 1743 1742
f 261 1740 1744
f 1740 404 1745
f 1744 1745 406
f 1740 1745 1744
f 108 1742 1746
f 1742 405 1747
f 1746 1747 407
f 1742 1747 1746
f 261 1744 1748
f 1744 406 1749
f 1748 1749 408
f 1744 1749 1748
f 108 1746 1750
f 1746 407 1751
f 1750 1751 409
f 1746 1751 1750
f 261 1748 1752
f 1748 408 1753
f 1752 1753 410
f 1748 1753 1752
f 108 1750 1754
f 1750 409 1755
f 1754 1755 411
f 1750 1755 1754
f 261 1752 1756
f 1752 410 1757
f 1756 1757 412
f 1752 1757 1756
f 108 1754 1758
f 1754 411 1759
f 1758 1759 413
f 1754 1759 1758
f 261 1756 1760
f 1756 412 1761
f 1760 1761 414
f 1756 1761 1760
f 108 1758 1762
f 1758 413 1763
f 1762 1763 415
f 1758 1763 1762
f 261 1760 1764
f 1760 414 1765
f 1764 1765 416
f 1760 1765 1764
f 108 1762 1766
f 1762 415 1767
f 1766 1767 417
f 1762 1767 1766
f 261 1764 1768
f 1764 416 1769
f 1768 1769 418
f 1764 1769 1768
f 108 1766 1770
f 1766 417 1771
f 1770 1771 419
f 1766 1771 1770
f 261 1768 1772
f 1768 418 1773
f 1772 1773 420
f 1768 1773 1772
f 108 1770 1774
f 1770 419 1775
f 1774 1775 421
f 1770 1775 1774
f 261 1772 1776
f 1772 420 1777
f 1776 1777 422
f 1772 1777 1776
f 108 1774 1778
f 1774 421 1779
f 1778 1779 423
f 1774 1779 1778
f 261 1776 1780
f 1776 422 1781
f 1780 1781 424
f 1776 1781 1780
f 108 1778 1782
f 1778 423 1783
f 1782 1783 425
f 1778 1783 1782
f 261 1780 1784
f 1780 424 1785
f 1784 1785 426
f 1780 1785 1784
f 108 1782 1786
f 1782 425 1787
f 1786 1787 427
f 1782 1787 1786
f 261 1784 1788
f 1784 426 1790
f 1788 1790 428
f 1784 1790 1788
f 108 1786 1791
f 1786 427 1792
f 1791 1792 429
f 1786 1792 1791
f 293 1507 1789
f 1507 261 1788
f 1789 1788 428
f 1507 1788 1789
f 108 1791 1793
f 1791 429 1794
f 1793 1794 430
f 1791 1794 1793
f 293 1789 1795
f 1789 428 1796
f 1795 1796 431
f 1789 1796 1795
f 108 1793 1797
f 1793 430 1798
f 1797 1798 432
f 1793 1798 1797
f 293 1795 1799
f 1795 431 1800
f 1799 1800 433
f 1795 1800 1799
f 108 1797 1801
f 1797 432 1802
f 1801 1802 434
f 1797 1802 1801
f 293 1799 1803
f 1799 433 1804
f 1803 1804 435
f 1799 1804 1803
f 108 1801 1805
f 1801 434 1806
f 1805 1806 436
f 1801 1806 1805
f 293 1803 1807
f 1803 435 1808
f 1807 1808 437
f 1803 1808 1807
f 108 1805 1809
f 1805 436 1811
f 1809 1811 438
f 1805 1811 1809
f 293 1807 1812
f 1807 437 1813
f 1812 1813 439
f 1807 1813 1812
f 375 1680 1810
f 1680 108 1809
f 1810 1809 438
f 1680 1809 1810
f 293 1812 1814
f 1812 439 1815
f 1814 1815 440
f 1812 1815 1814
f 375 1810 1816
f 1810 438 1817
f 1816 1817 441
f 1810 1817 1816
f 293 1814 1818
f 1814 440 1819
f 1818 1819 442
f 1814 1819 1818
f 375 1816 1820
f 1816 441 1821
f 1820 1821 443
f 1816 1821 1820
f 293 1818 1822
f 1818 442 1823
f 1822 1823 444
f 1818 1823 1822
f 375 1820 1824
f 1820 443 1825
f 1824 1825 445
f 1820 1825 1824
f 293 1822 1826
f 1822 444 1827
f 1826 1827 446
f 1822 1827 1826
f 375 1824 1828
f 1824 445 1829
f 1828 1829 447
f 1824 1829 1828
f 293 1826 1830
f 1826 446 1831
f 1830 1831 448
f 1826 1831 1830
f 375 1828 1832
f 1828 447 1833
f 1832 1833 449
f 1828 1833 1832
f 293 1830 1834
f 1830 448 1835
f 1834 1835 450
f 1830 1835 1834
f 375 1832 1836
f 1832 449 1837
f 1836 1837 451
f 1832 1837 1836
f 293 1834 1838
f 1834 450 1839
f 1838 1839 452
f 1834 1839 1838
f 375 1836 1840
f 1836 451 1842
f 1840 1842 453
f 1836 1842 1840
f 293 1838 1843
f 1838 452 1844
f 1843 1844 454
f 1838 1844 1843
f 375 1840 1728
f 1840 453 1841
f 1728 1841 398
f 1840 1841 1728
f 293 1843 1845
f 1843 454 1846
f 1845 1846 455
f 1843 1846 1845
f 375 1728 1681
f 1728 398 1727
f 1681 1727 293
f 1728 1727 1681
f 293 1845 1847
f 1845 455 1848
f 1847 1848 456
f 1845 1848 1847
f 457 1850 1849
f 1850 375 1681
f 1849 1681 293
f 1850 1681 1849
f 293 1847 1851
f 1847 456 1852
f 1851 1852 458
f 1847 1852 1851
f 459 1854 1853
f 1854 457 1849
f 1853 1849 293
f 1854 1849 1853
f 293 1851 1855
f 1851 458 1856
f 1855 1856 460
f 1851 1856 1855
f 461 1858 1857
f 1858 459 1853
f 1857 1853 293
f 1858 1853 1857
f 293 1855 1859
f 1855 460 1860
f 1859 1860 462
f 1855 1860 1859
f 463 1862 1861
f 1862 461 1857
f 1861 1857 293
f 1862 1857 1861
f 293 1859 1863
f 1859 462 1864
f 1863 1864 464
f 1859 1864 1863
f 465 1866 1865
f 1866 463 1861
f 1865 1861 293
f 1866 1861 1865
f 293 1863 1867
f 1863 464 1868
f 1867 1868 466
f 1863 1868 1867
f 467 1870 1869
f 1870 465 1865
f 1869 1865 293
f 1870 1865 1869
f 293 1867 1871
f 1867 466 1872
f 1871 1872 468
f 1867 1872 1871
f 469 1874 1873
f 1874 467 1869
f 1873 1869 293
f 1874 1869 1873
f 293 1871 1875
f 1871 468 1876
f 1875 1876 470
f 1871 1876 1875
f 470 1877 1875
f 1877 469 1873
f 1875 1873 293
f 1877 1873 1875
f 471 1882 1885
f 1882 472 1886
f 1885 1886 473
f 1882 1886 1885
f 473 1889 1893
f 1889 474 1894
f 1893 1894 475
f 1889 1894 1893
f 475 1897 1900
f 1897 476 1901
f 1900 1901 477
f 1897 1901 1900
f 477 1904 1908
f 1904 478 1909
f 1908 1909 479
f 1904 1909 1908
f 479 1912 1915
f 1912 480 1916
f 1915 1916 481
f 1912 1916 1915
f 481 1919 1924
f 1919 482 1925
f 1924 1925 483
f 1919 1925 1924
f 483 1928 1931
f 1928 484 1932
f 1931 1932 485
f 1928 1932 1931
f 485 1935 1939
f 1935 486 1940
f 1939 1940 487
f 1935 1940 1939
f 487 1943 1946
f 1943 488 1947
f 1946 1947 489
f 1943 1947 1946
f 489 1950 1955
f 1950 490 1956
f 1955 1956 491
f 1950 1956 1955
f 491 1959 1962
f 1959 492 1963
f 1962 1963 493
f 1959 1963 1962
f 493 1966 1970
f 1966 494 1971
f 1970 1971 495
f 1966 1971 1970
f 495 1974 1977
f 1974 496 1978
f 1977 1978 497
f 1974 1978 1977
f 497 1981 1987
f 1981 498 1988
f 1987 1988 499
f 1981 1988 1987
f 499 1991 1994
f 1991 500 1995
f 1994 1995 501
f 1991 1995 1994
f 501 1998 2002
f 1998 502 2003
f 2002 2003 503
f 1998 2003 2002
f 503 2006 2009
f 2006 504 2010
f 2009 2010 505
f 2006 2010 2009
f 505 2013 2018
f 2013 506 2019
f 2018 2019 507
f 2013 2019 2018
f 507 2022 2025
f 2022 508 2026
f 2025 2026 509
f 2022 2026 2025
f 509 2029 2033
f 2029 510 2034
f 2033 2034 511
f 2029 2034 2033
f 511 2037 2040
f 2037 512 2041
f 2040 2041 513
f 2037 2041 2040
f 513 2044 2051
f 2044 514 2052
f 2051 2052 515
f 2044 2052 2051
f 515 2055 2058
f 2055 516 2059
f 2058 2059 517
f 2055 2059 2058
f 517 2062 2066
f 2062 518 2067
f 2066 2067 519
f 2062 2067 2066
f 519 2070 2073
f 2070 520 2074
f 2073 2074 521
f 2070 2074 2073
f 521 2077 2082
f 2077 522 2083
f 2082 2083 523
f 2077 2083 2082
f 523 2086 2089
f 2086 524 2090
f 2089 2090 525
f 2086 2090 2089
f 525 2093 2097
f 2093 526 2098
f 2097 2098 527
f 2093 2098 2097
f 527 2101 2104
f 2101 528 2105
f 2104 2105 529
f 2101 2105 2104
f 529 2108 2114
f 2108 530 2115
f 2114 2115 531
f 2108 2115 2114
f 531 2118 2121
f 2118 532 2122
f 2121 2122 533
f 2118 2122 2121
f 533 2125 2129
f 2125 534 2130
f 2129 2130 535
f 2125 2130 2129
f 535 2133 2136
f 2133 536 2137
f 2136 2137 537
f 2133 2137 2136
f 537 2140 2145
f 2140 538 2146
f 2145 2146 539
f 2140 2146 2145
f 539 2149 2152
f 2149 540 2153
f 2152 2153 541
f 2149 2153 2152
f 541 2156 2160
f 2156 542 2161
f 2160 2161 543
f 2156 2161 2160
f 543 2164 2167
f 2164 544 2168
f 2167 2168 545
f 2164 2168 2167
f 545 2171 2178
f 2171 546 2179
f 2178 2179 547
f 2171 2179 2178
f 547 2182 2185
f 2182 548 2186
f 2185 2186 549
f 2182 2186 2185
f 549 2189 2193
f 2189 550 2194
f 2193 2194 551
f 2189 2194 2193
f 551 2197 2200
f 2197 552 2201
f 2200 2201 553
f 2197 2201 2200
f 553 2204 2209
f 2204 554 2210
f 2209 2210 555
f 2204 2210 2209
f 555 2213 2216
f 2213 556 2217
f 2216 2217 557
f 2213 2217 2216
f 557 2220 2224
f 2220 558 2225
f 2224 2225 559
f 2220 2225 2224
f 559 2228 2231
f 2228 560 2232
f 2231 2232 561
f 2228 2232 2231
f 561 2235 2241
f 2235 562 2242
f 2241 2242 563
f 2235 2242 2241
f 563 2245 2248
f 2245 564 2249
f 2248 2249 565
f 2245 2249 2248
f 565 2252 2256
f 2252 566 2257
f 2256 2257 567
f 2252 2257 2256
f 567 2260 2263
f 2260 568 2264
f 2263 2264 569
f 2260 2264 2263
f 569 2267 2272
f 2267 570 2273
f 2272 2273 571
f 2267 2273 2272
f 571 2276 2279
f 2276 572 2280
f 2279 2280 573
f 2276 2280 2279
f 573 2283 2287
f 2283 574 2288
f 2287 2288 575
f 2283 2288 2287
f 575 2291 2294
f 2291 576 2295
f 2294 2295 577
f 2291 2295 2294
f 577 2298 2306
f 2298 578 2307
f 2306 2307 579
f 2298 2307 2306
f 579 2310 2313
f 2310 580 2314
f 2313 2314 581
f 2310 2314 2313
f 581 2317 2321
f 2317 582 2322
f 2321 2322 583
f 2317 2322 2321
f 583 2325 2328
f 2325 584 2329
f 2328 2329 585
f 2325 2329 2328
f 585 2332 2337
f 2332 586 2338
f 2337 2338 587
f 2332 2338 2337
f 587 2341 2344
f 2341 588 2345
f 2344 2345 589
f 2341 2345 2344
f 589 2348 2352
f 2348 590 2353
f 2352 2353 591
f 2348 2353 2352
f 591 2356 2359
f 2356 592 2360
f 2359 2360 593
f 2356 2360 2359
f 593 2363 2369
f 2363 594 2370
f 2369 2370 595
f 2363 2370 2369
f 595 2373 2376
f 2373 596 2377
f 2376 2377 597
f 2373 2377 2376
f 597 2380 2384
f 2380 598 2385
f 2384 2385 599
f 2380 2385 2384
f 599 2388 2391
f 2388 600 2392
f 2391 2392 601
f 2388 2392 2391
f 601 2395 2400
f 2395 602 2401
f 2400 2401 603
f 2395 2401 2400
f 603 2404 2407
f 2404 604 2408
f 2407 2408 605
f 2404 2408 2407
f 605 2411 2415
f 2411 606 2416
f 2415 2416 607
f 2411 2416 2415
f 607 2419 2422
f 2419 608 2423
f 2422 2423 609
f 2419 2423 2422
f 609 2426 2433
f 2426 610 2434
f 2433 2434 611
f 2426 2434 2433
f 611 2437 2440
f 2437 612 2441
f 2440 2441 613
f 2437 2441 2440
f 613 2444 2448
f 2444 614 2449
f 2448 2449 615
f 2444 2449 2448
f 615 2452 2455
f 2452 616 2456
f 2455 2456 617
f 2452 2456 2455
f 617 2459 2464
f 2459 618 2465
f 2464 2465 619
f 2459 2465 2464
f 619 2468 2471
f 2468 620 2472
f 2471 2472 621
f 2468 2472 2471
f 621 2475 2479
f 2475 622 2480
f 2479 2480 623
f 2475 2480 2479
f 623 2483 2486
f 2483 624 2487
f 2486 2487 625
f 2483 2487 2486
f 625 2490 2496
f 2490 626 2497
f 2496 2497 627
f 2490 2497 2496
f 627 2500 2503
f 2500 628 2504
f 2503 2504 629
f 2500 2504 2503
f 630 2509 2512
f 2509 631 2513
f 2512 2513 632
f 2509 2513 2512
f 632 2516 2519
f 2516 633 2520
f 2519 2520 634
f 2516 2520 2519
f 634 2523 2527
f 2523 635 2528
f 2527 2528 636
f 2523 2528 2527
f 636 2531 2534
f 2531 637 2535
f 2534 2535 638
f 2531 2535 2534
f 638 2538 2542
f 2538 639 2543
f 2542 2543 640
f 2538 2543 2542
f 640 2546 2549
f 2546 641 2550
f 2549 2550 642
f 2546 2550 2549
f 642 2553 2558
f 2553 643 2559
f 2558 2559 644
f 2553 2559 2558
f 644 2562 2565
f 2562 645 2566
f 2565 2566 646
f 2562 2566 2565
f 646 2569 2573
f 2569 647 2574
f 2573 2574 648
f 2569 2574 2573
f 648 2577 2580
f 2577 649 2581
f 2580 2581 650
f 2577 2581 2580
f 650 2584 2590
f 2584 651 2591
f 2590 2591 652
f 2584 2591 2590
f 652 2594 2597
f 2594 653 2598
f 2597 2598 654
f 2594 2598 2597
f 654 2601 2605
f 2601 655 2606
f 2605 2606 656
f 2601 2606 2605
f 656 2609 2612
f 2609 657 2613
f 2612 2613 658
f 2609 2613 2612
f 658 2616 2621
f 2616 659 2622
f 2621 2622 660
f 2616 2622 2621
f 660 2625 2628
f 2625 661 2629
f 2628 2629 662
f 2625 2629 2628
f 662 2632 2636
f 2632 663 2637
f 2636 2637 664
f 2632 2637 2636
f 664 2640 2643
f 2640 665 2644
f 2643 2644 666
f 2640 2644 2643
f 666 2647 2654
f 2647 667 2655
f 2654 2655 668
f 2647 2655 2654
f 668 2658 2661
f 2658 669 2662
f 2661 2662 670
f 2658 2662 2661
f 670 2665 2669
f 2665 671 2670
f 2669 2670 672
f 2665 2670 2669
f 672 2673 2676
f 2673 673 2677
f 2676 2677 674
f 2673 2677 2676
f 674 2680 2685
f 2680 675 2686
f 2685 2686 676
f 2680 2686 2685
f 676 2689 2692
f 2689 677 2693
f 2692 2693 678
f 2689 2693 2692
f 678 2696 2700
f 2696 679 2701
f 2700 2701 680
f 2696 2701 2700
f 680 2704 2707
f 2704 681 2708
f 2707 2708 682
f 2704 2708 2707
f 682 2711 2717
f 2711 683 2718
f 2717 2718 684
f 2711 2718 2717
f 684 2721 2724
f 2721 685 2725
f 2724 2725 686
f 2721 2725 2724
f 686 2728 2732
f 2728 687 2733
f 2732 2733 688
f 2728 2733 2732
f 688 2736 2739
f 2736 689 2740
f 2739 2740 690
f 2736 2740 2739
f 690 2743 2748
f 2743 691 2749
f 2748 2749 692
f 2743 2749 2748
f 692 2752 2755
f 2752 693 2756
f 2755 2756 694
f 2752 2756 2755
f 694 2759 2763
f 2759 695 2764
f 2763 2764 696
f 2759 2764 2763
f 696 2767 2770
f 2767 697 2771
f 2770 2771 698
f 2767 2771 2770
f 698 2774 2782
f 2774 699 2783
f 2782 2783 700
f 2774 2783 2782
f 700 2786 2789
f 2786 701 2790
f 2789 2790 702
f 2786 2790 2789
f 702 2793 2797
f 2793 703 2798
f 2797 2798 704
f 2793 2798 2797
f 704 2801 2804
f 2801 705 2805
f 2804 2805 706
f 2801 2805 2804
f 706 2808 2813
f 2808 707 2814
f 2813 2814 708
f 2808 2814 2813
f 708 2817 2820
f 2817 709 2821
f 2820 2821 710
f 2817 2821 2820
f 710 2824 2828
f 2824 711 2829
f 2828 2829 712
f 2824 2829 2828
f 712 2832 2835
f 2832 713 2836
f 2835 2836 714
f 2832 2836 2835
f 714 2839 2845
f 2839 715 2846
f 2845 2846 716
f 2839 2846 2845
f 716 2849 2852
f 2849 717 2853
f 2852 2853 718
f 2849 2853 2852
f 718 2856 2860
f 2856 719 2861
f 2860 2861 720
f 2856 2861 2860
f 720 2864 2867
f 2864 721 2868
f 2867 2868 722
f 2864 2868 2867
f 722 2871 2876
f 2871 723 2877
f 2876 2877 724
f 2871 2877 2876
f 724 2880 2883
f 2880 725 2884
f 2883 2884 726
f 2880 2884 2883
f 726 2887 2891
f 2887 727 2892
f 2891 2892 728
f 2887 2892 2891
f 728 2895 2898
f 2895 729 2899
f 2898 2899 730
f 2895 2899 2898
f 730 2902 2910
f 2902 731 2911
f 2910 2911 732
f 2902 2911 2910
f 732 2914 2917
f 2914 733 2918
f 2917 2918 734
f 2914 2918 2917
f 734 2921 2925
f 2921 735 2926
f 2925 2926 736
f 2921 2926 2925
f 736 2929 2932
f 2929 737 2933
f 2932 2933 738
f 2929 2933 2932
f 738 2936 2941
f 2936 739 2942
f 2941 2942 740
f 2936 2942 2941
f 740 2945 2948
f 2945 741 2949
f 2948 2949 742
f 2945 2949 2948
f 742 2952 2956
f 2952 743 2957
f 2956 2957 744
f 2952 2957 2956
f 744 2960 2963
f 2960 745 2964
f 2963 2964 746
f 2960 2964 2963
f 746 2967 2973
f 2967 747 2974
f 2973 2974 748
f 2967 2974 2973
f 748 2977 2980
f 2977 749 2981
f 2980 2981 750
f 2977 2981 2980
f 750 2984 2988
f 2984 751 2989
f 2988 2989 752
f 2984 2989 2988
f 752 2992 2995
f 2992 753 2996
f 2995 2996 754
f 2992 2996 2995
f 754 2999 3004
f 2999 755 3005
f 3004 3005 756
f 2999 3005 3004
f 756 3008 3011
f 3008 757 3012
f 3011 3012 758
f 3008 3012 3011
f 758 3015 3019
f 3015 759 3020
f 3019 3020 760
f 3015 3020 3019
f 760 3023 3026
f 3023 761 3027
f 3026 3027 762
f 3023 3027 3026
f 762 3030 3037
f 3030 763 3038
f 3037 3038 764
f 3030 3038 3037
f 764 3041 3044
f 3041 765 3045
f 3044 3045 766
f 3041 3045 3044
f 766 3048 3052
f 3048 767 3053
f 3052 3053 768
f 3048 3053 3052
f 768 3056 3059
f 3056 769 3060
f 3059 3060 770
f 3056 3060 3059
f 770 3063 3068
f 3063 771 3069
f 3068 3069 772
f 3063 3069 3068
f 772 3072 3075
f 3072 773 3076
f 3075 3076 774
f 3072 3076 3075
f 774 3079 3083
f 3079 775 3084
f 3083 3084 776
f 3079 3084 3083
f 776 3087 3090
f 3087 777 3091
f 3090 3091 778
f 3087 3091 3090
f 778 3094 3100
f 3094 779 3101
f 3100 3101 780
f 3094 3101 3100
f 780 3104 3107
f 3104 781 3108
f 3107 3108 782
f 3104 3108 3107
f 782 3111 3115
f 3111 783 3116
f 3115 3116 784
f 3111 3116 3115
f 784 3119 3122
f 3119 785 3123
f 3122 3123 786
f 3119 3123 3122
f 786 3126 3131
f 3126 787 3132
f 3131 3132 788
f 3126 3132 3131
f 471 1885 1892
f 1885 473 1893
f 1892 1893 475
f 1885 1893 1892
f 475 1900 1907
f 1900 477 1908
f 1907 1908 479
f 1900 1908 1907
f 479 1915 1923
f 1915 481 1924
f 1923 1924 483
f 1915 1924 1923
f 483 1931 1938
f 1931 485 1939
f 1938 1939 487
f 1931 1939 1938
f 487 1946 1954
f 1946 489 1955
f 1954 1955 491
f 1946 1955 1954
f 491 1962 1969
f 1962 493 1970
f 1969 1970 495
f 1962 1970 1969
f 495 1977 1986
f 1977 497 1987
f 1986 1987 499
f 1977 1987 1986
f 499 1994 2001
f 1994 501 2002
f 2001 2002 503
f 1994 2002 2001
f 503 2009 2017
f 2009 505 2018
f 2017 2018 507
f 2009 2018 2017
f 507 2025 2032
f 2025 509 2033
f 2032 2033 511
f 2025 2033 2032
f 511 2040 2050
f 2040 513 2051
f 2050 2051 515
f 2040 2051 2050
f 515 2058 2065
f 2058 517 2066
f 2065 2066 519
f 2058 2066 2065
f 519 2073 2081
f 2073 521 2082
f 2081 2082 523
f 2073 2082 2081
f 523 2089 2096
f 2089 525 2097
f 2096 2097 527
f 2089 2097 2096
f 527 2104 2113
f 2104 529 2114
f 2113 2114 531
f 2104 2114 2113
f 531 2121 2128
f 2121 533 2129
f 2128 2129 535
f 2121 2129 2128
f 535 2136 2144
f 2136 537 2145
f 2144 2145 539
f 2136 2145 2144
f 539 2152 2159
f 2152 541 2160
f 2159 2160 543
f 2152 2160 2159
f 543 2167 2177
f 2167 545 2178
f 2177 2178 547
f 2167 2178 2177
f 547 2185 2192
f 2185 549 2193
f 2192 2193 551
f 2185 2193 2192
f 551 2200 2208
f 2200 553 2209
f 2208 2209 555
f 2200 2209 2208
f 555 2216 2223
f 2216 557 2224
f 2223 2224 559
f 2216 2224 2223
f 559 2231 2240
f 2231 561 2241
f 2240 2241 563
f 2231 2241 2240
f 563 2248 2255
f 2248 565 2256
f 2255 2256 567
f 2248 2256 2255
f 567 2263 2271
f 2263 569 2272
f 2271 2272 571
f 2263 2272 2271
f 571 2279 2286
f 2279 573 2287
f 2286 2287 575
f 2279 2287 2286
f 575 2294 2305
f 2294 577 2306
f 2305 2306 579
f 2294 2306 2305
f 579 2313 2320
f 2313 581 2321
f 2320 2321 583
f 2313 2321 2320
f 583 2328 2336
f 2328 585 2337
f 2336 2337 587
f 2328 2337 2336
f 587 2344 2351
f 2344 589 2352
f 2351 2352 591
f 2344 2352 2351
f 591 2359 2368
f 2359 593 2369
f 2368 2369 595
f 2359 2369 2368
f 595 2376 2383
f 2376 597 2384
f 2383 2384 599
f 2376 2384 2383
f 599 2391 2399
f 2391 601 2400
f 2399 2400 603
f 2391 2400 2399
f 603 2407 2414
f 2407 605 2415
f 2414 2415 607
f 2407 2415 2414
f 607 2422 2432
f 2422 609 2433
f 2432 2433 611
f 2422 2433 2432
f 611 2440 2447
f 2440 613 2448
f 2447 2448 615
f 2440 2448 2447
f 615 2455 2463
f 2455 617 2464
f 2463 2464 619
f 2455 2464 2463
f 619 2471 2478
f 2471 621 2479
f 2478 2479 623
f 2471 2479 2478
f 623 2486 2495
f 2486 625 2496
f 2495 2496 627
f 2486 2496 2495
f 627 2503 3137
f 2503 629 3138
f 3137 3138 789
f 2503 3138 3137
f 790 3141 3142
f 3141 630 2512
f 3142 2512 632
f 3141 2512 3142
f 632 2519 2526
f 2519 634 2527
f 2526 2527 636
f 2519 2527 2526
f 636 2534 2541
f 2534 638 2542
f 2541 2542 640
f 2534 2542 2541
f 640 2549 2557
f 2549 642 2558
f 2557 2558 644
f 2549 2558 2557
f 644 2565 2572
f 2565 646 2573
f 2572 2573 648
f 2565 2573 2572
f 648 2580 2589
f 2580 650 2590
f 2589 2590 652
f 2580 2590 2589
f 652 2597 2604
f 2597 654 2605
f 2604 2605 656
f 2597 2605 2604
f 656 2612 2620
f 2612 658 2621
f 2620 2621 660
f 2612 2621 2620
f 660 2628 2635
f 2628 662 2636
f 2635 2636 664
f 2628 2636 2635
f 664 2643 2653
f 2643 666 2654
f 2653 2654 668
f 2643 2654 2653
f 668 2661 2668
f 2661 670 2669
f 2668 2669 672
f 2661 2669 2668
f 672 2676 2684
f 2676 674 2685
f 2684 2685 676
f 2676 2685 2684
f 676 2692 2699
f 2692 678 2700
f 2699 2700 680
f 2692 2700 2699
f 680 2707 2716
f 2707 682 2717
f 2716 2717 684
f 2707 2717 2716
f 684 2724 2731
f 2724 686 2732
f 2731 2732 688
f 2724 2732 2731
f 688 2739 2747
f 2739 690 2748
f 2747 2748 692
f 2739 2748 2747
f 692 2755 2762
f 2755 694 2763
f 2762 2763 696
f 2755 2763 2762
f 696 2770 2781
f 2770 698 2782
f 2781 2782 700
f 2770 2782 2781
f 700 2789 2796
f 2789 702 2797
f 2796 2797 704
f 2789 2797 2796
f 704 2804 2812
f 2804 706 2813
f 2812 2813 708
f 2804 2813 2812
f 708 2820 2827
f 2820 710 2828
f 2827 2828 712
f 2820 2828 2827
f 712 2835 2844
f 2835 714 2845
f 2844 2845 716
f 2835 2845 2844
f 716 2852 2859
f 2852 718 2860
f 2859 2860 720
f 2852 2860 2859
f 720 2867 2875
f 2867 722 2876
f 2875 2876 724
f 2867 2876 2875
f 724 2883 2890
f 2883 726 2891
f 2890 2891 728
f 2883 2891 2890
f 728 2898 2909
f 2898 730 2910
f 2909 2910 732
f 2898 2910 2909
f 732 2917 2924
f 2917 734 2925
f 2924 2925 736
f 2917 2925 2924
f 736 2932 2940
f 2932 738 2941
f 2940 2941 740
f 2932 2941 2940
f 740 2948 2955
f 2948 742 2956
f 2955 2956 744
f 2948 2956 2955
f 744 2963 2972
f 2963 746 2973
f 2972 2973 748
f 2963 2973 2972
f 748 2980 2987
f 2980 750 2988
f 2987 2988 752
f 2980 2988 2987
f 752 2995 3003
f 2995 754 3004
f 3003 3004 756
f 2995 3004 3003
f 756 3011 3018
f 3011 758 3019
f 3018 3019 760
f 3011 3019 3018
f 760 3026 3036
f 3026 762 3037
f 3036 3037 764
f 3026 3037 3036
f 764 3044 3051
f 3044 766 3052
f 3051 3052 768
f 3044 3052 3051
f 768 3059 3067
f 3059 770 3068
f 3067 3068 772
f 3059 3068 3067
f 772 3075 3082
f 3075 774 3083
f 3082 3083 776
f 3075 3083 3082
f 776 3090 3099
f 3090 778 3100
f 3099 3100 780
f 3090 3100 3099
f 780 3107 3114
f 3107 782 3115
f 3114 3115 784
f 3107 3115 3114
f 784 3122 3130
f 3122 786 3131
f 3130 3131 788
f 3122 3131 3130
f 791 3146 3147
f 3146 471 1892
f 3147 1892 475
f 3146 1892 3147
f 475 1907 1922
f 1907 479 1923
f 1922 1923 483
f 1907 1923 1922
f 483 1938 1953
f 1938 487 1954
f 1953 1954 491
f 1938 1954 1953
f 491 1969 1985
f 1969 495 1986
f 1985 1986 499
f 1969 1986 1985
f 499 2001 2016
f 2001 503 2017
f 2016 2017 507
f 2001 2017 2016
f 507 2032 2049
f 2032 511 2050
f 2049 2050 515
f 2032 2050 2049
f 515 2065 2080
f 2065 519 2081
f 2080 2081 523
f 2065 2081 2080
f 523 2096 2112
f 2096 527 2113
f 2112 2113 531
f 2096 2113 2112
f 531 2128 2143
f 2128 535 2144
f 2143 2144 539
f 2128 2144 2143
f 539 2159 2176
f 2159 543 2177
f 2176 2177 547
f 2159 2177 2176
f 547 2192 2207
f 2192 551 2208
f 2207 2208 555
f 2192 2208 2207
f 555 2223 2239
f 2223 559 2240
f 2239 2240 563
f 2223 2240 2239
f 563 2255 2270
f 2255 567 2271
f 2270 2271 571
f 2255 2271 2270
f 571 2286 2304
f 2286 575 2305
f 2304 2305 579
f 2286 2305 2304
f 579 2320 2335
f 2320 583 2336
f 2335 2336 587
f 2320 2336 2335
f 587 2351 2367
f 2351 591 2368
f 2367 2368 595
f 2351 2368 2367
f 595 2383 2398
f 2383 599 2399
f 2398 2399 603
f 2383 2399 2398
f 603 2414 2431
f 2414 607 2432
f 2431 2432 611
f 2414 2432 2431
f 611 2447 2462
f 2447 615 2463
f 2462 2463 619
f 2447 2463 2462
f 619 2478 2494
f 2478 623 2495
f 2494 2495 627
f 2478 2495 2494
f 790 3142 3143
f 3142 632 2526
f 3143 2526 636
f 3142 2526 3143
f 636 2541 2556
f 2541 640 2557
f 2556 2557 644
f 2541 2557 2556
f 644 2572 2588
f 2572 648 2589
f 2588 2589 652
f 2572 2589 2588
f 652 2604 2619
f 2604 656 2620
f 2619 2620 660
f 2604 2620 2619
f 660 2635 2652
f 2635 664 2653
f 2652 2653 668
f 2635 2653 2652
f 668 2668 2683
f 2668 672 2684
f 2683 2684 676
f 2668 2684 2683
f 676 2699 2715
f 2699 680 2716
f 2715 2716 684
f 2699 2716 2715
f 684 2731 2746
f 2731 688 2747
f 2746 2747 692
f 2731 2747 2746
f 692 2762 2780
f 2762 696 2781
f 2780 2781 700
f 2762 2781 2780
f 700 2796 2811
f 2796 704 2812
f 2811 2812 708
f 2796 2812 2811
f 708 2827 2843
f 2827 712 2844
f 2843 2844 716
f 2827 2844 2843
f 716 2859 2874
f 2859 720 2875
f 2874 2875 724
f 2859 2875 2874
f 724 2890 2908
f 2890 728 2909
f 2908 2909 732
f 2890 2909 2908
f 732 2924 2939
f 2924 736 2940
f 2939 2940 740
f 2924 2940 2939
f 740 2955 2971
f 2955 744 2972
f 2971 2972 748
f 2955 2972 2971
f 748 2987 3002
f 2987 752 3003
f 3002 3003 756
f 2987 3003 3002
f 756 3018 3035
f 3018 760 3036
f 3035 3036 764
f 3018 3036 3035
f 764 3051 3066
f 3051 768 3067
f 3066 3067 772
f 3051 3067 3066
f 772 3082 3098
f 3082 776 3099
f 3098 3099 780
f 3082 3099 3098
f 780 3114 3129
f 3114 784 3130
f 3129 3130 788
f 3114 3130 3129
f 791 3147 3148
f 3147 475 1922
f 3148 1922 483
f 3147 1922 3148
f 483 1953 1984
f 1953 491 1985
f 1984 1985 499
f 1953 1985 1984
f 499 2016 2048
f 2016 507 2049
f 2048 2049 515
f 2016 2049 2048
f 515 2080 2111
f 2080 523 2112
f 2111 2112 531
f 2080 2112 2111
f 531 2143 2175
f 2143 539 2176
f 2175 2176 547
f 2143 2176 2175
f 547 2207 2238
f 2207 555 2239
f 2238 2239 563
f 2207 2239 2238
f 563 2270 2303
f 2270 571 2304
f 2303 2304 579
f 2270 2304 2303
f 579 2335 2366
f 2335 587 2367
f 2366 2367 595
f 2335 2367 2366
f 595 2398 2430
f 2398 603 2431
f 2430 2431 611
f 2398 2431 2430
f 611 2462 2493
f 2462 619 2494
f 2493 2494 627
f 2462 2494 2493
f 792 3152 3151
f 3152 790 3143
f 3151 3143 636
f 3152 3143 3151
f 636 2556 2587
f 2556 644 2588
f 2587 2588 652
f 2556 2588 2587
f 652 2619 2651
f 2619 660 2652
f 2651 2652 668
f 2619 2652 2651
f 668 2683 2714
f 2683 676 2715
f 2714 2715 684
f 2683 2715 2714
f 684 2746 2779
f 2746 692 2780
f 2779 2780 700
f 2746 2780 2779
f 700 2811 2842
f 2811 708 2843
f 2842 2843 716
f 2811 2843 2842
f 716 2874 2907
f 2874 724 2908
f 2907 2908 732
f 2874 2908 2907
f 732 2939 2970
f 2939 740 2971
f 2970 2971 748
f 2939 2971 2970
f 748 3002 3034
f 3002 756 3035
f 3034 3035 764
f 3002 3035 3034
f 764 3066 3097
f 3066 772 3098
f 3097 3098 780
f 3066 3098 3097
f 780 3129 3156
f 3129 788 3157
f 3156 3157 793
f 3129 3157 3156
f 794 3162 3160
f 3162 791 3148
f 3160 3148 483
f 3162 3148 3160
f 483 1984 2047
f 1984 499 2048
f 2047 2048 515
f 1984 2048 2047
f 515 2111 2174
f 2111 531 2175
f 2174 2175 547
f 2111 2175 2174
f 547 2238 2302
f 2238 563 2303
f 2302 2303 579
f 2238 2303 2302
f 579 2366 2429
f 2366 595 2430
f 2429 2430 611
f 2366 2430 2429
f 611 2493 3136
f 2493 627 3137
f 3136 3137 789
f 2493 3137 3136
f 795 3166 3165
f 3166 792 3151
f 3165 3151 636
f 3166 3151 3165
f 636 2587 2650
f 2587 652 2651
f 2650 2651 668
f 2587 2651 2650
f 668 2714 2778
f 2714 684 2779
f 2778 2779 700
f 2714 2779 2778
f 700 2842 2906
f 2842 716 2907
f 2906 2907 732
f 2842 2907 2906
f 732 2970 3033
f 2970 748 3034
f 3033 3034 764
f 2970 3034 3033
f 764 3097 3155
f 3097 780 3156
f 3155 3156 793
f 3097 3156 3155
f 794 3160 3161
f 3160 483 2047
f 3161 2047 515
f 3160 2047 3161
f 515 2174 2301
f 2174 547 2302
f 2301 2302 579
f 2174 2302 2301
f 579 2429 3135
f 2429 611 3136
f 3135 3136 789
f 2429 3136 3135
f 796 3170 3169
f 3170 795 3165
f 3169 3165 636
f 3170 3165 3169
f 636 2650 2777
f 2650 668 2778
f 2777 2778 700
f 2650 2778 2777
f 764 3155 3173
f 3155 793 3174
f 3173 3174 797
f 3155 3174 3173
f 798 3178 3177
f 3178 794 3161
f 3177 3161 515
f 3178 3161 3177
f 579 3135 3181
f 3135 789 3182
f 3181 3182 799
f 3135 3182 3181
f 800 3186 3185
f 3186 796 3169
f 3185 3169 636
f 3186 3169 3185
f 636 2777 2905
f 2777 700 2906
f 2905 2906 732
f 2777 2906 2905
f 764 3173 3189
f 3173 797 3190
f 3189 3190 801
f 3173 3190 3189
f 802 3194 3193
f 3194 798 3177
f 3193 3177 515
f 3194 3177 3193
f 579 3181 3197
f 3181 799 3198
f 3197 3198 803
f 3181 3198 3197
f 804 3202 3201
f 3202 800 3185
f 3201 3185 636
f 3202 3185 3201
f 764 3189 3205
f 3189 801 3206
f 3205 3206 805
f 3189 3206 3205
f 806 3210 3209
f 3210 802 3193
f 3209 3193 515
f 3210 3193 3209
f 579 3197 3213
f 3197 803 3214
f 3213 3214 807
f 3197 3214 3213
f 808 3219 3217
f 3219 804 3201
f 3217 3201 636
f 3219 3201 3217
f 764 3205 3222
f 3205 805 3223
f 3222 3223 809
f 3205 3223 3222
f 810 3227 3226
f 3227 806 3209
f 3226 3209 515
f 3227 3209 3226
f 579 3213 3230
f 3213 807 3231
f 3230 3231 811
f 3213 3231 3230
f 808 3217 3218
f 3217 636 2905
f 3218 2905 732
f 3217 2905 3218
f 764 3222 3234
f 3222 809 3235
f 3234 3235 812
f 3222 3235 3234
f 813 3239 3238
f 3239 810 3226
f 3238 3226 515
f 3239 3226 3238
f 579 3230 3242
f 3230 811 3243
f 3242 3243 814
f 3230 3243 3242
f 815 3247 3246
f 3247 808 3218
f 3246 3218 732
f 3247 3218 3246
f 764 3234 3250
f 3234 812 3251
f 3250 3251 816
f 3234 3251 3250
f 817 3255 3254
f 3255 813 3238
f 3254 3238 515
f 3255 3238 3254
f 579 3242 3258
f 3242 814 3259
f 3258 3259 818
f 3242 3259 3258
f 819 3263 3262
f 3263 815 3246
f 3262 3246 732
f 3263 3246 3262
f 764 3250 3266
f 3250 816 3267
f 3266 3267 820
f 3250 3267 3266
f 821 3271 3270
f 3271 817 3254
f 3270 3254 515
f 3271 3254 3270
f 579 3258 3274
f 3258 818 3275
f 3274 3275 822
f 3258 3275 3274
f 823 3279 3278
f 3279 819 3262
f 3278 3262 732
f 3279 3262 3278
f 764 3266 3282
f 3266 820 3283
f 3282 3283 824
f 3266 3283 3282
f 825 3287 3286
f 3287 821 3270
f 3286 3270 515
f 3287 3270 3286
f 579 3274 3290
f 3274 822 3291
f 3290 3291 826
f 3274 3291 3290
f 827 3295 3294
f 3295 823 3278
f 3294 3278 732
f 3295 3278 3294
f 764 3282 3298
f 3282 824 3299
f 3298 3299 828
f 3282 3299 3298
f 829 3303 3302
f 3303 825 3286
f 3302 3286 515
f 3303 3286 3302
f 579 3290 3306
f 3290 826 3307
f 3306 3307 830
f 3290 3307 3306
f 831 3311 3310
f 3311 827 3294
f 3310 3294 732
f 3311 3294 3310
f 764 3298 3314
f 3298 828 3315
f 3314 3315 832
f 3298 3315 3314
f 833 3320 3318
f 3320 829 3302
f 3318 3302 515
f 3320 3302 3318
f 579 3306 3323
f 3306 830 3324
f 3323 3324 834
f 3306 3324 3323
f 835 3328 3327
f 3328 831 3310
f 3327 3310 732
f 3328 3310 3327
f 764 3314 3331
f 3314 832 3332
f 3331 3332 836
f 3314 3332 3331
f 833 3318 3319
f 3318 515 2301
f 3319 2301 579
f 3318 2301 3319
f 579 3323 3335
f 3323 834 3336
f 3335 3336 837
f 3323 3336 3335
f 838 3340 3339
f 3340 835 3327
f 3339 3327 732
f 3340 3327 3339
f 764 3331 3343
f 3331 836 3344
f 3343 3344 839
f 3331 3344 3343
f 840 3348 3347
f 3348 833 3319
f 3347 3319 579
f 3348 3319 3347
f 579 3335 3351
f 3335 837 3352
f 3351 3352 841
f 3335 3352 3351
f 842 3356 3355
f 3356 838 3339
f 3355 3339 732
f 3356 3339 3355
f 764 3343 3359
f 3343 839 3360
f 3359 3360 843
f 3343 3360 3359
f 844 3364 3363
f 3364 840 3347
f 3363 3347 579
f 3364 3347 3363
f 579 3351 3367
f 3351 841 3369
f 3367 3369 845
f 3351 3369 3367
f 846 3373 3372
f 3373 842 3355
f 3372 3355 732
f 3373 3355 3372
f 764 3359 3376
f 3359 843 3377
f 3376 3377 847
f 3359 3377 3376
f 848 3381 3380
f 3381 844 3363
f 3380 3363 579
f 3381 3363 3380
f 849 3385 3384
f 3385 846 3372
f 3384 3372 732
f 3385 3372 3384
f 764 3376 3388
f 3376 847 3389
f 3388 3389 850
f 3376 3389 3388
f 851 3393 3392
f 3393 848 3380
f 3392 3380 579
f 3393 3380 3392
f 852 3397 3396
f 3397 849 3384
f 3396 3384 732
f 3397 3384 3396
f 764 3388 3400
f 3388 850 3401
f 3400 3401 853
f 3388 3401 3400
f 854 3405 3404
f 3405 851 3392
f 3404 3392 579
f 3405 3392 3404
f 855 3409 3408
f 3409 852 3396
f 3408 3396 732
f 3409 3396 3408
f 764 3400 3412
f 3400 853 3413
f 3412 3413 856
f 3400 3413 3412
f 857 3417 3416
f 3417 854 3404
f 3416 3404 579
f 3417 3404 3416
f 858 3421 3420
f 3421 855 3408
f 3420 3408 732
f 3421 3408 3420
f 764 3412 3424
f 3412 856 3425
f 3424 3425 859
f 3412 3425 3424
f 860 3429 3428
f 3429 857 3416
f 3428 3416 579
f 3429 3416 3428
f 861 3433 3432
f 3433 858 3420
f 3432 3420 732
f 3433 3420 3432
f 764 3424 3436
f 3424 859 3437
f 3436 3437 862
f 3424 3437 3436
f 863 3441 3440
f 3441 860 3428
f 3440 3428 579
f 3441 3428 3440
f 864 3445 3444
f 3445 861 3432
f 3444 3432 732
f 3445 3432 3444
f 764 3436 3448
f 3436 862 3449
f 3448 3449 865
f 3436 3449 3448
f 866 3453 3452
f 3453 863 3440
f 3452 3440 579
f 3453 3440 3452
f 867 3457 3456
f 3457 864 3444
f 3456 3444 732
f 3457 3444 3456
f 764 3448 3460
f 3448 865 3462
f 3460 3462 868
f 3448 3462 3460
f 869 3466 3465
f 3466 866 3452
f 3465 3452 579
f 3466 3452 3465
f 870 3470 3469
f 3470 867 3456
f 3469 3456 732
f 3470 3456 3469
f 871 3474 3473
f 3474 869 3465
f 3473 3465 579
f 3474 3465 3473
f 872 3478 3477
f 3478 870 3469
f 3477 3469 732
f 3478 3469 3477
f 873 3482 3481
f 3482 871 3473
f 3481 3473 579
f 3482 3473 3481
f 874 3486 3485
f 3486 872 3477
f 3485 3477 732
f 3486 3477 3485
f 875 3490 3489
f 3490 873 3481
f 3489 3481 579
f 3490 3481 3489
f 876 3494 3493
f 3494 874 3485
f 3493 3485 732
f 3494 3485 3493
f 877 3498 3497
f 3498 875 3489
f 3497 3489 579
f 3498 3489 3497
f 878 3502 3501
f 3502 876 3493
f 3501 3493 732
f 3502 3493 3501
f 879 3506 3505
f 3506 877 3497
f 3505 3497 579
f 3506 3497 3505
f 880 3510 3509
f 3510 878 3501
f 3509 3501 732
f 3510 3501 3509
f 881 3514 3513
f 3514 879 3505
f 3513 3505 579
f 3514 3505 3513
f 882 3518 3517
f 3518 880 3509
f 3517 3509 732
f 3518 3509 3517
f 883 3522 3521
f 3522 881 3513
f 3521 3513 579
f 3522 3513 3521
f 884 3526 3525
f 3526 882 3517
f 3525 3517 732
f 3526 3517 3525
f 885 3530 3529
f 3530 883 3521
f 3529 3521 579
f 3530 3521 3529
f 886 3534 3533
f 3534 884 3525
f 3533 3525 732
f 3534 3525 3533
f 887 3538 3537
f 3538 885 3529
f 3537 3529 579
f 3538 3529 3537
f 888 3542 3541
f 3542 886 3533
f 3541 3533 732
f 3542 3533 3541
f 889 3546 3545
f 3546 887 3537
f 3545 3537 579
f 3546 3537 3545
f 890 3550 3549
f 3550 888 3541
f 3549 3541 732
f 3550 3541 3549
f 891 3554 3553
f 3554 889 3545
f 3553 3545 579
f 3554 3545 3553
f 892 3558 3557
f 3558 890 3549
f 3557 3549 732
f 3558 3549 3557
f 893 3562 3561
f 3562 891 3553
f 3561 3553 579
f 3562 3553 3561
f 894 3566 3565
f 3566 892 3557
f 3565 3557 732
f 3566 3557 3565
f 895 3570 3569
f 3570 893 3561
f 3569 3561 579
f 3570 3561 3569
f 896 3574 3573
f 3574 894 3565
f 3573 3565 732
f 3574 3565 3573
f 897 3578 3577
f 3578 895 3569
f 3577 3569 579
f 3578 3569 3577
f 898 3583 3581
f 3583 896 3573
f 3581 3573 732
f 3583 3573 3581
f 899 3587 3586
f 3587 897 3577
f 3586 3577 579
f 3587 3577 3586
f 898 3581 3582
f 3581 732 3033
f 3582 3033 764
f 3581 3033 3582
f 900 3591 3590
f 3591 899 3586
f 3590 3586 579
f 3591 3586 3590
f 901 3595 3594
f 3595 898 3582
f 3594 3582 764
f 3595 3582 3594
f 902 3599 3598
f 3599 900 3590
f 3598 3590 579
f 3599 3590 3598
f 903 3603 3602
f 3603 901 3594
f 3602 3594 764
f 3603 3594 3602
f 904 3607 3606
f 3607 902 3598
f 3606 3598 579
f 3607 3598 3606
f 905 3611 3610
f 3611 903 3602
f 3610 3602 764
f 3611 3602 3610
f 906 3615 3614
f 3615 904 3606
f 3614 3606 579
f 3615 3606 3614
f 907 3619 3618
f 3619 905 3610
f 3618 3610 764
f 3619 3610 3618
f 908 3624 3622
f 3624 906 3614
f 3622 3614 579
f 3624 3614 3622
f 909 3628 3627
f 3628 907 3618
f 3627 3618 764
f 3628 3618 3627
f 908 3622 3623
f 3622 579 3367
f 3623 3367 845
f 3622 3367 3623
f 910 3632 3631
f 3632 909 3627
f 3631 3627 764
f 3632 3627 3631
f 911 3636 3635
f 3636 908 3623
f 3635 3623 845
f 3636 3623 3635
f 912 3640 3639
f 3640 910 3631
f 3639 3631 764
f 3640 3631 3639
f 913 3644 3643
f 3644 911 3635
f 3643 3635 845
f 3644 3635 3643
f 914 3648 3647
f 3648 912 3639
f 3647 3639 764
f 3648 3639 3647
f 915 3652 3651
f 3652 913 3643
f 3651 3643 845
f 3652 3643 3651
f 916 3656 3655
f 3656 914 3647
f 3655 3647 764
f 3656 3647 3655
f 917 3660 3659
f 3660 915 3651
f 3659 3651 845
f 3660 3651 3659
f 918 3664 3663
f 3664 916 3655
f 3663 3655 764
f 3664 3655 3663
f 919 3668 3667
f 3668 917 3659
f 3667 3659 845
f 3668 3659 3667
f 920 3672 3671
f 3672 918 3663
f 3671 3663 764
f 3672 3663 3671
f 921 3676 3675
f 3676 919 3667
f 3675 3667 845
f 3676 3667 3675
f 922 3680 3679
f 3680 920 3671
f 3679 3671 764
f 3680 3671 3679
f 923 3685 3683
f 3685 921 3675
f 3683 3675 845
f 3685 3675 3683
f 924 3689 3688
f 3689 922 3679
f 3688 3679 764
f 3689 3679 3688
f 868 3684 3461
f 3684 923 3683
f 3461 3683 845
f 3684 3683 3461
f 925 3693 3692
f 3693 924 3688
f 3692 3688 764
f 3693 3688 3692
f 764 3460 3368
f 3460 868 3461
f 3368 3461 845
f 3460 3461 3368
f 926 3697 3696
f 3697 925 3692
f 3696 3692 764
f 3697 3692 3696
f 764 3368 3700
f 3368 845 3701
f 3700 3701 927
f 3368 3701 3700
f 928 3705 3704
f 3705 926 3696
f 3704 3696 764
f 3705 3696 3704
f 764 3700 3708
f 3700 927 3709
f 3708 3709 929
f 3700 3709 3708
f 930 3713 3712
f 3713 928 3704
f 3712 3704 764
f 3713 3704 3712
f 764 3708 3716
f 3708 929 3717
f 3716 3717 931
f 3708 3717 3716
f 932 3721 3720
f 3721 930 3712
f 3720 3712 764
f 3721 3712 3720
f 764 3716 3724
f 3716 931 3725
f 3724 3725 933
f 3716 3725 3724
f 934 3729 3728
f 3729 932 3720
f 3728 3720 764
f 3729 3720 3728
f 764 3724 3732
f 3724 933 3733
f 3732 3733 935
f 3724 3733 3732
f 936 3737 3736
f 3737 934 3728
f 3736 3728 764
f 3737 3728 3736
f 764 3732 3740
f 3732 935 3741
f 3740 3741 937
f 3732 3741 3740
f 938 3745 3744
f 3745 936 3736
f 3744 3736 764
f 3745 3736 3744
f 764 3740 3748
f 3740 937 3749
f 3748 3749 939
f 3740 3749 3748
f 940 3753 3752
f 3753 938 3744
f 3752 3744 764
f 3753 3744 3752
f 764 3748 3752
f 3748 939 3754
f 3752 3754 940
f 3748 3754 3752
f 449 1833 3666
f 1833 447 3665
f 3666 3665 919
f 1833 3665 3666
f 447 3658 3665
f 3658 917 3668
f 3665 3668 919
f 3658 3668 3665
f 447 1829 3658
f 1829 445 3657
f 3658 3657 917
f 1829 3657 3658
f 445 3650 3657
f 3650 915 3660
f 3657 3660 917
f 3650 3660 3657
f 445 1825 3650
f 1825 443 3649
f 3650 3649 915
f 1825 3649 3650
f 443 3642 3649
f 3642 913 3652
f 3649 3652 915
f 3642 3652 3649
f 443 1821 3642
f 1821 441 3641
f 3642 3641 913
f 1821 3641 3642
f 441 3634 3641
f 3634 911 3644
f 3641 3644 913
f 3634 3644 3641
f 441 1817 3634
f 1817 438 3633
f 3634 3633 911
f 1817 3633 3634
f 438 3621 3633
f 3621 908 3636
f 3633 3636 911
f 3621 3636 3633
f 438 1811 3621
f 1811 436 3620
f 3621 3620 908
f 1811 3620 3621
f 436 3613 3620
f 3613 906 3624
f 3620 3624 908
f 3613 3624 3620
f 436 1806 3613
f 1806 434 3612
f 3613 3612 906
f 1806 3612 3613
f 434 3605 3612
f 3605 904 3615
f 3612 3615 906
f 3605 3615 3612
f 434 1802 3605
f 1802 432 3604
f 3605 3604 904
f 1802 3604 3605
f 432 3597 3604
f 3597 902 3607
f 3604 3607 904
f 3597 3607 3604
f 432 1798 3597
f 1798 430 3596
f 3597 3596 902
f 1798 3596 3597
f 430 3589 3596
f 3589 900 3599
f 3596 3599 902
f 3589 3599 3596
f 430 1794 3589
f 1794 429 3588
f 3589 3588 900
f 1794 3588 3589
f 429 3585 3588
f 3585 899 3591
f 3588 3591 900
f 3585 3591 3588
f 429 1792 3585
f 1792 427 3584
f 3585 3584 899
f 1792 3584 3585
f 427 3576 3584
f 3576 897 3587
f 3584 3587 899
f 3576 3587 3584
f 427 1787 3576
f 1787 425 3575
f 3576 3575 897
f 1787 3575 3576
f 425 3568 3575
f 3568 895 3578
f 3575 3578 897
f 3568 3578 3575
f 425 1783 3568
f 1783 423 3567
f 3568 3567 895
f 1783 3567 3568
f 423 3560 3567
f 3560 893 3570
f 3567 3570 895
f 3560 3570 3567
f 423 1779 3560
f 1779 421 3559
f 3560 3559 893
f 1779 3559 3560
f 421 3552 3559
f 3552 891 3562
f 3559 3562 893
f 3552 3562 3559
f 421 1775 3552
f 1775 419 3551
f 3552 3551 891
f 1775 3551 3552
f 419 3544 3551
f 3544 889 3554
f 3551 3554 891
f 3544 3554 3551
f 419 1771 3544
f 1771 417 3543
f 3544 3543 889
f 1771 3543 3544
f 417 3536 3543
f 3536 887 3546
f 3543 3546 889
f 3536 3546 3543
f 417 1767 3536
f 1767 415 3535
f 3536 3535 887
f 1767 3535 3536
f 415 3528 3535
f 3528 885 3538
f 3535 3538 887
f 3528 3538 3535
f 415 1763 3528
f 1763 413 3527
f 3528 3527 885
f 1763 3527 3528
f 413 3520 3527
f 3520 883 3530
f 3527 3530 885
f 3520 3530 3527
f 413 1759 3520
f 1759 411 3519
f 3520 3519 883
f 1759 3519 3520
f 411 3512 3519
f 3512 881 3522
f 3519 3522 883
f 3512 3522 3519
f 411 1755 3512
f 1755 409 3511
f 3512 3511 881
f 1755 3511 3512
f 409 3504 3511
f 3504 879 3514
f 3511 3514 881
f 3504 3514 3511
f 409 1751 3504
f 1751 407 3503
f 3504 3503 879
f 1751 3503 3504
f 407 3496 3503
f 3496 877 3506
f 3503 3506 879
f 3496 3506 3503
f 407 1747 3496
f 1747 405 3495
f 3496 3495 877
f 1747 3495 3496
f 405 3488 3495
f 3488 875 3498
f 3495 3498 877
f 3488 3498 3495
f 405 1743 3488
f 1743 403 3487
f 3488 3487 875
f 1743 3487 3488
f 403 3480 3487
f 3480 873 3490
f 3487 3490 875
f 3480 3490 3487
f 403 1739 3480
f 1739 401 3479
f 3480 3479 873
f 1739 3479 3480
f 401 3472 3479
f 3472 871 3482
f 3479 3482 873
f 3472 3482 3479
f 401 1735 3472
f 1735 399 3471
f 3472 3471 871
f 1735 3471 3472
f 399 3464 3471
f 3464 869 3474
f 3471 3474 871
f 3464 3474 3471
f 399 1731 3464
f 1731 396 3463
f 3464 3463 869
f 1731 3463 3464
f 396 3451 3463
f 3451 866 3466
f 3463 3466 869
f 3451 3466 3463
f 396 1724 3451
f 1724 393 3450
f 3451 3450 866
f 1724 3450 3451
f 393 3439 3450
f 3439 863 3453
f 3450 3453 866
f 3439 3453 3450
f 393 1718 3439
f 1718 390 3438
f 3439 3438 863
f 1718 3438 3439
f 390 3427 3438
f 3427 860 3441
f 3438 3441 863
f 3427 3441 3438
f 390 1712 3427
f 1712 387 3426
f 3427 3426 860
f 1712 3426 3427
f 387 3415 3426
f 3415 857 3429
f 3426 3429 860
f 3415 3429 3426
f 387 1706 3415
f 1706 384 3414
f 3415 3414 857
f 1706 3414 3415
f 384 3403 3414
f 3403 854 3417
f 3414 3417 857
f 3403 3417 3414
f 384 1700 3403
f 1700 381 3402
f 3403 3402 854
f 1700 3402 3403
f 381 3391 3402
f 3391 851 3405
f 3402 3405 854
f 3391 3405 3402
f 381 1694 3391
f 1694 378 3390
f 3391 3390 851
f 1694 3390 3391
f 378 3379 3390
f 3379 848 3393
f 3390 3393 851
f 3379 3393 3390
f 378 1688 3379
f 1688 374 3378
f 3379 3378 848
f 1688 3378 3379
f 374 3362 3378
f 3362 844 3381
f 3378 3381 848
f 3362 3381 3378
f 374 1679 3362
f 1679 370 3361
f 3362 3361 844
f 1679 3361 3362
f 370 3346 3361
f 3346 840 3364
f 3361 3364 844
f 3346 3364 3361
f 370 1671 3346
f 1671 363 3345
f 3346 3345 840
f 1671 3345 3346
f 363 3317 3345
f 3317 833 3348
f 3345 3348 840
f 3317 3348 3345
f 363 1657 3317
f 1657 359 3316
f 3317 3316 833
f 1657 3316 3317
f 359 3301 3316
f 3301 829 3320
f 3316 3320 833
f 3301 3320 3316
f 359 1648 3301
f 1648 355 3300
f 3301 3300 829
f 1648 3300 3301
f 355 3285 3300
f 3285 825 3303
f 3300 3303 829
f 3285 3303 3300
f 355 1640 3285
f 1640 351 3284
f 3285 3284 825
f 1640 3284 3285
f 351 3269 3284
f 3269 821 3287
f 3284 3287 825
f 3269 3287 3284
f 351 1632 3269
f 1632 347 3268
f 3269 3268 821
f 1632 3268 3269
f 347 3253 3268
f 3253 817 3271
f 3268 3271 821
f 3253 3271 3268
f 347 1624 3253
f 1624 343 3252
f 3253 3252 817
f 1624 3252 3253
f 343 3237 3252
f 3237 813 3255
f 3252 3255 817
f 3237 3255 3252
f 343 1616 3237
f 1616 340 3236
f 3237 3236 813
f 1616 3236 3237
f 340 3225 3236
f 3225 810 3239
f 3236 3239 813
f 3225 3239 3236
f 340 1610 3225
f 1610 336 3224
f 3225 3224 810
f 1610 3224 3225
f 336 3208 3224
f 3208 806 3227
f 3224 3227 810
f 3208 3227 3224
f 336 1601 3208
f 1601 332 3207
f 3208 3207 806
f 1601 3207 3208
f 332 3192 3207
f 3192 802 3210
f 3207 3210 806
f 3192 3210 3207
f 332 1593 3192
f 1593 328 3191
f 3192 3191 802
f 1593 3191 3192
f 328 3176 3191
f 3176 798 3194
f 3191 3194 802
f 3176 3194 3191
f 328 1585 3176
f 1585 324 3175
f 3176 3175 798
f 1585 3175 3176
f 324 3159 3175
f 3159 794 3178
f 3175 3178 798
f 3159 3178 3175
f 324 1577 3159
f 1577 321 3158
f 3159 3158 794
f 1577 3158 3159
f 321 3145 3158
f 3145 791 3162
f 3158 3162 794
f 3145 3162 3158
f 321 1567 3145
f 1567 3 3144
f 3145 3144 791
f 1567 3144 3145
f 3 1879 3144
f 1879 471 3146
f 3144 3146 791
f 1879 3146 3144
f 3 943 1879
f 943 2 1878
f 1879 1878 471
f 943 1878 1879
f 2 1881 1878
f 1881 472 1882
f 1878 1882 471
f 1881 1882 1878
f 2 941 1881
f 941 1 1880
f 1881 1880 472
f 941 1880 1881
f 1 1883 1880
f 1883 473 1886
f 1880 1886 472
f 1883 1886 1880
f 1 946 1883
f 946 5 1884
f 1883 1884 473
f 946 1884 1883
f 5 1888 1884
f 1888 474 1889
f 1884 1889 473
f 1888 1889 1884
f 5 947 1888
f 947 4 1887
f 1888 1887 474
f 947 1887 1888
f 4 1890 1887
f 1890 475 1894
f 1887 1894 474
f 1890 1894 1887
f 4 949 1890
f 949 7 1891
f 1890 1891 475
f 949 1891 1890
f 7 1896 1891
f 1896 476 1897
f 1891 1897 475
f 1896 1897 1891
f 7 950 1896
f 950 6 1895
f 1896 1895 476
f 950 1895 1896
f 6 1898 1895
f 1898 477 1901
f 1895 1901 476
f 1898 1901 1895
f 6 953 1898
f 953 9 1899
f 1898 1899 477
f 953 1899 1898
f 9 1903 1899
f 1903 478 1904
f 1899 1904 477
f 1903 1904 1899
f 9 954 1903
f 954 8 1902
f 1903 1902 478
f 954 1902 1903
f 8 1905 1902
f 1905 479 1909
f 1902 1909 478
f 1905 1909 1902
f 8 956 1905
f 956 11 1906
f 1905 1906 479
f 956 1906 1905
f 11 1911 1906
f 1911 480 1912
f 1906 1912 479
f 1911 1912 1906
f 11 957 1911
f 957 10 1910
f 1911 1910 480
f 957 1910 1911
f 10 1913 1910
f 1913 481 1916
f 1910 1916 480
f 1913 1916 1910
f 10 961 1913
f 961 13 1914
f 1913 1914 481
f 961 1914 1913
f 13 1918 1914
f 1918 482 1919
f 1914 1919 481
f 1918 1919 1914
f 13 962 1918
f 962 12 1917
f 1918 1917 482
f 962 1917 1918
f 12 1920 1917
f 1920 483 1925
f 1917 1925 482
f 1920 1925 1917
f 12 964 1920
f 964 15 1921
f 1920 1921 483
f 964 1921 1920
f 15 1927 1921
f 1927 484 1928
f 1921 1928 483
f 1927 1928 1921
f 15 965 1927
f 965 14 1926
f 1927 1926 484
f 965 1926 1927
f 14 1929 1926
f 1929 485 1932
f 1926 1932 484
f 1929 1932 1926
f 14 968 1929
f 968 17 1930
f 1929 1930 485
f 968 1930 1929
f 17 1934 1930
f 1934 486 1935
f 1930 1935 485
f 1934 1935 1930
f 17 969 1934
f 969 16 1933
f 1934 1933 486
f 969 1933 1934
f 16 1936 1933
f 1936 487 1940
f 1933 1940 486
f 1936 1940 1933
f 16 971 1936
f 971 19 1937
f 1936 1937 487
f 971 1937 1936
f 19 1942 1937
f 1942 488 1943
f 1937 1943 487
f 1942 1943 1937
f 19 972 1942
f 972 18 1941
f 1942 1941 488
f 972 1941 1942
f 18 1944 1941
f 1944 489 1947
f 1941 1947 488
f 1944 1947 1941
f 18 976 1944
f 976 21 1945
f 1944 1945 489
f 976 1945 1944
f 21 1949 1945
f 1949 490 1950
f 1945 1950 489
f 1949 1950 1945
f 21 977 1949
f 977 20 1948
f 1949 1948 490
f 977 1948 1949
f 20 1951 1948
f 1951 491 1956
f 1948 1956 490
f 1951 1956 1948
f 20 979 1951
f 979 23 1952
f 1951 1952 491
f 979 1952 1951
f 23 1958 1952
f 1958 492 1959
f 1952 1959 491
f 1958 1959 1952
f 23 980 1958
f 980 22 1957
f 1958 1957 492
f 980 1957 1958
f 22 1960 1957
f 1960 493 1963
f 1957 1963 492
f 1960 1963 1957
f 22 983 1960
f 983 25 1961
f 1960 1961 493
f 983 1961 1960
f 25 1965 1961
f 1965 494 1966
f 1961 1966 493
f 1965 1966 1961
f 25 984 1965
f 984 24 1964
f 1965 1964 494
f 984 1964 1965
f 24 1967 1964
f 1967 495 1971
f 1964 1971 494
f 1967 1971 1964
f 24 986 1967
f 986 27 1968
f 1967 1968 495
f 986 1968 1967
f 27 1973 1968
f 1973 496 1974
f 1968 1974 495
f 1973 1974 1968
f 27 987 1973
f 987 26 1972
f 1973 1972 496
f 987 1972 1973
f 26 1975 1972
f 1975 497 1978
f 1972 1978 496
f 1975 1978 1972
f 26 992 1975
f 992 29 1976
f 1975 1976 497
f 992 1976 1975
f 29 1980 1976
f 1980 498 1981
f 1976 1981 497
f 1980 1981 1976
f 29 993 1980
f 993 28 1979
f 1980 1979 498
f 993 1979 1980
f 28 1982 1979
f 1982 499 1988
f 1979 1988 498
f 1982 1988 1979
f 28 995 1982
f 995 31 1983
f 1982 1983 499
f 995 1983 1982
f 31 1990 1983
f 1990 500 1991
f 1983 1991 499
f 1990 1991 1983
f 31 996 1990
f 996 30 1989
f 1990 1989 500
f 996 1989 1990
f 30 1992 1989
f 1992 501 1995
f 1989 1995 500
f 1992 1995 1989
f 30 999 1992
f 999 33 1993
f 1992 1993 501
f 999 1993 1992
f 33 1997 1993
f 1997 502 1998
f 1993 1998 501
f 1997 1998 1993
f 33 1000 1997
f 1000 32 1996
f 1997 1996 502
f 1000 1996 1997
f 32 1999 1996
f 1999 503 2003
f 1996 2003 502
f 1999 2003 1996
f 32 1002 1999
f 1002 35 2000
f 1999 2000 503
f 1002 2000 1999
f 35 2005 2000
f 2005 504 2006
f 2000 2006 503
f 2005 2006 2000
f 35 1003 2005
f 1003 34 2004
f 2005 2004 504
f 1003 2004 2005
f 34 2007 2004
f 2007 505 2010
f 2004 2010 504
f 2007 2010 2004
f 34 1007 2007
f 1007 37 2008
f 2007 2008 505
f 1007 2008 2007
f 37 2012 2008
f 2012 506 2013
f 2008 2013 505
f 2012 2013 2008
f 37 1008 2012
f 1008 36 2011
f 2012 2011 506
f 1008 2011 2012
f 36 2014 2011
f 2014 507 2019
f 2011 2019 506
f 2014 2019 2011
f 36 1010 2014
f 1010 39 2015
f 2014 2015 507
f 1010 2015 2014
f 39 2021 2015
f 2021 508 2022
f 2015 2022 507
f 2021 2022 2015
f 39 1011 2021
f 1011 38 2020
f 2021 2020 508
f 1011 2020 2021
f 38 2023 2020
f 2023 509 2026
f 2020 2026 508
f 2023 2026 2020
f 38 1014 2023
f 1014 41 2024
f 2023 2024 509
f 1014 2024 2023
f 41 2028 2024
f 2028 510 2029
f 2024 2029 509
f 2028 2029 2024
f 41 1015 2028
f 1015 40 2027
f 2028 2027 510
f 1015 2027 2028
f 40 2030 2027
f 2030 511 2034
f 2027 2034 510
f 2030 2034 2027
f 40 1017 2030
f 1017 43 2031
f 2030 2031 511
f 1017 2031 2030
f 43 2036 2031
f 2036 512 2037
f 2031 2037 511
f 2036 2037 2031
f 43 1018 2036
f 1018 42 2035
f 2036 2035 512
f 1018 2035 2036
f 42 2038 2035
f 2038 513 2041
f 2035 2041 512
f 2038 2041 2035
f 42 1024 2038
f 1024 45 2039
f 2038 2039 513
f 1024 2039 2038
f 45 2043 2039
f 2043 514 2044
f 2039 2044 513
f 2043 2044 2039
f 45 1025 2043
f 1025 44 2042
f 2043 2042 514
f 1025 2042 2043
f 44 2045 2042
f 2045 515 2052
f 2042 2052 514
f 2045 2052 2042
f 44 1027 2045
f 1027 47 2046
f 2045 2046 515
f 1027 2046 2045
f 47 2054 2046
f 2054 516 2055
f 2046 2055 515
f 2054 2055 2046
f 47 1028 2054
f 1028 46 2053
f 2054 2053 516
f 1028 2053 2054
f 46 2056 2053
f 2056 517 2059
f 2053 2059 516
f 2056 2059 2053
f 46 1031 2056
f 1031 49 2057
f 2056 2057 517
f 1031 2057 2056
f 49 2061 2057
f 2061 518 2062
f 2057 2062 517
f 2061 2062 2057
f 49 1032 2061
f 1032 48 2060
f 2061 2060 518
f 1032 2060 2061
f 48 2063 2060
f 2063 519 2067
f 2060 2067 518
f 2063 2067 2060
f 48 1034 2063
f 1034 51 2064
f 2063 2064 519
f 1034 2064 2063
f 51 2069 2064
f 2069 520 2070
f 2064 2070 519
f 2069 2070 2064
f 51 1035 2069
f 1035 50 2068
f 2069 2068 520
f 1035 2068 2069
f 50 2071 2068
f 2071 521 2074
f 2068 2074 520
f 2071 2074 2068
f 50 1039 2071
f 1039 53 2072
f 2071 2072 521
f 1039 2072 2071
f 53 2076 2072
f 2076 522 2077
f 2072 2077 521
f 2076 2077 2072
f 53 1040 2076
f 1040 52 2075
f 2076 2075 522
f 1040 2075 2076
f 52 2078 2075
f 2078 523 2083
f 2075 2083 522
f 2078 2083 2075
f 52 1042 2078
f 1042 55 2079
f 2078 2079 523
f 1042 2079 2078
f 55 2085 2079
f 2085 524 2086
f 2079 2086 523
f 2085 2086 2079
f 55 1043 2085
f 1043 54 2084
f 2085 2084 524
f 1043 2084 2085
f 54 2087 2084
f 2087 525 2090
f 2084 2090 524
f 2087 2090 2084
f 54 1046 2087
f 1046 57 2088
f 2087 2088 525
f 1046 2088 2087
f 57 2092 2088
f 2092 526 2093
f 2088 2093 525
f 2092 2093 2088
f 57 1047 2092
f 1047 56 2091
f 2092 2091 526
f 1047 2091 2092
f 56 2094 2091
f 2094 527 2098
f 2091 2098 526
f 2094 2098 2091
f 56 1049 2094
f 1049 59 2095
f 2094 2095 527
f 1049 2095 2094
f 59 2100 2095
f 2100 528 2101
f 2095 2101 527
f 2100 2101 2095
f 59 1050 2100
f 1050 58 2099
f 2100 2099 528
f 1050 2099 2100
f 58 2102 2099
f 2102 529 2105
f 2099 2105 528
f 2102 2105 2099
f 58 1055 2102
f 1055 61 2103
f 2102 2103 529
f 1055 2103 2102
f 61 2107 2103
f 2107 530 2108
f 2103 2108 529
f 2107 2108 2103
f 61 1056 2107
f 1056 60 2106
f 2107 2106 530
f 1056 2106 2107
f 60 2109 2106
f 2109 531 2115
f 2106 2115 530
f 2109 2115 2106
f 60 1058 2109
f 1058 63 2110
f 2109 2110 531
f 1058 2110 2109
f 63 2117 2110
f 2117 532 2118
f 2110 2118 531
f 2117 2118 2110
f 63 1059 2117
f 1059 62 2116
f 2117 2116 532
f 1059 2116 2117
f 62 2119 2116
f 2119 533 2122
f 2116 2122 532
f 2119 2122 2116
f 62 1062 2119
f 1062 65 2120
f 2119 2120 533
f 1062 2120 2119
f 65 2124 2120
f 2124 534 2125
f 2120 2125 533
f 2124 2125 2120
f 65 1063 2124
f 1063 64 2123
f 2124 2123 534
f 1063 2123 2124
f 64 2126 2123
f 2126 535 2130
f 2123 2130 534
f 2126 2130 2123
f 64 1065 2126
f 1065 67 2127
f 2126 2127 535
f 1065 2127 2126
f 67 2132 2127
f 2132 536 2133
f 2127 2133 535
f 2132 2133 2127
f 67 1066 2132
f 1066 66 2131
f 2132 2131 536
f 1066 2131 2132
f 66 2134 2131
f 2134 537 2137
f 2131 2137 536
f 2134 2137 2131
f 66 1070 2134
f 1070 69 2135
f 2134 2135 537
f 1070 2135 2134
f 69 2139 2135
f 2139 538 2140
f 2135 2140 537
f 2139 2140 2135
f 69 1071 2139
f 1071 68 2138
f 2139 2138 538
f 1071 2138 2139
f 68 2141 2138
f 2141 539 2146
f 2138 2146 538
f 2141 2146 2138
f 68 1073 2141
f 1073 71 2142
f 2141 2142 539
f 1073 2142 2141
f 71 2148 2142
f 2148 540 2149
f 2142 2149 539
f 2148 2149 2142
f 71 1074 2148
f 1074 70 2147
f 2148 2147 540
f 1074 2147 2148
f 70 2150 2147
f 2150 541 2153
f 2147 2153 540
f 2150 2153 2147
f 70 1077 2150
f 1077 73 2151
f 2150 2151 541
f 1077 2151 2150
f 73 2155 2151
f 2155 542 2156
f 2151 2156 541
f 2155 2156 2151
f 73 1078 2155
f 1078 72 2154
f 2155 2154 542
f 1078 2154 2155
f 72 2157 2154
f 2157 543 2161
f 2154 2161 542
f 2157 2161 2154
f 72 1080 2157
f 1080 75 2158
f 2157 2158 543
f 1080 2158 2157
f 75 2163 2158
f 2163 544 2164
f 2158 2164 543
f 2163 2164 2158
f 75 1081 2163
f 1081 74 2162
f 2163 2162 544
f 1081 2162 2163
f 74 2165 2162
f 2165 545 2168
f 2162 2168 544
f 2165 2168 2162
f 74 1087 2165
f 1087 77 2166
f 2165 2166 545
f 1087 2166 2165
f 77 2170 2166
f 2170 546 2171
f 2166 2171 545
f 2170 2171 2166
f 77 1088 2170
f 1088 76 2169
f 2170 2169 546
f 1088 2169 2170
f 76 2172 2169
f 2172 547 2179
f 2169 2179 546
f 2172 2179 2169
f 76 1090 2172
f 1090 79 2173
f 2172 2173 547
f 1090 2173 2172
f 79 2181 2173
f 2181 548 2182
f 2173 2182 547
f 2181 2182 2173
f 79 1091 2181
f 1091 78 2180
f 2181 2180 548
f 1091 2180 2181
f 78 2183 2180
f 2183 549 2186
f 2180 2186 548
f 2183 2186 2180
f 78 1094 2183
f 1094 81 2184
f 2183 2184 549
f 1094 2184 2183
f 81 2188 2184
f 2188 550 2189
f 2184 2189 549
f 2188 2189 2184
f 81 1095 2188
f 1095 80 2187
f 2188 2187 550
f 1095 2187 2188
f 80 2190 2187
f 2190 551 2194
f 2187 2194 550
f 2190 2194 2187
f 80 1097 2190
f 1097 83 2191
f 2190 2191 551
f 1097 2191 2190
f 83 2196 2191
f 2196 552 2197
f 2191 2197 551
f 2196 2197 2191
f 83 1098 2196
f 1098 82 2195
f 2196 2195 552
f 1098 2195 2196
f 82 2198 2195
f 2198 553 2201
f 2195 2201 552
f 2198 2201 2195
f 82 1102 2198
f 1102 85 2199
f 2198 2199 553
f 1102 2199 2198
f 85 2203 2199
f 2203 554 2204
f 2199 2204 553
f 2203 2204 2199
f 85 1103 2203
f 1103 84 2202
f 2203 2202 554
f 1103 2202 2203
f 84 2205 2202
f 2205 555 2210
f 2202 2210 554
f 2205 2210 2202
f 84 1105 2205
f 1105 87 2206
f 2205 2206 555
f 1105 2206 2205
f 87 2212 2206
f 2212 556 2213
f 2206 2213 555
f 2212 2213 2206
f 87 1106 2212
f 1106 86 2211
f 2212 2211 556
f 1106 2211 2212
f 86 2214 2211
f 2214 557 2217
f 2211 2217 556
f 2214 2217 2211
f 86 1109 2214
f 1109 89 2215
f 2214 2215 557
f 1109 2215 2214
f 89 2219 2215
f 2219 558 2220
f 2215 2220 557
f 2219 2220 2215
f 89 1110 2219
f 1110 88 2218
f 2219 2218 558
f 1110 2218 2219
f 88 2221 2218
f 2221 559 2225
f 2218 2225 558
f 2221 2225 2218
f 88 1112 2221
f 1112 91 2222
f 2221 2222 559
f 1112 2222 2221
f 91 2227 2222
f 2227 560 2228
f 2222 2228 559
f 2227 2228 2222
f 91 1113 2227
f 1113 90 2226
f 2227 2226 560
f 1113 2226 2227
f 90 2229 2226
f 2229 561 2232
f 2226 2232 560
f 2229 2232 2226
f 90 1118 2229
f 1118 93 2230
f 2229 2230 561
f 1118 2230 2229
f 93 2234 2230
f 2234 562 2235
f 2230 2235 561
f 2234 2235 2230
f 93 1119 2234
f 1119 92 2233
f 2234 2233 562
f 1119 2233 2234
f 92 2236 2233
f 2236 563 2242
f 2233 2242 562
f 2236 2242 2233
f 92 1121 2236
f 1121 95 2237
f 2236 2237 563
f 1121 2237 2236
f 95 2244 2237
f 2244 564 2245
f 2237 2245 563
f 2244 2245 2237
f 95 1122 2244
f 1122 94 2243
f 2244 2243 564
f 1122 2243 2244
f 94 2246 2243
f 2246 565 2249
f 2243 2249 564
f 2246 2249 2243
f 94 1125 2246
f 1125 97 2247
f 2246 2247 565
f 1125 2247 2246
f 97 2251 2247
f 2251 566 2252
f 2247 2252 565
f 2251 2252 2247
f 97 1126 2251
f 1126 96 2250
f 2251 2250 566
f 1126 2250 2251
f 96 2253 2250
f 2253 567 2257
f 2250 2257 566
f 2253 2257 2250
f 96 1128 2253
f 1128 99 2254
f 2253 2254 567
f 1128 2254 2253
f 99 2259 2254
f 2259 568 2260
f 2254 2260 567
f 2259 2260 2254
f 99 1129 2259
f 1129 98 2258
f 2259 2258 568
f 1129 2258 2259
f 98 2261 2258
f 2261 569 2264
f 2258 2264 568
f 2261 2264 2258
f 98 1133 2261
f 1133 101 2262
f 2261 2262 569
f 1133 2262 2261
f 101 2266 2262
f 2266 570 2267
f 2262 2267 569
f 2266 2267 2262
f 101 1134 2266
f 1134 100 2265
f 2266 2265 570
f 1134 2265 2266
f 100 2268 2265
f 2268 571 2273
f 2265 2273 570
f 2268 2273 2265
f 100 1136 2268
f 1136 103 2269
f 2268 2269 571
f 1136 2269 2268
f 103 2275 2269
f 2275 572 2276
f 2269 2276 571
f 2275 2276 2269
f 103 1137 2275
f 1137 102 2274
f 2275 2274 572
f 1137 2274 2275
f 102 2277 2274
f 2277 573 2280
f 2274 2280 572
f 2277 2280 2274
f 102 1140 2277
f 1140 105 2278
f 2277 2278 573
f 1140 2278 2277
f 105 2282 2278
f 2282 574 2283
f 2278 2283 573
f 2282 2283 2278
f 105 1141 2282
f 1141 104 2281
f 2282 2281 574
f 1141 2281 2282
f 104 2284 2281
f 2284 575 2288
f 2281 2288 574
f 2284 2288 2281
f 104 1143 2284
f 1143 107 2285
f 2284 2285 575
f 1143 2285 2284
f 107 2290 2285
f 2290 576 2291
f 2285 2291 575
f 2290 2291 2285
f 107 1144 2290
f 1144 106 2289
f 2290 2289 576
f 1144 2289 2290
f 106 2292 2289
f 2292 577 2295
f 2289 2295 576
f 2292 2295 2289
f 106 1151 2292
f 1151 109 2293
f 2292 2293 577
f 1151 2293 2292
f 109 2297 2293
f 2297 578 2298
f 2293 2298 577
f 2297 2298 2293
f 109 1152 2297
f 1152 108 2296
f 2297 2296 578
f 1152 2296 2297
f 108 2299 2296
f 2299 579 2307
f 2296 2307 578
f 2299 2307 2296
f 108 1154 2299
f 1154 111 2300
f 2299 2300 579
f 1154 2300 2299
f 111 2309 2300
f 2309 580 2310
f 2300 2310 579
f 2309 2310 2300
f 111 1155 2309
f 1155 110 2308
f 2309 2308 580
f 1155 2308 2309
f 110 2311 2308
f 2311 581 2314
f 2308 2314 580
f 2311 2314 2308
f 110 1158 2311
f 1158 113 2312
f 2311 2312 581
f 1158 2312 2311
f 113 2316 2312
f 2316 582 2317
f 2312 2317 581
f 2316 2317 2312
f 113 1159 2316
f 1159 112 2315
f 2316 2315 582
f 1159 2315 2316
f 112 2318 2315
f 2318 583 2322
f 2315 2322 582
f 2318 2322 2315
f 112 1161 2318
f 1161 115 2319
f 2318 2319 583
f 1161 2319 2318
f 115 2324 2319
f 2324 584 2325
f 2319 2325 583
f 2324 2325 2319
f 115 1162 2324
f 1162 114 2323
f 2324 2323 584
f 1162 2323 2324
f 114 2326 2323
f 2326 585 2329
f 2323 2329 584
f 2326 2329 2323
f 114 1166 2326
f 1166 117 2327
f 2326 2327 585
f 1166 2327 2326
f 117 2331 2327
f 2331 586 2332
f 2327 2332 585
f 2331 2332 2327
f 117 1167 2331
f 1167 116 2330
f 2331 2330 586
f 1167 2330 2331
f 116 2333 2330
f 2333 587 2338
f 2330 2338 586
f 2333 2338 2330
f 116 1169 2333
f 1169 119 2334
f 2333 2334 587
f 1169 2334 2333
f 119 2340 2334
f 2340 588 2341
f 2334 2341 587
f 2340 2341 2334
f 119 1170 2340
f 1170 118 2339
f 2340 2339 588
f 1170 2339 2340
f 118 2342 2339
f 2342 589 2345
f 2339 2345 588
f 2342 2345 2339
f 118 1173 2342
f 1173 121 2343
f 2342 2343 589
f 1173 2343 2342
f 121 2347 2343
f 2347 590 2348
f 2343 2348 589
f 2347 2348 2343
f 121 1174 2347
f 1174 120 2346
f 2347 2346 590
f 1174 2346 2347
f 120 2349 2346
f 2349 591 2353
f 2346 2353 590
f 2349 2353 2346
f 120 1176 2349
f 1176 123 2350
f 2349 2350 591
f 1176 2350 2349
f 123 2355 2350
f 2355 592 2356
f 2350 2356 591
f 2355 2356 2350
f 123 1177 2355
f 1177 122 2354
f 2355 2354 592
f 1177 2354 2355
f 122 2357 2354
f 2357 593 2360
f 2354 2360 592
f 2357 2360 2354
f 122 1182 2357
f 1182 125 2358
f 2357 2358 593
f 1182 2358 2357
f 125 2362 2358
f 2362 594 2363
f 2358 2363 593
f 2362 2363 2358
f 125 1183 2362
f 1183 124 2361
f 2362 2361 594
f 1183 2361 2362
f 124 2364 2361
f 2364 595 2370
f 2361 2370 594
f 2364 2370 2361
f 124 1185 2364
f 1185 127 2365
f 2364 2365 595
f 1185 2365 2364
f 127 2372 2365
f 2372 596 2373
f 2365 2373 595
f 2372 2373 2365
f 127 1186 2372
f 1186 126 2371
f 2372 2371 596
f 1186 2371 2372
f 126 2374 2371
f 2374 597 2377
f 2371 2377 596
f 2374 2377 2371
f 126 1189 2374
f 1189 129 2375
f 2374 2375 597
f 1189 2375 2374
f 129 2379 2375
f 2379 598 2380
f 2375 2380 597
f 2379 2380 2375
f 129 1190 2379
f 1190 128 2378
f 2379 2378 598
f 1190 2378 2379
f 128 2381 2378
f 2381 599 2385
f 2378 2385 598
f 2381 2385 2378
f 128 1192 2381
f 1192 131 2382
f 2381 2382 599
f 1192 2382 2381
f 131 2387 2382
f 2387 600 2388
f 2382 2388 599
f 2387 2388 2382
f 131 1193 2387
f 1193 130 2386
f 2387 2386 600
f 1193 2386 2387
f 130 2389 2386
f 2389 601 2392
f 2386 2392 600
f 2389 2392 2386
f 130 1197 2389
f 1197 133 2390
f 2389 2390 601
f 1197 2390 2389
f 133 2394 2390
f 2394 602 2395
f 2390 2395 601
f 2394 2395 2390
f 133 1198 2394
f 1198 132 2393
f 2394 2393 602
f 1198 2393 2394
f 132 2396 2393
f 2396 603 2401
f 2393 2401 602
f 2396 2401 2393
f 132 1200 2396
f 1200 135 2397
f 2396 2397 603
f 1200 2397 2396
f 135 2403 2397
f 2403 604 2404
f 2397 2404 603
f 2403 2404 2397
f 135 1201 2403
f 1201 134 2402
f 2403 2402 604
f 1201 2402 2403
f 134 2405 2402
f 2405 605 2408
f 2402 2408 604
f 2405 2408 2402
f 134 1204 2405
f 1204 137 2406
f 2405 2406 605
f 1204 2406 2405
f 137 2410 2406
f 2410 606 2411
f 2406 2411 605
f 2410 2411 2406
f 137 1205 2410
f 1205 136 2409
f 2410 2409 606
f 1205 2409 2410
f 136 2412 2409
f 2412 607 2416
f 2409 2416 606
f 2412 2416 2409
f 136 1207 2412
f 1207 139 2413
f 2412 2413 607
f 1207 2413 2412
f 139 2418 2413
f 2418 608 2419
f 2413 2419 607
f 2418 2419 2413
f 139 1208 2418
f 1208 138 2417
f 2418 2417 608
f 1208 2417 2418
f 138 2420 2417
f 2420 609 2423
f 2417 2423 608
f 2420 2423 2417
f 138 1214 2420
f 1214 141 2421
f 2420 2421 609
f 1214 2421 2420
f 141 2425 2421
f 2425 610 2426
f 2421 2426 609
f 2425 2426 2421
f 141 1215 2425
f 1215 140 2424
f 2425 2424 610
f 1215 2424 2425
f 140 2427 2424
f 2427 611 2434
f 2424 2434 610
f 2427 2434 2424
f 140 1217 2427
f 1217 143 2428
f 2427 2428 611
f 1217 2428 2427
f 143 2436 2428
f 2436 612 2437
f 2428 2437 611
f 2436 2437 2428
f 143 1218 2436
f 1218 142 2435
f 2436 2435 612
f 1218 2435 2436
f 142 2438 2435
f 2438 613 2441
f 2435 2441 612
f 2438 2441 2435
f 142 1221 2438
f 1221 145 2439
f 2438 2439 613
f 1221 2439 2438
f 145 2443 2439
f 2443 614 2444
f 2439 2444 613
f 2443 2444 2439
f 145 1222 2443
f 1222 144 2442
f 2443 2442 614
f 1222 2442 2443
f 144 2445 2442
f 2445 615 2449
f 2442 2449 614
f 2445 2449 2442
f 144 1224 2445
f 1224 147 2446
f 2445 2446 615
f 1224 2446 2445
f 147 2451 2446
f 2451 616 2452
f 2446 2452 615
f 2451 2452 2446
f 147 1225 2451
f 1225 146 2450
f 2451 2450 616
f 1225 2450 2451
f 146 2453 2450
f 2453 617 2456
f 2450 2456 616
f 2453 2456 2450
f 146 1229 2453
f 1229 149 2454
f 2453 2454 617
f 1229 2454 2453
f 149 2458 2454
f 2458 618 2459
f 2454 2459 617
f 2458 2459 2454
f 149 1230 2458
f 1230 148 2457
f 2458 2457 618
f 1230 2457 2458
f 148 2460 2457
f 2460 619 2465
f 2457 2465 618
f 2460 2465 2457
f 148 1232 2460
f 1232 151 2461
f 2460 2461 619
f 1232 2461 2460
f 151 2467 2461
f 2467 620 2468
f 2461 2468 619
f 2467 2468 2461
f 151 1233 2467
f 1233 150 2466
f 2467 2466 620
f 1233 2466 2467
f 150 2469 2466
f 2469 621 2472
f 2466 2472 620
f 2469 2472 2466
f 150 1236 2469
f 1236 153 2470
f 2469 2470 621
f 1236 2470 2469
f 153 2474 2470
f 2474 622 2475
f 2470 2475 621
f 2474 2475 2470
f 153 1237 2474
f 1237 152 2473
f 2474 2473 622
f 1237 2473 2474
f 152 2476 2473
f 2476 623 2480
f 2473 2480 622
f 2476 2480 2473
f 152 1239 2476
f 1239 155 2477
f 2476 2477 623
f 1239 2477 2476
f 155 2482 2477
f 2482 624 2483
f 2477 2483 623
f 2482 2483 2477
f 155 1240 2482
f 1240 154 2481
f 2482 2481 624
f 1240 2481 2482
f 154 2484 2481
f 2484 625 2487
f 2481 2487 624
f 2484 2487 2481
f 154 1245 2484
f 1245 157 2485
f 2484 2485 625
f 1245 2485 2484
f 157 2489 2485
f 2489 626 2490
f 2485 2490 625
f 2489 2490 2485
f 157 1246 2489
f 1246 156 2488
f 2489 2488 626
f 1246 2488 2489
f 156 2491 2488
f 2491 627 2497
f 2488 2497 626
f 2491 2497 2488
f 156 1248 2491
f 1248 159 2492
f 2491 2492 627
f 1248 2492 2491
f 159 2499 2492
f 2499 628 2500
f 2492 2500 627
f 2499 2500 2492
f 159 1249 2499
f 1249 158 2498
f 2499 2498 628
f 1249 2498 2499
f 158 2501 2498
f 2501 629 2504
f 2498 2504 628
f 2501 2504 2498
f 158 1563 2501
f 1563 319 2502
f 2501 2502 629
f 1563 2502 2501
f 319 3133 2502
f 3133 789 3138
f 2502 3138 629
f 3133 3138 2502
f 319 1587 3133
f 1587 329 3134
f 3133 3134 789
f 1587 3134 3133
f 329 3179 3134
f 3179 799 3182
f 3134 3182 789
f 3179 3182 3134
f 329 1595 3179
f 1595 333 3180
f 3179 3180 799
f 1595 3180 3179
f 333 3195 3180
f 3195 803 3198
f 3180 3198 799
f 3195 3198 3180
f 333 1603 3195
f 1603 337 3196
f 3195 3196 803
f 1603 3196 3195
f 337 3211 3196
f 3211 807 3214
f 3196 3214 803
f 3211 3214 3196
f 337 1612 3211
f 1612 341 3212
f 3211 3212 807
f 1612 3212 3211
f 341 3228 3212
f 3228 811 3231
f 3212 3231 807
f 3228 3231 3212
f 341 1618 3228
f 1618 344 3229
f 3228 3229 811
f 1618 3229 3228
f 344 3240 3229
f 3240 814 3243
f 3229 3243 811
f 3240 3243 3229
f 344 1626 3240
f 1626 348 3241
f 3240 3241 814
f 1626 3241 3240
f 348 3256 3241
f 3256 818 3259
f 3241 3259 814
f 3256 3259 3241
f 348 1634 3256
f 1634 352 3257
f 3256 3257 818
f 1634 3257 3256
f 352 3272 3257
f 3272 822 3275
f 3257 3275 818
f 3272 3275 3257
f 352 1642 3272
f 1642 356 3273
f 3272 3273 822
f 1642 3273 3272
f 356 3288 3273
f 3288 826 3291
f 3273 3291 822
f 3288 3291 3273
f 356 1650 3288
f 1650 360 3289
f 3288 3289 826
f 1650 3289 3288
f 360 3304 3289
f 3304 830 3307
f 3289 3307 826
f 3304 3307 3289
f 360 1659 3304
f 1659 364 3305
f 3304 3305 830
f 1659 3305 3304
f 364 3321 3305
f 3321 834 3324
f 3305 3324 830
f 3321 3324 3305
f 364 1665 3321
f 1665 367 3322
f 3321 3322 834
f 1665 3322 3321
f 367 3333 3322
f 3333 837 3336
f 3322 3336 834
f 3333 3336 3322
f 367 1673 3333
f 1673 371 3334
f 3333 3334 837
f 1673 3334 3333
f 371 3349 3334
f 3349 841 3352
f 3334 3352 837
f 3349 3352 3334
f 371 1682 3349
f 1682 375 3350
f 3349 3350 841
f 1682 3350 3349
f 375 3365 3350
f 3365 845 3369
f 3350 3369 841
f 3365 3369 3350
f 375 1850 3365
f 1850 457 3366
f 3365 3366 845
f 1850 3366 3365
f 457 3698 3366
f 3698 927 3701
f 3366 3701 845
f 3698 3701 3366
f 457 1854 3698
f 1854 459 3699
f 3698 3699 927
f 1854 3699 3698
f 459 3706 3699
f 3706 929 3709
f 3699 3709 927
f 3706 3709 3699
f 459 1858 3706
f 1858 461 3707
f 3706 3707 929
f 1858 3707 3706
f 461 3714 3707
f 3714 931 3717
f 3707 3717 929
f 3714 3717 3707
f 461 1862 3714
f 1862 463 3715
f 3714 3715 931
f 1862 3715 3714
f 463 3722 3715
f 3722 933 3725
f 3715 3725 931
f 3722 3725 3715
f 463 1866 3722
f 1866 465 3723
f 3722 3723 933
f 1866 3723 3722
f 465 3730 3723
f 3730 935 3733
f 3723 3733 933
f 3730 3733 3723
f 465 1870 3730
f 1870 467 3731
f 3730 3731 935
f 1870 3731 3730
f 467 3738 3731
f 3738 937 3741
f 3731 3741 935
f 3738 3741 3731
f 467 1874 3738
f 1874 469 3739
f 3738 3739 937
f 1874 3739 3738
f 469 3746 3739
f 3746 939 3749
f 3739 3749 937
f 3746 3749 3739
f 469 1877 3746
f 1877 470 3747
f 3746 3747 939
f 1877 3747 3746
f 470 3751 3747
f 3751 940 3754
f 3747 3754 939
f 3751 3754 3747
f 470 1876 3751
f 1876 468 3750
f 3751 3750 940
f 1876 3750 3751
f 468 3743 3750
f 3743 938 3753
f 3750 3753 940
f 3743 3753 3750
f 468 1872 3743
f 1872 466 3742
f 3743 3742 938
f 1872 3742 3743
f 466 3735 3742
f 3735 936 3745
f 3742 3745 938
f 3735 3745 3742
f 466 1868 3735
f 1868 464 3734
f 3735 3734 936
f 1868 3734 3735
f 464 3727 3734
f 3727 934 3737
f 3734 3737 936
f 3727 3737 3734
f 464 1864 3727
f 1864 462 3726
f 3727 3726 934
f 1864 3726 3727
f 462 3719 3726
f 3719 932 3729
f 3726 3729 934
f 3719 3729 3726
f 462 1860 3719
f 1860 460 3718
f 3719 3718 932
f 1860 3718 3719
f 460 3711 3718
f 3711 930 3721
f 3718 3721 932
f 3711 3721 3718
f 460 1856 3711
f 1856 458 3710
f 3711 3710 930
f 1856 3710 3711
f 458 3703 3710
f 3703 928 3713
f 3710 3713 930
f 3703 3713 3710
f 458 1852 3703
f 1852 456 3702
f 3703 3702 928
f 1852 3702 3703
f 456 3695 3702
f 3695 926 3705
f 3702 3705 928
f 3695 3705 3702
f 456 1848 3695
f 1848 455 3694
f 3695 3694 926
f 1848 3694 3695
f 455 3691 3694
f 3691 925 3697
f 3694 3697 926
f 3691 3697 3694
f 455 1846 3691
f 1846 454 3690
f 3691 3690 925
f 1846 3690 3691
f 454 3687 3690
f 3687 924 3693
f 3690 3693 925
f 3687 3693 3690
f 454 1844 3687
f 1844 452 3686
f 3687 3686 924
f 1844 3686 3687
f 452 3678 3686
f 3678 922 3689
f 3686 3689 924
f 3678 3689 3686
f 452 1839 3678
f 1839 450 3677
f 3678 3677 922
f 1839 3677 3678
f 450 3670 3677
f 3670 920 3680
f 3677 3680 922
f 3670 3680 3677
f 450 1835 3670
f 1835 448 3669
f 3670 3669 920
f 1835 3669 3670
f 448 3662 3669
f 3662 918 3672
f 3669 3672 920
f 3662 3672 3669
f 448 1831 3662
f 1831 446 3661
f 3662 3661 918
f 1831 3661 3662
f 446 3654 3661
f 3654 916 3664
f 3661 3664 918
f 3654 3664 3661
f 446 1827 3654
f 1827 444 3653
f 3654 3653 916
f 1827 3653 3654
f 444 3646 3653
f 3646 914 3656
f 3653 3656 916
f 3646 3656 3653
f 444 1823 3646
f 1823 442 3645
f 3646 3645 914
f 1823 3645 3646
f 442 3638 3645
f 3638 912 3648
f 3645 3648 914
f 3638 3648 3645
f 442 1819 3638
f 1819 440 3637
f 3638 3637 912
f 1819 3637 3638
f 440 3630 3637
f 3630 910 3640
f 3637 3640 912
f 3630 3640 3637
f 440 1815 3630
f 1815 439 3629
f 3630 3629 910
f 1815 3629 3630
f 439 3626 3629
f 3626 909 3632
f 3629 3632 910
f 3626 3632 3629
f 439 1813 3626
f 1813 437 3625
f 3626 3625 909
f 1813 3625 3626
f 437 3617 3625
f 3617 907 3628
f 3625 3628 909
f 3617 3628 3625
f 437 1808 3617
f 1808 435 3616
f 3617 3616 907
f 1808 3616 3617
f 435 3609 3616
f 3609 905 3619
f 3616 3619 907
f 3609 3619 3616
f 435 1804 3609
f 1804 433 3608
f 3609 3608 905
f 1804 3608 3609
f 433 3601 3608
f 3601 903 3611
f 3608 3611 905
f 3601 3611 3608
f 433 1800 3601
f 1800 431 3600
f 3601 3600 903
f 1800 3600 3601
f 431 3593 3600
f 3593 901 3603
f 3600 3603 903
f 3593 3603 3600
f 431 1796 3593
f 1796 428 3592
f 3593 3592 901
f 1796 3592 3593
f 428 3580 3592
f 3580 898 3595
f 3592 3595 901
f 3580 3595 3592
f 428 1790 3580
f 1790 426 3579
f 3580 3579 898
f 1790 3579 3580
f 426 3572 3579
f 3572 896 3583
f 3579 3583 898
f 3572 3583 3579
f 426 1785 3572
f 1785 424 3571
f 3572 3571 896
f 1785 3571 3572
f 424 3564 3571
f 3564 894 3574
f 3571 3574 896
f 3564 3574 3571
f 424 1781 3564
f 1781 422 3563
f 3564 3563 894
f 1781 3563 3564
f 422 3556 3563
f 3556 892 3566
f 3563 3566 894
f 3556 3566 3563
f 422 1777 3556
f 1777 420 3555
f 3556 3555 892
f 1777 3555 3556
f 420 3548 3555
f 3548 890 3558
f 3555 3558 892
f 3548 3558 3555
f 420 1773 3548
f 1773 418 3547
f 3548 3547 890
f 1773 3547 3548
f 418 3540 3547
f 3540 888 3550
f 3547 3550 890
f 3540 3550 3547
f 418 1769 3540
f 1769 416 3539
f 3540 3539 888
f 1769 3539 3540
f 416 3532 3539
f 3532 886 3542
f 3539 3542 888
f 3532 3542 3539
f 416 1765 3532
f 1765 414 3531
f 3532 3531 886
f 1765 3531 3532
f 414 3524 3531
f 3524 884 3534
f 3531 3534 886
f 3524 3534 3531
f 414 1761 3524
f 1761 412 3523
f 3524 3523 884
f 1761 3523 3524
f 412 3516 3523
f 3516 882 3526
f 3523 3526 884
f 3516 3526 3523
f 412 1757 3516
f 1757 410 3515
f 3516 3515 882
f 1757 3515 3516
f 410 3508 3515
f 3508 880 3518
f 3515 3518 882
f 3508 3518 3515
f 410 1753 3508
f 1753 408 3507
f 3508 3507 880
f 1753 3507 3508
f 408 3500 3507
f 3500 878 3510
f 3507 3510 880
f 3500 3510 3507
f 408 1749 3500
f 1749 406 3499
f 3500 3499 878
f 1749 3499 3500
f 406 3492 3499
f 3492 876 3502
f 3499 3502 878
f 3492 3502 3499
f 406 1745 3492
f 1745 404 3491
f 3492 3491 876
f 1745 3491 3492
f 404 3484 3491
f 3484 874 3494
f 3491 3494 876
f 3484 3494 3491
f 404 1741 3484
f 1741 402 3483
f 3484 3483 874
f 1741 3483 3484
f 402 3476 3483
f 3476 872 3486
f 3483 3486 874
f 3476 3486 3483
f 402 1737 3476
f 1737 400 3475
f 3476 3475 872
f 1737 3475 3476
f 400 3468 3475
f 3468 870 3478
f 3475 3478 872
f 3468 3478 3475
f 400 1733 3468
f 1733 397 3467
f 3468 3467 870
f 1733 3467 3468
f 397 3455 3467
f 3455 867 3470
f 3467 3470 870
f 3455 3470 3467
f 397 1726 3455
f 1726 394 3454
f 3455 3454 867
f 1726 3454 3455
f 394 3443 3454
f 3443 864 3457
f 3454 3457 867
f 3443 3457 3454
f 394 1720 3443
f 1720 391 3442
f 3443 3442 864
f 1720 3442 3443
f 391 3431 3442
f 3431 861 3445
f 3442 3445 864
f 3431 3445 3442
f 391 1714 3431
f 1714 388 3430
f 3431 3430 861
f 1714 3430 3431
f 388 3419 3430
f 3419 858 3433
f 3430 3433 861
f 3419 3433 3430
f 388 1708 3419
f 1708 385 3418
f 3419 3418 858
f 1708 3418 3419
f 385 3407 3418
f 3407 855 3421
f 3418 3421 858
f 3407 3421 3418
f 385 1702 3407
f 1702 382 3406
f 3407 3406 855
f 1702 3406 3407
f 382 3395 3406
f 3395 852 3409
f 3406 3409 855
f 3395 3409 3406
f 382 1696 3395
f 1696 379 3394
f 3395 3394 852
f 1696 3394 3395
f 379 3383 3394
f 3383 849 3397
f 3394 3397 852
f 3383 3397 3394
f 379 1690 3383
f 1690 376 3382
f 3383 3382 849
f 1690 3382 3383
f 376 3371 3382
f 3371 846 3385
f 3382 3385 849
f 3371 3385 3382
f 376 1684 3371
f 1684 372 3370
f 3371 3370 846
f 1684 3370 3371
f 372 3354 3370
f 3354 842 3373
f 3370 3373 846
f 3354 3373 3370
f 372 1675 3354
f 1675 368 3353
f 3354 3353 842
f 1675 3353 3354
f 368 3338 3353
f 3338 838 3356
f 3353 3356 842
f 3338 3356 3353
f 368 1667 3338
f 1667 365 3337
f 3338 3337 838
f 1667 3337 3338
f 365 3326 3337
f 3326 835 3340
f 3337 3340 838
f 3326 3340 3337
f 365 1661 3326
f 1661 361 3325
f 3326 3325 835
f 1661 3325 3326
f 361 3309 3325
f 3309 831 3328
f 3325 3328 835
f 3309 3328 3325
f 361 1652 3309
f 1652 357 3308
f 3309 3308 831
f 1652 3308 3309
f 357 3293 3308
f 3293 827 3311
f 3308 3311 831
f 3293 3311 3308
f 357 1644 3293
f 1644 353 3292
f 3293 3292 827
f 1644 3292 3293
f 353 3277 3292
f 3277 823 3295
f 3292 3295 827
f 3277 3295 3292
f 353 1636 3277
f 1636 349 3276
f 3277 3276 823
f 1636 3276 3277
f 349 3261 3276
f 3261 819 3279
f 3276 3279 823
f 3261 3279 3276
f 349 1628 3261
f 1628 345 3260
f 3261 3260 819
f 1628 3260 3261
f 345 3245 3260
f 3245 815 3263
f 3260 3263 819
f 3245 3263 3260
f 345 1620 3245
f 1620 338 3244
f 3245 3244 815
f 1620 3244 3245
f 338 3216 3244
f 3216 808 3247
f 3244 3247 815
f 3216 3247 3244
f 338 1606 3216
f 1606 334 3215
f 3216 3215 808
f 1606 3215 3216
f 334 3200 3215
f 3200 804 3219
f 3215 3219 808
f 3200 3219 3215
f 334 1597 3200
f 1597 330 3199
f 3200 3199 804
f 1597 3199 3200
f 330 3184 3199
f 3184 800 3202
f 3199 3202 804
f 3184 3202 3199
f 330 1589 3184
f 1589 326 3183
f 3184 3183 800
f 1589 3183 3184
f 326 3168 3183
f 3168 796 3186
f 3183 3186 800
f 3168 3186 3183
f 326 1581 3168
f 1581 325 3167
f 3168 3167 796
f 1581 3167 3168
f 325 3164 3167
f 3164 795 3170
f 3167 3170 796
f 3164 3170 3167
f 325 1579 3164
f 1579 322 3163
f 3164 3163 795
f 1579 3163 3164
f 322 3150 3163
f 3150 792 3166
f 3163 3166 795
f 3150 3166 3163
f 322 1571 3150
f 1571 320 3149
f 3150 3149 792
f 1571 3149 3150
f 320 3140 3149
f 3140 790 3152
f 3149 3152 792
f 3140 3152 3149
f 320 1565 3140
f 1565 162 3139
f 3140 3139 790
f 1565 3139 3140
f 162 2506 3139
f 2506 630 3141
f 3139 3141 790
f 2506 3141 3139
f 162 1252 2506
f 1252 161 2505
f 2506 2505 630
f 1252 2505 2506
f 161 2508 2505
f 2508 631 2509
f 2505 2509 630
f 2508 2509 2505
f 161 1250 2508
f 1250 160 2507
f 2508 2507 631
f 1250 2507 2508
f 160 2510 2507
f 2510 632 2513
f 2507 2513 631
f 2510 2513 2507
f 160 1254 2510
f 1254 164 2511
f 2510 2511 632
f 1254 2511 2510
f 164 2515 2511
f 2515 633 2516
f 2511 2516 632
f 2515 2516 2511
f 164 1255 2515
f 1255 163 2514
f 2515 2514 633
f 1255 2514 2515
f 163 2517 2514
f 2517 634 2520
f 2514 2520 633
f 2517 2520 2514
f 163 1258 2517
f 1258 166 2518
f 2517 2518 634
f 1258 2518 2517
f 166 2522 2518
f 2522 635 2523
f 2518 2523 634
f 2522 2523 2518
f 166 1259 2522
f 1259 165 2521
f 2522 2521 635
f 1259 2521 2522
f 165 2524 2521
f 2524 636 2528
f 2521 2528 635
f 2524 2528 2521
f 165 1261 2524
f 1261 168 2525
f 2524 2525 636
f 1261 2525 2524
f 168 2530 2525
f 2530 637 2531
f 2525 2531 636
f 2530 2531 2525
f 168 1262 2530
f 1262 167 2529
f 2530 2529 637
f 1262 2529 2530
f 167 2532 2529
f 2532 638 2535
f 2529 2535 637
f 2532 2535 2529
f 167 1265 2532
f 1265 170 2533
f 2532 2533 638
f 1265 2533 2532
f 170 2537 2533
f 2537 639 2538
f 2533 2538 638
f 2537 2538 2533
f 170 1266 2537
f 1266 169 2536
f 2537 2536 639
f 1266 2536 2537
f 169 2539 2536
f 2539 640 2543
f 2536 2543 639
f 2539 2543 2536
f 169 1268 2539
f 1268 172 2540
f 2539 2540 640
f 1268 2540 2539
f 172 2545 2540
f 2545 641 2546
f 2540 2546 640
f 2545 2546 2540
f 172 1269 2545
f 1269 171 2544
f 2545 2544 641
f 1269 2544 2545
f 171 2547 2544
f 2547 642 2550
f 2544 2550 641
f 2547 2550 2544
f 171 1273 2547
f 1273 174 2548
f 2547 2548 642
f 1273 2548 2547
f 174 2552 2548
f 2552 643 2553
f 2548 2553 642
f 2552 2553 2548
f 174 1274 2552
f 1274 173 2551
f 2552 2551 643
f 1274 2551 2552
f 173 2554 2551
f 2554 644 2559
f 2551 2559 643
f 2554 2559 2551
f 173 1276 2554
f 1276 176 2555
f 2554 2555 644
f 1276 2555 2554
f 176 2561 2555
f 2561 645 2562
f 2555 2562 644
f 2561 2562 2555
f 176 1277 2561
f 1277 175 2560
f 2561 2560 645
f 1277 2560 2561
f 175 2563 2560
f 2563 646 2566
f 2560 2566 645
f 2563 2566 2560
f 175 1280 2563
f 1280 178 2564
f 2563 2564 646
f 1280 2564 2563
f 178 2568 2564
f 2568 647 2569
f 2564 2569 646
f 2568 2569 2564
f 178 1281 2568
f 1281 177 2567
f 2568 2567 647
f 1281 2567 2568
f 177 2570 2567
f 2570 648 2574
f 2567 2574 647
f 2570 2574 2567
f 177 1283 2570
f 1283 180 2571
f 2570 2571 648
f 1283 2571 2570
f 180 2576 2571
f 2576 649 2577
f 2571 2577 648
f 2576 2577 2571
f 180 1284 2576
f 1284 179 2575
f 2576 2575 649
f 1284 2575 2576
f 179 2578 2575
f 2578 650 2581
f 2575 2581 649
f 2578 2581 2575
f 179 1289 2578
f 1289 182 2579
f 2578 2579 650
f 1289 2579 2578
f 182 2583 2579
f 2583 651 2584
f 2579 2584 650
f 2583 2584 2579
f 182 1290 2583
f 1290 181 2582
f 2583 2582 651
f 1290 2582 2583
f 181 2585 2582
f 2585 652 2591
f 2582 2591 651
f 2585 2591 2582
f 181 1292 2585
f 1292 184 2586
f 2585 2586 652
f 1292 2586 2585
f 184 2593 2586
f 2593 653 2594
f 2586 2594 652
f 2593 2594 2586
f 184 1293 2593
f 1293 183 2592
f 2593 2592 653
f 1293 2592 2593
f 183 2595 2592
f 2595 654 2598
f 2592 2598 653
f 2595 2598 2592
f 183 1296 2595
f 1296 186 2596
f 2595 2596 654
f 1296 2596 2595
f 186 2600 2596
f 2600 655 2601
f 2596 2601 654
f 2600 2601 2596
f 186 1297 2600
f 1297 185 2599
f 2600 2599 655
f 1297 2599 2600
f 185 2602 2599
f 2602 656 2606
f 2599 2606 655
f 2602 2606 2599
f 185 1299 2602
f 1299 188 2603
f 2602 2603 656
f 1299 2603 2602
f 188 2608 2603
f 2608 657 2609
f 2603 2609 656
f 2608 2609 2603
f 188 1300 2608
f 1300 187 2607
f 2608 2607 657
f 1300 2607 2608
f 187 2610 2607
f 2610 658 2613
f 2607 2613 657
f 2610 2613 2607
f 187 1304 2610
f 1304 190 2611
f 2610 2611 658
f 1304 2611 2610
f 190 2615 2611
f 2615 659 2616
f 2611 2616 658
f 2615 2616 2611
f 190 1305 2615
f 1305 189 2614
f 2615 2614 659
f 1305 2614 2615
f 189 2617 2614
f 2617 660 2622
f 2614 2622 659
f 2617 2622 2614
f 189 1307 2617
f 1307 192 2618
f 2617 2618 660
f 1307 2618 2617
f 192 2624 2618
f 2624 661 2625
f 2618 2625 660
f 2624 2625 2618
f 192 1308 2624
f 1308 191 2623
f 2624 2623 661
f 1308 2623 2624
f 191 2626 2623
f 2626 662 2629
f 2623 2629 661
f 2626 2629 2623
f 191 1311 2626
f 1311 194 2627
f 2626 2627 662
f 1311 2627 2626
f 194 2631 2627
f 2631 663 2632
f 2627 2632 662
f 2631 2632 2627
f 194 1312 2631
f 1312 193 2630
f 2631 2630 663
f 1312 2630 2631
f 193 2633 2630
f 2633 664 2637
f 2630 2637 663
f 2633 2637 2630
f 193 1314 2633
f 1314 196 2634
f 2633 2634 664
f 1314 2634 2633
f 196 2639 2634
f 2639 665 2640
f 2634 2640 664
f 2639 2640 2634
f 196 1315 2639
f 1315 195 2638
f 2639 2638 665
f 1315 2638 2639
f 195 2641 2638
f 2641 666 2644
f 2638 2644 665
f 2641 2644 2638
f 195 1321 2641
f 1321 198 2642
f 2641 2642 666
f 1321 2642 2641
f 198 2646 2642
f 2646 667 2647
f 2642 2647 666
f 2646 2647 2642
f 198 1322 2646
f 1322 197 2645
f 2646 2645 667
f 1322 2645 2646
f 197 2648 2645
f 2648 668 2655
f 2645 2655 667
f 2648 2655 2645
f 197 1324 2648
f 1324 200 2649
f 2648 2649 668
f 1324 2649 2648
f 200 2657 2649
f 2657 669 2658
f 2649 2658 668
f 2657 2658 2649
f 200 1325 2657
f 1325 199 2656
f 2657 2656 669
f 1325 2656 2657
f 199 2659 2656
f 2659 670 2662
f 2656 2662 669
f 2659 2662 2656
f 199 1328 2659
f 1328 202 2660
f 2659 2660 670
f 1328 2660 2659
f 202 2664 2660
f 2664 671 2665
f 2660 2665 670
f 2664 2665 2660
f 202 1329 2664
f 1329 201 2663
f 2664 2663 671
f 1329 2663 2664
f 201 2666 2663
f 2666 672 2670
f 2663 2670 671
f 2666 2670 2663
f 201 1331 2666
f 1331 204 2667
f 2666 2667 672
f 1331 2667 2666
f 204 2672 2667
f 2672 673 2673
f 2667 2673 672
f 2672 2673 2667
f 204 1332 2672
f 1332 203 2671
f 2672 2671 673
f 1332 2671 2672
f 203 2674 2671
f 2674 674 2677
f 2671 2677 673
f 2674 2677 2671
f 203 1336 2674
f 1336 206 2675
f 2674 2675 674
f 1336 2675 2674
f 206 2679 2675
f 2679 675 2680
f 2675 2680 674
f 2679 2680 2675
f 206 1337 2679
f 1337 205 2678
f 2679 2678 675
f 1337 2678 2679
f 205 2681 2678
f 2681 676 2686
f 2678 2686 675
f 2681 2686 2678
f 205 1339 2681
f 1339 208 2682
f 2681 2682 676
f 1339 2682 2681
f 208 2688 2682
f 2688 677 2689
f 2682 2689 676
f 2688 2689 2682
f 208 1340 2688
f 1340 207 2687
f 2688 2687 677
f 1340 2687 2688
f 207 2690 2687
f 2690 678 2693
f 2687 2693 677
f 2690 2693 2687
f 207 1343 2690
f 1343 210 2691
f 2690 2691 678
f 1343 2691 2690
f 210 2695 2691
f 2695 679 2696
f 2691 2696 678
f 2695 2696 2691
f 210 1344 2695
f 1344 209 2694
f 2695 2694 679
f 1344 2694 2695
f 209 2697 2694
f 2697 680 2701
f 2694 2701 679
f 2697 2701 2694
f 209 1346 2697
f 1346 212 2698
f 2697 2698 680
f 1346 2698 2697
f 212 2703 2698
f 2703 681 2704
f 2698 2704 680
f 2703 2704 2698
f 212 1347 2703
f 1347 211 2702
f 2703 2702 681
f 1347 2702 2703
f 211 2705 2702
f 2705 682 2708
f 2702 2708 681
f 2705 2708 2702
f 211 1352 2705
f 1352 214 2706
f 2705 2706 682
f 1352 2706 2705
f 214 2710 2706
f 2710 683 2711
f 2706 2711 682
f 2710 2711 2706
f 214 1353 2710
f 1353 213 2709
f 2710 2709 683
f 1353 2709 2710
f 213 2712 2709
f 2712 684 2718
f 2709 2718 683
f 2712 2718 2709
f 213 1355 2712
f 1355 216 2713
f 2712 2713 684
f 1355 2713 2712
f 216 2720 2713
f 2720 685 2721
f 2713 2721 684
f 2720 2721 2713
f 216 1356 2720
f 1356 215 2719
f 2720 2719 685
f 1356 2719 2720
f 215 2722 2719
f 2722 686 2725
f 2719 2725 685
f 2722 2725 2719
f 215 1359 2722
f 1359 218 2723
f 2722 2723 686
f 1359 2723 2722
f 218 2727 2723
f 2727 687 2728
f 2723 2728 686
f 2727 2728 2723
f 218 1360 2727
f 1360 217 2726
f 2727 2726 687
f 1360 2726 2727
f 217 2729 2726
f 2729 688 2733
f 2726 2733 687
f 2729 2733 2726
f 217 1362 2729
f 1362 220 2730
f 2729 2730 688
f 1362 2730 2729
f 220 2735 2730
f 2735 689 2736
f 2730 2736 688
f 2735 2736 2730
f 220 1363 2735
f 1363 219 2734
f 2735 2734 689
f 1363 2734 2735
f 219 2737 2734
f 2737 690 2740
f 2734 2740 689
f 2737 2740 2734
f 219 1367 2737
f 1367 222 2738
f 2737 2738 690
f 1367 2738 2737
f 222 2742 2738
f 2742 691 2743
f 2738 2743 690
f 2742 2743 2738
f 222 1368 2742
f 1368 221 2741
f 2742 2741 691
f 1368 2741 2742
f 221 2744 2741
f 2744 692 2749
f 2741 2749 691
f 2744 2749 2741
f 221 1370 2744
f 1370 224 2745
f 2744 2745 692
f 1370 2745 2744
f 224 2751 2745
f 2751 693 2752
f 2745 2752 692
f 2751 2752 2745
f 224 1371 2751
f 1371 223 2750
f 2751 2750 693
f 1371 2750 2751
f 223 2753 2750
f 2753 694 2756
f 2750 2756 693
f 2753 2756 2750
f 223 1374 2753
f 1374 226 2754
f 2753 2754 694
f 1374 2754 2753
f 226 2758 2754
f 2758 695 2759
f 2754 2759 694
f 2758 2759 2754
f 226 1375 2758
f 1375 225 2757
f 2758 2757 695
f 1375 2757 2758
f 225 2760 2757
f 2760 696 2764
f 2757 2764 695
f 2760 2764 2757
f 225 1377 2760
f 1377 228 2761
f 2760 2761 696
f 1377 2761 2760
f 228 2766 2761
f 2766 697 2767
f 2761 2767 696
f 2766 2767 2761
f 228 1378 2766
f 1378 227 2765
f 2766 2765 697
f 1378 2765 2766
f 227 2768 2765
f 2768 698 2771
f 2765 2771 697
f 2768 2771 2765
f 227 1385 2768
f 1385 230 2769
f 2768 2769 698
f 1385 2769 2768
f 230 2773 2769
f 2773 699 2774
f 2769 2774 698
f 2773 2774 2769
f 230 1386 2773
f 1386 229 2772
f 2773 2772 699
f 1386 2772 2773
f 229 2775 2772
f 2775 700 2783
f 2772 2783 699
f 2775 2783 2772
f 229 1388 2775
f 1388 232 2776
f 2775 2776 700
f 1388 2776 2775
f 232 2785 2776
f 2785 701 2786
f 2776 2786 700
f 2785 2786 2776
f 232 1389 2785
f 1389 231 2784
f 2785 2784 701
f 1389 2784 2785
f 231 2787 2784
f 2787 702 2790
f 2784 2790 701
f 2787 2790 2784
f 231 1392 2787
f 1392 234 2788
f 2787 2788 702
f 1392 2788 2787
f 234 2792 2788
f 2792 703 2793
f 2788 2793 702
f 2792 2793 2788
f 234 1393 2792
f 1393 233 2791
f 2792 2791 703
f 1393 2791 2792
f 233 2794 2791
f 2794 704 2798
f 2791 2798 703
f 2794 2798 2791
f 233 1395 2794
f 1395 236 2795
f 2794 2795 704
f 1395 2795 2794
f 236 2800 2795
f 2800 705 2801
f 2795 2801 704
f 2800 2801 2795
f 236 1396 2800
f 1396 235 2799
f 2800 2799 705
f 1396 2799 2800
f 235 2802 2799
f 2802 706 2805
f 2799 2805 705
f 2802 2805 2799
f 235 1400 2802
f 1400 238 2803
f 2802 2803 706
f 1400 2803 2802
f 238 2807 2803
f 2807 707 2808
f 2803 2808 706
f 2807 2808 2803
f 238 1401 2807
f 1401 237 2806
f 2807 2806 707
f 1401 2806 2807
f 237 2809 2806
f 2809 708 2814
f 2806 2814 707
f 2809 2814 2806
f 237 1403 2809
f 1403 240 2810
f 2809 2810 708
f 1403 2810 2809
f 240 2816 2810
f 2816 709 2817
f 2810 2817 708
f 2816 2817 2810
f 240 1404 2816
f 1404 239 2815
f 2816 2815 709
f 1404 2815 2816
f 239 2818 2815
f 2818 710 2821
f 2815 2821 709
f 2818 2821 2815
f 239 1407 2818
f 1407 242 2819
f 2818 2819 710
f 1407 2819 2818
f 242 2823 2819
f 2823 711 2824
f 2819 2824 710
f 2823 2824 2819
f 242 1408 2823
f 1408 241 2822
f 2823 2822 711
f 1408 2822 2823
f 241 2825 2822
f 2825 712 2829
f 2822 2829 711
f 2825 2829 2822
f 241 1410 2825
f 1410 244 2826
f 2825 2826 712
f 1410 2826 2825
f 244 2831 2826
f 2831 713 2832
f 2826 2832 712
f 2831 2832 2826
f 244 1411 2831
f 1411 243 2830
f 2831 2830 713
f 1411 2830 2831
f 243 2833 2830
f 2833 714 2836
f 2830 2836 713
f 2833 2836 2830
f 243 1416 2833
f 1416 246 2834
f 2833 2834 714
f 1416 2834 2833
f 246 2838 2834
f 2838 715 2839
f 2834 2839 714
f 2838 2839 2834
f 246 1417 2838
f 1417 245 2837
f 2838 2837 715
f 1417 2837 2838
f 245 2840 2837
f 2840 716 2846
f 2837 2846 715
f 2840 2846 2837
f 245 1419 2840
f 1419 248 2841
f 2840 2841 716
f 1419 2841 2840
f 248 2848 2841
f 2848 717 2849
f 2841 2849 716
f 2848 2849 2841
f 248 1420 2848
f 1420 247 2847
f 2848 2847 717
f 1420 2847 2848
f 247 2850 2847
f 2850 718 2853
f 2847 2853 717
f 2850 2853 2847
f 247 1423 2850
f 1423 250 2851
f 2850 2851 718
f 1423 2851 2850
f 250 2855 2851
f 2855 719 2856
f 2851 2856 718
f 2855 2856 2851
f 250 1424 2855
f 1424 249 2854
f 2855 2854 719
f 1424 2854 2855
f 249 2857 2854
f 2857 720 2861
f 2854 2861 719
f 2857 2861 2854
f 249 1426 2857
f 1426 252 2858
f 2857 2858 720
f 1426 2858 2857
f 252 2863 2858
f 2863 721 2864
f 2858 2864 720
f 2863 2864 2858
f 252 1427 2863
f 1427 251 2862
f 2863 2862 721
f 1427 2862 2863
f 251 2865 2862
f 2865 722 2868
f 2862 2868 721
f 2865 2868 2862
f 251 1431 2865
f 1431 254 2866
f 2865 2866 722
f 1431 2866 2865
f 254 2870 2866
f 2870 723 2871
f 2866 2871 722
f 2870 2871 2866
f 254 1432 2870
f 1432 253 2869
f 2870 2869 723
f 1432 2869 2870
f 253 2872 2869
f 2872 724 2877
f 2869 2877 723
f 2872 2877 2869
f 253 1434 2872
f 1434 256 2873
f 2872 2873 724
f 1434 2873 2872
f 256 2879 2873
f 2879 725 2880
f 2873 2880 724
f 2879 2880 2873
f 256 1435 2879
f 1435 255 2878
f 2879 2878 725
f 1435 2878 2879
f 255 2881 2878
f 2881 726 2884
f 2878 2884 725
f 2881 2884 2878
f 255 1438 2881
f 1438 258 2882
f 2881 2882 726
f 1438 2882 2881
f 258 2886 2882
f 2886 727 2887
f 2882 2887 726
f 2886 2887 2882
f 258 1439 2886
f 1439 257 2885
f 2886 2885 727
f 1439 2885 2886
f 257 2888 2885
f 2888 728 2892
f 2885 2892 727
f 2888 2892 2885
f 257 1441 2888
f 1441 260 2889
f 2888 2889 728
f 1441 2889 2888
f 260 2894 2889
f 2894 729 2895
f 2889 2895 728
f 2894 2895 2889
f 260 1442 2894
f 1442 259 2893
f 2894 2893 729
f 1442 2893 2894
f 259 2896 2893
f 2896 730 2899
f 2893 2899 729
f 2896 2899 2893
f 259 1449 2896
f 1449 262 2897
f 2896 2897 730
f 1449 2897 2896
f 262 2901 2897
f 2901 731 2902
f 2897 2902 730
f 2901 2902 2897
f 262 1450 2901
f 1450 261 2900
f 2901 2900 731
f 1450 2900 2901
f 261 2903 2900
f 2903 732 2911
f 2900 2911 731
f 2903 2911 2900
f 261 1452 2903
f 1452 264 2904
f 2903 2904 732
f 1452 2904 2903
f 264 2913 2904
f 2913 733 2914
f 2904 2914 732
f 2913 2914 2904
f 264 1453 2913
f 1453 263 2912
f 2913 2912 733
f 1453 2912 2913
f 263 2915 2912
f 2915 734 2918
f 2912 2918 733
f 2915 2918 2912
f 263 1456 2915
f 1456 266 2916
f 2915 2916 734
f 1456 2916 2915
f 266 2920 2916
f 2920 735 2921
f 2916 2921 734
f 2920 2921 2916
f 266 1457 2920
f 1457 265 2919
f 2920 2919 735
f 1457 2919 2920
f 265 2922 2919
f 2922 736 2926
f 2919 2926 735
f 2922 2926 2919
f 265 1459 2922
f 1459 268 2923
f 2922 2923 736
f 1459 2923 2922
f 268 2928 2923
f 2928 737 2929
f 2923 2929 736
f 2928 2929 2923
f 268 1460 2928
f 1460 267 2927
f 2928 2927 737
f 1460 2927 2928
f 267 2930 2927
f 2930 738 2933
f 2927 2933 737
f 2930 2933 2927
f 267 1464 2930
f 1464 270 2931
f 2930 2931 738
f 1464 2931 2930
f 270 2935 2931
f 2935 739 2936
f 2931 2936 738
f 2935 2936 2931
f 270 1465 2935
f 1465 269 2934
f 2935 2934 739
f 1465 2934 2935
f 269 2937 2934
f 2937 740 2942
f 2934 2942 739
f 2937 2942 2934
f 269 1467 2937
f 1467 272 2938
f 2937 2938 740
f 1467 2938 2937
f 272 2944 2938
f 2944 741 2945
f 2938 2945 740
f 2944 2945 2938
f 272 1468 2944
f 1468 271 2943
f 2944 2943 741
f 1468 2943 2944
f 271 2946 2943
f 2946 742 2949
f 2943 2949 741
f 2946 2949 2943
f 271 1471 2946
f 1471 274 2947
f 2946 2947 742
f 1471 2947 2946
f 274 2951 2947
f 2951 743 2952
f 2947 2952 742
f 2951 2952 2947
f 274 1472 2951
f 1472 273 2950
f 2951 2950 743
f 1472 2950 2951
f 273 2953 2950
f 2953 744 2957
f 2950 2957 743
f 2953 2957 2950
f 273 1474 2953
f 1474 276 2954
f 2953 2954 744
f 1474 2954 2953
f 276 2959 2954
f 2959 745 2960
f 2954 2960 744
f 2959 2960 2954
f 276 1475 2959
f 1475 275 2958
f 2959 2958 745
f 1475 2958 2959
f 275 2961 2958
f 2961 746 2964
f 2958 2964 745
f 2961 2964 2958
f 275 1480 2961
f 1480 278 2962
f 2961 2962 746
f 1480 2962 2961
f 278 2966 2962
f 2966 747 2967
f 2962 2967 746
f 2966 2967 2962
f 278 1481 2966
f 1481 277 2965
f 2966 2965 747
f 1481 2965 2966
f 277 2968 2965
f 2968 748 2974
f 2965 2974 747
f 2968 2974 2965
f 277 1483 2968
f 1483 280 2969
f 2968 2969 748
f 1483 2969 2968
f 280 2976 2969
f 2976 749 2977
f 2969 2977 748
f 2976 2977 2969
f 280 1484 2976
f 1484 279 2975
f 2976 2975 749
f 1484 2975 2976
f 279 2978 2975
f 2978 750 2981
f 2975 2981 749
f 2978 2981 2975
f 279 1487 2978
f 1487 282 2979
f 2978 2979 750
f 1487 2979 2978
f 282 2983 2979
f 2983 751 2984
f 2979 2984 750
f 2983 2984 2979
f 282 1488 2983
f 1488 281 2982
f 2983 2982 751
f 1488 2982 2983
f 281 2985 2982
f 2985 752 2989
f 2982 2989 751
f 2985 2989 2982
f 281 1490 2985
f 1490 284 2986
f 2985 2986 752
f 1490 2986 2985
f 284 2991 2986
f 2991 753 2992
f 2986 2992 752
f 2991 2992 2986
f 284 1491 2991
f 1491 283 2990
f 2991 2990 753
f 1491 2990 2991
f 283 2993 2990
f 2993 754 2996
f 2990 2996 753
f 2993 2996 2990
f 283 1495 2993
f 1495 286 2994
f 2993 2994 754
f 1495 2994 2993
f 286 2998 2994
f 2998 755 2999
f 2994 2999 754
f 2998 2999 2994
f 286 1496 2998
f 1496 285 2997
f 2998 2997 755
f 1496 2997 2998
f 285 3000 2997
f 3000 756 3005
f 2997 3005 755
f 3000 3005 2997
f 285 1498 3000
f 1498 288 3001
f 3000 3001 756
f 1498 3001 3000
f 288 3007 3001
f 3007 757 3008
f 3001 3008 756
f 3007 3008 3001
f 288 1499 3007
f 1499 287 3006
f 3007 3006 757
f 1499 3006 3007
f 287 3009 3006
f 3009 758 3012
f 3006 3012 757
f 3009 3012 3006
f 287 1502 3009
f 1502 290 3010
f 3009 3010 758
f 1502 3010 3009
f 290 3014 3010
f 3014 759 3015
f 3010 3015 758
f 3014 3015 3010
f 290 1503 3014
f 1503 289 3013
f 3014 3013 759
f 1503 3013 3014
f 289 3016 3013
f 3016 760 3020
f 3013 3020 759
f 3016 3020 3013
f 289 1505 3016
f 1505 292 3017
f 3016 3017 760
f 1505 3017 3016
f 292 3022 3017
f 3022 761 3023
f 3017 3023 760
f 3022 3023 3017
f 292 1506 3022
f 1506 291 3021
f 3022 3021 761
f 1506 3021 3022
f 291 3024 3021
f 3024 762 3027
f 3021 3027 761
f 3024 3027 3021
f 291 1512 3024
f 1512 294 3025
f 3024 3025 762
f 1512 3025 3024
f 294 3029 3025
f 3029 763 3030
f 3025 3030 762
f 3029 3030 3025
f 294 1513 3029
f 1513 293 3028
f 3029 3028 763
f 1513 3028 3029
f 293 3031 3028
f 3031 764 3038
f 3028 3038 763
f 3031 3038 3028
f 293 1515 3031
f 1515 296 3032
f 3031 3032 764
f 1515 3032 3031
f 296 3040 3032
f 3040 765 3041
f 3032 3041 764
f 3040 3041 3032
f 296 1516 3040
f 1516 295 3039
f 3040 3039 765
f 1516 3039 3040
f 295 3042 3039
f 3042 766 3045
f 3039 3045 765
f 3042 3045 3039
f 295 1519 3042
f 1519 298 3043
f 3042 3043 766
f 1519 3043 3042
f 298 3047 3043
f 3047 767 3048
f 3043 3048 766
f 3047 3048 3043
f 298 1520 3047
f 1520 297 3046
f 3047 3046 767
f 1520 3046 3047
f 297 3049 3046
f 3049 768 3053
f 3046 3053 767
f 3049 3053 3046
f 297 1522 3049
f 1522 300 3050
f 3049 3050 768
f 1522 3050 3049
f 300 3055 3050
f 3055 769 3056
f 3050 3056 768
f 3055 3056 3050
f 300 1523 3055
f 1523 299 3054
f 3055 3054 769
f 1523 3054 3055
f 299 3057 3054
f 3057 770 3060
f 3054 3060 769
f 3057 3060 3054
f 299 1527 3057
f 1527 302 3058
f 3057 3058 770
f 1527 3058 3057
f 302 3062 3058
f 3062 771 3063
f 3058 3063 770
f 3062 3063 3058
f 302 1528 3062
f 1528 301 3061
f 3062 3061 771
f 1528 3061 3062
f 301 3064 3061
f 3064 772 3069
f 3061 3069 771
f 3064 3069 3061
f 301 1530 3064
f 1530 304 3065
f 3064 3065 772
f 1530 3065 3064
f 304 3071 3065
f 3071 773 3072
f 3065 3072 772
f 3071 3072 3065
f 304 1531 3071
f 1531 303 3070
f 3071 3070 773
f 1531 3070 3071
f 303 3073 3070
f 3073 774 3076
f 3070 3076 773
f 3073 3076 3070
f 303 1534 3073
f 1534 306 3074
f 3073 3074 774
f 1534 3074 3073
f 306 3078 3074
f 3078 775 3079
f 3074 3079 774
f 3078 3079 3074
f 306 1535 3078
f 1535 305 3077
f 3078 3077 775
f 1535 3077 3078
f 305 3080 3077
f 3080 776 3084
f 3077 3084 775
f 3080 3084 3077
f 305 1537 3080
f 1537 308 3081
f 3080 3081 776
f 1537 3081 3080
f 308 3086 3081
f 3086 777 3087
f 3081 3087 776
f 3086 3087 3081
f 308 1538 3086
f 1538 307 3085
f 3086 3085 777
f 1538 3085 3086
f 307 3088 3085
f 3088 778 3091
f 3085 3091 777
f 3088 3091 3085
f 307 1543 3088
f 1543 310 3089
f 3088 3089 778
f 1543 3089 3088
f 310 3093 3089
f 3093 779 3094
f 3089 3094 778
f 3093 3094 3089
f 310 1544 3093
f 1544 309 3092
f 3093 3092 779
f 1544 3092 3093
f 309 3095 3092
f 3095 780 3101
f 3092 3101 779
f 3095 3101 3092
f 309 1546 3095
f 1546 312 3096
f 3095 3096 780
f 1546 3096 3095
f 312 3103 3096
f 3103 781 3104
f 3096 3104 780
f 3103 3104 3096
f 312 1547 3103
f 1547 311 3102
f 3103 3102 781
f 1547 3102 3103
f 311 3105 3102
f 3105 782 3108
f 3102 3108 781
f 3105 3108 3102
f 311 1550 3105
f 1550 314 3106
f 3105 3106 782
f 1550 3106 3105
f 314 3110 3106
f 3110 783 3111
f 3106 3111 782
f 3110 3111 3106
f 314 1551 3110
f 1551 313 3109
f 3110 3109 783
f 1551 3109 3110
f 313 3112 3109
f 3112 784 3116
f 3109 3116 783
f 3112 3116 3109
f 313 1553 3112
f 1553 316 3113
f 3112 3113 784
f 1553 3113 3112
f 316 3118 3113
f 3118 785 3119
f 3113 3119 784
f 3118 3119 3113
f 316 1554 3118
f 1554 315 3117
f 3118 3117 785
f 1554 3117 3118
f 315 3120 3117
f 3120 786 3123
f 3117 3123 785
f 3120 3123 3117
f 315 1558 3120
f 1558 318 3121
f 3120 3121 786
f 1558 3121 3120
f 318 3125 3121
f 3125 787 3126
f 3121 3126 786
f 3125 3126 3121
f 318 1559 3125
f 1559 317 3124
f 3125 3124 787
f 1559 3124 3125
f 317 3127 3124
f 3127 788 3132
f 3124 3132 787
f 3127 3132 3124
f 317 1574 3127
f 1574 323 3128
f 3127 3128 788
f 1574 3128 3127
f 323 3153 3128
f 3153 793 3157
f 3128 3157 788
f 3153 3157 3128
f 323 1583 3153
f 1583 327 3154
f 3153 3154 793
f 1583 3154 3153
f 327 3171 3154
f 3171 797 3174
f 3154 3174 793
f 3171 3174 3154
f 327 1591 3171
f 1591 331 3172
f 3171 3172 797
f 1591 3172 3171
f 331 3187 3172
f 3187 801 3190
f 3172 3190 797
f 3187 3190 3172
f 331 1599 3187
f 1599 335 3188
f 3187 3188 801
f 1599 3188 3187
f 335 3203 3188
f 3203 805 3206
f 3188 3206 801
f 3203 3206 3188
f 335 1608 3203
f 1608 339 3204
f 3203 3204 805
f 1608 3204 3203
f 339 3220 3204
f 3220 809 3223
f 3204 3223 805
f 3220 3223 3204
f 339 1614 3220
f 1614 342 3221
f 3220 3221 809
f 1614 3221 3220
f 342 3232 3221
f 3232 812 3235
f 3221 3235 809
f 3232 3235 3221
f 342 1622 3232
f 1622 346 3233
f 3232 3233 812
f 1622 3233 3232
f 346 3248 3233
f 3248 816 3251
f 3233 3251 812
f 3248 3251 3233
f 346 1630 3248
f 1630 350 3249
f 3248 3249 816
f 1630 3249 3248
f 350 3264 3249
f 3264 820 3267
f 3249 3267 816
f 3264 3267 3249
f 350 1638 3264
f 1638 354 3265
f 3264 3265 820
f 1638 3265 3264
f 354 3280 3265
f 3280 824 3283
f 3265 3283 820
f 3280 3283 3265
f 354 1646 3280
f 1646 358 3281
f 3280 3281 824
f 1646 3281 3280
f 358 3296 3281
f 3296 828 3299
f 3281 3299 824
f 3296 3299 3281
f 358 1654 3296
f 1654 362 3297
f 3296 3297 828
f 1654 3297 3296
f 362 3312 3297
f 3312 832 3315
f 3297 3315 828
f 3312 3315 3297
f 362 1663 3312
f 1663 366 3313
f 3312 3313 832
f 1663 3313 3312
f 366 3329 3313
f 3329 836 3332
f 3313 3332 832
f 3329 3332 3313
f 366 1669 3329
f 1669 369 3330
f 3329 3330 836
f 1669 3330 3329
f 369 3341 3330
f 3341 839 3344
f 3330 3344 836
f 3341 3344 3330
f 369 1677 3341
f 1677 373 3342
f 3341 3342 839
f 1677 3342 3341
f 373 3357 3342
f 3357 843 3360
f 3342 3360 839
f 3357 3360 3342
f 373 1686 3357
f 1686 377 3358
f 3357 3358 843
f 1686 3358 3357
f 377 3374 3358
f 3374 847 3377
f 3358 3377 843
f 3374 3377 3358
f 377 1692 3374
f 1692 380 3375
f 3374 3375 847
f 1692 3375 3374
f 380 3386 3375
f 3386 850 3389
f 3375 3389 847
f 3386 3389 3375
f 380 1698 3386
f 1698 383 3387
f 3386 3387 850
f 1698 3387 3386
f 383 3398 3387
f 3398 853 3401
f 3387 3401 850
f 3398 3401 3387
f 383 1704 3398
f 1704 386 3399
f 3398 3399 853
f 1704 3399 3398
f 386 3410 3399
f 3410 856 3413
f 3399 3413 853
f 3410 3413 3399
f 386 1710 3410
f 1710 389 3411
f 3410 3411 856
f 1710 3411 3410
f 389 3422 3411
f 3422 859 3425
f 3411 3425 856
f 3422 3425 3411
f 389 1716 3422
f 1716 392 3423
f 3422 3423 859
f 1716 3423 3422
f 392 3434 3423
f 3434 862 3437
f 3423 3437 859
f 3434 3437 3423
f 392 1722 3434
f 1722 395 3435
f 3434 3435 862
f 1722 3435 3434
f 395 3446 3435
f 3446 865 3449
f 3435 3449 862
f 3446 3449 3435
f 395 1729 3446
f 1729 398 3447
f 3446 3447 865
f 1729 3447 3446
f 398 3458 3447
f 3458 868 3462
f 3447 3462 865
f 3458 3462 3447
f 398 1841 3458
f 1841 453 3459
f 3458 3459 868
f 1841 3459 3458
f 453 3682 3459
f 3682 923 3684
f 3459 3684 868
f 3682 3684 3459
f 453 1842 3682
f 1842 451 3681
f 3682 3681 923
f 1842 3681 3682
f 451 3674 3681
f 3674 921 3685
f 3681 3685 923
f 3674 3685 3681
f 451 1837 3674
f 1837 449 3673
f 3674 3673 921
f 1837 3673 3674
f 449 3666 3673
f 3666 919 3676
f 3673 3676 921
f 3666 3676 3673

