# https://github.com/mikedh/trimesh

o sca_C_final.obj
v 2.70756787 7.10622954 5.10161009
v 2.64227888 7.10622954 5.13438081
v 2.57551069 7.10622954 5.16860944
v 2.83370373 7.10622954 5.04043652
v 2.77137585 7.10622954 5.07029533
v 2.95391738 7.10622954 4.98508971
v 2.89455061 7.10622954 5.01203465
v 3.06820880 7.10622954 4.93556866
v 3.01180314 7.10622954 4.95960071
v 3.17657891 7.10622954 4.89187340
v 3.12313436 7.10622954 4.91299256
v 3.27902680 7.10622954 4.85400489
v 3.22854336 7.10622954 4.87221116
v 3.38029097 7.10622954 4.82196117
v 3.32921476 7.10622954 4.83725455
v 3.48510811 7.10622954 4.79574420
v 3.43225542 7.10622954 4.80812470
v 3.59347731 7.10622954 4.77535301
v 3.53884814 7.10622954 4.78482063
v 3.70540039 7.10622954 4.76078858
v 3.64899473 7.10622954 4.76734232
v 3.82087734 7.10622954 4.75204893
v 3.76269520 7.10622954 4.75569078
v 3.93990636 7.10622954 4.74913605
v 3.87994773 7.10622954 4.74986500
v 4.23896037 7.10622954 4.77308808
v 4.09283860 7.10622954 4.75512381
v 4.51077343 7.10622954 4.84494224
v 4.37827168 7.10622954 4.80302691
v 4.75534646 7.10622954 4.96469851
v 4.63646472 7.10622954 4.89883212
v 4.97267853 7.10622954 5.13235789
v 4.86741773 7.10622954 5.04254044
v 5.16276967 7.10622954 5.34792036
v 5.07112888 7.10622954 5.23415185
v 5.32562076 7.10622954 5.61138593
v 5.24760090 7.10622954 5.47366538
v 5.39076156 7.10622954 5.74603160
v 5.35967217 7.10622954 5.67806129
v 5.44405792 7.10622954 5.88585508
v 5.41889075 7.10622954 5.81529586
v 5.48551165 7.10622954 6.03085834
v 5.46626489 7.10622954 5.95770924
v 5.51512094 7.10622954 6.18104039
v 5.50179640 7.10622954 6.10530239
v 5.53288579 7.10622954 6.33640025
v 5.52548347 7.10622954 6.25807235
v 5.53880801 7.10622954 6.49693890
v 5.53732791 7.10622954 6.41602211
v 5.52992558 7.10622954 6.69016826
v 5.53658695 7.10622954 6.59379706
v 5.50327650 7.10622954 6.88145569
v 5.51882210 7.10622954 6.78605447
v 5.45886257 7.10622954 7.07080119
v 5.48329059 7.10622954 6.97637094
v 5.39668378 7.10622954 7.25820477
v 5.42999423 7.10622954 7.16474548
v 5.31673834 7.10622954 7.44366545
v 5.35893121 7.10622954 7.35117810
v 5.21902804 7.10622954 7.62718519
v 5.27010334 7.10622954 7.53566781
v 5.10592034 7.10622954 7.80487816
v 5.16410248 7.10622954 7.71724562
v 4.97978447 7.10622954 7.97286151
v 5.04448070 7.10622954 7.89008378
v 4.84062136 7.10622954 8.13113524
v 4.91183166 7.10622954 8.05321232
v 4.68842917 7.10622954 8.27969837
v 4.76615356 7.10622954 8.20663026
v 4.52320973 7.10622954 8.41855089
v 4.60744820 7.10622954 8.35033858
v 4.34496123 7.10622954 8.54769477
v 4.43571378 7.10622954 8.48433629
v 4.14539491 7.10622954 8.67586670
v 4.24710274 7.10622954 8.61275120
v 3.93043117 7.10622954 8.79627094
v 4.03983772 7.10622954 8.73704027
v 3.70007094 7.10622954 8.90890747
v 3.81717618 7.10622954 8.85355967
v 3.45431419 7.10622954 9.01377533
v 3.57911724 7.10622954 8.96231237
v 3.19316004 7.10622954 9.11087549
v 3.32566179 7.10622954 9.06329637
v 2.91660938 7.10622954 9.20020795
v 3.05680894 7.10622954 9.15651269
v 2.62703057 7.10622954 9.27853486
v 2.77315234 7.10622954 9.24115134
v 2.32679193 7.10622954 9.34262132
v 2.47824406 7.10622954 9.31235852
v 2.01589439 7.10622954 9.39246634
v 2.17267598 7.10622954 9.36932327
v 1.69433794 7.10622954 9.42806895
v 1.85644898 7.10622954 9.41204757
v 1.36212167 7.10622954 9.44943110
v 1.52956217 7.10622954 9.44053045
v 1.01924604 7.10622954 9.45655182
v 1.19201645 7.10622954 9.45477188
v 0.48450234 7.10622954 9.43907450
v 0.75054183 7.10622954 9.45218298
v -0.03958200 7.10622954 9.38663958
v 0.22112758 7.10622954 9.41722637
v -0.55300742 7.10622954 9.29925003
v -0.29762730 7.10622954 9.34731413
v -1.05577304 7.10622954 9.17690387
v -0.80572237 7.10622954 9.24244628
v -1.54787929 7.10622954 9.01960111
v -1.30315853 7.10622954 9.10262182
v -2.02932663 7.10622954 8.82734271
v -1.78993532 7.10622954 8.92784173
v -2.49152743 7.10622954 8.59494990
v -2.26390579 7.10622954 8.71681108
v -2.92589566 7.10622954 8.31724388
v -2.71219065 7.10622954 8.46176116
v -3.33243131 7.10622954 7.99422366
v -3.13264247 7.10622954 8.16139805
v -3.71113415 7.10622954 7.62589024
v -3.52526172 7.10622954 7.81572074
v -4.06200419 7.10622954 7.21224361
v -3.89004816 7.10622954 7.42473119
v -4.38504154 7.10622954 6.75328375
v -4.22700202 7.10622954 6.98842745
v -4.66840243 7.10622954 6.24771575
v -4.53316197 7.10622954 6.50648752
v -4.90024311 7.10622954 5.69424465
v -4.79076281 7.10622954 5.97696747
v -5.08056369 7.10622954 5.09287045
v -4.99684344 7.10622954 5.39954532
v -5.20936417 7.10622954 4.44359414
v -5.15140397 7.10622954 4.77422105
v -5.28664437 7.10622954 3.74641571
v -5.25444428 7.10622954 4.10099268
v -5.31240448 7.10622954 3.00133368
v -5.30596444 7.10622954 3.37986221
v -5.29930234 7.10622954 -0.70603164
v -5.31240448 7.10622954 -0.14471185
v -5.19448543 7.10622954 -1.74759245
v -5.25999602 7.10622954 -1.24032501
v -4.98485171 7.10622954 -2.68104876
v -5.10277066 7.10622954 -2.22783369
v -4.67040109 7.10622954 -3.50639999
v -4.84072849 7.10622954 -3.10723753
v -4.25113344 7.10622954 -4.22364655
v -4.47386940 7.10622954 -3.87853640
v -3.72704910 7.10622954 -4.83278821
v -4.00219330 7.10622954 -4.54173050
v -3.10555017 7.10622954 -5.33689986
v -3.42570062 7.10622954 -5.09681973
v -2.43105036 7.10622954 -5.75443055
v -2.77400008 7.10622954 -5.55610346
v -1.71095267 7.10622954 -6.08845509
v -2.07670122 7.10622954 -5.93188110
v -0.94525642 7.10622954 -6.33897356
v -1.33380425 7.10622954 -6.22415260
v -0.13396161 7.10622954 -6.50598583
v -0.54530872 7.10622954 -6.43291796
v 0.72293131 7.10622954 -6.58949190
v 0.28878492 7.10622954 -6.55817713
v 1.33465889 7.10622954 -6.59790731
v 1.16847666 7.10622954 -6.59993024
v 1.66213802 7.10622954 -6.58172396
v 1.49921283 7.10622954 -6.59183855
v 1.98310261 7.10622954 -6.54935724
v 1.82343401 7.10622954 -6.56756352
v 2.29755312 7.10622954 -6.50080716
v 2.14114201 7.10622954 -6.52710511
v 2.60548955 7.10622954 -6.43607372
v 2.45233594 7.10622954 -6.47046336
v 2.90691191 7.10622954 -6.35515692
v 2.75701488 7.10622954 -6.39763823
v 3.20108103 7.10622954 -6.25902773
v 3.05518064 7.10622954 -6.30862976
v 3.48355300 7.10622954 -6.15351215
v 3.34387122 7.10622954 -6.20732189
v 3.75358958 7.10622954 -6.03958141
v 3.62012640 7.10622954 -6.09759874
v 4.01119076 7.10622954 -5.91723518
v 3.88394528 7.10622954 -5.97946015
v 4.25635565 7.10622954 -5.78647360
v 4.13532786 7.10622954 -5.85290628
v 4.48908514 7.10622954 -5.64729673
v 4.37427504 7.10622954 -5.71793706
v 4.68820689 7.10622954 -5.51119468
v 4.60078593 7.10622954 -5.57455249
v 4.85461095 7.10622954 -5.37719645
v 4.77281583 7.10622954 -5.44540928
v 5.00976424 7.10622954 -5.23348820
v 4.93359406 7.10622954 -5.30655606
v 5.15366496 7.10622954 -5.08006995
v 5.08312151 7.10622954 -5.15799283
v 5.28631490 7.10622954 -4.91694169
v 5.22139639 7.10622954 -4.99971956
v 5.40771317 7.10622954 -4.74410340
v 5.34842049 7.10622954 -4.83173629
v 5.51697152 7.10622954 -4.56236427
v 5.46419292 7.10622954 -4.65404299
v 5.60875960 7.10622954 -4.37657932
v 5.56516071 7.10622954 -4.46987638
v 5.68219096 7.10622954 -4.18755767
v 5.64776998 7.10622954 -4.28247304
v 5.73726471 7.10622954 -3.99529933
v 5.71202254 7.10622954 -4.09183308
v 5.77397994 7.10622954 -3.79980438
v 5.75791657 7.10622954 -3.89795638
v 5.79233755 7.10622954 -3.60107274
v 5.78545300 7.10622954 -3.70084317
v 5.79285532 7.10622954 -3.41553046
v 5.79463271 7.10622954 -3.50049310
v 5.77864344 7.10622954 -3.24851819
v 5.78752586 7.10622954 -3.33153879
v 5.75021877 7.10622954 -3.08538989
v 5.76620714 7.10622954 -3.16646857
v 5.70758132 7.10622954 -2.92614569
v 5.73067653 7.10622954 -3.00528232
v 5.65073109 7.10622954 -2.77078546
v 5.68093224 7.10622954 -2.84798016
v 5.57966897 7.10622954 -2.61930921
v 5.61697697 7.10622954 -2.69456174
v 5.50231416 7.10622954 -2.48037495
v 5.53880801 7.10622954 -2.54502764
v 5.42355425 7.10622954 -2.35932349
v 5.46389654 7.10622954 -2.41847365
v 5.33709472 7.10622954 -2.24927660
v 5.38128637 7.10622954 -2.30292448
v 5.24293740 7.10622954 -2.15023452
v 5.29097840 7.10622954 -2.19838011
v 5.14108137 7.10622954 -2.06219700
v 5.19297172 7.10622954 -2.10484006
v 5.03152664 7.10622954 -1.98516430
v 5.08726634 7.10622954 -2.02230508
v 4.91486596 7.10622954 -1.91913616
v 4.97386316 7.10622954 -1.95077466
v 4.79465232 7.10622954 -1.86411259
v 4.85512962 7.10622954 -1.89024880
v 4.67147756 7.10622954 -1.82009407
v 4.73343497 7.10622954 -1.84072776
v 4.54534260 7.10622954 -1.78707988
v 4.60878011 7.10622954 -1.80221129
v 4.41624563 7.10622954 -1.76507050
v 4.48116414 7.10622954 -1.77469963
v 4.28418845 7.10622954 -1.75406593
v 4.35058707 7.10622954 -1.75819253
v 4.16057003 7.10622954 -1.75358045
v 4.21704979 7.10622954 -1.75269024
v 4.04983067 7.10622954 -1.76070093
v 4.10483032 7.10622954 -1.75625060
v 3.94205333 7.10622954 -1.77494237
v 3.99557197 7.10622954 -1.76693168
v 3.83723619 7.10622954 -1.79630452
v 3.88927473 7.10622954 -1.78473322
v 3.73538016 7.10622954 -1.82478714
v 3.78593770 7.10622954 -1.80965574
v 3.63648524 7.10622954 -1.86039048
v 3.68556267 7.10622954 -1.84169873
v 3.53921861 7.10622954 -1.90295280
v 3.58814786 7.10622954 -1.88086242
v 3.43558610 7.10622954 -1.95150288
v 3.48836470 7.10622954 -1.92649962
v 3.32425488 7.10622954 -2.00587897
v 3.38088283 7.10622954 -1.97796258
v 3.20522586 7.10622954 -2.06608110
v 3.26570316 7.10622954 -2.03525182
v 3.07849814 7.10622954 -2.13210924
v 3.14282389 7.10622954 -2.09836681
v 2.94407171 7.10622954 -2.20396314
v 3.01224771 7.10622954 -2.16730784
v 2.87397193 7.10622954 -2.24207513
v 2.51895684 7.10622954 5.19514940
v 2.46299485 7.10622954 5.22039540
v 2.40762562 7.10622954 5.24434745
v 2.80661098 7.10622954 -2.27614104
v 2.73954550 7.10622954 -2.30842676
v 2.35284825 7.10622954 5.26700356
v 2.67277641 7.10622954 -2.33893255
v 2.29866365 7.10622954 5.28836571
v 2.60630370 7.10622954 -2.36765792
v 2.24507091 7.10622954 5.30843292
v 2.54012737 7.10622954 -2.39460335
v 2.19207003 7.10622954 5.32720617
v 2.13966191 7.10622954 5.34468448
v 2.47424652 7.10622954 -2.41976835
v 2.08784565 7.10622954 5.36086783
v 2.40866205 7.10622954 -2.44315343
v 2.03662126 7.10622954 5.37575624
v 2.34337306 7.10622954 -2.46475807
v 1.98598962 7.10622954 5.38934972
v 2.27838136 7.10622954 -2.48458279
v 1.93594985 7.10622954 5.40164922
v 2.21368513 7.10622954 -2.50262708
v 1.88502184 7.10622954 5.41281579
v 2.14928439 7.10622954 -2.51889143
v 1.83172457 7.10622954 5.42301138
v 2.08518092 7.10622954 -2.53337561
v 1.77605987 7.10622954 5.43223602
v 2.02018832 7.10622954 -2.54640309
v 1.71802501 7.10622954 5.44048968
v 1.95312284 7.10622954 -2.55829787
v 1.65762271 7.10622954 5.44777239
v 1.88398540 7.10622954 -2.56905995
v 1.59485025 7.10622954 5.45408316
v 1.81277510 7.10622954 -2.57868906
v 1.52971036 7.10622954 5.45942395
v 1.73949192 7.10622954 -2.58718523
v 1.46220122 7.10622954 5.46379377
v 1.66413679 7.10622954 -2.59454869
v 1.39232327 7.10622954 5.46719164
v 1.58670788 7.10622954 -2.60077920
v 1.32007653 7.10622954 5.46961953
v 1.50720701 7.10622954 -2.60587700
v 1.24546100 7.10622954 5.47107648
v 1.42563327 7.10622954 -2.60984183
v 1.16847666 7.10622954 5.47156146
v 1.34198712 7.10622954 -2.61267397
v 1.02798073 7.10622954 5.46775861
v 1.25626855 7.10622954 -2.61437315
v 0.89074183 7.10622954 5.45634907
v 1.16847666 7.10622954 -2.61493963
v 0.75675953 7.10622954 5.43733382
v 1.02464959 7.10622954 -2.61113653
v 0.62603471 7.10622954 5.41071187
v 0.88452368 7.10622954 -2.59972724
v 0.49856648 7.10622954 5.37648422
v 0.74809893 7.10622954 -2.58071198
v 0.37435575 7.10622954 5.33464989
v 0.61537535 7.10622954 -2.55409029
v 0.25340160 7.10622954 5.28520984
v 0.48635292 7.10622954 -2.51986239
v 0.13570494 7.10622954 5.22816409
v 0.36103166 7.10622954 -2.47802855
v 0.02126488 7.10622954 5.16351164
v 0.23941155 7.10622954 -2.42858825
v -0.08991815 7.10622954 5.09125250
v 0.12149261 7.10622954 -2.37154201
v -0.19784369 7.10622954 5.01138767
v 0.00727438 7.10622954 -2.30688932
v -0.30251263 7.10622954 4.92391712
v -0.10324224 7.10622954 -2.23463068
v -0.40125981 7.10622954 4.82705897
v -0.21005770 7.10622954 -2.15476584
v -0.49142005 7.10622954 4.71903523
v -0.31317200 7.10622954 -2.06729479
v -0.57299333 7.10622954 4.59984495
v -0.41021634 7.10622954 -1.97043738
v -0.64598058 7.10622954 4.46948810
v -0.49882237 7.10622954 -1.86241340
v -0.71038042 7.10622954 4.32796469
v -0.57898920 7.10622954 -1.74322312
v -0.76619422 7.10622954 4.17527474
v -0.65071772 7.10622954 -1.61286603
v -0.81342107 7.10622954 4.01141822
v -0.71400794 7.10622954 -1.47134262
v -0.85206098 7.10622954 3.83639515
v -0.76885895 7.10622954 -1.31865266
v -0.88211439 7.10622954 3.65020552
v -0.81527165 7.10622954 -1.15479614
v -0.90358131 7.10622954 3.45284932
v -0.91646127 7.10622954 3.24432657
v -0.85324560 7.10622954 -0.97977307
v -0.92075475 7.10622954 3.02463776
v -0.88278080 7.10622954 -0.79358369
v -0.92075475 7.10622954 -0.16801544
v -0.90387724 7.10622954 -0.59622749
v -0.91653537 7.10622954 -0.38770474
v 2.57551069 -7.10622954 5.16860944
v 2.64227888 -7.10622954 5.13438081
v 2.70756787 -7.10622954 5.10161009
v 2.77137585 -7.10622954 5.07029533
v 2.83370373 -7.10622954 5.04043652
v 2.89455061 -7.10622954 5.01203465
v 2.95391738 -7.10622954 4.98508971
v 3.01180314 -7.10622954 4.95960071
v 3.06820880 -7.10622954 4.93556866
v 3.12313436 -7.10622954 4.91299256
v 3.17657891 -7.10622954 4.89187340
v 3.22854336 -7.10622954 4.87221116
v 3.27902680 -7.10622954 4.85400489
v 3.32921476 -7.10622954 4.83725455
v 3.38029097 -7.10622954 4.82196117
v 3.43225542 -7.10622954 4.80812470
v 3.48510811 -7.10622954 4.79574420
v 3.53884814 -7.10622954 4.78482063
v 3.59347731 -7.10622954 4.77535301
v 3.64899473 -7.10622954 4.76734232
v 3.70540039 -7.10622954 4.76078858
v 3.76269520 -7.10622954 4.75569078
v 3.82087734 -7.10622954 4.75204893
v 3.87994773 -7.10622954 4.74986500
v 3.93990636 -7.10622954 4.74913605
v 4.09283860 -7.10622954 4.75512381
v 4.23896037 -7.10622954 4.77308808
v 4.37827168 -7.10622954 4.80302691
v 4.51077343 -7.10622954 4.84494224
v 4.63646472 -7.10622954 4.89883212
v 4.75534646 -7.10622954 4.96469851
v 4.86741773 -7.10622954 5.04254044
v 4.97267853 -7.10622954 5.13235789
v 5.07112888 -7.10622954 5.23415185
v 5.16276967 -7.10622954 5.34792036
v 5.24760090 -7.10622954 5.47366538
v 5.32562076 -7.10622954 5.61138593
v 5.35967217 -7.10622954 5.67806129
v 5.39076156 -7.10622954 5.74603160
v 5.41889075 -7.10622954 5.81529586
v 5.44405792 -7.10622954 5.88585508
v 5.46626489 -7.10622954 5.95770924
v 5.48551165 -7.10622954 6.03085834
v 5.50179640 -7.10622954 6.10530239
v 5.51512094 -7.10622954 6.18104039
v 5.52548347 -7.10622954 6.25807235
v 5.53288579 -7.10622954 6.33640025
v 5.53732791 -7.10622954 6.41602211
v 5.53880801 -7.10622954 6.49693890
v 5.53658695 -7.10622954 6.59379706
v 5.52992558 -7.10622954 6.69016826
v 5.51882210 -7.10622954 6.78605447
v 5.50327650 -7.10622954 6.88145569
v 5.48329059 -7.10622954 6.97637094
v 5.45886257 -7.10622954 7.07080119
v 5.42999423 -7.10622954 7.16474548
v 5.39668378 -7.10622954 7.25820477
v 5.35893121 -7.10622954 7.35117810
v 5.31673834 -7.10622954 7.44366545
v 5.27010334 -7.10622954 7.53566781
v 5.21902804 -7.10622954 7.62718519
v 5.16410248 -7.10622954 7.71724562
v 5.10592034 -7.10622954 7.80487816
v 5.04448070 -7.10622954 7.89008378
v 4.97978447 -7.10622954 7.97286151
v 4.91183166 -7.10622954 8.05321232
v 4.84062136 -7.10622954 8.13113524
v 4.76615356 -7.10622954 8.20663026
v 4.68842917 -7.10622954 8.27969837
v 4.60744820 -7.10622954 8.35033858
v 4.52320973 -7.10622954 8.41855089
v 4.43571378 -7.10622954 8.48433629
v 4.34496123 -7.10622954 8.54769477
v 4.24710274 -7.10622954 8.61275120
v 4.14539491 -7.10622954 8.67586670
v 4.03983772 -7.10622954 8.73704027
v 3.93043117 -7.10622954 8.79627094
v 3.81717618 -7.10622954 8.85355967
v 3.70007094 -7.10622954 8.90890747
v 3.57911724 -7.10622954 8.96231237
v 3.45431419 -7.10622954 9.01377533
v 3.32566179 -7.10622954 9.06329637
v 3.19316004 -7.10622954 9.11087549
v 3.05680894 -7.10622954 9.15651269
v 2.91660938 -7.10622954 9.20020795
v 2.77315234 -7.10622954 9.24115134
v 2.62703057 -7.10622954 9.27853486
v 2.47824406 -7.10622954 9.31235852
v 2.32679193 -7.10622954 9.34262132
v 2.17267598 -7.10622954 9.36932327
v 2.01589439 -7.10622954 9.39246634
v 1.85644898 -7.10622954 9.41204757
v 1.69433794 -7.10622954 9.42806895
v 1.52956217 -7.10622954 9.44053045
v 1.36212167 -7.10622954 9.44943110
v 1.19201645 -7.10622954 9.45477188
v 1.01924604 -7.10622954 9.45655182
v 0.75054183 -7.10622954 9.45218298
v 0.48450234 -7.10622954 9.43907450
v 0.22112758 -7.10622954 9.41722637
v -0.03958200 -7.10622954 9.38663958
v -0.29762730 -7.10622954 9.34731413
v -0.55300742 -7.10622954 9.29925003
v -0.80572237 -7.10622954 9.24244628
v -1.05577304 -7.10622954 9.17690387
v -1.30315853 -7.10622954 9.10262182
v -1.54787929 -7.10622954 9.01960111
v -1.78993532 -7.10622954 8.92784173
v -2.02932663 -7.10622954 8.82734271
v -2.26390579 -7.10622954 8.71681108
v -2.49152743 -7.10622954 8.59494990
v -2.71219065 -7.10622954 8.46176116
v -2.92589566 -7.10622954 8.31724388
v -3.13264247 -7.10622954 8.16139805
v -3.33243131 -7.10622954 7.99422366
v -3.52526172 -7.10622954 7.81572074
v -3.71113415 -7.10622954 7.62589024
v -3.89004816 -7.10622954 7.42473119
v -4.06200419 -7.10622954 7.21224361
v -4.22700202 -7.10622954 6.98842745
v -4.38504154 -7.10622954 6.75328375
v -4.53316197 -7.10622954 6.50648752
v -4.66840243 -7.10622954 6.24771575
v -4.79076281 -7.10622954 5.97696747
v -4.90024311 -7.10622954 5.69424465
v -4.99684344 -7.10622954 5.39954532
v -5.08056369 -7.10622954 5.09287045
v -5.15140397 -7.10622954 4.77422105
v -5.20936417 -7.10622954 4.44359414
v -5.25444428 -7.10622954 4.10099268
v -5.28664437 -7.10622954 3.74641571
v -5.30596444 -7.10622954 3.37986221
v -5.31240448 -7.10622954 3.00133368
v -5.31240448 -7.10622954 -0.14471185
v -5.29930234 -7.10622954 -0.70603164
v -5.25999602 -7.10622954 -1.24032501
v -5.19448543 -7.10622954 -1.74759245
v -5.10277066 -7.10622954 -2.22783369
v -4.98485171 -7.10622954 -2.68104876
v -4.84072849 -7.10622954 -3.10723753
v -4.67040109 -7.10622954 -3.50639999
v -4.47386940 -7.10622954 -3.87853640
v -4.25113344 -7.10622954 -4.22364655
v -4.00219330 -7.10622954 -4.54173050
v -3.72704910 -7.10622954 -4.83278821
v -3.42570062 -7.10622954 -5.09681973
v -3.10555017 -7.10622954 -5.33689986
v -2.77400008 -7.10622954 -5.55610346
v -2.43105036 -7.10622954 -5.75443055
v -2.07670122 -7.10622954 -5.93188110
v -1.71095267 -7.10622954 -6.08845509
v -1.33380425 -7.10622954 -6.22415260
v -0.94525642 -7.10622954 -6.33897356
v -0.54530872 -7.10622954 -6.43291796
v -0.13396161 -7.10622954 -6.50598583
v 0.28878492 -7.10622954 -6.55817713
v 0.72293131 -7.10622954 -6.58949190
v 1.16847666 -7.10622954 -6.59993024
v 1.33465889 -7.10622954 -6.59790731
v 1.49921283 -7.10622954 -6.59183855
v 1.66213802 -7.10622954 -6.58172396
v 1.82343401 -7.10622954 -6.56756352
v 1.98310261 -7.10622954 -6.54935724
v 2.14114201 -7.10622954 -6.52710511
v 2.29755312 -7.10622954 -6.50080716
v 2.45233594 -7.10622954 -6.47046336
v 2.60548955 -7.10622954 -6.43607372
v 2.75701488 -7.10622954 -6.39763823
v 2.90691191 -7.10622954 -6.35515692
v 3.05518064 -7.10622954 -6.30862976
v 3.20108103 -7.10622954 -6.25902773
v 3.34387122 -7.10622954 -6.20732189
v 3.48355300 -7.10622954 -6.15351215
v 3.62012640 -7.10622954 -6.09759874
v 3.75358958 -7.10622954 -6.03958141
v 3.88394528 -7.10622954 -5.97946015
v 4.01119076 -7.10622954 -5.91723518
v 4.13532786 -7.10622954 -5.85290628
v 4.25635565 -7.10622954 -5.78647360
v 4.37427504 -7.10622954 -5.71793706
v 4.48908514 -7.10622954 -5.64729673
v 4.60078593 -7.10622954 -5.57455249
v 4.68820689 -7.10622954 -5.51119468
v 4.77281583 -7.10622954 -5.44540928
v 4.85461095 -7.10622954 -5.37719645
v 4.93359406 -7.10622954 -5.30655606
v 5.00976424 -7.10622954 -5.23348820
v 5.08312151 -7.10622954 -5.15799283
v 5.15366496 -7.10622954 -5.08006995
v 5.22139639 -7.10622954 -4.99971956
v 5.28631490 -7.10622954 -4.91694169
v 5.34842049 -7.10622954 -4.83173629
v 5.40771317 -7.10622954 -4.74410340
v 5.46419292 -7.10622954 -4.65404299
v 5.51697152 -7.10622954 -4.56236427
v 5.56516071 -7.10622954 -4.46987638
v 5.60875960 -7.10622954 -4.37657932
v 5.64776998 -7.10622954 -4.28247304
v 5.68219096 -7.10622954 -4.18755767
v 5.71202254 -7.10622954 -4.09183308
v 5.73726471 -7.10622954 -3.99529933
v 5.75791657 -7.10622954 -3.89795638
v 5.77397994 -7.10622954 -3.79980438
v 5.78545300 -7.10622954 -3.70084317
v 5.79233755 -7.10622954 -3.60107274
v 5.79463271 -7.10622954 -3.50049310
v 5.79285532 -7.10622954 -3.41553046
v 5.78752586 -7.10622954 -3.33153879
v 5.77864344 -7.10622954 -3.24851819
v 5.76620714 -7.10622954 -3.16646857
v 5.75021877 -7.10622954 -3.08538989
v 5.73067653 -7.10622954 -3.00528232
v 5.70758132 -7.10622954 -2.92614569
v 5.68093224 -7.10622954 -2.84798016
v 5.65073109 -7.10622954 -2.77078546
v 5.61697697 -7.10622954 -2.69456174
v 5.57966897 -7.10622954 -2.61930921
v 5.53880801 -7.10622954 -2.54502764
v 5.50231416 -7.10622954 -2.48037495
v 5.46389654 -7.10622954 -2.41847365
v 5.42355425 -7.10622954 -2.35932349
v 5.38128637 -7.10622954 -2.30292448
v 5.33709472 -7.10622954 -2.24927660
v 5.29097840 -7.10622954 -2.19838011
v 5.24293740 -7.10622954 -2.15023452
v 5.19297172 -7.10622954 -2.10484006
v 5.14108137 -7.10622954 -2.06219700
v 5.08726634 -7.10622954 -2.02230508
v 5.03152664 -7.10622954 -1.98516430
v 4.97386316 -7.10622954 -1.95077466
v 4.91486596 -7.10622954 -1.91913616
v 4.85512962 -7.10622954 -1.89024880
v 4.79465232 -7.10622954 -1.86411259
v 4.73343497 -7.10622954 -1.84072776
v 4.67147756 -7.10622954 -1.82009407
v 4.60878011 -7.10622954 -1.80221129
v 4.54534260 -7.10622954 -1.78707988
v 4.48116414 -7.10622954 -1.77469963
v 4.41624563 -7.10622954 -1.76507050
v 4.35058707 -7.10622954 -1.75819253
v 4.28418845 -7.10622954 -1.75406593
v 4.21704979 -7.10622954 -1.75269024
v 4.16057003 -7.10622954 -1.75358045
v 4.10483032 -7.10622954 -1.75625060
v 4.04983067 -7.10622954 -1.76070093
v 3.99557197 -7.10622954 -1.76693168
v 3.94205333 -7.10622954 -1.77494237
v 3.88927473 -7.10622954 -1.78473322
v 3.83723619 -7.10622954 -1.79630452
v 3.78593770 -7.10622954 -1.80965574
v 3.73538016 -7.10622954 -1.82478714
v 3.68556267 -7.10622954 -1.84169873
v 3.63648524 -7.10622954 -1.86039048
v 3.58814786 -7.10622954 -1.88086242
v 3.53921861 -7.10622954 -1.90295280
v 3.48836470 -7.10622954 -1.92649962
v 3.43558610 -7.10622954 -1.95150288
v 3.38088283 -7.10622954 -1.97796258
v 3.32425488 -7.10622954 -2.00587897
v 3.26570316 -7.10622954 -2.03525182
v 3.20522586 -7.10622954 -2.06608110
v 3.14282389 -7.10622954 -2.09836681
v 3.07849814 -7.10622954 -2.13210924
v 3.01224771 -7.10622954 -2.16730784
v 2.94407171 -7.10622954 -2.20396314
v 2.87397193 -7.10622954 -2.24207513
v 2.51895684 -7.10622954 5.19514940
v 2.46299485 -7.10622954 5.22039540
v 2.40762562 -7.10622954 5.24434745
v 2.80661098 -7.10622954 -2.27614104
v 2.73954550 -7.10622954 -2.30842676
v 2.35284825 -7.10622954 5.26700356
v 2.67277641 -7.10622954 -2.33893255
v 2.29866365 -7.10622954 5.28836571
v 2.60630370 -7.10622954 -2.36765792
v 2.24507091 -7.10622954 5.30843292
v 2.54012737 -7.10622954 -2.39460335
v 2.19207003 -7.10622954 5.32720617
v 2.13966191 -7.10622954 5.34468448
v 2.47424652 -7.10622954 -2.41976835
v 2.08784565 -7.10622954 5.36086783
v 2.40866205 -7.10622954 -2.44315343
v 2.03662126 -7.10622954 5.37575624
v 2.34337306 -7.10622954 -2.46475807
v 1.98598962 -7.10622954 5.38934972
v 2.27838136 -7.10622954 -2.48458279
v 1.93594985 -7.10622954 5.40164922
v 2.21368513 -7.10622954 -2.50262708
v 1.88502184 -7.10622954 5.41281579
v 2.14928439 -7.10622954 -2.51889143
v 1.83172457 -7.10622954 5.42301138
v 2.08518092 -7.10622954 -2.53337561
v 1.77605987 -7.10622954 5.43223602
v 2.02018832 -7.10622954 -2.54640309
v 1.71802501 -7.10622954 5.44048968
v 1.95312284 -7.10622954 -2.55829787
v 1.65762271 -7.10622954 5.44777239
v 1.88398540 -7.10622954 -2.56905995
v 1.59485025 -7.10622954 5.45408316
v 1.81277510 -7.10622954 -2.57868906
v 1.52971036 -7.10622954 5.45942395
v 1.73949192 -7.10622954 -2.58718523
v 1.46220122 -7.10622954 5.46379377
v 1.66413679 -7.10622954 -2.59454869
v 1.39232327 -7.10622954 5.46719164
v 1.58670788 -7.10622954 -2.60077920
v 1.32007653 -7.10622954 5.46961953
v 1.50720701 -7.10622954 -2.60587700
v 1.24546100 -7.10622954 5.47107648
v 1.42563327 -7.10622954 -2.60984183
v 1.16847666 -7.10622954 5.47156146
v 1.34198712 -7.10622954 -2.61267397
v 1.02798073 -7.10622954 5.46775861
v 1.25626855 -7.10622954 -2.61437315
v 0.89074183 -7.10622954 5.45634907
v 1.16847666 -7.10622954 -2.61493963
v 0.75675953 -7.10622954 5.43733382
v 1.02464959 -7.10622954 -2.61113653
v 0.62603471 -7.10622954 5.41071187
v 0.88452368 -7.10622954 -2.59972724
v 0.49856648 -7.10622954 5.37648422
v 0.74809893 -7.10622954 -2.58071198
v 0.37435575 -7.10622954 5.33464989
v 0.61537535 -7.10622954 -2.55409029
v 0.25340160 -7.10622954 5.28520984
v 0.48635292 -7.10622954 -2.51986239
v 0.13570494 -7.10622954 5.22816409
v 0.36103166 -7.10622954 -2.47802855
v 0.02126488 -7.10622954 5.16351164
v 0.23941155 -7.10622954 -2.42858825
v -0.08991815 -7.10622954 5.09125250
v 0.12149261 -7.10622954 -2.37154201
v -0.19784369 -7.10622954 5.01138767
v 0.00727438 -7.10622954 -2.30688932
v -0.30251263 -7.10622954 4.92391712
v -0.10324224 -7.10622954 -2.23463068
v -0.40125981 -7.10622954 4.82705897
v -0.21005770 -7.10622954 -2.15476584
v -0.49142005 -7.10622954 4.71903523
v -0.31317200 -7.10622954 -2.06729479
v -0.57299333 -7.10622954 4.59984495
v -0.41021634 -7.10622954 -1.97043738
v -0.64598058 -7.10622954 4.46948810
v -0.49882237 -7.10622954 -1.86241340
v -0.71038042 -7.10622954 4.32796469
v -0.57898920 -7.10622954 -1.74322312
v -0.76619422 -7.10622954 4.17527474
v -0.65071772 -7.10622954 -1.61286603
v -0.81342107 -7.10622954 4.01141822
v -0.71400794 -7.10622954 -1.47134262
v -0.85206098 -7.10622954 3.83639515
v -0.76885895 -7.10622954 -1.31865266
v -0.88211439 -7.10622954 3.65020552
v -0.81527165 -7.10622954 -1.15479614
v -0.90358131 -7.10622954 3.45284932
v -0.91646127 -7.10622954 3.24432657
v -0.85324560 -7.10622954 -0.97977307
v -0.92075475 -7.10622954 3.02463776
v -0.88278080 -7.10622954 -0.79358369
v -0.92075475 -7.10622954 -0.16801544
v -0.90387724 -7.10622954 -0.59622749
v -0.91653537 -7.10622954 -0.38770474
v 2.67492337 7.10622954 5.11799546
v 2.64153928 7.10622954 5.13510977
v 2.60889478 7.10622954 5.15149512
v 2.77063580 7.10622954 5.07102331
v 2.70460721 7.10622954 5.10452298
v 2.73947186 7.10622954 5.08595272
v 2.80253979 7.10622954 5.05536592
v 2.89381055 7.10622954 5.01276312
v 2.86412717 7.10622954 5.02623558
v 2.92423399 7.10622954 4.99856217
v 2.82185975 7.10622954 5.05208906
v 2.95095627 7.10622954 4.98800260
v 3.01106309 7.10622954 4.96032918
v 2.98286026 7.10622954 4.97234521
v 3.04000597 7.10622954 4.94758469
v 3.12239386 7.10622954 4.91372103
v 3.09567158 7.10622954 4.92428062
v 3.14985663 7.10622954 4.90243298
v 3.17361780 7.10622954 4.89478678
v 3.22780286 7.10622954 4.87293914
v 3.20256113 7.10622954 4.88204228
v 3.25378508 7.10622954 4.86310803
v 3.32965888 7.10622954 4.83798302
v 3.30412078 7.10622954 4.84562972
v 3.35475287 7.10622954 4.82960787
v 3.03030940 7.10622954 4.98217682
v 3.27665845 7.10622954 4.86565643
v 3.38206745 7.10622954 4.82487455
v 3.43269954 7.10622954 4.80885268
v 3.40627319 7.10622954 4.81504294
v 3.45868176 7.10622954 4.80193445
v 3.53929271 7.10622954 4.78554861
v 3.51197812 7.10622954 4.79028242
v 3.56616272 7.10622954 4.78008682
v 3.59525425 7.10622954 4.77826639
v 3.64943885 7.10622954 4.76807080
v 3.62123602 7.10622954 4.77134766
v 3.67719756 7.10622954 4.76406546
v 3.76313887 7.10622954 4.75641876
v 3.73404779 7.10622954 4.75823968
v 3.79178627 7.10622954 4.75386986
v 3.71250724 7.10622954 4.77244012
v 3.82265338 7.10622954 4.75496231
v 3.88039185 7.10622954 4.75059249
v 3.85041254 7.10622954 4.75095697
v 3.90992705 7.10622954 4.74950053
v 4.08943337 7.10622954 4.76111207
v 4.01637248 7.10622954 4.75212993
v 4.16589948 7.10622954 4.76410595
v 4.22533990 7.10622954 4.79703915
v 4.37486690 7.10622954 4.80901516
v 4.30861603 7.10622954 4.78805750
v 4.44452256 7.10622954 4.82398458
v 4.63305995 7.10622954 4.90482038
v 4.57361908 7.10622954 4.87188718
v 4.69590559 7.10622954 4.93176532
v 4.22889332 7.10622954 4.96405104
v 4.45629245 7.10622954 4.94074697
v 4.74172598 7.10622954 4.98865007
v 4.86401250 7.10622954 5.04852821
v 4.81138209 7.10622954 5.00361948
v 4.92004813 7.10622954 5.08744916
v 5.06772410 7.10622954 5.24013913
v 5.02190371 7.10622954 5.18325486
v 5.11694927 7.10622954 5.29103610
v 5.14914965 7.10622954 5.37187190
v 5.24419522 7.10622954 5.47965314
v 5.20518528 7.10622954 5.41079287
v 5.28661083 7.10622954 5.54252565
v 5.35819116 7.10622954 5.67870876
v 5.34264647 7.10622954 5.64472361
v 5.37521686 7.10622954 5.71204645
v 5.20836823 7.10622954 5.50910648
v 5.38483934 7.10622954 5.74862051
v 5.41740974 7.10622954 5.81594333
v 5.40482615 7.10622954 5.78066374
v 5.43147433 7.10622954 5.85057547
v 5.46478479 7.10622954 5.95835671
v 5.45516140 7.10622954 5.92178216
v 5.47588827 7.10622954 5.99428379
v 5.47958943 7.10622954 6.03344774
v 5.50031629 7.10622954 6.10594937
v 5.49365402 7.10622954 6.06808036
v 5.50845867 7.10622954 6.14317138
v 5.52400336 7.10622954 6.25872032
v 5.52030220 7.10622954 6.21955637
v 5.52918463 7.10622954 6.29723630
v 4.51195806 7.10622954 5.64634155
v 5.25574327 7.10622954 5.81464839
v 5.49143297 7.10622954 6.19139699
v 5.52696447 7.10622954 6.33898964
v 5.53584690 7.10622954 6.41666958
v 5.53510685 7.10622954 6.37621118
v 5.53806796 7.10622954 6.45648050
v 5.53436680 7.10622954 6.59355358
v 5.53769748 7.10622954 6.54536798
v 5.53325627 7.10622954 6.64198266
v 5.52104226 7.10622954 6.68919729
v 5.51660104 7.10622954 6.78581197
v 5.52437384 7.10622954 6.73811136
v 5.51104930 7.10622954 6.83375507
v 5.48106953 7.10622954 6.97612844
v 5.49328355 7.10622954 6.92891332
v 5.47107658 7.10622954 7.02358607
v 5.46774590 7.10622954 6.87757184
v 5.44998014 7.10622954 7.06983023
v 5.42777317 7.10622954 7.16450298
v 5.44442840 7.10622954 7.11777334
v 5.41333901 7.10622954 7.21147513
v 5.35671106 7.10622954 7.35093511
v 5.37780750 7.10622954 7.30469144
v 5.33783477 7.10622954 7.39742178
v 5.30785591 7.10622954 7.44269499
v 5.26788319 7.10622954 7.53542531
v 5.29342084 7.10622954 7.48966663
v 5.24456569 7.10622954 7.58142650
v 5.16247419 7.10622954 7.71603167
v 5.19156526 7.10622954 7.67221540
v 5.13501141 7.10622954 7.76106188
v 5.25929624 7.10622954 7.23490021
v 5.18823413 7.10622954 7.61553314
v 5.09940626 7.10622954 7.80002335
v 5.04285241 7.10622954 7.88886983
v 5.07520052 7.10622954 7.84748097
v 5.01213259 7.10622954 7.93147265
v 4.91020292 7.10622954 8.05199837
v 4.94580807 7.10622954 8.01303691
v 4.87622651 7.10622954 8.09217378
v 4.83410682 7.10622954 8.12627994
v 4.76452526 7.10622954 8.20541681
v 4.80338746 7.10622954 8.16888276
v 4.72729137 7.10622954 8.24316431
v 4.60581945 7.10622954 8.34912463
v 4.64793869 7.10622954 8.31501847
v 4.56532897 7.10622954 8.38444473
v 4.66237285 7.10622954 8.26027814
v 4.51669520 7.10622954 8.41369657
v 4.43408548 7.10622954 8.48312283
v 4.47946175 7.10622954 8.45144359
v 4.39033750 7.10622954 8.51601553
v 4.24517807 7.10622954 8.61178074
v 4.29603199 7.10622954 8.58022299
v 4.19624883 7.10622954 8.64430896
v 4.13769620 7.10622954 8.67198285
v 4.03791304 7.10622954 8.73606882
v 4.09261631 7.10622954 8.70645349
v 3.98513445 7.10622954 8.76665561
v 3.81525106 7.10622954 8.85258920
v 3.87380368 7.10622954 8.82491531
v 3.75862356 7.10622954 8.88123357
v 3.46971115 7.10622954 6.90475976
v 4.49656110 7.10622954 7.75535712
v 4.21704933 7.10622954 8.49331842
v 3.89963771 7.10622954 8.78073504
v 3.69237268 7.10622954 8.90502313
v 3.57719256 7.10622954 8.96134141
v 3.63959409 7.10622954 8.93560992
v 3.51671572 7.10622954 8.98804385
v 3.32373712 7.10622954 9.06232542
v 3.38998799 7.10622954 9.03853585
v 3.25941092 7.10622954 9.08708593
v 3.18546179 7.10622954 9.10699164
v 3.05488471 7.10622954 9.15554172
v 3.12498449 7.10622954 9.13369408
v 2.98670916 7.10622954 9.17836032
v 2.77181997 7.10622954 9.23937141
v 2.84488086 7.10622954 9.22067965
v 2.70009145 7.10622954 9.25984310
v 2.89055306 7.10622954 9.17819833
v 2.62170066 7.10622954 9.27141464
v 2.47691125 7.10622954 9.31057809
v 2.55263731 7.10622954 9.29544669
v 2.40251800 7.10622954 9.32748992
v 2.17134316 7.10622954 9.36754383
v 2.24973396 7.10622954 9.35597229
v 2.09428518 7.10622954 9.38089480
v 2.01056494 7.10622954 9.38534513
v 1.85511616 7.10622954 9.41026765
v 1.93617169 7.10622954 9.40225696
v 1.77539346 7.10622954 9.42005826
v 1.52822980 7.10622954 9.43875003
v 1.61195005 7.10622954 9.43429970
v 1.44584192 7.10622954 9.44498077
v 2.23678012 7.10622954 9.23516357
v 1.67301899 7.10622954 9.39958657
v 1.35679199 7.10622954 9.44231038
v 1.19068386 7.10622954 9.45299146
v 1.27706906 7.10622954 9.45210149
v 1.10563124 7.10622954 9.45566185
v 0.75187419 7.10622954 9.44781315
v 0.88489393 7.10622954 9.45436740
v 0.61752208 7.10622954 9.44562874
v 0.48983202 7.10622954 9.42159570
v 0.22246017 7.10622954 9.41285704
v 0.35281496 7.10622954 9.42815044
v 0.09077279 7.10622954 9.40193298
v -0.29629471 7.10622954 9.34294481
v -0.16860465 7.10622954 9.36697686
v -0.42531736 7.10622954 9.32328208
v -0.01826350 7.10622954 9.31672784
v -0.54767752 7.10622954 9.28177173
v -0.80439023 7.10622954 9.23807695
v -0.67936490 7.10622954 9.27084816
v -0.93074770 7.10622954 9.20967508
v -1.30182616 7.10622954 9.09825248
v -1.17946578 7.10622954 9.13976285
v -1.42551891 7.10622954 9.06111146
v -1.54254983 7.10622954 9.00212329
v -1.78860296 7.10622954 8.92347191
v -1.66890731 7.10622954 8.97372141
v -1.90963098 7.10622954 8.87759222
v -2.26042703 7.10622954 8.71114630
v -2.14661621 7.10622954 8.77207690
v -2.37771661 7.10622954 8.65588048
v 0.27960622 7.10622954 6.55649404
v 0.26420927 7.10622954 8.66550961
v -0.95332481 7.10622954 8.88689785
v -1.99083435 7.10622954 8.74707388
v -2.47761114 7.10622954 8.57229330
v -2.70871155 7.10622954 8.45609689
v -2.60185904 7.10622954 8.52835553
v -2.81904315 7.10622954 8.38950253
v -3.12916348 7.10622954 8.15573377
v -3.02926907 7.10622954 8.23932096
v -3.23253689 7.10622954 8.07781085
v -3.31851491 7.10622954 7.97156706
v -3.52178273 7.10622954 7.81005695
v -3.42884651 7.10622954 7.90497220
v -3.61819793 7.10622954 7.72080549
v -3.88656917 7.10622954 7.41906692
v -3.80059115 7.10622954 7.52531072
v -3.97602617 7.10622954 7.31848739
v -3.65546860 7.10622954 7.53526382
v -4.04808784 7.10622954 7.18958699
v -4.22352286 7.10622954 6.98276368
v -4.14450310 7.10622954 7.10033553
v -4.30602178 7.10622954 6.87085560
v -4.52672198 7.10622954 6.50049975
v -4.45910175 7.10622954 6.62988564
v -4.60078220 7.10622954 6.37710164
v -4.64264232 7.10622954 6.22376421
v -4.78432277 7.10622954 5.97098020
v -4.72958262 7.10622954 6.11234161
v -4.84550296 7.10622954 5.83560606
v -4.99040340 7.10622954 5.39355755
v -4.94854327 7.10622954 5.54689498
v -5.03870356 7.10622954 5.24620788
v -4.06762991 7.10622954 6.38041901
v -4.79720285 7.10622954 5.59843894
v -5.05480364 7.10622954 5.06891939
v -5.14496393 7.10622954 4.76823229
v -5.11598383 7.10622954 4.93354574
v -5.18038407 7.10622954 4.60890759
v -5.24800427 7.10622954 4.09500492
v -5.23190422 7.10622954 4.27229341
v -5.27054433 7.10622954 3.92370419
v -5.26088432 7.10622954 3.72246390
v -5.29952443 7.10622954 3.37387469
v -5.29630441 7.10622954 3.56313895
v -5.30918446 7.10622954 3.19059795
v -5.30585341 7.10622954 1.14765101
v -5.31240448 7.10622954 1.42831092
v -5.30585341 7.10622954 -0.42537175
v -5.20192480 7.10622954 1.34800084
v -5.25344495 7.10622954 0.62687062
v -5.24689388 7.10622954 -1.22681205
v -5.27964918 7.10622954 -0.97317833
v -5.22724072 7.10622954 -1.49395874
v -5.08966857 7.10622954 -2.21432061
v -5.14862804 7.10622954 -1.98771307
v -5.04381118 7.10622954 -2.45444123
v -4.93244326 7.10622954 -2.62699622
v -4.82762640 7.10622954 -3.09372438
v -4.91279010 7.10622954 -2.89414315
v -4.75556479 7.10622954 -3.30681877
v -4.46076726 7.10622954 -3.86502328
v -4.57213525 7.10622954 -3.69246820
v -4.36250142 7.10622954 -4.05109147
v -3.32647238 7.10622954 1.74222784
v -4.46820663 7.10622954 -0.19459704
v -4.46076726 7.10622954 -3.29019032
v -4.19872509 7.10622954 -4.16959410
v -3.98909127 7.10622954 -4.52821738
v -4.12666337 7.10622954 -4.38268853
v -3.86462120 7.10622954 -4.68725936
v -3.41629963 7.10622954 -5.08484403
v -3.57637486 7.10622954 -4.96480397
v -3.26562539 7.10622954 -5.21685979
v -3.07904973 7.10622954 -5.29360939
v -2.76830026 7.10622954 -5.54566521
v -2.93977513 7.10622954 -5.44650167
v -2.60252522 7.10622954 -5.65526701
v -2.07100151 7.10622954 -5.92144282
v -2.25387579 7.10622954 -5.84315583
v -1.89382694 7.10622954 -6.01016810
v -2.33615276 7.10622954 -5.58588088
v -1.68815339 7.10622954 -6.04670206
v -1.32810454 7.10622954 -6.21371433
v -1.52237846 7.10622954 -6.15630384
v -1.13953033 7.10622954 -6.28156308
v -0.53960901 7.10622954 -6.42247969
v -0.74528257 7.10622954 -6.38594576
v -0.33963516 7.10622954 -6.46945190
v -0.11116255 7.10622954 -6.46423273
v 0.29448485 7.10622954 -6.54773886
v 0.07741166 7.10622954 -6.53208149
v 0.50585811 7.10622954 -6.57383452
v 1.02879510 7.10622954 -6.59369961
v 0.94570399 7.10622954 -6.59471107
v 1.25156778 7.10622954 -6.59891878
v -1.03245554 7.10622954 -5.70725608
v 0.35844080 7.10622954 -6.46034875
v 1.19253466 7.10622954 -6.58560792
v 1.49839845 7.10622954 -6.58981563
v 1.41693586 7.10622954 -6.59487293
v 1.58067542 7.10622954 -6.58678125
v 1.82262031 7.10622954 -6.56554060
v 1.74278601 7.10622954 -6.57464374
v 1.90326831 7.10622954 -6.55846037
v 1.97984557 7.10622954 -6.54126556
v 2.14032787 7.10622954 -6.52508219
v 2.06212231 7.10622954 -6.53823118
v 2.21934757 7.10622954 -6.51395614
v 2.45152134 7.10622954 -6.46844044
v 2.37494453 7.10622954 -6.48563526
v 2.52891275 7.10622954 -6.45326854
v 2.28452496 7.10622954 -6.46844044
v 2.60223251 7.10622954 -6.42798203
v 2.75620073 7.10622954 -6.39561531
v 2.68125222 7.10622954 -6.41685598
v 2.83196339 7.10622954 -6.37639758
v 3.05399647 7.10622954 -6.30709232
v 2.98104627 7.10622954 -6.33189333
v 3.12813084 7.10622954 -6.28382874
v 3.19523246 7.10622954 -6.25433453
v 3.34231702 7.10622954 -6.20626993
v 3.27247612 7.10622954 -6.23317481
v 3.41371211 7.10622954 -6.18041702
v 3.61857129 7.10622954 -6.09654678
v 3.55183970 7.10622954 -6.12555544
v 3.68685799 7.10622954 -6.06859007
v 0.14207083 7.10622954 -5.37501169
v 2.83666439 7.10622954 -6.24947957
v 3.45905134 7.10622954 -6.13619605
v 3.74737188 7.10622954 -6.03537366
v 3.88239017 7.10622954 -5.97840829
v 3.81876743 7.10622954 -6.00952078
v 3.94756802 7.10622954 -5.94834767
v 4.13377321 7.10622954 -5.85185439
v 4.07325931 7.10622954 -5.88507073
v 4.19584175 7.10622954 -5.81968994
v 4.25013795 7.10622954 -5.78226596
v 4.37272039 7.10622954 -5.71688517
v 4.31531534 7.10622954 -5.75220533
v 4.43168009 7.10622954 -5.68261690
v 4.58864601 7.10622954 -5.57924571
v 4.54493553 7.10622954 -5.61092461
v 4.64449641 7.10622954 -5.54287358
v 4.43290086 7.10622954 -5.64721582
v 4.67184804 7.10622954 -5.51224659
v 4.77140892 7.10622954 -5.44419556
v 4.73051136 7.10622954 -5.47830198
v 4.81371339 7.10622954 -5.41130287
v 4.93218760 7.10622954 -5.30534233
v 4.89410250 7.10622954 -5.34187626
v 4.97167915 7.10622954 -5.27002213
v 5.00413795 7.10622954 -5.22863321
v 5.08171460 7.10622954 -5.15677907
v 5.04644288 7.10622954 -5.19574051
v 5.11839323 7.10622954 -5.11903139
v 5.21998993 7.10622954 -4.99850582
v 5.18753067 7.10622954 -5.03989477
v 5.25385564 7.10622954 -4.95833063
v 4.70945197 7.10622954 -5.33066930
v 5.13116206 7.10622954 -5.06064993
v 5.28068906 7.10622954 -4.91208668
v 5.34701403 7.10622954 -4.83052254
v 5.31736770 7.10622954 -4.87433899
v 5.37806683 7.10622954 -4.78791985
v 5.46234234 7.10622954 -4.65323384
v 5.43595305 7.10622954 -4.69907320
v 5.49058222 7.10622954 -4.60820363
v 5.50823638 7.10622954 -4.56034136
v 5.56286556 7.10622954 -4.46947180
v 5.54106612 7.10622954 -4.51612033
v 5.58696015 7.10622954 -4.42322784
v 5.64547528 7.10622954 -4.28206849
v 5.62826479 7.10622954 -4.32952618
v 5.66498047 7.10622954 -4.23501536
v 5.57248894 7.10622954 -4.36970137
v 5.67301215 7.10622954 -4.18593933
v 5.70972783 7.10622954 -4.09142850
v 5.69710675 7.10622954 -4.13969538
v 5.72464362 7.10622954 -4.04356621
v 5.75562232 7.10622954 -3.89755186
v 5.74759064 7.10622954 -3.94662786
v 5.76594826 7.10622954 -3.84888038
v 5.76480113 7.10622954 -3.79818604
v 5.78315875 7.10622954 -3.70043856
v 5.77971647 7.10622954 -3.75032378
v 5.78889527 7.10622954 -3.65095796
v 5.79259644 7.10622954 -3.50830161
v 5.79348513 7.10622954 -3.55078292
v 5.79374401 7.10622954 -3.45801178
v 1.02579717 7.10622954 -4.04065320
v 4.89491710 7.10622954 -4.58287669
v 5.59317830 7.10622954 -3.99631080
v 5.75795407 7.10622954 -3.62190876
v 5.78549050 7.10622954 -3.42479547
v 5.78574938 7.10622954 -3.33202433
v 5.79019059 7.10622954 -3.37353462
v 5.78308465 7.10622954 -3.29002848
v 5.76443110 7.10622954 -3.16695405
v 5.77242529 7.10622954 -3.20749338
v 5.75821296 7.10622954 -3.12592923
v 5.74311238 7.10622954 -3.08733194
v 5.72890005 7.10622954 -3.00576780
v 5.74044765 7.10622954 -3.04533611
v 5.71912893 7.10622954 -2.96571400
v 5.67915621 7.10622954 -2.84846558
v 5.69425678 7.10622954 -2.88706293
v 5.66583166 7.10622954 -2.80938281
v 5.67915621 7.10622954 -2.93391370
v 5.64362515 7.10622954 -2.77272746
v 5.61520003 7.10622954 -2.69504734
v 5.63385403 7.10622954 -2.73267361
v 5.59832297 7.10622954 -2.65693547
v 5.54099157 7.10622954 -2.54984208
v 5.55923849 7.10622954 -2.58216843
v 5.52056109 7.10622954 -2.51270131
v 5.50161161 7.10622954 -2.48931635
v 5.46293420 7.10622954 -2.41984922
v 5.48310535 7.10622954 -2.44942430
v 5.44372539 7.10622954 -2.38889857
v 5.38032449 7.10622954 -2.30430005
v 5.40242031 7.10622954 -2.33112398
v 5.35919055 7.10622954 -2.27610054
v 5.51079042 7.10622954 -2.69937635
v 5.41130319 7.10622954 -2.38477187
v 5.33324582 7.10622954 -2.25477901
v 5.29001606 7.10622954 -2.19975556
v 5.31403656 7.10622954 -2.22382836
v 5.26695790 7.10622954 -2.17430731
v 5.19200938 7.10622954 -2.10621576
v 5.21795456 7.10622954 -2.12753729
v 5.16702655 7.10622954 -2.08351853
v 5.13723202 7.10622954 -2.06769940
v 5.08630400 7.10622954 -2.02368065
v 5.11417386 7.10622954 -2.04225104
v 5.05939649 7.10622954 -2.00373468
v 4.97319630 7.10622954 -1.95215023
v 5.00269490 7.10622954 -1.96796948
v 4.94436456 7.10622954 -1.93495541
v 5.01879486 7.10622954 -2.00717355
v 4.91308948 7.10622954 -1.92463844
v 4.85475914 7.10622954 -1.89162437
v 4.88499779 7.10622954 -1.90469248
v 4.82489097 7.10622954 -1.87718069
v 4.73306494 7.10622954 -1.84210334
v 4.76404364 7.10622954 -1.85242017
v 4.70245627 7.10622954 -1.83041092
v 4.66999746 7.10622954 -1.82559624
v 4.60841008 7.10622954 -1.80358698
v 4.64012884 7.10622954 -1.81115269
v 4.57706136 7.10622954 -1.79464558
v 4.48079412 7.10622954 -1.77607520
v 4.51325337 7.10622954 -1.78088976
v 4.44870489 7.10622954 -1.76988507
v 5.03141594 7.10622954 -2.50129206
v 4.76356293 7.10622954 -1.95215023
v 4.53942039 7.10622954 -1.80908927
v 4.41476553 7.10622954 -1.77057291
v 4.35021704 7.10622954 -1.75956822
v 4.38341635 7.10622954 -1.76163152
v 4.31738776 7.10622954 -1.75612923
v 4.22237924 7.10622954 -1.75382319
v 4.25061912 7.10622954 -1.75337809
v 4.18880991 7.10622954 -1.75313535
v 4.16700956 7.10622954 -1.75738343
v 4.10520035 7.10622954 -1.75714069
v 4.13270018 7.10622954 -1.75491553
v 4.07733050 7.10622954 -1.75847576
v 3.99594200 7.10622954 -1.76782165
v 4.02270132 7.10622954 -1.76381630
v 3.96881265 7.10622954 -1.77093702
v 4.06071232 7.10622954 -1.77518523
v 3.94353343 7.10622954 -1.77850273
v 3.88964476 7.10622954 -1.78562344
v 3.91566403 7.10622954 -1.77983780
v 3.86325546 7.10622954 -1.79051887
v 3.78630817 7.10622954 -1.81054583
v 3.81158694 7.10622954 -1.80298013
v 3.76065893 7.10622954 -1.81722144
v 3.73686071 7.10622954 -1.82834750
v 3.68593270 7.10622954 -1.84258882
v 3.71047142 7.10622954 -1.83324293
v 3.66102396 7.10622954 -1.85104460
v 3.58785193 7.10622954 -1.88167164
v 3.61231655 7.10622954 -1.87062646
v 3.56368324 7.10622954 -1.89190761
v 3.85988728 7.10622954 -1.85278441
v 3.63641114 7.10622954 -1.87390370
v 3.53603567 7.10622954 -1.90594669
v 3.48740236 7.10622954 -1.92722784
v 3.51379165 7.10622954 -1.91472621
v 3.46197540 7.10622954 -1.93900125
v 3.37992049 7.10622954 -1.97869092
v 3.40823446 7.10622954 -1.96473273
v 3.35256886 7.10622954 -1.99192078
v 3.32040598 7.10622954 -2.00879198
v 3.26474037 7.10622954 -2.03598003
v 3.29497902 7.10622954 -2.02056540
v 3.23546451 7.10622954 -2.05066645
v 3.14186200 7.10622954 -2.09909517
v 3.17402487 7.10622954 -2.08222396
v 3.11066101 7.10622954 -2.11523803
v 3.18982890 7.10622954 -2.07773301
v 3.07464879 7.10622954 -2.13502212
v 3.01128492 7.10622954 -2.16803618
v 3.04537293 7.10622954 -2.14970854
v 2.97815971 7.10622954 -2.18563550
v 4.32630769 7.10622954 -2.74529667
v 3.57908019 7.10622954 -1.99807054
v 3.15477902 7.10622954 -2.09678901
v 2.90902182 7.10622954 -2.22301914
v 2.54723376 7.10622954 5.18187943
v 3.00203247 7.10622954 4.99544680
v 2.97405148 7.10622954 5.00806980
v 2.49097584 7.10622954 5.20777241
v 2.94636686 7.10622954 5.02004583
v -0.25913502 7.10622954 6.78079566
v 2.43531023 7.10622954 5.23237143
v 4.29262721 7.10622954 -2.76232961
v 2.84029146 7.10622954 -2.25910808
v 4.25909447 7.10622954 -2.77847248
v 2.77307824 7.10622954 -2.29228389
v -0.28652370 7.10622954 6.79212372
v 2.38023694 7.10622954 5.25567550
v 4.22570992 7.10622954 -2.79372537
v 2.70616096 7.10622954 -2.32367965
v -0.31361600 7.10622954 6.80280480
v 2.32575595 7.10622954 5.27768463
v 4.19247357 7.10622954 -2.80808806
v 2.63954006 7.10622954 -2.35329524
v -0.34041238 7.10622954 6.81283840
v 2.27186728 7.10622954 5.29839932
v -0.59346086 7.10622954 -3.61369578
v 4.15938540 7.10622954 -2.82156077
v 2.57321554 7.10622954 -2.38113064
v -0.36691282 7.10622954 6.82222503
v 2.21857047 7.10622954 5.31781954
v -0.39311688 7.10622954 6.83096418
v 2.16586597 7.10622954 5.33594532
v -0.62640129 7.10622954 -3.62627828
v 2.50718695 7.10622954 -2.40718585
v -0.41902500 7.10622954 6.83905586
v 2.11375378 7.10622954 5.35277615
v -0.65919352 7.10622954 -3.63797081
v 2.44145429 7.10622954 -2.43146089
v -0.44463720 7.10622954 6.84650006
v 2.06223345 7.10622954 5.36831204
v -0.69183802 7.10622954 -3.64877314
v 2.37601756 7.10622954 -2.45395575
v -0.46995302 7.10622954 6.85329680
v 2.01130544 7.10622954 5.38255298
v -0.72433387 7.10622954 -3.65868550
v 2.31087721 7.10622954 -2.47467044
v -0.49497290 7.10622954 6.85944656
v 1.96096974 7.10622954 5.39549948
v -0.75668198 7.10622954 -3.66770764
v 2.24603325 7.10622954 -2.49360493
v -0.52043691 7.10622954 6.86502984
v 1.91048584 7.10622954 5.40723251
v -0.78888236 7.10622954 -3.67583982
v 2.18148476 7.10622954 -2.51075926
v -0.54708554 7.10622954 6.87012764
v 1.85837320 7.10622954 5.41791359
v -0.82093409 7.10622954 -3.68308191
v 2.11723266 7.10622954 -2.52613352
v -0.57491790 7.10622954 6.87473995
v 1.80389222 7.10622954 5.42762370
v -0.85343039 7.10622954 -3.68959565
v 2.05268462 7.10622954 -2.53988936
v -0.60393533 7.10622954 6.87886678
v 1.74704244 7.10622954 5.43636286
v -0.88696313 7.10622954 -3.69554305
v 1.98665558 7.10622954 -2.55235048
v -0.63413648 7.10622954 6.88250814
v 1.68782386 7.10622954 5.44413104
v -0.92153185 7.10622954 -3.70092407
v 1.91855412 7.10622954 -2.56367891
v -0.66552270 7.10622954 6.88566352
v 1.62623648 7.10622954 5.45092778
v -0.95713700 7.10622954 -3.70573863
v 1.84838025 7.10622954 -2.57387451
v -0.69809265 7.10622954 6.88833391
v 1.56228031 7.10622954 5.45675355
v -0.99377859 7.10622954 -3.70998672
v 1.77613351 7.10622954 -2.58293715
v -0.73184722 7.10622954 6.89051882
v 1.49595579 7.10622954 5.46160886
v -1.03145616 7.10622954 -3.71366845
v 1.70181436 7.10622954 -2.59086696
v -0.76678619 7.10622954 6.89221776
v 1.42726224 7.10622954 5.46549271
v -1.07017061 7.10622954 -3.71678370
v 1.62542233 7.10622954 -2.59766394
v -0.80290956 7.10622954 6.89343171
v 1.35619990 7.10622954 5.46840558
v -1.10992104 7.10622954 -3.71933260
v 1.54695745 7.10622954 -2.60332810
v -0.84021733 7.10622954 6.89416018
v 1.28276877 7.10622954 5.47034801
v -1.15070791 7.10622954 -3.72131502
v 1.46642014 7.10622954 -2.60785941
v -0.87870950 7.10622954 6.89440267
v 1.20696883 7.10622954 5.47131896
v -1.19253099 7.10622954 -3.72273109
v 1.38381020 7.10622954 -2.61125790
v -0.94895747 7.10622954 6.89250125
v 1.09822870 7.10622954 5.46966003
v -1.23539027 7.10622954 -3.72358069
v 1.29912784 7.10622954 -2.61352356
v -1.01757691 7.10622954 6.88679647
v 0.95936128 7.10622954 5.46205384
v -1.27928622 7.10622954 -3.72386392
v 1.21237261 7.10622954 -2.61465639
v -1.08456807 7.10622954 6.87728885
v 0.82375068 7.10622954 5.44684144
v -1.35119975 7.10622954 -3.72196237
v 1.09656313 7.10622954 -2.61303808
v -1.14993047 7.10622954 6.86397788
v 0.69139712 7.10622954 5.42402284
v -1.42126271 7.10622954 -3.71625772
v 0.95458664 7.10622954 -2.60543189
v -1.21366459 7.10622954 6.84686405
v 0.56230060 7.10622954 5.39359805
v -1.48947508 7.10622954 -3.70675009
v 0.81631131 7.10622954 -2.59021961
v -1.27576996 7.10622954 6.82594688
v 0.43646112 7.10622954 5.35556705
v -1.55583688 7.10622954 -3.69343925
v 0.68173714 7.10622954 -2.56740114
v -1.33624703 7.10622954 6.80122686
v 0.31387867 7.10622954 5.30992986
v -1.62034809 7.10622954 -3.67632530
v 0.55086413 7.10622954 -2.53697635
v -1.39509536 7.10622954 6.77270399
v 0.19455327 7.10622954 5.25668696
v -1.68300872 7.10622954 -3.65540838
v 0.42369229 7.10622954 -2.49894547
v -1.45231539 7.10622954 6.74037777
v 0.07848491 7.10622954 5.19583786
v -1.74381877 7.10622954 -3.63068824
v 0.30022161 7.10622954 -2.45330840
v -1.50790691 7.10622954 6.70424820
v -0.03432664 7.10622954 5.12738207
v -1.80277824 7.10622954 -3.60216510
v 0.18045208 7.10622954 -2.40006513
v -1.56186967 7.10622954 6.66431577
v -0.14388092 7.10622954 5.05132009
v -1.85988736 7.10622954 -3.56983876
v 0.06438350 7.10622954 -2.33921567
v -1.61420415 7.10622954 6.62058050
v -0.25017816 7.10622954 4.96765239
v -1.91514567 7.10622954 -3.53370945
v -0.04798393 7.10622954 -2.27076000
v -1.66357774 7.10622954 6.57215142
v -0.35188622 7.10622954 4.87548804
v -1.96855340 7.10622954 -3.49377702
v -0.15664997 7.10622954 -2.19469825
v -1.70865785 7.10622954 6.51813956
v -0.44633993 7.10622954 4.77304709
v -2.02011055 7.10622954 -3.45004150
v -0.26161485 7.10622954 -2.11103032
v -1.74944450 7.10622954 6.45854441
v -0.53220669 7.10622954 4.65944009
v -2.06863272 7.10622954 -3.40161280
v -0.36169417 7.10622954 -2.01886609
v -1.78593812 7.10622954 6.39336600
v -0.60948695 7.10622954 4.53466652
v -2.11293573 7.10622954 -3.34760080
v -0.45451935 7.10622954 -1.91642539
v -1.81813804 7.10622954 6.32260429
v -0.67818050 7.10622954 4.39872640
v -2.15301915 7.10622954 -3.28800566
v -0.53890578 7.10622954 -1.80281826
v -1.84604494 7.10622954 6.24625931
v -0.73828732 7.10622954 4.25161972
v -2.18888341 7.10622954 -3.22282711
v -0.61485346 7.10622954 -1.67804457
v -1.86965837 7.10622954 6.16433105
v -0.78980765 7.10622954 4.09334648
v -2.22052852 7.10622954 -3.15206542
v -0.68236283 7.10622954 -1.54210432
v -1.88897832 7.10622954 6.07681952
v -0.83274103 7.10622954 3.92390668
v -2.24795402 7.10622954 -3.07572043
v -0.74143344 7.10622954 -1.39499765
v -1.90400503 7.10622954 5.98372469
v -0.86708768 7.10622954 3.74330033
v -1.87058366 7.10622954 3.58122387
v -2.27116038 7.10622954 -2.99379218
v -0.79206530 7.10622954 -1.23672441
v -1.91473848 7.10622954 5.88504661
v -0.89284785 7.10622954 3.55152742
v -1.92117847 7.10622954 5.78078523
v -0.91002129 7.10622954 3.34858795
v -1.88957063 7.10622954 3.66873540
v -0.83425863 7.10622954 -1.06728461
v -1.92332520 7.10622954 5.67094082
v -0.91860801 7.10622954 3.13448217
v -1.90433823 7.10622954 3.76183010
v -0.86801320 7.10622954 -0.88667838
v -1.92332520 7.10622954 4.07461422
v -0.92075475 7.10622954 1.42831116
v -1.91488645 7.10622954 3.86050819
v -0.89332902 7.10622954 -0.69490559
v -1.92121552 7.10622954 3.96476957
v -0.91864506 7.10622954 -0.27786009
v -0.91020630 7.10622954 -0.49196612
v 2.60889478 0.00000000 5.15149512
v 2.57551069 0.00000000 5.16860944
v 2.67492337 0.00000000 5.11799546
v 2.64227888 0.00000000 5.13438081
v 2.60889478 -7.10622954 5.15149512
v 2.70756787 0.00000000 5.10161009
v 2.73947186 0.00000000 5.08595272
v 2.64153928 -7.10622954 5.13510977
v 2.67492337 -7.10622954 5.11799546
v 2.80253979 0.00000000 5.05536592
v 2.77137585 0.00000000 5.07029533
v 2.73947186 -7.10622954 5.08595272
v 2.83370373 0.00000000 5.04043652
v 2.86412717 0.00000000 5.02623558
v 2.70460721 -7.10622954 5.10452298
v 2.77063580 -7.10622954 5.07102331
v 2.80253979 -7.10622954 5.05536592
v 2.92423399 0.00000000 4.99856217
v 2.89455061 0.00000000 5.01203465
v 2.86412717 -7.10622954 5.02623558
v 2.95391738 0.00000000 4.98508971
v 2.98286026 0.00000000 4.97234521
v 2.89381055 -7.10622954 5.01276312
v 2.92423399 -7.10622954 4.99856217
v 3.04000597 0.00000000 4.94758469
v 3.01180314 0.00000000 4.95960071
v 2.98286026 -7.10622954 4.97234521
v 3.06820880 0.00000000 4.93556866
v 3.09567158 0.00000000 4.92428062
v 2.82185975 -7.10622954 5.05208906
v 2.95095627 -7.10622954 4.98800260
v 3.01106309 -7.10622954 4.96032918
v 3.04000597 -7.10622954 4.94758469
v 3.14985663 0.00000000 4.90243298
v 3.12313436 0.00000000 4.91299256
v 3.09567158 -7.10622954 4.92428062
v 3.17657891 0.00000000 4.89187340
v 3.20256113 0.00000000 4.88204228
v 3.12239386 -7.10622954 4.91372103
v 3.14985663 -7.10622954 4.90243298
v 3.25378508 0.00000000 4.86310803
v 3.22854336 0.00000000 4.87221116
v 3.20256113 -7.10622954 4.88204228
v 3.27902680 0.00000000 4.85400489
v 3.30412078 0.00000000 4.84562972
v 3.17361780 -7.10622954 4.89478678
v 3.22780286 -7.10622954 4.87293914
v 3.25378508 -7.10622954 4.86310803
v 3.35475287 0.00000000 4.82960787
v 3.32921476 0.00000000 4.83725455
v 3.30412078 -7.10622954 4.84562972
v 3.38029097 0.00000000 4.82196117
v 3.40627319 0.00000000 4.81504294
v 3.32965888 -7.10622954 4.83798302
v 3.35475287 -7.10622954 4.82960787
v 3.45868176 0.00000000 4.80193445
v 3.43225542 0.00000000 4.80812470
v 3.40627319 -7.10622954 4.81504294
v 3.48510811 0.00000000 4.79574420
v 3.51197812 0.00000000 4.79028242
v 3.03030940 -7.10622954 4.98217682
v 3.27665845 -7.10622954 4.86565643
v 3.38206745 -7.10622954 4.82487455
v 3.43269954 -7.10622954 4.80885268
v 3.45868176 -7.10622954 4.80193445
v 3.56616272 0.00000000 4.78008682
v 3.53884814 0.00000000 4.78482063
v 3.51197812 -7.10622954 4.79028242
v 3.59347731 0.00000000 4.77535301
v 3.62123602 0.00000000 4.77134766
v 3.53929271 -7.10622954 4.78554861
v 3.56616272 -7.10622954 4.78008682
v 3.67719756 0.00000000 4.76406546
v 3.64899473 0.00000000 4.76734232
v 3.62123602 -7.10622954 4.77134766
v 3.70540039 0.00000000 4.76078858
v 3.73404779 0.00000000 4.75823968
v 3.59525425 -7.10622954 4.77826639
v 3.64943885 -7.10622954 4.76807080
v 3.67719756 -7.10622954 4.76406546
v 3.79178627 0.00000000 4.75386986
v 3.76269520 0.00000000 4.75569078
v 3.73404779 -7.10622954 4.75823968
v 3.82087734 0.00000000 4.75204893
v 3.85041254 0.00000000 4.75095697
v 3.76313887 -7.10622954 4.75641876
v 3.79178627 -7.10622954 4.75386986
v 3.90992705 0.00000000 4.74950053
v 3.87994773 0.00000000 4.74986500
v 3.85041254 -7.10622954 4.75095697
v 3.93990636 0.00000000 4.74913605
v 4.01637248 0.00000000 4.75212993
v 3.71250724 -7.10622954 4.77244012
v 3.82265338 -7.10622954 4.75496231
v 3.88039185 -7.10622954 4.75059249
v 3.90992705 -7.10622954 4.74950053
v 4.16589948 0.00000000 4.76410595
v 4.09283860 0.00000000 4.75512381
v 4.01637248 -7.10622954 4.75212993
v 4.23896037 0.00000000 4.77308808
v 4.30861603 0.00000000 4.78805750
v 4.08943337 -7.10622954 4.76111207
v 4.16589948 -7.10622954 4.76410595
v 4.44452256 0.00000000 4.82398458
v 4.37827168 0.00000000 4.80302691
v 4.30861603 -7.10622954 4.78805750
v 4.51077343 0.00000000 4.84494224
v 4.57361908 0.00000000 4.87188718
v 4.22533990 -7.10622954 4.79703915
v 4.37486690 -7.10622954 4.80901516
v 4.44452256 -7.10622954 4.82398458
v 4.69590559 0.00000000 4.93176532
v 4.63646472 0.00000000 4.89883212
v 4.57361908 -7.10622954 4.87188718
v 4.75534646 0.00000000 4.96469851
v 4.81138209 0.00000000 5.00361948
v 4.63305995 -7.10622954 4.90482038
v 4.69590559 -7.10622954 4.93176532
v 4.92004813 0.00000000 5.08744916
v 4.86741773 0.00000000 5.04254044
v 4.81138209 -7.10622954 5.00361948
v 4.97267853 0.00000000 5.13235789
v 5.02190371 0.00000000 5.18325486
v 4.22889332 -7.10622954 4.96405104
v 4.45629245 -7.10622954 4.94074697
v 4.74172598 -7.10622954 4.98865007
v 4.86401250 -7.10622954 5.04852821
v 4.92004813 -7.10622954 5.08744916
v 5.11694927 0.00000000 5.29103610
v 5.07112888 0.00000000 5.23415185
v 5.02190371 -7.10622954 5.18325486
v 5.16276967 0.00000000 5.34792036
v 5.20518528 0.00000000 5.41079287
v 5.06772410 -7.10622954 5.24013913
v 5.11694927 -7.10622954 5.29103610
v 5.28661083 0.00000000 5.54252565
v 5.24760090 0.00000000 5.47366538
v 5.20518528 -7.10622954 5.41079287
v 5.32562076 0.00000000 5.61138593
v 5.34264647 0.00000000 5.64472361
v 5.14914965 -7.10622954 5.37187190
v 5.24419522 -7.10622954 5.47965314
v 5.28661083 -7.10622954 5.54252565
v 5.37521686 0.00000000 5.71204645
v 5.35967217 0.00000000 5.67806129
v 5.34264647 -7.10622954 5.64472361
v 5.39076156 0.00000000 5.74603160
v 5.40482615 0.00000000 5.78066374
v 5.35819116 -7.10622954 5.67870876
v 5.37521686 -7.10622954 5.71204645
v 5.43147433 0.00000000 5.85057547
v 5.41889075 0.00000000 5.81529586
v 5.40482615 -7.10622954 5.78066374
v 5.44405792 0.00000000 5.88585508
v 5.45516140 0.00000000 5.92178216
v 5.20836823 -7.10622954 5.50910648
v 5.38483934 -7.10622954 5.74862051
v 5.41740974 -7.10622954 5.81594333
v 5.43147433 -7.10622954 5.85057547
v 5.47588827 0.00000000 5.99428379
v 5.46626489 0.00000000 5.95770924
v 5.45516140 -7.10622954 5.92178216
v 5.48551165 0.00000000 6.03085834
v 5.49365402 0.00000000 6.06808036
v 5.46478479 -7.10622954 5.95835671
v 5.47588827 -7.10622954 5.99428379
v 5.50845867 0.00000000 6.14317138
v 5.50179640 0.00000000 6.10530239
v 5.49365402 -7.10622954 6.06808036
v 5.51512094 0.00000000 6.18104039
v 5.52030220 0.00000000 6.21955637
v 5.47958943 -7.10622954 6.03344774
v 5.50031629 -7.10622954 6.10594937
v 5.50845867 -7.10622954 6.14317138
v 5.52918463 0.00000000 6.29723630
v 5.52548347 0.00000000 6.25807235
v 5.52030220 -7.10622954 6.21955637
v 5.53288579 0.00000000 6.33640025
v 5.53510685 0.00000000 6.37621118
v 5.52400336 -7.10622954 6.25872032
v 5.52918463 -7.10622954 6.29723630
v 5.53806796 0.00000000 6.45648050
v 5.53732791 0.00000000 6.41602211
v 5.53510685 -7.10622954 6.37621118
v 5.53880801 0.00000000 6.49693890
v 5.53769748 0.00000000 6.54536798
v 4.51195806 -7.10622954 5.64634155
v 5.25574327 -7.10622954 5.81464839
v 5.49143297 -7.10622954 6.19139699
v 5.52696447 -7.10622954 6.33898964
v 5.53584690 -7.10622954 6.41666958
v 5.53806796 -7.10622954 6.45648050
v 5.53325627 0.00000000 6.64198266
v 5.53658695 0.00000000 6.59379706
v 5.53769748 -7.10622954 6.54536798
v 5.52992558 0.00000000 6.69016826
v 5.52437384 0.00000000 6.73811136
v 5.53436680 -7.10622954 6.59355358
v 5.53325627 -7.10622954 6.64198266
v 5.51104930 0.00000000 6.83375507
v 5.51882210 0.00000000 6.78605447
v 5.52437384 -7.10622954 6.73811136
v 5.50327650 0.00000000 6.88145569
v 5.49328355 0.00000000 6.92891332
v 5.52104226 -7.10622954 6.68919729
v 5.51660104 -7.10622954 6.78581197
v 5.51104930 -7.10622954 6.83375507
v 5.47107658 0.00000000 7.02358607
v 5.48329059 0.00000000 6.97637094
v 5.49328355 -7.10622954 6.92891332
v 5.45886257 0.00000000 7.07080119
v 5.44442840 0.00000000 7.11777334
v 5.48106953 -7.10622954 6.97612844
v 5.47107658 -7.10622954 7.02358607
v 5.41333901 0.00000000 7.21147513
v 5.42999423 0.00000000 7.16474548
v 5.44442840 -7.10622954 7.11777334
v 5.39668378 0.00000000 7.25820477
v 5.37780750 0.00000000 7.30469144
v 5.46774590 -7.10622954 6.87757184
v 5.44998014 -7.10622954 7.06983023
v 5.42777317 -7.10622954 7.16450298
v 5.41333901 -7.10622954 7.21147513
v 5.33783477 0.00000000 7.39742178
v 5.35893121 0.00000000 7.35117810
v 5.37780750 -7.10622954 7.30469144
v 5.31673834 0.00000000 7.44366545
v 5.29342084 0.00000000 7.48966663
v 5.35671106 -7.10622954 7.35093511
v 5.33783477 -7.10622954 7.39742178
v 5.24456569 0.00000000 7.58142650
v 5.27010334 0.00000000 7.53566781
v 5.29342084 -7.10622954 7.48966663
v 5.21902804 0.00000000 7.62718519
v 5.19156526 0.00000000 7.67221540
v 5.30785591 -7.10622954 7.44269499
v 5.26788319 -7.10622954 7.53542531
v 5.24456569 -7.10622954 7.58142650
v 5.13501141 0.00000000 7.76106188
v 5.16410248 0.00000000 7.71724562
v 5.19156526 -7.10622954 7.67221540
v 5.10592034 0.00000000 7.80487816
v 5.07520052 0.00000000 7.84748097
v 5.16247419 -7.10622954 7.71603167
v 5.13501141 -7.10622954 7.76106188
v 5.01213259 0.00000000 7.93147265
v 5.04448070 0.00000000 7.89008378
v 5.07520052 -7.10622954 7.84748097
v 4.97978447 0.00000000 7.97286151
v 4.94580807 0.00000000 8.01303691
v 5.25929624 -7.10622954 7.23490021
v 5.18823413 -7.10622954 7.61553314
v 5.09940626 -7.10622954 7.80002335
v 5.04285241 -7.10622954 7.88886983
v 5.01213259 -7.10622954 7.93147265
v 4.87622651 0.00000000 8.09217378
v 4.91183166 0.00000000 8.05321232
v 4.94580807 -7.10622954 8.01303691
v 4.84062136 0.00000000 8.13113524
v 4.80338746 0.00000000 8.16888276
v 4.91020292 -7.10622954 8.05199837
v 4.87622651 -7.10622954 8.09217378
v 4.72729137 0.00000000 8.24316431
v 4.76615356 0.00000000 8.20663026
v 4.80338746 -7.10622954 8.16888276
v 4.68842917 0.00000000 8.27969837
v 4.64793869 0.00000000 8.31501847
v 4.83410682 -7.10622954 8.12627994
v 4.76452526 -7.10622954 8.20541681
v 4.72729137 -7.10622954 8.24316431
v 4.56532897 0.00000000 8.38444473
v 4.60744820 0.00000000 8.35033858
v 4.64793869 -7.10622954 8.31501847
v 4.52320973 0.00000000 8.41855089
v 4.47946175 0.00000000 8.45144359
v 4.60581945 -7.10622954 8.34912463
v 4.56532897 -7.10622954 8.38444473
v 4.39033750 0.00000000 8.51601553
v 4.43571378 0.00000000 8.48433629
v 4.47946175 -7.10622954 8.45144359
v 4.34496123 0.00000000 8.54769477
v 4.29603199 0.00000000 8.58022299
v 4.66237285 -7.10622954 8.26027814
v 4.51669520 -7.10622954 8.41369657
v 4.43408548 -7.10622954 8.48312283
v 4.39033750 -7.10622954 8.51601553
v 4.19624883 0.00000000 8.64430896
v 4.24710274 0.00000000 8.61275120
v 4.29603199 -7.10622954 8.58022299
v 4.14539491 0.00000000 8.67586670
v 4.09261631 0.00000000 8.70645349
v 4.24517807 -7.10622954 8.61178074
v 4.19624883 -7.10622954 8.64430896
v 3.98513445 0.00000000 8.76665561
v 4.03983772 0.00000000 8.73704027
v 4.09261631 -7.10622954 8.70645349
v 3.93043117 0.00000000 8.79627094
v 3.87380368 0.00000000 8.82491531
v 4.13769620 -7.10622954 8.67198285
v 4.03791304 -7.10622954 8.73606882
v 3.98513445 -7.10622954 8.76665561
v 3.75862356 0.00000000 8.88123357
v 3.81717618 0.00000000 8.85355967
v 3.87380368 -7.10622954 8.82491531
v 3.70007094 0.00000000 8.90890747
v 3.63959409 0.00000000 8.93560992
v 3.81525106 -7.10622954 8.85258920
v 3.75862356 -7.10622954 8.88123357
v 3.51671572 0.00000000 8.98804385
v 3.57911724 0.00000000 8.96231237
v 3.63959409 -7.10622954 8.93560992
v 3.45431419 0.00000000 9.01377533
v 3.38998799 0.00000000 9.03853585
v 3.46971115 -7.10622954 6.90475976
v 4.49656110 -7.10622954 7.75535712
v 4.21704933 -7.10622954 8.49331842
v 3.89963771 -7.10622954 8.78073504
v 3.69237268 -7.10622954 8.90502313
v 3.57719256 -7.10622954 8.96134141
v 3.51671572 -7.10622954 8.98804385
v 3.25941092 0.00000000 9.08708593
v 3.32566179 0.00000000 9.06329637
v 3.38998799 -7.10622954 9.03853585
v 3.19316004 0.00000000 9.11087549
v 3.12498449 0.00000000 9.13369408
v 3.32373712 -7.10622954 9.06232542
v 3.25941092 -7.10622954 9.08708593
v 2.98670916 0.00000000 9.17836032
v 3.05680894 0.00000000 9.15651269
v 3.12498449 -7.10622954 9.13369408
v 2.91660938 0.00000000 9.20020795
v 2.84488086 0.00000000 9.22067965
v 3.18546179 -7.10622954 9.10699164
v 3.05488471 -7.10622954 9.15554172
v 2.98670916 -7.10622954 9.17836032
v 2.70009145 0.00000000 9.25984310
v 2.77315234 0.00000000 9.24115134
v 2.84488086 -7.10622954 9.22067965
v 2.62703057 0.00000000 9.27853486
v 2.55263731 0.00000000 9.29544669
v 2.77181997 -7.10622954 9.23937141
v 2.70009145 -7.10622954 9.25984310
v 2.40251800 0.00000000 9.32748992
v 2.47824406 0.00000000 9.31235852
v 2.55263731 -7.10622954 9.29544669
v 2.32679193 0.00000000 9.34262132
v 2.24973396 0.00000000 9.35597229
v 2.89055306 -7.10622954 9.17819833
v 2.62170066 -7.10622954 9.27141464
v 2.47691125 -7.10622954 9.31057809
v 2.40251800 -7.10622954 9.32748992
v 2.09428518 0.00000000 9.38089480
v 2.17267598 0.00000000 9.36932327
v 2.24973396 -7.10622954 9.35597229
v 2.01589439 0.00000000 9.39246634
v 1.93617169 0.00000000 9.40225696
v 2.17134316 -7.10622954 9.36754383
v 2.09428518 -7.10622954 9.38089480
v 1.77539346 0.00000000 9.42005826
v 1.85644898 0.00000000 9.41204757
v 1.93617169 -7.10622954 9.40225696
v 1.69433794 0.00000000 9.42806895
v 1.61195005 0.00000000 9.43429970
v 2.01056494 -7.10622954 9.38534513
v 1.85511616 -7.10622954 9.41026765
v 1.77539346 -7.10622954 9.42005826
v 1.44584192 0.00000000 9.44498077
v 1.52956217 0.00000000 9.44053045
v 1.61195005 -7.10622954 9.43429970
v 1.36212167 0.00000000 9.44943110
v 1.27706906 0.00000000 9.45210149
v 1.52822980 -7.10622954 9.43875003
v 1.44584192 -7.10622954 9.44498077
v 1.10563124 0.00000000 9.45566185
v 1.19201645 0.00000000 9.45477188
v 1.27706906 -7.10622954 9.45210149
v 1.01924604 0.00000000 9.45655182
v 0.88489393 0.00000000 9.45436740
v 2.23678012 -7.10622954 9.23516357
v 1.67301899 -7.10622954 9.39958657
v 1.35679199 -7.10622954 9.44231038
v 1.19068386 -7.10622954 9.45299146
v 1.10563124 -7.10622954 9.45566185
v 0.61752208 0.00000000 9.44562874
v 0.75054183 0.00000000 9.45218298
v 0.88489393 -7.10622954 9.45436740
v 0.48450234 0.00000000 9.43907450
v 0.35281496 0.00000000 9.42815044
v 0.75187419 -7.10622954 9.44781315
v 0.61752208 -7.10622954 9.44562874
v 0.09077279 0.00000000 9.40193298
v 0.22112758 0.00000000 9.41722637
v 0.35281496 -7.10622954 9.42815044
v -0.03958200 0.00000000 9.38663958
v -0.16860465 0.00000000 9.36697686
v 0.48983202 -7.10622954 9.42159570
v 0.22246017 -7.10622954 9.41285704
v 0.09077279 -7.10622954 9.40193298
v -0.42531736 0.00000000 9.32328208
v -0.29762730 0.00000000 9.34731413
v -0.16860465 -7.10622954 9.36697686
v -0.55300742 0.00000000 9.29925003
v -0.67936490 0.00000000 9.27084816
v -0.29629471 -7.10622954 9.34294481
v -0.42531736 -7.10622954 9.32328208
v -0.93074770 0.00000000 9.20967508
v -0.80572237 0.00000000 9.24244628
v -0.67936490 -7.10622954 9.27084816
v -1.05577304 0.00000000 9.17690387
v -1.17946578 0.00000000 9.13976285
v -0.01826350 -7.10622954 9.31672784
v -0.54767752 -7.10622954 9.28177173
v -0.80439023 -7.10622954 9.23807695
v -0.93074770 -7.10622954 9.20967508
v -1.42551891 0.00000000 9.06111146
v -1.30315853 0.00000000 9.10262182
v -1.17946578 -7.10622954 9.13976285
v -1.54787929 0.00000000 9.01960111
v -1.66890731 0.00000000 8.97372141
v -1.30182616 -7.10622954 9.09825248
v -1.42551891 -7.10622954 9.06111146
v -1.90963098 0.00000000 8.87759222
v -1.78993532 0.00000000 8.92784173
v -1.66890731 -7.10622954 8.97372141
v -2.02932663 0.00000000 8.82734271
v -2.14661621 0.00000000 8.77207690
v -1.54254983 -7.10622954 9.00212329
v -1.78860296 -7.10622954 8.92347191
v -1.90963098 -7.10622954 8.87759222
v -2.37771661 0.00000000 8.65588048
v -2.26390579 0.00000000 8.71681108
v -2.14661621 -7.10622954 8.77207690
v -2.49152743 0.00000000 8.59494990
v -2.60185904 0.00000000 8.52835553
v -2.26042703 -7.10622954 8.71114630
v -2.37771661 -7.10622954 8.65588048
v -2.81904315 0.00000000 8.38950253
v -2.71219065 0.00000000 8.46176116
v -2.60185904 -7.10622954 8.52835553
v -2.92589566 0.00000000 8.31724388
v -3.02926907 0.00000000 8.23932096
v 0.27960622 -7.10622954 6.55649404
v 0.26420927 -7.10622954 8.66550961
v -0.95332481 -7.10622954 8.88689785
v -1.99083435 -7.10622954 8.74707388
v -2.47761114 -7.10622954 8.57229330
v -2.70871155 -7.10622954 8.45609689
v -2.81904315 -7.10622954 8.38950253
v -3.23253689 0.00000000 8.07781085
v -3.13264247 0.00000000 8.16139805
v -3.02926907 -7.10622954 8.23932096
v -3.33243131 0.00000000 7.99422366
v -3.42884651 0.00000000 7.90497220
v -3.12916348 -7.10622954 8.15573377
v -3.23253689 -7.10622954 8.07781085
v -3.61819793 0.00000000 7.72080549
v -3.52526172 0.00000000 7.81572074
v -3.42884651 -7.10622954 7.90497220
v -3.71113415 0.00000000 7.62589024
v -3.80059115 0.00000000 7.52531072
v -3.31851491 -7.10622954 7.97156706
v -3.52178273 -7.10622954 7.81005695
v -3.61819793 -7.10622954 7.72080549
v -3.97602617 0.00000000 7.31848739
v -3.89004816 0.00000000 7.42473119
v -3.80059115 -7.10622954 7.52531072
v -4.06200419 0.00000000 7.21224361
v -4.14450310 0.00000000 7.10033553
v -3.88656917 -7.10622954 7.41906692
v -3.97602617 -7.10622954 7.31848739
v -4.30602178 0.00000000 6.87085560
v -4.22700202 0.00000000 6.98842745
v -4.14450310 -7.10622954 7.10033553
v -4.38504154 0.00000000 6.75328375
v -4.45910175 0.00000000 6.62988564
v -3.65546860 -7.10622954 7.53526382
v -4.04808784 -7.10622954 7.18958699
v -4.22352286 -7.10622954 6.98276368
v -4.30602178 -7.10622954 6.87085560
v -4.60078220 0.00000000 6.37710164
v -4.53316197 0.00000000 6.50648752
v -4.45910175 -7.10622954 6.62988564
v -4.66840243 0.00000000 6.24771575
v -4.72958262 0.00000000 6.11234161
v -4.52672198 -7.10622954 6.50049975
v -4.60078220 -7.10622954 6.37710164
v -4.84550296 0.00000000 5.83560606
v -4.79076281 0.00000000 5.97696747
v -4.72958262 -7.10622954 6.11234161
v -4.90024311 0.00000000 5.69424465
v -4.94854327 0.00000000 5.54689498
v -4.64264232 -7.10622954 6.22376421
v -4.78432277 -7.10622954 5.97098020
v -4.84550296 -7.10622954 5.83560606
v -5.03870356 0.00000000 5.24620788
v -4.99684344 0.00000000 5.39954532
v -4.94854327 -7.10622954 5.54689498
v -5.08056369 0.00000000 5.09287045
v -5.11598383 0.00000000 4.93354574
v -4.99040340 -7.10622954 5.39355755
v -5.03870356 -7.10622954 5.24620788
v -5.18038407 0.00000000 4.60890759
v -5.15140397 0.00000000 4.77422105
v -5.11598383 -7.10622954 4.93354574
v -5.20936417 0.00000000 4.44359414
v -5.23190422 0.00000000 4.27229341
v -4.06762991 -7.10622954 6.38041901
v -4.79720285 -7.10622954 5.59843894
v -5.05480364 -7.10622954 5.06891939
v -5.14496393 -7.10622954 4.76823229
v -5.18038407 -7.10622954 4.60890759
v -5.27054433 0.00000000 3.92370419
v -5.25444428 0.00000000 4.10099268
v -5.23190422 -7.10622954 4.27229341
v -5.28664437 0.00000000 3.74641571
v -5.29630441 0.00000000 3.56313895
v -5.24800427 -7.10622954 4.09500492
v -5.27054433 -7.10622954 3.92370419
v -5.30918446 0.00000000 3.19059795
v -5.30596444 0.00000000 3.37986221
v -5.29630441 -7.10622954 3.56313895
v -5.31240448 0.00000000 3.00133368
v -5.31240448 0.00000000 1.42831092
v -5.26088432 -7.10622954 3.72246390
v -5.29952443 -7.10622954 3.37387469
v -5.30918446 -7.10622954 3.19059795
v -5.30585341 0.00000000 -0.42537175
v -5.31240448 0.00000000 -0.14471185
v -5.31240448 -7.10622954 1.42831092
v -5.29930234 0.00000000 -0.70603164
v -5.27964918 0.00000000 -0.97317833
v -5.30585341 -7.10622954 1.14765101
v -5.30585341 -7.10622954 -0.42537175
v -5.22724072 0.00000000 -1.49395874
v -5.25999602 0.00000000 -1.24032501
v -5.27964918 -7.10622954 -0.97317833
v -5.19448543 0.00000000 -1.74759245
v -5.14862804 0.00000000 -1.98771307
v -5.20192480 -7.10622954 1.34800084
v -5.25344495 -7.10622954 0.62687062
v -5.24689388 -7.10622954 -1.22681205
v -5.22724072 -7.10622954 -1.49395874
v -5.04381118 0.00000000 -2.45444123
v -5.10277066 0.00000000 -2.22783369
v -5.14862804 -7.10622954 -1.98771307
v -4.98485171 0.00000000 -2.68104876
v -4.91279010 0.00000000 -2.89414315
v -5.08966857 -7.10622954 -2.21432061
v -5.04381118 -7.10622954 -2.45444123
v -4.75556479 0.00000000 -3.30681877
v -4.84072849 0.00000000 -3.10723753
v -4.91279010 -7.10622954 -2.89414315
v -4.67040109 0.00000000 -3.50639999
v -4.57213525 0.00000000 -3.69246820
v -4.93244326 -7.10622954 -2.62699622
v -4.82762640 -7.10622954 -3.09372438
v -4.75556479 -7.10622954 -3.30681877
v -4.36250142 0.00000000 -4.05109147
v -4.47386940 0.00000000 -3.87853640
v -4.57213525 -7.10622954 -3.69246820
v -4.25113344 0.00000000 -4.22364655
v -4.12666337 0.00000000 -4.38268853
v -4.46076726 -7.10622954 -3.86502328
v -4.36250142 -7.10622954 -4.05109147
v -3.86462120 0.00000000 -4.68725936
v -4.00219330 0.00000000 -4.54173050
v -4.12666337 -7.10622954 -4.38268853
v -3.72704910 0.00000000 -4.83278821
v -3.57637486 0.00000000 -4.96480397
v -3.32647238 -7.10622954 1.74222784
v -4.46820663 -7.10622954 -0.19459704
v -4.46076726 -7.10622954 -3.29019032
v -4.19872509 -7.10622954 -4.16959410
v -3.98909127 -7.10622954 -4.52821738
v -3.86462120 -7.10622954 -4.68725936
v -3.26562539 0.00000000 -5.21685979
v -3.42570062 0.00000000 -5.09681973
v -3.57637486 -7.10622954 -4.96480397
v -3.10555017 0.00000000 -5.33689986
v -2.93977513 0.00000000 -5.44650167
v -3.41629963 -7.10622954 -5.08484403
v -3.26562539 -7.10622954 -5.21685979
v -2.60252522 0.00000000 -5.65526701
v -2.77400008 0.00000000 -5.55610346
v -2.93977513 -7.10622954 -5.44650167
v -2.43105036 0.00000000 -5.75443055
v -2.25387579 0.00000000 -5.84315583
v -3.07904973 -7.10622954 -5.29360939
v -2.76830026 -7.10622954 -5.54566521
v -2.60252522 -7.10622954 -5.65526701
v -1.89382694 0.00000000 -6.01016810
v -2.07670122 0.00000000 -5.93188110
v -2.25387579 -7.10622954 -5.84315583
v -1.71095267 0.00000000 -6.08845509
v -1.52237846 0.00000000 -6.15630384
v -2.07100151 -7.10622954 -5.92144282
v -1.89382694 -7.10622954 -6.01016810
v -1.13953033 0.00000000 -6.28156308
v -1.33380425 0.00000000 -6.22415260
v -1.52237846 -7.10622954 -6.15630384
v -0.94525642 0.00000000 -6.33897356
v -0.74528257 0.00000000 -6.38594576
v -2.33615276 -7.10622954 -5.58588088
v -1.68815339 -7.10622954 -6.04670206
v -1.32810454 -7.10622954 -6.21371433
v -1.13953033 -7.10622954 -6.28156308
v -0.33963516 0.00000000 -6.46945190
v -0.54530872 0.00000000 -6.43291796
v -0.74528257 -7.10622954 -6.38594576
v -0.13396161 0.00000000 -6.50598583
v 0.07741166 0.00000000 -6.53208149
v -0.53960901 -7.10622954 -6.42247969
v -0.33963516 -7.10622954 -6.46945190
v 0.50585811 0.00000000 -6.57383452
v 0.28878492 0.00000000 -6.55817713
v 0.07741166 -7.10622954 -6.53208149
v 0.72293131 0.00000000 -6.58949190
v 0.94570399 0.00000000 -6.59471107
v -0.11116255 -7.10622954 -6.46423273
v 0.29448485 -7.10622954 -6.54773886
v 0.50585811 -7.10622954 -6.57383452
v 1.25156778 0.00000000 -6.59891878
v 1.16847666 0.00000000 -6.59993024
v 0.94570399 -7.10622954 -6.59471107
v 1.33465889 0.00000000 -6.59790731
v 1.41693586 0.00000000 -6.59487293
v 1.02879510 -7.10622954 -6.59369961
v 1.25156778 -7.10622954 -6.59891878
v 1.58067542 0.00000000 -6.58678125
v 1.49921283 0.00000000 -6.59183855
v 1.41693586 -7.10622954 -6.59487293
v 1.66213802 0.00000000 -6.58172396
v 1.74278601 0.00000000 -6.57464374
v -1.03245554 -7.10622954 -5.70725608
v 0.35844080 -7.10622954 -6.46034875
v 1.19253466 -7.10622954 -6.58560792
v 1.49839845 -7.10622954 -6.58981563
v 1.58067542 -7.10622954 -6.58678125
v 1.90326831 0.00000000 -6.55846037
v 1.82343401 0.00000000 -6.56756352
v 1.74278601 -7.10622954 -6.57464374
v 1.98310261 0.00000000 -6.54935724
v 2.06212231 0.00000000 -6.53823118
v 1.82262031 -7.10622954 -6.56554060
v 1.90326831 -7.10622954 -6.55846037
v 2.21934757 0.00000000 -6.51395614
v 2.14114201 0.00000000 -6.52710511
v 2.06212231 -7.10622954 -6.53823118
v 2.29755312 0.00000000 -6.50080716
v 2.37494453 0.00000000 -6.48563526
v 1.97984557 -7.10622954 -6.54126556
v 2.14032787 -7.10622954 -6.52508219
v 2.21934757 -7.10622954 -6.51395614
v 2.52891275 0.00000000 -6.45326854
v 2.45233594 0.00000000 -6.47046336
v 2.37494453 -7.10622954 -6.48563526
v 2.60548955 0.00000000 -6.43607372
v 2.68125222 0.00000000 -6.41685598
v 2.45152134 -7.10622954 -6.46844044
v 2.52891275 -7.10622954 -6.45326854
v 2.83196339 0.00000000 -6.37639758
v 2.75701488 0.00000000 -6.39763823
v 2.68125222 -7.10622954 -6.41685598
v 2.90691191 0.00000000 -6.35515692
v 2.98104627 0.00000000 -6.33189333
v 2.28452496 -7.10622954 -6.46844044
v 2.60223251 -7.10622954 -6.42798203
v 2.75620073 -7.10622954 -6.39561531
v 2.83196339 -7.10622954 -6.37639758
v 3.12813084 0.00000000 -6.28382874
v 3.05518064 0.00000000 -6.30862976
v 2.98104627 -7.10622954 -6.33189333
v 3.20108103 0.00000000 -6.25902773
v 3.27247612 0.00000000 -6.23317481
v 3.05399647 -7.10622954 -6.30709232
v 3.12813084 -7.10622954 -6.28382874
v 3.41371211 0.00000000 -6.18041702
v 3.34387122 0.00000000 -6.20732189
v 3.27247612 -7.10622954 -6.23317481
v 3.48355300 0.00000000 -6.15351215
v 3.55183970 0.00000000 -6.12555544
v 3.19523246 -7.10622954 -6.25433453
v 3.34231702 -7.10622954 -6.20626993
v 3.41371211 -7.10622954 -6.18041702
v 3.68685799 0.00000000 -6.06859007
v 3.62012640 0.00000000 -6.09759874
v 3.55183970 -7.10622954 -6.12555544
v 3.75358958 0.00000000 -6.03958141
v 3.81876743 0.00000000 -6.00952078
v 3.61857129 -7.10622954 -6.09654678
v 3.68685799 -7.10622954 -6.06859007
v 3.94756802 0.00000000 -5.94834767
v 3.88394528 0.00000000 -5.97946015
v 3.81876743 -7.10622954 -6.00952078
v 4.01119076 0.00000000 -5.91723518
v 4.07325931 0.00000000 -5.88507073
v 0.14207083 -7.10622954 -5.37501169
v 2.83666439 -7.10622954 -6.24947957
v 3.45905134 -7.10622954 -6.13619605
v 3.74737188 -7.10622954 -6.03537366
v 3.88239017 -7.10622954 -5.97840829
v 3.94756802 -7.10622954 -5.94834767
v 4.19584175 0.00000000 -5.81968994
v 4.13532786 0.00000000 -5.85290628
v 4.07325931 -7.10622954 -5.88507073
v 4.25635565 0.00000000 -5.78647360
v 4.31531534 0.00000000 -5.75220533
v 4.13377321 -7.10622954 -5.85185439
v 4.19584175 -7.10622954 -5.81968994
v 4.43168009 0.00000000 -5.68261690
v 4.37427504 0.00000000 -5.71793706
v 4.31531534 -7.10622954 -5.75220533
v 4.48908514 0.00000000 -5.64729673
v 4.54493553 0.00000000 -5.61092461
v 4.25013795 -7.10622954 -5.78226596
v 4.37272039 -7.10622954 -5.71688517
v 4.43168009 -7.10622954 -5.68261690
v 4.64449641 0.00000000 -5.54287358
v 4.60078593 0.00000000 -5.57455249
v 4.54493553 -7.10622954 -5.61092461
v 4.68820689 0.00000000 -5.51119468
v 4.73051136 0.00000000 -5.47830198
v 4.58864601 -7.10622954 -5.57924571
v 4.64449641 -7.10622954 -5.54287358
v 4.81371339 0.00000000 -5.41130287
v 4.77281583 0.00000000 -5.44540928
v 4.73051136 -7.10622954 -5.47830198
v 4.85461095 0.00000000 -5.37719645
v 4.89410250 0.00000000 -5.34187626
v 4.43290086 -7.10622954 -5.64721582
v 4.67184804 -7.10622954 -5.51224659
v 4.77140892 -7.10622954 -5.44419556
v 4.81371339 -7.10622954 -5.41130287
v 4.97167915 0.00000000 -5.27002213
v 4.93359406 0.00000000 -5.30655606
v 4.89410250 -7.10622954 -5.34187626
v 5.00976424 0.00000000 -5.23348820
v 5.04644288 0.00000000 -5.19574051
v 4.93218760 -7.10622954 -5.30534233
v 4.97167915 -7.10622954 -5.27002213
v 5.11839323 0.00000000 -5.11903139
v 5.08312151 0.00000000 -5.15799283
v 5.04644288 -7.10622954 -5.19574051
v 5.15366496 0.00000000 -5.08006995
v 5.18753067 0.00000000 -5.03989477
v 5.00413795 -7.10622954 -5.22863321
v 5.08171460 -7.10622954 -5.15677907
v 5.11839323 -7.10622954 -5.11903139
v 5.25385564 0.00000000 -4.95833063
v 5.22139639 0.00000000 -4.99971956
v 5.18753067 -7.10622954 -5.03989477
v 5.28631490 0.00000000 -4.91694169
v 5.31736770 0.00000000 -4.87433899
v 5.21998993 -7.10622954 -4.99850582
v 5.25385564 -7.10622954 -4.95833063
v 5.37806683 0.00000000 -4.78791985
v 5.34842049 0.00000000 -4.83173629
v 5.31736770 -7.10622954 -4.87433899
v 5.40771317 0.00000000 -4.74410340
v 5.43595305 0.00000000 -4.69907320
v 4.70945197 -7.10622954 -5.33066930
v 5.13116206 -7.10622954 -5.06064993
v 5.28068906 -7.10622954 -4.91208668
v 5.34701403 -7.10622954 -4.83052254
v 5.37806683 -7.10622954 -4.78791985
v 5.49058222 0.00000000 -4.60820363
v 5.46419292 0.00000000 -4.65404299
v 5.43595305 -7.10622954 -4.69907320
v 5.51697152 0.00000000 -4.56236427
v 5.54106612 0.00000000 -4.51612033
v 5.46234234 -7.10622954 -4.65323384
v 5.49058222 -7.10622954 -4.60820363
v 5.58696015 0.00000000 -4.42322784
v 5.56516071 0.00000000 -4.46987638
v 5.54106612 -7.10622954 -4.51612033
v 5.60875960 0.00000000 -4.37657932
v 5.62826479 0.00000000 -4.32952618
v 5.50823638 -7.10622954 -4.56034136
v 5.56286556 -7.10622954 -4.46947180
v 5.58696015 -7.10622954 -4.42322784
v 5.66498047 0.00000000 -4.23501536
v 5.64776998 0.00000000 -4.28247304
v 5.62826479 -7.10622954 -4.32952618
v 5.68219096 0.00000000 -4.18755767
v 5.69710675 0.00000000 -4.13969538
v 5.64547528 -7.10622954 -4.28206849
v 5.66498047 -7.10622954 -4.23501536
v 5.72464362 0.00000000 -4.04356621
v 5.71202254 0.00000000 -4.09183308
v 5.69710675 -7.10622954 -4.13969538
v 5.73726471 0.00000000 -3.99529933
v 5.74759064 0.00000000 -3.94662786
v 5.57248894 -7.10622954 -4.36970137
v 5.67301215 -7.10622954 -4.18593933
v 5.70972783 -7.10622954 -4.09142850
v 5.72464362 -7.10622954 -4.04356621
v 5.76594826 0.00000000 -3.84888038
v 5.75791657 0.00000000 -3.89795638
v 5.74759064 -7.10622954 -3.94662786
v 5.77397994 0.00000000 -3.79980438
v 5.77971647 0.00000000 -3.75032378
v 5.75562232 -7.10622954 -3.89755186
v 5.76594826 -7.10622954 -3.84888038
v 5.78889527 0.00000000 -3.65095796
v 5.78545300 0.00000000 -3.70084317
v 5.77971647 -7.10622954 -3.75032378
v 5.79233755 0.00000000 -3.60107274
v 5.79348513 0.00000000 -3.55078292
v 5.76480113 -7.10622954 -3.79818604
v 5.78315875 -7.10622954 -3.70043856
v 5.78889527 -7.10622954 -3.65095796
v 5.79374401 0.00000000 -3.45801178
v 5.79463271 0.00000000 -3.50049310
v 5.79348513 -7.10622954 -3.55078292
v 5.79285532 0.00000000 -3.41553046
v 5.79019059 0.00000000 -3.37353462
v 5.79259644 -7.10622954 -3.50830161
v 5.79374401 -7.10622954 -3.45801178
v 5.78308465 0.00000000 -3.29002848
v 5.78752586 0.00000000 -3.33153879
v 5.79019059 -7.10622954 -3.37353462
v 5.77864344 0.00000000 -3.24851819
v 5.77242529 0.00000000 -3.20749338
v 1.02579717 -7.10622954 -4.04065320
v 4.89491710 -7.10622954 -4.58287669
v 5.59317830 -7.10622954 -3.99631080
v 5.75795407 -7.10622954 -3.62190876
v 5.78549050 -7.10622954 -3.42479547
v 5.78574938 -7.10622954 -3.33202433
v 5.78308465 -7.10622954 -3.29002848
v 5.75821296 0.00000000 -3.12592923
v 5.76620714 0.00000000 -3.16646857
v 5.77242529 -7.10622954 -3.20749338
v 5.75021877 0.00000000 -3.08538989
v 5.74044765 0.00000000 -3.04533611
v 5.76443110 -7.10622954 -3.16695405
v 5.75821296 -7.10622954 -3.12592923
v 5.71912893 0.00000000 -2.96571400
v 5.73067653 0.00000000 -3.00528232
v 5.74044765 -7.10622954 -3.04533611
v 5.70758132 0.00000000 -2.92614569
v 5.69425678 0.00000000 -2.88706293
v 5.74311238 -7.10622954 -3.08733194
v 5.72890005 -7.10622954 -3.00576780
v 5.71912893 -7.10622954 -2.96571400
v 5.66583166 0.00000000 -2.80938281
v 5.68093224 0.00000000 -2.84798016
v 5.69425678 -7.10622954 -2.88706293
v 5.65073109 0.00000000 -2.77078546
v 5.63385403 0.00000000 -2.73267361
v 5.67915621 -7.10622954 -2.84846558
v 5.66583166 -7.10622954 -2.80938281
v 5.59832297 0.00000000 -2.65693547
v 5.61697697 0.00000000 -2.69456174
v 5.63385403 -7.10622954 -2.73267361
v 5.57966897 0.00000000 -2.61930921
v 5.55923849 0.00000000 -2.58216843
v 5.67915621 -7.10622954 -2.93391370
v 5.64362515 -7.10622954 -2.77272746
v 5.61520003 -7.10622954 -2.69504734
v 5.59832297 -7.10622954 -2.65693547
v 5.52056109 0.00000000 -2.51270131
v 5.53880801 0.00000000 -2.54502764
v 5.55923849 -7.10622954 -2.58216843
v 5.50231416 0.00000000 -2.48037495
v 5.48310535 0.00000000 -2.44942430
v 5.54099157 -7.10622954 -2.54984208
v 5.52056109 -7.10622954 -2.51270131
v 5.44372539 0.00000000 -2.38889857
v 5.46389654 0.00000000 -2.41847365
v 5.48310535 -7.10622954 -2.44942430
v 5.42355425 0.00000000 -2.35932349
v 5.40242031 0.00000000 -2.33112398
v 5.50161161 -7.10622954 -2.48931635
v 5.46293420 -7.10622954 -2.41984922
v 5.44372539 -7.10622954 -2.38889857
v 5.35919055 0.00000000 -2.27610054
v 5.38128637 0.00000000 -2.30292448
v 5.40242031 -7.10622954 -2.33112398
v 5.33709472 0.00000000 -2.24927660
v 5.31403656 0.00000000 -2.22382836
v 5.38032449 -7.10622954 -2.30430005
v 5.35919055 -7.10622954 -2.27610054
v 5.26695790 0.00000000 -2.17430731
v 5.29097840 0.00000000 -2.19838011
v 5.31403656 -7.10622954 -2.22382836
v 5.24293740 0.00000000 -2.15023452
v 5.21795456 0.00000000 -2.12753729
v 5.51079042 -7.10622954 -2.69937635
v 5.41130319 -7.10622954 -2.38477187
v 5.33324582 -7.10622954 -2.25477901
v 5.29001606 -7.10622954 -2.19975556
v 5.26695790 -7.10622954 -2.17430731
v 5.16702655 0.00000000 -2.08351853
v 5.19297172 0.00000000 -2.10484006
v 5.21795456 -7.10622954 -2.12753729
v 5.14108137 0.00000000 -2.06219700
v 5.11417386 0.00000000 -2.04225104
v 5.19200938 -7.10622954 -2.10621576
v 5.16702655 -7.10622954 -2.08351853
v 5.05939649 0.00000000 -2.00373468
v 5.08726634 0.00000000 -2.02230508
v 5.11417386 -7.10622954 -2.04225104
v 5.03152664 0.00000000 -1.98516430
v 5.00269490 0.00000000 -1.96796948
v 5.13723202 -7.10622954 -2.06769940
v 5.08630400 -7.10622954 -2.02368065
v 5.05939649 -7.10622954 -2.00373468
v 4.94436456 0.00000000 -1.93495541
v 4.97386316 0.00000000 -1.95077466
v 5.00269490 -7.10622954 -1.96796948
v 4.91486596 0.00000000 -1.91913616
v 4.88499779 0.00000000 -1.90469248
v 4.97319630 -7.10622954 -1.95215023
v 4.94436456 -7.10622954 -1.93495541
v 4.82489097 0.00000000 -1.87718069
v 4.85512962 0.00000000 -1.89024880
v 4.88499779 -7.10622954 -1.90469248
v 4.79465232 0.00000000 -1.86411259
v 4.76404364 0.00000000 -1.85242017
v 5.01879486 -7.10622954 -2.00717355
v 4.91308948 -7.10622954 -1.92463844
v 4.85475914 -7.10622954 -1.89162437
v 4.82489097 -7.10622954 -1.87718069
v 4.70245627 0.00000000 -1.83041092
v 4.73343497 0.00000000 -1.84072776
v 4.76404364 -7.10622954 -1.85242017
v 4.67147756 0.00000000 -1.82009407
v 4.64012884 0.00000000 -1.81115269
v 4.73306494 -7.10622954 -1.84210334
v 4.70245627 -7.10622954 -1.83041092
v 4.57706136 0.00000000 -1.79464558
v 4.60878011 0.00000000 -1.80221129
v 4.64012884 -7.10622954 -1.81115269
v 4.54534260 0.00000000 -1.78707988
v 4.51325337 0.00000000 -1.78088976
v 4.66999746 -7.10622954 -1.82559624
v 4.60841008 -7.10622954 -1.80358698
v 4.57706136 -7.10622954 -1.79464558
v 4.44870489 0.00000000 -1.76988507
v 4.48116414 0.00000000 -1.77469963
v 4.51325337 -7.10622954 -1.78088976
v 4.41624563 0.00000000 -1.76507050
v 4.38341635 0.00000000 -1.76163152
v 4.48079412 -7.10622954 -1.77607520
v 4.44870489 -7.10622954 -1.76988507
v 4.31738776 0.00000000 -1.75612923
v 4.35058707 0.00000000 -1.75819253
v 4.38341635 -7.10622954 -1.76163152
v 4.28418845 0.00000000 -1.75406593
v 4.25061912 0.00000000 -1.75337809
v 5.03141594 -7.10622954 -2.50129206
v 4.76356293 -7.10622954 -1.95215023
v 4.53942039 -7.10622954 -1.80908927
v 4.41476553 -7.10622954 -1.77057291
v 4.35021704 -7.10622954 -1.75956822
v 4.31738776 -7.10622954 -1.75612923
v 4.18880991 0.00000000 -1.75313535
v 4.21704979 0.00000000 -1.75269024
v 4.25061912 -7.10622954 -1.75337809
v 4.16057003 0.00000000 -1.75358045
v 4.13270018 0.00000000 -1.75491553
v 4.22237924 -7.10622954 -1.75382319
v 4.18880991 -7.10622954 -1.75313535
v 4.07733050 0.00000000 -1.75847576
v 4.10483032 0.00000000 -1.75625060
v 4.13270018 -7.10622954 -1.75491553
v 4.04983067 0.00000000 -1.76070093
v 4.02270132 0.00000000 -1.76381630
v 4.16700956 -7.10622954 -1.75738343
v 4.10520035 -7.10622954 -1.75714069
v 4.07733050 -7.10622954 -1.75847576
v 3.96881265 0.00000000 -1.77093702
v 3.99557197 0.00000000 -1.76693168
v 4.02270132 -7.10622954 -1.76381630
v 3.94205333 0.00000000 -1.77494237
v 3.91566403 0.00000000 -1.77983780
v 3.99594200 -7.10622954 -1.76782165
v 3.96881265 -7.10622954 -1.77093702
v 3.86325546 0.00000000 -1.79051887
v 3.88927473 0.00000000 -1.78473322
v 3.91566403 -7.10622954 -1.77983780
v 3.83723619 0.00000000 -1.79630452
v 3.81158694 0.00000000 -1.80298013
v 4.06071232 -7.10622954 -1.77518523
v 3.94353343 -7.10622954 -1.77850273
v 3.88964476 -7.10622954 -1.78562344
v 3.86325546 -7.10622954 -1.79051887
v 3.76065893 0.00000000 -1.81722144
v 3.78593770 0.00000000 -1.80965574
v 3.81158694 -7.10622954 -1.80298013
v 3.73538016 0.00000000 -1.82478714
v 3.71047142 0.00000000 -1.83324293
v 3.78630817 -7.10622954 -1.81054583
v 3.76065893 -7.10622954 -1.81722144
v 3.66102396 0.00000000 -1.85104460
v 3.68556267 0.00000000 -1.84169873
v 3.71047142 -7.10622954 -1.83324293
v 3.63648524 0.00000000 -1.86039048
v 3.61231655 0.00000000 -1.87062646
v 3.73686071 -7.10622954 -1.82834750
v 3.68593270 -7.10622954 -1.84258882
v 3.66102396 -7.10622954 -1.85104460
v 3.56368324 0.00000000 -1.89190761
v 3.58814786 0.00000000 -1.88086242
v 3.61231655 -7.10622954 -1.87062646
v 3.53921861 0.00000000 -1.90295280
v 3.51379165 0.00000000 -1.91472621
v 3.58785193 -7.10622954 -1.88167164
v 3.56368324 -7.10622954 -1.89190761
v 3.46197540 0.00000000 -1.93900125
v 3.48836470 0.00000000 -1.92649962
v 3.51379165 -7.10622954 -1.91472621
v 3.43558610 0.00000000 -1.95150288
v 3.40823446 0.00000000 -1.96473273
v 3.85988728 -7.10622954 -1.85278441
v 3.63641114 -7.10622954 -1.87390370
v 3.53603567 -7.10622954 -1.90594669
v 3.48740236 -7.10622954 -1.92722784
v 3.46197540 -7.10622954 -1.93900125
v 3.35256886 0.00000000 -1.99192078
v 3.38088283 0.00000000 -1.97796258
v 3.40823446 -7.10622954 -1.96473273
v 3.32425488 0.00000000 -2.00587897
v 3.29497902 0.00000000 -2.02056540
v 3.37992049 -7.10622954 -1.97869092
v 3.35256886 -7.10622954 -1.99192078
v 3.23546451 0.00000000 -2.05066645
v 3.26570316 0.00000000 -2.03525182
v 3.29497902 -7.10622954 -2.02056540
v 3.20522586 0.00000000 -2.06608110
v 3.17402487 0.00000000 -2.08222396
v 3.32040598 -7.10622954 -2.00879198
v 3.26474037 -7.10622954 -2.03598003
v 3.23546451 -7.10622954 -2.05066645
v 3.11066101 0.00000000 -2.11523803
v 3.14282389 0.00000000 -2.09836681
v 3.17402487 -7.10622954 -2.08222396
v 3.07849814 0.00000000 -2.13210924
v 3.04537293 0.00000000 -2.14970854
v 3.14186200 -7.10622954 -2.09909517
v 3.11066101 -7.10622954 -2.11523803
v 2.97815971 0.00000000 -2.18563550
v 3.01224771 0.00000000 -2.16730784
v 3.04537293 -7.10622954 -2.14970854
v 2.94407171 0.00000000 -2.20396314
v 2.90902182 0.00000000 -2.22301914
v 3.18982890 -7.10622954 -2.07773301
v 3.07464879 -7.10622954 -2.13502212
v 3.01128492 -7.10622954 -2.16803618
v 2.97815971 -7.10622954 -2.18563550
v 2.87397193 0.00000000 -2.24207513
v 2.84029146 0.00000000 -2.25910808
v 4.32630769 -7.10622954 -2.74529667
v 3.57908019 -7.10622954 -1.99807054
v 3.15477902 -7.10622954 -2.09678901
v 2.90902182 -7.10622954 -2.22301914
v 2.54723376 0.00000000 5.18187943
v 2.51895684 0.00000000 5.19514940
v 2.54723376 -7.10622954 5.18187943
v 3.00203247 -7.10622954 4.99544680
v 2.49097584 0.00000000 5.20777241
v 2.46299485 0.00000000 5.22039540
v 2.97405148 -7.10622954 5.00806980
v 2.49097584 -7.10622954 5.20777241
v 2.43531023 0.00000000 5.23237143
v 2.40762562 0.00000000 5.24434745
v 2.94636686 -7.10622954 5.02004583
v -0.25913502 -7.10622954 6.78079566
v 2.43531023 -7.10622954 5.23237143
v 2.80661098 0.00000000 -2.27614104
v 2.77307824 0.00000000 -2.29228389
v 4.29262721 -7.10622954 -2.76232961
v 2.84029146 -7.10622954 -2.25910808
v 2.73954550 0.00000000 -2.30842676
v 2.70616096 0.00000000 -2.32367965
v 4.25909447 -7.10622954 -2.77847248
v 2.77307824 -7.10622954 -2.29228389
v 2.38023694 0.00000000 5.25567550
v 2.35284825 0.00000000 5.26700356
v -0.28652370 -7.10622954 6.79212372
v 2.38023694 -7.10622954 5.25567550
v 2.67277641 0.00000000 -2.33893255
v 2.63954006 0.00000000 -2.35329524
v 4.22570992 -7.10622954 -2.79372537
v 2.70616096 -7.10622954 -2.32367965
v 2.32575595 0.00000000 5.27768463
v 2.29866365 0.00000000 5.28836571
v -0.31361600 -7.10622954 6.80280480
v 2.32575595 -7.10622954 5.27768463
v 2.60630370 0.00000000 -2.36765792
v 2.57321554 0.00000000 -2.38113064
v 4.19247357 -7.10622954 -2.80808806
v 2.63954006 -7.10622954 -2.35329524
v 2.27186728 0.00000000 5.29839932
v 2.24507091 0.00000000 5.30843292
v -0.34041238 -7.10622954 6.81283840
v 2.27186728 -7.10622954 5.29839932
v 2.54012737 0.00000000 -2.39460335
v 2.50718695 0.00000000 -2.40718585
v -0.59346086 -7.10622954 -3.61369578
v 4.15938540 -7.10622954 -2.82156077
v 2.57321554 -7.10622954 -2.38113064
v 2.21857047 0.00000000 5.31781954
v 2.19207003 0.00000000 5.32720617
v -0.36691282 -7.10622954 6.82222503
v 2.21857047 -7.10622954 5.31781954
v 2.16586597 0.00000000 5.33594532
v 2.13966191 0.00000000 5.34468448
v -0.39311688 -7.10622954 6.83096418
v 2.16586597 -7.10622954 5.33594532
v 2.47424652 0.00000000 -2.41976835
v 2.44145429 0.00000000 -2.43146089
v -0.62640129 -7.10622954 -3.62627828
v 2.50718695 -7.10622954 -2.40718585
v 2.11375378 0.00000000 5.35277615
v 2.08784565 0.00000000 5.36086783
v -0.41902500 -7.10622954 6.83905586
v 2.11375378 -7.10622954 5.35277615
v 2.40866205 0.00000000 -2.44315343
v 2.37601756 0.00000000 -2.45395575
v -0.65919352 -7.10622954 -3.63797081
v 2.44145429 -7.10622954 -2.43146089
v 2.06223345 0.00000000 5.36831204
v 2.03662126 0.00000000 5.37575624
v -0.44463720 -7.10622954 6.84650006
v 2.06223345 -7.10622954 5.36831204
v 2.34337306 0.00000000 -2.46475807
v 2.31087721 0.00000000 -2.47467044
v -0.69183802 -7.10622954 -3.64877314
v 2.37601756 -7.10622954 -2.45395575
v 2.01130544 0.00000000 5.38255298
v 1.98598962 0.00000000 5.38934972
v -0.46995302 -7.10622954 6.85329680
v 2.01130544 -7.10622954 5.38255298
v 2.27838136 0.00000000 -2.48458279
v 2.24603325 0.00000000 -2.49360493
v -0.72433387 -7.10622954 -3.65868550
v 2.31087721 -7.10622954 -2.47467044
v 1.96096974 0.00000000 5.39549948
v 1.93594985 0.00000000 5.40164922
v -0.49497290 -7.10622954 6.85944656
v 1.96096974 -7.10622954 5.39549948
v 2.21368513 0.00000000 -2.50262708
v 2.18148476 0.00000000 -2.51075926
v -0.75668198 -7.10622954 -3.66770764
v 2.24603325 -7.10622954 -2.49360493
v 1.91048584 0.00000000 5.40723251
v 1.88502184 0.00000000 5.41281579
v -0.52043691 -7.10622954 6.86502984
v 1.91048584 -7.10622954 5.40723251
v 2.14928439 0.00000000 -2.51889143
v 2.11723266 0.00000000 -2.52613352
v -0.78888236 -7.10622954 -3.67583982
v 2.18148476 -7.10622954 -2.51075926
v 1.85837320 0.00000000 5.41791359
v 1.83172457 0.00000000 5.42301138
v -0.54708554 -7.10622954 6.87012764
v 1.85837320 -7.10622954 5.41791359
v 2.08518092 0.00000000 -2.53337561
v 2.05268462 0.00000000 -2.53988936
v -0.82093409 -7.10622954 -3.68308191
v 2.11723266 -7.10622954 -2.52613352
v 1.80389222 0.00000000 5.42762370
v 1.77605987 0.00000000 5.43223602
v -0.57491790 -7.10622954 6.87473995
v 1.80389222 -7.10622954 5.42762370
v 2.02018832 0.00000000 -2.54640309
v 1.98665558 0.00000000 -2.55235048
v -0.85343039 -7.10622954 -3.68959565
v 2.05268462 -7.10622954 -2.53988936
v 1.74704244 0.00000000 5.43636286
v 1.71802501 0.00000000 5.44048968
v -0.60393533 -7.10622954 6.87886678
v 1.74704244 -7.10622954 5.43636286
v 1.95312284 0.00000000 -2.55829787
v 1.91855412 0.00000000 -2.56367891
v -0.88696313 -7.10622954 -3.69554305
v 1.98665558 -7.10622954 -2.55235048
v 1.68782386 0.00000000 5.44413104
v 1.65762271 0.00000000 5.44777239
v -0.63413648 -7.10622954 6.88250814
v 1.68782386 -7.10622954 5.44413104
v 1.88398540 0.00000000 -2.56905995
v 1.84838025 0.00000000 -2.57387451
v -0.92153185 -7.10622954 -3.70092407
v 1.91855412 -7.10622954 -2.56367891
v 1.62623648 0.00000000 5.45092778
v 1.59485025 0.00000000 5.45408316
v -0.66552270 -7.10622954 6.88566352
v 1.62623648 -7.10622954 5.45092778
v 1.81277510 0.00000000 -2.57868906
v 1.77613351 0.00000000 -2.58293715
v -0.95713700 -7.10622954 -3.70573863
v 1.84838025 -7.10622954 -2.57387451
v 1.56228031 0.00000000 5.45675355
v 1.52971036 0.00000000 5.45942395
v -0.69809265 -7.10622954 6.88833391
v 1.56228031 -7.10622954 5.45675355
v 1.73949192 0.00000000 -2.58718523
v 1.70181436 0.00000000 -2.59086696
v -0.99377859 -7.10622954 -3.70998672
v 1.77613351 -7.10622954 -2.58293715
v 1.49595579 0.00000000 5.46160886
v 1.46220122 0.00000000 5.46379377
v -0.73184722 -7.10622954 6.89051882
v 1.49595579 -7.10622954 5.46160886
v 1.66413679 0.00000000 -2.59454869
v 1.62542233 0.00000000 -2.59766394
v -1.03145616 -7.10622954 -3.71366845
v 1.70181436 -7.10622954 -2.59086696
v 1.42726224 0.00000000 5.46549271
v 1.39232327 0.00000000 5.46719164
v -0.76678619 -7.10622954 6.89221776
v 1.42726224 -7.10622954 5.46549271
v 1.58670788 0.00000000 -2.60077920
v 1.54695745 0.00000000 -2.60332810
v -1.07017061 -7.10622954 -3.71678370
v 1.62542233 -7.10622954 -2.59766394
v 1.35619990 0.00000000 5.46840558
v 1.32007653 0.00000000 5.46961953
v -0.80290956 -7.10622954 6.89343171
v 1.35619990 -7.10622954 5.46840558
v 1.50720701 0.00000000 -2.60587700
v 1.46642014 0.00000000 -2.60785941
v -1.10992104 -7.10622954 -3.71933260
v 1.54695745 -7.10622954 -2.60332810
v 1.28276877 0.00000000 5.47034801
v 1.24546100 0.00000000 5.47107648
v -0.84021733 -7.10622954 6.89416018
v 1.28276877 -7.10622954 5.47034801
v 1.42563327 0.00000000 -2.60984183
v 1.38381020 0.00000000 -2.61125790
v -1.15070791 -7.10622954 -3.72131502
v 1.46642014 -7.10622954 -2.60785941
v 1.20696883 0.00000000 5.47131896
v 1.16847666 0.00000000 5.47156146
v -0.87870950 -7.10622954 6.89440267
v 1.20696883 -7.10622954 5.47131896
v 1.34198712 0.00000000 -2.61267397
v 1.29912784 0.00000000 -2.61352356
v -1.19253099 -7.10622954 -3.72273109
v 1.38381020 -7.10622954 -2.61125790
v 1.09822870 0.00000000 5.46966003
v 1.02798073 0.00000000 5.46775861
v -0.94895747 -7.10622954 6.89250125
v 1.09822870 -7.10622954 5.46966003
v 1.25626855 0.00000000 -2.61437315
v 1.21237261 0.00000000 -2.61465639
v -1.23539027 -7.10622954 -3.72358069
v 1.29912784 -7.10622954 -2.61352356
v 0.95936128 0.00000000 5.46205384
v 0.89074183 0.00000000 5.45634907
v -1.01757691 -7.10622954 6.88679647
v 0.95936128 -7.10622954 5.46205384
v 1.16847666 0.00000000 -2.61493963
v 1.09656313 0.00000000 -2.61303808
v -1.27928622 -7.10622954 -3.72386392
v 1.21237261 -7.10622954 -2.61465639
v 0.82375068 0.00000000 5.44684144
v 0.75675953 0.00000000 5.43733382
v -1.08456807 -7.10622954 6.87728885
v 0.82375068 -7.10622954 5.44684144
v 1.02464959 0.00000000 -2.61113653
v 0.95458664 0.00000000 -2.60543189
v -1.35119975 -7.10622954 -3.72196237
v 1.09656313 -7.10622954 -2.61303808
v 0.69139712 0.00000000 5.42402284
v 0.62603471 0.00000000 5.41071187
v -1.14993047 -7.10622954 6.86397788
v 0.69139712 -7.10622954 5.42402284
v 0.88452368 0.00000000 -2.59972724
v 0.81631131 0.00000000 -2.59021961
v -1.42126271 -7.10622954 -3.71625772
v 0.95458664 -7.10622954 -2.60543189
v 0.56230060 0.00000000 5.39359805
v 0.49856648 0.00000000 5.37648422
v -1.21366459 -7.10622954 6.84686405
v 0.56230060 -7.10622954 5.39359805
v 0.74809893 0.00000000 -2.58071198
v 0.68173714 0.00000000 -2.56740114
v -1.48947508 -7.10622954 -3.70675009
v 0.81631131 -7.10622954 -2.59021961
v 0.43646112 0.00000000 5.35556705
v 0.37435575 0.00000000 5.33464989
v -1.27576996 -7.10622954 6.82594688
v 0.43646112 -7.10622954 5.35556705
v 0.61537535 0.00000000 -2.55409029
v 0.55086413 0.00000000 -2.53697635
v -1.55583688 -7.10622954 -3.69343925
v 0.68173714 -7.10622954 -2.56740114
v 0.31387867 0.00000000 5.30992986
v 0.25340160 0.00000000 5.28520984
v -1.33624703 -7.10622954 6.80122686
v 0.31387867 -7.10622954 5.30992986
v 0.48635292 0.00000000 -2.51986239
v 0.42369229 0.00000000 -2.49894547
v -1.62034809 -7.10622954 -3.67632530
v 0.55086413 -7.10622954 -2.53697635
v 0.19455327 0.00000000 5.25668696
v 0.13570494 0.00000000 5.22816409
v -1.39509536 -7.10622954 6.77270399
v 0.19455327 -7.10622954 5.25668696
v 0.36103166 0.00000000 -2.47802855
v 0.30022161 0.00000000 -2.45330840
v -1.68300872 -7.10622954 -3.65540838
v 0.42369229 -7.10622954 -2.49894547
v 0.07848491 0.00000000 5.19583786
v 0.02126488 0.00000000 5.16351164
v -1.45231539 -7.10622954 6.74037777
v 0.07848491 -7.10622954 5.19583786
v 0.23941155 0.00000000 -2.42858825
v 0.18045208 0.00000000 -2.40006513
v -1.74381877 -7.10622954 -3.63068824
v 0.30022161 -7.10622954 -2.45330840
v -0.03432664 0.00000000 5.12738207
v -0.08991815 0.00000000 5.09125250
v -1.50790691 -7.10622954 6.70424820
v -0.03432664 -7.10622954 5.12738207
v 0.12149261 0.00000000 -2.37154201
v 0.06438350 0.00000000 -2.33921567
v -1.80277824 -7.10622954 -3.60216510
v 0.18045208 -7.10622954 -2.40006513
v -0.14388092 0.00000000 5.05132009
v -0.19784369 0.00000000 5.01138767
v -1.56186967 -7.10622954 6.66431577
v -0.14388092 -7.10622954 5.05132009
v 0.00727438 0.00000000 -2.30688932
v -0.04798393 0.00000000 -2.27076000
v -1.85988736 -7.10622954 -3.56983876
v 0.06438350 -7.10622954 -2.33921567
v -0.25017816 0.00000000 4.96765239
v -0.30251263 0.00000000 4.92391712
v -1.61420415 -7.10622954 6.62058050
v -0.25017816 -7.10622954 4.96765239
v -0.10324224 0.00000000 -2.23463068
v -0.15664997 0.00000000 -2.19469825
v -1.91514567 -7.10622954 -3.53370945
v -0.04798393 -7.10622954 -2.27076000
v -0.35188622 0.00000000 4.87548804
v -0.40125981 0.00000000 4.82705897
v -1.66357774 -7.10622954 6.57215142
v -0.35188622 -7.10622954 4.87548804
v -0.21005770 0.00000000 -2.15476584
v -0.26161485 0.00000000 -2.11103032
v -1.96855340 -7.10622954 -3.49377702
v -0.15664997 -7.10622954 -2.19469825
v -0.44633993 0.00000000 4.77304709
v -0.49142005 0.00000000 4.71903523
v -1.70865785 -7.10622954 6.51813956
v -0.44633993 -7.10622954 4.77304709
v -0.31317200 0.00000000 -2.06729479
v -0.36169417 0.00000000 -2.01886609
v -2.02011055 -7.10622954 -3.45004150
v -0.26161485 -7.10622954 -2.11103032
v -0.53220669 0.00000000 4.65944009
v -0.57299333 0.00000000 4.59984495
v -1.74944450 -7.10622954 6.45854441
v -0.53220669 -7.10622954 4.65944009
v -0.41021634 0.00000000 -1.97043738
v -0.45451935 0.00000000 -1.91642539
v -2.06863272 -7.10622954 -3.40161280
v -0.36169417 -7.10622954 -2.01886609
v -0.60948695 0.00000000 4.53466652
v -0.64598058 0.00000000 4.46948810
v -1.78593812 -7.10622954 6.39336600
v -0.60948695 -7.10622954 4.53466652
v -0.49882237 0.00000000 -1.86241340
v -0.53890578 0.00000000 -1.80281826
v -2.11293573 -7.10622954 -3.34760080
v -0.45451935 -7.10622954 -1.91642539
v -0.67818050 0.00000000 4.39872640
v -0.71038042 0.00000000 4.32796469
v -1.81813804 -7.10622954 6.32260429
v -0.67818050 -7.10622954 4.39872640
v -0.57898920 0.00000000 -1.74322312
v -0.61485346 0.00000000 -1.67804457
v -2.15301915 -7.10622954 -3.28800566
v -0.53890578 -7.10622954 -1.80281826
v -0.73828732 0.00000000 4.25161972
v -0.76619422 0.00000000 4.17527474
v -1.84604494 -7.10622954 6.24625931
v -0.73828732 -7.10622954 4.25161972
v -0.65071772 0.00000000 -1.61286603
v -0.68236283 0.00000000 -1.54210432
v -2.18888341 -7.10622954 -3.22282711
v -0.61485346 -7.10622954 -1.67804457
v -0.78980765 0.00000000 4.09334648
v -0.81342107 0.00000000 4.01141822
v -1.86965837 -7.10622954 6.16433105
v -0.78980765 -7.10622954 4.09334648
v -0.71400794 0.00000000 -1.47134262
v -0.74143344 0.00000000 -1.39499765
v -2.22052852 -7.10622954 -3.15206542
v -0.68236283 -7.10622954 -1.54210432
v -0.83274103 0.00000000 3.92390668
v -0.85206098 0.00000000 3.83639515
v -1.88897832 -7.10622954 6.07681952
v -0.83274103 -7.10622954 3.92390668
v -0.76885895 0.00000000 -1.31865266
v -0.79206530 0.00000000 -1.23672441
v -2.24795402 -7.10622954 -3.07572043
v -0.74143344 -7.10622954 -1.39499765
v -0.86708768 0.00000000 3.74330033
v -0.88211439 0.00000000 3.65020552
v -1.90400503 -7.10622954 5.98372469
v -0.86708768 -7.10622954 3.74330033
v -0.81527165 0.00000000 -1.15479614
v -0.83425863 0.00000000 -1.06728461
v -1.87058366 -7.10622954 3.58122387
v -2.27116038 -7.10622954 -2.99379218
v -0.79206530 -7.10622954 -1.23672441
v -0.89284785 0.00000000 3.55152742
v -0.90358131 0.00000000 3.45284932
v -1.91473848 -7.10622954 5.88504661
v -0.89284785 -7.10622954 3.55152742
v -0.91002129 0.00000000 3.34858795
v -0.91646127 0.00000000 3.24432657
v -1.92117847 -7.10622954 5.78078523
v -0.91002129 -7.10622954 3.34858795
v -0.85324560 0.00000000 -0.97977307
v -0.86801320 0.00000000 -0.88667838
v -1.88957063 -7.10622954 3.66873540
v -0.83425863 -7.10622954 -1.06728461
v -0.91860801 0.00000000 3.13448217
v -0.92075475 0.00000000 3.02463776
v -1.92332520 -7.10622954 5.67094082
v -0.91860801 -7.10622954 3.13448217
v -0.88278080 0.00000000 -0.79358369
v -0.89332902 0.00000000 -0.69490559
v -1.90433823 -7.10622954 3.76183010
v -0.86801320 -7.10622954 -0.88667838
v -0.92075475 0.00000000 1.42831116
v -0.92075475 0.00000000 -0.16801544
v -1.92332520 -7.10622954 4.07461422
v -0.92075475 -7.10622954 1.42831116
v -0.90387724 0.00000000 -0.59622749
v -0.91020630 0.00000000 -0.49196612
v -1.91488645 -7.10622954 3.86050819
v -0.89332902 -7.10622954 -0.69490559
v -0.91864506 0.00000000 -0.27786009
v -0.91653537 0.00000000 -0.38770474
v -1.92121552 -7.10622954 3.96476957
v -0.91864506 -7.10622954 -0.27786009
v -0.91020630 -7.10622954 -0.49196612
f 1 725 726
f 725 2 727
f 726 727 3
f 725 727 726
f 4 731 728
f 731 5 730
f 728 730 1
f 731 730 728
f 6 734 732
f 734 7 733
f 732 733 4
f 734 733 732
f 8 739 737
f 739 9 738
f 737 738 6
f 739 738 737
f 10 742 740
f 742 11 741
f 740 741 8
f 742 741 740
f 12 746 744
f 746 13 745
f 744 745 10
f 746 745 744
f 14 749 747
f 749 15 748
f 747 748 12
f 749 748 747
f 16 755 753
f 755 17 754
f 753 754 14
f 755 754 753
f 18 758 756
f 758 19 757
f 756 757 16
f 758 757 756
f 20 762 760
f 762 21 761
f 760 761 18
f 762 761 760
f 22 765 763
f 765 23 764
f 763 764 20
f 765 764 763
f 24 770 768
f 770 25 769
f 768 769 22
f 770 769 768
f 26 773 771
f 773 27 772
f 771 772 24
f 773 772 771
f 28 777 775
f 777 29 776
f 775 776 26
f 777 776 775
f 30 780 778
f 780 31 779
f 778 779 28
f 780 779 778
f 32 786 784
f 786 33 785
f 784 785 30
f 786 785 784
f 34 789 787
f 789 35 788
f 787 788 32
f 789 788 787
f 36 793 791
f 793 37 792
f 791 792 34
f 793 792 791
f 38 796 794
f 796 39 795
f 794 795 36
f 796 795 794
f 40 801 799
f 801 41 800
f 799 800 38
f 801 800 799
f 42 804 802
f 804 43 803
f 802 803 40
f 804 803 802
f 44 808 806
f 808 45 807
f 806 807 42
f 808 807 806
f 46 811 809
f 811 47 810
f 809 810 44
f 811 810 809
f 48 818 816
f 818 49 817
f 816 817 46
f 818 817 816
f 50 821 819
f 821 51 820
f 819 820 48
f 821 820 819
f 52 825 823
f 825 53 824
f 823 824 50
f 825 824 823
f 54 828 826
f 828 55 827
f 826 827 52
f 828 827 826
f 56 833 831
f 833 57 832
f 831 832 54
f 833 832 831
f 58 836 834
f 836 59 835
f 834 835 56
f 836 835 834
f 60 840 838
f 840 61 839
f 838 839 58
f 840 839 838
f 62 843 841
f 843 63 842
f 841 842 60
f 843 842 841
f 64 849 847
f 849 65 848
f 847 848 62
f 849 848 847
f 66 852 850
f 852 67 851
f 850 851 64
f 852 851 850
f 68 856 854
f 856 69 855
f 854 855 66
f 856 855 854
f 70 859 857
f 859 71 858
f 857 858 68
f 859 858 857
f 72 864 862
f 864 73 863
f 862 863 70
f 864 863 862
f 74 867 865
f 867 75 866
f 865 866 72
f 867 866 865
f 76 871 869
f 871 77 870
f 869 870 74
f 871 870 869
f 78 874 872
f 874 79 873
f 872 873 76
f 874 873 872
f 80 882 880
f 882 81 881
f 880 881 78
f 882 881 880
f 82 885 883
f 885 83 884
f 883 884 80
f 885 884 883
f 84 889 887
f 889 85 888
f 887 888 82
f 889 888 887
f 86 892 890
f 892 87 891
f 890 891 84
f 892 891 890
f 88 897 895
f 897 89 896
f 895 896 86
f 897 896 895
f 90 900 898
f 900 91 899
f 898 899 88
f 900 899 898
f 92 904 902
f 904 93 903
f 902 903 90
f 904 903 902
f 94 907 905
f 907 95 906
f 905 906 92
f 907 906 905
f 96 913 911
f 913 97 912
f 911 912 94
f 913 912 911
f 98 916 914
f 916 99 915
f 914 915 96
f 916 915 914
f 100 920 918
f 920 101 919
f 918 919 98
f 920 919 918
f 102 923 921
f 923 103 922
f 921 922 100
f 923 922 921
f 104 928 926
f 928 105 927
f 926 927 102
f 928 927 926
f 106 931 929
f 931 107 930
f 929 930 104
f 931 930 929
f 108 935 933
f 935 109 934
f 933 934 106
f 935 934 933
f 110 938 936
f 938 111 937
f 936 937 108
f 938 937 936
f 112 946 944
f 946 113 945
f 944 945 110
f 946 945 944
f 114 949 947
f 949 115 948
f 947 948 112
f 949 948 947
f 116 953 951
f 953 117 952
f 951 952 114
f 953 952 951
f 118 956 954
f 956 119 955
f 954 955 116
f 956 955 954
f 120 961 959
f 961 121 960
f 959 960 118
f 961 960 959
f 122 964 962
f 964 123 963
f 962 963 120
f 964 963 962
f 124 968 966
f 968 125 967
f 966 967 122
f 968 967 966
f 126 971 969
f 971 127 970
f 969 970 124
f 971 970 969
f 128 977 975
f 977 129 976
f 975 976 126
f 977 976 975
f 130 980 978
f 980 131 979
f 978 979 128
f 980 979 978
f 132 984 982
f 984 133 983
f 982 983 130
f 984 983 982
f 134 987 985
f 987 135 986
f 985 986 132
f 987 986 985
f 136 992 990
f 992 137 991
f 990 991 134
f 992 991 990
f 138 995 993
f 995 139 994
f 993 994 136
f 995 994 993
f 140 999 997
f 999 141 998
f 997 998 138
f 999 998 997
f 142 1002 1000
f 1002 143 1001
f 1000 1001 140
f 1002 1001 1000
f 144 1009 1007
f 1009 145 1008
f 1007 1008 142
f 1009 1008 1007
f 146 1012 1010
f 1012 147 1011
f 1010 1011 144
f 1012 1011 1010
f 148 1016 1014
f 1016 149 1015
f 1014 1015 146
f 1016 1015 1014
f 150 1019 1017
f 1019 151 1018
f 1017 1018 148
f 1019 1018 1017
f 152 1024 1022
f 1024 153 1023
f 1022 1023 150
f 1024 1023 1022
f 154 1027 1025
f 1027 155 1026
f 1025 1026 152
f 1027 1026 1025
f 156 1031 1029
f 1031 157 1030
f 1029 1030 154
f 1031 1030 1029
f 158 1034 1032
f 1034 159 1033
f 1032 1033 156
f 1034 1033 1032
f 160 1040 1038
f 1040 161 1039
f 1038 1039 158
f 1040 1039 1038
f 162 1043 1041
f 1043 163 1042
f 1041 1042 160
f 1043 1042 1041
f 164 1047 1045
f 1047 165 1046
f 1045 1046 162
f 1047 1046 1045
f 166 1050 1048
f 1050 167 1049
f 1048 1049 164
f 1050 1049 1048
f 168 1055 1053
f 1055 169 1054
f 1053 1054 166
f 1055 1054 1053
f 170 1058 1056
f 1058 171 1057
f 1056 1057 168
f 1058 1057 1056
f 172 1062 1060
f 1062 173 1061
f 1060 1061 170
f 1062 1061 1060
f 174 1065 1063
f 1065 175 1064
f 1063 1064 172
f 1065 1064 1063
f 176 1072 1070
f 1072 177 1071
f 1070 1071 174
f 1072 1071 1070
f 178 1075 1073
f 1075 179 1074
f 1073 1074 176
f 1075 1074 1073
f 180 1079 1077
f 1079 181 1078
f 1077 1078 178
f 1079 1078 1077
f 182 1082 1080
f 1082 183 1081
f 1080 1081 180
f 1082 1081 1080
f 184 1087 1085
f 1087 185 1086
f 1085 1086 182
f 1087 1086 1085
f 186 1090 1088
f 1090 187 1089
f 1088 1089 184
f 1090 1089 1088
f 188 1094 1092
f 1094 189 1093
f 1092 1093 186
f 1094 1093 1092
f 190 1097 1095
f 1097 191 1096
f 1095 1096 188
f 1097 1096 1095
f 192 1103 1101
f 1103 193 1102
f 1101 1102 190
f 1103 1102 1101
f 194 1106 1104
f 1106 195 1105
f 1104 1105 192
f 1106 1105 1104
f 196 1110 1108
f 1110 197 1109
f 1108 1109 194
f 1110 1109 1108
f 198 1113 1111
f 1113 199 1112
f 1111 1112 196
f 1113 1112 1111
f 200 1118 1116
f 1118 201 1117
f 1116 1117 198
f 1118 1117 1116
f 202 1121 1119
f 1121 203 1120
f 1119 1120 200
f 1121 1120 1119
f 204 1125 1123
f 1125 205 1124
f 1123 1124 202
f 1125 1124 1123
f 206 1128 1126
f 1128 207 1127
f 1126 1127 204
f 1128 1127 1126
f 208 1136 1134
f 1136 209 1135
f 1134 1135 206
f 1136 1135 1134
f 210 1139 1137
f 1139 211 1138
f 1137 1138 208
f 1139 1138 1137
f 212 1143 1141
f 1143 213 1142
f 1141 1142 210
f 1143 1142 1141
f 214 1146 1144
f 1146 215 1145
f 1144 1145 212
f 1146 1145 1144
f 216 1151 1149
f 1151 217 1150
f 1149 1150 214
f 1151 1150 1149
f 218 1154 1152
f 1154 219 1153
f 1152 1153 216
f 1154 1153 1152
f 220 1158 1156
f 1158 221 1157
f 1156 1157 218
f 1158 1157 1156
f 222 1161 1159
f 1161 223 1160
f 1159 1160 220
f 1161 1160 1159
f 224 1167 1165
f 1167 225 1166
f 1165 1166 222
f 1167 1166 1165
f 226 1170 1168
f 1170 227 1169
f 1168 1169 224
f 1170 1169 1168
f 228 1174 1172
f 1174 229 1173
f 1172 1173 226
f 1174 1173 1172
f 230 1177 1175
f 1177 231 1176
f 1175 1176 228
f 1177 1176 1175
f 232 1182 1180
f 1182 233 1181
f 1180 1181 230
f 1182 1181 1180
f 234 1185 1183
f 1185 235 1184
f 1183 1184 232
f 1185 1184 1183
f 236 1189 1187
f 1189 237 1188
f 1187 1188 234
f 1189 1188 1187
f 238 1192 1190
f 1192 239 1191
f 1190 1191 236
f 1192 1191 1190
f 240 1199 1197
f 1199 241 1198
f 1197 1198 238
f 1199 1198 1197
f 242 1202 1200
f 1202 243 1201
f 1200 1201 240
f 1202 1201 1200
f 244 1206 1204
f 1206 245 1205
f 1204 1205 242
f 1206 1205 1204
f 246 1209 1207
f 1209 247 1208
f 1207 1208 244
f 1209 1208 1207
f 248 1214 1212
f 1214 249 1213
f 1212 1213 246
f 1214 1213 1212
f 250 1217 1215
f 1217 251 1216
f 1215 1216 248
f 1217 1216 1215
f 252 1221 1219
f 1221 253 1220
f 1219 1220 250
f 1221 1220 1219
f 254 1224 1222
f 1224 255 1223
f 1222 1223 252
f 1224 1223 1222
f 256 1230 1228
f 1230 257 1229
f 1228 1229 254
f 1230 1229 1228
f 258 1233 1231
f 1233 259 1232
f 1231 1232 256
f 1233 1232 1231
f 260 1237 1235
f 1237 261 1236
f 1235 1236 258
f 1237 1236 1235
f 262 1240 1238
f 1240 263 1239
f 1238 1239 260
f 1240 1239 1238
f 264 1245 1243
f 1245 265 1244
f 1243 1244 262
f 1245 1244 1243
f 4 728 729
f 728 1 726
f 729 726 3
f 728 726 729
f 8 737 736
f 737 6 732
f 736 732 4
f 737 732 736
f 12 744 743
f 744 10 740
f 743 740 8
f 744 740 743
f 16 753 752
f 753 14 747
f 752 747 12
f 753 747 752
f 20 760 759
f 760 18 756
f 759 756 16
f 760 756 759
f 24 768 767
f 768 22 763
f 767 763 20
f 768 763 767
f 28 775 774
f 775 26 771
f 774 771 24
f 775 771 774
f 32 784 783
f 784 30 778
f 783 778 28
f 784 778 783
f 36 791 790
f 791 34 787
f 790 787 32
f 791 787 790
f 40 799 798
f 799 38 794
f 798 794 36
f 799 794 798
f 44 806 805
f 806 42 802
f 805 802 40
f 806 802 805
f 48 816 815
f 816 46 809
f 815 809 44
f 816 809 815
f 52 823 822
f 823 50 819
f 822 819 48
f 823 819 822
f 56 831 830
f 831 54 826
f 830 826 52
f 831 826 830
f 60 838 837
f 838 58 834
f 837 834 56
f 838 834 837
f 64 847 846
f 847 62 841
f 846 841 60
f 847 841 846
f 68 854 853
f 854 66 850
f 853 850 64
f 854 850 853
f 72 862 861
f 862 70 857
f 861 857 68
f 862 857 861
f 76 869 868
f 869 74 865
f 868 865 72
f 869 865 868
f 80 880 879
f 880 78 872
f 879 872 76
f 880 872 879
f 84 887 886
f 887 82 883
f 886 883 80
f 887 883 886
f 88 895 894
f 895 86 890
f 894 890 84
f 895 890 894
f 92 902 901
f 902 90 898
f 901 898 88
f 902 898 901
f 96 911 910
f 911 94 905
f 910 905 92
f 911 905 910
f 100 918 917
f 918 98 914
f 917 914 96
f 918 914 917
f 104 926 925
f 926 102 921
f 925 921 100
f 926 921 925
f 108 933 932
f 933 106 929
f 932 929 104
f 933 929 932
f 112 944 943
f 944 110 936
f 943 936 108
f 944 936 943
f 116 951 950
f 951 114 947
f 950 947 112
f 951 947 950
f 120 959 958
f 959 118 954
f 958 954 116
f 959 954 958
f 124 966 965
f 966 122 962
f 965 962 120
f 966 962 965
f 128 975 974
f 975 126 969
f 974 969 124
f 975 969 974
f 132 982 981
f 982 130 978
f 981 978 128
f 982 978 981
f 136 990 989
f 990 134 985
f 989 985 132
f 990 985 989
f 140 997 996
f 997 138 993
f 996 993 136
f 997 993 996
f 144 1007 1006
f 1007 142 1000
f 1006 1000 140
f 1007 1000 1006
f 148 1014 1013
f 1014 146 1010
f 1013 1010 144
f 1014 1010 1013
f 152 1022 1021
f 1022 150 1017
f 1021 1017 148
f 1022 1017 1021
f 156 1029 1028
f 1029 154 1025
f 1028 1025 152
f 1029 1025 1028
f 160 1038 1037
f 1038 158 1032
f 1037 1032 156
f 1038 1032 1037
f 164 1045 1044
f 1045 162 1041
f 1044 1041 160
f 1045 1041 1044
f 168 1053 1052
f 1053 166 1048
f 1052 1048 164
f 1053 1048 1052
f 172 1060 1059
f 1060 170 1056
f 1059 1056 168
f 1060 1056 1059
f 176 1070 1069
f 1070 174 1063
f 1069 1063 172
f 1070 1063 1069
f 180 1077 1076
f 1077 178 1073
f 1076 1073 176
f 1077 1073 1076
f 184 1085 1084
f 1085 182 1080
f 1084 1080 180
f 1085 1080 1084
f 188 1092 1091
f 1092 186 1088
f 1091 1088 184
f 1092 1088 1091
f 192 1101 1100
f 1101 190 1095
f 1100 1095 188
f 1101 1095 1100
f 196 1108 1107
f 1108 194 1104
f 1107 1104 192
f 1108 1104 1107
f 200 1116 1115
f 1116 198 1111
f 1115 1111 196
f 1116 1111 1115
f 204 1123 1122
f 1123 202 1119
f 1122 1119 200
f 1123 1119 1122
f 208 1134 1133
f 1134 206 1126
f 1133 1126 204
f 1134 1126 1133
f 212 1141 1140
f 1141 210 1137
f 1140 1137 208
f 1141 1137 1140
f 216 1149 1148
f 1149 214 1144
f 1148 1144 212
f 1149 1144 1148
f 220 1156 1155
f 1156 218 1152
f 1155 1152 216
f 1156 1152 1155
f 224 1165 1164
f 1165 222 1159
f 1164 1159 220
f 1165 1159 1164
f 228 1172 1171
f 1172 226 1168
f 1171 1168 224
f 1172 1168 1171
f 232 1180 1179
f 1180 230 1175
f 1179 1175 228
f 1180 1175 1179
f 236 1187 1186
f 1187 234 1183
f 1186 1183 232
f 1187 1183 1186
f 240 1197 1196
f 1197 238 1190
f 1196 1190 236
f 1197 1190 1196
f 244 1204 1203
f 1204 242 1200
f 1203 1200 240
f 1204 1200 1203
f 248 1212 1211
f 1212 246 1207
f 1211 1207 244
f 1212 1207 1211
f 252 1219 1218
f 1219 250 1215
f 1218 1215 248
f 1219 1215 1218
f 256 1228 1227
f 1228 254 1222
f 1227 1222 252
f 1228 1222 1227
f 260 1235 1234
f 1235 258 1231
f 1234 1231 256
f 1235 1231 1234
f 264 1243 1242
f 1243 262 1238
f 1242 1238 260
f 1243 1238 1242
f 8 736 735
f 736 4 729
f 735 729 3
f 736 729 735
f 16 752 751
f 752 12 743
f 751 743 8
f 752 743 751
f 24 767 766
f 767 20 759
f 766 759 16
f 767 759 766
f 32 783 782
f 783 28 774
f 782 774 24
f 783 774 782
f 40 798 797
f 798 36 790
f 797 790 32
f 798 790 797
f 48 815 814
f 815 44 805
f 814 805 40
f 815 805 814
f 56 830 829
f 830 52 822
f 829 822 48
f 830 822 829
f 64 846 845
f 846 60 837
f 845 837 56
f 846 837 845
f 72 861 860
f 861 68 853
f 860 853 64
f 861 853 860
f 80 879 878
f 879 76 868
f 878 868 72
f 879 868 878
f 88 894 893
f 894 84 886
f 893 886 80
f 894 886 893
f 96 910 909
f 910 92 901
f 909 901 88
f 910 901 909
f 104 925 924
f 925 100 917
f 924 917 96
f 925 917 924
f 112 943 942
f 943 108 932
f 942 932 104
f 943 932 942
f 120 958 957
f 958 116 950
f 957 950 112
f 958 950 957
f 128 974 973
f 974 124 965
f 973 965 120
f 974 965 973
f 136 989 988
f 989 132 981
f 988 981 128
f 989 981 988
f 144 1006 1005
f 1006 140 996
f 1005 996 136
f 1006 996 1005
f 152 1021 1020
f 1021 148 1013
f 1020 1013 144
f 1021 1013 1020
f 160 1037 1036
f 1037 156 1028
f 1036 1028 152
f 1037 1028 1036
f 168 1052 1051
f 1052 164 1044
f 1051 1044 160
f 1052 1044 1051
f 176 1069 1068
f 1069 172 1059
f 1068 1059 168
f 1069 1059 1068
f 184 1084 1083
f 1084 180 1076
f 1083 1076 176
f 1084 1076 1083
f 192 1100 1099
f 1100 188 1091
f 1099 1091 184
f 1100 1091 1099
f 200 1115 1114
f 1115 196 1107
f 1114 1107 192
f 1115 1107 1114
f 208 1133 1132
f 1133 204 1122
f 1132 1122 200
f 1133 1122 1132
f 216 1148 1147
f 1148 212 1140
f 1147 1140 208
f 1148 1140 1147
f 224 1164 1163
f 1164 220 1155
f 1163 1155 216
f 1164 1155 1163
f 232 1179 1178
f 1179 228 1171
f 1178 1171 224
f 1179 1171 1178
f 240 1196 1195
f 1196 236 1186
f 1195 1186 232
f 1196 1186 1195
f 248 1211 1210
f 1211 244 1203
f 1210 1203 240
f 1211 1203 1210
f 256 1227 1226
f 1227 252 1218
f 1226 1218 248
f 1227 1218 1226
f 264 1242 1241
f 1242 260 1234
f 1241 1234 256
f 1242 1234 1241
f 16 751 750
f 751 8 735
f 750 735 3
f 751 735 750
f 32 782 781
f 782 24 766
f 781 766 16
f 782 766 781
f 48 814 813
f 814 40 797
f 813 797 32
f 814 797 813
f 64 845 844
f 845 56 829
f 844 829 48
f 845 829 844
f 80 878 877
f 878 72 860
f 877 860 64
f 878 860 877
f 96 909 908
f 909 88 893
f 908 893 80
f 909 893 908
f 112 942 941
f 942 104 924
f 941 924 96
f 942 924 941
f 128 973 972
f 973 120 957
f 972 957 112
f 973 957 972
f 144 1005 1004
f 1005 136 988
f 1004 988 128
f 1005 988 1004
f 160 1036 1035
f 1036 152 1020
f 1035 1020 144
f 1036 1020 1035
f 176 1068 1067
f 1068 168 1051
f 1067 1051 160
f 1068 1051 1067
f 192 1099 1098
f 1099 184 1083
f 1098 1083 176
f 1099 1083 1098
f 208 1132 1131
f 1132 200 1114
f 1131 1114 192
f 1132 1114 1131
f 224 1163 1162
f 1163 216 1147
f 1162 1147 208
f 1163 1147 1162
f 240 1195 1194
f 1195 232 1178
f 1194 1178 224
f 1195 1178 1194
f 256 1226 1225
f 1226 248 1210
f 1225 1210 240
f 1226 1210 1225
f 266 1249 1248
f 1249 264 1241
f 1248 1241 256
f 1249 1241 1248
f 16 750 1251
f 750 3 1250
f 1251 1250 267
f 750 1250 1251
f 48 813 812
f 813 32 781
f 812 781 16
f 813 781 812
f 80 877 876
f 877 64 844
f 876 844 48
f 877 844 876
f 112 941 940
f 941 96 908
f 940 908 80
f 941 908 940
f 144 1004 1003
f 1004 128 972
f 1003 972 112
f 1004 972 1003
f 176 1067 1066
f 1067 160 1035
f 1066 1035 144
f 1067 1035 1066
f 208 1131 1130
f 1131 192 1098
f 1130 1098 176
f 1131 1098 1130
f 240 1194 1193
f 1194 224 1162
f 1193 1162 208
f 1194 1162 1193
f 266 1248 1247
f 1248 256 1225
f 1247 1225 240
f 1248 1225 1247
f 16 1251 1252
f 1251 267 1253
f 1252 1253 268
f 1251 1253 1252
f 80 876 875
f 876 48 812
f 875 812 16
f 876 812 875
f 208 1130 1129
f 1130 176 1066
f 1129 1066 144
f 1130 1066 1129
f 266 1247 1246
f 1247 240 1193
f 1246 1193 208
f 1247 1193 1246
f 16 1252 1254
f 1252 268 1256
f 1254 1256 269
f 1252 1256 1254
f 112 940 939
f 940 80 875
f 939 875 16
f 940 875 939
f 270 1258 1257
f 1258 266 1246
f 1257 1246 208
f 1258 1246 1257
f 112 939 1255
f 939 16 1254
f 1255 1254 269
f 939 1254 1255
f 271 1260 1259
f 1260 270 1257
f 1259 1257 208
f 1260 1257 1259
f 112 1255 1261
f 1255 269 1262
f 1261 1262 272
f 1255 1262 1261
f 273 1264 1263
f 1264 271 1259
f 1263 1259 208
f 1264 1259 1263
f 112 1261 1265
f 1261 272 1266
f 1265 1266 274
f 1261 1266 1265
f 275 1268 1267
f 1268 273 1263
f 1267 1263 208
f 1268 1263 1267
f 112 1265 1269
f 1265 274 1270
f 1269 1270 276
f 1265 1270 1269
f 277 1273 1272
f 1273 275 1267
f 1272 1267 208
f 1273 1267 1272
f 112 1269 1274
f 1269 276 1275
f 1274 1275 278
f 1269 1275 1274
f 277 1272 1271
f 1272 208 1129
f 1271 1129 144
f 1272 1129 1271
f 112 1274 1276
f 1274 278 1277
f 1276 1277 279
f 1274 1277 1276
f 280 1279 1278
f 1279 277 1271
f 1278 1271 144
f 1279 1271 1278
f 112 1276 1280
f 1276 279 1281
f 1280 1281 281
f 1276 1281 1280
f 282 1283 1282
f 1283 280 1278
f 1282 1278 144
f 1283 1278 1282
f 112 1280 1284
f 1280 281 1285
f 1284 1285 283
f 1280 1285 1284
f 284 1287 1286
f 1287 282 1282
f 1286 1282 144
f 1287 1282 1286
f 112 1284 1288
f 1284 283 1289
f 1288 1289 285
f 1284 1289 1288
f 286 1291 1290
f 1291 284 1286
f 1290 1286 144
f 1291 1286 1290
f 112 1288 1292
f 1288 285 1293
f 1292 1293 287
f 1288 1293 1292
f 288 1295 1294
f 1295 286 1290
f 1294 1290 144
f 1295 1290 1294
f 112 1292 1296
f 1292 287 1297
f 1296 1297 289
f 1292 1297 1296
f 290 1299 1298
f 1299 288 1294
f 1298 1294 144
f 1299 1294 1298
f 112 1296 1300
f 1296 289 1301
f 1300 1301 291
f 1296 1301 1300
f 292 1303 1302
f 1303 290 1298
f 1302 1298 144
f 1303 1298 1302
f 112 1300 1304
f 1300 291 1305
f 1304 1305 293
f 1300 1305 1304
f 294 1307 1306
f 1307 292 1302
f 1306 1302 144
f 1307 1302 1306
f 112 1304 1308
f 1304 293 1309
f 1308 1309 295
f 1304 1309 1308
f 296 1311 1310
f 1311 294 1306
f 1310 1306 144
f 1311 1306 1310
f 112 1308 1312
f 1308 295 1313
f 1312 1313 297
f 1308 1313 1312
f 298 1315 1314
f 1315 296 1310
f 1314 1310 144
f 1315 1310 1314
f 112 1312 1316
f 1312 297 1317
f 1316 1317 299
f 1312 1317 1316
f 300 1319 1318
f 1319 298 1314
f 1318 1314 144
f 1319 1314 1318
f 112 1316 1320
f 1316 299 1321
f 1320 1321 301
f 1316 1321 1320
f 302 1323 1322
f 1323 300 1318
f 1322 1318 144
f 1323 1318 1322
f 112 1320 1324
f 1320 301 1325
f 1324 1325 303
f 1320 1325 1324
f 304 1327 1326
f 1327 302 1322
f 1326 1322 144
f 1327 1322 1326
f 112 1324 1328
f 1324 303 1329
f 1328 1329 305
f 1324 1329 1328
f 306 1331 1330
f 1331 304 1326
f 1330 1326 144
f 1331 1326 1330
f 112 1328 1332
f 1328 305 1333
f 1332 1333 307
f 1328 1333 1332
f 308 1335 1334
f 1335 306 1330
f 1334 1330 144
f 1335 1330 1334
f 112 1332 1336
f 1332 307 1337
f 1336 1337 309
f 1332 1337 1336
f 310 1339 1338
f 1339 308 1334
f 1338 1334 144
f 1339 1334 1338
f 112 1336 1340
f 1336 309 1341
f 1340 1341 311
f 1336 1341 1340
f 312 1343 1342
f 1343 310 1338
f 1342 1338 144
f 1343 1338 1342
f 112 1340 1344
f 1340 311 1345
f 1344 1345 313
f 1340 1345 1344
f 314 1347 1346
f 1347 312 1342
f 1346 1342 144
f 1347 1342 1346
f 112 1344 1348
f 1344 313 1349
f 1348 1349 315
f 1344 1349 1348
f 316 1351 1350
f 1351 314 1346
f 1350 1346 144
f 1351 1346 1350
f 112 1348 1352
f 1348 315 1353
f 1352 1353 317
f 1348 1353 1352
f 318 1355 1354
f 1355 316 1350
f 1354 1350 144
f 1355 1350 1354
f 112 1352 1356
f 1352 317 1357
f 1356 1357 319
f 1352 1357 1356
f 320 1359 1358
f 1359 318 1354
f 1358 1354 144
f 1359 1354 1358
f 112 1356 1360
f 1356 319 1361
f 1360 1361 321
f 1356 1361 1360
f 322 1363 1362
f 1363 320 1358
f 1362 1358 144
f 1363 1358 1362
f 112 1360 1364
f 1360 321 1365
f 1364 1365 323
f 1360 1365 1364
f 324 1367 1366
f 1367 322 1362
f 1366 1362 144
f 1367 1362 1366
f 112 1364 1368
f 1364 323 1369
f 1368 1369 325
f 1364 1369 1368
f 326 1371 1370
f 1371 324 1366
f 1370 1366 144
f 1371 1366 1370
f 112 1368 1372
f 1368 325 1373
f 1372 1373 327
f 1368 1373 1372
f 328 1375 1374
f 1375 326 1370
f 1374 1370 144
f 1375 1370 1374
f 112 1372 1376
f 1372 327 1377
f 1376 1377 329
f 1372 1377 1376
f 330 1379 1378
f 1379 328 1374
f 1378 1374 144
f 1379 1374 1378
f 112 1376 1380
f 1376 329 1381
f 1380 1381 331
f 1376 1381 1380
f 332 1383 1382
f 1383 330 1378
f 1382 1378 144
f 1383 1378 1382
f 112 1380 1384
f 1380 331 1385
f 1384 1385 333
f 1380 1385 1384
f 334 1387 1386
f 1387 332 1382
f 1386 1382 144
f 1387 1382 1386
f 112 1384 1388
f 1384 333 1389
f 1388 1389 335
f 1384 1389 1388
f 336 1391 1390
f 1391 334 1386
f 1390 1386 144
f 1391 1386 1390
f 112 1388 1392
f 1388 335 1393
f 1392 1393 337
f 1388 1393 1392
f 338 1395 1394
f 1395 336 1390
f 1394 1390 144
f 1395 1390 1394
f 112 1392 1396
f 1392 337 1397
f 1396 1397 339
f 1392 1397 1396
f 340 1399 1398
f 1399 338 1394
f 1398 1394 144
f 1399 1394 1398
f 112 1396 1400
f 1396 339 1401
f 1400 1401 341
f 1396 1401 1400
f 342 1403 1402
f 1403 340 1398
f 1402 1398 144
f 1403 1398 1402
f 112 1400 1404
f 1400 341 1405
f 1404 1405 343
f 1400 1405 1404
f 344 1407 1406
f 1407 342 1402
f 1406 1402 144
f 1407 1402 1406
f 112 1404 1408
f 1404 343 1409
f 1408 1409 345
f 1404 1409 1408
f 346 1411 1410
f 1411 344 1406
f 1410 1406 144
f 1411 1406 1410
f 112 1408 1412
f 1408 345 1413
f 1412 1413 347
f 1408 1413 1412
f 348 1415 1414
f 1415 346 1410
f 1414 1410 144
f 1415 1410 1414
f 112 1412 1416
f 1412 347 1417
f 1416 1417 349
f 1412 1417 1416
f 350 1419 1418
f 1419 348 1414
f 1418 1414 144
f 1419 1414 1418
f 112 1416 1420
f 1416 349 1421
f 1420 1421 351
f 1416 1421 1420
f 352 1423 1422
f 1423 350 1418
f 1422 1418 144
f 1423 1418 1422
f 112 1420 1424
f 1420 351 1425
f 1424 1425 353
f 1420 1425 1424
f 354 1428 1427
f 1428 352 1422
f 1427 1422 144
f 1428 1422 1427
f 112 1424 1429
f 1424 353 1430
f 1429 1430 355
f 1424 1430 1429
f 354 1427 1426
f 1427 144 1003
f 1426 1003 112
f 1427 1003 1426
f 112 1429 1431
f 1429 355 1432
f 1431 1432 356
f 1429 1432 1431
f 357 1434 1433
f 1434 354 1426
f 1433 1426 112
f 1434 1426 1433
f 112 1431 1435
f 1431 356 1436
f 1435 1436 358
f 1431 1436 1435
f 359 1438 1437
f 1438 357 1433
f 1437 1433 112
f 1438 1433 1437
f 112 1435 1439
f 1435 358 1440
f 1439 1440 360
f 1435 1440 1439
f 361 1442 1441
f 1442 359 1437
f 1441 1437 112
f 1442 1437 1441
f 112 1439 1443
f 1439 360 1444
f 1443 1444 362
f 1439 1444 1443
f 362 1445 1443
f 1445 361 1441
f 1443 1441 112
f 1445 1441 1443
f 363 1450 1453
f 1450 364 1454
f 1453 1454 365
f 1450 1454 1453
f 365 1457 1461
f 1457 366 1462
f 1461 1462 367
f 1457 1462 1461
f 367 1465 1468
f 1465 368 1469
f 1468 1469 369
f 1465 1469 1468
f 369 1472 1477
f 1472 370 1478
f 1477 1478 371
f 1472 1478 1477
f 371 1481 1484
f 1481 372 1485
f 1484 1485 373
f 1481 1485 1484
f 373 1488 1492
f 1488 374 1493
f 1492 1493 375
f 1488 1493 1492
f 375 1496 1499
f 1496 376 1500
f 1499 1500 377
f 1496 1500 1499
f 377 1503 1509
f 1503 378 1510
f 1509 1510 379
f 1503 1510 1509
f 379 1513 1516
f 1513 380 1517
f 1516 1517 381
f 1513 1517 1516
f 381 1520 1524
f 1520 382 1525
f 1524 1525 383
f 1520 1525 1524
f 383 1528 1531
f 1528 384 1532
f 1531 1532 385
f 1528 1532 1531
f 385 1535 1540
f 1535 386 1541
f 1540 1541 387
f 1535 1541 1540
f 387 1544 1547
f 1544 388 1548
f 1547 1548 389
f 1544 1548 1547
f 389 1551 1555
f 1551 390 1556
f 1555 1556 391
f 1551 1556 1555
f 391 1559 1562
f 1559 392 1563
f 1562 1563 393
f 1559 1563 1562
f 393 1566 1572
f 1566 394 1573
f 1572 1573 395
f 1566 1573 1572
f 395 1576 1579
f 1576 396 1580
f 1579 1580 397
f 1576 1580 1579
f 397 1583 1587
f 1583 398 1588
f 1587 1588 399
f 1583 1588 1587
f 399 1591 1594
f 1591 400 1595
f 1594 1595 401
f 1591 1595 1594
f 401 1598 1603
f 1598 402 1604
f 1603 1604 403
f 1598 1604 1603
f 403 1607 1610
f 1607 404 1611
f 1610 1611 405
f 1607 1611 1610
f 405 1614 1618
f 1614 406 1619
f 1618 1619 407
f 1614 1619 1618
f 407 1622 1625
f 1622 408 1626
f 1625 1626 409
f 1622 1626 1625
f 409 1629 1636
f 1629 410 1637
f 1636 1637 411
f 1629 1637 1636
f 411 1640 1643
f 1640 412 1644
f 1643 1644 413
f 1640 1644 1643
f 413 1647 1651
f 1647 414 1652
f 1651 1652 415
f 1647 1652 1651
f 415 1655 1658
f 1655 416 1659
f 1658 1659 417
f 1655 1659 1658
f 417 1662 1667
f 1662 418 1668
f 1667 1668 419
f 1662 1668 1667
f 419 1671 1674
f 1671 420 1675
f 1674 1675 421
f 1671 1675 1674
f 421 1678 1682
f 1678 422 1683
f 1682 1683 423
f 1678 1683 1682
f 423 1686 1689
f 1686 424 1690
f 1689 1690 425
f 1686 1690 1689
f 425 1693 1699
f 1693 426 1700
f 1699 1700 427
f 1693 1700 1699
f 427 1703 1706
f 1703 428 1707
f 1706 1707 429
f 1703 1707 1706
f 429 1710 1714
f 1710 430 1715
f 1714 1715 431
f 1710 1715 1714
f 431 1718 1721
f 1718 432 1722
f 1721 1722 433
f 1718 1722 1721
f 433 1725 1730
f 1725 434 1731
f 1730 1731 435
f 1725 1731 1730
f 435 1734 1737
f 1734 436 1738
f 1737 1738 437
f 1734 1738 1737
f 437 1741 1745
f 1741 438 1746
f 1745 1746 439
f 1741 1746 1745
f 439 1749 1752
f 1749 440 1753
f 1752 1753 441
f 1749 1753 1752
f 441 1756 1764
f 1756 442 1765
f 1764 1765 443
f 1756 1765 1764
f 443 1768 1771
f 1768 444 1772
f 1771 1772 445
f 1768 1772 1771
f 445 1775 1779
f 1775 446 1780
f 1779 1780 447
f 1775 1780 1779
f 447 1783 1786
f 1783 448 1787
f 1786 1787 449
f 1783 1787 1786
f 449 1790 1795
f 1790 450 1796
f 1795 1796 451
f 1790 1796 1795
f 451 1799 1802
f 1799 452 1803
f 1802 1803 453
f 1799 1803 1802
f 453 1806 1810
f 1806 454 1811
f 1810 1811 455
f 1806 1811 1810
f 455 1814 1817
f 1814 456 1818
f 1817 1818 457
f 1814 1818 1817
f 457 1821 1827
f 1821 458 1828
f 1827 1828 459
f 1821 1828 1827
f 459 1831 1834
f 1831 460 1835
f 1834 1835 461
f 1831 1835 1834
f 461 1838 1842
f 1838 462 1843
f 1842 1843 463
f 1838 1843 1842
f 463 1846 1849
f 1846 464 1850
f 1849 1850 465
f 1846 1850 1849
f 465 1853 1858
f 1853 466 1859
f 1858 1859 467
f 1853 1859 1858
f 467 1862 1865
f 1862 468 1866
f 1865 1866 469
f 1862 1866 1865
f 469 1869 1873
f 1869 470 1874
f 1873 1874 471
f 1869 1874 1873
f 471 1877 1880
f 1877 472 1881
f 1880 1881 473
f 1877 1881 1880
f 473 1884 1892
f 1884 474 1893
f 1892 1893 475
f 1884 1893 1892
f 475 1896 1899
f 1896 476 1900
f 1899 1900 477
f 1896 1900 1899
f 477 1903 1907
f 1903 478 1908
f 1907 1908 479
f 1903 1908 1907
f 479 1911 1914
f 1911 480 1915
f 1914 1915 481
f 1911 1915 1914
f 481 1918 1923
f 1918 482 1924
f 1923 1924 483
f 1918 1924 1923
f 483 1927 1930
f 1927 484 1931
f 1930 1931 485
f 1927 1931 1930
f 485 1934 1938
f 1934 486 1939
f 1938 1939 487
f 1934 1939 1938
f 487 1942 1945
f 1942 488 1946
f 1945 1946 489
f 1942 1946 1945
f 489 1949 1955
f 1949 490 1956
f 1955 1956 491
f 1949 1956 1955
f 491 1959 1962
f 1959 492 1963
f 1962 1963 493
f 1959 1963 1962
f 493 1966 1970
f 1966 494 1971
f 1970 1971 495
f 1966 1971 1970
f 495 1974 1977
f 1974 496 1978
f 1977 1978 497
f 1974 1978 1977
f 497 1981 1986
f 1981 498 1987
f 1986 1987 499
f 1981 1987 1986
f 499 1990 1993
f 1990 500 1994
f 1993 1994 501
f 1990 1994 1993
f 501 1997 2001
f 1997 502 2002
f 2001 2002 503
f 1997 2002 2001
f 503 2005 2008
f 2005 504 2009
f 2008 2009 505
f 2005 2009 2008
f 505 2012 2019
f 2012 506 2020
f 2019 2020 507
f 2012 2020 2019
f 507 2023 2026
f 2023 508 2027
f 2026 2027 509
f 2023 2027 2026
f 509 2030 2034
f 2030 510 2035
f 2034 2035 511
f 2030 2035 2034
f 511 2038 2041
f 2038 512 2042
f 2041 2042 513
f 2038 2042 2041
f 513 2045 2050
f 2045 514 2051
f 2050 2051 515
f 2045 2051 2050
f 515 2054 2057
f 2054 516 2058
f 2057 2058 517
f 2054 2058 2057
f 517 2061 2065
f 2061 518 2066
f 2065 2066 519
f 2061 2066 2065
f 519 2069 2072
f 2069 520 2073
f 2072 2073 521
f 2069 2073 2072
f 521 2076 2082
f 2076 522 2083
f 2082 2083 523
f 2076 2083 2082
f 523 2086 2089
f 2086 524 2090
f 2089 2090 525
f 2086 2090 2089
f 525 2093 2097
f 2093 526 2098
f 2097 2098 527
f 2093 2098 2097
f 527 2101 2104
f 2101 528 2105
f 2104 2105 529
f 2101 2105 2104
f 529 2108 2113
f 2108 530 2114
f 2113 2114 531
f 2108 2114 2113
f 531 2117 2120
f 2117 532 2121
f 2120 2121 533
f 2117 2121 2120
f 533 2124 2128
f 2124 534 2129
f 2128 2129 535
f 2124 2129 2128
f 535 2132 2135
f 2132 536 2136
f 2135 2136 537
f 2132 2136 2135
f 537 2139 2146
f 2139 538 2147
f 2146 2147 539
f 2139 2147 2146
f 539 2150 2153
f 2150 540 2154
f 2153 2154 541
f 2150 2154 2153
f 541 2157 2161
f 2157 542 2162
f 2161 2162 543
f 2157 2162 2161
f 543 2165 2168
f 2165 544 2169
f 2168 2169 545
f 2165 2169 2168
f 545 2172 2177
f 2172 546 2178
f 2177 2178 547
f 2172 2178 2177
f 547 2181 2184
f 2181 548 2185
f 2184 2185 549
f 2181 2185 2184
f 549 2188 2192
f 2188 550 2193
f 2192 2193 551
f 2188 2193 2192
f 551 2196 2199
f 2196 552 2200
f 2199 2200 553
f 2196 2200 2199
f 553 2203 2209
f 2203 554 2210
f 2209 2210 555
f 2203 2210 2209
f 555 2213 2216
f 2213 556 2217
f 2216 2217 557
f 2213 2217 2216
f 557 2220 2224
f 2220 558 2225
f 2224 2225 559
f 2220 2225 2224
f 559 2228 2231
f 2228 560 2232
f 2231 2232 561
f 2228 2232 2231
f 561 2235 2240
f 2235 562 2241
f 2240 2241 563
f 2235 2241 2240
f 563 2244 2247
f 2244 564 2248
f 2247 2248 565
f 2244 2248 2247
f 565 2251 2255
f 2251 566 2256
f 2255 2256 567
f 2251 2256 2255
f 567 2259 2262
f 2259 568 2263
f 2262 2263 569
f 2259 2263 2262
f 569 2266 2274
f 2266 570 2275
f 2274 2275 571
f 2266 2275 2274
f 571 2278 2281
f 2278 572 2282
f 2281 2282 573
f 2278 2282 2281
f 573 2285 2289
f 2285 574 2290
f 2289 2290 575
f 2285 2290 2289
f 575 2293 2296
f 2293 576 2297
f 2296 2297 577
f 2293 2297 2296
f 577 2300 2305
f 2300 578 2306
f 2305 2306 579
f 2300 2306 2305
f 579 2309 2312
f 2309 580 2313
f 2312 2313 581
f 2309 2313 2312
f 581 2316 2320
f 2316 582 2321
f 2320 2321 583
f 2316 2321 2320
f 583 2324 2327
f 2324 584 2328
f 2327 2328 585
f 2324 2328 2327
f 585 2331 2337
f 2331 586 2338
f 2337 2338 587
f 2331 2338 2337
f 587 2341 2344
f 2341 588 2345
f 2344 2345 589
f 2341 2345 2344
f 589 2348 2352
f 2348 590 2353
f 2352 2353 591
f 2348 2353 2352
f 591 2356 2359
f 2356 592 2360
f 2359 2360 593
f 2356 2360 2359
f 593 2363 2368
f 2363 594 2369
f 2368 2369 595
f 2363 2369 2368
f 595 2372 2375
f 2372 596 2376
f 2375 2376 597
f 2372 2376 2375
f 597 2379 2383
f 2379 598 2384
f 2383 2384 599
f 2379 2384 2383
f 599 2387 2390
f 2387 600 2391
f 2390 2391 601
f 2387 2391 2390
f 601 2394 2401
f 2394 602 2402
f 2401 2402 603
f 2394 2402 2401
f 603 2405 2408
f 2405 604 2409
f 2408 2409 605
f 2405 2409 2408
f 605 2412 2416
f 2412 606 2417
f 2416 2417 607
f 2412 2417 2416
f 607 2420 2423
f 2420 608 2424
f 2423 2424 609
f 2420 2424 2423
f 609 2427 2432
f 2427 610 2433
f 2432 2433 611
f 2427 2433 2432
f 611 2436 2439
f 2436 612 2440
f 2439 2440 613
f 2436 2440 2439
f 613 2443 2447
f 2443 614 2448
f 2447 2448 615
f 2443 2448 2447
f 615 2451 2454
f 2451 616 2455
f 2454 2455 617
f 2451 2455 2454
f 617 2458 2464
f 2458 618 2465
f 2464 2465 619
f 2458 2465 2464
f 619 2468 2471
f 2468 620 2472
f 2471 2472 621
f 2468 2472 2471
f 621 2475 2479
f 2475 622 2480
f 2479 2480 623
f 2475 2480 2479
f 623 2483 2486
f 2483 624 2487
f 2486 2487 625
f 2483 2487 2486
f 625 2490 2495
f 2490 626 2496
f 2495 2496 627
f 2490 2496 2495
f 363 1453 1460
f 1453 365 1461
f 1460 1461 367
f 1453 1461 1460
f 367 1468 1476
f 1468 369 1477
f 1476 1477 371
f 1468 1477 1476
f 371 1484 1491
f 1484 373 1492
f 1491 1492 375
f 1484 1492 1491
f 375 1499 1508
f 1499 377 1509
f 1508 1509 379
f 1499 1509 1508
f 379 1516 1523
f 1516 381 1524
f 1523 1524 383
f 1516 1524 1523
f 383 1531 1539
f 1531 385 1540
f 1539 1540 387
f 1531 1540 1539
f 387 1547 1554
f 1547 389 1555
f 1554 1555 391
f 1547 1555 1554
f 391 1562 1571
f 1562 393 1572
f 1571 1572 395
f 1562 1572 1571
f 395 1579 1586
f 1579 397 1587
f 1586 1587 399
f 1579 1587 1586
f 399 1594 1602
f 1594 401 1603
f 1602 1603 403
f 1594 1603 1602
f 403 1610 1617
f 1610 405 1618
f 1617 1618 407
f 1610 1618 1617
f 407 1625 1635
f 1625 409 1636
f 1635 1636 411
f 1625 1636 1635
f 411 1643 1650
f 1643 413 1651
f 1650 1651 415
f 1643 1651 1650
f 415 1658 1666
f 1658 417 1667
f 1666 1667 419
f 1658 1667 1666
f 419 1674 1681
f 1674 421 1682
f 1681 1682 423
f 1674 1682 1681
f 423 1689 1698
f 1689 425 1699
f 1698 1699 427
f 1689 1699 1698
f 427 1706 1713
f 1706 429 1714
f 1713 1714 431
f 1706 1714 1713
f 431 1721 1729
f 1721 433 1730
f 1729 1730 435
f 1721 1730 1729
f 435 1737 1744
f 1737 437 1745
f 1744 1745 439
f 1737 1745 1744
f 439 1752 1763
f 1752 441 1764
f 1763 1764 443
f 1752 1764 1763
f 443 1771 1778
f 1771 445 1779
f 1778 1779 447
f 1771 1779 1778
f 447 1786 1794
f 1786 449 1795
f 1794 1795 451
f 1786 1795 1794
f 451 1802 1809
f 1802 453 1810
f 1809 1810 455
f 1802 1810 1809
f 455 1817 1826
f 1817 457 1827
f 1826 1827 459
f 1817 1827 1826
f 459 1834 1841
f 1834 461 1842
f 1841 1842 463
f 1834 1842 1841
f 463 1849 1857
f 1849 465 1858
f 1857 1858 467
f 1849 1858 1857
f 467 1865 1872
f 1865 469 1873
f 1872 1873 471
f 1865 1873 1872
f 471 1880 1891
f 1880 473 1892
f 1891 1892 475
f 1880 1892 1891
f 475 1899 1906
f 1899 477 1907
f 1906 1907 479
f 1899 1907 1906
f 479 1914 1922
f 1914 481 1923
f 1922 1923 483
f 1914 1923 1922
f 483 1930 1937
f 1930 485 1938
f 1937 1938 487
f 1930 1938 1937
f 487 1945 1954
f 1945 489 1955
f 1954 1955 491
f 1945 1955 1954
f 491 1962 1969
f 1962 493 1970
f 1969 1970 495
f 1962 1970 1969
f 495 1977 1985
f 1977 497 1986
f 1985 1986 499
f 1977 1986 1985
f 499 1993 2000
f 1993 501 2001
f 2000 2001 503
f 1993 2001 2000
f 503 2008 2018
f 2008 505 2019
f 2018 2019 507
f 2008 2019 2018
f 507 2026 2033
f 2026 509 2034
f 2033 2034 511
f 2026 2034 2033
f 511 2041 2049
f 2041 513 2050
f 2049 2050 515
f 2041 2050 2049
f 515 2057 2064
f 2057 517 2065
f 2064 2065 519
f 2057 2065 2064
f 519 2072 2081
f 2072 521 2082
f 2081 2082 523
f 2072 2082 2081
f 523 2089 2096
f 2089 525 2097
f 2096 2097 527
f 2089 2097 2096
f 527 2104 2112
f 2104 529 2113
f 2112 2113 531
f 2104 2113 2112
f 531 2120 2127
f 2120 533 2128
f 2127 2128 535
f 2120 2128 2127
f 535 2135 2145
f 2135 537 2146
f 2145 2146 539
f 2135 2146 2145
f 539 2153 2160
f 2153 541 2161
f 2160 2161 543
f 2153 2161 2160
f 543 2168 2176
f 2168 545 2177
f 2176 2177 547
f 2168 2177 2176
f 547 2184 2191
f 2184 549 2192
f 2191 2192 551
f 2184 2192 2191
f 551 2199 2208
f 2199 553 2209
f 2208 2209 555
f 2199 2209 2208
f 555 2216 2223
f 2216 557 2224
f 2223 2224 559
f 2216 2224 2223
f 559 2231 2239
f 2231 561 2240
f 2239 2240 563
f 2231 2240 2239
f 563 2247 2254
f 2247 565 2255
f 2254 2255 567
f 2247 2255 2254
f 567 2262 2273
f 2262 569 2274
f 2273 2274 571
f 2262 2274 2273
f 571 2281 2288
f 2281 573 2289
f 2288 2289 575
f 2281 2289 2288
f 575 2296 2304
f 2296 577 2305
f 2304 2305 579
f 2296 2305 2304
f 579 2312 2319
f 2312 581 2320
f 2319 2320 583
f 2312 2320 2319
f 583 2327 2336
f 2327 585 2337
f 2336 2337 587
f 2327 2337 2336
f 587 2344 2351
f 2344 589 2352
f 2351 2352 591
f 2344 2352 2351
f 591 2359 2367
f 2359 593 2368
f 2367 2368 595
f 2359 2368 2367
f 595 2375 2382
f 2375 597 2383
f 2382 2383 599
f 2375 2383 2382
f 599 2390 2400
f 2390 601 2401
f 2400 2401 603
f 2390 2401 2400
f 603 2408 2415
f 2408 605 2416
f 2415 2416 607
f 2408 2416 2415
f 607 2423 2431
f 2423 609 2432
f 2431 2432 611
f 2423 2432 2431
f 611 2439 2446
f 2439 613 2447
f 2446 2447 615
f 2439 2447 2446
f 615 2454 2463
f 2454 617 2464
f 2463 2464 619
f 2454 2464 2463
f 619 2471 2478
f 2471 621 2479
f 2478 2479 623
f 2471 2479 2478
f 623 2486 2494
f 2486 625 2495
f 2494 2495 627
f 2486 2495 2494
f 363 1460 1475
f 1460 367 1476
f 1475 1476 371
f 1460 1476 1475
f 371 1491 1507
f 1491 375 1508
f 1507 1508 379
f 1491 1508 1507
f 379 1523 1538
f 1523 383 1539
f 1538 1539 387
f 1523 1539 1538
f 387 1554 1570
f 1554 391 1571
f 1570 1571 395
f 1554 1571 1570
f 395 1586 1601
f 1586 399 1602
f 1601 1602 403
f 1586 1602 1601
f 403 1617 1634
f 1617 407 1635
f 1634 1635 411
f 1617 1635 1634
f 411 1650 1665
f 1650 415 1666
f 1665 1666 419
f 1650 1666 1665
f 419 1681 1697
f 1681 423 1698
f 1697 1698 427
f 1681 1698 1697
f 427 1713 1728
f 1713 431 1729
f 1728 1729 435
f 1713 1729 1728
f 435 1744 1762
f 1744 439 1763
f 1762 1763 443
f 1744 1763 1762
f 443 1778 1793
f 1778 447 1794
f 1793 1794 451
f 1778 1794 1793
f 451 1809 1825
f 1809 455 1826
f 1825 1826 459
f 1809 1826 1825
f 459 1841 1856
f 1841 463 1857
f 1856 1857 467
f 1841 1857 1856
f 467 1872 1890
f 1872 471 1891
f 1890 1891 475
f 1872 1891 1890
f 475 1906 1921
f 1906 479 1922
f 1921 1922 483
f 1906 1922 1921
f 483 1937 1953
f 1937 487 1954
f 1953 1954 491
f 1937 1954 1953
f 491 1969 1984
f 1969 495 1985
f 1984 1985 499
f 1969 1985 1984
f 499 2000 2017
f 2000 503 2018
f 2017 2018 507
f 2000 2018 2017
f 507 2033 2048
f 2033 511 2049
f 2048 2049 515
f 2033 2049 2048
f 515 2064 2080
f 2064 519 2081
f 2080 2081 523
f 2064 2081 2080
f 523 2096 2111
f 2096 527 2112
f 2111 2112 531
f 2096 2112 2111
f 531 2127 2144
f 2127 535 2145
f 2144 2145 539
f 2127 2145 2144
f 539 2160 2175
f 2160 543 2176
f 2175 2176 547
f 2160 2176 2175
f 547 2191 2207
f 2191 551 2208
f 2207 2208 555
f 2191 2208 2207
f 555 2223 2238
f 2223 559 2239
f 2238 2239 563
f 2223 2239 2238
f 563 2254 2272
f 2254 567 2273
f 2272 2273 571
f 2254 2273 2272
f 571 2288 2303
f 2288 575 2304
f 2303 2304 579
f 2288 2304 2303
f 579 2319 2335
f 2319 583 2336
f 2335 2336 587
f 2319 2336 2335
f 587 2351 2366
f 2351 591 2367
f 2366 2367 595
f 2351 2367 2366
f 595 2382 2399
f 2382 599 2400
f 2399 2400 603
f 2382 2400 2399
f 603 2415 2430
f 2415 607 2431
f 2430 2431 611
f 2415 2431 2430
f 611 2446 2462
f 2446 615 2463
f 2462 2463 619
f 2446 2463 2462
f 619 2478 2493
f 2478 623 2494
f 2493 2494 627
f 2478 2494 2493
f 363 1475 1506
f 1475 371 1507
f 1506 1507 379
f 1475 1507 1506
f 379 1538 1569
f 1538 387 1570
f 1569 1570 395
f 1538 1570 1569
f 395 1601 1633
f 1601 403 1634
f 1633 1634 411
f 1601 1634 1633
f 411 1665 1696
f 1665 419 1697
f 1696 1697 427
f 1665 1697 1696
f 427 1728 1761
f 1728 435 1762
f 1761 1762 443
f 1728 1762 1761
f 443 1793 1824
f 1793 451 1825
f 1824 1825 459
f 1793 1825 1824
f 459 1856 1889
f 1856 467 1890
f 1889 1890 475
f 1856 1890 1889
f 475 1921 1952
f 1921 483 1953
f 1952 1953 491
f 1921 1953 1952
f 491 1984 2016
f 1984 499 2017
f 2016 2017 507
f 1984 2017 2016
f 507 2048 2079
f 2048 515 2080
f 2079 2080 523
f 2048 2080 2079
f 523 2111 2143
f 2111 531 2144
f 2143 2144 539
f 2111 2144 2143
f 539 2175 2206
f 2175 547 2207
f 2206 2207 555
f 2175 2207 2206
f 555 2238 2271
f 2238 563 2272
f 2271 2272 571
f 2238 2272 2271
f 571 2303 2334
f 2303 579 2335
f 2334 2335 587
f 2303 2335 2334
f 587 2366 2398
f 2366 595 2399
f 2398 2399 603
f 2366 2399 2398
f 603 2430 2461
f 2430 611 2462
f 2461 2462 619
f 2430 2462 2461
f 619 2493 2501
f 2493 627 2502
f 2501 2502 628
f 2493 2502 2501
f 629 2505 2506
f 2505 363 1506
f 2506 1506 379
f 2505 1506 2506
f 379 1569 1632
f 1569 395 1633
f 1632 1633 411
f 1569 1633 1632
f 411 1696 1760
f 1696 427 1761
f 1760 1761 443
f 1696 1761 1760
f 443 1824 1888
f 1824 459 1889
f 1888 1889 475
f 1824 1889 1888
f 475 1952 2015
f 1952 491 2016
f 2015 2016 507
f 1952 2016 2015
f 507 2079 2142
f 2079 523 2143
f 2142 2143 539
f 2079 2143 2142
f 539 2206 2270
f 2206 555 2271
f 2270 2271 571
f 2206 2271 2270
f 571 2334 2397
f 2334 587 2398
f 2397 2398 603
f 2334 2398 2397
f 603 2461 2500
f 2461 619 2501
f 2500 2501 628
f 2461 2501 2500
f 630 2510 2509
f 2510 629 2506
f 2509 2506 379
f 2510 2506 2509
f 379 1632 1759
f 1632 411 1760
f 1759 1760 443
f 1632 1760 1759
f 507 2142 2269
f 2142 539 2270
f 2269 2270 571
f 2142 2270 2269
f 571 2397 2499
f 2397 603 2500
f 2499 2500 628
f 2397 2500 2499
f 631 2515 2513
f 2515 630 2509
f 2513 2509 379
f 2515 2509 2513
f 379 1759 1887
f 1759 443 1888
f 1887 1888 475
f 1759 1888 1887
f 571 2499 2518
f 2499 628 2519
f 2518 2519 632
f 2499 2519 2518
f 631 2513 2514
f 2513 379 1887
f 2514 1887 475
f 2513 1887 2514
f 571 2518 2522
f 2518 632 2523
f 2522 2523 633
f 2518 2523 2522
f 634 2527 2526
f 2527 631 2514
f 2526 2514 475
f 2527 2514 2526
f 571 2522 2530
f 2522 633 2531
f 2530 2531 635
f 2522 2531 2530
f 636 2535 2534
f 2535 634 2526
f 2534 2526 475
f 2535 2526 2534
f 571 2530 2538
f 2530 635 2539
f 2538 2539 637
f 2530 2539 2538
f 638 2543 2542
f 2543 636 2534
f 2542 2534 475
f 2543 2534 2542
f 571 2538 2547
f 2538 637 2548
f 2547 2548 639
f 2538 2548 2547
f 640 2552 2551
f 2552 638 2542
f 2551 2542 475
f 2552 2542 2551
f 507 2269 2546
f 2269 571 2547
f 2546 2547 639
f 2269 2547 2546
f 641 2556 2555
f 2556 640 2551
f 2555 2551 475
f 2556 2551 2555
f 507 2546 2559
f 2546 639 2560
f 2559 2560 642
f 2546 2560 2559
f 643 2564 2563
f 2564 641 2555
f 2563 2555 475
f 2564 2555 2563
f 507 2559 2567
f 2559 642 2568
f 2567 2568 644
f 2559 2568 2567
f 645 2572 2571
f 2572 643 2563
f 2571 2563 475
f 2572 2563 2571
f 507 2567 2575
f 2567 644 2576
f 2575 2576 646
f 2567 2576 2575
f 647 2580 2579
f 2580 645 2571
f 2579 2571 475
f 2580 2571 2579
f 507 2575 2583
f 2575 646 2584
f 2583 2584 648
f 2575 2584 2583
f 649 2588 2587
f 2588 647 2579
f 2587 2579 475
f 2588 2579 2587
f 507 2583 2591
f 2583 648 2592
f 2591 2592 650
f 2583 2592 2591
f 651 2596 2595
f 2596 649 2587
f 2595 2587 475
f 2596 2587 2595
f 507 2591 2599
f 2591 650 2600
f 2599 2600 652
f 2591 2600 2599
f 653 2604 2603
f 2604 651 2595
f 2603 2595 475
f 2604 2595 2603
f 507 2599 2607
f 2599 652 2608
f 2607 2608 654
f 2599 2608 2607
f 655 2612 2611
f 2612 653 2603
f 2611 2603 475
f 2612 2603 2611
f 507 2607 2615
f 2607 654 2616
f 2615 2616 656
f 2607 2616 2615
f 657 2620 2619
f 2620 655 2611
f 2619 2611 475
f 2620 2611 2619
f 507 2615 2623
f 2615 656 2624
f 2623 2624 658
f 2615 2624 2623
f 659 2628 2627
f 2628 657 2619
f 2627 2619 475
f 2628 2619 2627
f 507 2623 2631
f 2623 658 2632
f 2631 2632 660
f 2623 2632 2631
f 661 2636 2635
f 2636 659 2627
f 2635 2627 475
f 2636 2627 2635
f 507 2631 2639
f 2631 660 2640
f 2639 2640 662
f 2631 2640 2639
f 663 2644 2643
f 2644 661 2635
f 2643 2635 475
f 2644 2635 2643
f 507 2639 2647
f 2639 662 2648
f 2647 2648 664
f 2639 2648 2647
f 665 2652 2651
f 2652 663 2643
f 2651 2643 475
f 2652 2643 2651
f 507 2647 2655
f 2647 664 2656
f 2655 2656 666
f 2647 2656 2655
f 667 2660 2659
f 2660 665 2651
f 2659 2651 475
f 2660 2651 2659
f 507 2655 2663
f 2655 666 2664
f 2663 2664 668
f 2655 2664 2663
f 669 2668 2667
f 2668 667 2659
f 2667 2659 475
f 2668 2659 2667
f 507 2663 2671
f 2663 668 2672
f 2671 2672 670
f 2663 2672 2671
f 671 2676 2675
f 2676 669 2667
f 2675 2667 475
f 2676 2667 2675
f 507 2671 2679
f 2671 670 2680
f 2679 2680 672
f 2671 2680 2679
f 673 2684 2683
f 2684 671 2675
f 2683 2675 475
f 2684 2675 2683
f 507 2679 2687
f 2679 672 2688
f 2687 2688 674
f 2679 2688 2687
f 675 2692 2691
f 2692 673 2683
f 2691 2683 475
f 2692 2683 2691
f 507 2687 2695
f 2687 674 2696
f 2695 2696 676
f 2687 2696 2695
f 677 2700 2699
f 2700 675 2691
f 2699 2691 475
f 2700 2691 2699
f 507 2695 2703
f 2695 676 2704
f 2703 2704 678
f 2695 2704 2703
f 679 2708 2707
f 2708 677 2699
f 2707 2699 475
f 2708 2699 2707
f 507 2703 2711
f 2703 678 2712
f 2711 2712 680
f 2703 2712 2711
f 681 2716 2715
f 2716 679 2707
f 2715 2707 475
f 2716 2707 2715
f 507 2711 2719
f 2711 680 2720
f 2719 2720 682
f 2711 2720 2719
f 683 2724 2723
f 2724 681 2715
f 2723 2715 475
f 2724 2715 2723
f 507 2719 2727
f 2719 682 2728
f 2727 2728 684
f 2719 2728 2727
f 685 2732 2731
f 2732 683 2723
f 2731 2723 475
f 2732 2723 2731
f 507 2727 2735
f 2727 684 2736
f 2735 2736 686
f 2727 2736 2735
f 687 2740 2739
f 2740 685 2731
f 2739 2731 475
f 2740 2731 2739
f 507 2735 2743
f 2735 686 2744
f 2743 2744 688
f 2735 2744 2743
f 689 2748 2747
f 2748 687 2739
f 2747 2739 475
f 2748 2739 2747
f 507 2743 2751
f 2743 688 2752
f 2751 2752 690
f 2743 2752 2751
f 691 2756 2755
f 2756 689 2747
f 2755 2747 475
f 2756 2747 2755
f 507 2751 2759
f 2751 690 2760
f 2759 2760 692
f 2751 2760 2759
f 693 2764 2763
f 2764 691 2755
f 2763 2755 475
f 2764 2755 2763
f 507 2759 2767
f 2759 692 2768
f 2767 2768 694
f 2759 2768 2767
f 695 2772 2771
f 2772 693 2763
f 2771 2763 475
f 2772 2763 2771
f 507 2767 2775
f 2767 694 2776
f 2775 2776 696
f 2767 2776 2775
f 697 2780 2779
f 2780 695 2771
f 2779 2771 475
f 2780 2771 2779
f 507 2775 2783
f 2775 696 2784
f 2783 2784 698
f 2775 2784 2783
f 699 2788 2787
f 2788 697 2779
f 2787 2779 475
f 2788 2779 2787
f 507 2783 2791
f 2783 698 2792
f 2791 2792 700
f 2783 2792 2791
f 701 2796 2795
f 2796 699 2787
f 2795 2787 475
f 2796 2787 2795
f 507 2791 2799
f 2791 700 2800
f 2799 2800 702
f 2791 2800 2799
f 703 2804 2803
f 2804 701 2795
f 2803 2795 475
f 2804 2795 2803
f 507 2799 2807
f 2799 702 2808
f 2807 2808 704
f 2799 2808 2807
f 705 2812 2811
f 2812 703 2803
f 2811 2803 475
f 2812 2803 2811
f 507 2807 2815
f 2807 704 2816
f 2815 2816 706
f 2807 2816 2815
f 707 2820 2819
f 2820 705 2811
f 2819 2811 475
f 2820 2811 2819
f 507 2815 2823
f 2815 706 2824
f 2823 2824 708
f 2815 2824 2823
f 709 2828 2827
f 2828 707 2819
f 2827 2819 475
f 2828 2819 2827
f 507 2823 2831
f 2823 708 2832
f 2831 2832 710
f 2823 2832 2831
f 711 2836 2835
f 2836 709 2827
f 2835 2827 475
f 2836 2827 2835
f 507 2831 2839
f 2831 710 2840
f 2839 2840 712
f 2831 2840 2839
f 713 2844 2843
f 2844 711 2835
f 2843 2835 475
f 2844 2835 2843
f 507 2839 2847
f 2839 712 2848
f 2847 2848 714
f 2839 2848 2847
f 715 2852 2851
f 2852 713 2843
f 2851 2843 475
f 2852 2843 2851
f 507 2847 2856
f 2847 714 2857
f 2856 2857 716
f 2847 2857 2856
f 717 2861 2860
f 2861 715 2851
f 2860 2851 475
f 2861 2851 2860
f 475 2015 2855
f 2015 507 2856
f 2855 2856 716
f 2015 2856 2855
f 718 2865 2864
f 2865 717 2860
f 2864 2860 475
f 2865 2860 2864
f 475 2855 2868
f 2855 716 2869
f 2868 2869 719
f 2855 2869 2868
f 720 2873 2872
f 2873 718 2864
f 2872 2864 475
f 2873 2864 2872
f 475 2868 2876
f 2868 719 2877
f 2876 2877 721
f 2868 2877 2876
f 722 2881 2880
f 2881 720 2872
f 2880 2872 475
f 2881 2872 2880
f 475 2876 2884
f 2876 721 2885
f 2884 2885 723
f 2876 2885 2884
f 724 2889 2888
f 2889 722 2880
f 2888 2880 475
f 2889 2880 2888
f 475 2884 2888
f 2884 723 2890
f 2888 2890 724
f 2884 2890 2888
f 342 1407 2805
f 1407 344 2806
f 2805 2806 704
f 1407 2806 2805
f 344 2813 2806
f 2813 706 2816
f 2806 2816 704
f 2813 2816 2806
f 344 1411 2813
f 1411 346 2814
f 2813 2814 706
f 1411 2814 2813
f 346 2821 2814
f 2821 708 2824
f 2814 2824 706
f 2821 2824 2814
f 346 1415 2821
f 1415 348 2822
f 2821 2822 708
f 1415 2822 2821
f 348 2829 2822
f 2829 710 2832
f 2822 2832 708
f 2829 2832 2822
f 348 1419 2829
f 1419 350 2830
f 2829 2830 710
f 1419 2830 2829
f 350 2837 2830
f 2837 712 2840
f 2830 2840 710
f 2837 2840 2830
f 350 1423 2837
f 1423 352 2838
f 2837 2838 712
f 1423 2838 2837
f 352 2845 2838
f 2845 714 2848
f 2838 2848 712
f 2845 2848 2838
f 352 1428 2845
f 1428 354 2846
f 2845 2846 714
f 1428 2846 2845
f 354 2853 2846
f 2853 716 2857
f 2846 2857 714
f 2853 2857 2846
f 354 1434 2853
f 1434 357 2854
f 2853 2854 716
f 1434 2854 2853
f 357 2866 2854
f 2866 719 2869
f 2854 2869 716
f 2866 2869 2854
f 357 1438 2866
f 1438 359 2867
f 2866 2867 719
f 1438 2867 2866
f 359 2874 2867
f 2874 721 2877
f 2867 2877 719
f 2874 2877 2867
f 359 1442 2874
f 1442 361 2875
f 2874 2875 721
f 1442 2875 2874
f 361 2882 2875
f 2882 723 2885
f 2875 2885 721
f 2882 2885 2875
f 361 1445 2882
f 1445 362 2883
f 2882 2883 723
f 1445 2883 2882
f 362 2887 2883
f 2887 724 2890
f 2883 2890 723
f 2887 2890 2883
f 362 1444 2887
f 1444 360 2886
f 2887 2886 724
f 1444 2886 2887
f 360 2879 2886
f 2879 722 2889
f 2886 2889 724
f 2879 2889 2886
f 360 1440 2879
f 1440 358 2878
f 2879 2878 722
f 1440 2878 2879
f 358 2871 2878
f 2871 720 2881
f 2878 2881 722
f 2871 2881 2878
f 358 1436 2871
f 1436 356 2870
f 2871 2870 720
f 1436 2870 2871
f 356 2863 2870
f 2863 718 2873
f 2870 2873 720
f 2863 2873 2870
f 356 1432 2863
f 1432 355 2862
f 2863 2862 718
f 1432 2862 2863
f 355 2859 2862
f 2859 717 2865
f 2862 2865 718
f 2859 2865 2862
f 355 1430 2859
f 1430 353 2858
f 2859 2858 717
f 1430 2858 2859
f 353 2850 2858
f 2850 715 2861
f 2858 2861 717
f 2850 2861 2858
f 353 1425 2850
f 1425 351 2849
f 2850 2849 715
f 1425 2849 2850
f 351 2842 2849
f 2842 713 2852
f 2849 2852 715
f 2842 2852 2849
f 351 1421 2842
f 1421 349 2841
f 2842 2841 713
f 1421 2841 2842
f 349 2834 2841
f 2834 711 2844
f 2841 2844 713
f 2834 2844 2841
f 349 1417 2834
f 1417 347 2833
f 2834 2833 711
f 1417 2833 2834
f 347 2826 2833
f 2826 709 2836
f 2833 2836 711
f 2826 2836 2833
f 347 1413 2826
f 1413 345 2825
f 2826 2825 709
f 1413 2825 2826
f 345 2818 2825
f 2818 707 2828
f 2825 2828 709
f 2818 2828 2825
f 345 1409 2818
f 1409 343 2817
f 2818 2817 707
f 1409 2817 2818
f 343 2810 2817
f 2810 705 2820
f 2817 2820 707
f 2810 2820 2817
f 343 1405 2810
f 1405 341 2809
f 2810 2809 705
f 1405 2809 2810
f 341 2802 2809
f 2802 703 2812
f 2809 2812 705
f 2802 2812 2809
f 341 1401 2802
f 1401 339 2801
f 2802 2801 703
f 1401 2801 2802
f 339 2794 2801
f 2794 701 2804
f 2801 2804 703
f 2794 2804 2801
f 339 1397 2794
f 1397 337 2793
f 2794 2793 701
f 1397 2793 2794
f 337 2786 2793
f 2786 699 2796
f 2793 2796 701
f 2786 2796 2793
f 337 1393 2786
f 1393 335 2785
f 2786 2785 699
f 1393 2785 2786
f 335 2778 2785
f 2778 697 2788
f 2785 2788 699
f 2778 2788 2785
f 335 1389 2778
f 1389 333 2777
f 2778 2777 697
f 1389 2777 2778
f 333 2770 2777
f 2770 695 2780
f 2777 2780 697
f 2770 2780 2777
f 333 1385 2770
f 1385 331 2769
f 2770 2769 695
f 1385 2769 2770
f 331 2762 2769
f 2762 693 2772
f 2769 2772 695
f 2762 2772 2769
f 331 1381 2762
f 1381 329 2761
f 2762 2761 693
f 1381 2761 2762
f 329 2754 2761
f 2754 691 2764
f 2761 2764 693
f 2754 2764 2761
f 329 1377 2754
f 1377 327 2753
f 2754 2753 691
f 1377 2753 2754
f 327 2746 2753
f 2746 689 2756
f 2753 2756 691
f 2746 2756 2753
f 327 1373 2746
f 1373 325 2745
f 2746 2745 689
f 1373 2745 2746
f 325 2738 2745
f 2738 687 2748
f 2745 2748 689
f 2738 2748 2745
f 325 1369 2738
f 1369 323 2737
f 2738 2737 687
f 1369 2737 2738
f 323 2730 2737
f 2730 685 2740
f 2737 2740 687
f 2730 2740 2737
f 323 1365 2730
f 1365 321 2729
f 2730 2729 685
f 1365 2729 2730
f 321 2722 2729
f 2722 683 2732
f 2729 2732 685
f 2722 2732 2729
f 321 1361 2722
f 1361 319 2721
f 2722 2721 683
f 1361 2721 2722
f 319 2714 2721
f 2714 681 2724
f 2721 2724 683
f 2714 2724 2721
f 319 1357 2714
f 1357 317 2713
f 2714 2713 681
f 1357 2713 2714
f 317 2706 2713
f 2706 679 2716
f 2713 2716 681
f 2706 2716 2713
f 317 1353 2706
f 1353 315 2705
f 2706 2705 679
f 1353 2705 2706
f 315 2698 2705
f 2698 677 2708
f 2705 2708 679
f 2698 2708 2705
f 315 1349 2698
f 1349 313 2697
f 2698 2697 677
f 1349 2697 2698
f 313 2690 2697
f 2690 675 2700
f 2697 2700 677
f 2690 2700 2697
f 313 1345 2690
f 1345 311 2689
f 2690 2689 675
f 1345 2689 2690
f 311 2682 2689
f 2682 673 2692
f 2689 2692 675
f 2682 2692 2689
f 311 1341 2682
f 1341 309 2681
f 2682 2681 673
f 1341 2681 2682
f 309 2674 2681
f 2674 671 2684
f 2681 2684 673
f 2674 2684 2681
f 309 1337 2674
f 1337 307 2673
f 2674 2673 671
f 1337 2673 2674
f 307 2666 2673
f 2666 669 2676
f 2673 2676 671
f 2666 2676 2673
f 307 1333 2666
f 1333 305 2665
f 2666 2665 669
f 1333 2665 2666
f 305 2658 2665
f 2658 667 2668
f 2665 2668 669
f 2658 2668 2665
f 305 1329 2658
f 1329 303 2657
f 2658 2657 667
f 1329 2657 2658
f 303 2650 2657
f 2650 665 2660
f 2657 2660 667
f 2650 2660 2657
f 303 1325 2650
f 1325 301 2649
f 2650 2649 665
f 1325 2649 2650
f 301 2642 2649
f 2642 663 2652
f 2649 2652 665
f 2642 2652 2649
f 301 1321 2642
f 1321 299 2641
f 2642 2641 663
f 1321 2641 2642
f 299 2634 2641
f 2634 661 2644
f 2641 2644 663
f 2634 2644 2641
f 299 1317 2634
f 1317 297 2633
f 2634 2633 661
f 1317 2633 2634
f 297 2626 2633
f 2626 659 2636
f 2633 2636 661
f 2626 2636 2633
f 297 1313 2626
f 1313 295 2625
f 2626 2625 659
f 1313 2625 2626
f 295 2618 2625
f 2618 657 2628
f 2625 2628 659
f 2618 2628 2625
f 295 1309 2618
f 1309 293 2617
f 2618 2617 657
f 1309 2617 2618
f 293 2610 2617
f 2610 655 2620
f 2617 2620 657
f 2610 2620 2617
f 293 1305 2610
f 1305 291 2609
f 2610 2609 655
f 1305 2609 2610
f 291 2602 2609
f 2602 653 2612
f 2609 2612 655
f 2602 2612 2609
f 291 1301 2602
f 1301 289 2601
f 2602 2601 653
f 1301 2601 2602
f 289 2594 2601
f 2594 651 2604
f 2601 2604 653
f 2594 2604 2601
f 289 1297 2594
f 1297 287 2593
f 2594 2593 651
f 1297 2593 2594
f 287 2586 2593
f 2586 649 2596
f 2593 2596 651
f 2586 2596 2593
f 287 1293 2586
f 1293 285 2585
f 2586 2585 649
f 1293 2585 2586
f 285 2578 2585
f 2578 647 2588
f 2585 2588 649
f 2578 2588 2585
f 285 1289 2578
f 1289 283 2577
f 2578 2577 647
f 1289 2577 2578
f 283 2570 2577
f 2570 645 2580
f 2577 2580 647
f 2570 2580 2577
f 283 1285 2570
f 1285 281 2569
f 2570 2569 645
f 1285 2569 2570
f 281 2562 2569
f 2562 643 2572
f 2569 2572 645
f 2562 2572 2569
f 281 1281 2562
f 1281 279 2561
f 2562 2561 643
f 1281 2561 2562
f 279 2554 2561
f 2554 641 2564
f 2561 2564 643
f 2554 2564 2561
f 279 1277 2554
f 1277 278 2553
f 2554 2553 641
f 1277 2553 2554
f 278 2550 2553
f 2550 640 2556
f 2553 2556 641
f 2550 2556 2553
f 278 1275 2550
f 1275 276 2549
f 2550 2549 640
f 1275 2549 2550
f 276 2541 2549
f 2541 638 2552
f 2549 2552 640
f 2541 2552 2549
f 276 1270 2541
f 1270 274 2540
f 2541 2540 638
f 1270 2540 2541
f 274 2533 2540
f 2533 636 2543
f 2540 2543 638
f 2533 2543 2540
f 274 1266 2533
f 1266 272 2532
f 2533 2532 636
f 1266 2532 2533
f 272 2525 2532
f 2525 634 2535
f 2532 2535 636
f 2525 2535 2532
f 272 1262 2525
f 1262 269 2524
f 2525 2524 634
f 1262 2524 2525
f 269 2512 2524
f 2512 631 2527
f 2524 2527 634
f 2512 2527 2524
f 269 1256 2512
f 1256 268 2511
f 2512 2511 631
f 1256 2511 2512
f 268 2508 2511
f 2508 630 2515
f 2511 2515 631
f 2508 2515 2511
f 268 1253 2508
f 1253 267 2507
f 2508 2507 630
f 1253 2507 2508
f 267 2504 2507
f 2504 629 2510
f 2507 2510 630
f 2504 2510 2507
f 267 1250 2504
f 1250 3 2503
f 2504 2503 629
f 1250 2503 2504
f 3 1447 2503
f 1447 363 2505
f 2503 2505 629
f 1447 2505 2503
f 3 727 1447
f 727 2 1446
f 1447 1446 363
f 727 1446 1447
f 2 1449 1446
f 1449 364 1450
f 1446 1450 363
f 1449 1450 1446
f 2 725 1449
f 725 1 1448
f 1449 1448 364
f 725 1448 1449
f 1 1451 1448
f 1451 365 1454
f 1448 1454 364
f 1451 1454 1448
f 1 730 1451
f 730 5 1452
f 1451 1452 365
f 730 1452 1451
f 5 1456 1452
f 1456 366 1457
f 1452 1457 365
f 1456 1457 1452
f 5 731 1456
f 731 4 1455
f 1456 1455 366
f 731 1455 1456
f 4 1458 1455
f 1458 367 1462
f 1455 1462 366
f 1458 1462 1455
f 4 733 1458
f 733 7 1459
f 1458 1459 367
f 733 1459 1458
f 7 1464 1459
f 1464 368 1465
f 1459 1465 367
f 1464 1465 1459
f 7 734 1464
f 734 6 1463
f 1464 1463 368
f 734 1463 1464
f 6 1466 1463
f 1466 369 1469
f 1463 1469 368
f 1466 1469 1463
f 6 738 1466
f 738 9 1467
f 1466 1467 369
f 738 1467 1466
f 9 1471 1467
f 1471 370 1472
f 1467 1472 369
f 1471 1472 1467
f 9 739 1471
f 739 8 1470
f 1471 1470 370
f 739 1470 1471
f 8 1473 1470
f 1473 371 1478
f 1470 1478 370
f 1473 1478 1470
f 8 741 1473
f 741 11 1474
f 1473 1474 371
f 741 1474 1473
f 11 1480 1474
f 1480 372 1481
f 1474 1481 371
f 1480 1481 1474
f 11 742 1480
f 742 10 1479
f 1480 1479 372
f 742 1479 1480
f 10 1482 1479
f 1482 373 1485
f 1479 1485 372
f 1482 1485 1479
f 10 745 1482
f 745 13 1483
f 1482 1483 373
f 745 1483 1482
f 13 1487 1483
f 1487 374 1488
f 1483 1488 373
f 1487 1488 1483
f 13 746 1487
f 746 12 1486
f 1487 1486 374
f 746 1486 1487
f 12 1489 1486
f 1489 375 1493
f 1486 1493 374
f 1489 1493 1486
f 12 748 1489
f 748 15 1490
f 1489 1490 375
f 748 1490 1489
f 15 1495 1490
f 1495 376 1496
f 1490 1496 375
f 1495 1496 1490
f 15 749 1495
f 749 14 1494
f 1495 1494 376
f 749 1494 1495
f 14 1497 1494
f 1497 377 1500
f 1494 1500 376
f 1497 1500 1494
f 14 754 1497
f 754 17 1498
f 1497 1498 377
f 754 1498 1497
f 17 1502 1498
f 1502 378 1503
f 1498 1503 377
f 1502 1503 1498
f 17 755 1502
f 755 16 1501
f 1502 1501 378
f 755 1501 1502
f 16 1504 1501
f 1504 379 1510
f 1501 1510 378
f 1504 1510 1501
f 16 757 1504
f 757 19 1505
f 1504 1505 379
f 757 1505 1504
f 19 1512 1505
f 1512 380 1513
f 1505 1513 379
f 1512 1513 1505
f 19 758 1512
f 758 18 1511
f 1512 1511 380
f 758 1511 1512
f 18 1514 1511
f 1514 381 1517
f 1511 1517 380
f 1514 1517 1511
f 18 761 1514
f 761 21 1515
f 1514 1515 381
f 761 1515 1514
f 21 1519 1515
f 1519 382 1520
f 1515 1520 381
f 1519 1520 1515
f 21 762 1519
f 762 20 1518
f 1519 1518 382
f 762 1518 1519
f 20 1521 1518
f 1521 383 1525
f 1518 1525 382
f 1521 1525 1518
f 20 764 1521
f 764 23 1522
f 1521 1522 383
f 764 1522 1521
f 23 1527 1522
f 1527 384 1528
f 1522 1528 383
f 1527 1528 1522
f 23 765 1527
f 765 22 1526
f 1527 1526 384
f 765 1526 1527
f 22 1529 1526
f 1529 385 1532
f 1526 1532 384
f 1529 1532 1526
f 22 769 1529
f 769 25 1530
f 1529 1530 385
f 769 1530 1529
f 25 1534 1530
f 1534 386 1535
f 1530 1535 385
f 1534 1535 1530
f 25 770 1534
f 770 24 1533
f 1534 1533 386
f 770 1533 1534
f 24 1536 1533
f 1536 387 1541
f 1533 1541 386
f 1536 1541 1533
f 24 772 1536
f 772 27 1537
f 1536 1537 387
f 772 1537 1536
f 27 1543 1537
f 1543 388 1544
f 1537 1544 387
f 1543 1544 1537
f 27 773 1543
f 773 26 1542
f 1543 1542 388
f 773 1542 1543
f 26 1545 1542
f 1545 389 1548
f 1542 1548 388
f 1545 1548 1542
f 26 776 1545
f 776 29 1546
f 1545 1546 389
f 776 1546 1545
f 29 1550 1546
f 1550 390 1551
f 1546 1551 389
f 1550 1551 1546
f 29 777 1550
f 777 28 1549
f 1550 1549 390
f 777 1549 1550
f 28 1552 1549
f 1552 391 1556
f 1549 1556 390
f 1552 1556 1549
f 28 779 1552
f 779 31 1553
f 1552 1553 391
f 779 1553 1552
f 31 1558 1553
f 1558 392 1559
f 1553 1559 391
f 1558 1559 1553
f 31 780 1558
f 780 30 1557
f 1558 1557 392
f 780 1557 1558
f 30 1560 1557
f 1560 393 1563
f 1557 1563 392
f 1560 1563 1557
f 30 785 1560
f 785 33 1561
f 1560 1561 393
f 785 1561 1560
f 33 1565 1561
f 1565 394 1566
f 1561 1566 393
f 1565 1566 1561
f 33 786 1565
f 786 32 1564
f 1565 1564 394
f 786 1564 1565
f 32 1567 1564
f 1567 395 1573
f 1564 1573 394
f 1567 1573 1564
f 32 788 1567
f 788 35 1568
f 1567 1568 395
f 788 1568 1567
f 35 1575 1568
f 1575 396 1576
f 1568 1576 395
f 1575 1576 1568
f 35 789 1575
f 789 34 1574
f 1575 1574 396
f 789 1574 1575
f 34 1577 1574
f 1577 397 1580
f 1574 1580 396
f 1577 1580 1574
f 34 792 1577
f 792 37 1578
f 1577 1578 397
f 792 1578 1577
f 37 1582 1578
f 1582 398 1583
f 1578 1583 397
f 1582 1583 1578
f 37 793 1582
f 793 36 1581
f 1582 1581 398
f 793 1581 1582
f 36 1584 1581
f 1584 399 1588
f 1581 1588 398
f 1584 1588 1581
f 36 795 1584
f 795 39 1585
f 1584 1585 399
f 795 1585 1584
f 39 1590 1585
f 1590 400 1591
f 1585 1591 399
f 1590 1591 1585
f 39 796 1590
f 796 38 1589
f 1590 1589 400
f 796 1589 1590
f 38 1592 1589
f 1592 401 1595
f 1589 1595 400
f 1592 1595 1589
f 38 800 1592
f 800 41 1593
f 1592 1593 401
f 800 1593 1592
f 41 1597 1593
f 1597 402 1598
f 1593 1598 401
f 1597 1598 1593
f 41 801 1597
f 801 40 1596
f 1597 1596 402
f 801 1596 1597
f 40 1599 1596
f 1599 403 1604
f 1596 1604 402
f 1599 1604 1596
f 40 803 1599
f 803 43 1600
f 1599 1600 403
f 803 1600 1599
f 43 1606 1600
f 1606 404 1607
f 1600 1607 403
f 1606 1607 1600
f 43 804 1606
f 804 42 1605
f 1606 1605 404
f 804 1605 1606
f 42 1608 1605
f 1608 405 1611
f 1605 1611 404
f 1608 1611 1605
f 42 807 1608
f 807 45 1609
f 1608 1609 405
f 807 1609 1608
f 45 1613 1609
f 1613 406 1614
f 1609 1614 405
f 1613 1614 1609
f 45 808 1613
f 808 44 1612
f 1613 1612 406
f 808 1612 1613
f 44 1615 1612
f 1615 407 1619
f 1612 1619 406
f 1615 1619 1612
f 44 810 1615
f 810 47 1616
f 1615 1616 407
f 810 1616 1615
f 47 1621 1616
f 1621 408 1622
f 1616 1622 407
f 1621 1622 1616
f 47 811 1621
f 811 46 1620
f 1621 1620 408
f 811 1620 1621
f 46 1623 1620
f 1623 409 1626
f 1620 1626 408
f 1623 1626 1620
f 46 817 1623
f 817 49 1624
f 1623 1624 409
f 817 1624 1623
f 49 1628 1624
f 1628 410 1629
f 1624 1629 409
f 1628 1629 1624
f 49 818 1628
f 818 48 1627
f 1628 1627 410
f 818 1627 1628
f 48 1630 1627
f 1630 411 1637
f 1627 1637 410
f 1630 1637 1627
f 48 820 1630
f 820 51 1631
f 1630 1631 411
f 820 1631 1630
f 51 1639 1631
f 1639 412 1640
f 1631 1640 411
f 1639 1640 1631
f 51 821 1639
f 821 50 1638
f 1639 1638 412
f 821 1638 1639
f 50 1641 1638
f 1641 413 1644
f 1638 1644 412
f 1641 1644 1638
f 50 824 1641
f 824 53 1642
f 1641 1642 413
f 824 1642 1641
f 53 1646 1642
f 1646 414 1647
f 1642 1647 413
f 1646 1647 1642
f 53 825 1646
f 825 52 1645
f 1646 1645 414
f 825 1645 1646
f 52 1648 1645
f 1648 415 1652
f 1645 1652 414
f 1648 1652 1645
f 52 827 1648
f 827 55 1649
f 1648 1649 415
f 827 1649 1648
f 55 1654 1649
f 1654 416 1655
f 1649 1655 415
f 1654 1655 1649
f 55 828 1654
f 828 54 1653
f 1654 1653 416
f 828 1653 1654
f 54 1656 1653
f 1656 417 1659
f 1653 1659 416
f 1656 1659 1653
f 54 832 1656
f 832 57 1657
f 1656 1657 417
f 832 1657 1656
f 57 1661 1657
f 1661 418 1662
f 1657 1662 417
f 1661 1662 1657
f 57 833 1661
f 833 56 1660
f 1661 1660 418
f 833 1660 1661
f 56 1663 1660
f 1663 419 1668
f 1660 1668 418
f 1663 1668 1660
f 56 835 1663
f 835 59 1664
f 1663 1664 419
f 835 1664 1663
f 59 1670 1664
f 1670 420 1671
f 1664 1671 419
f 1670 1671 1664
f 59 836 1670
f 836 58 1669
f 1670 1669 420
f 836 1669 1670
f 58 1672 1669
f 1672 421 1675
f 1669 1675 420
f 1672 1675 1669
f 58 839 1672
f 839 61 1673
f 1672 1673 421
f 839 1673 1672
f 61 1677 1673
f 1677 422 1678
f 1673 1678 421
f 1677 1678 1673
f 61 840 1677
f 840 60 1676
f 1677 1676 422
f 840 1676 1677
f 60 1679 1676
f 1679 423 1683
f 1676 1683 422
f 1679 1683 1676
f 60 842 1679
f 842 63 1680
f 1679 1680 423
f 842 1680 1679
f 63 1685 1680
f 1685 424 1686
f 1680 1686 423
f 1685 1686 1680
f 63 843 1685
f 843 62 1684
f 1685 1684 424
f 843 1684 1685
f 62 1687 1684
f 1687 425 1690
f 1684 1690 424
f 1687 1690 1684
f 62 848 1687
f 848 65 1688
f 1687 1688 425
f 848 1688 1687
f 65 1692 1688
f 1692 426 1693
f 1688 1693 425
f 1692 1693 1688
f 65 849 1692
f 849 64 1691
f 1692 1691 426
f 849 1691 1692
f 64 1694 1691
f 1694 427 1700
f 1691 1700 426
f 1694 1700 1691
f 64 851 1694
f 851 67 1695
f 1694 1695 427
f 851 1695 1694
f 67 1702 1695
f 1702 428 1703
f 1695 1703 427
f 1702 1703 1695
f 67 852 1702
f 852 66 1701
f 1702 1701 428
f 852 1701 1702
f 66 1704 1701
f 1704 429 1707
f 1701 1707 428
f 1704 1707 1701
f 66 855 1704
f 855 69 1705
f 1704 1705 429
f 855 1705 1704
f 69 1709 1705
f 1709 430 1710
f 1705 1710 429
f 1709 1710 1705
f 69 856 1709
f 856 68 1708
f 1709 1708 430
f 856 1708 1709
f 68 1711 1708
f 1711 431 1715
f 1708 1715 430
f 1711 1715 1708
f 68 858 1711
f 858 71 1712
f 1711 1712 431
f 858 1712 1711
f 71 1717 1712
f 1717 432 1718
f 1712 1718 431
f 1717 1718 1712
f 71 859 1717
f 859 70 1716
f 1717 1716 432
f 859 1716 1717
f 70 1719 1716
f 1719 433 1722
f 1716 1722 432
f 1719 1722 1716
f 70 863 1719
f 863 73 1720
f 1719 1720 433
f 863 1720 1719
f 73 1724 1720
f 1724 434 1725
f 1720 1725 433
f 1724 1725 1720
f 73 864 1724
f 864 72 1723
f 1724 1723 434
f 864 1723 1724
f 72 1726 1723
f 1726 435 1731
f 1723 1731 434
f 1726 1731 1723
f 72 866 1726
f 866 75 1727
f 1726 1727 435
f 866 1727 1726
f 75 1733 1727
f 1733 436 1734
f 1727 1734 435
f 1733 1734 1727
f 75 867 1733
f 867 74 1732
f 1733 1732 436
f 867 1732 1733
f 74 1735 1732
f 1735 437 1738
f 1732 1738 436
f 1735 1738 1732
f 74 870 1735
f 870 77 1736
f 1735 1736 437
f 870 1736 1735
f 77 1740 1736
f 1740 438 1741
f 1736 1741 437
f 1740 1741 1736
f 77 871 1740
f 871 76 1739
f 1740 1739 438
f 871 1739 1740
f 76 1742 1739
f 1742 439 1746
f 1739 1746 438
f 1742 1746 1739
f 76 873 1742
f 873 79 1743
f 1742 1743 439
f 873 1743 1742
f 79 1748 1743
f 1748 440 1749
f 1743 1749 439
f 1748 1749 1743
f 79 874 1748
f 874 78 1747
f 1748 1747 440
f 874 1747 1748
f 78 1750 1747
f 1750 441 1753
f 1747 1753 440
f 1750 1753 1747
f 78 881 1750
f 881 81 1751
f 1750 1751 441
f 881 1751 1750
f 81 1755 1751
f 1755 442 1756
f 1751 1756 441
f 1755 1756 1751
f 81 882 1755
f 882 80 1754
f 1755 1754 442
f 882 1754 1755
f 80 1757 1754
f 1757 443 1765
f 1754 1765 442
f 1757 1765 1754
f 80 884 1757
f 884 83 1758
f 1757 1758 443
f 884 1758 1757
f 83 1767 1758
f 1767 444 1768
f 1758 1768 443
f 1767 1768 1758
f 83 885 1767
f 885 82 1766
f 1767 1766 444
f 885 1766 1767
f 82 1769 1766
f 1769 445 1772
f 1766 1772 444
f 1769 1772 1766
f 82 888 1769
f 888 85 1770
f 1769 1770 445
f 888 1770 1769
f 85 1774 1770
f 1774 446 1775
f 1770 1775 445
f 1774 1775 1770
f 85 889 1774
f 889 84 1773
f 1774 1773 446
f 889 1773 1774
f 84 1776 1773
f 1776 447 1780
f 1773 1780 446
f 1776 1780 1773
f 84 891 1776
f 891 87 1777
f 1776 1777 447
f 891 1777 1776
f 87 1782 1777
f 1782 448 1783
f 1777 1783 447
f 1782 1783 1777
f 87 892 1782
f 892 86 1781
f 1782 1781 448
f 892 1781 1782
f 86 1784 1781
f 1784 449 1787
f 1781 1787 448
f 1784 1787 1781
f 86 896 1784
f 896 89 1785
f 1784 1785 449
f 896 1785 1784
f 89 1789 1785
f 1789 450 1790
f 1785 1790 449
f 1789 1790 1785
f 89 897 1789
f 897 88 1788
f 1789 1788 450
f 897 1788 1789
f 88 1791 1788
f 1791 451 1796
f 1788 1796 450
f 1791 1796 1788
f 88 899 1791
f 899 91 1792
f 1791 1792 451
f 899 1792 1791
f 91 1798 1792
f 1798 452 1799
f 1792 1799 451
f 1798 1799 1792
f 91 900 1798
f 900 90 1797
f 1798 1797 452
f 900 1797 1798
f 90 1800 1797
f 1800 453 1803
f 1797 1803 452
f 1800 1803 1797
f 90 903 1800
f 903 93 1801
f 1800 1801 453
f 903 1801 1800
f 93 1805 1801
f 1805 454 1806
f 1801 1806 453
f 1805 1806 1801
f 93 904 1805
f 904 92 1804
f 1805 1804 454
f 904 1804 1805
f 92 1807 1804
f 1807 455 1811
f 1804 1811 454
f 1807 1811 1804
f 92 906 1807
f 906 95 1808
f 1807 1808 455
f 906 1808 1807
f 95 1813 1808
f 1813 456 1814
f 1808 1814 455
f 1813 1814 1808
f 95 907 1813
f 907 94 1812
f 1813 1812 456
f 907 1812 1813
f 94 1815 1812
f 1815 457 1818
f 1812 1818 456
f 1815 1818 1812
f 94 912 1815
f 912 97 1816
f 1815 1816 457
f 912 1816 1815
f 97 1820 1816
f 1820 458 1821
f 1816 1821 457
f 1820 1821 1816
f 97 913 1820
f 913 96 1819
f 1820 1819 458
f 913 1819 1820
f 96 1822 1819
f 1822 459 1828
f 1819 1828 458
f 1822 1828 1819
f 96 915 1822
f 915 99 1823
f 1822 1823 459
f 915 1823 1822
f 99 1830 1823
f 1830 460 1831
f 1823 1831 459
f 1830 1831 1823
f 99 916 1830
f 916 98 1829
f 1830 1829 460
f 916 1829 1830
f 98 1832 1829
f 1832 461 1835
f 1829 1835 460
f 1832 1835 1829
f 98 919 1832
f 919 101 1833
f 1832 1833 461
f 919 1833 1832
f 101 1837 1833
f 1837 462 1838
f 1833 1838 461
f 1837 1838 1833
f 101 920 1837
f 920 100 1836
f 1837 1836 462
f 920 1836 1837
f 100 1839 1836
f 1839 463 1843
f 1836 1843 462
f 1839 1843 1836
f 100 922 1839
f 922 103 1840
f 1839 1840 463
f 922 1840 1839
f 103 1845 1840
f 1845 464 1846
f 1840 1846 463
f 1845 1846 1840
f 103 923 1845
f 923 102 1844
f 1845 1844 464
f 923 1844 1845
f 102 1847 1844
f 1847 465 1850
f 1844 1850 464
f 1847 1850 1844
f 102 927 1847
f 927 105 1848
f 1847 1848 465
f 927 1848 1847
f 105 1852 1848
f 1852 466 1853
f 1848 1853 465
f 1852 1853 1848
f 105 928 1852
f 928 104 1851
f 1852 1851 466
f 928 1851 1852
f 104 1854 1851
f 1854 467 1859
f 1851 1859 466
f 1854 1859 1851
f 104 930 1854
f 930 107 1855
f 1854 1855 467
f 930 1855 1854
f 107 1861 1855
f 1861 468 1862
f 1855 1862 467
f 1861 1862 1855
f 107 931 1861
f 931 106 1860
f 1861 1860 468
f 931 1860 1861
f 106 1863 1860
f 1863 469 1866
f 1860 1866 468
f 1863 1866 1860
f 106 934 1863
f 934 109 1864
f 1863 1864 469
f 934 1864 1863
f 109 1868 1864
f 1868 470 1869
f 1864 1869 469
f 1868 1869 1864
f 109 935 1868
f 935 108 1867
f 1868 1867 470
f 935 1867 1868
f 108 1870 1867
f 1870 471 1874
f 1867 1874 470
f 1870 1874 1867
f 108 937 1870
f 937 111 1871
f 1870 1871 471
f 937 1871 1870
f 111 1876 1871
f 1876 472 1877
f 1871 1877 471
f 1876 1877 1871
f 111 938 1876
f 938 110 1875
f 1876 1875 472
f 938 1875 1876
f 110 1878 1875
f 1878 473 1881
f 1875 1881 472
f 1878 1881 1875
f 110 945 1878
f 945 113 1879
f 1878 1879 473
f 945 1879 1878
f 113 1883 1879
f 1883 474 1884
f 1879 1884 473
f 1883 1884 1879
f 113 946 1883
f 946 112 1882
f 1883 1882 474
f 946 1882 1883
f 112 1885 1882
f 1885 475 1893
f 1882 1893 474
f 1885 1893 1882
f 112 948 1885
f 948 115 1886
f 1885 1886 475
f 948 1886 1885
f 115 1895 1886
f 1895 476 1896
f 1886 1896 475
f 1895 1896 1886
f 115 949 1895
f 949 114 1894
f 1895 1894 476
f 949 1894 1895
f 114 1897 1894
f 1897 477 1900
f 1894 1900 476
f 1897 1900 1894
f 114 952 1897
f 952 117 1898
f 1897 1898 477
f 952 1898 1897
f 117 1902 1898
f 1902 478 1903
f 1898 1903 477
f 1902 1903 1898
f 117 953 1902
f 953 116 1901
f 1902 1901 478
f 953 1901 1902
f 116 1904 1901
f 1904 479 1908
f 1901 1908 478
f 1904 1908 1901
f 116 955 1904
f 955 119 1905
f 1904 1905 479
f 955 1905 1904
f 119 1910 1905
f 1910 480 1911
f 1905 1911 479
f 1910 1911 1905
f 119 956 1910
f 956 118 1909
f 1910 1909 480
f 956 1909 1910
f 118 1912 1909
f 1912 481 1915
f 1909 1915 480
f 1912 1915 1909
f 118 960 1912
f 960 121 1913
f 1912 1913 481
f 960 1913 1912
f 121 1917 1913
f 1917 482 1918
f 1913 1918 481
f 1917 1918 1913
f 121 961 1917
f 961 120 1916
f 1917 1916 482
f 961 1916 1917
f 120 1919 1916
f 1919 483 1924
f 1916 1924 482
f 1919 1924 1916
f 120 963 1919
f 963 123 1920
f 1919 1920 483
f 963 1920 1919
f 123 1926 1920
f 1926 484 1927
f 1920 1927 483
f 1926 1927 1920
f 123 964 1926
f 964 122 1925
f 1926 1925 484
f 964 1925 1926
f 122 1928 1925
f 1928 485 1931
f 1925 1931 484
f 1928 1931 1925
f 122 967 1928
f 967 125 1929
f 1928 1929 485
f 967 1929 1928
f 125 1933 1929
f 1933 486 1934
f 1929 1934 485
f 1933 1934 1929
f 125 968 1933
f 968 124 1932
f 1933 1932 486
f 968 1932 1933
f 124 1935 1932
f 1935 487 1939
f 1932 1939 486
f 1935 1939 1932
f 124 970 1935
f 970 127 1936
f 1935 1936 487
f 970 1936 1935
f 127 1941 1936
f 1941 488 1942
f 1936 1942 487
f 1941 1942 1936
f 127 971 1941
f 971 126 1940
f 1941 1940 488
f 971 1940 1941
f 126 1943 1940
f 1943 489 1946
f 1940 1946 488
f 1943 1946 1940
f 126 976 1943
f 976 129 1944
f 1943 1944 489
f 976 1944 1943
f 129 1948 1944
f 1948 490 1949
f 1944 1949 489
f 1948 1949 1944
f 129 977 1948
f 977 128 1947
f 1948 1947 490
f 977 1947 1948
f 128 1950 1947
f 1950 491 1956
f 1947 1956 490
f 1950 1956 1947
f 128 979 1950
f 979 131 1951
f 1950 1951 491
f 979 1951 1950
f 131 1958 1951
f 1958 492 1959
f 1951 1959 491
f 1958 1959 1951
f 131 980 1958
f 980 130 1957
f 1958 1957 492
f 980 1957 1958
f 130 1960 1957
f 1960 493 1963
f 1957 1963 492
f 1960 1963 1957
f 130 983 1960
f 983 133 1961
f 1960 1961 493
f 983 1961 1960
f 133 1965 1961
f 1965 494 1966
f 1961 1966 493
f 1965 1966 1961
f 133 984 1965
f 984 132 1964
f 1965 1964 494
f 984 1964 1965
f 132 1967 1964
f 1967 495 1971
f 1964 1971 494
f 1967 1971 1964
f 132 986 1967
f 986 135 1968
f 1967 1968 495
f 986 1968 1967
f 135 1973 1968
f 1973 496 1974
f 1968 1974 495
f 1973 1974 1968
f 135 987 1973
f 987 134 1972
f 1973 1972 496
f 987 1972 1973
f 134 1975 1972
f 1975 497 1978
f 1972 1978 496
f 1975 1978 1972
f 134 991 1975
f 991 137 1976
f 1975 1976 497
f 991 1976 1975
f 137 1980 1976
f 1980 498 1981
f 1976 1981 497
f 1980 1981 1976
f 137 992 1980
f 992 136 1979
f 1980 1979 498
f 992 1979 1980
f 136 1982 1979
f 1982 499 1987
f 1979 1987 498
f 1982 1987 1979
f 136 994 1982
f 994 139 1983
f 1982 1983 499
f 994 1983 1982
f 139 1989 1983
f 1989 500 1990
f 1983 1990 499
f 1989 1990 1983
f 139 995 1989
f 995 138 1988
f 1989 1988 500
f 995 1988 1989
f 138 1991 1988
f 1991 501 1994
f 1988 1994 500
f 1991 1994 1988
f 138 998 1991
f 998 141 1992
f 1991 1992 501
f 998 1992 1991
f 141 1996 1992
f 1996 502 1997
f 1992 1997 501
f 1996 1997 1992
f 141 999 1996
f 999 140 1995
f 1996 1995 502
f 999 1995 1996
f 140 1998 1995
f 1998 503 2002
f 1995 2002 502
f 1998 2002 1995
f 140 1001 1998
f 1001 143 1999
f 1998 1999 503
f 1001 1999 1998
f 143 2004 1999
f 2004 504 2005
f 1999 2005 503
f 2004 2005 1999
f 143 1002 2004
f 1002 142 2003
f 2004 2003 504
f 1002 2003 2004
f 142 2006 2003
f 2006 505 2009
f 2003 2009 504
f 2006 2009 2003
f 142 1008 2006
f 1008 145 2007
f 2006 2007 505
f 1008 2007 2006
f 145 2011 2007
f 2011 506 2012
f 2007 2012 505
f 2011 2012 2007
f 145 1009 2011
f 1009 144 2010
f 2011 2010 506
f 1009 2010 2011
f 144 2013 2010
f 2013 507 2020
f 2010 2020 506
f 2013 2020 2010
f 144 1011 2013
f 1011 147 2014
f 2013 2014 507
f 1011 2014 2013
f 147 2022 2014
f 2022 508 2023
f 2014 2023 507
f 2022 2023 2014
f 147 1012 2022
f 1012 146 2021
f 2022 2021 508
f 1012 2021 2022
f 146 2024 2021
f 2024 509 2027
f 2021 2027 508
f 2024 2027 2021
f 146 1015 2024
f 1015 149 2025
f 2024 2025 509
f 1015 2025 2024
f 149 2029 2025
f 2029 510 2030
f 2025 2030 509
f 2029 2030 2025
f 149 1016 2029
f 1016 148 2028
f 2029 2028 510
f 1016 2028 2029
f 148 2031 2028
f 2031 511 2035
f 2028 2035 510
f 2031 2035 2028
f 148 1018 2031
f 1018 151 2032
f 2031 2032 511
f 1018 2032 2031
f 151 2037 2032
f 2037 512 2038
f 2032 2038 511
f 2037 2038 2032
f 151 1019 2037
f 1019 150 2036
f 2037 2036 512
f 1019 2036 2037
f 150 2039 2036
f 2039 513 2042
f 2036 2042 512
f 2039 2042 2036
f 150 1023 2039
f 1023 153 2040
f 2039 2040 513
f 1023 2040 2039
f 153 2044 2040
f 2044 514 2045
f 2040 2045 513
f 2044 2045 2040
f 153 1024 2044
f 1024 152 2043
f 2044 2043 514
f 1024 2043 2044
f 152 2046 2043
f 2046 515 2051
f 2043 2051 514
f 2046 2051 2043
f 152 1026 2046
f 1026 155 2047
f 2046 2047 515
f 1026 2047 2046
f 155 2053 2047
f 2053 516 2054
f 2047 2054 515
f 2053 2054 2047
f 155 1027 2053
f 1027 154 2052
f 2053 2052 516
f 1027 2052 2053
f 154 2055 2052
f 2055 517 2058
f 2052 2058 516
f 2055 2058 2052
f 154 1030 2055
f 1030 157 2056
f 2055 2056 517
f 1030 2056 2055
f 157 2060 2056
f 2060 518 2061
f 2056 2061 517
f 2060 2061 2056
f 157 1031 2060
f 1031 156 2059
f 2060 2059 518
f 1031 2059 2060
f 156 2062 2059
f 2062 519 2066
f 2059 2066 518
f 2062 2066 2059
f 156 1033 2062
f 1033 159 2063
f 2062 2063 519
f 1033 2063 2062
f 159 2068 2063
f 2068 520 2069
f 2063 2069 519
f 2068 2069 2063
f 159 1034 2068
f 1034 158 2067
f 2068 2067 520
f 1034 2067 2068
f 158 2070 2067
f 2070 521 2073
f 2067 2073 520
f 2070 2073 2067
f 158 1039 2070
f 1039 161 2071
f 2070 2071 521
f 1039 2071 2070
f 161 2075 2071
f 2075 522 2076
f 2071 2076 521
f 2075 2076 2071
f 161 1040 2075
f 1040 160 2074
f 2075 2074 522
f 1040 2074 2075
f 160 2077 2074
f 2077 523 2083
f 2074 2083 522
f 2077 2083 2074
f 160 1042 2077
f 1042 163 2078
f 2077 2078 523
f 1042 2078 2077
f 163 2085 2078
f 2085 524 2086
f 2078 2086 523
f 2085 2086 2078
f 163 1043 2085
f 1043 162 2084
f 2085 2084 524
f 1043 2084 2085
f 162 2087 2084
f 2087 525 2090
f 2084 2090 524
f 2087 2090 2084
f 162 1046 2087
f 1046 165 2088
f 2087 2088 525
f 1046 2088 2087
f 165 2092 2088
f 2092 526 2093
f 2088 2093 525
f 2092 2093 2088
f 165 1047 2092
f 1047 164 2091
f 2092 2091 526
f 1047 2091 2092
f 164 2094 2091
f 2094 527 2098
f 2091 2098 526
f 2094 2098 2091
f 164 1049 2094
f 1049 167 2095
f 2094 2095 527
f 1049 2095 2094
f 167 2100 2095
f 2100 528 2101
f 2095 2101 527
f 2100 2101 2095
f 167 1050 2100
f 1050 166 2099
f 2100 2099 528
f 1050 2099 2100
f 166 2102 2099
f 2102 529 2105
f 2099 2105 528
f 2102 2105 2099
f 166 1054 2102
f 1054 169 2103
f 2102 2103 529
f 1054 2103 2102
f 169 2107 2103
f 2107 530 2108
f 2103 2108 529
f 2107 2108 2103
f 169 1055 2107
f 1055 168 2106
f 2107 2106 530
f 1055 2106 2107
f 168 2109 2106
f 2109 531 2114
f 2106 2114 530
f 2109 2114 2106
f 168 1057 2109
f 1057 171 2110
f 2109 2110 531
f 1057 2110 2109
f 171 2116 2110
f 2116 532 2117
f 2110 2117 531
f 2116 2117 2110
f 171 1058 2116
f 1058 170 2115
f 2116 2115 532
f 1058 2115 2116
f 170 2118 2115
f 2118 533 2121
f 2115 2121 532
f 2118 2121 2115
f 170 1061 2118
f 1061 173 2119
f 2118 2119 533
f 1061 2119 2118
f 173 2123 2119
f 2123 534 2124
f 2119 2124 533
f 2123 2124 2119
f 173 1062 2123
f 1062 172 2122
f 2123 2122 534
f 1062 2122 2123
f 172 2125 2122
f 2125 535 2129
f 2122 2129 534
f 2125 2129 2122
f 172 1064 2125
f 1064 175 2126
f 2125 2126 535
f 1064 2126 2125
f 175 2131 2126
f 2131 536 2132
f 2126 2132 535
f 2131 2132 2126
f 175 1065 2131
f 1065 174 2130
f 2131 2130 536
f 1065 2130 2131
f 174 2133 2130
f 2133 537 2136
f 2130 2136 536
f 2133 2136 2130
f 174 1071 2133
f 1071 177 2134
f 2133 2134 537
f 1071 2134 2133
f 177 2138 2134
f 2138 538 2139
f 2134 2139 537
f 2138 2139 2134
f 177 1072 2138
f 1072 176 2137
f 2138 2137 538
f 1072 2137 2138
f 176 2140 2137
f 2140 539 2147
f 2137 2147 538
f 2140 2147 2137
f 176 1074 2140
f 1074 179 2141
f 2140 2141 539
f 1074 2141 2140
f 179 2149 2141
f 2149 540 2150
f 2141 2150 539
f 2149 2150 2141
f 179 1075 2149
f 1075 178 2148
f 2149 2148 540
f 1075 2148 2149
f 178 2151 2148
f 2151 541 2154
f 2148 2154 540
f 2151 2154 2148
f 178 1078 2151
f 1078 181 2152
f 2151 2152 541
f 1078 2152 2151
f 181 2156 2152
f 2156 542 2157
f 2152 2157 541
f 2156 2157 2152
f 181 1079 2156
f 1079 180 2155
f 2156 2155 542
f 1079 2155 2156
f 180 2158 2155
f 2158 543 2162
f 2155 2162 542
f 2158 2162 2155
f 180 1081 2158
f 1081 183 2159
f 2158 2159 543
f 1081 2159 2158
f 183 2164 2159
f 2164 544 2165
f 2159 2165 543
f 2164 2165 2159
f 183 1082 2164
f 1082 182 2163
f 2164 2163 544
f 1082 2163 2164
f 182 2166 2163
f 2166 545 2169
f 2163 2169 544
f 2166 2169 2163
f 182 1086 2166
f 1086 185 2167
f 2166 2167 545
f 1086 2167 2166
f 185 2171 2167
f 2171 546 2172
f 2167 2172 545
f 2171 2172 2167
f 185 1087 2171
f 1087 184 2170
f 2171 2170 546
f 1087 2170 2171
f 184 2173 2170
f 2173 547 2178
f 2170 2178 546
f 2173 2178 2170
f 184 1089 2173
f 1089 187 2174
f 2173 2174 547
f 1089 2174 2173
f 187 2180 2174
f 2180 548 2181
f 2174 2181 547
f 2180 2181 2174
f 187 1090 2180
f 1090 186 2179
f 2180 2179 548
f 1090 2179 2180
f 186 2182 2179
f 2182 549 2185
f 2179 2185 548
f 2182 2185 2179
f 186 1093 2182
f 1093 189 2183
f 2182 2183 549
f 1093 2183 2182
f 189 2187 2183
f 2187 550 2188
f 2183 2188 549
f 2187 2188 2183
f 189 1094 2187
f 1094 188 2186
f 2187 2186 550
f 1094 2186 2187
f 188 2189 2186
f 2189 551 2193
f 2186 2193 550
f 2189 2193 2186
f 188 1096 2189
f 1096 191 2190
f 2189 2190 551
f 1096 2190 2189
f 191 2195 2190
f 2195 552 2196
f 2190 2196 551
f 2195 2196 2190
f 191 1097 2195
f 1097 190 2194
f 2195 2194 552
f 1097 2194 2195
f 190 2197 2194
f 2197 553 2200
f 2194 2200 552
f 2197 2200 2194
f 190 1102 2197
f 1102 193 2198
f 2197 2198 553
f 1102 2198 2197
f 193 2202 2198
f 2202 554 2203
f 2198 2203 553
f 2202 2203 2198
f 193 1103 2202
f 1103 192 2201
f 2202 2201 554
f 1103 2201 2202
f 192 2204 2201
f 2204 555 2210
f 2201 2210 554
f 2204 2210 2201
f 192 1105 2204
f 1105 195 2205
f 2204 2205 555
f 1105 2205 2204
f 195 2212 2205
f 2212 556 2213
f 2205 2213 555
f 2212 2213 2205
f 195 1106 2212
f 1106 194 2211
f 2212 2211 556
f 1106 2211 2212
f 194 2214 2211
f 2214 557 2217
f 2211 2217 556
f 2214 2217 2211
f 194 1109 2214
f 1109 197 2215
f 2214 2215 557
f 1109 2215 2214
f 197 2219 2215
f 2219 558 2220
f 2215 2220 557
f 2219 2220 2215
f 197 1110 2219
f 1110 196 2218
f 2219 2218 558
f 1110 2218 2219
f 196 2221 2218
f 2221 559 2225
f 2218 2225 558
f 2221 2225 2218
f 196 1112 2221
f 1112 199 2222
f 2221 2222 559
f 1112 2222 2221
f 199 2227 2222
f 2227 560 2228
f 2222 2228 559
f 2227 2228 2222
f 199 1113 2227
f 1113 198 2226
f 2227 2226 560
f 1113 2226 2227
f 198 2229 2226
f 2229 561 2232
f 2226 2232 560
f 2229 2232 2226
f 198 1117 2229
f 1117 201 2230
f 2229 2230 561
f 1117 2230 2229
f 201 2234 2230
f 2234 562 2235
f 2230 2235 561
f 2234 2235 2230
f 201 1118 2234
f 1118 200 2233
f 2234 2233 562
f 1118 2233 2234
f 200 2236 2233
f 2236 563 2241
f 2233 2241 562
f 2236 2241 2233
f 200 1120 2236
f 1120 203 2237
f 2236 2237 563
f 1120 2237 2236
f 203 2243 2237
f 2243 564 2244
f 2237 2244 563
f 2243 2244 2237
f 203 1121 2243
f 1121 202 2242
f 2243 2242 564
f 1121 2242 2243
f 202 2245 2242
f 2245 565 2248
f 2242 2248 564
f 2245 2248 2242
f 202 1124 2245
f 1124 205 2246
f 2245 2246 565
f 1124 2246 2245
f 205 2250 2246
f 2250 566 2251
f 2246 2251 565
f 2250 2251 2246
f 205 1125 2250
f 1125 204 2249
f 2250 2249 566
f 1125 2249 2250
f 204 2252 2249
f 2252 567 2256
f 2249 2256 566
f 2252 2256 2249
f 204 1127 2252
f 1127 207 2253
f 2252 2253 567
f 1127 2253 2252
f 207 2258 2253
f 2258 568 2259
f 2253 2259 567
f 2258 2259 2253
f 207 1128 2258
f 1128 206 2257
f 2258 2257 568
f 1128 2257 2258
f 206 2260 2257
f 2260 569 2263
f 2257 2263 568
f 2260 2263 2257
f 206 1135 2260
f 1135 209 2261
f 2260 2261 569
f 1135 2261 2260
f 209 2265 2261
f 2265 570 2266
f 2261 2266 569
f 2265 2266 2261
f 209 1136 2265
f 1136 208 2264
f 2265 2264 570
f 1136 2264 2265
f 208 2267 2264
f 2267 571 2275
f 2264 2275 570
f 2267 2275 2264
f 208 1138 2267
f 1138 211 2268
f 2267 2268 571
f 1138 2268 2267
f 211 2277 2268
f 2277 572 2278
f 2268 2278 571
f 2277 2278 2268
f 211 1139 2277
f 1139 210 2276
f 2277 2276 572
f 1139 2276 2277
f 210 2279 2276
f 2279 573 2282
f 2276 2282 572
f 2279 2282 2276
f 210 1142 2279
f 1142 213 2280
f 2279 2280 573
f 1142 2280 2279
f 213 2284 2280
f 2284 574 2285
f 2280 2285 573
f 2284 2285 2280
f 213 1143 2284
f 1143 212 2283
f 2284 2283 574
f 1143 2283 2284
f 212 2286 2283
f 2286 575 2290
f 2283 2290 574
f 2286 2290 2283
f 212 1145 2286
f 1145 215 2287
f 2286 2287 575
f 1145 2287 2286
f 215 2292 2287
f 2292 576 2293
f 2287 2293 575
f 2292 2293 2287
f 215 1146 2292
f 1146 214 2291
f 2292 2291 576
f 1146 2291 2292
f 214 2294 2291
f 2294 577 2297
f 2291 2297 576
f 2294 2297 2291
f 214 1150 2294
f 1150 217 2295
f 2294 2295 577
f 1150 2295 2294
f 217 2299 2295
f 2299 578 2300
f 2295 2300 577
f 2299 2300 2295
f 217 1151 2299
f 1151 216 2298
f 2299 2298 578
f 1151 2298 2299
f 216 2301 2298
f 2301 579 2306
f 2298 2306 578
f 2301 2306 2298
f 216 1153 2301
f 1153 219 2302
f 2301 2302 579
f 1153 2302 2301
f 219 2308 2302
f 2308 580 2309
f 2302 2309 579
f 2308 2309 2302
f 219 1154 2308
f 1154 218 2307
f 2308 2307 580
f 1154 2307 2308
f 218 2310 2307
f 2310 581 2313
f 2307 2313 580
f 2310 2313 2307
f 218 1157 2310
f 1157 221 2311
f 2310 2311 581
f 1157 2311 2310
f 221 2315 2311
f 2315 582 2316
f 2311 2316 581
f 2315 2316 2311
f 221 1158 2315
f 1158 220 2314
f 2315 2314 582
f 1158 2314 2315
f 220 2317 2314
f 2317 583 2321
f 2314 2321 582
f 2317 2321 2314
f 220 1160 2317
f 1160 223 2318
f 2317 2318 583
f 1160 2318 2317
f 223 2323 2318
f 2323 584 2324
f 2318 2324 583
f 2323 2324 2318
f 223 1161 2323
f 1161 222 2322
f 2323 2322 584
f 1161 2322 2323
f 222 2325 2322
f 2325 585 2328
f 2322 2328 584
f 2325 2328 2322
f 222 1166 2325
f 1166 225 2326
f 2325 2326 585
f 1166 2326 2325
f 225 2330 2326
f 2330 586 2331
f 2326 2331 585
f 2330 2331 2326
f 225 1167 2330
f 1167 224 2329
f 2330 2329 586
f 1167 2329 2330
f 224 2332 2329
f 2332 587 2338
f 2329 2338 586
f 2332 2338 2329
f 224 1169 2332
f 1169 227 2333
f 2332 2333 587
f 1169 2333 2332
f 227 2340 2333
f 2340 588 2341
f 2333 2341 587
f 2340 2341 2333
f 227 1170 2340
f 1170 226 2339
f 2340 2339 588
f 1170 2339 2340
f 226 2342 2339
f 2342 589 2345
f 2339 2345 588
f 2342 2345 2339
f 226 1173 2342
f 1173 229 2343
f 2342 2343 589
f 1173 2343 2342
f 229 2347 2343
f 2347 590 2348
f 2343 2348 589
f 2347 2348 2343
f 229 1174 2347
f 1174 228 2346
f 2347 2346 590
f 1174 2346 2347
f 228 2349 2346
f 2349 591 2353
f 2346 2353 590
f 2349 2353 2346
f 228 1176 2349
f 1176 231 2350
f 2349 2350 591
f 1176 2350 2349
f 231 2355 2350
f 2355 592 2356
f 2350 2356 591
f 2355 2356 2350
f 231 1177 2355
f 1177 230 2354
f 2355 2354 592
f 1177 2354 2355
f 230 2357 2354
f 2357 593 2360
f 2354 2360 592
f 2357 2360 2354
f 230 1181 2357
f 1181 233 2358
f 2357 2358 593
f 1181 2358 2357
f 233 2362 2358
f 2362 594 2363
f 2358 2363 593
f 2362 2363 2358
f 233 1182 2362
f 1182 232 2361
f 2362 2361 594
f 1182 2361 2362
f 232 2364 2361
f 2364 595 2369
f 2361 2369 594
f 2364 2369 2361
f 232 1184 2364
f 1184 235 2365
f 2364 2365 595
f 1184 2365 2364
f 235 2371 2365
f 2371 596 2372
f 2365 2372 595
f 2371 2372 2365
f 235 1185 2371
f 1185 234 2370
f 2371 2370 596
f 1185 2370 2371
f 234 2373 2370
f 2373 597 2376
f 2370 2376 596
f 2373 2376 2370
f 234 1188 2373
f 1188 237 2374
f 2373 2374 597
f 1188 2374 2373
f 237 2378 2374
f 2378 598 2379
f 2374 2379 597
f 2378 2379 2374
f 237 1189 2378
f 1189 236 2377
f 2378 2377 598
f 1189 2377 2378
f 236 2380 2377
f 2380 599 2384
f 2377 2384 598
f 2380 2384 2377
f 236 1191 2380
f 1191 239 2381
f 2380 2381 599
f 1191 2381 2380
f 239 2386 2381
f 2386 600 2387
f 2381 2387 599
f 2386 2387 2381
f 239 1192 2386
f 1192 238 2385
f 2386 2385 600
f 1192 2385 2386
f 238 2388 2385
f 2388 601 2391
f 2385 2391 600
f 2388 2391 2385
f 238 1198 2388
f 1198 241 2389
f 2388 2389 601
f 1198 2389 2388
f 241 2393 2389
f 2393 602 2394
f 2389 2394 601
f 2393 2394 2389
f 241 1199 2393
f 1199 240 2392
f 2393 2392 602
f 1199 2392 2393
f 240 2395 2392
f 2395 603 2402
f 2392 2402 602
f 2395 2402 2392
f 240 1201 2395
f 1201 243 2396
f 2395 2396 603
f 1201 2396 2395
f 243 2404 2396
f 2404 604 2405
f 2396 2405 603
f 2404 2405 2396
f 243 1202 2404
f 1202 242 2403
f 2404 2403 604
f 1202 2403 2404
f 242 2406 2403
f 2406 605 2409
f 2403 2409 604
f 2406 2409 2403
f 242 1205 2406
f 1205 245 2407
f 2406 2407 605
f 1205 2407 2406
f 245 2411 2407
f 2411 606 2412
f 2407 2412 605
f 2411 2412 2407
f 245 1206 2411
f 1206 244 2410
f 2411 2410 606
f 1206 2410 2411
f 244 2413 2410
f 2413 607 2417
f 2410 2417 606
f 2413 2417 2410
f 244 1208 2413
f 1208 247 2414
f 2413 2414 607
f 1208 2414 2413
f 247 2419 2414
f 2419 608 2420
f 2414 2420 607
f 2419 2420 2414
f 247 1209 2419
f 1209 246 2418
f 2419 2418 608
f 1209 2418 2419
f 246 2421 2418
f 2421 609 2424
f 2418 2424 608
f 2421 2424 2418
f 246 1213 2421
f 1213 249 2422
f 2421 2422 609
f 1213 2422 2421
f 249 2426 2422
f 2426 610 2427
f 2422 2427 609
f 2426 2427 2422
f 249 1214 2426
f 1214 248 2425
f 2426 2425 610
f 1214 2425 2426
f 248 2428 2425
f 2428 611 2433
f 2425 2433 610
f 2428 2433 2425
f 248 1216 2428
f 1216 251 2429
f 2428 2429 611
f 1216 2429 2428
f 251 2435 2429
f 2435 612 2436
f 2429 2436 611
f 2435 2436 2429
f 251 1217 2435
f 1217 250 2434
f 2435 2434 612
f 1217 2434 2435
f 250 2437 2434
f 2437 613 2440
f 2434 2440 612
f 2437 2440 2434
f 250 1220 2437
f 1220 253 2438
f 2437 2438 613
f 1220 2438 2437
f 253 2442 2438
f 2442 614 2443
f 2438 2443 613
f 2442 2443 2438
f 253 1221 2442
f 1221 252 2441
f 2442 2441 614
f 1221 2441 2442
f 252 2444 2441
f 2444 615 2448
f 2441 2448 614
f 2444 2448 2441
f 252 1223 2444
f 1223 255 2445
f 2444 2445 615
f 1223 2445 2444
f 255 2450 2445
f 2450 616 2451
f 2445 2451 615
f 2450 2451 2445
f 255 1224 2450
f 1224 254 2449
f 2450 2449 616
f 1224 2449 2450
f 254 2452 2449
f 2452 617 2455
f 2449 2455 616
f 2452 2455 2449
f 254 1229 2452
f 1229 257 2453
f 2452 2453 617
f 1229 2453 2452
f 257 2457 2453
f 2457 618 2458
f 2453 2458 617
f 2457 2458 2453
f 257 1230 2457
f 1230 256 2456
f 2457 2456 618
f 1230 2456 2457
f 256 2459 2456
f 2459 619 2465
f 2456 2465 618
f 2459 2465 2456
f 256 1232 2459
f 1232 259 2460
f 2459 2460 619
f 1232 2460 2459
f 259 2467 2460
f 2467 620 2468
f 2460 2468 619
f 2467 2468 2460
f 259 1233 2467
f 1233 258 2466
f 2467 2466 620
f 1233 2466 2467
f 258 2469 2466
f 2469 621 2472
f 2466 2472 620
f 2469 2472 2466
f 258 1236 2469
f 1236 261 2470
f 2469 2470 621
f 1236 2470 2469
f 261 2474 2470
f 2474 622 2475
f 2470 2475 621
f 2474 2475 2470
f 261 1237 2474
f 1237 260 2473
f 2474 2473 622
f 1237 2473 2474
f 260 2476 2473
f 2476 623 2480
f 2473 2480 622
f 2476 2480 2473
f 260 1239 2476
f 1239 263 2477
f 2476 2477 623
f 1239 2477 2476
f 263 2482 2477
f 2482 624 2483
f 2477 2483 623
f 2482 2483 2477
f 263 1240 2482
f 1240 262 2481
f 2482 2481 624
f 1240 2481 2482
f 262 2484 2481
f 2484 625 2487
f 2481 2487 624
f 2484 2487 2481
f 262 1244 2484
f 1244 265 2485
f 2484 2485 625
f 1244 2485 2484
f 265 2489 2485
f 2489 626 2490
f 2485 2490 625
f 2489 2490 2485
f 265 1245 2489
f 1245 264 2488
f 2489 2488 626
f 1245 2488 2489
f 264 2491 2488
f 2491 627 2496
f 2488 2496 626
f 2491 2496 2488
f 264 1249 2491
f 1249 266 2492
f 2491 2492 627
f 1249 2492 2491
f 266 2497 2492
f 2497 628 2502
f 2492 2502 627
f 2497 2502 2492
f 266 1258 2497
f 1258 270 2498
f 2497 2498 628
f 1258 2498 2497
f 270 2516 2498
f 2516 632 2519
f 2498 2519 628
f 2516 2519 2498
f 270 1260 2516
f 1260 271 2517
f 2516 2517 632
f 1260 2517 2516
f 271 2520 2517
f 2520 633 2523
f 2517 2523 632
f 2520 2523 2517
f 271 1264 2520
f 1264 273 2521
f 2520 2521 633
f 1264 2521 2520
f 273 2528 2521
f 2528 635 2531
f 2521 2531 633
f 2528 2531 2521
f 273 1268 2528
f 1268 275 2529
f 2528 2529 635
f 1268 2529 2528
f 275 2536 2529
f 2536 637 2539
f 2529 2539 635
f 2536 2539 2529
f 275 1273 2536
f 1273 277 2537
f 2536 2537 637
f 1273 2537 2536
f 277 2544 2537
f 2544 639 2548
f 2537 2548 637
f 2544 2548 2537
f 277 1279 2544
f 1279 280 2545
f 2544 2545 639
f 1279 2545 2544
f 280 2557 2545
f 2557 642 2560
f 2545 2560 639
f 2557 2560 2545
f 280 1283 2557
f 1283 282 2558
f 2557 2558 642
f 1283 2558 2557
f 282 2565 2558
f 2565 644 2568
f 2558 2568 642
f 2565 2568 2558
f 282 1287 2565
f 1287 284 2566
f 2565 2566 644
f 1287 2566 2565
f 284 2573 2566
f 2573 646 2576
f 2566 2576 644
f 2573 2576 2566
f 284 1291 2573
f 1291 286 2574
f 2573 2574 646
f 1291 2574 2573
f 286 2581 2574
f 2581 648 2584
f 2574 2584 646
f 2581 2584 2574
f 286 1295 2581
f 1295 288 2582
f 2581 2582 648
f 1295 2582 2581
f 288 2589 2582
f 2589 650 2592
f 2582 2592 648
f 2589 2592 2582
f 288 1299 2589
f 1299 290 2590
f 2589 2590 650
f 1299 2590 2589
f 290 2597 2590
f 2597 652 2600
f 2590 2600 650
f 2597 2600 2590
f 290 1303 2597
f 1303 292 2598
f 2597 2598 652
f 1303 2598 2597
f 292 2605 2598
f 2605 654 2608
f 2598 2608 652
f 2605 2608 2598
f 292 1307 2605
f 1307 294 2606
f 2605 2606 654
f 1307 2606 2605
f 294 2613 2606
f 2613 656 2616
f 2606 2616 654
f 2613 2616 2606
f 294 1311 2613
f 1311 296 2614
f 2613 2614 656
f 1311 2614 2613
f 296 2621 2614
f 2621 658 2624
f 2614 2624 656
f 2621 2624 2614
f 296 1315 2621
f 1315 298 2622
f 2621 2622 658
f 1315 2622 2621
f 298 2629 2622
f 2629 660 2632
f 2622 2632 658
f 2629 2632 2622
f 298 1319 2629
f 1319 300 2630
f 2629 2630 660
f 1319 2630 2629
f 300 2637 2630
f 2637 662 2640
f 2630 2640 660
f 2637 2640 2630
f 300 1323 2637
f 1323 302 2638
f 2637 2638 662
f 1323 2638 2637
f 302 2645 2638
f 2645 664 2648
f 2638 2648 662
f 2645 2648 2638
f 302 1327 2645
f 1327 304 2646
f 2645 2646 664
f 1327 2646 2645
f 304 2653 2646
f 2653 666 2656
f 2646 2656 664
f 2653 2656 2646
f 304 1331 2653
f 1331 306 2654
f 2653 2654 666
f 1331 2654 2653
f 306 2661 2654
f 2661 668 2664
f 2654 2664 666
f 2661 2664 2654
f 306 1335 2661
f 1335 308 2662
f 2661 2662 668
f 1335 2662 2661
f 308 2669 2662
f 2669 670 2672
f 2662 2672 668
f 2669 2672 2662
f 308 1339 2669
f 1339 310 2670
f 2669 2670 670
f 1339 2670 2669
f 310 2677 2670
f 2677 672 2680
f 2670 2680 670
f 2677 2680 2670
f 310 1343 2677
f 1343 312 2678
f 2677 2678 672
f 1343 2678 2677
f 312 2685 2678
f 2685 674 2688
f 2678 2688 672
f 2685 2688 2678
f 312 1347 2685
f 1347 314 2686
f 2685 2686 674
f 1347 2686 2685
f 314 2693 2686
f 2693 676 2696
f 2686 2696 674
f 2693 2696 2686
f 314 1351 2693
f 1351 316 2694
f 2693 2694 676
f 1351 2694 2693
f 316 2701 2694
f 2701 678 2704
f 2694 2704 676
f 2701 2704 2694
f 316 1355 2701
f 1355 318 2702
f 2701 2702 678
f 1355 2702 2701
f 318 2709 2702
f 2709 680 2712
f 2702 2712 678
f 2709 2712 2702
f 318 1359 2709
f 1359 320 2710
f 2709 2710 680
f 1359 2710 2709
f 320 2717 2710
f 2717 682 2720
f 2710 2720 680
f 2717 2720 2710
f 320 1363 2717
f 1363 322 2718
f 2717 2718 682
f 1363 2718 2717
f 322 2725 2718
f 2725 684 2728
f 2718 2728 682
f 2725 2728 2718
f 322 1367 2725
f 1367 324 2726
f 2725 2726 684
f 1367 2726 2725
f 324 2733 2726
f 2733 686 2736
f 2726 2736 684
f 2733 2736 2726
f 324 1371 2733
f 1371 326 2734
f 2733 2734 686
f 1371 2734 2733
f 326 2741 2734
f 2741 688 2744
f 2734 2744 686
f 2741 2744 2734
f 326 1375 2741
f 1375 328 2742
f 2741 2742 688
f 1375 2742 2741
f 328 2749 2742
f 2749 690 2752
f 2742 2752 688
f 2749 2752 2742
f 328 1379 2749
f 1379 330 2750
f 2749 2750 690
f 1379 2750 2749
f 330 2757 2750
f 2757 692 2760
f 2750 2760 690
f 2757 2760 2750
f 330 1383 2757
f 1383 332 2758
f 2757 2758 692
f 1383 2758 2757
f 332 2765 2758
f 2765 694 2768
f 2758 2768 692
f 2765 2768 2758
f 332 1387 2765
f 1387 334 2766
f 2765 2766 694
f 1387 2766 2765
f 334 2773 2766
f 2773 696 2776
f 2766 2776 694
f 2773 2776 2766
f 334 1391 2773
f 1391 336 2774
f 2773 2774 696
f 1391 2774 2773
f 336 2781 2774
f 2781 698 2784
f 2774 2784 696
f 2781 2784 2774
f 336 1395 2781
f 1395 338 2782
f 2781 2782 698
f 1395 2782 2781
f 338 2789 2782
f 2789 700 2792
f 2782 2792 698
f 2789 2792 2782
f 338 1399 2789
f 1399 340 2790
f 2789 2790 700
f 1399 2790 2789
f 340 2797 2790
f 2797 702 2800
f 2790 2800 700
f 2797 2800 2790
f 340 1403 2797
f 1403 342 2798
f 2797 2798 702
f 1403 2798 2797
f 342 2805 2798
f 2805 704 2808
f 2798 2808 702
f 2805 2808 2798

