# https://github.com/mikedh/trimesh

o spot
v 1.87307123 2.96664162 -2.30654380
v 2.43271548 2.92767932 -2.37559440
v 1.85994383 2.70811412 -2.44388680
v 2.42417893 2.68403787 -2.49931360
v 1.32304813 3.23213487 -2.02756870
v 1.88975163 3.19114447 -2.10691195
v 1.32176718 2.97159712 -2.26099145
v 1.27832623 2.08806887 -2.62868870
v 1.29228663 2.35193522 -2.54160280
v 1.84870513 2.23792132 -2.63094290
v 1.85146253 2.45280302 -2.54374395
v 2.41773593 2.44625717 -2.58635275
v 0.82783473 2.56980892 -2.50718630
v 0.76077568 2.16182167 -2.62136765
v 0.46792433 2.45529947 -2.76730330
v 0.35715573 1.96256382 -2.87060210
v 0.70347888 1.82153777 -2.68154510
v 0.75420348 3.27515422 -1.99947110
v 0.80484223 2.96021817 -2.29832515
v 0.41416268 2.92182707 -2.54295940
v 3.48470183 2.72423352 -2.45693005
v 2.97465933 2.83703192 -2.40871210
v 3.50070988 2.99636442 -2.24258130
v 2.98230848 3.06831352 -2.21679400
v 2.97280888 2.57148257 -2.53705955
v 4.26196818 2.04436697 -3.03171195
v 3.93033218 2.21187137 -2.74536820
v 4.29990963 2.52253447 -2.85069680
v 3.94864968 2.61883012 -2.57127120
v 4.00204668 2.94628667 -2.31013505
v 4.03610958 1.45971147 -2.87905450
v 3.50262663 1.83456232 -2.77395115
v 3.99243488 1.78718587 -2.83543675
v 3.49905493 2.08494512 -2.70042275
v 4.36912853 1.53350082 -3.10819495
v 2.97054533 2.31414167 -2.62798830
v 2.96162628 2.10747862 -2.70764095
v -2.56589737 2.73875407 -1.02465880
v -2.56722507 2.81316137 -1.73164035
v -2.68662457 2.20154982 -1.11440945
v -2.63269377 2.24962752 -1.78218645
v -2.28516447 3.17450147 -0.99648725
v -2.26212777 3.07348407 -0.39415090
v -2.58564457 2.65105107 -0.44391160
v -2.86808937 1.61853992 -0.74680485
v -2.67083242 1.63187302 -1.23673550
v -2.89047412 1.13574332 -0.92254745
v -2.59922162 1.11711812 -1.35734115
v -2.52851607 1.64917987 -1.85638805
v -2.90015987 2.06781677 0.28248990
v -2.86235782 2.09483827 -0.12051380
v -3.12403627 1.60832972 0.08466260
v -3.03086352 1.60465517 -0.32157620
v -3.12443832 1.15110537 -0.52156335
v -2.23294472 2.97794577 0.09861280
v -2.60201642 2.56985567 0.03506085
v -2.59055332 2.51496182 0.43669010
v -2.40298127 2.52335812 1.11001080
v -2.21146437 2.54639652 1.43914185
v -1.99912842 2.87967727 1.09849670
v -1.83100182 2.87800362 1.37836685
v -1.94451337 2.55517617 1.80154955
v -2.24486087 2.21665007 1.89618685
v -2.53329392 2.17351852 1.46503200
v -2.85760802 2.08319752 0.67091355
v -2.52677697 2.50617282 0.78543490
v -2.11337777 2.88219242 0.81775615
v -3.00685272 1.70995487 0.98078360
v -3.11249837 1.64763712 0.51763390
v -3.22783062 1.30799837 0.89561445
v -3.29804912 1.23386222 0.36904285
v -2.52551472 1.86113502 1.99128315
v -2.81772092 1.78265112 1.47756355
v -3.08065227 1.39235407 1.46228310
v 6.88587738 2.46002972 -1.29606210
v 6.92061348 2.49640122 -1.74206645
v 6.60628433 2.81894817 -1.33031200
v 6.65051918 2.88456647 -1.77166005
v 7.09000658 1.98047757 -2.28258060
v 6.97166363 2.51393247 -2.29772760
v 7.06657548 2.00221632 -1.72110375
v 7.09102573 1.99415662 -0.50617410
v 7.07312983 2.01226757 -0.88005255
v 6.86067913 2.36799767 -0.54798730
v 6.86628913 2.41412122 -0.91345075
v 6.57323208 2.74794427 -0.95401190
v 7.21464208 1.09861362 -1.22518910
v 7.16341343 1.54088732 -1.24917185
v 7.30145683 1.18423157 -0.83970730
v 7.21086383 1.58907722 -0.85788370
v 7.25205143 1.60822602 -0.48649235
v 7.10607923 1.46542347 -1.70201105
v 7.07065123 1.40000152 -2.27012640
v 7.09348478 0.98085037 -1.66319070
v -1.78431387 3.35157177 -0.46288275
v -1.82094802 3.43981707 -1.05886110
v -1.24825882 3.60156272 -1.87560230
v -1.84986332 3.51547727 -1.77844645
v -1.22904372 3.56142317 -1.18405760
v -1.15485402 3.45578687 -0.14665640
v -1.73823367 3.26730022 0.02358840
v -1.10222032 3.41244962 0.23558095
v -1.68097597 3.20356127 0.41466150
v 0.11292438 3.57598112 -1.01984355
v -0.55017762 3.57406437 -0.81285325
v 0.13001618 3.60147857 -0.59939275
v -0.51978077 3.56122682 -0.36876565
v -0.48017417 3.54388257 0.00719785
v -0.56524982 3.56607947 -1.34437270
v -0.57761052 3.54529442 -1.99604050
v 0.11051208 3.51182142 -1.50104130
v 1.33288433 3.40086497 -1.71302535
v 1.90890043 3.34440032 -1.82016700
v 2.46554333 3.28562622 -1.90483210
v 2.48914273 3.37672242 -1.55227080
v 1.92901228 3.44047157 -1.46837325
v 0.74388108 3.54855757 -1.19683140
v 0.73831783 3.45671252 -1.61528980
v 1.36354298 3.55373747 -0.95398215
v 0.75756948 3.59437257 -0.79518175
v 1.37943798 3.57707507 -0.55312980
v 0.77571783 3.61282012 -0.40923245
v 2.51343403 3.42726937 -1.15197860
v 1.94860988 3.49342997 -1.07363495
v 1.96617853 3.51735662 -0.65799940
v 2.56759858 3.44704377 0.12596070
v 1.99673433 3.50979247 0.16873695
v 2.58758888 3.39901282 0.54493335
v 2.02157728 3.45719872 0.57801365
v 1.44836618 3.51766517 0.62818575
v 1.50263358 3.41411392 1.02821020
v 2.06071638 3.35798587 0.98332170
v 1.39403333 3.58696737 -0.15848415
v 1.98025028 3.52633262 -0.24357000
v 2.55178773 3.46085372 -0.29934275
v 0.79466093 3.62260022 -0.03792525
v 0.18365713 3.61310997 0.12429725
v 0.82326258 3.60904272 0.32920250
v 0.22485323 3.60098302 0.46208470
v 0.87038658 3.55747747 0.70256755
v 0.94490608 3.45321562 1.09261640
v 0.29005078 3.55368137 0.80827270
v -0.68533102 3.27466802 1.43190240
v -0.85042057 3.34696222 1.11129175
v -1.17013277 3.09496102 1.56867930
v -1.37067072 3.14502092 1.26117905
v -1.51247197 3.16485227 0.99318680
v -0.37853967 3.52476182 0.64022175
v -0.29019152 3.48335067 0.95241910
v -0.15930087 3.39426387 1.29849915
v -0.43747272 3.53832867 0.33433565
v -1.04390692 3.39426387 0.54884165
v -1.61081442 3.17688572 0.72443635
v 5.74517738 3.21014282 -2.41758610
v 5.72725343 3.18751582 -1.86992770
v 6.27789363 3.14947067 -2.36568340
v 6.23859558 3.10330037 -1.81663270
v 6.20419693 3.03620477 -1.37495740
v 5.17366798 3.18531942 -1.47893875
v 5.15888563 3.17210702 -1.92443820
v 4.61730558 3.19640767 -1.52686685
v 4.58202718 3.12959257 -1.96062270
v 5.16021333 3.14097152 -2.47033795
v 5.70001688 3.06697562 -0.67985970
v 5.70513983 3.09995307 -1.04251815
v 5.19834263 3.16670272 -0.71239770
v 5.18622503 3.17543562 -1.08665950
v 4.64813253 3.22209297 -1.12820155
v 6.17682948 2.96700542 -0.99766620
v 6.15860718 2.91456127 -0.64175845
v 6.14783513 2.89618852 0.12200565
v 6.13893393 2.88974637 0.50410105
v 6.53987128 2.64653417 0.16806290
v 6.52172463 2.64587967 0.53667390
v 5.70661798 3.06820047 0.48927025
v 5.70256008 3.01525142 0.87984270
v 6.12259013 2.84516557 0.87854050
v 5.70155963 3.06738702 -0.29796830
v 6.15166863 2.89770322 -0.26424285
v 6.54585528 2.65774482 -0.21698880
v 5.22478443 3.20013832 0.08098720
v 5.21178793 3.18334572 -0.32095060
v 4.71902423 3.28185817 0.07636830
v 4.69861318 3.26212882 -0.33597605
v 5.23555563 3.19182617 0.48676445
v 5.24231568 3.13315492 0.88968825
v 4.73653678 3.27118047 0.49116915
v 3.14397933 3.36603537 0.52182950
v 3.16770028 3.28079227 0.93359585
v 3.68885993 3.34355797 0.50658050
v 3.70993483 3.26596317 0.92074725
v 3.12507363 3.40525947 0.09800420
v 4.20061348 3.33504097 0.07588210
v 4.22033263 3.31685437 0.49706730
v 4.23919158 3.24659847 0.91140065
v 3.62354083 3.34329617 -0.77152710
v 3.64854273 3.36682077 -0.34598055
v 4.15162883 3.29175897 -0.76163480
v 4.17828568 3.32029517 -0.34581225
v 3.10713098 3.41068162 -0.33198360
v 3.08628983 3.39454352 -0.76224255
v 3.02902108 3.31749102 -1.58485555
v 3.00199958 3.22284097 -1.93517200
v 3.52597358 3.16785362 -1.94269875
v 3.59147968 3.31687392 -1.18804155
v 3.05867928 3.36910302 -1.18687280
v 4.08261648 3.22426217 -1.56241555
v 4.11892253 3.26855312 -1.16523690
v 4.04517908 3.13247322 -1.95894905
v -0.05881557 2.14937682 3.72271020
v -0.04840902 2.34774642 3.44340700
v -0.50398777 2.17677232 3.55439150
v -0.43048742 2.36652122 3.31028170
v -0.11888082 2.52469517 3.12665705
v 0.23813958 2.54957552 3.10380565
v 0.33653048 2.34250107 3.46455670
v 0.38737578 1.59121922 4.21156560
v 0.37854938 1.87961062 4.02422900
v -0.11523347 1.62630977 4.17384770
v -0.10129262 1.91433652 3.97115840
v -0.60186697 1.94895957 3.79256405
v 1.26089018 1.80688632 3.88524125
v 1.20894073 2.06953717 3.61926180
v 0.82949988 1.84357572 3.99264385
v 0.79374548 2.09759652 3.73216220
v 0.85610998 1.55323952 4.17950445
v 0.62119038 2.56037477 3.02542460
v 0.73044598 2.33121562 3.40683830
v 1.13391633 2.31573202 3.28952470
v 1.97511798 2.27804217 2.96126405
v 2.42053243 2.25662982 2.80487595
v 1.88966748 2.53529807 2.61924105
v 2.34991188 2.51558827 2.48985575
v 2.48265468 1.98668597 3.08140220
v 2.88759298 2.23403087 2.69002990
v 2.94093558 1.96060032 2.94693050
v 1.62396003 2.04148717 3.45092355
v 1.54752293 2.29787352 3.13191090
v 1.44865688 2.55078167 2.76512910
v 2.10341868 1.73469497 3.50721990
v 1.68205158 1.77020627 3.71084420
v 2.14788643 1.43312942 3.69158320
v 1.72586568 1.47266122 3.90033130
v 2.53543458 1.70150247 3.31214150
v 2.98854493 1.67176947 3.16337365
v 2.57801448 1.39682337 3.48981955
v 5.67176203 2.27036497 2.22718110
v 5.71665988 2.03550232 2.45648560
v 5.99803963 2.20525157 2.12418575
v 6.05630798 1.99457737 2.31064855
v 6.45867673 1.75089767 2.22055705
v 6.33071263 1.98231017 2.11483745
v 6.14695623 1.76365107 2.45824340
v 5.36762523 1.82338822 2.77537670
v 5.31480623 2.07912942 2.56326260
v 4.91426158 1.85616932 2.85444030
v 4.86552938 2.12070887 2.62642185
v 5.27421873 2.32915777 2.30704710
v 5.42558503 1.55717502 2.94847325
v 5.48160088 1.27573067 3.08760125
v 5.84923353 1.53309877 2.79570360
v 5.91348673 1.25788152 2.91989030
v 4.96553783 1.58143827 3.04298305
v 6.55671998 1.49598862 2.33192065
v 6.22882568 1.51182752 2.58880680
v 6.30070763 1.23952747 2.69995025
v 3.42824738 1.93584152 2.89045650
v 3.38016118 2.21064737 2.64400920
v 3.33119438 2.47215752 2.36156440
v 3.83957343 2.44773532 2.35881550
v 3.88368673 2.18496207 2.63755770
v 4.01479243 1.32344457 3.24620530
v 3.97426868 1.62442107 3.08147700
v 3.51265918 1.34207912 3.26651350
v 3.47317498 1.64667407 3.09869970
v 4.42991373 1.88494947 2.87766570
v 4.47673853 1.60327052 3.07511900
v 4.52025258 1.30767027 3.23534995
v 4.34183673 2.41767422 2.36488365
v 4.38364908 2.15549172 2.64144730
v 1.58466113 3.24837582 1.43801985
v 2.12008888 3.20161647 1.38374565
v 2.71199998 2.96695017 1.72149825
v 2.65941558 3.15876542 1.34689730
v 2.19271968 3.00068497 1.77269970
v 1.18703368 3.06145997 1.93818110
v 1.05568488 3.28160572 1.50978280
v 0.70495703 3.06450807 2.04047860
v 0.53571268 3.28385907 1.59909910
v 1.32325468 2.81157187 2.36192990
v 1.78893058 2.79325522 2.24422870
v 0.87575348 2.81631232 2.48373150
v 2.27165323 2.76780452 2.14359635
v 2.77026918 2.74171717 2.07298430
v 5.24473903 2.80770947 1.65705210
v 5.24327873 2.99889827 1.28308695
v 4.77747108 2.87112202 1.68500945
v 4.76371893 3.06793867 1.30311890
v 5.69003108 2.88900772 1.26009275
v 5.25295683 2.57824177 2.00167525
v 5.66338358 2.49963632 1.94452040
v 4.79646178 2.63538047 2.03885255
v 6.39585323 2.37434632 1.55534025
v 6.06008538 2.57020077 1.57945390
v 6.30401753 2.24558747 1.83596010
v 6.01329798 2.39632817 1.87701680
v 6.09641013 2.72923492 1.24181010
v 6.45487893 2.51055712 1.23590855
v -2.32789907 1.69938937 2.67324750
v -1.81546807 1.78492317 3.16611405
v -2.11064757 1.94077832 2.50524670
v -1.62364177 1.99187607 2.99787015
v -1.86277482 2.23855712 2.36368770
v -1.11501537 1.98470462 3.44754905
v -0.96497167 2.21148887 3.23871680
v -1.29241632 1.77923837 3.62462870
v -1.20393982 2.48034812 2.65519265
v -0.81581367 2.41835762 3.03209115
v -0.93686812 2.69442572 2.49997330
v -0.61726302 2.58609662 2.86278135
v -1.59442217 2.52955717 2.22595710
v -1.28041602 2.78902902 2.09054700
v 4.28133203 2.90890537 1.69324935
v 4.30835438 2.67427562 2.04642690
v 3.80021843 2.70096052 2.04254410
v 3.73546968 3.12382447 1.31828120
v 4.25890138 3.10515252 1.31251735
v 3.23934933 2.94697857 1.69931155
v 3.20009973 3.13726892 1.32740850
v 3.28365983 2.72143787 2.04534825
v -0.45473282 3.14113132 1.82638570
v 0.02730643 3.23768877 1.70603335
v 0.23959818 3.03335387 2.14782595
v -0.59566537 2.85350662 2.37201855
v -0.89558192 2.99223257 1.95595545
v 0.04665158 2.76195142 2.69325650
v -0.31903627 2.69547292 2.76589665
v 0.44756088 2.80100637 2.59668970
v -2.96288902 1.39346672 2.52319870
v -3.12733682 1.40266712 2.79258155
v -2.50438372 1.57757757 2.89031710
v -2.68267887 1.56176672 3.11201495
v -2.01155372 1.65788472 3.32321275
v -3.15219762 1.82251017 3.47785240
v -2.60048217 1.79522687 3.81697690
v -2.90534912 1.63838062 3.29388180
v -2.40764862 1.65648222 3.63451165
v -3.36560287 1.49654112 2.98110560
v -1.95260027 1.57600677 3.95473045
v -1.57846427 1.39989017 4.22064445
v -1.75995542 1.56543192 3.82991730
v -1.38243812 1.41112887 4.12607855
v -2.10462617 1.67533182 4.12431140
v -1.52364607 1.63633297 3.73598720
v -1.11116487 1.49286657 4.07541090
v -4.35184002 2.56218867 3.63636380
v -3.66825217 2.47045582 3.97280400
v -4.03378107 2.17946512 3.37951930
v -3.40299267 2.12922757 3.70585215
v -2.78322792 2.04007532 4.04481770
v -3.18745647 2.58265582 4.63217535
v -3.95849487 2.75810857 4.27364960
v -3.43979427 2.75708942 4.99391750
v -4.26960677 2.94187347 4.62118910
v -4.69636967 2.86706412 3.91995780
v -2.44978142 2.33571297 4.95372185
v -1.83099502 2.00585432 5.22086070
v -2.32459427 2.10862017 4.63164240
v -1.78606657 1.81453462 4.89038495
v -2.62326812 2.49852452 5.31098535
v -2.21908377 1.87068137 4.35255425
v -1.75740117 1.62000787 4.60299400
v -5.15903572 2.24634567 2.89584380
v -4.63100297 2.23208692 3.10970635
v -4.92785697 1.84013492 2.72907720
v -4.41993692 1.80142592 2.90256645
v -4.96578907 2.61610077 3.34470925
v -6.23655862 2.23567732 2.76363480
v -5.92164977 2.48443492 2.90736300
v -5.88327737 1.99585917 2.61824230
v -5.58228132 2.18145667 2.73734260
v -5.34344577 1.82746567 2.60961225
v -5.86880357 2.87418032 3.35495685
v -6.29500377 2.71992317 3.14844340
v -6.23501417 3.03595402 3.66226330
v -6.65309092 2.85910727 3.45172935
v -6.60896742 2.42550187 2.99579530
v -5.33452502 2.91448732 3.61293270
v -5.69982017 3.09284792 3.92770980
v -6.54549027 3.05511217 4.02641775
v -6.02428387 3.11677457 4.30238300
v -5.37695532 3.08120717 4.63630890
v -5.70955352 2.97515012 5.05988260
v -6.31626567 3.00142362 4.70548955
v -7.42704652 2.46639792 4.00793280
v -7.16761207 2.77186327 4.17376440
v -7.23368852 2.54802427 3.64825700
v -6.94662482 2.87320707 3.80837575
v -7.15669127 2.34665247 5.04215500
v -7.00350002 2.70474897 4.76281440
v -7.40594272 2.24912262 4.75228630
v -7.30805757 2.56475057 4.50325840
v -7.52166767 2.30612957 4.33309775
v -6.06166517 2.76053957 5.49189000
v -6.58414317 2.76197947 5.10555735
v -6.80438242 2.39337442 5.42444845
v -1.26149672 2.69572537 -5.31944190
v -1.84297577 2.69768887 -5.18290385
v -1.24517077 3.16072892 -4.95072380
v -1.77943232 3.13268827 -4.83268005
v -1.90354592 2.18478527 -5.30871660
v -2.39364912 2.22680417 -4.92535725
v -2.31242057 2.70132602 -4.82154420
v -0.66136697 2.12658152 -5.36816390
v -0.68295952 2.62885417 -5.23691880
v -0.15626297 2.13334157 -5.06598125
v -0.21467242 2.58202002 -4.94494550
v -0.71842747 3.05786022 -4.89435350
v -1.30474642 1.19941682 -5.04060620
v -1.30341532 1.61564142 -5.35743945
v -0.79808097 1.27749867 -5.00706690
v -0.73241592 1.64738467 -5.28784825
v -0.26509697 1.70886092 -5.01820275
v -2.30011427 1.75259087 -4.85351270
v -1.86201832 1.67956737 -5.21381410
v -1.79635752 1.27676002 -4.90411405
v 6.43102793 1.85967557 -5.35501950
v 6.37027078 2.30786782 -5.24821445
v 6.86985063 1.87523397 -5.01896180
v 6.78238223 2.30103297 -4.93305400
v 5.86034983 2.32480067 -5.36608990
v 6.30432608 2.69482692 -4.94455535
v 5.83709638 2.72849627 -5.04516050
v 5.90458468 1.38997832 -5.39253255
v 6.40499668 1.41959912 -5.26710145
v 5.91738483 1.00904062 -5.10770180
v 6.36590348 1.05685652 -4.98883610
v 6.80681293 1.45616697 -4.94987550
v 4.88463058 1.86229357 -5.13390050
v 5.33390743 1.85511277 -5.40361145
v 4.98230068 1.47707357 -5.08740295
v 5.39758093 1.43098742 -5.32902650
v 5.46035683 1.08327962 -5.07590245
v 5.37312133 2.65153642 -4.99205165
v 5.35042888 2.28545587 -5.29095330
v 4.93220338 2.25222597 -5.03101310
v 5.77166508 3.20227012 -3.11180405
v 5.19594818 3.09706392 -3.16382745
v 4.81182213 2.75443402 -3.93611875
v 4.72022018 2.84155647 -3.24875350
v 5.25543373 3.01836497 -3.88348760
v 6.34038818 3.09794282 -3.79659805
v 6.31995843 3.15584737 -3.06511100
v 6.79277858 2.87844222 -3.75845940
v 6.76729983 2.93159697 -3.02913135
v 5.81858338 2.98949217 -4.51463215
v 6.31476918 2.95122262 -4.44187980
v 6.73526588 2.75073992 -4.37924330
v 5.32797018 2.88284607 -4.50790100
v 4.92641573 2.64445847 -4.50630045
v 5.90275208 0.61201837 -3.41529740
v 6.43534678 0.66126142 -3.23243860
v 5.90744663 0.55502927 -2.87484700
v 6.43073808 0.59345267 -2.62883915
v 6.85705983 0.90619402 -3.06841070
v 6.84564348 0.96055152 -3.81498015
v 6.42541708 0.72436032 -3.92295480
v 5.33825518 0.72337092 -3.53292975
v 4.85035348 0.99749337 -3.59068385
v 5.38529503 0.77852997 -4.11903365
v 4.93193223 1.03716542 -4.15641410
v 5.34046263 0.65408657 -3.02579340
v 5.91853488 0.78581277 -4.63259090
v 5.44112388 0.88214667 -4.65296540
v 5.02929378 1.11323702 -4.64763420
v 6.77750068 1.05472472 -4.42705920
v 6.38749433 0.84066667 -4.52460860
v 4.56946078 2.35966767 -4.03197495
v 4.47190288 2.43708482 -3.39416470
v 4.42351748 1.94748227 -3.53190890
v 4.64092283 1.87317782 -4.68201500
v 4.69738748 2.28750437 -4.59448030
v 4.63956708 1.43382047 -4.16110780
v 4.75705918 1.46267457 -4.67852660
v 4.54755373 1.43657872 -3.59388070
v 7.08893048 1.38190927 -3.00724470
v 7.09377378 1.39822502 -3.77574755
v 7.14521748 1.95781317 -3.00288590
v 7.09619628 1.90212457 -4.46521740
v 7.01807618 1.43600837 -4.43802760
v 7.06849223 2.45781377 -3.75580400
v 6.99883388 2.37069982 -4.41631775
v 7.04019913 2.50331087 -3.00929150
v -0.12423922 3.17078017 -3.70176015
v -0.63578622 3.45516977 -3.62605320
v -0.05052382 3.25904417 -2.93074130
v -0.59989242 3.51975022 -2.80055105
v -1.25712007 3.62252542 -2.70883775
v -1.24815852 3.44300542 -4.34186115
v -0.68899962 3.31724792 -4.34069240
v -0.22933322 3.04396612 -4.34604060
v -2.36210732 3.29992237 -3.45904435
v -1.86756627 3.53855307 -3.50346535
v -2.28086262 3.18593652 -4.18219120
v -1.81203832 3.40421227 -4.25432645
v -1.87278867 3.56201222 -2.63574795
v -2.35556487 3.31405957 -2.59224240
v -2.66644727 2.27689212 -2.61833825
v -2.53055437 1.67494847 -2.67075435
v -2.56242937 1.70825317 -3.52719565
v -2.22247782 1.18782282 -2.78156120
v -2.25195922 1.23951897 -3.59083175
v -2.63413452 2.84654087 -3.46586900
v -2.61411532 2.85446967 -2.58930650
v -2.63182507 2.26197887 -4.29401720
v -2.55485587 2.77321817 -4.22957700
v -2.50960187 1.74814027 -4.27303580
v -2.21741607 1.32130342 -4.26931450
v -0.20762252 1.34171447 -3.99157275
v 0.10111448 1.76281042 -3.99047030
v -0.13268227 1.38487407 -3.38429960
v 0.18163668 1.83425377 -3.37687655
v 0.30831048 2.34806432 -3.29250130
v 0.10680863 2.17914722 -4.55924865
v -0.01752767 1.73418072 -4.56166095
v -0.31415642 1.35796477 -4.53074985
v 0.15842063 2.74687922 -3.82379720
v 0.03606653 2.64016767 -4.45313635
v 0.24157018 2.84573677 -3.11925600
v -1.78550217 0.98840602 -3.72400380
v -1.75824097 0.95469927 -2.98573715
v -1.73533942 0.89170917 -2.38429840
v -1.21389332 0.90221942 -2.65818795
v -1.20473287 0.93307867 -3.19641135
v -1.27686302 0.99812067 -4.51139535
v -1.78452977 1.07106002 -4.38547890
v -0.68274022 1.05924162 -3.95193810
v -0.76033842 1.10318662 -4.53691150
v -0.65964997 1.05201407 -2.81727820
v -0.62884087 1.08047547 -3.32671295
v -4.91501857 2.66804937 6.27814000
v -5.44774417 2.72450467 5.88220490
v -5.42709002 2.53923442 6.65956390
v -5.83625537 2.53556922 6.32401195
v -4.97816847 2.88595112 5.46008130
v -4.52752567 2.59981307 7.02531720
v -3.94011277 2.64505772 6.73663680
v -4.63609872 2.60532957 6.68134005
v -3.96253407 2.64209377 6.41867050
v -5.16404647 2.49644882 7.03621930
v -3.22168682 2.54006657 6.37698820
v -2.60148262 2.30952362 6.50148345
v -3.10510167 2.53584972 6.06509090
v -2.38339047 2.23006732 6.27378290
v -3.32003947 2.59813007 6.61508680
v -3.74375342 2.79105797 5.40549515
v -2.87367047 2.54361957 5.69560695
v -2.14003632 2.20038107 5.94787930
v -4.59748322 2.97144752 5.02820395
v -2.74579987 2.50279747 7.11431900
v -2.80677122 2.41338342 7.44313130
v -2.56291387 1.99196957 7.10396940
v -2.71050362 1.80105192 7.46300005
v -2.94010222 2.35959287 7.78642675
v -2.89220217 3.05632682 7.77349485
v -2.82952912 3.05232502 7.44180360
v -3.27065277 3.00486442 6.80053470
v -2.99984872 3.03263392 6.90329120
v -3.05360187 2.70655267 6.72900635
v -2.81567242 2.61202417 6.86115925
v -2.58167932 2.23541552 6.82141240
v -3.11149707 3.95390812 7.31804700
v -2.95957827 3.55600017 7.19179480
v -3.32747272 3.75479987 7.13705990
v -3.14215487 3.43932152 6.99448090
v -3.42849012 3.31438682 6.91730600
v -2.87814827 3.59780402 7.46610510
v -2.88926627 3.63417552 7.76996055
v -2.97798757 4.02376282 7.56305440
v -4.02198137 2.75300347 6.94195345
v -3.49681057 2.75187212 6.76318145
v -3.68589562 2.97665547 6.87479240
v -4.72459647 2.92275272 7.71295445
v -4.51832527 2.92286492 7.37971110
v -4.79849887 2.67297682 7.59832345
v -4.50583452 2.71497702 7.24357595
v -4.21691017 3.21609027 7.20580110
v -4.51227667 3.19554832 7.47731490
v -4.18893412 3.54414437 7.35354895
v -4.44069307 3.51448617 7.60258620
v -4.64952447 3.22648747 7.77857190
v -3.82119947 3.24784287 7.00343820
v -3.83026812 3.55852467 7.15450700
v -3.99596032 4.15324077 8.05970005
v -4.25656352 3.86115612 7.82173235
v -4.23586177 3.90617722 8.24550240
v -4.45452087 3.68149587 8.01641720
v -3.98320607 3.92299787 7.56706555
v -3.19289732 4.30368227 8.20782105
v -3.39688627 4.40901002 8.03337895
v -3.46824547 4.23170597 8.36871585
v -3.69495492 4.30840402 8.24143515
v -3.94964892 4.04303232 8.38751870
v -3.37462477 4.18215097 7.54135305
v -3.15440422 4.30414977 7.77970325
v -3.01321922 4.18316077 7.97553050
v -3.64065947 3.90178187 7.33338185
v 0.55331873 -0.00000118 4.40064130
v 0.53498423 0.43237682 4.40169700
v 0.15002518 -0.00000118 4.43844335
v 0.12660428 0.43850532 4.43482490
v -0.33859647 0.86251167 4.40206250
v -0.25600707 0.43700082 4.44956985
v 0.06151893 0.86537787 4.40146410
v 0.92860053 0.82886782 4.32906705
v 0.95739768 0.42096472 4.33773365
v 1.36278648 0.80193557 4.22423400
v 1.38206533 0.40662267 4.23046110
v 0.96984253 -0.00000118 4.33295580
v 0.43351803 1.24295042 4.32593480
v 0.89198593 1.21064617 4.28398985
v 1.33433358 1.17462062 4.18103785
v -0.04003142 1.26898082 4.31588355
v -0.48172542 1.26504447 4.29095645
v 3.58236343 0.34582557 3.52618170
v 3.58739373 -0.00000118 3.54149700
v 4.08931193 0.34082162 3.51378360
v 4.09498738 -0.00000203 3.53092215
v 3.08219538 0.70180642 3.53575610
v 3.09549023 0.35326732 3.57797135
v 3.56783353 0.68752982 3.47725315
v 4.58430943 0.67053577 3.44884785
v 4.60206593 0.33735447 3.50218960
v 5.08620808 0.66448972 3.40078885
v 5.10631058 0.33452312 3.45281225
v 4.60844263 -0.00000203 3.51995460
v 4.04817108 1.00653567 3.37246770
v 4.55657733 0.99536157 3.35991065
v 5.05494338 0.98533837 3.31478755
v 3.54441263 1.02098992 3.39170065
v 3.05996958 1.04088757 3.45685145
v 5.58777098 0.33142657 3.32708280
v 5.59611968 -0.00000203 3.34380060
v 6.03545748 0.32755652 3.13735260
v 6.04507013 -0.00000203 3.15290165
v 5.56461018 0.65785632 3.27804205
v 6.40817738 0.63980572 2.85517895
v 6.43839658 0.32240637 2.89601040
v 6.75196838 0.62687382 2.57837220
v 6.78559948 0.31546952 2.61542540
v 6.44936328 -0.00000203 2.91016630
v 6.36137978 0.94718102 2.78928015
v 5.96742688 0.96173897 3.01927145
v 6.70037338 0.93014022 2.51805535
v 5.52858548 0.97428667 3.19783775
v -1.55206837 -0.00000118 -2.37222755
v -1.51011832 0.27117432 -2.34432715
v -1.25633892 -0.00000118 -2.53974215
v -1.19941442 0.29185142 -2.51917215
v -0.71191562 0.61873762 -2.63962820
v -0.89455257 0.30428522 -2.64352715
v -1.05168017 0.57956282 -2.51373045
v -1.78571382 0.49086362 -2.09328050
v -1.82962652 0.24845297 -2.12488265
v -2.15666487 0.47000972 -1.81450005
v -2.16090042 0.22988727 -1.86671980
v -1.85348177 -0.00000118 -2.15858005
v -1.74939077 0.72118982 -2.13328830
v -1.30065622 0.75210007 -2.40268050
v -2.17058957 0.73060017 -1.80264425
v -0.83617712 0.85899437 -2.57969470
v -0.42305587 0.95352117 -2.68171255
v 6.02466673 0.15160057 -2.30245870
v 6.43466423 0.15062902 -2.05819080
v 6.03906573 -0.00000203 -2.29019235
v 6.44257433 -0.00000203 -2.04811065
v 6.79958538 0.16221962 -1.77922335
v 6.80216598 0.33764262 -1.83301390
v 6.42436053 0.30404127 -2.12571650
v 5.14471953 0.37267792 -2.73118425
v 5.54532113 0.32936362 -2.57784510
v 5.23365758 0.17818177 -2.67530865
v 5.61064958 0.16187197 -2.50913110
v 5.63140573 -0.00000203 -2.49532115
v 5.94375183 0.44290067 -2.54762590
v 5.43237313 0.50809312 -2.72874390
v 4.97811188 0.59979962 -2.84321595
v 6.82271728 0.53946832 -1.96222240
v 6.42506178 0.46301337 -2.28792880
v 1.79724273 0.39170347 4.06740730
v 1.80183358 -0.00000118 4.06367580
v 2.21389743 0.37718462 3.88202400
v 2.21748868 -0.00000118 3.88303380
v 1.78321858 0.77399182 4.05629950
v 2.63088873 0.72215627 3.67588455
v 2.64298848 0.36404617 3.70773065
v 2.64671828 -0.00000118 3.71443460
v 2.18031223 1.10130727 3.80382060
v 2.60953333 1.06839527 3.60715270
v 1.75950698 1.13744502 4.00804330
v -0.86453567 -0.00000118 4.49670320
v -0.88645717 0.41287017 4.48542710
v -1.07095477 -0.00000118 4.56607085
v -1.09000837 0.40792147 4.55471060
v -1.26851007 0.81789177 4.64233880
v -1.18957907 0.41949932 4.69035105
v -1.16743402 0.79266377 4.50426735
v -0.68693667 0.83374682 4.40561550
v -0.60107307 0.42550967 4.45840560
v -0.57609582 -0.00000118 4.46867190
v -1.12607982 1.14611247 4.32002560
v -0.84461337 1.20742977 4.28828235
v -1.43157237 1.17406897 4.54209745
v -1.32349742 1.13104962 4.39835990
v -1.01915152 0.55511597 5.60589370
v -0.97650617 -0.00000118 5.62109680
v -1.08224447 0.50592562 5.22446045
v -1.05207797 -0.00000118 5.23590485
v -1.21613732 1.16216642 5.96673825
v -1.04565027 0.59118402 6.05224400
v -1.16116357 1.08930187 5.54325805
v -1.25563427 0.89231267 4.86933810
v -1.16302252 0.45644457 4.91644340
v -1.14090722 -0.00000118 4.92694345
v -1.42096437 1.43464412 5.06660440
v -1.44500492 1.28702632 4.77005045
v -1.48912927 1.69272282 5.80302910
v -1.41661662 1.58163547 5.41613545
v -6.52297547 0.62152902 6.73968490
v -6.53369992 -0.00000118 6.74599615
v -6.26604682 0.58576272 7.39393245
v -6.27800547 -0.00000118 7.40692895
v -6.74222362 1.27526402 6.11888230
v -6.78960942 0.64773027 6.13535615
v -6.47846012 1.21677042 6.71900270
v -5.97113847 1.05842817 7.96930340
v -6.00354472 0.54452327 8.01912955
v -5.69368572 0.97925237 8.46823725
v -5.72017427 0.50190087 8.53630610
v -6.01632702 -0.00000118 8.03884870
v -6.06696577 2.00357292 7.29289635
v -6.16485177 1.62713257 7.32089025
v -5.85885432 1.86911057 7.81756225
v -5.92505147 1.51108972 7.89870155
v -5.66684272 1.40748237 8.36496820
v -6.38782207 1.75941637 6.68218240
v -6.63651252 1.86239727 6.07306730
v -6.22745002 2.16963912 6.69293490
v -7.60068452 -0.00000033 4.92820655
v -7.36744027 -0.00000033 5.26918235
v -7.59720632 0.66989487 4.93138555
v -7.36229692 0.66554287 5.27228655
v -7.56923112 1.29293637 4.92078265
v -7.75038652 0.67970557 4.59611325
v -7.71999987 1.30224897 4.59566445
v -7.04217162 1.29797602 5.64293925
v -7.08124527 0.66027882 5.65991885
v -7.08836997 -0.00000033 5.65792730
v -6.95346817 1.89052207 5.58400620
v -7.26545897 1.86881137 5.19255910
v -7.49923702 1.82226792 4.87627665
v -7.63881382 1.81047757 4.58248095
v 7.43343208 0.25979537 -0.78209345
v 7.44033323 -0.00000203 -0.77552040
v 7.28500168 0.22483572 -1.13349365
v 7.28885388 -0.00000203 -1.12696735
v 7.50495958 0.58175412 -0.43746180
v 7.53764718 0.28648112 -0.42189405
v 7.40988878 0.53409802 -0.79770795
v 7.07837433 0.18963212 -1.46842935
v 7.07732883 0.39786597 -1.50401630
v 7.08061918 -0.00000203 -1.46150100
v 7.24994853 0.75058707 -1.18892980
v 7.08313433 0.64329922 -1.58307140
v 7.36685073 0.83740947 -0.81827795
v 7.44780303 0.89460852 -0.45674150
v -2.84204962 0.22287222 -1.23884860
v -2.50689887 0.22167797 -1.57573760
v -2.82970847 -0.00000118 -1.26661810
v -2.50127952 -0.00000118 -1.60938995
v -2.52390652 0.46326327 -1.50862330
v -3.37667327 0.51733262 -0.32907490
v -3.15845362 0.48714147 -0.78048355
v -3.37750542 0.24966592 -0.37504885
v -3.14077277 0.23251802 -0.84298830
v -3.12789782 -0.00000118 -0.86322170
v -2.88545232 0.76318577 -1.06200270
v -3.15998702 0.78597002 -0.67394030
v -3.34786592 0.82099767 -0.24223210
v -2.55246142 0.74466342 -1.44189320
v -3.61705242 0.30094812 0.76152185
v -3.52666597 0.27336222 0.17803170
v -3.64180187 -0.00000118 0.75796205
v -3.53384677 -0.00000118 0.17096310
v -3.49303402 0.56076592 0.20773665
v -3.56861942 0.71682762 1.83631880
v -3.55011577 0.66749702 1.34438470
v -3.73668567 0.35715097 1.80082790
v -3.67746277 0.32976397 1.32069860
v -3.71993047 -0.00000118 1.31802280
v -3.40792097 0.94516227 0.82779210
v -3.33798297 1.02116842 1.40473470
v -3.29122362 1.08155072 1.92339620
v -3.42086137 0.87625192 0.26856775
v -3.94660252 0.40104497 2.37482355
v -3.82352847 0.38045117 2.14717740
v -4.01150087 -0.00000118 2.35736710
v -3.88731417 -0.00000118 2.13666885
v -3.64080142 0.75146852 2.19783485
v -3.95180112 0.82684822 2.58373995
v -4.11455657 0.42031617 2.49884195
v -4.20140872 0.87325057 2.62655360
v -4.33602067 0.43964687 2.53430650
v -4.17575232 -0.00000118 2.47533690
v -3.49206162 1.13061952 2.57555870
v -3.70828037 1.20581222 2.74444775
v -4.01291272 1.29476812 2.79752770
v -3.34780982 1.10361672 2.30777470
v -4.98748107 -0.00000118 2.40743720
v -4.95430812 0.48521452 2.42594085
v -4.66362597 -0.00000118 2.47220465
v -4.61960617 0.46042002 2.49629025
v -4.52629232 0.91628947 2.57577375
v -5.69995107 1.07153687 2.38652125
v -5.29191792 1.00550717 2.40890515
v -5.73291067 0.55718317 2.35273970
v -5.32908417 0.51660927 2.36437110
v -5.35189817 -0.00000118 2.35259945
v -4.86565142 1.41101667 2.58927600
v -5.27168452 1.43897317 2.49539265
v -5.65860537 1.50020632 2.46392055
v -4.42238662 1.36306052 2.71789375
v -6.57081942 0.66383182 2.59289445
v -6.15475462 0.60951597 2.43217730
v -6.57761772 -0.00000118 2.59038865
v -6.16412332 -0.00000118 2.42897025
v -6.11784932 1.17390067 2.45797395
v -7.24915257 1.43676742 3.14248745
v -6.91387092 1.37912382 2.84670020
v -7.29036737 0.73932032 3.11910310
v -6.95729317 0.71035912 2.82512975
v -6.96302472 -0.00000033 2.82212840
v -6.42780182 1.82272522 2.66860140
v -6.80651422 1.96470497 2.89939680
v -7.14628387 2.05046402 3.19763375
v -6.04457337 1.64801112 2.52255440
v -7.54624032 0.74094552 3.46504375
v -7.55049372 -0.00000033 3.46120090
v -7.71488542 0.72502247 3.84109140
v -7.71812052 -0.00000033 3.83752905
v -7.50861592 1.44031107 3.48913870
v -7.75421152 1.34993397 4.23685820
v -7.78627267 0.70134487 4.22540445
v -7.78881672 -0.00000033 4.22222545
v -7.59147562 1.99876787 3.91087980
v -7.66820172 1.89302872 4.25852215
v -7.41272147 2.05653217 3.54602410
v -1.23364732 0.60130412 6.55499350
v -1.43029397 1.18478407 6.43226540
v -1.15250632 -0.00000118 6.59187925
v -1.42383907 -0.00000118 7.14099540
v -1.52475192 0.56743502 7.09156195
v -1.69566737 1.73262862 6.21166150
v -1.98100132 1.79180477 6.55284300
v -2.24912702 1.60039157 7.07238510
v -2.28989812 1.96070317 6.73736525
v -2.44973977 0.76635882 8.01871730
v -2.11839617 0.92327987 7.54911355
v -2.72263057 1.17899642 7.91174395
v -2.44137917 1.33540322 7.49432255
v -1.74794407 -0.00000118 7.69341210
v -1.86056992 0.47154397 7.63939715
v -2.20679702 0.37728747 8.12426945
v -5.97373777 2.36757862 6.81498045
v -5.92782927 2.22169057 7.30304110
v -5.69712737 2.41710472 7.03870725
v -5.63860572 2.25281672 7.59995970
v -5.76612102 2.09908317 7.73614245
v -5.41940347 2.15890447 7.91756900
v -5.54038312 1.99057727 8.09252790
v -5.46806172 2.38210767 7.35454175
v -5.25536792 2.30504497 7.69585330
v -4.22646502 2.10842382 9.99531665
v -4.14712092 2.01436282 10.18483265
v -4.05649137 2.11717542 9.94212450
v -3.97642732 2.02862157 10.12072820
v -3.74664172 1.86104152 10.07535265
v -3.83504682 2.00299322 9.97904765
v -3.88557337 1.87947972 10.22837475
v -4.23085017 1.79403942 10.28121245
v -4.30875437 1.94137672 10.17595950
v -4.38003962 1.70440097 10.17247195
v -4.44747097 1.84117277 10.08193675
v -4.37658862 2.02765852 10.00021690
v -3.90021547 1.45701867 10.25251645
v -3.96930262 1.65915632 10.32475455
v -4.05017077 1.43709382 10.22757065
v -4.13227312 1.61856797 10.30034170
v -4.27162552 1.55127602 10.19064835
v -3.82185312 1.69031987 10.25710815
v -3.70437037 1.68113817 10.11250020
v -3.77525272 1.49465242 10.19422940
v -4.24180922 1.88621172 8.58080190
v -4.36747322 1.94305972 8.51294045
v -4.45192157 1.78994412 8.65192820
v -4.56141092 1.82826042 8.59558425
v -3.95267832 1.91540242 8.58739365
v -4.04366317 1.96346142 8.53170590
v -4.16565347 1.86143422 8.63917565
v -4.57864297 1.66636517 8.77946135
v -4.63181557 1.66763677 8.73602210
v -4.69206782 1.52022467 8.85675780
v -4.73930317 1.51229587 8.82403280
v -4.72697987 1.69193742 8.69742530
v -4.35673857 1.79881727 8.78617550
v -4.55310727 1.69298462 8.85701110
v -4.34123712 1.85256107 8.92941750
v -4.54084092 1.75237582 8.99796320
v -4.66945952 1.55040647 8.92947360
v -4.11885672 1.86271517 8.71921080
v -3.89068867 1.89033507 8.65892115
v -4.09578092 1.90022737 8.86452765
v -3.67198282 1.69549042 8.92852840
v -3.59325582 1.48286207 9.04724450
v -3.59679947 1.62940462 8.78677390
v -3.54927342 1.41572907 8.90357325
v -3.66406337 1.80002342 8.68188475
v -3.54599157 1.76331532 8.62146505
v -3.50307422 1.57550187 8.71469390
v -3.54910512 1.19924852 9.01303455
v -3.60156797 1.01302457 9.10245710
v -3.51097497 1.14341032 8.93780360
v -3.58244722 0.96153412 9.03125685
v -3.57182562 1.26530627 9.15531265
v -3.40844372 1.28500672 8.78696005
v -3.45680192 1.07312637 8.90514405
v -3.31598157 1.17323682 8.75989265
v -3.38593827 0.96371267 8.89056740
v -3.55271422 0.90042507 9.00562850
v -3.44882637 1.74073507 8.57851115
v -3.41256707 1.51742902 8.67065625
v -3.32388232 1.43651412 8.63140495
v -4.70655097 1.06415972 8.98844405
v -4.63264857 1.11413547 8.97983440
v -4.81342062 1.29450632 8.90384440
v -4.73219802 1.31689022 8.90688400
v -4.68782292 1.34012497 8.93142775
v -4.43448467 0.98184232 9.05536200
v -4.46279562 0.93672857 9.03815800
v -4.24283772 0.85225727 9.09644505
v -4.25820827 0.80412687 9.07944675
v -4.51579227 0.87380647 9.05224760
v -4.42158167 1.02707762 9.12407515
v -4.41479272 1.09033972 9.26448495
v -4.57515457 1.19395642 9.06774140
v -4.56698352 1.25613392 9.20732755
v -4.23512397 0.89906422 9.16554155
v -4.66729032 1.37623467 9.00130030
v -4.65764112 1.43721537 9.14029740
v -3.85800957 0.65399732 9.11029240
v -3.86199352 0.73015817 9.09925005
v -4.06539342 0.66401627 9.11569670
v -4.05446327 0.73580727 9.10129770
v -4.04839512 0.78590372 9.11852975
v -3.70479197 0.84101177 9.08989070
v -3.69126252 0.78556712 9.06884385
v -3.67126287 0.70281537 9.07403310
v -3.86475177 0.83035447 9.18635550
v -3.71197277 0.89014687 9.15913680
v -3.86151667 0.89418522 9.32612780
v -3.71296387 0.95396997 9.29855465
v -4.04432787 0.83340937 9.18739250
v -4.03936217 0.89742882 9.32787625
v -3.79524387 1.94550942 8.55544640
v -3.89965532 2.02868702 8.51371650
v -3.94170142 2.30424087 8.48567500
v -4.05406122 2.16828252 8.46014950
v -3.78653902 2.11380007 8.51410835
v -3.59843572 1.88767032 8.56628135
v -3.72346392 1.88733372 8.60814215
v -3.47401527 2.27803282 8.49404495
v -3.56990802 2.08920022 8.51838215
v -3.40883642 2.01734547 8.49240870
v -3.49688452 1.92527602 8.53278965
v -3.68105232 2.25067472 8.52015865
v -3.81519677 2.46974522 8.52179405
v -3.59328387 2.47871187 8.52213065
v -4.14539117 2.60860207 8.43239870
v -4.27578712 2.39569322 8.37191525
v -4.52205677 2.59797112 8.21027160
v -4.64113752 2.33718092 8.17291835
v -4.39829082 2.19605202 8.35333510
v -3.76446282 3.32627067 8.53686625
v -4.05640807 3.21607157 8.48253425
v -3.74273427 2.90941027 8.54861920
v -3.95722327 2.80650417 8.50697430
v -4.35036272 3.50961482 8.30984910
v -4.06200787 3.65358612 8.45530705
v -3.74299522 3.76510357 8.50147650
v -4.65346167 2.97316792 8.02840390
v -4.57088162 3.34921557 8.07017970
v -4.75010242 2.66218692 7.93648490
v -4.87137277 2.41450542 7.89287650
v -3.30105897 1.71599497 8.46474120
v -3.21791877 1.70027762 8.33945970
v -3.32431157 2.18107332 8.42986485
v -3.22368772 2.32488567 8.30634200
v -3.37764482 2.59346442 8.45106215
v -3.08734602 2.35724602 8.08300790
v -3.02367252 3.08404957 8.07407950
v -3.09063722 1.67158247 8.12272670
v -3.16435262 3.82417687 8.29132590
v -2.98429967 3.73457582 8.05595920
v -3.43051822 3.82815997 8.44332885
v -3.48459947 3.29696777 8.48420705
v -3.53332232 2.83731242 8.51031310
v -3.39885997 0.46720047 9.00200920
v -3.19691867 0.56348677 8.86408820
v -3.45881217 0.65917977 8.99805500
v -3.29774822 0.79049542 8.86960555
v -3.20787687 0.99802717 8.72063200
v -2.74175132 -0.00000118 8.75454360
v -2.82406872 0.33626052 8.71748020
v -3.03173222 -0.00000118 8.92107645
v -3.08811272 0.29269037 8.89586885
v -3.33672922 0.24192412 9.02332805
v -2.73675842 0.72152727 8.36581735
v -2.52913232 0.34832542 8.47195855
v -2.42642767 -0.00000118 8.51840935
v -2.94885382 1.14447622 8.23320630
v -3.11990272 1.20009002 8.45507245
v -3.23561832 1.31408522 8.57366785
v -4.68566307 0.60547082 9.11264010
v -4.72648517 0.32934152 9.15668795
v -4.38035667 0.47281982 9.15794170
v -4.40455532 0.25226862 9.19449935
v -5.06331807 0.40954497 9.05738160
v -5.07542632 -0.00000118 9.08558120
v -4.73636727 -0.00000118 9.18093250
v -4.82694157 0.98591892 9.00339385
v -4.60275577 0.77517502 9.07745690
v -4.33433597 0.62993552 9.12285030
v -5.14422447 1.57100452 8.68952370
v -5.13351787 1.25428262 8.83792690
v -4.96009407 1.53291262 8.77234600
v -4.94447957 1.26095852 8.89852595
v -5.38458492 0.90561007 8.78883175
v -5.38865217 1.31250507 8.66905740
v -5.37414012 1.65039537 8.51898055
v -5.41372887 -0.00000118 8.89478510
v -5.40065757 0.46198742 8.86648180
v -3.61487217 0.40327962 9.09742680
v -3.58535422 0.20827177 9.11610895
v -3.57065687 -0.00000118 9.12663705
v -3.83744977 -0.00000118 9.18552250
v -3.84132067 0.19596037 9.17502245
v -3.64466212 0.57175727 9.08347660
v -3.85363462 0.53393567 9.12999285
v -4.10231657 0.39937727 9.17246055
v -4.08407472 0.55142527 9.14174665
v -4.11194622 0.20921697 9.20087520
v -4.11460247 -0.00000118 9.21451685
v -5.07427712 1.79831237 8.52572105
v -5.30234147 1.88701582 8.35041790
v -5.18349362 2.06534837 8.17291835
v -4.73444202 1.89340187 8.50493600
v -4.87847792 1.73439577 8.63435870
v -4.79410437 2.14252327 8.23796545
v -4.56277602 2.03796222 8.40447110
v -5.02783482 2.22836562 7.99604440
v -4.52750697 1.84939142 9.23160015
v -4.64573857 1.70766412 9.30108935
v -4.49993382 1.94994132 9.50609745
v -4.61433107 1.81111252 9.56781680
v -4.32968052 1.94623872 9.16905800
v -4.27978807 2.10781607 9.74204385
v -4.44497452 2.01993542 9.76961785
v -4.54699237 1.88952162 9.81015945
v -3.88263747 2.02476937 9.41794480
v -4.09207747 2.07280032 9.41853385
v -3.90356277 2.07301537 9.68995500
v -4.08784192 2.12452452 9.70052900
v -4.09078802 1.98415297 9.11875415
v -3.86508837 1.93987137 9.11236810
v -4.22024727 1.06266372 9.53889810
v -4.20708247 1.18596217 9.79874225
v -4.40483582 1.18955257 9.49679420
v -4.38490077 1.31075662 9.76234355
v -4.55612732 1.35471097 9.43934865
v -4.47543767 1.59330427 9.96878220
v -4.34816377 1.44000167 10.00247025
v -4.18957927 1.32094812 10.02186130
v -4.61533237 1.64578582 9.64102730
v -4.54943272 1.74522307 9.89061620
v -4.64586012 1.53509117 9.37223350
v -3.70788682 1.05348202 9.53011675
v -3.61056267 1.17736017 9.47463385
v -3.71079382 1.18029607 9.79316965
v -3.61874307 1.29906912 9.73511465
v -3.85386837 0.99369812 9.55781145
v -3.86391877 1.27819992 10.07123865
v -3.73573962 1.32599712 10.02705990
v -3.65292667 1.42891257 9.96016065
v -4.02308382 1.12446722 9.82322990
v -4.02168132 1.27176712 10.05714820
v -4.03062077 0.99706412 9.55998150
v -3.70683962 1.79013112 9.18157680
v -3.72782017 1.88612757 9.47933690
v -3.61281602 1.58292577 9.28697000
v -3.66827002 1.79272107 9.84450200
v -3.76136797 1.95628997 9.75519930
v -3.59296512 1.48406822 9.65814715
v -3.63128142 1.60070947 9.90606240
v -3.57980117 1.36625822 9.38912725
v 3.46192608 1.71704217 -2.85065855
v 2.93982123 1.99397897 -2.80216945
v 2.40161738 2.13521072 -2.76362875
v 2.39076118 2.04638657 -2.87944635
v 2.91142613 1.91777732 -2.91001235
v 3.83883308 1.33292547 -2.95519155
v 3.96247748 1.34440727 -2.91380845
v 4.19510548 0.99389362 -2.96154020
v 4.38378933 0.96287032 -2.94634645
v 3.34420958 1.59753982 -3.02963625
v 3.73248618 1.31693612 -3.01866870
v 3.30562213 1.46562067 -3.13267410
v 3.67138478 1.23450737 -3.09074785
v 4.03326633 1.02431002 -3.00556935
v 2.37963553 1.93229702 -3.00975730
v 2.88268338 1.82301507 -3.02963625
v 2.85989828 1.65383617 -3.15949840
v 4.84277148 0.41139287 -2.83607255
v 4.66816958 0.65922992 -2.90296245
v 4.44030073 0.70675767 -2.94320485
v 4.67548043 0.22277872 -2.89779190
v 4.93475678 0.19726767 -2.79812090
v 4.69823833 -0.00000203 -2.89042495
v 4.96008508 -0.00000203 -2.78636795
v 4.07688408 0.59910517 -3.09129015
v 4.35263428 0.51364192 -2.99653725
v 4.12193238 0.30766227 -3.10876530
v 4.41736433 0.25836057 -2.99459245
v 4.43582123 -0.00000203 -2.99380705
v 4.23229043 0.76275312 -2.99919265
v 3.99605418 0.85810187 -3.07080430
v -0.41508032 0.61467717 -2.70687340
v -0.59257137 0.30227582 -2.71150165
v -0.65401107 -0.00000118 -2.71977640
v -0.32986442 -0.00000118 -2.76152415
v -0.27903782 0.29699817 -2.75587675
v 0.43825678 1.21333897 -2.76091640
v 0.10792128 0.90245912 -2.75103345
v 0.26330893 1.29043907 -2.74225465
v -0.12838127 0.94733147 -2.72609700
v 0.16868693 0.59477357 -2.79959735
v 0.34593488 0.88095667 -2.79466990
v 0.50922328 0.63104817 -2.88520595
v 0.62231153 0.91749392 -2.86739505
v 0.60367698 1.16035252 -2.80605820
v 0.02367778 -0.00000118 -2.81558585
v 0.06049808 0.29962722 -2.80943355
v 0.44047273 0.32133962 -2.90495315
v 0.75576493 1.63423857 -2.72840645
v 1.30143093 1.92292917 -2.71446645
v 0.85869908 1.52906042 -2.77769115
v 1.85277238 2.10072877 -2.73029515
v 1.85999993 1.99243707 -2.84070930
v 1.86675063 1.86428597 -2.96109055
v 1.86936778 1.66751522 -3.09033645
v 1.37950343 1.67866977 -2.90055950
v 1.40053073 1.49756962 -3.00277285
v 0.95333893 1.43513967 -2.84512335
v 1.00367933 1.29389857 -2.91698830
v 3.32609778 -0.00000118 -3.43959635
v 3.32069348 0.44214502 -3.40990075
v 3.75999388 -0.00000118 -3.27949630
v 3.75073738 0.37433202 -3.26056255
v 3.72466958 0.72383672 -3.21597240
v 2.35538078 1.00017767 -3.44030695
v 2.84693833 0.95719572 -3.42416970
v 2.35175298 0.51632367 -3.54098775
v 2.84872418 0.49488327 -3.51673385
v 2.85065963 -0.00000118 -3.55462940
v 3.29960923 1.20670982 -3.24042265
v 2.84931408 1.35437437 -3.29804670
v 2.36129933 1.41910442 -3.30297415
v 3.68350153 1.02368357 -3.15794630
v 1.84670338 0.49024567 -3.44257900
v 1.84248653 -0.00000118 -3.47974440
v 1.34931143 0.43609217 -3.27087560
v 1.34119563 -0.00000118 -3.29964470
v 1.85528668 0.95114627 -3.35160435
v 0.91401283 0.72832302 -3.03244040
v 0.87532253 0.37330862 -3.07521665
v 0.86122273 -0.00000118 -3.09408495
v 1.39074128 1.21119782 -3.10744780
v 0.97368453 1.04674067 -2.97955680
v 1.86419723 1.35334587 -3.22735135
v 7.45140278 1.28933492 1.12928455
v 7.41375118 1.40256342 1.05135740
v 7.35571488 1.39256827 1.23221700
v 7.32551438 1.52096247 1.13003425
v 7.35897803 1.53929782 0.93646545
v 7.42166978 1.42395622 0.84838250
v 7.47569408 1.30004067 0.98588530
v 7.59427078 1.02610437 1.02222875
v 7.53463648 1.14501767 1.05366685
v 7.57512198 1.02224282 1.12354110
v 7.50000493 1.16100617 1.15207050
v 7.41204013 1.22454877 1.28150850
v 7.49212203 1.25022387 0.80742610
v 7.53142008 1.17103872 0.95208760
v 7.59372848 1.02710482 0.92495985
v 7.32602013 1.61550967 0.64831545
v 7.25902653 1.73819102 0.80278765
v 7.09404578 2.00013127 0.67865790
v 7.04740798 2.00951867 0.96612535
v 7.21487583 1.76462347 1.00167405
v 7.34116628 1.53229467 0.27691560
v 7.41852818 1.39375572 0.57977570
v 7.45995803 1.20749437 0.25637365
v 7.51690888 1.11973527 0.55627575
v 7.11651213 1.96225442 -0.10254395
v 7.29058363 1.59654787 -0.09336310
v 7.41302188 1.24355732 -0.09834665
v 6.86874903 2.31346847 0.23759970
v 6.86786928 2.33095297 -0.15341730
v 6.84418573 2.32601617 0.59240670
v 6.80395268 2.31428192 0.92516895
v 7.00374348 1.93209132 1.25049795
v 7.19090243 1.69761202 1.20345300
v 7.20005608 1.55165852 1.37324985
v 6.67809148 2.10932992 1.56256185
v 6.75785718 2.22396092 1.25006190
v 6.71088278 1.76254777 1.92780855
v 6.53684273 2.02466567 1.85814850
v 6.90479243 1.20346452 2.13443165
v 7.13075388 1.16666292 1.82726205
v 6.82526133 1.48820942 2.02917020
v 7.05219518 1.44959392 1.72808150
v 7.25527718 1.34122742 1.47618655
v 7.33023698 1.09112427 1.54469995
v 7.45532128 0.55263227 1.66430260
v 7.49549738 0.27687357 1.69247840
v 7.63743038 0.50610752 1.40272020
v 7.67867323 0.25473022 1.42449125
v 7.29701558 0.29370867 1.99364190
v 7.31186423 -0.00000203 2.00350445
v 7.51144763 -0.00000203 1.70034090
v 7.20109478 0.87837692 1.90575955
v 7.39857613 0.82615547 1.61122435
v 7.58136778 0.75077407 1.35770845
v 6.97431988 0.91012187 2.21579280
v 7.02952143 0.61033027 2.27354265
v 7.06609948 0.30623852 2.30796340
v 7.07972158 -0.00000203 2.31934150
v 7.57271903 0.59933042 -0.07504560
v 7.61161418 0.29685792 -0.06058200
v 7.68028143 -0.00000203 0.27556070
v 7.62430298 -0.00000203 -0.05345645
v 7.66580763 0.29351147 0.26851930
v 7.55447803 0.89434672 0.25150230
v 7.50679218 0.91302632 -0.08994100
v 7.71468008 0.50932392 0.69876125
v 7.66765893 0.55884747 0.52707060
v 7.65517753 0.75736582 0.72206230
v 7.60149833 0.84025527 0.53691955
v 7.71069698 0.27902492 0.53208985
v 7.72645173 -0.00000203 0.53831695
v 7.75677463 0.25598567 0.69679775
v 7.68429258 0.89385712 0.96219240
v 7.67541943 0.87978707 0.87950270
v 7.76774218 0.67102962 0.76291330
v 7.68261893 0.80833267 0.80960720
v 7.76834908 0.73796457 0.82060875
v 7.69232508 0.87774707 1.04752220
v 7.71406383 0.80509672 1.12164815
v 7.82146728 0.73717492 0.95162945
v 7.86606593 0.66974527 1.00424275
v 7.89626728 0.62303267 0.80594880
v 7.93245008 0.61018662 0.86347935
v 7.99733993 0.49363122 0.72942330
v 8.03146743 0.49088147 0.78907205
v 7.98079128 0.55951217 0.90681745
v 7.85297593 0.56005277 0.70374225
v 7.86438208 0.61050197 0.75317315
v 7.95414293 0.49113052 0.68318755
v 7.82109243 0.44522967 1.19874995
v 7.76407613 0.64954842 1.17072885
v 7.92674658 0.54472727 1.03044485
v 8.05044878 -0.00000203 1.03405225
v 8.03212193 0.19545717 1.03718280
v 7.88140078 -0.00000203 1.21090070
v 7.86363493 0.22627392 1.20969540
v 8.11767528 0.32242932 0.90859055
v 8.16563993 0.16623077 0.89603860
v 8.19499978 0.27789782 0.79756270
v 8.24576943 0.14254977 0.77535390
v 8.18443343 -0.00000203 0.88873200
v 8.04932678 0.45855852 0.91701915
v 8.11945093 0.39883837 0.82136780
v 7.81450153 0.22697602 0.72931790
v 7.77407213 0.44679282 0.73659560
v 7.90066093 -0.00000203 0.67614020
v 7.83203278 -0.00000203 0.73037615
v 7.88242843 0.19585752 0.67910840
v 7.79896183 0.54591727 0.72022715
v 7.72280523 0.65229052 0.76266595
v 8.00257678 0.27824207 0.55896090
v 7.92029593 0.32290107 0.61782255
v 7.95620078 0.39925402 0.60896385
v 7.87822178 0.45913652 0.65624170
v 7.95928543 0.16649257 0.59562820
v 7.97798628 -0.00000203 0.58858680
v 8.04343543 0.14274187 0.52833285
v 8.20247808 0.25379777 0.69446875
v 8.12487393 0.37336047 0.73441195
v 8.08719343 0.36923797 0.66366475
v 8.25418443 0.12836497 0.66421640
v 8.27363243 -0.00000203 0.65151315
v 8.21033378 0.12367212 0.57665195
v 8.22978093 -0.00000203 0.56333330
v 8.08794143 0.25397882 0.56174125
v 8.13356943 0.12846697 0.52668300
v 8.15292393 -0.00000203 0.51411405
v 8.02838278 0.37357807 0.61664360
v 1.32304728 -3.23213723 -2.02756870
v 1.32176633 -2.97159948 -2.26099145
v 1.88975078 -3.19114683 -2.10691195
v 1.87307038 -2.96664398 -2.30654380
v 1.85994298 -2.70811648 -2.44388680
v 2.43271463 -2.92768253 -2.37559440
v 2.42417808 -2.68404108 -2.49931360
v 0.46792433 -2.45530183 -2.76730330
v 0.82783388 -2.56981128 -2.50718630
v 0.41416183 -2.92182943 -2.54295940
v 0.80484223 -2.96022053 -2.29832515
v 0.75420263 -3.27515658 -1.99947110
v 0.70347888 -1.82154013 -2.68154510
v 1.27832623 -2.08807123 -2.62868870
v 0.76077568 -2.16182403 -2.62136765
v 1.29228578 -2.35193758 -2.54160280
v 0.35715488 -1.96256618 -2.87060210
v 1.85146253 -2.45280538 -2.54374395
v 2.41773593 -2.44626038 -2.58635275
v 1.84870428 -2.23792368 -2.63094290
v 2.97280803 -2.57148578 -2.53705955
v 2.97465933 -2.83703513 -2.40871210
v 3.48470183 -2.72423588 -2.45693005
v 3.50070903 -2.99636763 -2.24258130
v 2.98230763 -3.06831673 -2.21679400
v 3.50262578 -1.83456553 -2.77395115
v 3.49905408 -2.08494833 -2.70042275
v 2.96162543 -2.10748183 -2.70764095
v 2.97054533 -2.31414488 -2.62798830
v 3.93033218 -2.21187458 -2.74536820
v 3.99243488 -1.78718908 -2.83543675
v 4.26196733 -2.04437018 -3.03171195
v 4.36912768 -1.53350488 -3.10819495
v 4.03610873 -1.45971383 -2.87905450
v 4.00204668 -2.94628988 -2.31013505
v 3.94864883 -2.61883333 -2.57127120
v 4.29990963 -2.52253768 -2.85069680
v -2.58564542 -2.65105343 -0.44391160
v -2.56589822 -2.73875643 -1.02465880
v -2.26212862 -3.07348643 -0.39415090
v -2.28516532 -3.17450383 -0.99648725
v -2.68662542 -2.20155218 -1.11440945
v -2.56722592 -2.81316373 -1.73164035
v -2.63269462 -2.24962988 -1.78218645
v -2.86235782 -2.09484063 -0.12051380
v -2.60201727 -2.56985803 0.03506085
v -2.90015987 -2.06781913 0.28248990
v -2.59055332 -2.51496418 0.43669010
v -2.23294472 -2.97794813 0.09861280
v -2.89047412 -1.13574568 -0.92254745
v -2.86808937 -1.61854228 -0.74680485
v -3.12443832 -1.15110773 -0.52156335
v -3.03086352 -1.60465753 -0.32157620
v -3.12403627 -1.60833208 0.08466260
v -2.67083327 -1.63187538 -1.23673550
v -2.52851692 -1.64918223 -1.85638805
v -2.59922162 -1.11712048 -1.35734115
v -2.53329392 -2.17352088 1.46503200
v -2.21146437 -2.54639888 1.43914185
v -2.24486087 -2.21665243 1.89618685
v -1.94451337 -2.55517853 1.80154955
v -1.83100182 -2.87800598 1.37836685
v -1.99912842 -2.87967963 1.09849670
v -2.40298127 -2.52336048 1.11001080
v -3.22783062 -1.30800073 0.89561445
v -3.00685272 -1.70995723 0.98078360
v -3.08065227 -1.39235643 1.46228310
v -2.81772092 -1.78265348 1.47756355
v -2.52551472 -1.86113738 1.99128315
v -2.85760887 -2.08319988 0.67091355
v -3.11249837 -1.64763948 0.51763390
v -3.29804912 -1.23386458 0.36904285
v -2.11337777 -2.88219478 0.81775615
v -2.52677697 -2.50617518 0.78543490
v 7.09000488 -1.98048163 -2.28258060
v 7.06657463 -2.00222038 -1.72110375
v 6.97166278 -2.51393653 -2.29772760
v 6.92061178 -2.49640528 -1.74206645
v 6.65051833 -2.88457053 -1.77166005
v 6.60628348 -2.81895223 -1.33031200
v 6.88587653 -2.46003378 -1.29606210
v 7.16341258 -1.54089138 -1.24917185
v 7.10607838 -1.46542753 -1.70201105
v 7.21464038 -1.09861768 -1.22518910
v 7.09348478 -0.98085443 -1.66319070
v 7.07065123 -1.40000558 -2.27012640
v 7.07312898 -2.01227163 -0.88005255
v 7.21086383 -1.58908128 -0.85788370
v 7.09102488 -1.99416068 -0.50617410
v 7.25205058 -1.60823008 -0.48649235
v 7.30145598 -1.18423563 -0.83970730
v 6.57323123 -2.74794833 -0.95401190
v 6.86628828 -2.41412528 -0.91345075
v 6.86067828 -2.36800173 -0.54798730
v -1.24825967 -3.60156508 -1.87560230
v -1.22904457 -3.56142553 -1.18405760
v -1.84986417 -3.51547963 -1.77844645
v -1.82094887 -3.43981943 -1.05886110
v -1.78431472 -3.35157413 -0.46288275
v -0.55017847 -3.57406673 -0.81285325
v -0.56525067 -3.56608183 -1.34437270
v 0.11292353 -3.57598348 -1.01984355
v 0.11051123 -3.51182378 -1.50104130
v -0.57761137 -3.54529678 -1.99604050
v -1.10222117 -3.41245198 0.23558095
v -1.15485487 -3.45578923 -0.14665640
v -0.48017502 -3.54388493 0.00719785
v -0.51978162 -3.56122918 -0.36876565
v 0.13001533 -3.60148093 -0.59939275
v -1.73823452 -3.26730258 0.02358840
v -1.68097682 -3.20356363 0.41466150
v 1.92901143 -3.44047393 -1.46837325
v 1.90889958 -3.34440268 -1.82016700
v 2.48914188 -3.37672563 -1.55227080
v 2.46554248 -3.28562858 -1.90483210
v 1.33288348 -3.40086733 -1.71302535
v 1.37943713 -3.57707743 -0.55312980
v 1.36354213 -3.55373983 -0.95398215
v 1.96617768 -3.51735898 -0.65799940
v 1.94860903 -3.49343233 -1.07363495
v 2.51343318 -3.42727258 -1.15197860
v 0.74388023 -3.54855993 -1.19683140
v 0.75756863 -3.59437493 -0.79518175
v 0.77571698 -3.61282248 -0.40923245
v 0.73831698 -3.45671488 -1.61528980
v 1.44836618 -3.51766753 0.62818575
v 2.02157728 -3.45720108 0.57801365
v 1.50263358 -3.41411628 1.02821020
v 2.06071638 -3.35798823 0.98332170
v 2.56759858 -3.44704698 0.12596070
v 2.58758803 -3.39901603 0.54493335
v 1.99673433 -3.50979483 0.16873695
v 0.82326258 -3.60904508 0.32920250
v 0.87038658 -3.55747983 0.70256755
v 0.22485323 -3.60098623 0.46208470
v 0.29005078 -3.55368373 0.80827270
v 0.94490608 -3.45321798 1.09261640
v 1.39403248 -3.58696973 -0.15848415
v 0.79466093 -3.62260258 -0.03792525
v 0.18365628 -3.61311233 0.12429725
v 2.55178688 -3.46085693 -0.29934275
v 1.98024943 -3.52633498 -0.24357000
v -1.51247282 -3.16485463 0.99318680
v -1.37067072 -3.14502328 1.26117905
v -0.68533102 -3.27467038 1.43190240
v -1.17013277 -3.09496338 1.56867930
v -0.85042057 -3.34696458 1.11129175
v -1.04390692 -3.39426623 0.54884165
v -1.61081527 -3.17688808 0.72443635
v -0.43747272 -3.53833103 0.33433565
v -0.37853967 -3.52476418 0.64022175
v -0.29019152 -3.48335303 0.95241910
v -0.15930087 -3.39426623 1.29849915
v 6.20419608 -3.03620883 -1.37495740
v 6.23859473 -3.10330443 -1.81663270
v 5.74517653 -3.21014688 -2.41758610
v 6.27789278 -3.14947473 -2.36568340
v 5.72725258 -3.18751988 -1.86992770
v 5.70513983 -3.09995713 -1.04251815
v 6.17682863 -2.96700948 -0.99766620
v 5.70001688 -3.06697968 -0.67985970
v 6.15860633 -2.91456533 -0.64175845
v 4.61730473 -3.19641088 -1.52686685
v 5.17366713 -3.18532263 -1.47893875
v 4.64813168 -3.22209533 -1.12820155
v 5.18622418 -3.17543968 -1.08665950
v 5.19834263 -3.16670678 -0.71239770
v 5.15888478 -3.17211108 -1.92443820
v 5.16021248 -3.14097558 -2.47033795
v 4.58202718 -3.12959578 -1.96062270
v 5.70661713 -3.06820453 0.48927025
v 6.13893393 -2.88975043 0.50410105
v 5.70256008 -3.01525548 0.87984270
v 6.12259013 -2.84516963 0.87854050
v 6.52172463 -2.64588373 0.53667390
v 6.53987128 -2.64653823 0.16806290
v 6.14783428 -2.89619258 0.12200565
v 4.71902423 -3.28186053 0.07636830
v 5.22478358 -3.20014238 0.08098720
v 4.73653678 -3.27118283 0.49116915
v 5.23555478 -3.19183023 0.48676445
v 5.24231483 -3.13315898 0.88968825
v 5.70155963 -3.06739108 -0.29796830
v 5.21178793 -3.18334978 -0.32095060
v 4.69861318 -3.26213203 -0.33597605
v 6.54585443 -2.65774888 -0.21698880
v 6.15166778 -2.89770728 -0.26424285
v 3.14397933 -3.36603858 0.52182950
v 3.12507363 -3.40526268 0.09800420
v 3.68885993 -3.34356118 0.50658050
v 3.16769943 -3.28079548 0.93359585
v 3.70993483 -3.26596638 0.92074725
v 3.08628898 -3.39454673 -0.76224255
v 3.62353998 -3.34329938 -0.77152710
v 3.10713013 -3.41068483 -0.33198360
v 3.64854188 -3.36682398 -0.34598055
v 4.20061348 -3.33504333 0.07588210
v 4.17828568 -3.32029838 -0.34581225
v 4.15162798 -3.29176218 -0.76163480
v 4.22033178 -3.31685758 0.49706730
v 4.23919073 -3.24660168 0.91140065
v 3.52597273 -3.16785683 -1.94269875
v 3.00199873 -3.22284418 -1.93517200
v 3.02902023 -3.31749338 -1.58485555
v 4.08261563 -3.22426538 -1.56241555
v 4.04517823 -3.13247558 -1.95894905
v 3.59147883 -3.31687713 -1.18804155
v 4.11892168 -3.26855548 -1.16523690
v 3.05867843 -3.36910623 -1.18687280
v 0.33652963 -2.34250343 3.46455670
v -0.04840987 -2.34774878 3.44340700
v 0.23813958 -2.54957788 3.10380565
v -0.11888082 -2.52469753 3.12665705
v -0.43048827 -2.36652358 3.31028170
v -0.50398862 -2.17677468 3.55439150
v -0.05881642 -2.14937918 3.72271020
v 1.20894073 -2.06953953 3.61926180
v 0.79374463 -2.09759888 3.73216220
v 1.13391633 -2.31573438 3.28952470
v 0.73044513 -2.33121798 3.40683830
v 0.62119038 -2.56037713 3.02542460
v 0.37854853 -1.87961298 4.02422900
v 0.82949903 -1.84357808 3.99264385
v 0.38737493 -1.59122158 4.21156560
v 0.85610913 -1.55324188 4.17950445
v 1.26088933 -1.80688868 3.88524125
v -0.10129347 -1.91433888 3.97115840
v -0.60186782 -1.94896193 3.79256405
v -0.11523432 -1.62631213 4.17384770
v 2.42053243 -2.25663303 2.80487595
v 2.88759298 -2.23403408 2.69002990
v 2.48265383 -1.98668918 3.08140220
v 2.94093473 -1.96060268 2.94693050
v 2.34991188 -2.51559063 2.48985575
v 1.88966748 -2.53530043 2.61924105
v 1.97511713 -2.27804453 2.96126405
v 2.14788643 -1.43313178 3.69158320
v 2.10341783 -1.73469733 3.50721990
v 2.57801448 -1.39682573 3.48981955
v 2.53543458 -1.70150483 3.31214150
v 2.98854493 -1.67177268 3.16337365
v 1.62395918 -2.04148953 3.45092355
v 1.68205073 -1.77020863 3.71084420
v 1.72586483 -1.47266358 3.90033130
v 1.44865603 -2.55078403 2.76512910
v 1.54752293 -2.29787588 3.13191090
v 6.45867673 -1.75090173 2.22055705
v 6.14695623 -1.76365513 2.45824340
v 6.33071263 -1.98231423 2.11483745
v 6.05630798 -1.99458143 2.31064855
v 5.67176118 -2.27036903 2.22718110
v 5.99803963 -2.20525563 2.12418575
v 5.71665988 -2.03550638 2.45648560
v 6.30070763 -1.23953153 2.69995025
v 5.91348673 -1.25788558 2.91989030
v 6.22882568 -1.51183158 2.58880680
v 5.84923353 -1.53310283 2.79570360
v 6.55671998 -1.49599268 2.33192065
v 4.91426158 -1.85617338 2.85444030
v 5.36762438 -1.82339228 2.77537670
v 4.96553698 -1.58144233 3.04298305
v 5.42558503 -1.55717908 2.94847325
v 5.48160088 -1.27573473 3.08760125
v 5.27421788 -2.32916183 2.30704710
v 5.31480623 -2.07913348 2.56326260
v 4.86552938 -2.12071293 2.62642185
v 3.88368588 -2.18496528 2.63755770
v 3.38016033 -2.21065058 2.64400920
v 3.83957258 -2.44773853 2.35881550
v 3.33119438 -2.47216073 2.36156440
v 3.42824738 -1.93584473 2.89045650
v 4.42991288 -1.88495183 2.87766570
v 4.38364908 -2.15549493 2.64144730
v 4.34183588 -2.41767743 2.36488365
v 3.97426868 -1.62442343 3.08147700
v 4.47673768 -1.60327458 3.07511900
v 4.01479158 -1.32344693 3.24620530
v 4.52025258 -1.30767433 3.23534995
v 3.47317413 -1.64667728 3.09869970
v 3.51265918 -1.34208148 3.26651350
v 2.71199998 -2.96695338 1.72149825
v 2.19271968 -3.00068733 1.77269970
v 2.65941473 -3.15876863 1.34689730
v 2.12008888 -3.20161883 1.38374565
v 1.58466113 -3.24837818 1.43801985
v 1.78893058 -2.79325758 2.24422870
v 2.27165238 -2.76780688 2.14359635
v 2.77026918 -2.74172038 2.07298430
v 0.70495703 -3.06451043 2.04047860
v 1.18703368 -3.06146233 1.93818110
v 0.87575348 -2.81631468 2.48373150
v 1.32325383 -2.81157423 2.36192990
v 1.05568488 -3.28160808 1.50978280
v 0.53571268 -3.28386143 1.59909910
v 5.24327788 -2.99890233 1.28308695
v 5.69003023 -2.88901178 1.26009275
v 4.76371723 -3.06794188 1.30311890
v 4.77747108 -2.87112523 1.68500945
v 5.24473733 -2.80771353 1.65705210
v 6.09641013 -2.72923898 1.24181010
v 6.45487893 -2.51056118 1.23590855
v 6.06008538 -2.57020483 1.57945390
v 6.39585323 -2.37435038 1.55534025
v 5.66338358 -2.49964038 1.94452040
v 6.01329798 -2.39633223 1.87701680
v 6.30401753 -2.24559153 1.83596010
v 4.79646093 -2.63538368 2.03885255
v 5.25295598 -2.57824583 2.00167525
v -1.86277482 -2.23855948 2.36368770
v -2.11064757 -1.94078068 2.50524670
v -2.32789907 -1.69939173 2.67324750
v -1.81546807 -1.78492553 3.16611405
v -1.62364177 -1.99187843 2.99787015
v -1.59442302 -2.52955953 2.22595710
v -1.28041602 -2.78903138 2.09054700
v -1.20393982 -2.48035048 2.65519265
v -0.93686812 -2.69442808 2.49997330
v -0.96497252 -2.21149123 3.23871680
v -0.81581452 -2.41835998 3.03209115
v -0.61726302 -2.58609898 2.86278135
v -1.29241717 -1.77924073 3.62462870
v -1.11501707 -1.98470698 3.44754905
v 3.80021843 -2.70096373 2.04254410
v 4.30835353 -2.67427883 2.04642690
v 4.28133203 -2.90890773 1.69324935
v 3.23934933 -2.94698178 1.69931155
v 3.28365983 -2.72144108 2.04534825
v 3.73546883 -3.12382768 1.31828120
v 3.20009803 -3.13727213 1.32740850
v 4.25890053 -3.10515573 1.31251735
v 0.23959818 -3.03335623 2.14782595
v 0.02730643 -3.23769113 1.70603335
v -0.45473282 -3.14113368 1.82638570
v 0.04665158 -2.76195378 2.69325650
v 0.44756088 -2.80100873 2.59668970
v -0.59566537 -2.85350898 2.37201855
v -0.31903627 -2.69547528 2.76589665
v -0.89558192 -2.99223493 1.95595545
v -2.50438372 -1.57757993 2.89031710
v -2.01155372 -1.65788708 3.32321275
v -2.96288902 -1.39346908 2.52319870
v -3.12733682 -1.40266948 2.79258155
v -2.68267887 -1.56176908 3.11201495
v -1.75995627 -1.56543428 3.82991730
v -1.52364607 -1.63633533 3.73598720
v -1.38243897 -1.41113123 4.12607855
v -1.11116572 -1.49286893 4.07541090
v -2.60048302 -1.79522923 3.81697690
v -2.40764862 -1.65648458 3.63451165
v -2.10462702 -1.67533418 4.12431140
v -1.95260112 -1.57600913 3.95473045
v -1.57846512 -1.39989253 4.22064445
v -3.36560287 -1.49654348 2.98110560
v -2.90534912 -1.63838298 3.29388180
v -3.15219847 -1.82251253 3.47785240
v -3.40299352 -2.12922993 3.70585215
v -2.78322877 -2.04007768 4.04481770
v -4.35184087 -2.56219103 3.63636380
v -4.03378192 -2.17946748 3.37951930
v -3.66825302 -2.47045818 3.97280400
v -2.32459512 -2.10862253 4.63164240
v -2.21908462 -1.87068373 4.35255425
v -1.78606742 -1.81453698 4.89038495
v -1.75740202 -1.62001023 4.60299400
v -3.43979512 -2.75709178 4.99391750
v -3.18745732 -2.58265818 4.63217535
v -2.62326897 -2.49852688 5.31098535
v -2.44978227 -2.33571533 4.95372185
v -1.83099502 -2.00585668 5.22086070
v -3.95849572 -2.75811093 4.27364960
v -4.69636967 -2.86706648 3.91995780
v -4.26960762 -2.94187583 4.62118910
v -4.96578992 -2.61610313 3.34470925
v -4.63100382 -2.23208928 3.10970635
v -4.41993692 -1.80142828 2.90256645
v -4.92785697 -1.84013728 2.72907720
v -5.15903572 -2.24634803 2.89584380
v -6.23501502 -3.03595553 3.66226330
v -5.86880357 -2.87418183 3.35495685
v -5.69982102 -3.09284943 3.92770980
v -5.33452587 -2.91448968 3.61293270
v -5.92164977 -2.48443643 2.90736300
v -6.29500462 -2.71992468 3.14844340
v -6.23655862 -2.23567883 2.76363480
v -6.60896827 -2.42550338 2.99579530
v -6.65309092 -2.85910878 3.45172935
v -5.34344577 -1.82746803 2.60961225
v -5.58228217 -2.18145818 2.73734260
v -5.88327737 -1.99586068 2.61824230
v -6.31626567 -3.00142513 4.70548955
v -6.02428472 -3.11677608 4.30238300
v -5.70955437 -2.97515163 5.05988260
v -5.37695617 -3.08120868 4.63630890
v -6.54549197 -3.05511368 4.02641775
v -7.00350172 -2.70475048 4.76281440
v -6.58414402 -2.76198183 5.10555735
v -7.15669127 -2.34665398 5.04215500
v -6.80438327 -2.39337593 5.42444845
v -6.06166602 -2.76054108 5.49189000
v -7.16761207 -2.77186478 4.17376440
v -7.30805842 -2.56475208 4.50325840
v -7.42704652 -2.46639943 4.00793280
v -7.52166767 -2.30613108 4.33309775
v -7.40594442 -2.24912413 4.75228630
v -6.94662482 -2.87320858 3.80837575
v -7.23368852 -2.54802578 3.64825700
v -1.90354592 -2.18478763 -5.30871660
v -1.84297577 -2.69769123 -5.18290385
v -2.39364912 -2.22680653 -4.92535725
v -2.31242057 -2.70132838 -4.82154420
v -1.26149672 -2.69572773 -5.31944190
v -1.24517077 -3.16073128 -4.95072380
v -1.77943232 -3.13269063 -4.83268005
v -1.30341532 -1.61564378 -5.35743945
v -1.86201832 -1.67956973 -5.21381410
v -1.30474642 -1.19941918 -5.04060620
v -1.79635752 -1.27676238 -4.90411405
v -2.30011427 -1.75259323 -4.85351270
v -0.15626297 -2.13334393 -5.06598125
v -0.66136697 -2.12658388 -5.36816390
v -0.26509697 -1.70886328 -5.01820275
v -0.73241592 -1.64738703 -5.28784825
v -0.79808097 -1.27750103 -5.00706690
v -0.71842747 -3.05786258 -4.89435350
v -0.68295952 -2.62885653 -5.23691880
v -0.21467242 -2.58202238 -4.94494550
v 5.86034898 -2.32480473 -5.36608990
v 6.37027078 -2.30787188 -5.24821445
v 5.83709638 -2.72850033 -5.04516050
v 6.30432608 -2.69483098 -4.94455535
v 6.43102793 -1.85967963 -5.35501950
v 6.86985063 -1.87523803 -5.01896180
v 6.78238223 -2.30103703 -4.93305400
v 5.33390743 -1.85511683 -5.40361145
v 5.35042803 -2.28545993 -5.29095330
v 4.88463058 -1.86229763 -5.13390050
v 4.93220253 -2.25223003 -5.03101310
v 5.37312133 -2.65154048 -4.99205165
v 5.91738398 -1.00904468 -5.10770180
v 5.90458383 -1.38998238 -5.39253255
v 5.46035683 -1.08328368 -5.07590245
v 5.39758093 -1.43099063 -5.32902650
v 4.98230068 -1.47707763 -5.08740295
v 6.80681293 -1.45617103 -4.94987550
v 6.40499668 -1.41960318 -5.26710145
v 6.36590348 -1.05686058 -4.98883610
v 4.81182213 -2.75443638 -3.93611875
v 5.25543288 -3.01836903 -3.88348760
v 4.72022018 -2.84155968 -3.24875350
v 5.19594818 -3.09706798 -3.16382745
v 5.77166508 -3.20227418 -3.11180405
v 5.81858253 -2.98949623 -4.51463215
v 5.32796933 -2.88285013 -4.50790100
v 4.92641573 -2.64446253 -4.50630045
v 6.79277858 -2.87844628 -3.75845940
v 6.34038818 -3.09794688 -3.79659805
v 6.73526588 -2.75074398 -4.37924330
v 6.31476918 -2.95122668 -4.44187980
v 6.31995843 -3.15585143 -3.06511100
v 6.76729983 -2.93160103 -3.02913135
v 6.42541708 -0.72436438 -3.92295480
v 6.43534678 -0.66126633 -3.23243860
v 6.84564348 -0.96055558 -3.81498015
v 6.85705983 -0.90619893 -3.06841070
v 6.43073808 -0.59345673 -2.62883915
v 5.90744578 -0.55503333 -2.87484700
v 5.90275208 -0.61202243 -3.41529740
v 5.91853488 -0.78581683 -4.63259090
v 6.38749433 -0.84067073 -4.52460860
v 6.77750068 -1.05472878 -4.42705920
v 4.93193223 -1.03716948 -4.15641410
v 5.38529503 -0.77853488 -4.11903365
v 5.02929378 -1.11324108 -4.64763420
v 5.44112388 -0.88215158 -4.65296540
v 5.34046178 -0.65409063 -3.02579340
v 5.33825518 -0.72337498 -3.53292975
v 4.85035348 -0.99749743 -3.59068385
v 4.42351663 -1.94748463 -3.53190890
v 4.47190288 -2.43708803 -3.39416470
v 4.56946078 -2.35967088 -4.03197495
v 4.63956708 -1.43382453 -4.16110780
v 4.54755373 -1.43658278 -3.59388070
v 4.64092283 -1.87318103 -4.68201500
v 4.75705918 -1.46267778 -4.67852660
v 4.69738663 -2.28750758 -4.59448030
v 7.08893048 -1.38191333 -3.00724470
v 7.14521748 -1.95781723 -3.00288590
v 7.09377378 -1.39822908 -3.77574755
v 7.06849223 -2.45781698 -3.75580400
v 7.04019913 -2.50331493 -3.00929150
v 7.09619628 -1.90212863 -4.46521740
v 6.99883388 -2.37070388 -4.41631775
v 7.01807618 -1.43601243 -4.43802760
v -1.25712092 -3.62252778 -2.70883775
v -0.59989327 -3.51975258 -2.80055105
v -0.12423922 -3.17078253 -3.70176015
v -0.05052382 -3.25904653 -2.93074130
v -0.63578622 -3.45517213 -3.62605320
v -1.86756627 -3.53855543 -3.50346535
v -1.87278952 -3.56201458 -2.63574795
v -2.36210732 -3.29992473 -3.45904435
v -2.35556572 -3.31406193 -2.59224240
v -1.24815852 -3.44300778 -4.34186115
v -1.81203832 -3.40421463 -4.25432645
v -2.28086262 -3.18593888 -4.18219120
v -0.68899962 -3.31725028 -4.34069240
v -0.22933322 -3.04396848 -4.34604060
v -2.53055522 -1.67495083 -2.67075435
v -2.22247782 -1.18782518 -2.78156120
v -2.56242937 -1.70825553 -3.52719565
v -2.25195922 -1.23952133 -3.59083175
v -2.66644812 -2.27689448 -2.61833825
v -2.63182507 -2.26198123 -4.29401720
v -2.50960187 -1.74814263 -4.27303580
v -2.21741607 -1.32130578 -4.26931450
v -2.63413452 -2.84654323 -3.46586900
v -2.55485587 -2.77322053 -4.22957700
v -2.61411617 -2.85447203 -2.58930650
v 0.30831048 -2.34806668 -3.29250130
v 0.18163668 -1.83425613 -3.37687655
v -0.20762252 -1.34171683 -3.99157275
v -0.13268227 -1.38487643 -3.38429960
v 0.10111448 -1.76281278 -3.99047030
v 0.15842063 -2.74688158 -3.82379720
v 0.24157018 -2.84573913 -3.11925600
v 0.10680863 -2.17914958 -4.55924865
v 0.03606653 -2.64017003 -4.45313635
v -0.01752767 -1.73418308 -4.56166095
v -0.31415642 -1.35796713 -4.53074985
v -1.20473287 -0.93308103 -3.19641135
v -1.75824097 -0.95470163 -2.98573715
v -1.21389332 -0.90222178 -2.65818795
v -1.73533942 -0.89171153 -2.38429840
v -1.78550217 -0.98840838 -3.72400380
v -0.68274022 -1.05924398 -3.95193810
v -0.62884087 -1.08047783 -3.32671295
v -0.65964997 -1.05201643 -2.81727820
v -1.27686302 -0.99812303 -4.51139535
v -0.76033842 -1.10318898 -4.53691150
v -1.78452977 -1.07106238 -4.38547890
v -4.97816847 -2.88595348 5.46008130
v -5.44774502 -2.72450618 5.88220490
v -5.83625622 -2.53557073 6.32401195
v -5.42709002 -2.53923593 6.65956390
v -4.91501857 -2.66805173 6.27814000
v -3.74375427 -2.79106033 5.40549515
v -4.59748407 -2.97144988 5.02820395
v -3.10510252 -2.53585208 6.06509090
v -2.87367132 -2.54362193 5.69560695
v -2.38339047 -2.23006968 6.27378290
v -2.14003632 -2.20038343 5.94787930
v -3.94011277 -2.64506008 6.73663680
v -3.96253407 -2.64209613 6.41867050
v -3.32003947 -2.59813243 6.61508680
v -3.22168767 -2.54006893 6.37698820
v -2.60148262 -2.30952598 6.50148345
v -4.63609872 -2.60533193 6.68134005
v -5.16404647 -2.49645118 7.03621930
v -4.52752652 -2.59981543 7.02531720
v -2.94010222 -2.35959523 7.78642675
v -2.89220217 -3.05632918 7.77349485
v -2.80677122 -2.41338578 7.44313130
v -2.82952912 -3.05232738 7.44180360
v -2.71050362 -1.80105428 7.46300005
v -2.56291387 -1.99197193 7.10396940
v -2.74579987 -2.50279983 7.11431900
v -2.95957827 -3.55600253 7.19179480
v -2.87814912 -3.59780638 7.46610510
v -3.11149707 -3.95391048 7.31804700
v -2.97798842 -4.02376518 7.56305440
v -2.88926627 -3.63417788 7.76996055
v -2.99984872 -3.03263628 6.90329120
v -3.14215572 -3.43932388 6.99448090
v -3.27065277 -3.00486678 6.80053470
v -3.42849012 -3.31438918 6.91730600
v -3.32747272 -3.75480223 7.13705990
v -2.58167932 -2.23541788 6.82141240
v -2.81567242 -2.61202653 6.86115925
v -3.05360187 -2.70655503 6.72900635
v -3.68589562 -2.97665783 6.87479240
v -3.49681057 -2.75187448 6.76318145
v -4.02198137 -2.75300583 6.94195345
v -4.18893497 -3.54414673 7.35354895
v -4.21691017 -3.21609263 7.20580110
v -3.83026897 -3.55852703 7.15450700
v -3.82119947 -3.24784523 7.00343820
v -4.51832612 -2.92286728 7.37971110
v -4.51227752 -3.19555068 7.47731490
v -4.72459647 -2.92275508 7.71295445
v -4.64952532 -3.22648983 7.77857190
v -4.44069392 -3.51448853 7.60258620
v -4.50583452 -2.71497938 7.24357595
v -4.79849972 -2.67297918 7.59832345
v -3.98320692 -3.92300023 7.56706555
v -4.25656352 -3.86115848 7.82173235
v -4.45452172 -3.68149823 8.01641720
v -4.23586262 -3.90617873 8.24550240
v -3.99596117 -4.15324313 8.05970005
v -3.37462477 -4.18215333 7.54135305
v -3.64066032 -3.90178423 7.33338185
v -3.39688712 -4.40901238 8.03337895
v -3.15440422 -4.30415213 7.77970325
v -3.19289817 -4.30368463 8.20782105
v -3.01321922 -4.18316313 7.97553050
v -3.94964977 -4.04303468 8.38751870
v -3.69495577 -4.30840638 8.24143515
v -3.46824632 -4.23170833 8.36871585
v -0.33859647 -0.86251403 4.40206250
v 0.06151808 -0.86538023 4.40146410
v -0.25600707 -0.43700318 4.44956985
v 0.12660343 -0.43850768 4.43482490
v 0.53498423 -0.43237918 4.40169700
v 0.43351803 -1.24295278 4.32593480
v -0.04003227 -1.26898318 4.31588355
v -0.48172627 -1.26504683 4.29095645
v 1.36278648 -0.80193793 4.22423400
v 0.92860053 -0.82887018 4.32906705
v 1.33433358 -1.17462298 4.18103785
v 0.89198593 -1.21064853 4.28398985
v 0.95739768 -0.42096708 4.33773365
v 1.38206533 -0.40662503 4.23046110
v 3.08219538 -0.70180878 3.53575610
v 3.56783353 -0.68753218 3.47725315
v 3.09549023 -0.35326968 3.57797135
v 3.58236343 -0.34582793 3.52618170
v 4.08931193 -0.34082568 3.51378360
v 4.04817108 -1.00653888 3.37246770
v 3.54441263 -1.02099313 3.39170065
v 3.05996958 -1.04088993 3.45685145
v 4.55657733 -0.99536563 3.35991065
v 5.05494338 -0.98534243 3.31478755
v 4.58430943 -0.67053983 3.44884785
v 5.08620808 -0.66449378 3.40078885
v 4.60206593 -0.33735853 3.50218960
v 5.10631058 -0.33452718 3.45281225
v 5.56461018 -0.65786038 3.27804205
v 5.58777098 -0.33143063 3.32708280
v 6.03545748 -0.32756058 3.13735260
v 5.52858463 -0.97429073 3.19783775
v 5.96742688 -0.96174303 3.01927145
v 6.75196838 -0.62687873 2.57837220
v 6.40817738 -0.63980978 2.85517895
v 6.70037338 -0.93014513 2.51805535
v 6.36137978 -0.94718508 2.78928015
v 6.43839658 -0.32241043 2.89601040
v 6.78559948 -0.31547358 2.61542540
v -0.71191562 -0.61873998 -2.63962820
v -1.05168017 -0.57956518 -2.51373045
v -0.89455257 -0.30428758 -2.64352715
v -1.19941442 -0.29185378 -2.51917215
v -1.51011832 -0.27117668 -2.34432715
v -1.30065622 -0.75210243 -2.40268050
v -0.83617712 -0.85899673 -2.57969470
v -0.42305587 -0.95352353 -2.68171255
v -1.74939077 -0.72119218 -2.13328830
v -2.17059042 -0.73060253 -1.80264425
v -1.78571382 -0.49086598 -2.09328050
v -2.15666487 -0.47001208 -1.81450005
v -1.82962652 -0.24845533 -2.12488265
v -2.16090042 -0.22988963 -1.86671980
v 6.79958538 -0.16222368 -1.77922335
v 6.80216598 -0.33764668 -1.83301390
v 6.43466423 -0.15063308 -2.05819080
v 6.42436053 -0.30404533 -2.12571650
v 6.02466673 -0.15160463 -2.30245870
v 5.94375183 -0.44290473 -2.54762590
v 6.42506178 -0.46301743 -2.28792880
v 6.82271728 -0.53947323 -1.96222240
v 5.54532113 -0.32936768 -2.57784510
v 5.43237228 -0.50809718 -2.72874390
v 5.14471953 -0.37268198 -2.73118425
v 4.97811188 -0.59980368 -2.84321595
v 5.61064958 -0.16187603 -2.50913110
v 5.23365673 -0.17818583 -2.67530865
v 1.78321858 -0.77399418 4.05629950
v 1.79724273 -0.39170583 4.06740730
v 2.21389743 -0.37718698 3.88202400
v 1.75950698 -1.13744738 4.00804330
v 2.18031223 -1.10130963 3.80382060
v 2.60953333 -1.06839763 3.60715270
v 2.63088873 -0.72215863 3.67588455
v 2.64298848 -0.36404853 3.70773065
v -1.26851092 -0.81789413 4.64233880
v -1.16743402 -0.79266613 4.50426735
v -1.18957907 -0.41950168 4.69035105
v -1.09000922 -0.40792383 4.55471060
v -0.88645802 -0.41287253 4.48542710
v -1.32349827 -1.13105198 4.39835990
v -1.12608067 -1.14611483 4.32002560
v -1.43157322 -1.17407133 4.54209745
v -0.68693752 -0.83374918 4.40561550
v -0.84461507 -1.20743213 4.28828235
v -0.60107392 -0.42551203 4.45840560
v -1.21613732 -1.16216878 5.96673825
v -1.16116357 -1.08930423 5.54325805
v -1.04565027 -0.59118638 6.05224400
v -1.01915152 -0.55511833 5.60589370
v -1.08224447 -0.50592798 5.22446045
v -1.41661662 -1.58163783 5.41613545
v -1.42096522 -1.43464648 5.06660440
v -1.48912927 -1.69272518 5.80302910
v -1.44500662 -1.28702868 4.77005045
v -1.25563427 -0.89231503 4.86933810
v -1.16302252 -0.45644693 4.91644340
v -6.74222362 -1.27526553 6.11888230
v -6.47846012 -1.21677278 6.71900270
v -6.78960942 -0.64773263 6.13535615
v -6.52297547 -0.62153053 6.73968490
v -6.26604682 -0.58576508 7.39393245
v -6.22745002 -2.16964063 6.69293490
v -6.06696662 -2.00357443 7.29289635
v -6.38782207 -1.75941788 6.68218240
v -6.16485177 -1.62713493 7.32089025
v -6.63651337 -1.86239878 6.07306730
v -5.69368657 -0.97925473 8.46823725
v -5.97113847 -1.05843053 7.96930340
v -5.66684272 -1.40748473 8.36496820
v -5.92505232 -1.51109208 7.89870155
v -5.85885432 -1.86911293 7.81756225
v -6.00354557 -0.54452563 8.01912955
v -5.72017427 -0.50190323 8.53630610
v -7.59720632 -0.66989468 4.93138555
v -7.75038652 -0.67970623 4.59611325
v -7.56923112 -1.29293703 4.92078265
v -7.71999987 -1.30224963 4.59566445
v -7.36229862 -0.66554438 5.27228655
v -7.26545982 -1.86881288 5.19255910
v -7.49923787 -1.82226858 4.87627665
v -7.63881382 -1.81047823 4.58248095
v -7.04217247 -1.29797753 5.64293925
v -6.95346902 -1.89052443 5.58400620
v -7.08124612 -0.66027948 5.65991885
v 7.50495958 -0.58175818 -0.43746180
v 7.40988878 -0.53410208 -0.79770795
v 7.53764718 -0.28648518 -0.42189405
v 7.43343208 -0.25979943 -0.78209345
v 7.28500168 -0.22483978 -1.13349365
v 7.24994683 -0.75059113 -1.18892980
v 7.36685073 -0.83741353 -0.81827795
v 7.44780303 -0.89461258 -0.45674150
v 7.07732798 -0.39787003 -1.50401630
v 7.08313348 -0.64330328 -1.58307140
v 7.07837433 -0.18963618 -1.46842935
v -2.52390737 -0.46326563 -1.50862330
v -2.50689887 -0.22168033 -1.57573760
v -2.84204962 -0.22287458 -1.23884860
v -2.88545232 -0.76318813 -1.06200270
v -2.55246227 -0.74466578 -1.44189320
v -3.15845362 -0.48714383 -0.78048355
v -3.15998787 -0.78597238 -0.67394030
v -3.37667412 -0.51733498 -0.32907490
v -3.34786592 -0.82100003 -0.24223210
v -3.14077277 -0.23252038 -0.84298830
v -3.37750542 -0.24966828 -0.37504885
v -3.49303402 -0.56076828 0.20773665
v -3.52666597 -0.27336458 0.17803170
v -3.61705242 -0.30095048 0.76152185
v -3.40792097 -0.94516463 0.82779210
v -3.42086137 -0.87625428 0.26856775
v -3.55011577 -0.66749938 1.34438470
v -3.33798297 -1.02117078 1.40473470
v -3.56861942 -0.71682998 1.83631880
v -3.29122362 -1.08155308 1.92339620
v -3.67746277 -0.32976633 1.32069860
v -3.73668567 -0.35715333 1.80082790
v -3.64080142 -0.75147088 2.19783485
v -3.82352847 -0.38045353 2.14717740
v -3.94660252 -0.40104733 2.37482355
v -3.34780982 -1.10361908 2.30777470
v -3.49206162 -1.13062188 2.57555870
v -3.70828037 -1.20581458 2.74444775
v -4.01291272 -1.29477048 2.79752770
v -3.95180112 -0.82685058 2.58373995
v -4.20140872 -0.87325293 2.62655360
v -4.11455657 -0.42031853 2.49884195
v -4.33602067 -0.43964923 2.53430650
v -4.52629317 -0.91629183 2.57577375
v -4.61960617 -0.46042238 2.49629025
v -4.95430812 -0.48521688 2.42594085
v -4.86565142 -1.41101903 2.58927600
v -4.42238662 -1.36306288 2.71789375
v -5.29191792 -1.00550953 2.40890515
v -5.27168452 -1.43897553 2.49539265
v -5.69995192 -1.07153923 2.38652125
v -5.65860622 -1.50020868 2.46392055
v -5.32908417 -0.51661163 2.36437110
v -5.73291067 -0.55718553 2.35273970
v -6.11785017 -1.17390218 2.45797395
v -6.15475462 -0.60951833 2.43217730
v -6.57082027 -0.66383418 2.59289445
v -6.42780267 -1.82272758 2.66860140
v -6.04457422 -1.64801263 2.52255440
v -6.91387177 -1.37912533 2.84670020
v -6.80651592 -1.96470733 2.89939680
v -7.24915342 -1.43676893 3.14248745
v -7.14628472 -2.05046553 3.19763375
v -6.95729317 -0.71035978 2.82512975
v -7.29036822 -0.73932183 3.11910310
v -7.50861592 -1.44031173 3.48913870
v -7.54624032 -0.74094533 3.46504375
v -7.71488542 -0.72502228 3.84109140
v -7.59147562 -1.99876938 3.91087980
v -7.41272232 -2.05653368 3.54602410
v -7.75421152 -1.34993463 4.23685820
v -7.66820172 -1.89303023 4.25852215
v -7.78627267 -0.70134553 4.22540445
v -1.23364732 -0.60130648 6.55499350
v -1.52475192 -0.56743738 7.09156195
v -1.43029397 -1.18478643 6.43226540
v -2.11839617 -0.92328223 7.54911355
v -1.86056992 -0.47154633 7.63939715
v -2.44973977 -0.76636118 8.01871730
v -2.20679702 -0.37728983 8.12426945
v -2.24912702 -1.60039393 7.07238510
v -2.44137917 -1.33540558 7.49432255
v -2.72263057 -1.17899878 7.91174395
v -1.98100132 -1.79180713 6.55284300
v -2.28989812 -1.96070553 6.73736525
v -1.69566737 -1.73263098 6.21166150
v -5.97373777 -2.36758013 6.81498045
v -5.69712737 -2.41710623 7.03870725
v -5.92782927 -2.22169208 7.30304110
v -5.41940432 -2.15890683 7.91756900
v -5.63860572 -2.25281823 7.59995970
v -5.25536792 -2.30504733 7.69585330
v -5.46806172 -2.38210918 7.35454175
v -5.76612102 -2.09908468 7.73614245
v -5.54038397 -1.99057878 8.09252790
v -3.74664257 -1.86104388 10.07535265
v -3.88557422 -1.87948208 10.22837475
v -3.83504682 -2.00299558 9.97904765
v -3.97642817 -2.02862393 10.12072820
v -4.22646587 -2.10842618 9.99531665
v -4.05649222 -2.11717778 9.94212450
v -4.14712177 -2.01436518 10.18483265
v -3.96930347 -1.65915868 10.32475455
v -3.82185397 -1.69032223 10.25710815
v -3.90021632 -1.45702103 10.25251645
v -3.77525272 -1.49465478 10.19422940
v -3.70437037 -1.68114053 10.11250020
v -4.38003962 -1.70440333 10.17247195
v -4.23085102 -1.79404178 10.28121245
v -4.27162637 -1.55127838 10.19064835
v -4.13227397 -1.61857033 10.30034170
v -4.05017077 -1.43709618 10.22757065
v -4.30875522 -1.94137908 10.17595950
v -4.37658947 -2.02766088 10.00021690
v -4.44747097 -1.84117513 10.08193675
v -3.95267917 -1.91540478 8.58739365
v -4.16565347 -1.86143658 8.63917565
v -4.04366402 -1.96346378 8.53170590
v -4.24180922 -1.88621408 8.58080190
v -4.45192242 -1.78994648 8.65192820
v -4.36747322 -1.94306208 8.51294045
v -4.56141092 -1.82826278 8.59558425
v -4.34123712 -1.85256343 8.92941750
v -4.35673942 -1.79881963 8.78617550
v -4.09578092 -1.90022973 8.86452765
v -4.11885672 -1.86271753 8.71921080
v -3.89068867 -1.89033743 8.65892115
v -4.55310812 -1.69298698 8.85701110
v -4.66945952 -1.55040883 8.92947360
v -4.57864297 -1.66636753 8.77946135
v -4.69206782 -1.52022703 8.85675780
v -4.54084092 -1.75237818 8.99796320
v -4.63181642 -1.66763913 8.73602210
v -4.72698072 -1.69193978 8.69742530
v -4.73930402 -1.51229823 8.82403280
v -3.50307507 -1.57550423 8.71469390
v -3.59679947 -1.62940698 8.78677390
v -3.54599157 -1.76331768 8.62146505
v -3.66406337 -1.80002578 8.68188475
v -3.67198282 -1.69549278 8.92852840
v -3.59325582 -1.48286443 9.04724450
v -3.54927342 -1.41573143 8.90357325
v -3.41256707 -1.51743138 8.67065625
v -3.32388232 -1.43651648 8.63140495
v -3.40844372 -1.28500908 8.78696005
v -3.31598157 -1.17323918 8.75989265
v -3.44882637 -1.74073743 8.57851115
v -3.51097582 -1.14341268 8.93780360
v -3.45680192 -1.07312873 8.90514405
v -3.58244722 -0.96153648 9.03125685
v -3.55271422 -0.90042743 9.00562850
v -3.38593827 -0.96371503 8.89056740
v -3.54910512 -1.19925088 9.01303455
v -3.57182562 -1.26530863 9.15531265
v -3.60156797 -1.01302693 9.10245710
v -4.73219802 -1.31689258 8.90688400
v -4.68782292 -1.34012733 8.93142775
v -4.70655097 -1.06416208 8.98844405
v -4.81342147 -1.29450868 8.90384440
v -4.63264857 -1.11413783 8.97983440
v -4.57515542 -1.19395878 9.06774140
v -4.66729032 -1.37623703 9.00130030
v -4.56698352 -1.25613628 9.20732755
v -4.65764112 -1.43721773 9.14029740
v -4.24283772 -0.85225963 9.09644505
v -4.43448467 -0.98184468 9.05536200
v -4.23512397 -0.89906658 9.16554155
v -4.42158167 -1.02707998 9.12407515
v -4.41479357 -1.09034208 9.26448495
v -4.51579227 -0.87380883 9.05224760
v -4.46279647 -0.93673093 9.03815800
v -4.25820912 -0.80412923 9.07944675
v -4.05446327 -0.73580963 9.10129770
v -4.04839512 -0.78590608 9.11852975
v -3.85801042 -0.65399968 9.11029240
v -4.06539342 -0.66401863 9.11569670
v -3.86199352 -0.73016053 9.09925005
v -4.04432787 -0.83341173 9.18739250
v -4.03936302 -0.89743118 9.32787625
v -3.86475177 -0.83035683 9.18635550
v -3.86151667 -0.89418758 9.32612780
v -3.71197277 -0.89014923 9.15913680
v -3.70479197 -0.84101413 9.08989070
v -3.71296387 -0.95397233 9.29855465
v -3.69126252 -0.78556948 9.06884385
v -3.67126287 -0.70281773 9.07403310
v -3.94170227 -2.30424323 8.48567500
v -3.78653902 -2.11380243 8.51410835
v -4.05406122 -2.16828488 8.46014950
v -3.89965532 -2.02868938 8.51371650
v -3.79524387 -1.94551178 8.55544640
v -3.56990887 -2.08920258 8.51838215
v -3.68105232 -2.25067708 8.52015865
v -3.47401527 -2.27803518 8.49404495
v -3.59328387 -2.47871423 8.52213065
v -3.81519677 -2.46974758 8.52179405
v -3.49688537 -1.92527838 8.53278965
v -3.59843572 -1.88767268 8.56628135
v -3.40883642 -2.01734783 8.49240870
v -3.72346392 -1.88733608 8.60814215
v -4.52205677 -2.59797348 8.21027160
v -4.27578712 -2.39569558 8.37191525
v -4.64113837 -2.33718328 8.17291835
v -4.39829082 -2.19605438 8.35333510
v -4.14539202 -2.60860443 8.43239870
v -4.65346167 -2.97317028 8.02840390
v -4.75010327 -2.66218928 7.93648490
v -4.87137277 -2.41450778 7.89287650
v -4.35036272 -3.50961718 8.30984910
v -4.57088247 -3.34921793 8.07017970
v -4.05640807 -3.21607393 8.48253425
v -4.06200872 -3.65358848 8.45530705
v -3.76446367 -3.32627303 8.53686625
v -3.74299607 -3.76510593 8.50147650
v -3.95722327 -2.80650653 8.50697430
v -3.74273427 -2.90941263 8.54861920
v -3.32431242 -2.18107568 8.42986485
v -3.37764482 -2.59346678 8.45106215
v -3.30105897 -1.71599733 8.46474120
v -3.21791877 -1.70027998 8.33945970
v -3.22368772 -2.32488803 8.30634200
v -3.48459947 -3.29697013 8.48420705
v -3.53332232 -2.83731478 8.51031310
v -3.16435262 -3.82417923 8.29132590
v -3.43051907 -3.82816233 8.44332885
v -2.98429967 -3.73457818 8.05595920
v -3.02367252 -3.08405193 8.07407950
v -3.08734602 -2.35724838 8.08300790
v -3.09063722 -1.67158483 8.12272670
v -3.20787687 -0.99802953 8.72063200
v -3.29774907 -0.79049778 8.86960555
v -3.39885997 -0.46720283 9.00200920
v -3.45881217 -0.65918213 8.99805500
v -3.19691867 -0.56348913 8.86408820
v -3.11990272 -1.20009238 8.45507245
v -3.23561832 -1.31408758 8.57366785
v -2.73675842 -0.72152963 8.36581735
v -2.94885382 -1.14447858 8.23320630
v -2.82406872 -0.33626288 8.71748020
v -2.52913232 -0.34832778 8.47195855
v -3.08811272 -0.29269273 8.89586885
v -3.33672922 -0.24192648 9.02332805
v -5.06331807 -0.40954733 9.05738160
v -4.72648517 -0.32934388 9.15668795
v -4.40455532 -0.25227098 9.19449935
v -4.38035752 -0.47282218 9.15794170
v -4.68566307 -0.60547318 9.11264010
v -5.38458492 -0.90561243 8.78883175
v -5.40065757 -0.46198978 8.86648180
v -5.13351872 -1.25428498 8.83792690
v -5.38865217 -1.31250743 8.66905740
v -5.14422447 -1.57100688 8.68952370
v -5.37414097 -1.65039773 8.51898055
v -4.82694157 -0.98592128 9.00339385
v -4.94447957 -1.26096088 8.89852595
v -4.96009492 -1.53291498 8.77234600
v -4.60275662 -0.77517738 9.07745690
v -4.33433682 -0.62993788 9.12285030
v -3.58535422 -0.20827413 9.11610895
v -3.84132067 -0.19596273 9.17502245
v -3.61487302 -0.40328198 9.09742680
v -4.10231657 -0.39937963 9.17246055
v -4.11194622 -0.20921933 9.20087520
v -3.85363462 -0.53393803 9.12999285
v -4.08407472 -0.55142763 9.14174665
v -3.64466212 -0.57175963 9.08347660
v -5.18349447 -2.06535073 8.17291835
v -5.30234232 -1.88701818 8.35041790
v -5.07427712 -1.79831473 8.52572105
v -5.02783567 -2.22836798 7.99604440
v -4.79410437 -2.14252563 8.23796545
v -4.73444202 -1.89340423 8.50493600
v -4.56277602 -2.03796458 8.40447110
v -4.87847877 -1.73439813 8.63435870
v -4.32968052 -1.94624108 9.16905800
v -4.52750782 -1.84939378 9.23160015
v -4.49993467 -1.94994368 9.50609745
v -4.64573857 -1.70766648 9.30108935
v -4.61433192 -1.81111488 9.56781680
v -3.86508837 -1.93987373 9.11236810
v -3.88263832 -2.02477173 9.41794480
v -4.09078802 -1.98415533 9.11875415
v -4.09207832 -2.07280268 9.41853385
v -4.27978892 -2.10781843 9.74204385
v -4.08784277 -2.12452688 9.70052900
v -3.90356362 -2.07301773 9.68995500
v -4.54699322 -1.88952398 9.81015945
v -4.44497537 -2.01993778 9.76961785
v -4.55612732 -1.35471333 9.43934865
v -4.40483582 -1.18955493 9.49679420
v -4.22024727 -1.06266608 9.53889810
v -4.20708332 -1.18596453 9.79874225
v -4.38490162 -1.31075898 9.76234355
v -4.64586012 -1.53509353 9.37223350
v -4.61533237 -1.64578818 9.64102730
v -4.47543767 -1.59330663 9.96878220
v -4.54943272 -1.74522543 9.89061620
v -4.18958012 -1.32095048 10.02186130
v -4.34816547 -1.44000403 10.00247025
v -3.85386837 -0.99370048 9.55781145
v -3.70788682 -1.05348438 9.53011675
v -3.71079467 -1.18029843 9.79316965
v -3.61056267 -1.17736253 9.47463385
v -3.61874392 -1.29907148 9.73511465
v -4.03062077 -0.99706648 9.55998150
v -4.02308467 -1.12446958 9.82322990
v -3.86391962 -1.27820228 10.07123865
v -4.02168217 -1.27176948 10.05714820
v -3.65292752 -1.42891493 9.96016065
v -3.73574047 -1.32599948 10.02705990
v -3.61281602 -1.58292813 9.28697000
v -3.70683962 -1.79013348 9.18157680
v -3.72782102 -1.88612993 9.47933690
v -3.57980117 -1.36626058 9.38912725
v -3.59296597 -1.48407058 9.65814715
v -3.66827087 -1.79272343 9.84450200
v -3.63128142 -1.60071183 9.90606240
v -3.76136882 -1.95629233 9.75519930
v 2.40161653 -2.13521393 -2.76362875
v 2.39076118 -2.04638978 -2.87944635
v 2.93982123 -1.99398218 -2.80216945
v 2.91142528 -1.91777968 -2.91001235
v 3.46192523 -1.71704538 -2.85065855
v 2.88268338 -1.82301743 -3.02963625
v 2.85989743 -1.65383853 -3.15949840
v 3.34420873 -1.59754303 -3.02963625
v 3.30562128 -1.46562388 -3.13267410
v 2.37963468 -1.93230023 -3.00975730
v 3.73248618 -1.31693933 -3.01866870
v 4.03326633 -1.02431238 -3.00556935
v 3.83883308 -1.33292868 -2.95519155
v 4.19510548 -0.99389683 -2.96154020
v 3.67138393 -1.23451058 -3.09074785
v 3.96247748 -1.34441048 -2.91380845
v 4.38378933 -0.96287438 -2.94634645
v 4.44029988 -0.70676088 -2.94320485
v 4.66816873 -0.65923398 -2.90296245
v 4.84277063 -0.41139778 -2.83607255
v 4.35263428 -0.51364513 -2.99653725
v 4.23229043 -0.76275718 -2.99919265
v 4.07688408 -0.59910838 -3.09129015
v 3.99605333 -0.85810593 -3.07080430
v 4.67548043 -0.22278278 -2.89779190
v 4.41736433 -0.25836463 -2.99459245
v 4.12193238 -0.30766633 -3.10876530
v 4.93475593 -0.19727258 -2.79812090
v -0.27903782 -0.29700053 -2.75587675
v -0.59257137 -0.30227818 -2.71150165
v -0.41508032 -0.61467953 -2.70687340
v 0.50922328 -0.63105053 -2.88520595
v 0.16868693 -0.59477593 -2.79959735
v 0.44047273 -0.32134198 -2.90495315
v 0.06049808 -0.29962958 -2.80943355
v 0.60367698 -1.16035488 -2.80605820
v 0.43825678 -1.21334133 -2.76091640
v 0.34593488 -0.88095903 -2.79466990
v 0.10792128 -0.90246148 -2.75103345
v 0.62231153 -0.91749628 -2.86739505
v -0.12838127 -0.94733383 -2.72609700
v 0.26330893 -1.29044143 -2.74225465
v 0.85869823 -1.52906278 -2.77769115
v 0.75576408 -1.63424093 -2.72840645
v 1.30143008 -1.92293153 -2.71446645
v 1.37950258 -1.67867213 -2.90055950
v 0.95333893 -1.43514203 -2.84512335
v 1.40053073 -1.49757198 -3.00277285
v 1.00367933 -1.29390093 -2.91698830
v 1.85999908 -1.99243943 -2.84070930
v 1.86674978 -1.86428833 -2.96109055
v 1.86936778 -1.66751758 -3.09033645
v 1.85277153 -2.10073113 -2.73029515
v 3.72466958 -0.72383993 -3.21597240
v 3.75073738 -0.37433523 -3.26056255
v 3.32069348 -0.44214738 -3.40990075
v 3.29960923 -1.20671303 -3.24042265
v 3.68350153 -1.02368678 -3.15794630
v 2.84693833 -0.95719808 -3.42416970
v 2.84931323 -1.35437673 -3.29804670
v 2.35538078 -1.00018003 -3.44030695
v 2.36129933 -1.41910678 -3.30297415
v 2.84872418 -0.49488563 -3.51673385
v 2.35175298 -0.51632603 -3.54098775
v 1.85528668 -0.95114863 -3.35160435
v 1.84670338 -0.49024803 -3.44257900
v 1.34931143 -0.43609453 -3.27087560
v 1.39074128 -1.21120018 -3.10744780
v 1.86419723 -1.35334823 -3.22735135
v 0.91401283 -0.72832538 -3.03244040
v 0.97368453 -1.04674303 -2.97955680
v 0.87532253 -0.37331098 -3.07521665
v 7.47569408 -1.30004473 0.98588530
v 7.41375118 -1.40256748 1.05135740
v 7.42166978 -1.42396028 0.84838250
v 7.35897803 -1.53930188 0.93646545
v 7.32551438 -1.52096653 1.13003425
v 7.35571488 -1.39257233 1.23221700
v 7.45140278 -1.28933898 1.12928455
v 7.59372848 -1.02710888 0.92495985
v 7.59427078 -1.02610843 1.02222875
v 7.53142008 -1.17104278 0.95208760
v 7.53463648 -1.14502173 1.05366685
v 7.49212203 -1.25022793 0.80742610
v 7.41204013 -1.22455283 1.28150850
v 7.50000493 -1.16101023 1.15207050
v 7.57512198 -1.02224688 1.12354110
v 7.09404578 -2.00013533 0.67865790
v 7.25902653 -1.73819508 0.80278765
v 7.04740798 -2.00952273 0.96612535
v 7.21487583 -1.76462753 1.00167405
v 7.32602013 -1.61551373 0.64831545
v 6.86874903 -2.31347253 0.23759970
v 6.84418573 -2.32602023 0.59240670
v 6.80395268 -2.31428598 0.92516895
v 7.11651213 -1.96225848 -0.10254395
v 6.86786843 -2.33095703 -0.15341730
v 7.45995803 -1.20749843 0.25637365
v 7.34116628 -1.53229873 0.27691560
v 7.41302188 -1.24356138 -0.09834665
v 7.29058363 -1.59655193 -0.09336310
v 7.41852818 -1.39375978 0.57977570
v 7.51690888 -1.11973933 0.55627575
v 7.20005608 -1.55166258 1.37324985
v 7.19090243 -1.69761608 1.20345300
v 7.00374348 -1.93209538 1.25049795
v 7.05219518 -1.44959798 1.72808150
v 7.25527718 -1.34123148 1.47618655
v 7.13075388 -1.16666698 1.82726205
v 7.33023698 -1.09112833 1.54469995
v 6.71088278 -1.76255183 1.92780855
v 6.82526133 -1.48821348 2.02917020
v 6.90479243 -1.20346858 2.13443165
v 6.67809148 -2.10933398 1.56256185
v 6.53684273 -2.02466973 1.85814850
v 6.75785718 -2.22396498 1.25006190
v 7.29701558 -0.29371273 1.99364190
v 7.49549738 -0.27687848 1.69247840
v 7.67867323 -0.25473428 1.42449125
v 7.63743038 -0.50611243 1.40272020
v 7.45532128 -0.55263633 1.66430260
v 7.02952143 -0.61033433 2.27354265
v 7.06609948 -0.30624258 2.30796340
v 6.97431988 -0.91012678 2.21579280
v 7.20109478 -0.87838098 1.90575955
v 7.58136778 -0.75077813 1.35770845
v 7.39857613 -0.82615953 1.61122435
v 7.66580763 -0.29351553 0.26851930
v 7.61161418 -0.29686198 -0.06058200
v 7.57271903 -0.59933448 -0.07504560
v 7.66765893 -0.55885153 0.52707060
v 7.71069698 -0.27902983 0.53208985
v 7.71468008 -0.50932883 0.69876125
v 7.75677463 -0.25598973 0.69679775
v 7.55447803 -0.89435078 0.25150230
v 7.60149833 -0.84025933 0.53691955
v 7.65517753 -0.75736988 0.72206230
v 7.50679218 -0.91303038 -0.08994100
v 7.76774218 -0.67103368 0.76291330
v 7.76834908 -0.73796863 0.82060875
v 7.68261893 -0.80833673 0.80960720
v 7.67541943 -0.87979113 0.87950270
v 7.68429258 -0.89386118 0.96219240
v 7.89626728 -0.62303673 0.80594880
v 7.86438208 -0.61050688 0.75317315
v 7.99733993 -0.49363528 0.72942330
v 7.95414293 -0.49113543 0.68318755
v 7.85297593 -0.56005683 0.70374225
v 7.82146728 -0.73717983 0.95162945
v 7.93245008 -0.61019068 0.86347935
v 7.86606593 -0.66974933 1.00424275
v 7.98079128 -0.55951623 0.90681745
v 8.03146743 -0.49088553 0.78907205
v 7.69232508 -0.87775113 1.04752220
v 7.71406383 -0.80510078 1.12164815
v 7.76407613 -0.64955248 1.17072885
v 7.92674658 -0.54473133 1.03044485
v 7.82109243 -0.44523458 1.19874995
v 8.19499978 -0.27790188 0.79756270
v 8.11767528 -0.32243338 0.90859055
v 8.11945093 -0.39884243 0.82136780
v 8.04932678 -0.45856258 0.91701915
v 8.03212193 -0.19546123 1.03718280
v 8.16563993 -0.16623483 0.89603860
v 8.24576943 -0.14255383 0.77535390
v 7.86363493 -0.22627798 1.20969540
v 7.88242843 -0.19586243 0.67910840
v 7.81450153 -0.22698008 0.72931790
v 7.77407213 -0.44679773 0.73659560
v 7.92029593 -0.32290513 0.61782255
v 7.95928543 -0.16649663 0.59562820
v 8.00257678 -0.27824613 0.55896090
v 8.04343543 -0.14274593 0.52833285
v 7.87822178 -0.45914058 0.65624170
v 7.79896183 -0.54592133 0.72022715
v 7.95620078 -0.39925808 0.60896385
v 7.72280523 -0.65229458 0.76266595
v 8.08719343 -0.36924203 0.66366475
v 8.12487393 -0.37336453 0.73441195
v 8.20247808 -0.25380268 0.69446875
v 8.08794143 -0.25398288 0.56174125
v 8.02838278 -0.37358213 0.61664360
v 8.21033378 -0.12367618 0.57665195
v 8.13356943 -0.12847103 0.52668300
v 8.25418443 -0.12836903 0.66421640
v 2.44571113 3.14045812 -2.18686465
v 1.31589453 2.66345852 -2.42757105
v 2.41100478 2.25107677 -2.66502280
v 0.02153663 1.39633717 -2.81356625
v 0.13885193 3.35292752 -2.12585505
v 3.48260828 2.40318257 -2.60358480
v 4.53506213 2.95555252 -2.51318900
v 4.66599953 0.94945307 -3.03665810
v -2.31274697 3.26126947 -1.72398270
v -2.77944202 2.14561812 -0.57413840
v -2.24466962 1.06598297 -1.94230520
v -3.27051337 1.17865982 -0.10687215
v -2.18692487 2.90760572 0.49738180
v -1.59582212 2.85513352 1.69612830
v -2.73517912 2.12406637 1.06001125
v -2.85607462 1.48464792 2.11118075
v 6.70462763 2.92778217 -2.32296325
v 7.06443518 2.01536242 -1.26981665
v 6.55265273 2.68853437 -0.59787040
v 7.36416728 1.23383332 -0.47475895
v 6.89549768 0.81977452 -2.24938810
v -1.19830007 3.51015712 -0.61436210
v 0.15564453 3.60746257 -0.22341990
v 1.34760123 3.50048922 -1.34571060
v 2.53534108 3.45080332 -0.72674060
v 2.61659258 3.30637387 0.95332690
v 1.41458463 3.57122197 0.23395320
v 0.39006773 3.45377662 1.18117025
v -0.96495977 3.37963112 0.82884185
v 5.71490208 3.14668437 -1.42588685
v 4.67506053 3.23465852 -0.73957815
v 6.49289688 2.61436082 0.89168150
v 5.70526223 3.07614797 0.09459145
v 4.75135653 3.20742197 0.90217390
v 3.66935498 3.37204742 0.08220270
v 3.55729608 3.26569202 -1.58270505
v -0.38702947 2.49418612 3.10638625
v 0.37295808 2.12456192 3.77239610
v -0.71588937 1.65741722 4.05270910
v 1.29944958 1.51338047 4.07624220
v 1.02608278 2.55986052 2.90726780
v 2.83015593 2.49382147 2.39720660
v 2.04610233 2.01375507 3.26052015
v 3.02876863 1.36578987 3.33485265
v 6.21384613 2.14633722 2.02823520
v 5.78139078 1.79106527 2.64260670
v 4.82452963 2.37910547 2.35565520
v 5.01415783 1.29250457 3.19534130
v 6.63417538 1.22120147 2.43555095
v 3.92956633 1.91106402 2.87851655
v 1.68367848 3.03618692 1.84692340
v 5.67498778 2.71021702 1.61874515
v -1.42386797 2.23744447 2.82528785
v 3.76554013 2.93091527 1.69395570
v -0.19771917 2.96425737 2.25881130
v -2.20968362 1.61398647 3.47680520
v -3.76518447 1.72534497 3.10271170
v -1.70239937 1.46692032 4.37448000
v -2.97312642 2.32467997 4.31693075
v -5.04538562 3.05355922 4.24753590
v -1.93478512 2.14934877 5.57861975
v -5.49431652 2.60067412 3.10073970
v -5.62697517 1.78063152 2.55686890
v -6.95614312 2.53853402 3.29666895
v -6.80129692 2.94144337 4.40680380
v -7.53224252 2.13143502 4.55926490
v -6.37520807 2.41150407 5.98002545
v -2.14233302 3.02274162 -4.63098185
v -1.28496777 2.14751617 -5.45325825
v -0.36819942 2.90545522 -4.74562220
v -0.44433647 1.43251232 -4.87085610
v -2.12215572 1.43375587 -4.69282275
v 6.62266383 2.59517462 -4.76899890
v 5.88422038 1.85357937 -5.48076765
v 6.66559053 1.17496572 -4.80370610
v 5.14356013 1.21317917 -4.95369795
v 5.06124273 2.52633992 -4.85824380
v 5.79878008 3.13751202 -3.84626525
v 5.91226103 0.67017707 -4.04314905
v 4.51611903 1.89811427 -4.12300655
v 7.16849983 1.93232507 -3.76833470
v -1.25672142 3.58333022 -3.56913975
v -2.69658317 2.28158582 -3.49742610
v 0.22820903 2.25403137 -3.93806355
v -1.23758622 0.93495292 -3.86495505
v -4.12123162 2.74137207 5.91564985
v -4.99305367 2.46997897 7.45710955
v -2.81725257 2.46095622 6.64767155
v -2.92092537 1.68635547 7.82656630
v -2.85797182 3.05132457 7.13355280
v -3.52676797 3.54688392 7.05602345
v -2.94501097 3.96976572 7.77026910
v -4.13772502 2.94898882 7.08240915
v -4.53769847 3.47600157 7.80233960
v -3.68932707 4.24662857 7.80684715
v -3.71733882 4.04102207 8.43231455
v -0.22983727 -0.00000118 4.45742385
v 0.49129168 0.85120837 4.38381130
v 1.38940508 -0.00000118 4.22432835
v 3.09990428 -0.00000118 3.58991130
v 4.07335998 0.67766132 3.46131140
v 5.11356618 -0.00000203 3.47033415
v 6.00882868 0.64988077 3.09228560
v 6.79793128 -0.00000203 2.62813290
v -0.95931407 -0.00000118 -2.65697245
v -1.41580317 0.52699287 -2.33101275
v -2.16755847 -0.00000118 -1.90291365
v 6.80279243 -0.00000203 -1.77118320
v 5.99003348 0.30022732 -2.37602535
v 5.25870623 -0.00000203 -2.66141455
v 2.20191158 0.74680882 3.86145400
v -1.17114682 -0.00000118 4.70129990
v -0.96828327 0.80261812 4.43279595
v -0.98603382 -0.00000118 6.07545070
v -1.19708967 0.99107077 5.17354970
v -6.79871632 -0.00000118 6.13625460
v -6.22878707 1.13898862 7.36267540
v -5.73333907 -0.00000118 8.56154175
v -5.62171877 1.75509667 8.23642270
v -7.75288552 -0.00000033 4.59315865
v -7.33294727 1.29913542 5.25546590
v 7.54787608 -0.00000203 -0.41504050
v 7.27238768 0.46869222 -1.15386730
v -2.86523762 0.46938752 -1.16687230
v -3.37092302 -0.00000118 -0.38782095
v -3.54002712 0.61247652 0.78164985
v -3.79339342 -0.00000118 1.79597865
v -3.76807362 0.78396147 2.44246145
v -4.38985797 -0.00000118 2.50786470
v -4.89896547 0.95927142 2.48527595
v -5.74729097 -0.00000118 2.34675570
v -6.52826757 1.28547422 2.61433400
v -7.29556682 -0.00000033 3.11535375
v -7.68078682 1.40596852 3.86210085
v -1.79263707 1.20553172 6.95784760
v -2.09281202 -0.00000118 8.17668555
v -5.76069802 2.30196882 7.31790760
v -3.92831222 2.07369792 9.87422480
v -4.05649137 1.85486117 10.29864000
v -4.46456362 1.92521057 9.97034450
v -4.17148702 1.43410182 10.15559435
v -3.70459477 1.53353907 10.09748410
v -4.18505387 2.05137947 8.46322565
v -4.38926722 1.77971522 8.70508210
v -4.82427597 1.51903722 8.80474375
v -4.65838912 1.61035867 9.06873250
v -3.82415407 1.86767067 8.79823700
v -3.48597392 1.35771232 8.82659555
v -3.61072162 1.07745542 9.24249290
v -3.51171447 0.80715627 9.00231860
v -3.36853792 1.72679422 8.53294945
v -4.59294847 1.15201232 8.99909370
v -4.28683882 0.73618212 9.09481900
v -4.22945702 0.96303947 9.30644605
v -3.86457327 0.78231162 9.11766020
v -3.67407722 1.99052032 8.53515520
v -3.71480582 2.61522187 8.53696995
v -4.38359177 2.99227932 8.32381800
v -3.22850297 3.07162342 8.34564940
v -3.01358387 0.73710947 8.64771985
v -3.30511687 -0.00000118 9.03833480
v -4.41121167 -0.00000118 9.21314240
v -5.02755432 0.83887657 8.99845790
v -3.84825752 0.37843582 9.15326585
v -4.94909847 1.97567252 8.36803330
v -4.31241957 2.04345067 9.45622540
v -4.52986317 1.47274537 9.71083440
v -3.85145607 1.12350417 9.82497835
v -3.63035577 1.69362977 9.57022825
v 3.40107628 1.66161537 -2.93454675
v 3.90605958 1.04048552 -3.05474100
v 2.36941598 1.74063222 -3.15183990
v 4.59392973 0.45516362 -2.91651995
v 4.13551793 -0.00000203 -3.11675020
v -0.13145742 0.59686287 -2.74901385
v 0.73841048 1.12490667 -2.86027035
v 0.41719123 -0.00000118 -2.91531380
v 1.34176683 1.80396912 -2.80354305
v 3.31001578 0.85436017 -3.33784115
v 2.35050943 -0.00000118 -3.58215580
v 1.36778703 0.84791462 -3.20125550
v 7.30375693 1.60679547 1.02389900
v 7.48908328 1.24477282 1.05776045
v 7.52126598 0.99342612 1.27523635
v 7.58409883 1.00414122 0.79717425
v 7.16701318 1.89754307 0.34861140
v 6.95263638 1.77117782 1.57319280
v 7.69558738 -0.00000203 1.42956745
v 7.25819523 0.58673002 1.96180770
v 7.62350823 0.59047682 0.25723385
v 7.77347203 -0.00000203 0.70114975
v 7.78989318 0.75669092 0.88596440
v 8.04670708 0.48386897 0.83934700
v 7.92020328 0.48428207 0.66194520
v 7.98742978 0.38050387 1.03862780
v 8.26493693 -0.00000203 0.76464815
v 7.84343893 0.38130202 0.69235820
v 8.06250943 -0.00000203 0.51786340
v 8.16012343 0.24690172 0.61172380
v 2.44571113 -3.14046133 -2.18686465
v 1.31589453 -2.66346088 -2.42757105
v 0.13885108 -3.35292988 -2.12585505
v 0.02153663 -1.39633953 -2.81356625
v 2.41100393 -2.25107998 -2.66502280
v 3.48260743 -2.40318578 -2.60358480
v 4.66599953 -0.94945713 -3.03665810
v 4.53506213 -2.95555573 -2.51318900
v -2.31274782 -3.26127183 -1.72398270
v -2.77944202 -2.14562048 -0.57413840
v -2.18692487 -2.90760808 0.49738180
v -3.27051337 -1.17866218 -0.10687215
v -2.24467047 -1.06598533 -1.94230520
v -1.59582297 -2.85513588 1.69612830
v -2.73517912 -2.12406873 1.06001125
v -2.85607462 -1.48465028 2.11118075
v 6.70462678 -2.92778623 -2.32296325
v 7.06443433 -2.01536648 -1.26981665
v 6.89549768 -0.81977858 -2.24938810
v 7.36416728 -1.23383738 -0.47475895
v 6.55265188 -2.68853843 -0.59787040
v -1.19830092 -3.51015948 -0.61436210
v 0.15564368 -3.60746493 -0.22341990
v 1.34760038 -3.50049158 -1.34571060
v 2.53534023 -3.45080653 -0.72674060
v 2.61659258 -3.30637708 0.95332690
v 1.41458463 -3.57122433 0.23395320
v 0.39006688 -3.45377898 1.18117025
v -0.96495977 -3.37963348 0.82884185
v 5.71490123 -3.14668843 -1.42588685
v 4.67505968 -3.23466173 -0.73957815
v 6.49289688 -2.61436488 0.89168150
v 5.70526223 -3.07615203 0.09459145
v 4.75135568 -3.20742518 0.90217390
v 3.66935498 -3.37205063 0.08220270
v 3.55729523 -3.26569523 -1.58270505
v -0.38702947 -2.49418848 3.10638625
v 0.37295723 -2.12456428 3.77239610
v 1.02608278 -2.55986288 2.90726780
v 1.29944873 -1.51338283 4.07624220
v -0.71589022 -1.65741958 4.05270910
v 2.83015593 -2.49382468 2.39720660
v 2.04610233 -2.01375743 3.26052015
v 3.02876863 -1.36579308 3.33485265
v 6.21384613 -2.14634128 2.02823520
v 5.78138993 -1.79106933 2.64260670
v 6.63417538 -1.22120553 2.43555095
v 5.01415698 -1.29250863 3.19534130
v 4.82452963 -2.37910868 2.35565520
v 3.92956633 -1.91106723 2.87851655
v 1.68367763 -3.03618928 1.84692340
v 5.67498693 -2.71022108 1.61874515
v -1.42386797 -2.23744683 2.82528785
v 3.76553928 -2.93091763 1.69395570
v -0.19772002 -2.96425973 2.25881130
v -2.20968447 -1.61398883 3.47680520
v -1.70240022 -1.46692268 4.37448000
v -3.76518447 -1.72534733 3.10271170
v -2.97312727 -2.32468233 4.31693075
v -1.93478597 -2.14935113 5.57861975
v -5.04538647 -3.05356158 4.24753590
v -5.49431737 -2.60067563 3.10073970
v -6.95614312 -2.53853553 3.29666895
v -5.62697517 -1.78063388 2.55686890
v -6.80129777 -2.94144488 4.40680380
v -6.37520807 -2.41150558 5.98002545
v -7.53224337 -2.13143653 4.55926490
v -2.14233302 -3.02274398 -4.63098185
v -1.28496777 -2.14751853 -5.45325825
v -2.12215572 -1.43375823 -4.69282275
v -0.44433647 -1.43251468 -4.87085610
v -0.36819942 -2.90545758 -4.74562220
v 6.62266383 -2.59517868 -4.76899890
v 5.88421953 -1.85358343 -5.48076765
v 5.06124273 -2.52634398 -4.85824380
v 5.14355928 -1.21318323 -4.95369795
v 6.66559053 -1.17496978 -4.80370610
v 5.79877923 -3.13751608 -3.84626525
v 5.91226103 -0.67018113 -4.04314905
v 4.51611903 -1.89811748 -4.12300655
v 7.16849983 -1.93232913 -3.76833470
v -1.25672142 -3.58333258 -3.56913975
v -2.69658317 -2.28158818 -3.49742610
v 0.22820903 -2.25403373 -3.93806355
v -1.23758622 -0.93495528 -3.86495505
v -4.12123247 -2.74137443 5.91564985
v -2.81725257 -2.46095858 6.64767155
v -4.99305367 -2.46998133 7.45710955
v -2.92092537 -1.68635783 7.82656630
v -2.85797182 -3.05132693 7.13355280
v -2.94501097 -3.96976808 7.77026910
v -3.52676797 -3.54688628 7.05602345
v -4.13772502 -2.94899118 7.08240915
v -4.53769932 -3.47600393 7.80233960
v -3.68932707 -4.24663093 7.80684715
v -3.71733967 -4.04102443 8.43231455
v 0.49129168 -0.85121073 4.38381130
v 4.07335998 -0.67766453 3.46131140
v 6.00882868 -0.64988483 3.09228560
v -1.41580317 -0.52699523 -2.33101275
v 5.99003348 -0.30023138 -2.37602535
v 2.20191158 -0.74681118 3.86145400
v -0.96828412 -0.80262048 4.43279595
v -1.19708967 -0.99107313 5.17354970
v -6.22878707 -1.13899013 7.36267540
v -5.62171962 -1.75509903 8.23642270
v -7.33294812 -1.29913608 5.25546590
v 7.27238683 -0.46869628 -1.15386730
v -2.86523847 -0.46938988 -1.16687230
v -3.54002712 -0.61247888 0.78164985
v -3.76807362 -0.78396383 2.44246145
v -4.89896547 -0.95927378 2.48527595
v -6.52826842 -1.28547658 2.61433400
v -7.68078682 -1.40596918 3.86210085
v -1.79263707 -1.20553408 6.95784760
v -5.76069802 -2.30197033 7.31790760
v -3.92831307 -2.07370028 9.87422480
v -4.05649222 -1.85486353 10.29864000
v -3.70459562 -1.53354143 10.09748410
v -4.17148787 -1.43410418 10.15559435
v -4.46456362 -1.92521293 9.97034450
v -4.18505472 -2.05138183 8.46322565
v -4.38926807 -1.77971758 8.70508210
v -3.82415407 -1.86767303 8.79823700
v -4.65838912 -1.61036103 9.06873250
v -4.82427682 -1.51903958 8.80474375
v -3.48597392 -1.35771468 8.82659555
v -3.36853792 -1.72679658 8.53294945
v -3.51171447 -0.80715863 9.00231860
v -3.61072162 -1.07745778 9.24249290
v -4.59294847 -1.15201468 8.99909370
v -4.22945787 -0.96304183 9.30644605
v -4.28683882 -0.73618448 9.09481900
v -3.86457412 -0.78231398 9.11766020
v -3.67407722 -1.99052268 8.53515520
v -3.71480582 -2.61522423 8.53696995
v -4.38359262 -2.99228168 8.32381800
v -3.22850297 -3.07162578 8.34564940
v -3.01358387 -0.73711183 8.64771985
v -5.02755517 -0.83887893 8.99845790
v -3.84825752 -0.37843818 9.15326585
v -4.94909932 -1.97567488 8.36803330
v -4.31242042 -2.04345303 9.45622540
v -4.52986402 -1.47274773 9.71083440
v -3.85145607 -1.12350653 9.82497835
v -3.63035662 -1.69363213 9.57022825
v 3.40107543 -1.66161858 -2.93454675
v 2.36941513 -1.74063458 -3.15183990
v 3.90605958 -1.04048873 -3.05474100
v 4.59392973 -0.45516768 -2.91651995
v -0.13145742 -0.59686523 -2.74901385
v 0.73841048 -1.12490903 -2.86027035
v 1.34176598 -1.80397148 -2.80354305
v 3.31001578 -0.85436253 -3.33784115
v 1.36778703 -0.84791698 -3.20125550
v 7.30375693 -1.60679953 1.02389900
v 7.48908328 -1.24477688 1.05776045
v 7.58409883 -1.00414528 0.79717425
v 7.52126598 -0.99343018 1.27523635
v 7.16701318 -1.89754713 0.34861140
v 6.95263638 -1.77118188 1.57319280
v 7.25819523 -0.58673408 1.96180770
v 7.62350823 -0.59048088 0.25723385
v 7.78989318 -0.75669498 0.88596440
v 7.92020328 -0.48428613 0.66194520
v 8.04670708 -0.48387303 0.83934700
v 7.98742978 -0.38050793 1.03862780
v 7.84343893 -0.38130608 0.69235820
v 8.16012343 -0.24690578 0.61172380
f 1 2 3
f 4 3 2
f 5 6 7
f 1 7 6
f 8 9 10
f 11 10 9
f 3 4 11
f 12 11 4
f 13 14 15
f 16 15 14
f 17 14 8
f 9 8 14
f 18 5 19
f 7 19 5
f 15 20 13
f 19 13 20
f 21 22 23
f 24 23 22
f 25 4 22
f 2 22 4
f 26 27 28
f 29 28 27
f 23 30 21
f 29 21 30
f 31 32 33
f 34 33 32
f 35 33 26
f 27 26 33
f 36 12 25
f 4 25 12
f 32 37 34
f 36 34 37
f 38 39 40
f 41 40 39
f 42 38 43
f 44 43 38
f 45 46 47
f 48 47 46
f 49 46 41
f 40 41 46
f 50 51 52
f 53 52 51
f 47 54 45
f 53 45 54
f 43 44 55
f 56 55 44
f 57 56 50
f 51 50 56
f 58 59 60
f 61 60 59
f 62 59 63
f 64 63 59
f 50 65 57
f 66 57 65
f 60 67 58
f 66 58 67
f 68 69 70
f 71 70 69
f 52 69 50
f 65 50 69
f 63 64 72
f 73 72 64
f 70 74 68
f 73 68 74
f 75 76 77
f 78 77 76
f 79 80 81
f 76 81 80
f 82 83 84
f 85 84 83
f 77 86 75
f 85 75 86
f 87 88 89
f 90 89 88
f 91 90 82
f 83 82 90
f 81 92 79
f 93 79 92
f 94 92 87
f 88 87 92
f 43 95 42
f 96 42 95
f 97 98 99
f 96 99 98
f 100 101 102
f 103 102 101
f 55 101 43
f 95 43 101
f 104 105 106
f 107 106 105
f 102 108 100
f 107 100 108
f 99 109 97
f 110 97 109
f 111 109 104
f 105 104 109
f 112 113 5
f 6 5 113
f 114 113 115
f 116 115 113
f 104 117 111
f 118 111 117
f 118 112 18
f 5 18 112
f 119 120 121
f 122 121 120
f 106 120 104
f 117 104 120
f 115 116 123
f 124 123 116
f 121 125 119
f 124 119 125
f 126 127 128
f 129 128 127
f 130 131 129
f 132 129 131
f 133 134 121
f 125 121 134
f 135 134 126
f 127 126 134
f 136 137 138
f 139 138 137
f 121 122 133
f 136 133 122
f 140 141 130
f 131 130 141
f 138 139 140
f 142 140 139
f 143 144 145
f 146 145 144
f 60 61 147
f 146 147 61
f 139 148 142
f 149 142 148
f 144 143 149
f 150 149 143
f 108 102 151
f 152 151 102
f 137 151 139
f 148 139 151
f 67 60 153
f 147 153 60
f 102 103 152
f 153 152 103
f 154 155 156
f 157 156 155
f 77 78 158
f 157 158 78
f 159 160 161
f 162 161 160
f 163 160 154
f 155 154 160
f 164 165 166
f 167 166 165
f 161 168 159
f 167 159 168
f 158 169 77
f 86 77 169
f 170 169 164
f 165 164 169
f 171 172 173
f 174 173 172
f 175 176 172
f 177 172 176
f 164 178 170
f 179 170 178
f 173 180 171
f 179 171 180
f 181 182 183
f 184 183 182
f 166 182 164
f 178 164 182
f 185 186 175
f 176 175 186
f 183 187 181
f 185 181 187
f 188 189 190
f 191 190 189
f 188 192 128
f 126 128 192
f 193 194 183
f 187 183 194
f 195 194 191
f 190 191 194
f 196 197 198
f 199 198 197
f 183 184 193
f 199 193 184
f 200 135 192
f 126 192 135
f 201 200 196
f 197 196 200
f 115 202 114
f 203 114 202
f 23 24 204
f 203 204 24
f 196 205 201
f 206 201 205
f 123 206 115
f 202 115 206
f 207 208 161
f 168 161 208
f 198 208 196
f 205 196 208
f 209 30 204
f 23 204 30
f 161 162 207
f 209 207 162
f 210 211 212
f 213 212 211
f 214 211 215
f 216 215 211
f 217 218 219
f 220 219 218
f 220 210 221
f 212 221 210
f 222 223 224
f 225 224 223
f 226 224 217
f 218 217 224
f 215 216 227
f 228 227 216
f 223 229 225
f 228 225 229
f 230 231 232
f 233 232 231
f 231 234 235
f 236 235 234
f 223 237 229
f 238 229 237
f 232 239 230
f 238 230 239
f 240 241 242
f 243 242 241
f 222 241 223
f 237 223 241
f 244 245 234
f 236 234 245
f 242 246 240
f 244 240 246
f 247 248 249
f 250 249 248
f 251 252 253
f 250 253 252
f 254 255 256
f 257 256 255
f 258 255 247
f 248 247 255
f 259 260 261
f 262 261 260
f 256 263 254
f 259 254 263
f 264 251 265
f 253 265 251
f 266 265 262
f 261 262 265
f 267 268 236
f 235 236 268
f 269 268 270
f 271 270 268
f 272 273 274
f 275 274 273
f 236 245 267
f 275 267 245
f 276 277 256
f 263 256 277
f 278 277 272
f 273 272 277
f 270 271 279
f 280 279 271
f 256 257 276
f 280 276 257
f 131 281 132
f 282 132 281
f 283 284 285
f 282 285 284
f 286 287 288
f 289 288 287
f 141 287 131
f 281 131 287
f 290 239 291
f 232 291 239
f 288 292 286
f 290 286 292
f 285 293 283
f 294 283 293
f 291 232 293
f 233 293 232
f 295 296 297
f 298 297 296
f 186 296 176
f 299 176 296
f 300 258 301
f 247 301 258
f 297 302 295
f 300 295 302
f 303 304 305
f 306 305 304
f 247 249 301
f 306 301 249
f 176 299 177
f 307 177 299
f 307 304 308
f 303 308 304
f 309 310 311
f 312 311 310
f 72 311 63
f 313 63 311
f 221 212 314
f 315 314 212
f 310 316 312
f 314 312 316
f 317 318 319
f 320 319 318
f 212 213 315
f 318 315 213
f 63 313 62
f 321 62 313
f 321 317 322
f 319 322 317
f 323 324 297
f 302 297 324
f 279 324 270
f 325 270 324
f 191 326 195
f 327 195 326
f 297 298 323
f 327 323 298
f 328 329 283
f 284 283 329
f 189 329 191
f 326 191 329
f 270 325 269
f 330 269 325
f 283 294 328
f 330 328 294
f 143 331 150
f 332 150 331
f 288 289 333
f 332 333 289
f 334 335 319
f 322 319 335
f 145 335 143
f 331 143 335
f 215 336 214
f 337 214 336
f 319 320 334
f 337 334 320
f 333 338 288
f 292 288 338
f 227 338 215
f 336 215 338
f 339 340 341
f 342 341 340
f 341 343 309
f 310 309 343
f 344 345 346
f 347 346 345
f 348 346 340
f 342 340 346
f 349 350 351
f 352 351 350
f 345 353 347
f 349 347 353
f 343 354 310
f 316 310 354
f 351 352 354
f 355 354 352
f 356 357 358
f 359 358 357
f 359 360 344
f 345 344 360
f 361 362 363
f 364 363 362
f 365 362 356
f 357 356 362
f 366 367 368
f 369 368 367
f 363 370 361
f 366 361 370
f 360 371 345
f 353 345 371
f 368 369 371
f 372 371 369
f 373 374 375
f 376 375 374
f 358 374 356
f 377 356 374
f 378 379 380
f 381 380 379
f 375 382 373
f 381 373 382
f 383 384 385
f 386 385 384
f 387 384 378
f 379 378 384
f 356 377 365
f 388 365 377
f 385 389 383
f 388 383 389
f 390 391 385
f 389 385 391
f 392 391 393
f 394 393 391
f 395 396 397
f 398 397 396
f 385 386 390
f 398 390 386
f 399 400 401
f 402 401 400
f 403 402 395
f 396 395 402
f 393 394 404
f 405 404 394
f 406 405 399
f 400 399 405
f 407 408 409
f 410 409 408
f 411 412 408
f 413 408 412
f 414 415 416
f 417 416 415
f 409 418 407
f 415 407 418
f 419 420 421
f 422 421 420
f 416 423 414
f 422 414 423
f 412 411 424
f 425 424 411
f 425 420 426
f 419 426 420
f 427 428 429
f 430 429 428
f 428 431 432
f 433 432 431
f 434 435 436
f 437 436 435
f 429 438 427
f 435 427 438
f 439 440 441
f 442 441 440
f 436 443 434
f 442 434 443
f 433 431 444
f 445 444 431
f 440 439 445
f 446 445 439
f 154 447 163
f 448 163 447
f 449 450 451
f 448 451 450
f 452 453 454
f 455 454 453
f 156 453 154
f 447 154 453
f 433 456 432
f 457 432 456
f 454 458 452
f 457 452 458
f 451 459 449
f 460 449 459
f 433 444 456
f 459 456 444
f 461 462 463
f 464 463 462
f 465 462 466
f 467 466 462
f 468 469 470
f 471 470 469
f 463 472 461
f 468 461 472
f 473 474 436
f 443 436 474
f 471 475 470
f 474 470 475
f 466 467 476
f 477 476 467
f 436 437 473
f 477 473 437
f 478 479 449
f 450 449 479
f 28 479 26
f 480 26 479
f 439 481 446
f 482 446 481
f 449 460 478
f 482 478 460
f 471 483 475
f 484 475 483
f 481 439 484
f 441 484 439
f 26 480 35
f 485 35 480
f 471 469 483
f 485 483 469
f 486 465 487
f 466 487 465
f 486 488 93
f 79 93 488
f 489 490 429
f 438 429 490
f 487 466 490
f 476 490 466
f 454 491 458
f 492 458 491
f 429 430 489
f 492 489 430
f 488 493 79
f 80 79 493
f 491 454 493
f 455 493 454
f 494 495 496
f 497 496 495
f 97 110 498
f 497 498 110
f 499 500 409
f 418 409 500
f 495 494 500
f 501 500 494
f 502 503 504
f 505 504 503
f 409 410 499
f 505 499 410
f 498 506 97
f 98 97 506
f 503 502 506
f 507 506 502
f 41 508 49
f 509 49 508
f 509 510 511
f 512 511 510
f 513 514 502
f 507 502 514
f 39 514 41
f 508 41 514
f 412 515 413
f 516 413 515
f 502 504 513
f 516 513 504
f 510 517 512
f 518 512 517
f 515 412 517
f 424 517 412
f 519 520 521
f 522 521 520
f 15 16 523
f 522 523 16
f 524 525 416
f 423 416 525
f 526 525 519
f 520 519 525
f 494 527 501
f 528 501 527
f 416 417 524
f 528 524 417
f 523 529 15
f 20 15 529
f 496 529 494
f 527 494 529
f 530 531 512
f 511 512 531
f 532 531 533
f 534 533 531
f 419 535 426
f 536 426 535
f 512 518 530
f 536 530 518
f 519 537 526
f 538 526 537
f 419 421 535
f 538 535 421
f 533 534 539
f 540 539 534
f 521 540 519
f 537 519 540
f 541 542 543
f 544 543 542
f 404 542 393
f 545 393 542
f 546 547 548
f 549 548 547
f 541 543 548
f 550 548 543
f 551 552 553
f 554 553 552
f 547 555 549
f 551 549 555
f 556 557 363
f 370 363 557
f 553 554 557
f 558 557 554
f 393 545 392
f 559 392 545
f 363 364 556
f 559 556 364
f 560 561 562
f 563 562 561
f 564 561 565
f 566 565 561
f 567 568 569
f 570 569 568
f 562 571 560
f 570 560 571
f 572 573 574
f 575 574 573
f 575 568 576
f 567 576 568
f 566 577 565
f 578 565 577
f 579 577 572
f 573 572 577
f 580 581 547
f 555 547 581
f 569 581 567
f 582 567 581
f 583 584 585
f 586 585 584
f 586 580 546
f 547 546 580
f 587 588 589
f 590 589 588
f 591 588 583
f 584 583 588
f 567 582 576
f 592 576 582
f 589 593 587
f 592 587 593
f 594 595 596
f 597 596 595
f 598 589 595
f 590 595 589
f 599 600 601
f 602 601 600
f 596 603 594
f 602 594 603
f 572 604 579
f 605 579 604
f 600 599 605
f 606 605 599
f 589 598 593
f 607 593 598
f 607 604 574
f 572 574 604
f 608 609 610
f 611 610 609
f 612 613 614
f 611 614 613
f 615 616 617
f 618 617 616
f 619 616 608
f 609 608 616
f 217 620 226
f 621 226 620
f 617 622 615
f 621 615 622
f 614 623 612
f 624 612 623
f 219 623 217
f 620 217 623
f 625 626 627
f 628 627 626
f 629 630 631
f 625 631 630
f 632 633 634
f 635 634 633
f 627 628 633
f 636 633 628
f 272 637 278
f 638 278 637
f 638 632 639
f 634 639 632
f 631 640 629
f 641 629 640
f 274 640 272
f 637 272 640
f 642 643 644
f 645 644 643
f 634 635 646
f 642 646 635
f 647 648 649
f 650 649 648
f 644 645 648
f 651 648 645
f 652 266 653
f 262 653 266
f 649 654 647
f 652 647 654
f 639 634 655
f 646 655 634
f 260 655 262
f 653 262 655
f 656 657 658
f 659 658 657
f 660 661 662
f 659 662 661
f 663 664 665
f 666 665 664
f 657 656 664
f 667 664 656
f 668 532 669
f 533 669 532
f 668 663 670
f 665 670 663
f 662 671 660
f 672 660 671
f 669 533 671
f 539 671 533
f 673 674 675
f 676 675 674
f 677 674 678
f 679 678 674
f 680 681 682
f 683 682 681
f 683 673 684
f 675 684 673
f 685 686 463
f 472 463 686
f 681 680 686
f 687 686 680
f 678 679 688
f 689 688 679
f 463 464 685
f 689 685 464
f 690 691 692
f 693 692 691
f 617 618 694
f 690 694 618
f 695 696 629
f 630 629 696
f 692 693 696
f 697 696 693
f 242 698 246
f 699 246 698
f 699 695 641
f 629 641 695
f 694 700 617
f 622 617 700
f 243 700 242
f 698 242 700
f 701 702 703
f 704 703 702
f 705 706 707
f 704 707 706
f 708 709 612
f 613 612 709
f 710 709 701
f 702 701 709
f 352 711 355
f 712 355 711
f 612 624 708
f 712 708 624
f 713 705 714
f 707 714 705
f 350 714 352
f 711 352 714
f 715 716 717
f 718 717 716
f 719 720 721
f 715 721 720
f 722 723 705
f 706 705 723
f 717 718 723
f 724 723 718
f 369 725 372
f 726 372 725
f 726 722 713
f 705 713 722
f 719 721 727
f 728 727 721
f 367 728 369
f 725 369 728
f 729 730 731
f 732 731 730
f 733 734 735
f 729 735 734
f 736 737 738
f 739 738 737
f 731 732 737
f 740 737 732
f 741 742 743
f 744 743 742
f 738 745 736
f 744 736 745
f 735 746 733
f 747 733 746
f 748 746 741
f 742 741 746
f 749 750 751
f 752 751 750
f 751 753 754
f 755 754 753
f 756 757 733
f 734 733 757
f 750 758 752
f 757 752 758
f 759 406 760
f 399 760 406
f 733 747 756
f 759 756 747
f 753 761 755
f 762 755 761
f 399 401 760
f 761 760 401
f 763 764 765
f 766 765 764
f 767 768 769
f 763 769 768
f 770 677 771
f 678 771 677
f 765 766 770
f 772 770 766
f 87 773 94
f 774 94 773
f 771 678 774
f 688 774 678
f 769 775 767
f 776 767 775
f 89 775 87
f 773 87 775
f 777 778 779
f 780 779 778
f 781 665 778
f 666 778 665
f 782 783 784
f 785 784 783
f 785 777 786
f 779 786 777
f 787 788 47
f 54 47 788
f 789 788 782
f 783 782 788
f 790 670 781
f 665 781 670
f 47 48 787
f 790 787 48
f 791 792 793
f 794 793 792
f 795 782 792
f 784 792 782
f 796 797 798
f 799 798 797
f 799 791 800
f 793 800 791
f 801 802 70
f 74 70 802
f 803 802 796
f 797 796 802
f 782 795 789
f 804 789 795
f 70 71 801
f 804 801 71
f 805 806 807
f 808 807 806
f 798 806 796
f 809 796 806
f 810 811 812
f 813 812 811
f 814 811 807
f 805 807 811
f 340 815 348
f 816 348 815
f 816 810 817
f 812 817 810
f 796 809 803
f 818 803 809
f 818 815 339
f 340 339 815
f 819 820 821
f 822 821 820
f 812 813 823
f 822 823 813
f 824 825 826
f 827 826 825
f 828 827 819
f 820 819 827
f 829 830 375
f 382 375 830
f 831 830 824
f 825 824 830
f 823 832 812
f 817 812 832
f 375 376 829
f 832 829 376
f 833 834 835
f 836 835 834
f 826 834 824
f 837 824 834
f 838 839 840
f 841 840 839
f 841 833 842
f 835 842 833
f 843 844 378
f 387 378 844
f 845 844 838
f 839 838 844
f 824 837 831
f 846 831 837
f 378 380 843
f 846 843 380
f 847 848 849
f 850 849 848
f 851 838 847
f 840 847 838
f 852 853 755
f 754 755 853
f 849 850 853
f 854 853 850
f 395 855 403
f 856 403 855
f 755 762 852
f 856 852 762
f 845 838 857
f 851 857 838
f 397 857 395
f 855 395 857
f 858 720 859
f 719 859 720
f 860 858 861
f 862 861 858
f 863 558 864
f 554 864 558
f 859 719 863
f 727 863 719
f 865 866 562
f 571 562 866
f 552 866 554
f 864 554 866
f 867 868 869
f 870 869 868
f 562 563 865
f 870 865 563
f 861 862 871
f 872 871 862
f 872 868 873
f 867 873 868
f 748 741 874
f 875 874 741
f 544 874 543
f 876 543 874
f 877 878 879
f 880 879 878
f 743 878 741
f 875 741 878
f 543 876 550
f 881 550 876
f 879 882 877
f 881 877 882
f 883 884 885
f 886 885 884
f 887 888 889
f 886 889 888
f 890 891 892
f 893 892 891
f 894 891 883
f 884 883 891
f 895 896 897
f 898 897 896
f 892 899 890
f 898 890 899
f 889 900 887
f 901 887 900
f 896 895 900
f 902 900 895
f 903 904 905
f 906 905 904
f 907 908 909
f 903 909 908
f 910 911 912
f 913 912 911
f 905 906 911
f 914 911 906
f 915 916 917
f 918 917 916
f 916 910 919
f 912 919 910
f 909 920 907
f 921 907 920
f 917 922 915
f 920 915 922
f 923 924 925
f 926 925 924
f 927 925 928
f 929 928 925
f 930 931 932
f 933 932 931
f 926 924 930
f 934 930 924
f 935 936 937
f 938 937 936
f 932 933 936
f 939 936 933
f 928 929 940
f 941 940 929
f 941 935 942
f 937 942 935
f 943 944 945
f 946 945 944
f 913 946 912
f 947 912 946
f 948 949 950
f 951 950 949
f 943 952 944
f 949 944 952
f 953 954 955
f 956 955 954
f 950 957 948
f 953 948 957
f 947 958 912
f 919 912 958
f 955 956 958
f 959 958 956
f 960 961 962
f 963 962 961
f 963 964 951
f 950 951 964
f 933 965 939
f 966 939 965
f 966 961 967
f 960 967 961
f 968 969 970
f 971 970 969
f 931 969 933
f 965 933 969
f 964 972 950
f 957 950 972
f 972 968 973
f 970 973 968
f 974 975 907
f 908 907 975
f 976 977 978
f 975 978 977
f 928 979 927
f 980 927 979
f 907 921 974
f 980 974 921
f 981 982 983
f 984 983 982
f 940 984 928
f 979 928 984
f 978 985 976
f 986 976 985
f 987 985 981
f 982 981 985
f 988 989 976
f 977 976 989
f 990 991 989
f 992 989 991
f 993 994 995
f 996 995 994
f 976 986 988
f 996 988 986
f 997 998 596
f 603 596 998
f 999 998 993
f 994 993 998
f 583 1000 591
f 1001 591 1000
f 596 597 997
f 1001 997 597
f 990 1002 991
f 1003 991 1002
f 585 1002 583
f 1000 583 1002
f 1004 1005 1006
f 1007 1006 1005
f 983 1006 981
f 1008 981 1006
f 1009 564 1010
f 565 1010 564
f 1009 1007 1011
f 1005 1011 1007
f 599 1012 606
f 1013 606 1012
f 1013 1010 578
f 565 578 1010
f 1014 999 1015
f 993 1015 999
f 599 601 1012
f 1014 1012 601
f 981 1008 987
f 1016 987 1008
f 993 995 1015
f 1016 1015 995
f 1017 1018 1019
f 1020 1019 1018
f 937 938 1021
f 1020 1021 938
f 1022 1023 1024
f 1025 1024 1023
f 1025 1018 1026
f 1017 1026 1018
f 1027 1028 867
f 873 867 1028
f 1029 1028 1022
f 1023 1022 1028
f 1030 1011 1031
f 1005 1031 1011
f 867 869 1027
f 1030 1027 869
f 942 937 1032
f 1021 1032 937
f 1031 1005 1032
f 1004 1032 1005
f 1033 1034 1035
f 1036 1035 1034
f 1037 1038 1034
f 1039 1034 1038
f 1040 1041 943
f 952 943 1041
f 1041 1033 1042
f 1035 1042 1033
f 1043 1044 1045
f 1046 1045 1044
f 1040 943 1046
f 945 1046 943
f 1047 1048 738
f 745 738 1048
f 1049 1048 1043
f 1044 1043 1048
f 1038 1037 1050
f 1051 1050 1037
f 738 739 1047
f 1051 1047 739
f 1017 1052 1026
f 1053 1026 1052
f 1054 1053 1055
f 1056 1055 1053
f 967 960 1057
f 1058 1057 960
f 1019 1057 1017
f 1052 1017 1057
f 1059 1060 1035
f 1042 1035 1060
f 1058 960 1060
f 962 1060 960
f 1061 1062 1056
f 1055 1056 1062
f 1035 1036 1059
f 1061 1059 1036
f 1043 1063 1049
f 1064 1049 1063
f 879 880 1065
f 1064 1065 880
f 906 1066 914
f 1067 914 1066
f 1045 1067 1043
f 1063 1043 1067
f 1068 1069 991
f 992 991 1069
f 904 1069 906
f 1066 906 1069
f 1065 1070 879
f 882 879 1070
f 1003 1070 991
f 1068 991 1070
f 1071 1072 1073
f 1074 1073 1072
f 917 918 1075
f 1071 1075 918
f 883 1076 894
f 1077 894 1076
f 1074 1078 1073
f 1077 1073 1078
f 1079 1080 1081
f 1082 1081 1080
f 883 885 1076
f 1082 1076 885
f 1075 1083 917
f 922 917 1083
f 1084 1083 1079
f 1080 1079 1083
f 1085 1086 1087
f 1088 1087 1086
f 954 1087 956
f 1089 956 1087
f 892 1090 899
f 1091 899 1090
f 1086 1092 1088
f 1091 1088 1092
f 1074 1093 1078
f 1094 1078 1093
f 892 893 1090
f 1094 1090 893
f 956 1089 959
f 1095 959 1089
f 1072 1095 1074
f 1093 1074 1095
f 1096 1097 1098
f 1099 1098 1097
f 970 971 1100
f 1096 1100 971
f 895 1101 902
f 1102 902 1101
f 1099 1103 1098
f 1102 1098 1103
f 1104 1105 1086
f 1092 1086 1105
f 1101 895 1105
f 897 1105 895
f 973 970 1106
f 1100 1106 970
f 1106 1104 1085
f 1086 1085 1104
f 1084 1079 1107
f 1108 1107 1079
f 923 1107 924
f 1109 924 1107
f 887 1110 888
f 1111 888 1110
f 1079 1081 1108
f 1111 1108 1081
f 1099 1112 1103
f 1113 1103 1112
f 887 901 1110
f 1113 1110 901
f 924 1109 934
f 1114 934 1109
f 1114 1112 1097
f 1099 1097 1112
f 1115 1116 32
f 37 32 1116
f 1117 1116 1118
f 1119 1118 1116
f 1120 1121 1122
f 1123 1122 1121
f 1121 1115 31
f 32 31 1115
f 1124 1125 1126
f 1127 1126 1125
f 1125 1120 1128
f 1122 1128 1120
f 1118 1119 1129
f 1130 1129 1119
f 1130 1124 1131
f 1126 1131 1124
f 680 1132 687
f 1133 687 1132
f 1122 1123 1134
f 1133 1134 1123
f 1135 1136 1137
f 1138 1137 1136
f 682 1136 680
f 1132 680 1136
f 1139 1140 1141
f 1142 1141 1140
f 1137 1143 1135
f 1142 1135 1143
f 1128 1122 1144
f 1134 1144 1122
f 1145 1144 1139
f 1140 1139 1144
f 1146 1147 660
f 661 660 1147
f 1148 1147 1149
f 1150 1149 1147
f 1151 1152 1153
f 1154 1153 1152
f 660 672 1146
f 1154 1146 672
f 1155 1156 1157
f 1158 1157 1156
f 1159 1156 1151
f 1152 1151 1156
f 1149 1150 1160
f 1161 1160 1150
f 1157 1162 1155
f 1161 1155 1162
f 1163 17 1164
f 8 1164 17
f 1165 1151 1163
f 1153 1163 1151
f 1166 1117 1167
f 1118 1167 1117
f 1164 8 1166
f 10 1166 8
f 1168 1169 1170
f 1171 1170 1169
f 1118 1129 1167
f 1168 1167 1129
f 1172 1159 1165
f 1151 1165 1159
f 1170 1171 1172
f 1173 1172 1171
f 1174 1175 1176
f 1177 1176 1175
f 1141 1177 1139
f 1178 1139 1177
f 1179 1180 1181
f 1182 1181 1180
f 1183 1182 1174
f 1175 1174 1182
f 1184 1185 1126
f 1131 1126 1185
f 1186 1185 1179
f 1180 1179 1185
f 1139 1178 1145
f 1187 1145 1178
f 1126 1127 1184
f 1187 1184 1127
f 1188 1189 1190
f 1191 1190 1189
f 1179 1181 1192
f 1188 1192 1181
f 1193 1194 1157
f 1162 1157 1194
f 1190 1191 1194
f 1195 1194 1191
f 1171 1196 1173
f 1197 1173 1196
f 1157 1158 1193
f 1197 1193 1158
f 1192 1198 1179
f 1186 1179 1198
f 1169 1198 1171
f 1196 1171 1198
f 1199 1200 1201
f 1202 1201 1200
f 1203 1200 1204
f 1205 1204 1200
f 1206 1207 1208
f 1209 1208 1207
f 1201 1210 1199
f 1209 1199 1210
f 1204 1205 1211
f 1212 1211 1205
f 1213 1212 1206
f 1207 1206 1212
f 1204 1214 1203
f 1215 1203 1214
f 1216 1217 1215
f 1218 1215 1217
f 1219 1220 1221
f 1222 1221 1220
f 1211 1220 1204
f 1214 1204 1220
f 82 1223 91
f 1224 91 1223
f 1221 1225 1219
f 1224 1219 1225
f 1226 1227 173
f 180 173 1227
f 84 1227 82
f 1223 82 1227
f 1228 1229 1216
f 1217 1216 1229
f 173 174 1226
f 1228 1226 174
f 1217 1230 1218
f 1231 1218 1230
f 1201 1202 1232
f 1231 1232 1202
f 1233 1234 303
f 308 303 1234
f 1229 1234 1217
f 1230 1217 1234
f 1235 1236 251
f 252 251 1236
f 303 305 1233
f 1236 1233 305
f 1237 1238 1239
f 1240 1239 1238
f 1235 251 1239
f 264 1239 251
f 1232 1241 1201
f 1210 1201 1241
f 1242 1241 1238
f 1240 1238 1241
f 1243 1244 1245
f 1246 1245 1244
f 1247 1248 1244
f 1249 1244 1248
f 1238 1250 1242
f 1251 1242 1250
f 1245 1252 1243
f 1251 1243 1252
f 654 649 1253
f 1254 1253 649
f 1237 1253 1238
f 1250 1238 1253
f 1255 1256 1247
f 1248 1247 1256
f 649 650 1254
f 1255 1254 650
f 767 1257 768
f 1258 768 1257
f 1259 1260 1261
f 1258 1261 1260
f 1262 1263 1221
f 1225 1221 1263
f 776 1263 767
f 1257 767 1263
f 1264 1265 1266
f 1267 1266 1265
f 1221 1222 1262
f 1267 1262 1222
f 1261 1268 1259
f 1269 1259 1268
f 1270 1268 1264
f 1265 1264 1268
f 1206 1271 1213
f 1272 1213 1271
f 1273 1274 1275
f 1272 1275 1274
f 1276 1277 1278
f 1279 1278 1277
f 1208 1276 1206
f 1271 1206 1276
f 1280 1281 1282
f 1283 1282 1281
f 1278 1279 1281
f 1284 1281 1279
f 1285 1273 1286
f 1275 1286 1273
f 1280 1282 1286
f 1287 1286 1282
f 1288 1289 1245
f 1252 1245 1289
f 1277 1289 1279
f 1290 1279 1289
f 1291 1292 1293
f 1294 1293 1292
f 1245 1246 1288
f 1294 1288 1246
f 1295 1296 1297
f 1298 1297 1296
f 1299 1296 1291
f 1292 1291 1296
f 1279 1290 1284
f 1300 1284 1290
f 1297 1301 1295
f 1300 1295 1301
f 1302 1270 1303
f 1264 1303 1270
f 1304 1305 1306
f 1302 1306 1305
f 1307 1308 1273
f 1274 1273 1308
f 1303 1264 1308
f 1266 1308 1264
f 1309 1310 1311
f 1312 1311 1310
f 1312 1307 1285
f 1273 1285 1307
f 1306 1313 1304
f 1314 1304 1313
f 1315 1313 1309
f 1310 1309 1313
f 1316 1317 1297
f 1301 1297 1317
f 1318 1282 1317
f 1283 1317 1282
f 1319 1320 1321
f 1322 1321 1320
f 1297 1298 1316
f 1319 1316 1298
f 1309 1323 1315
f 1324 1315 1323
f 1322 1325 1321
f 1324 1321 1325
f 1318 1326 1282
f 1287 1282 1326
f 1323 1309 1326
f 1311 1326 1309
f 1327 1328 1329
f 1330 1329 1328
f 1330 1331 1332
f 1333 1332 1331
f 1334 1335 1336
f 1337 1336 1335
f 1338 1337 1327
f 1328 1327 1337
f 1339 1340 1341
f 1342 1341 1340
f 1343 1341 1334
f 1335 1334 1341
f 1331 1344 1333
f 1345 1333 1344
f 1340 1346 1342
f 1344 1342 1346
f 1347 1348 1333
f 1332 1333 1348
f 1349 1350 1348
f 1351 1348 1350
f 1352 1353 1354
f 1355 1354 1353
f 1355 1347 1345
f 1333 1345 1347
f 1356 1357 1358
f 1359 1358 1357
f 1360 1357 1352
f 1353 1352 1357
f 1350 1349 1361
f 1362 1361 1349
f 1358 1363 1356
f 1362 1356 1363
f 1364 1365 1366
f 1367 1366 1365
f 1365 1368 1369
f 1370 1369 1368
f 1371 1372 1373
f 1374 1373 1372
f 1366 1375 1364
f 1372 1364 1375
f 1376 1377 1378
f 1379 1378 1377
f 1373 1380 1371
f 1379 1371 1380
f 1368 1381 1370
f 1382 1370 1381
f 1383 1381 1376
f 1377 1376 1381
f 1384 1385 1386
f 1387 1386 1385
f 1388 1385 1389
f 1390 1389 1385
f 1391 1392 1393
f 1394 1393 1392
f 1386 1395 1384
f 1394 1384 1395
f 1396 1397 1373
f 1380 1373 1397
f 1398 1397 1391
f 1392 1391 1397
f 1389 1390 1399
f 1400 1399 1390
f 1373 1374 1396
f 1400 1396 1374
f 1401 1402 1403
f 1404 1403 1402
f 1405 1404 1406
f 1407 1406 1404
f 1408 1409 1410
f 1411 1410 1409
f 1412 1409 1401
f 1402 1401 1409
f 1413 1414 1415
f 1416 1415 1414
f 1410 1417 1408
f 1414 1408 1417
f 1406 1407 1418
f 1419 1418 1407
f 1415 1420 1413
f 1419 1413 1420
f 1421 1422 1423
f 1424 1423 1422
f 1366 1367 1425
f 1424 1425 1367
f 1426 1427 1428
f 1429 1428 1427
f 1430 1427 1421
f 1422 1421 1427
f 1431 1432 1433
f 1434 1433 1432
f 1428 1435 1426
f 1434 1426 1435
f 1425 1436 1366
f 1375 1366 1436
f 1437 1436 1431
f 1432 1431 1436
f 1438 1439 1440
f 1441 1440 1439
f 1442 1327 1439
f 1329 1439 1327
f 1443 1444 1445
f 1446 1445 1444
f 1440 1447 1438
f 1446 1438 1447
f 1448 1449 1428
f 1435 1428 1449
f 1450 1449 1443
f 1444 1443 1449
f 1451 1338 1442
f 1327 1442 1338
f 1428 1429 1448
f 1451 1448 1429
f 1452 1453 1454
f 1455 1454 1453
f 1456 1457 1458
f 1453 1458 1457
f 1459 1460 1461
f 1462 1461 1460
f 1460 1452 1463
f 1454 1463 1452
f 1443 1464 1450
f 1465 1450 1464
f 1465 1459 1466
f 1461 1466 1459
f 1467 1456 1468
f 1458 1468 1456
f 1445 1468 1443
f 1464 1443 1468
f 1389 1469 1388
f 1470 1388 1469
f 1471 1472 1473
f 1470 1473 1472
f 1431 1474 1437
f 1475 1437 1474
f 1399 1475 1389
f 1469 1389 1475
f 1466 1461 1476
f 1477 1476 1461
f 1433 1476 1431
f 1474 1431 1476
f 1473 1478 1471
f 1479 1471 1478
f 1461 1462 1477
f 1478 1477 1462
f 1406 1480 1405
f 1481 1405 1480
f 1482 1483 1484
f 1481 1484 1483
f 1485 1486 1487
f 1488 1487 1486
f 1418 1486 1406
f 1480 1406 1486
f 1489 1490 1491
f 1492 1491 1490
f 1487 1493 1485
f 1492 1485 1493
f 1484 1494 1482
f 1495 1482 1494
f 1496 1494 1489
f 1490 1489 1494
f 1497 1498 1499
f 1500 1499 1498
f 1501 1498 1502
f 1503 1502 1498
f 1504 1505 1506
f 1507 1506 1505
f 1507 1497 1508
f 1499 1508 1497
f 1509 1510 1487
f 1493 1487 1510
f 1511 1510 1504
f 1505 1504 1510
f 1502 1503 1512
f 1513 1512 1503
f 1487 1488 1509
f 1513 1509 1488
f 1514 1457 1515
f 1456 1515 1457
f 1514 1516 1517
f 1518 1517 1516
f 1519 1520 1521
f 1522 1521 1520
f 1521 1515 1467
f 1456 1467 1515
f 1504 1523 1511
f 1524 1511 1523
f 1520 1525 1522
f 1524 1522 1525
f 1516 1526 1518
f 1527 1518 1526
f 1506 1526 1504
f 1523 1504 1526
f 1350 1528 1351
f 1529 1351 1528
f 1440 1441 1530
f 1529 1530 1441
f 1489 1531 1496
f 1532 1496 1531
f 1361 1532 1350
f 1528 1350 1532
f 1533 1534 1520
f 1525 1520 1534
f 1491 1534 1489
f 1531 1489 1534
f 1447 1440 1535
f 1530 1535 1440
f 1520 1519 1533
f 1535 1533 1519
f 1536 1537 1538
f 1539 1538 1537
f 1540 1537 1541
f 1542 1541 1537
f 1543 1544 1545
f 1546 1545 1544
f 1538 1547 1536
f 1546 1536 1547
f 1548 1549 1550
f 1551 1550 1549
f 1552 1549 1543
f 1544 1543 1549
f 1553 1554 1542
f 1541 1542 1554
f 1550 1555 1548
f 1553 1548 1555
f 1556 1557 1558
f 1559 1558 1557
f 1560 1556 1561
f 1562 1561 1556
f 1563 1564 1565
f 1566 1565 1564
f 1566 1558 1567
f 1559 1567 1558
f 1568 1569 1543
f 1552 1543 1569
f 1570 1569 1563
f 1564 1563 1569
f 1561 1562 1571
f 1572 1571 1562
f 1543 1545 1568
f 1572 1568 1545
f 1573 1574 1575
f 1576 1575 1574
f 1577 1578 1579
f 1576 1579 1578
f 1580 1581 1582
f 1583 1582 1581
f 1584 1582 1573
f 1574 1573 1582
f 1585 1586 1587
f 1588 1587 1586
f 1588 1583 1589
f 1581 1589 1583
f 1590 1577 1591
f 1579 1591 1577
f 1592 1591 1585
f 1586 1585 1591
f 1593 1594 1595
f 1596 1595 1594
f 1557 1594 1559
f 1597 1559 1594
f 1585 1598 1592
f 1599 1592 1598
f 1595 1600 1593
f 1599 1593 1600
f 1601 1602 1603
f 1604 1603 1602
f 1587 1602 1585
f 1598 1585 1602
f 1559 1597 1567
f 1605 1567 1597
f 1603 1606 1601
f 1605 1601 1606
f 1607 1608 1609
f 1610 1609 1608
f 1454 1455 1611
f 1610 1611 1455
f 1612 1613 1561
f 1560 1561 1613
f 1614 1613 1607
f 1608 1607 1613
f 1615 1616 1617
f 1618 1617 1616
f 1618 1612 1571
f 1561 1571 1612
f 1611 1619 1454
f 1463 1454 1619
f 1620 1619 1615
f 1616 1615 1619
f 1508 1499 1621
f 1622 1621 1499
f 1623 1621 1624
f 1625 1624 1621
f 1626 1627 1628
f 1629 1628 1627
f 1499 1500 1622
f 1626 1622 1500
f 1577 1630 1578
f 1631 1578 1630
f 1629 1632 1628
f 1631 1628 1632
f 1624 1625 1633
f 1634 1633 1625
f 1590 1634 1577
f 1630 1577 1634
f 1635 1636 1386
f 1395 1386 1636
f 1637 1636 1638
f 1639 1638 1636
f 1640 1641 1642
f 1643 1642 1641
f 1386 1387 1635
f 1640 1635 1387
f 1541 1644 1540
f 1645 1540 1644
f 1642 1643 1645
f 1646 1645 1643
f 1638 1639 1647
f 1648 1647 1639
f 1554 1648 1541
f 1644 1541 1648
f 1649 1650 1595
f 1600 1595 1650
f 1633 1650 1624
f 1651 1624 1650
f 1607 1652 1614
f 1653 1614 1652
f 1595 1596 1649
f 1653 1649 1596
f 1654 1655 1518
f 1517 1518 1655
f 1609 1655 1607
f 1652 1607 1655
f 1624 1651 1623
f 1656 1623 1651
f 1518 1527 1654
f 1656 1654 1527
f 1615 1657 1620
f 1658 1620 1657
f 1471 1479 1659
f 1658 1659 1479
f 1660 1661 1538
f 1547 1538 1661
f 1617 1661 1615
f 1657 1615 1661
f 1643 1662 1646
f 1663 1646 1662
f 1538 1539 1660
f 1663 1660 1539
f 1659 1664 1471
f 1472 1471 1664
f 1641 1664 1643
f 1662 1643 1664
f 1665 1637 1666
f 1638 1666 1637
f 1667 1665 1668
f 1669 1668 1665
f 1670 1671 1672
f 1673 1672 1671
f 1666 1638 1671
f 1647 1671 1638
f 1674 1675 1676
f 1677 1676 1675
f 1677 1670 1678
f 1672 1678 1670
f 1679 1668 1680
f 1669 1680 1668
f 1681 1680 1674
f 1675 1674 1680
f 1682 1681 1683
f 1674 1683 1681
f 1684 1685 1686
f 1682 1686 1685
f 1687 1688 1689
f 1690 1689 1688
f 1683 1674 1688
f 1676 1688 1674
f 1691 1692 1693
f 1694 1693 1692
f 1694 1687 1695
f 1689 1695 1687
f 1686 1696 1684
f 1697 1684 1696
f 1698 1696 1691
f 1692 1691 1696
f 1699 1700 1684
f 1685 1684 1700
f 1701 1700 1702
f 1703 1702 1700
f 1704 1705 1706
f 1707 1706 1705
f 1684 1697 1699
f 1707 1699 1697
f 1708 1709 1710
f 1711 1710 1709
f 1712 1709 1704
f 1705 1704 1709
f 1702 1703 1713
f 1714 1713 1703
f 1710 1715 1708
f 1714 1708 1715
f 1716 1717 1718
f 1719 1718 1717
f 1706 1717 1704
f 1720 1704 1717
f 1721 1722 1723
f 1724 1723 1722
f 1718 1725 1716
f 1722 1716 1725
f 1726 1727 1728
f 1729 1728 1727
f 1723 1730 1721
f 1727 1721 1730
f 1704 1720 1712
f 1731 1712 1720
f 1728 1732 1726
f 1731 1726 1732
f 1733 1734 1735
f 1736 1735 1734
f 1737 1738 1734
f 1739 1734 1738
f 1740 1741 1742
f 1743 1742 1741
f 1735 1744 1733
f 1741 1733 1744
f 1745 1746 1747
f 1748 1747 1746
f 1742 1749 1740
f 1748 1740 1749
f 1738 1737 1750
f 1751 1750 1737
f 1746 1745 1751
f 1752 1751 1745
f 1753 1754 1755
f 1756 1755 1754
f 1757 1758 1754
f 1759 1754 1758
f 1760 1761 1762
f 1763 1762 1761
f 1755 1764 1753
f 1761 1753 1764
f 1765 1766 1767
f 1768 1767 1766
f 1762 1769 1760
f 1768 1760 1769
f 1758 1757 1770
f 1771 1770 1757
f 1766 1765 1771
f 1772 1771 1765
f 1773 1774 1775
f 1776 1775 1774
f 1482 1495 1777
f 1776 1777 1495
f 1755 1778 1764
f 1779 1764 1778
f 1774 1773 1779
f 1780 1779 1773
f 1781 1782 1783
f 1784 1783 1782
f 1755 1756 1778
f 1784 1778 1756
f 1777 1785 1482
f 1483 1482 1785
f 1782 1781 1785
f 1786 1785 1781
f 1787 1788 1789
f 1790 1789 1788
f 1791 1788 1792
f 1793 1792 1788
f 1765 1794 1772
f 1795 1772 1794
f 1789 1796 1787
f 1795 1787 1796
f 1797 1798 1799
f 1800 1799 1798
f 1794 1765 1800
f 1767 1800 1765
f 1792 1793 1801
f 1802 1801 1793
f 1802 1798 1803
f 1797 1803 1798
f 1804 1805 1358
f 1363 1358 1805
f 1775 1805 1773
f 1806 1773 1805
f 1797 1807 1803
f 1808 1803 1807
f 1358 1359 1804
f 1808 1804 1359
f 1809 1810 1762
f 1769 1762 1810
f 1797 1799 1807
f 1810 1807 1799
f 1773 1806 1780
f 1811 1780 1806
f 1762 1763 1809
f 1811 1809 1763
f 1812 1412 1813
f 1401 1813 1412
f 1812 1814 1790
f 1789 1790 1814
f 1815 1816 1781
f 1786 1781 1816
f 1813 1401 1816
f 1403 1816 1401
f 1758 1817 1759
f 1818 1759 1817
f 1781 1783 1815
f 1818 1815 1783
f 1814 1819 1789
f 1796 1789 1819
f 1819 1817 1770
f 1758 1770 1817
f 1421 1820 1430
f 1821 1430 1820
f 1822 1823 1824
f 1821 1824 1823
f 1825 1826 1827
f 1828 1827 1826
f 1423 1826 1421
f 1820 1421 1826
f 1738 1829 1739
f 1830 1739 1829
f 1827 1831 1825
f 1830 1825 1831
f 1824 1832 1822
f 1833 1822 1832
f 1829 1738 1832
f 1750 1832 1738
f 1834 1835 1836
f 1837 1836 1835
f 1370 1382 1838
f 1834 1838 1382
f 1839 1840 1735
f 1744 1735 1840
f 1836 1837 1840
f 1841 1840 1837
f 1827 1842 1831
f 1843 1831 1842
f 1735 1736 1839
f 1843 1839 1736
f 1369 1370 1844
f 1838 1844 1370
f 1842 1827 1844
f 1828 1844 1827
f 1334 1845 1343
f 1846 1343 1845
f 1847 1848 1849
f 1846 1849 1848
f 1850 1851 1822
f 1823 1822 1851
f 1336 1851 1334
f 1845 1334 1851
f 1745 1852 1752
f 1853 1752 1852
f 1822 1833 1850
f 1853 1850 1833
f 1849 1854 1847
f 1855 1847 1854
f 1747 1854 1745
f 1852 1745 1854
f 1856 1857 1858
f 1859 1858 1857
f 1835 1857 1837
f 1860 1837 1857
f 1861 1862 1847
f 1848 1847 1862
f 1858 1863 1856
f 1862 1856 1863
f 1742 1864 1749
f 1865 1749 1864
f 1847 1855 1861
f 1865 1861 1855
f 1837 1860 1841
f 1866 1841 1860
f 1742 1743 1864
f 1866 1864 1743
f 1867 1868 1718
f 1725 1718 1868
f 1869 1868 1870
f 1871 1870 1868
f 1691 1872 1698
f 1873 1698 1872
f 1718 1719 1867
f 1873 1867 1719
f 1874 1875 1876
f 1877 1876 1875
f 1872 1691 1875
f 1693 1875 1691
f 1878 1879 1880
f 1881 1880 1879
f 1881 1874 1882
f 1876 1882 1874
f 1871 1883 1870
f 1884 1870 1883
f 1885 1883 1878
f 1879 1878 1883
f 1886 1887 1888
f 1889 1888 1887
f 1890 1888 1891
f 1892 1891 1888
f 1893 1894 1895
f 1896 1895 1894
f 1889 1887 1894
f 1897 1894 1887
f 1898 1899 1900
f 1901 1900 1899
f 1895 1902 1893
f 1899 1893 1902
f 1891 1892 1903
f 1904 1903 1892
f 1900 1905 1898
f 1904 1898 1905
f 1906 1907 1900
f 1905 1900 1907
f 1908 1878 1907
f 1880 1907 1878
f 1909 1910 1911
f 1912 1911 1910
f 1900 1901 1906
f 1912 1906 1901
f 1913 1914 1915
f 1916 1915 1914
f 1917 1914 1909
f 1910 1909 1914
f 1918 1885 1908
f 1878 1908 1885
f 1915 1919 1913
f 1918 1913 1919
f 1920 1921 1909
f 1917 1909 1921
f 1922 1921 1923
f 1924 1923 1921
f 1925 1926 1895
f 1902 1895 1926
f 1909 1911 1920
f 1926 1920 1911
f 1927 1928 1929
f 1930 1929 1928
f 1895 1896 1925
f 1928 1925 1896
f 1923 1924 1931
f 1932 1931 1924
f 1929 1933 1927
f 1932 1927 1933
f 1934 1935 1936
f 1937 1936 1935
f 608 610 1938
f 1937 1938 610
f 1939 1940 1550
f 1555 1550 1940
f 1941 1940 1934
f 1935 1934 1940
f 1942 1943 1944
f 1945 1944 1943
f 1550 1551 1939
f 1945 1939 1551
f 1938 1946 608
f 619 608 1946
f 1947 1946 1942
f 1943 1942 1946
f 1948 1949 1950
f 1951 1950 1949
f 1951 1952 626
f 628 626 1952
f 1953 1954 1603
f 1606 1603 1954
f 1955 1954 1948
f 1949 1948 1954
f 1956 1957 1958
f 1959 1958 1957
f 1603 1604 1953
f 1956 1953 1604
f 1952 1960 628
f 636 628 1960
f 1958 1959 1960
f 1961 1960 1959
f 1959 1962 1961
f 1963 1961 1962
f 1963 1964 643
f 645 643 1964
f 1589 1581 1965
f 1966 1965 1581
f 1957 1965 1959
f 1962 1959 1965
f 1967 1968 1969
f 1970 1969 1968
f 1970 1966 1580
f 1581 1580 1966
f 1964 1971 645
f 651 645 1971
f 1968 1967 1971
f 1972 1971 1967
f 1973 1974 1975
f 1976 1975 1974
f 656 658 1977
f 1976 1977 658
f 1978 1979 1858
f 1863 1858 1979
f 1980 1979 1973
f 1974 1973 1979
f 1981 1982 1983
f 1984 1983 1982
f 1981 1978 1859
f 1858 1859 1978
f 1977 1985 656
f 667 656 1985
f 1983 1984 1985
f 1986 1985 1984
f 1987 1988 1989
f 1990 1989 1988
f 1991 675 1989
f 676 1989 675
f 1792 1992 1791
f 1993 1791 1992
f 1988 1994 1990
f 1993 1990 1994
f 1995 1996 1997
f 1998 1997 1996
f 1992 1792 1996
f 1801 1996 1792
f 1999 684 1991
f 675 1991 684
f 1997 2000 1995
f 1999 1995 2000
f 1942 2001 1947
f 2002 1947 2001
f 2002 2003 691
f 693 691 2003
f 1570 1563 2004
f 2005 2004 1563
f 1944 2004 1942
f 2001 1942 2004
f 2006 1955 2007
f 1948 2007 1955
f 1563 1565 2005
f 2006 2005 1565
f 2003 2008 693
f 697 693 2008
f 2007 1948 2008
f 1950 2008 1948
f 2009 2010 2011
f 2012 2011 2010
f 701 703 2013
f 2012 2013 703
f 1678 1672 2014
f 2015 2014 1672
f 2016 2014 2009
f 2010 2009 2014
f 1934 2017 1941
f 2018 1941 2017
f 1672 1673 2015
f 2018 2015 1673
f 710 701 2019
f 2013 2019 701
f 1936 2019 1934
f 2017 1934 2019
f 2020 2021 2022
f 2023 2022 2021
f 2023 2024 716
f 718 716 2024
f 1695 1689 2025
f 2026 2025 1689
f 2020 2027 2021
f 2025 2021 2027
f 2028 2016 2029
f 2009 2029 2016
f 1689 1690 2026
f 2028 2026 1690
f 2024 2030 718
f 724 718 2030
f 2029 2009 2030
f 2011 2030 2009
f 2031 2032 2033
f 2034 2033 2032
f 2034 2035 730
f 732 730 2035
f 2036 2037 2038
f 2039 2038 2037
f 2040 2038 2031
f 2032 2031 2038
f 2041 2042 2043
f 2044 2043 2042
f 2037 2045 2039
f 2044 2039 2045
f 2035 2046 732
f 740 732 2046
f 2047 2046 2041
f 2042 2041 2046
f 2048 2049 2050
f 2051 2050 2049
f 749 2048 750
f 2052 750 2048
f 1723 2053 1730
f 2054 1730 2053
f 2050 2051 2054
f 2055 2054 2051
f 2031 2056 2040
f 2057 2040 2056
f 1724 2057 1723
f 2053 1723 2057
f 750 2052 758
f 2058 758 2052
f 2056 2031 2058
f 2033 2058 2031
f 2059 2060 2061
f 2062 2061 2060
f 2062 2063 764
f 766 764 2063
f 2064 2065 1410
f 1417 1410 2065
f 2066 2065 2059
f 2060 2059 2065
f 2067 2068 1988
f 1994 1988 2068
f 1410 1411 2064
f 2068 2064 1411
f 2063 2069 766
f 772 766 2069
f 2069 2067 1987
f 1988 1987 2067
f 2070 2071 1984
f 1986 1984 2071
f 2072 779 2071
f 780 2071 779
f 1376 2073 1383
f 2074 1383 2073
f 2074 2070 1982
f 1984 1982 2070
f 2075 2076 2077
f 2078 2077 2076
f 1378 2076 1376
f 2073 1376 2076
f 2079 786 2072
f 779 2072 786
f 2077 2080 2075
f 2079 2075 2080
f 2081 2082 2077
f 2080 2077 2082
f 2083 793 2082
f 794 2082 793
f 1391 2084 1398
f 2085 1398 2084
f 2077 2078 2081
f 2085 2081 2078
f 2086 2087 2088
f 2089 2088 2087
f 1393 2087 1391
f 2084 1391 2087
f 2090 800 2083
f 793 2083 800
f 2088 2091 2086
f 2090 2086 2091
f 2092 2093 2088
f 2091 2088 2093
f 2094 807 2093
f 808 2093 807
f 2095 1667 2096
f 1668 2096 1667
f 2088 2089 2092
f 2095 2092 2089
f 2097 2098 2099
f 2100 2099 2098
f 1668 1679 2096
f 2097 2096 1679
f 814 807 2101
f 2094 2101 807
f 2099 2100 2101
f 2102 2101 2100
f 2100 2103 2102
f 2104 2102 2103
f 819 821 2105
f 2104 2105 821
f 1702 2106 1701
f 2107 1701 2106
f 2098 2107 2100
f 2103 2100 2107
f 2108 2109 2110
f 2111 2110 2109
f 1713 2109 1702
f 2106 1702 2109
f 828 819 2112
f 2105 2112 819
f 2110 2113 2108
f 2112 2108 2113
f 2114 2115 2110
f 2113 2110 2115
f 2116 835 2115
f 836 2115 835
f 1710 2117 1715
f 2118 1715 2117
f 2110 2111 2114
f 2118 2114 2111
f 2119 2120 2121
f 2122 2121 2120
f 1711 2120 1710
f 2117 1710 2120
f 2123 842 2116
f 835 2116 842
f 2121 2124 2119
f 2123 2119 2124
f 2125 2126 2121
f 2124 2121 2126
f 2126 2127 848
f 850 848 2127
f 2128 2129 1728
f 1732 1728 2129
f 2122 2129 2121
f 2125 2121 2129
f 2051 2130 2055
f 2131 2055 2130
f 1728 1729 2128
f 2131 2128 1729
f 2127 2132 850
f 854 850 2132
f 2130 2051 2132
f 2049 2132 2051
f 2133 860 2134
f 861 2134 860
f 2133 2135 2022
f 2020 2022 2135
f 2136 2137 2138
f 2139 2138 2137
f 861 871 2134
f 2137 2134 871
f 1891 2140 1890
f 2141 1890 2140
f 2138 2142 2136
f 2141 2136 2142
f 2143 2144 1876
f 1882 1876 2144
f 1903 2144 1891
f 2140 1891 2144
f 2135 2145 2020
f 2027 2020 2145
f 2145 2143 1877
f 1876 1877 2143
f 1869 1870 2146
f 2147 2146 1870
f 2036 2146 2037
f 2148 2037 2146
f 2149 2150 2151
f 2152 2151 2150
f 1870 1884 2147
f 2152 2147 1884
f 2045 2037 2153
f 2148 2153 2037
f 2154 2153 2149
f 2150 2149 2153
f 2155 2156 2157
f 2158 2157 2156
f 2159 2160 2161
f 2158 2161 2160
f 2162 2163 2164
f 2165 2164 2163
f 2166 2163 2155
f 2156 2155 2163
f 2167 2168 2169
f 2170 2169 2168
f 2164 2171 2162
f 2170 2162 2171
f 2161 2172 2159
f 2173 2159 2172
f 2174 2172 2167
f 2168 2167 2172
f 2175 2176 2177
f 2178 2177 2176
f 2178 2179 2180
f 2181 2180 2179
f 2182 2183 2184
f 2185 2184 2183
f 2176 2175 2185
f 2186 2185 2175
f 2187 2188 2189
f 2190 2189 2188
f 2183 2182 2187
f 2191 2187 2182
f 2179 2192 2181
f 2193 2181 2192
f 2189 2190 2192
f 2194 2192 2190
f 2195 2196 2197
f 2198 2197 2196
f 2199 2196 2200
f 2201 2200 2196
f 2202 2203 2204
f 2205 2204 2203
f 2197 2206 2195
f 2202 2195 2206
f 2207 2208 2209
f 2210 2209 2208
f 2204 2205 2208
f 2211 2208 2205
f 2201 2212 2200
f 2213 2200 2212
f 2212 2207 2214
f 2209 2214 2207
f 2194 2190 2215
f 2216 2215 2190
f 2217 2218 2219
f 2215 2219 2218
f 2220 2221 2222
f 2223 2222 2221
f 2216 2190 2221
f 2188 2221 2190
f 2224 2225 2226
f 2227 2226 2225
f 2227 2220 2228
f 2222 2228 2220
f 2217 2219 2229
f 2230 2229 2219
f 2225 2224 2230
f 2231 2230 2224
f 2232 2231 2233
f 2224 2233 2231
f 2234 2235 2236
f 2232 2236 2235
f 2237 2238 2239
f 2240 2239 2238
f 2233 2224 2237
f 2226 2237 2224
f 2214 2209 2241
f 2242 2241 2209
f 2241 2239 2243
f 2240 2243 2239
f 2244 2245 2236
f 2234 2236 2245
f 2209 2210 2242
f 2244 2242 2210
f 2246 2247 2248
f 2249 2248 2247
f 2177 2249 2175
f 2250 2175 2249
f 2251 2252 2253
f 2254 2253 2252
f 2255 2252 2246
f 2247 2246 2252
f 2206 2197 2256
f 2257 2256 2197
f 2253 2258 2251
f 2256 2251 2258
f 2175 2250 2186
f 2259 2186 2250
f 2197 2198 2257
f 2259 2257 2198
f 2260 2261 2262
f 2263 2262 2261
f 2264 2246 2261
f 2248 2261 2246
f 2265 2266 1915
f 1919 1915 2266
f 2267 2266 2262
f 2260 2262 2266
f 1923 2268 1922
f 2269 1922 2268
f 1915 1916 2265
f 2269 2265 1916
f 2270 2271 2272
f 2273 2272 2271
f 1931 2271 1923
f 2268 1923 2271
f 2246 2264 2255
f 2274 2255 2264
f 2272 2275 2270
f 2274 2270 2275
f 2258 2253 2276
f 2277 2276 2253
f 2278 2276 2279
f 2280 2279 2276
f 2272 2281 2275
f 2282 2275 2281
f 2253 2254 2277
f 2282 2277 2254
f 1929 2283 1933
f 2284 1933 2283
f 2284 2281 2273
f 2272 2273 2281
f 2285 1897 2286
f 1887 2286 1897
f 1929 1930 2283
f 2285 2283 1930
f 2287 2288 2280
f 2279 2280 2288
f 2287 2286 1886
f 1887 1886 2286
f 2205 2289 2211
f 2290 2211 2289
f 2291 2292 2293
f 2290 2293 2292
f 2294 2295 2279
f 2278 2279 2295
f 2203 2295 2205
f 2289 2205 2295
f 2138 2296 2142
f 2297 2142 2296
f 2297 2294 2288
f 2279 2288 2294
f 2298 2299 1022
f 1029 1022 2299
f 2139 2299 2138
f 2296 2138 2299
f 2293 2300 2291
f 2301 2291 2300
f 1022 1024 2298
f 2300 2298 1024
f 2302 2303 1038
f 1039 1038 2303
f 2304 2303 2305
f 2306 2305 2303
f 2041 2307 2047
f 2308 2047 2307
f 1038 1050 2302
f 2308 2302 1050
f 2309 2310 2311
f 2312 2311 2310
f 2043 2310 2041
f 2307 2041 2310
f 2313 2314 2217
f 2218 2217 2314
f 2311 2315 2309
f 2314 2309 2315
f 2316 2317 2306
f 2305 2306 2317
f 2313 2217 2316
f 2229 2316 2217
f 1054 1055 2318
f 2319 2318 1055
f 2291 2301 2320
f 2318 2320 2301
f 2305 2321 2304
f 2322 2304 2321
f 2322 2319 1062
f 1055 1062 2319
f 2323 2324 2234
f 2235 2234 2324
f 2321 2305 2324
f 2317 2324 2305
f 2320 2325 2291
f 2292 2291 2325
f 2245 2325 2234
f 2323 2234 2325
f 2149 2326 2154
f 2327 2154 2326
f 2311 2312 2328
f 2327 2328 2312
f 2267 2262 2329
f 2330 2329 2262
f 2151 2329 2149
f 2326 2149 2329
f 2331 2332 2181
f 2180 2181 2332
f 2263 2332 2262
f 2330 2262 2332
f 2328 2333 2311
f 2315 2311 2333
f 2181 2193 2331
f 2333 2331 2193
f 2182 2334 2191
f 2335 2191 2334
f 2335 2336 2337
f 2338 2337 2336
f 2339 2340 2341
f 2342 2341 2340
f 2184 2341 2182
f 2334 2182 2341
f 2159 2343 2160
f 2344 2160 2343
f 2340 2345 2342
f 2344 2342 2345
f 2338 2336 2346
f 2347 2346 2336
f 2159 2173 2343
f 2347 2343 2173
f 2348 2349 2222
f 2228 2222 2349
f 2350 2349 2351
f 2352 2351 2349
f 2337 2338 2353
f 2354 2353 2338
f 2222 2223 2348
f 2353 2348 2223
f 2167 2355 2174
f 2356 2174 2355
f 2338 2346 2354
f 2356 2354 2346
f 2351 2352 2357
f 2358 2357 2352
f 2167 2169 2355
f 2358 2355 2169
f 2240 2359 2243
f 2360 2243 2359
f 2360 2361 2362
f 2363 2362 2361
f 2364 2350 2365
f 2351 2365 2350
f 2238 2364 2240
f 2359 2240 2364
f 2366 2367 2164
f 2171 2164 2367
f 2365 2351 2367
f 2357 2367 2351
f 2363 2361 2368
f 2369 2368 2361
f 2164 2165 2366
f 2369 2366 2165
f 2370 2371 2200
f 2199 2200 2371
f 2339 2371 2340
f 2372 2340 2371
f 2373 2362 2374
f 2363 2374 2362
f 2200 2213 2370
f 2373 2370 2213
f 2155 2375 2166
f 2376 2166 2375
f 2363 2368 2374
f 2376 2374 2368
f 2340 2372 2345
f 2377 2345 2372
f 2155 2157 2375
f 2377 2375 2157
f 2378 2379 2380
f 2381 2380 2379
f 2382 1352 2380
f 1354 2380 1352
f 2383 2384 2385
f 2386 2385 2384
f 2379 2387 2381
f 2383 2381 2387
f 2388 2389 2390
f 2391 2390 2389
f 2385 2386 2388
f 2392 2388 2386
f 2393 1360 2382
f 1352 2382 1360
f 2390 2391 2393
f 2394 2393 2391
f 2391 2395 2394
f 2396 2394 2395
f 1997 1998 2397
f 2396 2397 1998
f 2398 2399 2400
f 2401 2400 2399
f 2389 2399 2391
f 2395 2391 2399
f 1137 2402 1143
f 2403 1143 2402
f 2400 2404 2398
f 2403 2398 2404
f 2397 2405 1997
f 2000 1997 2405
f 1138 2405 1137
f 2402 1137 2405
f 2406 2407 1149
f 1148 1149 2407
f 1975 2407 1973
f 2408 1973 2407
f 2409 2410 2411
f 2412 2411 2410
f 1149 1160 2406
f 2412 2406 1160
f 2413 2414 2415
f 2416 2415 2414
f 2417 2415 2409
f 2410 2409 2415
f 1973 2408 1980
f 2418 1980 2408
f 2414 2419 2416
f 2418 2416 2419
f 2420 2421 2414
f 2419 2414 2421
f 2421 2422 1339
f 1340 1339 2422
f 2423 2424 2425
f 2426 2425 2424
f 2424 2420 2413
f 2414 2413 2420
f 2379 2427 2387
f 2428 2387 2427
f 2428 2423 2429
f 2425 2429 2423
f 2422 2430 1340
f 1346 1340 2430
f 2430 2427 2378
f 2379 2378 2427
f 2431 2432 2400
f 2404 2400 2432
f 1174 1176 2433
f 2432 2433 1176
f 2386 2434 2392
f 2435 2392 2434
f 2400 2401 2431
f 2435 2431 2401
f 2436 2437 2438
f 2439 2438 2437
f 2384 2437 2386
f 2434 2386 2437
f 2440 1183 2433
f 1174 2433 1183
f 2438 2441 2436
f 2440 2436 2441
f 2438 2442 2441
f 2443 2441 2442
f 1189 2443 1191
f 2444 1191 2443
f 2445 2446 2425
f 2429 2425 2446
f 2439 2446 2438
f 2442 2438 2446
f 2409 2447 2417
f 2448 2417 2447
f 2425 2426 2445
f 2448 2445 2426
f 2444 2449 1191
f 1195 1191 2449
f 2411 2449 2409
f 2447 2409 2449
f 2450 2451 2452
f 2453 2452 2451
f 2454 2451 2455
f 2456 2455 2451
f 2457 2458 2459
f 2460 2459 2458
f 2452 2461 2450
f 2459 2450 2461
f 2455 2456 2462
f 2463 2462 2456
f 2458 2464 2460
f 2463 2460 2464
f 2465 2466 2467
f 2468 2467 2466
f 2452 2453 2469
f 2466 2469 2453
f 1502 2470 1501
f 2471 1501 2470
f 2471 2465 2472
f 2467 2472 2465
f 2473 2474 1415
f 1420 1415 2474
f 1512 2474 1502
f 2470 1502 2474
f 2475 2476 2477
f 2478 2477 2476
f 1415 1416 2473
f 2478 2473 1416
f 2469 2479 2452
f 2461 2452 2479
f 2480 2479 2475
f 2476 2475 2479
f 2455 2481 2454
f 2482 2454 2481
f 2467 2468 2483
f 2482 2483 2468
f 2484 2485 2486
f 2487 2486 2485
f 2462 2485 2455
f 2481 2455 2485
f 2488 2489 1573
f 1584 1573 2489
f 2490 2489 2486
f 2484 2486 2489
f 1629 2491 1632
f 2492 1632 2491
f 2488 1573 2492
f 1575 2492 1573
f 2483 2493 2467
f 2472 2467 2493
f 1627 2493 1629
f 2491 1629 2493
f 2494 2495 1248
f 1249 1248 2495
f 2496 2495 2497
f 2498 2497 2495
f 1967 2499 1972
f 2500 1972 2499
f 2500 2494 1256
f 1248 1256 2494
f 2490 2486 2501
f 2502 2501 2486
f 1969 2501 1967
f 2499 1967 2501
f 2497 2498 2503
f 2504 2503 2498
f 2486 2487 2502
f 2504 2502 2487
f 1259 2505 1260
f 2506 1260 2505
f 2059 2061 2507
f 2506 2507 2061
f 2508 2509 2510
f 2511 2510 2509
f 1269 2509 1259
f 2505 1259 2509
f 2475 2512 2480
f 2513 2480 2512
f 2510 2514 2508
f 2513 2508 2514
f 2507 2515 2059
f 2066 2059 2515
f 2477 2515 2475
f 2512 2475 2515
f 2516 2517 2518
f 2519 2518 2517
f 2458 2457 2520
f 2519 2520 2457
f 2521 2522 2523
f 2524 2523 2522
f 2525 2522 2516
f 2517 2516 2522
f 2526 2527 2528
f 2529 2528 2527
f 2521 2523 2527
f 2530 2527 2523
f 2464 2458 2531
f 2520 2531 2458
f 2531 2526 2532
f 2528 2532 2526
f 2532 2528 2533
f 2534 2533 2528
f 2503 2533 2497
f 2535 2497 2533
f 2536 2537 2538
f 2539 2538 2537
f 2528 2529 2534
f 2539 2534 2529
f 2540 2541 1291
f 1299 1291 2541
f 2542 2541 2536
f 2537 2536 2541
f 2497 2535 2496
f 2543 2496 2535
f 1291 1293 2540
f 2543 2540 1293
f 1304 2544 1305
f 2545 1305 2544
f 2545 2546 2511
f 2510 2511 2546
f 2547 2548 2549
f 2550 2549 2548
f 1314 2548 1304
f 2544 1304 2548
f 2551 2525 2552
f 2516 2552 2525
f 2549 2553 2547
f 2551 2547 2553
f 2546 2554 2510
f 2514 2510 2554
f 2552 2516 2554
f 2518 2554 2516
f 2555 2556 2523
f 2530 2523 2556
f 2538 2556 2536
f 2557 2536 2556
f 2558 2559 2549
f 2553 2549 2559
f 2555 2523 2559
f 2524 2559 2523
f 1322 2560 1325
f 2561 1325 2560
f 2549 2550 2558
f 2561 2558 2550
f 2536 2557 2542
f 2562 2542 2557
f 2562 2560 1320
f 1322 1320 2560
f 6 2563 1
f 2 1 2563
f 2564 7 3
f 1 3 7
f 11 12 10
f 2565 10 12
f 9 2564 11
f 3 11 2564
f 14 17 16
f 2566 16 17
f 2564 9 13
f 14 13 9
f 2567 18 20
f 19 20 18
f 13 19 2564
f 7 2564 19
f 22 2 24
f 2563 24 2
f 2568 25 21
f 22 21 25
f 2569 28 30
f 29 30 28
f 21 29 2568
f 27 2568 29
f 33 35 31
f 2570 31 35
f 2568 27 34
f 33 34 27
f 37 2565 36
f 12 36 2565
f 34 36 2568
f 25 2568 36
f 2571 39 42
f 38 42 39
f 44 38 2572
f 40 2572 38
f 2573 48 49
f 46 49 48
f 2572 40 45
f 46 45 40
f 52 53 2574
f 54 2574 53
f 45 53 2572
f 51 2572 53
f 2575 55 57
f 56 57 55
f 2572 51 44
f 56 44 51
f 2576 61 62
f 59 62 61
f 2577 64 58
f 59 58 64
f 57 66 2575
f 67 2575 66
f 58 66 2577
f 65 2577 66
f 2574 71 52
f 69 52 71
f 2577 65 68
f 69 68 65
f 72 73 2578
f 74 2578 73
f 68 73 2577
f 64 2577 73
f 2579 78 80
f 76 80 78
f 2580 81 75
f 76 75 81
f 84 85 2581
f 86 2581 85
f 75 85 2580
f 83 2580 85
f 89 90 2582
f 91 2582 90
f 2580 83 88
f 90 88 83
f 2583 93 94
f 92 94 93
f 92 81 88
f 2580 88 81
f 42 96 2571
f 98 2571 96
f 99 96 2584
f 95 2584 96
f 2575 103 55
f 101 55 103
f 2584 95 100
f 101 100 95
f 106 107 2585
f 108 2585 107
f 100 107 2584
f 105 2584 107
f 2567 110 111
f 109 111 110
f 2584 105 99
f 109 99 105
f 113 114 6
f 2563 6 114
f 2586 116 112
f 113 112 116
f 2567 111 18
f 118 18 111
f 112 118 2586
f 117 2586 118
f 2585 122 106
f 120 106 122
f 2586 117 119
f 120 119 117
f 123 124 2587
f 125 2587 124
f 119 124 2586
f 116 2586 124
f 129 132 128
f 2588 128 132
f 127 2589 129
f 130 129 2589
f 2587 125 135
f 134 135 125
f 134 133 127
f 2589 127 133
f 122 2585 136
f 137 136 2585
f 133 136 2589
f 138 2589 136
f 142 2590 140
f 141 140 2590
f 2589 138 130
f 140 130 138
f 145 146 2576
f 61 2576 146
f 147 146 2591
f 144 2591 146
f 149 150 142
f 2590 142 150
f 148 2591 149
f 144 149 2591
f 2585 108 137
f 151 137 108
f 151 152 148
f 2591 148 152
f 2575 67 103
f 153 103 67
f 152 153 2591
f 147 2591 153
f 156 157 2579
f 78 2579 157
f 158 157 2592
f 155 2592 157
f 2569 162 163
f 160 163 162
f 2592 155 159
f 160 159 155
f 166 167 2593
f 168 2593 167
f 159 167 2592
f 165 2592 167
f 2581 86 170
f 169 170 86
f 2592 165 158
f 169 158 165
f 172 177 174
f 2594 174 177
f 2595 175 171
f 172 171 175
f 170 179 2581
f 180 2581 179
f 171 179 2595
f 178 2595 179
f 2593 184 166
f 182 166 184
f 2595 178 181
f 182 181 178
f 187 2596 185
f 186 185 2596
f 181 185 2595
f 175 2595 185
f 128 2588 188
f 189 188 2588
f 192 188 2597
f 190 2597 188
f 2596 187 195
f 194 195 187
f 2597 190 193
f 194 193 190
f 198 199 2593
f 184 2593 199
f 193 199 2597
f 197 2597 199
f 201 2587 200
f 135 200 2587
f 2597 197 192
f 200 192 197
f 24 2563 203
f 114 203 2563
f 2598 204 202
f 203 202 204
f 2587 201 123
f 206 123 201
f 202 206 2598
f 205 2598 206
f 2593 168 198
f 208 198 168
f 2598 205 207
f 208 207 205
f 2569 30 162
f 209 162 30
f 207 209 2598
f 204 2598 209
f 211 214 213
f 2599 213 214
f 2600 216 210
f 211 210 216
f 2601 219 221
f 220 221 219
f 218 2600 220
f 210 220 2600
f 2602 222 226
f 224 226 222
f 224 225 218
f 2600 218 225
f 2603 227 229
f 228 229 227
f 225 228 2600
f 216 2600 228
f 233 231 2604
f 235 2604 231
f 2605 234 230
f 231 230 234
f 229 238 2603
f 239 2603 238
f 230 238 2605
f 237 2605 238
f 2602 243 222
f 241 222 243
f 2605 237 240
f 241 240 237
f 244 246 245
f 2606 245 246
f 240 244 2605
f 234 2605 244
f 249 250 2607
f 252 2607 250
f 253 250 2608
f 248 2608 250
f 2609 257 258
f 255 258 257
f 2608 248 254
f 255 254 248
f 260 259 2610
f 263 2610 259
f 254 259 2608
f 261 2608 259
f 2611 264 266
f 265 266 264
f 265 253 261
f 2608 261 253
f 2604 235 269
f 268 269 235
f 2612 271 267
f 268 267 271
f 274 275 2606
f 245 2606 275
f 267 275 2612
f 273 2612 275
f 2610 263 278
f 277 278 263
f 2612 273 276
f 277 276 273
f 279 280 2609
f 257 2609 280
f 276 280 2612
f 271 2612 280
f 132 282 2588
f 284 2588 282
f 285 282 2613
f 281 2613 282
f 2590 289 141
f 287 141 289
f 2613 281 286
f 287 286 281
f 292 2603 290
f 239 290 2603
f 286 290 2613
f 291 2613 290
f 2604 294 233
f 293 233 294
f 2613 291 285
f 293 285 291
f 2596 298 186
f 296 186 298
f 296 295 299
f 2614 299 295
f 258 300 2609
f 302 2609 300
f 295 300 2614
f 301 2614 300
f 305 306 2607
f 249 2607 306
f 2614 301 304
f 306 304 301
f 177 307 2594
f 308 2594 307
f 299 2614 307
f 304 307 2614
f 2578 309 72
f 311 72 309
f 311 312 313
f 2615 313 312
f 2601 221 316
f 314 316 221
f 312 314 2615
f 315 2615 314
f 320 318 2599
f 213 2599 318
f 2615 315 317
f 318 317 315
f 62 321 2576
f 322 2576 321
f 313 2615 321
f 317 321 2615
f 2609 302 279
f 324 279 302
f 2616 325 323
f 324 323 325
f 195 327 2596
f 298 2596 327
f 323 327 2616
f 326 2616 327
f 2588 284 189
f 329 189 284
f 2616 326 328
f 329 328 326
f 269 330 2604
f 294 2604 330
f 328 330 2616
f 325 2616 330
f 150 332 2590
f 289 2590 332
f 333 332 2617
f 331 2617 332
f 2576 322 145
f 335 145 322
f 2617 331 334
f 335 334 331
f 214 337 2599
f 320 2599 337
f 334 337 2617
f 336 2617 337
f 2603 292 227
f 338 227 292
f 2617 336 333
f 338 333 336
f 2578 339 309
f 341 309 339
f 342 2618 341
f 343 341 2618
f 2619 344 348
f 346 348 344
f 346 347 342
f 2618 342 347
f 353 2620 349
f 350 349 2620
f 347 349 2618
f 351 2618 349
f 354 355 316
f 2601 316 355
f 2618 351 343
f 354 343 351
f 358 359 2619
f 344 2619 359
f 360 359 2621
f 357 2621 359
f 2622 364 365
f 362 365 364
f 2621 357 361
f 362 361 357
f 370 2623 366
f 367 366 2623
f 361 366 2621
f 368 2621 366
f 371 372 353
f 2620 353 372
f 2621 368 360
f 371 360 368
f 2619 376 358
f 374 358 376
f 2624 377 373
f 374 373 377
f 380 381 2625
f 382 2625 381
f 373 381 2624
f 379 2624 381
f 2626 386 387
f 384 387 386
f 2624 379 383
f 384 383 379
f 365 388 2622
f 389 2622 388
f 383 388 2624
f 377 2624 388
f 2622 389 392
f 391 392 389
f 2627 394 390
f 391 390 394
f 397 398 2626
f 386 2626 398
f 390 398 2627
f 396 2627 398
f 402 403 401
f 2628 401 403
f 2627 396 400
f 402 400 396
f 2629 404 406
f 405 406 404
f 405 394 400
f 2627 400 394
f 408 413 410
f 2630 410 413
f 2631 411 407
f 408 407 411
f 417 415 2632
f 418 2632 415
f 2631 407 414
f 415 414 407
f 421 422 2633
f 423 2633 422
f 2631 414 420
f 422 420 414
f 424 425 2634
f 426 2634 425
f 2631 420 411
f 425 411 420
f 430 428 2635
f 432 2635 428
f 2636 431 427
f 428 427 431
f 435 438 437
f 2637 437 438
f 2636 427 434
f 435 434 427
f 441 442 2638
f 443 2638 442
f 434 442 2636
f 440 2636 442
f 444 445 2639
f 446 2639 445
f 2636 440 431
f 445 431 440
f 2569 163 450
f 448 450 163
f 447 2640 448
f 451 448 2640
f 453 156 455
f 2579 455 156
f 2640 447 452
f 453 452 447
f 432 457 2635
f 458 2635 457
f 452 457 2640
f 456 2640 457
f 460 459 2639
f 444 2639 459
f 2640 456 451
f 459 451 456
f 2583 464 465
f 462 465 464
f 2641 467 461
f 462 461 467
f 2570 469 472
f 468 472 469
f 461 468 2641
f 470 2641 468
f 443 474 2638
f 475 2638 474
f 2641 470 473
f 474 473 470
f 476 477 2637
f 437 2637 477
f 473 477 2641
f 467 2641 477
f 2569 450 28
f 479 28 450
f 2642 480 478
f 479 478 480
f 446 482 2639
f 460 2639 482
f 478 482 2642
f 481 2642 482
f 475 484 2638
f 441 2638 484
f 2642 481 483
f 484 483 481
f 2570 35 469
f 485 469 35
f 483 485 2642
f 480 2642 485
f 2583 465 93
f 486 93 465
f 488 486 2643
f 487 2643 486
f 438 490 2637
f 476 2637 490
f 2643 487 489
f 490 489 487
f 458 492 2635
f 430 2635 492
f 489 492 2643
f 491 2643 492
f 493 455 80
f 2579 80 455
f 493 488 491
f 2643 491 488
f 2567 496 110
f 497 110 496
f 498 497 2644
f 495 2644 497
f 418 500 2632
f 501 2632 500
f 2644 495 499
f 500 499 495
f 504 505 2630
f 410 2630 505
f 499 505 2644
f 503 2644 505
f 506 507 98
f 2571 98 507
f 2644 503 498
f 506 498 503
f 49 509 2573
f 511 2573 509
f 508 2645 509
f 510 509 2645
f 507 514 2571
f 39 2571 514
f 514 513 508
f 2645 508 513
f 413 516 2630
f 504 2630 516
f 513 516 2645
f 515 2645 516
f 518 517 2634
f 424 2634 517
f 2645 515 510
f 517 510 515
f 521 522 2566
f 16 2566 522
f 523 522 2646
f 520 2646 522
f 423 525 2633
f 526 2633 525
f 2646 520 524
f 525 524 520
f 501 528 2632
f 417 2632 528
f 524 528 2646
f 527 2646 528
f 2567 20 496
f 529 496 20
f 2646 527 523
f 529 523 527
f 2573 511 532
f 531 532 511
f 2647 534 530
f 531 530 534
f 426 536 2634
f 518 2634 536
f 530 536 2647
f 535 2647 536
f 526 538 2633
f 421 2633 538
f 2647 535 537
f 538 537 535
f 2566 539 521
f 540 521 539
f 537 540 2647
f 534 2647 540
f 2629 544 404
f 542 404 544
f 2648 545 541
f 542 541 545
f 2649 546 550
f 548 550 546
f 2648 541 549
f 548 549 541
f 555 2650 551
f 552 551 2650
f 2648 549 553
f 551 553 549
f 557 558 370
f 2623 370 558
f 2648 553 556
f 557 556 553
f 392 559 2622
f 364 2622 559
f 556 559 2648
f 545 2648 559
f 2651 563 564
f 561 564 563
f 561 560 566
f 2652 566 560
f 569 570 2650
f 571 2650 570
f 560 570 2652
f 568 2652 570
f 574 575 2653
f 576 2653 575
f 573 2652 575
f 568 575 2652
f 577 579 578
f 2654 578 579
f 2652 573 566
f 577 566 573
f 581 569 555
f 2650 555 569
f 2655 582 580
f 581 580 582
f 2649 585 546
f 586 546 585
f 584 2655 586
f 580 586 2655
f 588 591 590
f 2656 590 591
f 2655 584 587
f 588 587 584
f 576 592 2653
f 593 2653 592
f 587 592 2655
f 582 2655 592
f 595 590 597
f 2656 597 590
f 2657 598 594
f 595 594 598
f 601 602 2658
f 603 2658 602
f 594 602 2657
f 600 2657 602
f 579 605 2654
f 606 2654 605
f 2657 600 604
f 605 604 600
f 593 607 2653
f 574 2653 607
f 604 607 2657
f 598 2657 607
f 610 611 2659
f 613 2659 611
f 614 611 2660
f 609 2660 611
f 2661 618 619
f 616 619 618
f 2660 609 615
f 616 615 609
f 226 621 2602
f 622 2602 621
f 615 621 2660
f 620 2660 621
f 2601 624 219
f 623 219 624
f 2660 620 614
f 623 614 620
f 630 2662 625
f 626 625 2662
f 631 625 2663
f 627 2663 625
f 633 636 635
f 2664 635 636
f 2663 627 632
f 633 632 627
f 278 638 2610
f 639 2610 638
f 637 2663 638
f 632 638 2663
f 2606 641 274
f 640 274 641
f 2663 637 631
f 640 631 637
f 635 2664 642
f 643 642 2664
f 646 642 2665
f 644 2665 642
f 648 651 650
f 2666 650 651
f 2665 644 647
f 648 647 644
f 654 2611 652
f 266 652 2611
f 647 652 2665
f 653 2665 652
f 2610 639 260
f 655 260 639
f 655 646 653
f 2665 653 646
f 658 659 2667
f 661 2667 659
f 662 659 2668
f 657 2668 659
f 664 667 666
f 2669 666 667
f 2668 657 663
f 664 663 657
f 670 2573 668
f 532 668 2573
f 663 668 2668
f 669 2668 668
f 671 539 672
f 2566 672 539
f 2668 669 662
f 671 662 669
f 2670 676 677
f 674 677 676
f 674 673 679
f 2671 679 673
f 682 683 2672
f 684 2672 683
f 681 2671 683
f 673 683 2671
f 686 687 472
f 2570 472 687
f 2671 681 685
f 686 685 681
f 688 689 2583
f 464 2583 689
f 679 2671 689
f 685 689 2671
f 691 690 2661
f 618 2661 690
f 694 690 2673
f 692 2673 690
f 696 697 630
f 2662 630 697
f 2673 692 695
f 696 695 692
f 246 699 2606
f 641 2606 699
f 698 2673 699
f 695 699 2673
f 2602 622 243
f 700 243 622
f 2673 698 694
f 700 694 698
f 706 2674 704
f 703 704 2674
f 702 2675 704
f 707 704 2675
f 2659 613 710
f 709 710 613
f 2675 702 708
f 709 708 702
f 355 712 2601
f 624 2601 712
f 708 712 2675
f 711 2675 712
f 2620 713 350
f 714 350 713
f 2675 711 707
f 714 707 711
f 720 2676 715
f 716 715 2676
f 721 715 2677
f 717 2677 715
f 723 724 706
f 2674 706 724
f 2677 717 722
f 723 722 717
f 372 726 2620
f 713 2620 726
f 725 2677 726
f 722 726 2677
f 2623 727 367
f 728 367 727
f 728 721 725
f 2677 725 721
f 2678 730 734
f 729 734 730
f 735 729 2679
f 731 2679 729
f 2680 739 740
f 737 740 739
f 2679 731 736
f 737 736 731
f 743 744 2681
f 745 2681 744
f 736 744 2679
f 742 2679 744
f 2629 747 748
f 746 748 747
f 2679 742 735
f 746 735 742
f 754 2682 751
f 749 751 2682
f 2683 753 752
f 751 752 753
f 757 758 734
f 2678 734 758
f 756 2683 757
f 752 757 2683
f 2629 406 747
f 759 747 406
f 759 760 756
f 2683 756 760
f 762 761 2628
f 401 2628 761
f 760 761 2683
f 753 2683 761
f 768 2684 763
f 764 763 2684
f 769 763 2685
f 765 2685 763
f 772 2670 770
f 677 770 2670
f 2685 765 771
f 770 771 765
f 2583 94 688
f 774 688 94
f 773 2685 774
f 771 774 2685
f 2582 776 89
f 775 89 776
f 775 769 773
f 2685 773 769
f 2669 780 666
f 778 666 780
f 2686 781 777
f 778 777 781
f 784 785 2687
f 786 2687 785
f 783 2686 785
f 777 785 2686
f 2574 54 789
f 788 789 54
f 2686 783 787
f 788 787 783
f 48 2573 790
f 670 790 2573
f 787 790 2686
f 781 2686 790
f 792 784 794
f 2687 794 784
f 2688 795 791
f 792 791 795
f 798 799 2689
f 800 2689 799
f 797 2688 799
f 791 799 2688
f 2578 74 803
f 802 803 74
f 2688 797 801
f 802 801 797
f 789 804 2574
f 71 2574 804
f 801 804 2688
f 795 2688 804
f 808 806 2689
f 798 2689 806
f 2690 809 805
f 806 805 809
f 811 814 813
f 2691 813 814
f 2690 805 810
f 811 810 805
f 2619 348 817
f 816 817 348
f 815 2690 816
f 810 816 2690
f 803 818 2578
f 339 2578 818
f 815 818 2690
f 809 2690 818
f 821 822 2691
f 813 2691 822
f 823 822 2692
f 820 2692 822
f 826 827 2693
f 828 2693 827
f 2692 820 825
f 827 825 820
f 830 831 382
f 2625 382 831
f 829 2692 830
f 825 830 2692
f 2619 817 376
f 832 376 817
f 832 823 829
f 2692 829 823
f 834 826 836
f 2693 836 826
f 2694 837 833
f 834 833 837
f 840 841 2695
f 842 2695 841
f 833 841 2694
f 839 2694 841
f 2626 387 845
f 844 845 387
f 2694 839 843
f 844 843 839
f 831 846 2625
f 380 2625 846
f 843 846 2694
f 837 2694 846
f 847 840 848
f 2695 848 840
f 851 847 2696
f 849 2696 847
f 853 854 754
f 2682 754 854
f 2696 849 852
f 853 852 849
f 403 856 2628
f 762 2628 856
f 852 856 2696
f 855 2696 856
f 2626 845 397
f 857 397 845
f 857 851 855
f 2696 855 851
f 858 860 720
f 2676 720 860
f 2697 862 859
f 858 859 862
f 727 2623 863
f 558 863 2623
f 2697 859 864
f 863 864 859
f 2650 571 552
f 866 552 571
f 2697 864 865
f 866 865 864
f 869 870 2651
f 563 2651 870
f 2697 865 868
f 870 868 865
f 871 872 2698
f 873 2698 872
f 2697 868 862
f 872 862 868
f 2629 748 544
f 874 544 748
f 874 875 876
f 2699 876 875
f 2681 880 743
f 878 743 880
f 878 877 875
f 2699 875 877
f 550 881 2649
f 882 2649 881
f 877 881 2699
f 876 2699 881
f 886 888 885
f 2700 885 888
f 889 886 2701
f 884 2701 886
f 891 894 893
f 2702 893 894
f 2701 884 890
f 891 890 884
f 897 898 2703
f 899 2703 898
f 890 898 2701
f 896 2701 898
f 900 902 901
f 2704 901 902
f 2701 896 889
f 900 889 896
f 904 903 2705
f 908 2705 903
f 909 903 2706
f 905 2706 903
f 911 914 913
f 2707 913 914
f 2706 905 910
f 911 910 905
f 916 919 918
f 2708 918 919
f 915 2706 916
f 910 916 2706
f 2709 921 922
f 920 922 921
f 920 909 915
f 2706 915 909
f 2709 923 927
f 925 927 923
f 925 926 929
f 2710 929 926
f 930 934 931
f 2711 931 934
f 926 930 2710
f 932 2710 930
f 936 939 938
f 2712 938 939
f 2710 932 935
f 936 935 932
f 940 941 2713
f 942 2713 941
f 929 2710 941
f 935 941 2710
f 2707 945 913
f 946 913 945
f 944 2714 946
f 947 946 2714
f 952 2715 949
f 951 949 2715
f 944 949 2714
f 948 2714 949
f 957 2716 953
f 954 953 2716
f 948 953 2714
f 955 2714 953
f 958 959 919
f 2708 919 959
f 2714 955 947
f 958 947 955
f 962 963 2715
f 951 2715 963
f 961 2717 963
f 964 963 2717
f 939 966 2712
f 967 2712 966
f 965 2717 966
f 961 966 2717
f 931 2711 969
f 971 969 2711
f 2717 965 968
f 969 968 965
f 972 973 957
f 2716 957 973
f 964 2717 972
f 968 972 2717
f 2705 908 977
f 975 977 908
f 2718 978 974
f 975 974 978
f 2709 927 921
f 980 921 927
f 974 980 2718
f 979 2718 980
f 983 984 2713
f 940 2713 984
f 982 2718 984
f 979 984 2718
f 2719 986 987
f 985 987 986
f 2718 982 978
f 985 978 982
f 989 992 977
f 2705 977 992
f 2720 990 988
f 989 988 990
f 995 996 2719
f 986 2719 996
f 2720 988 994
f 996 994 988
f 2658 603 999
f 998 999 603
f 2720 994 997
f 998 997 994
f 591 1001 2656
f 597 2656 1001
f 997 1001 2720
f 1000 2720 1001
f 2649 1003 585
f 1002 585 1003
f 2720 1000 990
f 1002 990 1000
f 2713 1004 983
f 1006 983 1004
f 1006 1007 1008
f 2721 1008 1007
f 1011 2651 1009
f 564 1009 2651
f 1010 2721 1009
f 1007 1009 2721
f 606 1013 2654
f 578 2654 1013
f 2721 1010 1012
f 1013 1012 1010
f 999 1014 2658
f 601 2658 1014
f 2721 1012 1015
f 1014 1015 1012
f 995 2719 1016
f 987 1016 2719
f 1015 1016 2721
f 1008 2721 1016
f 1019 1020 2712
f 938 2712 1020
f 2722 1021 1018
f 1020 1018 1021
f 1024 1025 2723
f 1026 2723 1025
f 2722 1018 1023
f 1025 1023 1018
f 2698 873 1029
f 1028 1029 873
f 2722 1023 1027
f 1028 1027 1023
f 1030 869 1011
f 2651 1011 869
f 2722 1027 1031
f 1030 1031 1027
f 2713 942 1004
f 1032 1004 942
f 1032 1021 1031
f 2722 1031 1021
f 1034 1039 1036
f 2724 1036 1039
f 2725 1037 1033
f 1034 1033 1037
f 1041 1042 952
f 2715 952 1042
f 2725 1033 1040
f 1041 1040 1033
f 1045 1046 2707
f 945 2707 1046
f 2725 1040 1044
f 1046 1044 1040
f 2681 745 1049
f 1048 1049 745
f 2725 1044 1047
f 1048 1047 1044
f 1050 1051 2680
f 739 2680 1051
f 1047 1051 2725
f 1037 2725 1051
f 2723 1026 1054
f 1053 1054 1026
f 1053 1052 1056
f 2726 1056 1052
f 2712 967 1019
f 1057 1019 967
f 2726 1052 1058
f 1057 1058 1052
f 1060 962 1042
f 2715 1042 962
f 2726 1058 1059
f 1060 1059 1058
f 2724 1062 1036
f 1061 1036 1062
f 1056 2726 1061
f 1059 1061 2726
f 1049 1064 2681
f 880 2681 1064
f 1065 1064 2727
f 1063 2727 1064
f 1067 1045 914
f 2707 914 1045
f 2727 1063 1066
f 1067 1066 1063
f 2705 992 904
f 1069 904 992
f 2727 1066 1068
f 1069 1068 1066
f 2649 882 1003
f 1070 1003 882
f 2727 1068 1065
f 1070 1065 1068
f 918 2708 1071
f 1072 1071 2708
f 1075 1071 2728
f 1073 2728 1071
f 894 1077 2702
f 1078 2702 1077
f 1073 1077 2728
f 1076 2728 1077
f 1081 1082 2700
f 885 2700 1082
f 1080 2728 1082
f 1076 1082 2728
f 2709 922 1084
f 1083 1084 922
f 2728 1080 1075
f 1083 1075 1080
f 2716 1085 954
f 1087 954 1085
f 1087 1088 1089
f 2729 1089 1088
f 899 1091 2703
f 1092 2703 1091
f 1088 1091 2729
f 1090 2729 1091
f 1078 1094 2702
f 893 2702 1094
f 1090 1094 2729
f 1093 2729 1094
f 959 1095 2708
f 1072 2708 1095
f 1095 1089 1093
f 2729 1093 1089
f 2711 1097 971
f 1096 971 1097
f 1100 1096 2730
f 1098 2730 1096
f 1103 2704 1102
f 902 1102 2704
f 1098 1102 2730
f 1101 2730 1102
f 1092 1105 2703
f 897 2703 1105
f 1104 2730 1105
f 1101 1105 2730
f 2716 973 1085
f 1106 1085 973
f 1106 1100 1104
f 2730 1104 1100
f 2709 1084 923
f 1107 923 1084
f 2731 1109 1108
f 1107 1108 1109
f 888 1111 2700
f 1081 2700 1111
f 1108 1111 2731
f 1110 2731 1111
f 1103 1113 2704
f 901 2704 1113
f 1112 2731 1113
f 1110 1113 2731
f 934 1114 2711
f 1097 2711 1114
f 1109 2731 1114
f 1112 1114 2731
f 2565 37 1117
f 1116 1117 37
f 1116 1115 1119
f 2732 1119 1115
f 1121 31 1123
f 2570 1123 31
f 2732 1115 1120
f 1121 1120 1115
f 1127 1125 2733
f 1128 2733 1125
f 1124 2732 1125
f 1120 1125 2732
f 1129 1130 2734
f 1131 2734 1130
f 1119 2732 1130
f 1124 1130 2732
f 1123 2570 1133
f 687 1133 2570
f 1134 1133 2735
f 1132 2735 1133
f 1136 682 1138
f 2672 1138 682
f 2735 1132 1135
f 1136 1135 1132
f 1141 1142 2736
f 1143 2736 1142
f 1135 1142 2735
f 1140 2735 1142
f 2733 1128 1145
f 1144 1145 1128
f 2735 1140 1134
f 1144 1134 1140
f 2667 661 1148
f 1147 1148 661
f 2737 1150 1146
f 1147 1146 1150
f 1153 1154 2566
f 672 2566 1154
f 1146 1154 2737
f 1152 2737 1154
f 2738 1158 1159
f 1156 1159 1158
f 2737 1152 1155
f 1156 1155 1152
f 1160 1161 2739
f 1162 2739 1161
f 1155 1161 2737
f 1150 2737 1161
f 2566 17 1153
f 1163 1153 17
f 1164 2740 1163
f 1165 1163 2740
f 10 2565 1166
f 1117 1166 2565
f 1166 1167 1164
f 2740 1164 1167
f 1129 2734 1168
f 1169 1168 2734
f 1167 1168 2740
f 1170 2740 1168
f 1173 2738 1172
f 1159 1172 2738
f 2740 1170 1165
f 1172 1165 1170
f 1177 1141 1176
f 2736 1176 1141
f 2741 1178 1175
f 1177 1175 1178
f 2742 1181 1183
f 1182 1183 1181
f 1175 1182 2741
f 1180 2741 1182
f 2734 1131 1186
f 1185 1186 1131
f 2741 1180 1184
f 1185 1184 1180
f 1127 2733 1187
f 1145 1187 2733
f 1184 1187 2741
f 1178 2741 1187
f 2742 1189 1181
f 1188 1181 1189
f 1192 1188 2743
f 1190 2743 1188
f 1194 1195 1162
f 2739 1162 1195
f 2743 1190 1193
f 1194 1193 1190
f 1173 1197 2738
f 1158 2738 1197
f 1193 1197 2743
f 1196 2743 1197
f 2734 1186 1169
f 1198 1169 1186
f 2743 1196 1192
f 1198 1192 1196
f 1200 1203 1202
f 2744 1202 1203
f 1200 1199 1205
f 2745 1205 1199
f 1208 1209 2746
f 1210 2746 1209
f 1199 1209 2745
f 1207 2745 1209
f 1211 1212 2747
f 1213 2747 1212
f 1207 1212 2745
f 1205 2745 1212
f 1215 1218 1203
f 2744 1203 1218
f 2748 1216 1214
f 1215 1214 1216
f 2747 1222 1211
f 1220 1211 1222
f 2748 1214 1219
f 1220 1219 1214
f 91 1224 2582
f 1225 2582 1224
f 1219 1224 2748
f 1223 2748 1224
f 2581 180 84
f 1227 84 180
f 2748 1223 1226
f 1227 1226 1223
f 174 2594 1228
f 1229 1228 2594
f 2748 1226 1216
f 1228 1216 1226
f 1218 1231 2744
f 1202 2744 1231
f 2749 1232 1230
f 1231 1230 1232
f 2594 308 1229
f 1234 1229 308
f 2749 1230 1233
f 1234 1233 1230
f 1236 305 252
f 2607 252 305
f 2749 1233 1235
f 1236 1235 1233
f 2611 1237 264
f 1239 264 1237
f 2749 1235 1240
f 1239 1240 1235
f 2746 1210 1242
f 1241 1242 1210
f 2749 1240 1232
f 1241 1232 1240
f 1244 1249 1246
f 2750 1246 1249
f 2751 1247 1243
f 1244 1243 1247
f 1242 1251 2746
f 1252 2746 1251
f 1243 1251 2751
f 1250 2751 1251
f 1237 2611 1253
f 654 1253 2611
f 1253 1254 1250
f 2751 1250 1254
f 650 2666 1255
f 1256 1255 2666
f 1254 1255 2751
f 1247 2751 1255
f 1260 2684 1258
f 768 1258 2684
f 1261 1258 2752
f 1257 2752 1258
f 2582 1225 776
f 1263 776 1225
f 2752 1257 1262
f 1263 1262 1257
f 1266 1267 2747
f 1222 2747 1267
f 1262 1267 2752
f 1265 2752 1267
f 1268 1270 1269
f 2753 1269 1270
f 2752 1265 1261
f 1268 1261 1265
f 1213 1272 2747
f 1274 2747 1272
f 1271 2754 1272
f 1275 1272 2754
f 2746 1277 1208
f 1276 1208 1277
f 1276 1278 1271
f 2754 1271 1278
f 1281 1284 1283
f 2755 1283 1284
f 2754 1278 1280
f 1281 1280 1278
f 1286 1287 1285
f 2756 1285 1287
f 1286 1275 1280
f 2754 1280 1275
f 2746 1252 1277
f 1289 1277 1252
f 2757 1290 1288
f 1289 1288 1290
f 1293 1294 2750
f 1246 2750 1294
f 1288 1294 2757
f 1292 2757 1294
f 2758 1298 1299
f 1296 1299 1298
f 2757 1292 1295
f 1296 1295 1292
f 1284 1300 2755
f 1301 2755 1300
f 1295 1300 2757
f 1290 2757 1300
f 1305 2753 1302
f 1270 1302 2753
f 1306 1302 2759
f 1303 2759 1302
f 1308 1266 1274
f 2747 1274 1266
f 2759 1303 1307
f 1308 1307 1303
f 1311 1312 2756
f 1285 2756 1312
f 1310 2759 1312
f 1307 1312 2759
f 2760 1314 1315
f 1313 1315 1314
f 1313 1306 1310
f 2759 1310 1306
f 1317 1283 1301
f 2755 1301 1283
f 2761 1318 1316
f 1317 1316 1318
f 1320 1319 2758
f 1298 2758 1319
f 1316 1319 2761
f 1321 2761 1319
f 1315 1324 2760
f 1325 2760 1324
f 1321 1324 2761
f 1323 2761 1324
f 1326 1311 1287
f 2756 1287 1311
f 2761 1323 1318
f 1326 1318 1323
f 1329 1330 2762
f 1332 2762 1330
f 2763 1331 1328
f 1330 1328 1331
f 2764 1336 1338
f 1337 1338 1336
f 1335 2763 1337
f 1328 1337 2763
f 1341 1343 1339
f 2765 1339 1343
f 2763 1335 1342
f 1341 1342 1335
f 1344 1346 1345
f 2766 1345 1346
f 1342 1344 2763
f 1331 2763 1344
f 1348 1351 1332
f 2762 1332 1351
f 2767 1349 1347
f 1348 1347 1349
f 1354 1355 2766
f 1345 2766 1355
f 1353 2767 1355
f 1347 1355 2767
f 1357 1360 1359
f 2768 1359 1360
f 2767 1353 1356
f 1357 1356 1353
f 2769 1361 1363
f 1362 1363 1361
f 1356 1362 2767
f 1349 2767 1362
f 2770 1367 1369
f 1365 1369 1367
f 1368 1365 2771
f 1364 2771 1365
f 2772 1374 1375
f 1372 1375 1374
f 2771 1364 1371
f 1372 1371 1364
f 1378 1379 2773
f 1380 2773 1379
f 1371 1379 2771
f 1377 2771 1379
f 2774 1382 1383
f 1381 1383 1382
f 2771 1377 1368
f 1381 1368 1377
f 2775 1387 1388
f 1385 1388 1387
f 2776 1390 1384
f 1385 1384 1390
f 1393 1394 2777
f 1395 2777 1394
f 1384 1394 2776
f 1392 2776 1394
f 2773 1380 1398
f 1397 1398 1380
f 2776 1392 1396
f 1397 1396 1392
f 1399 1400 2772
f 1374 2772 1400
f 1396 1400 2776
f 1390 2776 1400
f 2778 1403 1405
f 1404 1405 1403
f 2779 1407 1402
f 1404 1402 1407
f 2780 1411 1412
f 1409 1412 1411
f 1409 1408 1402
f 2779 1402 1408
f 1414 1417 1416
f 2781 1416 1417
f 2779 1408 1413
f 1414 1413 1408
f 1418 1419 2782
f 1420 2782 1419
f 1413 1419 2779
f 1407 2779 1419
f 1423 1424 2770
f 1367 2770 1424
f 1425 1424 2783
f 1422 2783 1424
f 2764 1429 1430
f 1427 1430 1429
f 2783 1422 1426
f 1427 1426 1422
f 1433 1434 2784
f 1435 2784 1434
f 1426 1434 2783
f 1432 2783 1434
f 2772 1375 1437
f 1436 1437 1375
f 2783 1432 1425
f 1436 1425 1432
f 1439 1329 1441
f 2762 1441 1329
f 2785 1442 1438
f 1439 1438 1442
f 1445 1446 2786
f 1447 2786 1446
f 1438 1446 2785
f 1444 2785 1446
f 2784 1435 1450
f 1449 1450 1435
f 2785 1444 1448
f 1449 1448 1444
f 2764 1338 1429
f 1451 1429 1338
f 1448 1451 2785
f 1442 2785 1451
f 1453 1457 1455
f 2787 1455 1457
f 1458 1453 2788
f 1452 2788 1453
f 1462 1460 2789
f 1463 2789 1460
f 2788 1452 1459
f 1460 1459 1452
f 1450 1465 2784
f 1466 2784 1465
f 1464 2788 1465
f 1459 1465 2788
f 2786 1467 1445
f 1468 1445 1467
f 1468 1458 1464
f 2788 1464 1458
f 1388 1470 2775
f 1472 2775 1470
f 1469 2790 1470
f 1473 1470 2790
f 2772 1437 1399
f 1475 1399 1437
f 1474 2790 1475
f 1469 1475 2790
f 2784 1466 1433
f 1476 1433 1466
f 1476 1477 1474
f 2790 1474 1477
f 1478 1462 1479
f 2789 1479 1462
f 1477 1478 2790
f 1473 2790 1478
f 1405 1481 2778
f 1483 2778 1481
f 1484 1481 2791
f 1480 2791 1481
f 2782 1488 1418
f 1486 1418 1488
f 2791 1480 1485
f 1486 1485 1480
f 1491 1492 2792
f 1493 2792 1492
f 1485 1492 2791
f 1490 2791 1492
f 2769 1495 1496
f 1494 1496 1495
f 2791 1490 1484
f 1494 1484 1490
f 1498 1501 1500
f 2793 1500 1501
f 2794 1503 1497
f 1498 1497 1503
f 1506 1507 2795
f 1508 2795 1507
f 1505 2794 1507
f 1497 1507 2794
f 2792 1493 1511
f 1510 1511 1493
f 2794 1505 1509
f 1510 1509 1505
f 1512 1513 2782
f 1488 2782 1513
f 1509 1513 2794
f 1503 2794 1513
f 1457 1514 2787
f 1517 2787 1514
f 1515 2796 1514
f 1516 1514 2796
f 1519 1521 2786
f 1467 2786 1521
f 2796 1515 1522
f 1521 1522 1515
f 1511 1524 2792
f 1525 2792 1524
f 1522 1524 2796
f 1523 2796 1524
f 2795 1527 1506
f 1526 1506 1527
f 2796 1523 1516
f 1526 1516 1523
f 1351 1529 2762
f 1441 2762 1529
f 2797 1530 1528
f 1529 1528 1530
f 2769 1496 1361
f 1532 1361 1496
f 1531 2797 1532
f 1528 1532 2797
f 2792 1525 1491
f 1534 1491 1525
f 2797 1531 1533
f 1534 1533 1531
f 2786 1447 1519
f 1535 1519 1447
f 1533 1535 2797
f 1530 2797 1535
f 1537 1540 1539
f 2798 1539 1540
f 2799 1542 1536
f 1537 1536 1542
f 2800 1545 1547
f 1546 1547 1545
f 1544 2799 1546
f 1536 1546 2799
f 2801 1551 1552
f 1549 1552 1551
f 1549 1548 1544
f 2799 1544 1548
f 2802 1554 1555
f 1553 1555 1554
f 1548 1553 2799
f 1542 2799 1553
f 1560 2803 1556
f 1557 1556 2803
f 2804 1562 1558
f 1556 1558 1562
f 1566 1567 1565
f 2805 1565 1567
f 1558 1566 2804
f 1564 2804 1566
f 2801 1552 1570
f 1569 1570 1552
f 2804 1564 1568
f 1569 1568 1564
f 1571 1572 2800
f 1545 2800 1572
f 1568 1572 2804
f 1562 2804 1572
f 1575 1576 2806
f 1578 2806 1576
f 1579 1576 2807
f 1574 2807 1576
f 2808 1580 1584
f 1582 1584 1580
f 1582 1583 1574
f 2807 1574 1583
f 1587 1588 2809
f 1589 2809 1588
f 1583 1588 2807
f 1586 2807 1588
f 2810 1590 1592
f 1591 1592 1590
f 2807 1586 1579
f 1591 1579 1586
f 2803 1596 1557
f 1594 1557 1596
f 2811 1597 1593
f 1594 1593 1597
f 1592 1599 2810
f 1600 2810 1599
f 1593 1599 2811
f 1598 2811 1599
f 2809 1604 1587
f 1602 1587 1604
f 2811 1598 1601
f 1602 1601 1598
f 1567 1605 2805
f 1606 2805 1605
f 1601 1605 2811
f 1597 2811 1605
f 1609 1610 2787
f 1455 2787 1610
f 1611 1610 2812
f 1608 2812 1610
f 2803 1560 1614
f 1613 1614 1560
f 2812 1608 1612
f 1613 1612 1608
f 1617 1618 2800
f 1571 2800 1618
f 1612 1618 2812
f 1616 2812 1618
f 2789 1463 1620
f 1619 1620 1463
f 2812 1616 1611
f 1619 1611 1616
f 2795 1508 1623
f 1621 1623 1508
f 1621 1622 1625
f 2813 1625 1622
f 1627 1626 2793
f 1500 2793 1626
f 1622 1626 2813
f 1628 2813 1626
f 1578 1631 2806
f 1632 2806 1631
f 2813 1628 1630
f 1631 1630 1628
f 1633 1634 2810
f 1590 2810 1634
f 1625 2813 1634
f 1630 1634 2813
f 2777 1395 1637
f 1636 1637 1395
f 1636 1635 1639
f 2814 1639 1635
f 1641 1640 2775
f 1387 2775 1640
f 1635 1640 2814
f 1642 2814 1640
f 1645 1646 1540
f 2798 1540 1646
f 2814 1642 1644
f 1645 1644 1642
f 2802 1647 1554
f 1648 1554 1647
f 1639 2814 1648
f 1644 1648 2814
f 2810 1600 1633
f 1650 1633 1600
f 2815 1651 1649
f 1650 1649 1651
f 1614 1653 2803
f 1596 2803 1653
f 1649 1653 2815
f 1652 2815 1653
f 2787 1517 1609
f 1655 1609 1517
f 2815 1652 1654
f 1655 1654 1652
f 1623 1656 2795
f 1527 2795 1656
f 1654 1656 2815
f 1651 2815 1656
f 1620 1658 2789
f 1479 2789 1658
f 1659 1658 2816
f 1657 2816 1658
f 2800 1547 1617
f 1661 1617 1547
f 2816 1657 1660
f 1661 1660 1657
f 1646 1663 2798
f 1539 2798 1663
f 1660 1663 2816
f 1662 2816 1663
f 2775 1472 1641
f 1664 1641 1472
f 2816 1662 1659
f 1664 1659 1662
f 2777 1637 1667
f 1665 1667 1637
f 1669 1665 2817
f 1666 2817 1665
f 1671 1647 1673
f 2802 1673 1647
f 2817 1666 1670
f 1671 1670 1666
f 1676 1677 2818
f 1678 2818 1677
f 1675 2817 1677
f 1670 1677 2817
f 2819 1679 1681
f 1680 1681 1679
f 1680 1669 1675
f 2817 1675 1669
f 1681 1682 2819
f 1685 2819 1682
f 1686 1682 2820
f 1683 2820 1682
f 1688 1676 1690
f 2818 1690 1676
f 2820 1683 1687
f 1688 1687 1683
f 1693 1694 2821
f 1695 2821 1694
f 1692 2820 1694
f 1687 1694 2820
f 2822 1697 1698
f 1696 1698 1697
f 2820 1692 1686
f 1696 1686 1692
f 2819 1685 1701
f 1700 1701 1685
f 2823 1703 1699
f 1700 1699 1703
f 1706 1707 2822
f 1697 2822 1707
f 1699 1707 2823
f 1705 2823 1707
f 2824 1711 1712
f 1709 1712 1711
f 2823 1705 1708
f 1709 1708 1705
f 1713 1714 2825
f 1715 2825 1714
f 1708 1714 2823
f 1703 2823 1714
f 2822 1719 1706
f 1717 1706 1719
f 2826 1720 1716
f 1717 1716 1720
f 2827 1724 1725
f 1722 1725 1724
f 1716 1722 2826
f 1721 2826 1722
f 1727 1730 1729
f 2828 1729 1730
f 2826 1721 1726
f 1727 1726 1721
f 1712 1731 2824
f 1732 2824 1731
f 1726 1731 2826
f 1720 2826 1731
f 1734 1739 1736
f 2829 1736 1739
f 2830 1737 1733
f 1734 1733 1737
f 1743 1741 2831
f 1744 2831 1741
f 2830 1733 1740
f 1741 1740 1733
f 1747 1748 2832
f 1749 2832 1748
f 2830 1740 1746
f 1748 1746 1740
f 1750 1751 2833
f 1752 2833 1751
f 2830 1746 1737
f 1751 1737 1746
f 1754 1759 1756
f 2834 1756 1759
f 2835 1757 1753
f 1754 1753 1757
f 1763 1761 2836
f 1764 2836 1761
f 2835 1753 1760
f 1761 1760 1753
f 1767 1768 2837
f 1769 2837 1768
f 1760 1768 2835
f 1766 2835 1768
f 1770 1771 2838
f 1772 2838 1771
f 2835 1766 1757
f 1771 1757 1766
f 2769 1775 1495
f 1776 1495 1775
f 1777 1776 2839
f 1774 2839 1776
f 1764 1779 2836
f 1780 2836 1779
f 2839 1774 1778
f 1779 1778 1774
f 1783 1784 2834
f 1756 2834 1784
f 1778 1784 2839
f 1782 2839 1784
f 1785 1786 1483
f 2778 1483 1786
f 2839 1782 1777
f 1785 1777 1782
f 2780 1790 1791
f 1788 1791 1790
f 2840 1793 1787
f 1788 1787 1793
f 1772 1795 2838
f 1796 2838 1795
f 1787 1795 2840
f 1794 2840 1795
f 1799 1800 2837
f 1767 2837 1800
f 2840 1794 1798
f 1800 1798 1794
f 2768 1801 1803
f 1802 1803 1801
f 1798 1802 2840
f 1793 2840 1802
f 2769 1363 1775
f 1805 1775 1363
f 2841 1806 1804
f 1805 1804 1806
f 2768 1803 1359
f 1808 1359 1803
f 1804 1808 2841
f 1807 2841 1808
f 1769 1810 2837
f 1799 2837 1810
f 2841 1807 1809
f 1810 1809 1807
f 1780 1811 2836
f 1763 2836 1811
f 1809 1811 2841
f 1806 2841 1811
f 2780 1412 1790
f 1812 1790 1412
f 1813 2842 1812
f 1814 1812 2842
f 1816 1403 1786
f 2778 1786 1403
f 1816 1815 1813
f 2842 1813 1815
f 1759 1818 2834
f 1783 2834 1818
f 1815 1818 2842
f 1817 2842 1818
f 1796 1819 2838
f 1770 2838 1819
f 2842 1817 1814
f 1819 1814 1817
f 2764 1430 1823
f 1821 1823 1430
f 1824 1821 2843
f 1820 2843 1821
f 1826 1423 1828
f 2770 1828 1423
f 2843 1820 1825
f 1826 1825 1820
f 1739 1830 2829
f 1831 2829 1830
f 1825 1830 2843
f 1829 2843 1830
f 1833 1832 2833
f 1750 2833 1832
f 2843 1829 1824
f 1832 1824 1829
f 1835 1834 2774
f 1382 2774 1834
f 1838 1834 2844
f 1836 2844 1834
f 1744 1840 2831
f 1841 2831 1840
f 2844 1836 1839
f 1840 1839 1836
f 1831 1843 2829
f 1736 2829 1843
f 1839 1843 2844
f 1842 2844 1843
f 1828 2770 1844
f 1369 1844 2770
f 1844 1838 1842
f 2844 1842 1838
f 1343 1846 2765
f 1848 2765 1846
f 1849 1846 2845
f 1845 2845 1846
f 2764 1823 1336
f 1851 1336 1823
f 2845 1845 1850
f 1851 1850 1845
f 1752 1853 2833
f 1833 2833 1853
f 1850 1853 2845
f 1852 2845 1853
f 1854 1747 1855
f 2832 1855 1747
f 2845 1852 1849
f 1854 1849 1852
f 2774 1859 1835
f 1857 1835 1859
f 2846 1860 1856
f 1857 1856 1860
f 2765 1848 1863
f 1862 1863 1848
f 1856 1862 2846
f 1861 2846 1862
f 1749 1865 2832
f 1855 2832 1865
f 2846 1861 1864
f 1865 1864 1861
f 1841 1866 2831
f 1743 2831 1866
f 1864 1866 2846
f 1860 2846 1866
f 2827 1725 1869
f 1868 1869 1725
f 2847 1871 1867
f 1868 1867 1871
f 1698 1873 2822
f 1719 2822 1873
f 1867 1873 2847
f 1872 2847 1873
f 1875 1693 1877
f 2821 1877 1693
f 2847 1872 1874
f 1875 1874 1872
f 1880 1881 2848
f 1882 2848 1881
f 2847 1874 1879
f 1881 1879 1874
f 2849 1884 1885
f 1883 1885 1884
f 2847 1879 1871
f 1883 1871 1879
f 2850 1886 1890
f 1888 1890 1886
f 1888 1889 1892
f 2851 1892 1889
f 1894 1897 1896
f 2852 1896 1897
f 2851 1889 1893
f 1894 1893 1889
f 1901 1899 2853
f 1902 2853 1899
f 1893 1899 2851
f 1898 2851 1899
f 1905 2848 1904
f 1903 1904 2848
f 1892 2851 1904
f 1898 1904 2851
f 1907 1880 1905
f 2848 1905 1880
f 2854 1908 1906
f 1907 1906 1908
f 1911 1912 2853
f 1901 2853 1912
f 1906 1912 2854
f 1910 2854 1912
f 1914 1917 1916
f 2855 1916 1917
f 2854 1910 1913
f 1914 1913 1910
f 2849 1885 1919
f 1918 1919 1885
f 1913 1918 2854
f 1908 2854 1918
f 1921 1922 1917
f 2855 1917 1922
f 2856 1924 1920
f 1921 1920 1924
f 1902 1926 2853
f 1911 2853 1926
f 1920 1926 2856
f 1925 2856 1926
f 1930 1928 2852
f 1896 2852 1928
f 2856 1925 1927
f 1928 1927 1925
f 1933 2857 1932
f 1931 1932 2857
f 1927 1932 2856
f 1924 2856 1932
f 1936 1937 2659
f 610 2659 1937
f 1938 1937 2858
f 1935 2858 1937
f 2802 1555 1941
f 1940 1941 1555
f 2858 1935 1939
f 1940 1939 1935
f 1944 1945 2801
f 1551 2801 1945
f 1939 1945 2858
f 1943 2858 1945
f 2661 619 1947
f 1946 1947 619
f 2858 1943 1938
f 1946 1938 1943
f 1950 1951 2662
f 626 2662 1951
f 1949 2859 1951
f 1952 1951 2859
f 2805 1606 1955
f 1954 1955 1606
f 2859 1949 1953
f 1954 1953 1949
f 1957 1956 2809
f 1604 2809 1956
f 1953 1956 2859
f 1958 2859 1956
f 1960 1961 636
f 2664 636 1961
f 2859 1958 1952
f 1960 1952 1958
f 1961 1963 2664
f 643 2664 1963
f 1962 2860 1963
f 1964 1963 2860
f 2809 1589 1957
f 1965 1957 1589
f 1965 1966 1962
f 2860 1962 1966
f 1969 1970 2808
f 1580 2808 1970
f 1968 2860 1970
f 1966 1970 2860
f 1971 1972 651
f 2666 651 1972
f 2860 1968 1964
f 1971 1964 1968
f 1975 1976 2667
f 658 2667 1976
f 1977 1976 2861
f 1974 2861 1976
f 1979 1980 1863
f 2765 1863 1980
f 2861 1974 1978
f 1979 1978 1974
f 1982 1981 2774
f 1859 2774 1981
f 1983 2861 1981
f 1978 1981 2861
f 1985 1986 667
f 2669 667 1986
f 2861 1983 1977
f 1985 1977 1983
f 2670 1987 676
f 1989 676 1987
f 1989 1990 1991
f 2862 1991 1990
f 1791 1993 2780
f 1994 2780 1993
f 1990 1993 2862
f 1992 2862 1993
f 1996 1801 1998
f 2768 1998 1801
f 2862 1992 1995
f 1996 1995 1992
f 2000 2672 1999
f 684 1999 2672
f 1995 1999 2862
f 1991 2862 1999
f 1947 2002 2661
f 691 2661 2002
f 2003 2002 2863
f 2001 2863 2002
f 2801 1570 1944
f 2004 1944 1570
f 2863 2001 2005
f 2004 2005 2001
f 1565 2805 2006
f 1955 2006 2805
f 2005 2006 2863
f 2007 2863 2006
f 2008 1950 697
f 2662 697 1950
f 2863 2007 2003
f 2008 2003 2007
f 2011 2012 2674
f 703 2674 2012
f 2013 2012 2864
f 2010 2864 2012
f 2818 1678 2016
f 2014 2016 1678
f 2864 2010 2015
f 2014 2015 2010
f 1941 2018 2802
f 1673 2802 2018
f 2015 2018 2864
f 2017 2864 2018
f 2659 710 1936
f 2019 1936 710
f 2864 2017 2013
f 2019 2013 2017
f 2022 2023 2676
f 716 2676 2023
f 2021 2865 2023
f 2024 2023 2865
f 2821 1695 2027
f 2025 2027 1695
f 2025 2026 2021
f 2865 2021 2026
f 1690 2818 2028
f 2016 2028 2818
f 2026 2028 2865
f 2029 2865 2028
f 2030 2011 724
f 2674 724 2011
f 2865 2029 2024
f 2030 2024 2029
f 2678 2033 730
f 2034 730 2033
f 2035 2034 2866
f 2032 2866 2034
f 2827 2036 2040
f 2038 2040 2036
f 2866 2032 2039
f 2038 2039 2032
f 2043 2044 2867
f 2045 2867 2044
f 2039 2044 2866
f 2042 2866 2044
f 2680 740 2047
f 2046 2047 740
f 2866 2042 2035
f 2046 2035 2042
f 2049 2048 2682
f 749 2682 2048
f 2868 2052 2050
f 2048 2050 2052
f 1730 2054 2828
f 2055 2828 2054
f 2053 2868 2054
f 2050 2054 2868
f 2827 2040 1724
f 2057 1724 2040
f 2057 2056 2053
f 2868 2053 2056
f 2058 2033 758
f 2678 758 2033
f 2056 2058 2868
f 2052 2868 2058
f 2061 2062 2684
f 764 2684 2062
f 2060 2869 2062
f 2063 2062 2869
f 2781 1417 2066
f 2065 2066 1417
f 2065 2064 2060
f 2869 2060 2064
f 2780 1994 1411
f 2068 1411 1994
f 2064 2068 2869
f 2067 2869 2068
f 772 2069 2670
f 1987 2670 2069
f 2869 2067 2063
f 2069 2063 2067
f 2669 1986 780
f 2071 780 1986
f 2870 2072 2070
f 2071 2070 2072
f 1383 2074 2774
f 1982 2774 2074
f 2070 2074 2870
f 2073 2870 2074
f 2773 2078 1378
f 2076 1378 2078
f 2870 2073 2075
f 2076 2075 2073
f 2080 2687 2079
f 786 2079 2687
f 2075 2079 2870
f 2072 2870 2079
f 2082 794 2080
f 2687 2080 794
f 2871 2083 2081
f 2082 2081 2083
f 1398 2085 2773
f 2078 2773 2085
f 2081 2085 2871
f 2084 2871 2085
f 2777 2089 1393
f 2087 1393 2089
f 2871 2084 2086
f 2087 2086 2084
f 2091 2689 2090
f 800 2090 2689
f 2086 2090 2871
f 2083 2871 2090
f 2093 808 2091
f 2689 2091 808
f 2872 2094 2092
f 2093 2092 2094
f 1667 2095 2777
f 2089 2777 2095
f 2096 2872 2095
f 2092 2095 2872
f 2819 2098 1679
f 2097 1679 2098
f 2096 2097 2872
f 2099 2872 2097
f 2101 2102 814
f 2691 814 2102
f 2872 2099 2094
f 2101 2094 2099
f 821 2691 2104
f 2102 2104 2691
f 2105 2104 2873
f 2103 2873 2104
f 2819 1701 2098
f 2107 2098 1701
f 2107 2106 2103
f 2873 2103 2106
f 2109 1713 2111
f 2825 2111 1713
f 2106 2109 2873
f 2108 2873 2109
f 2113 2693 2112
f 828 2112 2693
f 2873 2108 2105
f 2112 2105 2108
f 2115 836 2113
f 2693 2113 836
f 2874 2116 2114
f 2115 2114 2116
f 1715 2118 2825
f 2111 2825 2118
f 2114 2118 2874
f 2117 2874 2118
f 2824 2122 1711
f 2120 1711 2122
f 2874 2117 2119
f 2120 2119 2117
f 2124 2695 2123
f 842 2123 2695
f 2119 2123 2874
f 2116 2874 2123
f 2126 848 2124
f 2695 2124 848
f 2125 2875 2126
f 2127 2126 2875
f 2824 1732 2122
f 2129 2122 1732
f 2129 2128 2125
f 2875 2125 2128
f 2055 2131 2828
f 1729 2828 2131
f 2128 2131 2875
f 2130 2875 2131
f 2132 2049 854
f 2682 854 2049
f 2875 2130 2127
f 2132 2127 2130
f 860 2133 2676
f 2022 2676 2133
f 2876 2135 2134
f 2133 2134 2135
f 2137 871 2139
f 2698 2139 871
f 2876 2134 2136
f 2137 2136 2134
f 1890 2141 2850
f 2142 2850 2141
f 2876 2136 2140
f 2141 2140 2136
f 2848 1882 1903
f 2144 1903 1882
f 2876 2140 2143
f 2144 2143 2140
f 2027 2145 2821
f 1877 2821 2145
f 2876 2143 2135
f 2145 2135 2143
f 2827 1869 2036
f 2146 2036 1869
f 2146 2147 2148
f 2877 2148 2147
f 2151 2152 2849
f 1884 2849 2152
f 2147 2152 2877
f 2150 2877 2152
f 2867 2045 2154
f 2153 2154 2045
f 2153 2148 2150
f 2877 2150 2148
f 2158 2160 2157
f 2878 2157 2160
f 2161 2158 2879
f 2156 2879 2158
f 2163 2166 2165
f 2880 2165 2166
f 2879 2156 2162
f 2163 2162 2156
f 2169 2170 2881
f 2171 2881 2170
f 2162 2170 2879
f 2168 2879 2170
f 2172 2174 2173
f 2882 2173 2174
f 2879 2168 2161
f 2172 2161 2168
f 2177 2178 2883
f 2180 2883 2178
f 2176 2884 2178
f 2179 2178 2884
f 2885 2184 2186
f 2185 2186 2184
f 2185 2183 2176
f 2884 2176 2183
f 2187 2191 2188
f 2886 2188 2191
f 2183 2187 2884
f 2189 2884 2187
f 2192 2194 2193
f 2887 2193 2194
f 2884 2189 2179
f 2192 2179 2189
f 2885 2198 2199
f 2196 2199 2198
f 2196 2195 2201
f 2888 2201 2195
f 2206 2889 2202
f 2203 2202 2889
f 2195 2202 2888
f 2204 2888 2202
f 2208 2211 2210
f 2890 2210 2211
f 2888 2204 2207
f 2208 2207 2204
f 2212 2214 2213
f 2891 2213 2214
f 2201 2888 2212
f 2207 2212 2888
f 2887 2194 2218
f 2215 2218 2194
f 2219 2215 2892
f 2216 2892 2215
f 2221 2188 2223
f 2886 2223 2188
f 2892 2216 2220
f 2221 2220 2216
f 2226 2227 2893
f 2228 2893 2227
f 2225 2892 2227
f 2220 2227 2892
f 2229 2230 2894
f 2231 2894 2230
f 2219 2892 2230
f 2225 2230 2892
f 2235 2894 2232
f 2231 2232 2894
f 2236 2232 2895
f 2233 2895 2232
f 2237 2226 2238
f 2893 2238 2226
f 2233 2237 2895
f 2239 2895 2237
f 2214 2241 2891
f 2243 2891 2241
f 2895 2239 2242
f 2241 2242 2239
f 2210 2890 2244
f 2245 2244 2890
f 2242 2244 2895
f 2236 2895 2244
f 2883 2248 2177
f 2249 2177 2248
f 2896 2250 2247
f 2249 2247 2250
f 2897 2254 2255
f 2252 2255 2254
f 2896 2247 2251
f 2252 2251 2247
f 2258 2889 2256
f 2206 2256 2889
f 2251 2256 2896
f 2257 2896 2256
f 2885 2186 2198
f 2259 2198 2186
f 2257 2259 2896
f 2250 2896 2259
f 2261 2248 2263
f 2883 2263 2248
f 2898 2264 2260
f 2261 2260 2264
f 2849 1919 2267
f 2266 2267 1919
f 2898 2260 2265
f 2266 2265 2260
f 1922 2269 2855
f 1916 2855 2269
f 2265 2269 2898
f 2268 2898 2269
f 2857 2273 1931
f 2271 1931 2273
f 2898 2268 2270
f 2271 2270 2268
f 2275 2897 2274
f 2255 2274 2897
f 2898 2270 2264
f 2274 2264 2270
f 2889 2258 2278
f 2276 2278 2258
f 2276 2277 2280
f 2899 2280 2277
f 2275 2282 2897
f 2254 2897 2282
f 2281 2899 2282
f 2277 2282 2899
f 1933 2284 2857
f 2273 2857 2284
f 2899 2281 2283
f 2284 2283 2281
f 1897 2285 2852
f 1930 2852 2285
f 2899 2283 2286
f 2285 2286 2283
f 2288 2287 2850
f 1886 2850 2287
f 2286 2287 2899
f 2280 2899 2287
f 2211 2290 2890
f 2292 2890 2290
f 2900 2293 2289
f 2290 2289 2293
f 2889 2278 2203
f 2295 2203 2278
f 2295 2294 2289
f 2900 2289 2294
f 2297 2288 2142
f 2850 2142 2288
f 2900 2294 2296
f 2297 2296 2294
f 2698 1029 2139
f 2299 2139 1029
f 2900 2296 2298
f 2299 2298 2296
f 2300 1024 2301
f 2723 2301 1024
f 2900 2298 2293
f 2300 2293 2298
f 1039 2303 2724
f 2304 2724 2303
f 2901 2306 2302
f 2303 2302 2306
f 2047 2308 2680
f 1050 2680 2308
f 2302 2308 2901
f 2307 2901 2308
f 2867 2312 2043
f 2310 2043 2312
f 2901 2307 2309
f 2310 2309 2307
f 2315 2887 2314
f 2218 2314 2887
f 2901 2309 2313
f 2314 2313 2309
f 2316 2229 2317
f 2894 2317 2229
f 2901 2313 2306
f 2316 2306 2313
f 2723 1054 2301
f 2318 2301 1054
f 2318 2319 2320
f 2902 2320 2319
f 2724 2304 1062
f 2322 1062 2304
f 2319 2322 2902
f 2321 2902 2322
f 2324 2317 2235
f 2894 2235 2317
f 2902 2321 2323
f 2324 2323 2321
f 2890 2292 2245
f 2325 2245 2292
f 2902 2323 2320
f 2325 2320 2323
f 2154 2327 2867
f 2312 2867 2327
f 2328 2327 2903
f 2326 2903 2327
f 2849 2267 2151
f 2329 2151 2267
f 2903 2326 2330
f 2329 2330 2326
f 2883 2180 2263
f 2332 2263 2180
f 2903 2330 2331
f 2332 2331 2330
f 2333 2193 2315
f 2887 2315 2193
f 2903 2331 2328
f 2333 2328 2331
f 2191 2335 2886
f 2337 2886 2335
f 2334 2904 2335
f 2336 2335 2904
f 2885 2339 2184
f 2341 2184 2339
f 2904 2334 2342
f 2341 2342 2334
f 2160 2344 2878
f 2345 2878 2344
f 2342 2344 2904
f 2343 2904 2344
f 2346 2347 2882
f 2173 2882 2347
f 2336 2904 2347
f 2343 2347 2904
f 2893 2228 2350
f 2349 2350 2228
f 2349 2348 2352
f 2905 2352 2348
f 2223 2886 2353
f 2337 2353 2886
f 2353 2354 2348
f 2905 2348 2354
f 2174 2356 2882
f 2346 2882 2356
f 2354 2356 2905
f 2355 2905 2356
f 2357 2358 2881
f 2169 2881 2358
f 2352 2905 2358
f 2355 2358 2905
f 2891 2243 2362
f 2360 2362 2243
f 2359 2906 2360
f 2361 2360 2906
f 2893 2350 2238
f 2364 2238 2350
f 2364 2365 2359
f 2906 2359 2365
f 2171 2367 2881
f 2357 2881 2367
f 2365 2367 2906
f 2366 2906 2367
f 2368 2369 2880
f 2165 2880 2369
f 2361 2906 2369
f 2366 2369 2906
f 2885 2199 2339
f 2371 2339 2199
f 2907 2372 2370
f 2371 2370 2372
f 2362 2373 2891
f 2213 2891 2373
f 2370 2373 2907
f 2374 2907 2373
f 2166 2376 2880
f 2368 2880 2376
f 2374 2376 2907
f 2375 2907 2376
f 2345 2377 2878
f 2157 2878 2377
f 2375 2377 2907
f 2372 2907 2377
f 2766 2378 1354
f 2380 1354 2378
f 2380 2381 2382
f 2908 2382 2381
f 2387 2909 2383
f 2384 2383 2909
f 2381 2383 2908
f 2385 2908 2383
f 2392 2910 2388
f 2389 2388 2910
f 2385 2388 2908
f 2390 2908 2388
f 2393 2394 1360
f 2768 1360 2394
f 2908 2390 2382
f 2393 2382 2390
f 2394 2396 2768
f 1998 2768 2396
f 2397 2396 2911
f 2395 2911 2396
f 2910 2401 2389
f 2399 2389 2401
f 2911 2395 2398
f 2399 2398 2395
f 1143 2403 2736
f 2404 2736 2403
f 2398 2403 2911
f 2402 2911 2403
f 2405 1138 2000
f 2672 2000 1138
f 2911 2402 2397
f 2405 2397 2402
f 2667 1148 1975
f 2407 1975 1148
f 2912 2408 2406
f 2407 2406 2408
f 2411 2412 2739
f 1160 2739 2412
f 2406 2412 2912
f 2410 2912 2412
f 2913 2413 2417
f 2415 2417 2413
f 2912 2410 2416
f 2415 2416 2410
f 2419 2765 2418
f 1980 2418 2765
f 2416 2418 2912
f 2408 2912 2418
f 2765 2419 1339
f 2421 1339 2419
f 2422 2421 2914
f 2420 2914 2421
f 2426 2424 2913
f 2413 2913 2424
f 2914 2420 2423
f 2424 2423 2420
f 2387 2428 2909
f 2429 2909 2428
f 2427 2914 2428
f 2423 2428 2914
f 1346 2430 2766
f 2378 2766 2430
f 2430 2422 2427
f 2914 2427 2422
f 2432 1176 2404
f 2736 2404 1176
f 2915 2433 2431
f 2432 2431 2433
f 2392 2435 2910
f 2401 2910 2435
f 2431 2435 2915
f 2434 2915 2435
f 2909 2439 2384
f 2437 2384 2439
f 2915 2434 2436
f 2437 2436 2434
f 2742 1183 2441
f 2440 2441 1183
f 2436 2440 2915
f 2433 2915 2440
f 2742 2441 1189
f 2443 1189 2441
f 2444 2443 2916
f 2442 2916 2443
f 2909 2429 2439
f 2446 2439 2429
f 2916 2442 2445
f 2446 2445 2442
f 2426 2913 2448
f 2417 2448 2913
f 2445 2448 2916
f 2447 2916 2448
f 2449 2411 1195
f 2739 1195 2411
f 2916 2447 2444
f 2449 2444 2447
f 2451 2454 2453
f 2917 2453 2454
f 2451 2450 2456
f 2918 2456 2450
f 2461 2919 2459
f 2457 2459 2919
f 2450 2459 2918
f 2460 2918 2459
f 2462 2463 2920
f 2464 2920 2463
f 2460 2463 2918
f 2456 2918 2463
f 2468 2466 2917
f 2453 2917 2466
f 2921 2469 2465
f 2466 2465 2469
f 1501 2471 2793
f 2472 2793 2471
f 2921 2465 2470
f 2471 2470 2465
f 2782 1420 1512
f 2474 1512 1420
f 2921 2470 2473
f 2474 2473 2470
f 2477 2478 2781
f 1416 2781 2478
f 2473 2478 2921
f 2476 2921 2478
f 2919 2461 2480
f 2479 2480 2461
f 2921 2476 2469
f 2479 2469 2476
f 2454 2482 2917
f 2468 2917 2482
f 2922 2483 2481
f 2482 2481 2483
f 2920 2487 2462
f 2485 2462 2487
f 2922 2481 2484
f 2485 2484 2481
f 2808 1584 2490
f 2489 2490 1584
f 2922 2484 2488
f 2489 2488 2484
f 1632 2492 2806
f 1575 2806 2492
f 2922 2488 2491
f 2492 2491 2488
f 2793 2472 1627
f 2493 1627 2472
f 2922 2491 2483
f 2493 2483 2491
f 2495 2496 1249
f 2750 1249 2496
f 2923 2498 2494
f 2495 2494 2498
f 1972 2500 2666
f 1256 2666 2500
f 2499 2923 2500
f 2494 2500 2923
f 2490 2501 2808
f 1969 2808 2501
f 2501 2502 2499
f 2923 2499 2502
f 2503 2504 2920
f 2487 2920 2504
f 2502 2504 2923
f 2498 2923 2504
f 1260 2506 2684
f 2061 2684 2506
f 2507 2506 2924
f 2505 2924 2506
f 2509 1269 2511
f 2753 2511 1269
f 2924 2505 2508
f 2509 2508 2505
f 2480 2513 2919
f 2514 2919 2513
f 2508 2513 2924
f 2512 2924 2513
f 2781 2066 2477
f 2515 2477 2066
f 2924 2512 2507
f 2515 2507 2512
f 2457 2919 2519
f 2518 2519 2919
f 2520 2519 2925
f 2517 2925 2519
f 2522 2525 2524
f 2926 2524 2525
f 2522 2521 2517
f 2925 2517 2521
f 2527 2530 2529
f 2927 2529 2530
f 2925 2521 2526
f 2527 2526 2521
f 2920 2464 2532
f 2531 2532 2464
f 2531 2520 2526
f 2925 2526 2520
f 2920 2532 2503
f 2533 2503 2532
f 2928 2535 2534
f 2533 2534 2535
f 2538 2539 2927
f 2529 2927 2539
f 2534 2539 2928
f 2537 2928 2539
f 2758 1299 2542
f 2541 2542 1299
f 2928 2537 2540
f 2541 2540 2537
f 2496 2543 2750
f 1293 2750 2543
f 2540 2543 2928
f 2535 2928 2543
f 1305 2545 2753
f 2511 2753 2545
f 2544 2929 2545
f 2546 2545 2929
f 2760 2550 1314
f 2548 1314 2550
f 2548 2547 2544
f 2929 2544 2547
f 2553 2926 2551
f 2525 2551 2926
f 2547 2551 2929
f 2552 2929 2551
f 2554 2518 2514
f 2919 2514 2518
f 2929 2552 2546
f 2554 2546 2552
f 2556 2538 2530
f 2927 2530 2538
f 2930 2557 2555
f 2556 2555 2557
f 2559 2524 2553
f 2926 2553 2524
f 2930 2555 2558
f 2559 2558 2555
f 1325 2561 2760
f 2550 2760 2561
f 2558 2561 2930
f 2560 2930 2561
f 2542 2562 2758
f 1320 2758 2562
f 2560 2562 2930
f 2557 2930 2562

