# https://github.com/mikedh/trimesh

o spot
v 2.57817885 2.96664301 -4.83556551
v 3.13782310 2.92768071 -4.90461611
v 2.56505145 2.70811551 -4.97290851
v 3.12928655 2.68403926 -5.02833531
v 2.02815575 3.23213626 -4.55659041
v 2.59485925 3.19114586 -4.63593366
v 2.02687480 2.97159851 -4.79001316
v 1.98343385 2.08807026 -5.15771041
v 1.99739425 2.35193661 -5.07062451
v 2.55381275 2.23792271 -5.15996461
v 2.55657015 2.45280441 -5.07276566
v 3.12284355 2.44625856 -5.11537446
v 1.53294235 2.56981031 -5.03620801
v 1.46588330 2.16182306 -5.15038936
v 1.17303195 2.45530086 -5.29632501
v 1.06226335 1.96256521 -5.39962381
v 1.40858650 1.82153916 -5.21056681
v 1.45931110 3.27515561 -4.52849281
v 1.50994985 2.96021956 -4.82734686
v 1.11927030 2.92182846 -5.07198111
v 4.18980945 2.72423491 -4.98595176
v 3.67976695 2.83703331 -4.93773381
v 4.20581750 2.99636581 -4.77160301
v 3.68741610 3.06831491 -4.74581571
v 3.67791650 2.57148396 -5.06608126
v 4.96707580 2.04436836 -5.56073366
v 4.63543980 2.21187276 -5.27438991
v 5.00501725 2.52253586 -5.37971851
v 4.65375730 2.61883151 -5.10029291
v 4.70715430 2.94628806 -4.83915676
v 4.74121720 1.45971286 -5.40807621
v 4.20773425 1.83456371 -5.30297286
v 4.69754250 1.78718726 -5.36445846
v 4.20416255 2.08494651 -5.22944446
v 5.07423615 1.53350221 -5.63721666
v 3.67565295 2.31414306 -5.15701001
v 3.66673390 2.10748001 -5.23666266
v -1.86078975 2.73875546 -3.55368051
v -1.86211745 2.81316276 -4.26066206
v -1.98151695 2.20155121 -3.64343116
v -1.92758615 2.24962891 -4.31120816
v -1.58005685 3.17450286 -3.52550896
v -1.55702015 3.07348546 -2.92317261
v -1.88053695 2.65105246 -2.97293331
v -2.16298175 1.61854131 -3.27582656
v -1.96572480 1.63187441 -3.76575721
v -2.18536650 1.13574471 -3.45156916
v -1.89411400 1.11711951 -3.88636286
v -1.82340845 1.64918126 -4.38540976
v -2.19505225 2.06781816 -2.24653181
v -2.15725020 2.09483966 -2.64953551
v -2.41892865 1.60833111 -2.44435911
v -2.32575590 1.60465656 -2.85059791
v -2.41933070 1.15110676 -3.05058506
v -1.52783710 2.97794716 -2.43040891
v -1.89690880 2.56985706 -2.49396086
v -1.88544570 2.51496321 -2.09233161
v -1.69787365 2.52335951 -1.41901091
v -1.50635675 2.54639791 -1.08987986
v -1.29402080 2.87967866 -1.43052501
v -1.12589420 2.87800501 -1.15065486
v -1.23940575 2.55517756 -0.72747216
v -1.53975325 2.21665146 -0.63283486
v -1.82818630 2.17351991 -1.06398971
v -2.15250040 2.08319891 -1.85810816
v -1.82166935 2.50617421 -1.74358681
v -1.40827015 2.88219381 -1.71126556
v -2.30174510 1.70995626 -1.54823811
v -2.40739075 1.64763851 -2.01138781
v -2.52272300 1.30799976 -1.63340726
v -2.59294150 1.23386361 -2.15997886
v -1.82040710 1.86113641 -0.53773856
v -2.11261330 1.78265251 -1.05145816
v -2.37554465 1.39235546 -1.06673861
v 7.59098500 2.46003111 -3.82508381
v 7.62572110 2.49640261 -4.27108816
v 7.31139195 2.81894956 -3.85933371
v 7.35562680 2.88456786 -4.30068176
v 7.79511420 1.98047896 -4.81160231
v 7.67677125 2.51393386 -4.82674931
v 7.77168310 2.00221771 -4.25012546
v 7.79613335 1.99415801 -3.03519581
v 7.77823745 2.01226896 -3.40907426
v 7.56578675 2.36799906 -3.07700901
v 7.57139675 2.41412261 -3.44247246
v 7.27833970 2.74794566 -3.48303361
v 7.91974970 1.09861501 -3.75421081
v 7.86852105 1.54088871 -3.77819356
v 8.00656445 1.18423296 -3.36872901
v 7.91597145 1.58907861 -3.38690541
v 7.95715905 1.60822741 -3.01551406
v 7.81118685 1.46542486 -4.23103276
v 7.77575885 1.40000291 -4.79914811
v 7.79859240 0.98085176 -4.19221241
v -1.07920625 3.35157316 -2.99190446
v -1.11584040 3.43981846 -3.58788281
v -0.54315120 3.60156411 -4.40462401
v -1.14475570 3.51547866 -4.30746816
v -0.52393610 3.56142456 -3.71307931
v -0.44974640 3.45578826 -2.67567811
v -1.03312605 3.26730161 -2.50543331
v -0.39711270 3.41245101 -2.29344076
v -0.97586835 3.20356266 -2.11436021
v 0.81803200 3.57598251 -3.54886526
v 0.15493000 3.57406576 -3.34187496
v 0.83512380 3.60147996 -3.12841446
v 0.18532685 3.56122821 -2.89778736
v 0.22493345 3.54388396 -2.52182386
v 0.13985780 3.56608086 -3.87339441
v 0.12749710 3.54529581 -4.52506221
v 0.81561970 3.51182281 -4.03006301
v 2.03799195 3.40086636 -4.24204706
v 2.61400805 3.34440171 -4.34918871
v 3.17065095 3.28562761 -4.43385381
v 3.19425035 3.37672381 -4.08129251
v 2.63411990 3.44047296 -3.99739496
v 1.44898870 3.54855896 -3.72585311
v 1.44342545 3.45671391 -4.14431151
v 2.06865060 3.55373886 -3.48300386
v 1.46267710 3.59437396 -3.32420346
v 2.08454560 3.57707646 -3.08215151
v 1.48082545 3.61282151 -2.93825416
v 3.21854165 3.42727076 -3.68100031
v 2.65371750 3.49343136 -3.60265666
v 2.67128615 3.51735801 -3.18702111
v 3.27270620 3.44704516 -2.40306101
v 2.70184195 3.50979386 -2.36028476
v 3.29269650 3.39901421 -1.98408836
v 2.72668490 3.45720011 -1.95100806
v 2.15347380 3.51766656 -1.90083596
v 2.20774120 3.41411531 -1.50081151
v 2.76582400 3.35798726 -1.54570001
v 2.09914095 3.58696876 -2.68750586
v 2.68535790 3.52633401 -2.77259171
v 3.25689535 3.46085511 -2.82836446
v 1.49976855 3.62260161 -2.56694696
v 0.88876475 3.61311136 -2.40472446
v 1.52837020 3.60904411 -2.19981921
v 0.92996085 3.60098441 -2.06693701
v 1.57549420 3.55747886 -1.82645416
v 1.65001370 3.45321701 -1.43640531
v 0.99515840 3.55368276 -1.72074901
v 0.01977660 3.27466941 -1.09711931
v -0.14531295 3.34696361 -1.41772996
v -0.46502515 3.09496241 -0.96034241
v -0.66556310 3.14502231 -1.26784266
v -0.80736435 3.16485366 -1.53583491
v 0.32656795 3.52476321 -1.88879996
v 0.41491610 3.48335206 -1.57660261
v 0.54580675 3.39426526 -1.23052256
v 0.26763490 3.53833006 -2.19468606
v -0.33879930 3.39426526 -1.98018006
v -0.90570680 3.17688711 -1.80458536
v 6.45028500 3.21014421 -4.94660781
v 6.43236105 3.18751721 -4.39894941
v 6.98300125 3.14947206 -4.89470511
v 6.94370320 3.10330176 -4.34565441
v 6.90930455 3.03620616 -3.90397911
v 5.87877560 3.18532081 -4.00796046
v 5.86399325 3.17210841 -4.45345991
v 5.32241320 3.19640906 -4.05588856
v 5.28713480 3.12959396 -4.48964441
v 5.86532095 3.14097291 -4.99935966
v 6.40512450 3.06697701 -3.20888141
v 6.41024745 3.09995446 -3.57153986
v 5.90345025 3.16670411 -3.24141941
v 5.89133265 3.17543701 -3.61568121
v 5.35324015 3.22209436 -3.65722326
v 6.88193710 2.96700681 -3.52668791
v 6.86371480 2.91456266 -3.17078016
v 6.85294275 2.89618991 -2.40701606
v 6.84404155 2.88974776 -2.02492066
v 7.24497890 2.64653556 -2.36095881
v 7.22683225 2.64588106 -1.99234781
v 6.41172560 3.06820186 -2.03975146
v 6.40766770 3.01525281 -1.64917901
v 6.82769775 2.84516696 -1.65048121
v 6.40666725 3.06738841 -2.82699001
v 6.85677625 2.89770461 -2.79326456
v 7.25096290 2.65774621 -2.74601051
v 5.92989205 3.20013971 -2.44803451
v 5.91689555 3.18334711 -2.84997231
v 5.42413185 3.28185956 -2.45265341
v 5.40372080 3.26213021 -2.86499776
v 5.94066325 3.19182756 -2.04225726
v 5.94742330 3.13315631 -1.63933346
v 5.44164440 3.27118186 -2.03785256
v 3.84908695 3.36603676 -2.00719221
v 3.87280790 3.28079366 -1.59542586
v 4.39396755 3.34355936 -2.02244121
v 4.41504245 3.26596456 -1.60827446
v 3.83018125 3.40526086 -2.43101751
v 4.90572110 3.33504236 -2.45313961
v 4.92544025 3.31685576 -2.03195441
v 4.94429920 3.24659986 -1.61762106
v 4.32864845 3.34329756 -3.30054881
v 4.35365035 3.36682216 -2.87500226
v 4.85673645 3.29176036 -3.29065651
v 4.88339330 3.32029656 -2.87483396
v 3.81223860 3.41068301 -2.86100531
v 3.79139745 3.39454491 -3.29126426
v 3.73412870 3.31749241 -4.11387726
v 3.70710720 3.22284236 -4.46419371
v 4.23108120 3.16785501 -4.47172046
v 4.29658730 3.31687531 -3.71706326
v 3.76378690 3.36910441 -3.71589451
v 4.78772410 3.22426356 -4.09143726
v 4.82403015 3.26855451 -3.69425861
v 4.75028670 3.13247461 -4.48797076
v 0.64629205 2.14937821 1.19368849
v 0.65669860 2.34774781 0.91438529
v 0.20111985 2.17677371 1.02536979
v 0.27462020 2.36652261 0.78125999
v 0.58622680 2.52469656 0.59763534
v 0.94324720 2.54957691 0.57478394
v 1.04163810 2.34250246 0.93553499
v 1.09248340 1.59122061 1.68254389
v 1.08365700 1.87961201 1.49520729
v 0.58987415 1.62631116 1.64482599
v 0.60381500 1.91433791 1.44213669
v 0.10324065 1.94896096 1.26354234
v 1.96599780 1.80688771 1.35621954
v 1.91404835 2.06953856 1.09024009
v 1.53460750 1.84357711 1.46362214
v 1.49885310 2.09759791 1.20314049
v 1.56121760 1.55324091 1.65048274
v 1.32629800 2.56037616 0.49640289
v 1.43555360 2.33121701 0.87781659
v 1.83902395 2.31573341 0.76050299
v 2.68022560 2.27804356 0.43224234
v 3.12564005 2.25663121 0.27585424
v 2.59477510 2.53529946 0.09021934
v 3.05501950 2.51558966 -0.03916596
v 3.18776230 1.98668736 0.55238049
v 3.59270060 2.23403226 0.16100819
v 3.64604320 1.96060171 0.41790879
v 2.32906765 2.04148856 0.92190184
v 2.25263055 2.29787491 0.60288919
v 2.15376450 2.55078306 0.23610739
v 2.80852630 1.73469636 0.97819819
v 2.38715920 1.77020766 1.18182249
v 2.85299405 1.43313081 1.16256149
v 2.43097330 1.47266261 1.37130959
v 3.24054220 1.70150386 0.78311979
v 3.69365255 1.67177086 0.63435194
v 3.28312210 1.39682476 0.96079784
v 6.37686965 2.27036636 -0.30184061
v 6.42176750 2.03550371 -0.07253611
v 6.70314725 2.20525296 -0.40483596
v 6.76141560 1.99457876 -0.21837316
v 7.16378435 1.75089906 -0.30846466
v 7.03582025 1.98231156 -0.41418426
v 6.85206385 1.76365246 -0.07077831
v 6.07273285 1.82338961 0.24635499
v 6.01991385 2.07913081 0.03424089
v 5.61936920 1.85617071 0.32541859
v 5.57063700 2.12071026 0.09740014
v 5.97932635 2.32915916 -0.22197461
v 6.13069265 1.55717641 0.41945154
v 6.18670850 1.27573206 0.55857954
v 6.55434115 1.53310016 0.26668189
v 6.61859435 1.25788291 0.39086859
v 5.67064545 1.58143966 0.51396134
v 7.26182760 1.49599001 -0.19710106
v 6.93393330 1.51182891 0.05978509
v 7.00581525 1.23952886 0.17092854
v 4.13335500 1.93584291 0.36143479
v 4.08526880 2.21064876 0.11498749
v 4.03630200 2.47215891 -0.16745731
v 4.54468105 2.44773671 -0.17020621
v 4.58879435 2.18496346 0.10853599
v 4.71990005 1.32344596 0.71718359
v 4.67937630 1.62442246 0.55245529
v 4.21776680 1.34208051 0.73749179
v 4.17828260 1.64667546 0.56967799
v 5.13502135 1.88495086 0.34864399
v 5.18184615 1.60327191 0.54609729
v 5.22536020 1.30767166 0.70632824
v 5.04694435 2.41767561 -0.16413806
v 5.08875670 2.15549311 0.11242559
v 2.28976875 3.24837721 -1.09100186
v 2.82519650 3.20161786 -1.14527606
v 3.41710760 2.96695156 -0.80752346
v 3.36452320 3.15876681 -1.18212441
v 2.89782730 3.00068636 -0.75632201
v 1.89214130 3.06146136 -0.59084061
v 1.76079250 3.28160711 -1.01923891
v 1.41006465 3.06450946 -0.48854311
v 1.24082030 3.28386046 -0.92992261
v 2.02836230 2.81157326 -0.16709181
v 2.49403820 2.79325661 -0.28479301
v 1.58086110 2.81631371 -0.04529021
v 2.97676085 2.76780591 -0.38542536
v 3.47537680 2.74171856 -0.45603741
v 5.94984665 2.80771086 -0.87196961
v 5.94838635 2.99889966 -1.24593476
v 5.48257870 2.87112341 -0.84401226
v 5.46882655 3.06794006 -1.22590281
v 6.39513870 2.88900911 -1.26892896
v 5.95806445 2.57824316 -0.52734646
v 6.36849120 2.49963771 -0.58450131
v 5.50156940 2.63538186 -0.49016916
v 7.10096085 2.37434771 -0.97368146
v 6.76519300 2.57020216 -0.94956781
v 7.00912515 2.24558886 -0.69306161
v 6.71840560 2.39632956 -0.65200491
v 6.80151775 2.72923631 -1.28721161
v 7.15998655 2.51055851 -1.29311316
v -1.62279145 1.69939076 0.14422579
v -1.11036045 1.78492456 0.63709234
v -1.40553995 1.94077971 -0.02377501
v -0.91853415 1.99187746 0.46884844
v -1.15766720 2.23855851 -0.16533401
v -0.40990775 1.98470601 0.91852734
v -0.25986405 2.21149026 0.70969509
v -0.58730870 1.77923976 1.09560699
v -0.49883220 2.48034951 0.12617094
v -0.11070605 2.41835901 0.50306944
v -0.23176050 2.69442711 -0.02904841
v 0.08784460 2.58609801 0.33375964
v -0.88931455 2.52955856 -0.30306461
v -0.57530840 2.78903041 -0.43847471
v 4.98643965 2.90890676 -0.83577236
v 5.01346200 2.67427701 -0.48259481
v 4.50532605 2.70096191 -0.48647761
v 4.44057730 3.12382586 -1.21074051
v 4.96400900 3.10515391 -1.21650436
v 3.94445695 2.94697996 -0.82971016
v 3.90520735 3.13727031 -1.20161321
v 3.98876745 2.72143926 -0.48367346
v 0.25037480 3.14113271 -0.70263601
v 0.73241405 3.23769016 -0.82298836
v 0.94470580 3.03335526 -0.38119576
v 0.10944225 2.85350801 -0.15700316
v -0.19047430 2.99223396 -0.57306626
v 0.75175920 2.76195281 0.16423479
v 0.38607135 2.69547431 0.23687494
v 1.15266850 2.80100776 0.06766799
v -2.25778140 1.39346811 -0.00582301
v -2.42222920 1.40266851 0.26355984
v -1.79927610 1.57757896 0.36129539
v -1.97757125 1.56176811 0.58299324
v -1.30644610 1.65788611 0.79419104
v -2.44709000 1.82251156 0.94883069
v -1.89537455 1.79522826 1.28795519
v -2.20024150 1.63838201 0.76486009
v -1.70254100 1.65648361 1.10548994
v -2.66049525 1.49654251 0.45208389
v -1.24749265 1.57600816 1.42570874
v -0.87335665 1.39989156 1.69162274
v -1.05484780 1.56543331 1.30089559
v -0.67733050 1.41113026 1.59705684
v -1.39951855 1.67533321 1.59528969
v -0.81853845 1.63633436 1.20696549
v -0.40605725 1.49286796 1.54638919
v -3.64673240 2.56219006 1.10734209
v -2.96314455 2.47045721 1.44378229
v -3.32867345 2.17946651 0.85049759
v -2.69788505 2.12922896 1.17683044
v -2.07812030 2.04007671 1.51579599
v -2.48234885 2.58265721 2.10315364
v -3.25338725 2.75810996 1.74462789
v -2.73468665 2.75709081 2.46489579
v -3.56449915 2.94187486 2.09216739
v -3.99126205 2.86706551 1.39093609
v -1.74467380 2.33571436 2.42470014
v -1.12588740 2.00585571 2.69183899
v -1.61948665 2.10862156 2.10262069
v -1.08095895 1.81453601 2.36136324
v -1.91816050 2.49852591 2.78196364
v -1.51397615 1.87068276 1.82353254
v -1.05229355 1.62000926 2.07397229
v -4.45392810 2.24634706 0.36682209
v -3.92589535 2.23208831 0.58068464
v -4.22274935 1.84013631 0.20005549
v -3.71482930 1.80142731 0.37354474
v -4.26068145 2.61610216 0.81568754
v -5.53145100 2.23567871 0.23461309
v -5.21654215 2.48443631 0.37834129
v -5.17816975 1.99586056 0.08922059
v -4.87717370 2.18145806 0.20832089
v -4.63833815 1.82746706 0.08059054
v -5.16369595 2.87418171 0.82593514
v -5.58989615 2.71992456 0.61942169
v -5.52990655 3.03595541 1.13324159
v -5.94798330 2.85910866 0.92270764
v -5.90385980 2.42550326 0.46677359
v -4.62941740 2.91448871 1.08391099
v -4.99471255 3.09284931 1.39868809
v -5.84038265 3.05511356 1.49739604
v -5.31917625 3.11677596 1.77336129
v -4.67184770 3.08120856 2.10728719
v -5.00444590 2.97515151 2.53086089
v -5.61115805 3.00142501 2.17646784
v -6.72193890 2.46639931 1.47891109
v -6.46250445 2.77186466 1.64474269
v -6.52858090 2.54802566 1.11923529
v -6.24151720 2.87320846 1.27935404
v -6.45158365 2.34665386 2.51313329
v -6.29839240 2.70475036 2.23379269
v -6.70083510 2.24912401 2.22326459
v -6.60294995 2.56475196 1.97423669
v -6.81656005 2.30613096 1.80407604
v -5.35655755 2.76054096 2.96286829
v -5.87903555 2.76198086 2.57653564
v -6.09927480 2.39337581 2.89542674
v -0.55638910 2.69572676 -7.84846361
v -1.13786815 2.69769026 -7.71192556
v -0.54006315 3.16073031 -7.47974551
v -1.07432470 3.13268966 -7.36170176
v -1.19843830 2.18478666 -7.83773831
v -1.68854150 2.22680556 -7.45437896
v -1.60731295 2.70132741 -7.35056591
v 0.04374065 2.12658291 -7.89718561
v 0.02214810 2.62885556 -7.76594051
v 0.54884465 2.13334296 -7.59500296
v 0.49043520 2.58202141 -7.47396721
v -0.01331985 3.05786161 -7.42337521
v -0.59963880 1.19941821 -7.56962791
v -0.59830770 1.61564281 -7.88646116
v -0.09297335 1.27750006 -7.53608861
v -0.02730830 1.64738606 -7.81686996
v 0.44001065 1.70886231 -7.54722446
v -1.59500665 1.75259226 -7.38253441
v -1.15691070 1.67956876 -7.74283581
v -1.09124990 1.27676141 -7.43313576
v 7.13613555 1.85967696 -7.88404121
v 7.07537840 2.30786921 -7.77723616
v 7.57495825 1.87523536 -7.54798351
v 7.48748985 2.30103436 -7.46207571
v 6.56545745 2.32480206 -7.89511161
v 7.00943370 2.69482831 -7.47357706
v 6.54220400 2.72849766 -7.57418221
v 6.60969230 1.38997971 -7.92155426
v 7.11010430 1.41960051 -7.79612316
v 6.62249245 1.00904201 -7.63672351
v 7.07101110 1.05685791 -7.51785781
v 7.51192055 1.45616836 -7.47889721
v 5.58973820 1.86229496 -7.66292221
v 6.03901505 1.85511416 -7.93263316
v 5.68740830 1.47707496 -7.61642466
v 6.10268855 1.43098881 -7.85804821
v 6.16546445 1.08328101 -7.60492416
v 6.07822895 2.65153781 -7.52107336
v 6.05553650 2.28545726 -7.81997501
v 5.63731100 2.25222736 -7.56003481
v 6.47677270 3.20227151 -5.64082576
v 5.90105580 3.09706531 -5.69284916
v 5.51692975 2.75443541 -6.46514046
v 5.42532780 2.84155786 -5.77777521
v 5.96054135 3.01836636 -6.41250931
v 7.04549580 3.09794421 -6.32561976
v 7.02506605 3.15584876 -5.59413271
v 7.49788620 2.87844361 -6.28748111
v 7.47240745 2.93159836 -5.55815306
v 6.52369100 2.98949356 -7.04365386
v 7.01987680 2.95122401 -6.97090151
v 7.44037350 2.75074131 -6.90826501
v 6.03307780 2.88284746 -7.03692271
v 5.63152335 2.64445986 -7.03532216
v 6.60785970 0.61201976 -5.94431911
v 7.14045440 0.66126281 -5.76146031
v 6.61255425 0.55503066 -5.40386871
v 7.13584570 0.59345406 -5.15786086
v 7.56216745 0.90619541 -5.59743241
v 7.55075110 0.96055291 -6.34400186
v 7.13052470 0.72436171 -6.45197651
v 6.04336280 0.72337231 -6.06195146
v 5.55546110 0.99749476 -6.11970556
v 6.09040265 0.77853136 -6.64805536
v 5.63703985 1.03716681 -6.68543581
v 6.04557025 0.65408796 -5.55481511
v 6.62364250 0.78581416 -7.16161261
v 6.14623150 0.88214806 -7.18198711
v 5.73440140 1.11323841 -7.17665591
v 7.48260830 1.05472611 -6.95608091
v 7.09260195 0.84066806 -7.05363031
v 5.27456840 2.35966906 -6.56099666
v 5.17701050 2.43708621 -5.92318641
v 5.12862510 1.94748366 -6.06093061
v 5.34603045 1.87317921 -7.21103671
v 5.40249510 2.28750576 -7.12350201
v 5.34467470 1.43382186 -6.69012951
v 5.46216680 1.46267596 -7.20754831
v 5.25266135 1.43658011 -6.12290241
v 7.79403810 1.38191066 -5.53626641
v 7.79888140 1.39822641 -6.30476926
v 7.85032510 1.95781456 -5.53190761
v 7.80130390 1.90212596 -6.99423911
v 7.72318380 1.43600976 -6.96704931
v 7.77359985 2.45781516 -6.28482571
v 7.70394150 2.37070121 -6.94533946
v 7.74530675 2.50331226 -5.53831321
v 0.58086840 3.17078156 -6.23078186
v 0.06932140 3.45517116 -6.15507491
v 0.65458380 3.25904556 -5.45976301
v 0.10521520 3.51975161 -5.32957276
v -0.55201245 3.62252681 -5.23785946
v -0.54305090 3.44300681 -6.87088286
v 0.01610800 3.31724931 -6.86971411
v 0.47577440 3.04396751 -6.87506231
v -1.65699970 3.29992376 -5.98806606
v -1.16245865 3.53855446 -6.03248706
v -1.57575500 3.18593791 -6.71121291
v -1.10693070 3.40421366 -6.78334816
v -1.16768105 3.56201361 -5.16476966
v -1.65045725 3.31406096 -5.12126411
v -1.96133965 2.27689351 -5.14735996
v -1.82544675 1.67494986 -5.19977606
v -1.85732175 1.70825456 -6.05621736
v -1.51737020 1.18782421 -5.31058291
v -1.54685160 1.23952036 -6.11985346
v -1.92902690 2.84654226 -5.99489071
v -1.90900770 2.85447106 -5.11832821
v -1.92671745 2.26198026 -6.82303891
v -1.84974825 2.77321956 -6.75859871
v -1.80449425 1.74814166 -6.80205751
v -1.51230845 1.32130481 -6.79833621
v 0.49748510 1.34171586 -6.52059446
v 0.80622210 1.76281181 -6.51949201
v 0.57242535 1.38487546 -5.91332131
v 0.88674430 1.83425516 -5.90589826
v 1.01341810 2.34806571 -5.82152301
v 0.81191625 2.17914861 -7.08827036
v 0.68757995 1.73418211 -7.09068266
v 0.39095120 1.35796616 -7.05977156
v 0.86352825 2.74688061 -6.35281891
v 0.74117415 2.64016906 -6.98215806
v 0.94667780 2.84573816 -5.64827771
v -1.08039455 0.98840741 -6.25302551
v -1.05313335 0.95470066 -5.51475886
v -1.03023180 0.89171056 -4.91332011
v -0.50878570 0.90222081 -5.18720966
v -0.49962525 0.93308006 -5.72543306
v -0.57175540 0.99812206 -7.04041706
v -1.07942215 1.07106141 -6.91450061
v 0.02236740 1.05924301 -6.48095981
v -0.05523080 1.10318801 -7.06593321
v 0.04545765 1.05201546 -5.34629991
v 0.07626675 1.08047686 -5.85573466
v -4.20991095 2.66805076 3.74911829
v -4.74263655 2.72450606 3.35318319
v -4.72198240 2.53923581 4.13054219
v -5.13114775 2.53557061 3.79499024
v -4.27306085 2.88595251 2.93105959
v -3.82241805 2.59981446 4.49629549
v -3.23500515 2.64505911 4.20761509
v -3.93099110 2.60533096 4.15231834
v -3.25742645 2.64209516 3.88964879
v -4.45893885 2.49645021 4.50719759
v -2.51657920 2.54006796 3.84796649
v -1.89637500 2.30952501 3.97246174
v -2.39999405 2.53585111 3.53606919
v -1.67828285 2.23006871 3.74476119
v -2.61493185 2.59813146 4.08606509
v -3.03864580 2.79105936 2.87647344
v -2.16856285 2.54362096 3.16658524
v -1.43492870 2.20038246 3.41885759
v -3.89237560 2.97144891 2.49918224
v -2.04069225 2.50279886 4.58529729
v -2.10166360 2.41338481 4.91410959
v -1.85780625 1.99197096 4.57494769
v -2.00539600 1.80105331 4.93397834
v -2.23499460 2.35959426 5.25740504
v -2.18709455 3.05632821 5.24447314
v -2.12442150 3.05232641 4.91278189
v -2.56554515 3.00486581 4.27151299
v -2.29474110 3.03263531 4.37426949
v -2.34849425 2.70655406 4.19998464
v -2.11056480 2.61202556 4.33213754
v -1.87657170 2.23541691 4.29239069
v -2.40638945 3.95390951 4.78902529
v -2.25447065 3.55600156 4.66277309
v -2.62236510 3.75480126 4.60803819
v -2.43704725 3.43932291 4.46545919
v -2.72338250 3.31438821 4.38828429
v -2.17304065 3.59780541 4.93708339
v -2.18415865 3.63417691 5.24093884
v -2.27287995 4.02376421 5.03403269
v -3.31687375 2.75300486 4.41293174
v -2.79170295 2.75187351 4.23415974
v -2.98078800 2.97665686 4.34577069
v -4.01948885 2.92275411 5.18393274
v -3.81321765 2.92286631 4.85068939
v -4.09339125 2.67297821 5.06930174
v -3.80072690 2.71497841 4.71455424
v -3.51180255 3.21609166 4.67677939
v -3.80716905 3.19554971 4.94829319
v -3.48382650 3.54414576 4.82452724
v -3.73558545 3.51448756 5.07356449
v -3.94441685 3.22648886 5.24955019
v -3.11609185 3.24784426 4.47441649
v -3.12516050 3.55852606 4.62548529
v -3.29085270 4.15324216 5.53067834
v -3.55145590 3.86115751 5.29271064
v -3.53075415 3.90617861 5.71648069
v -3.74941325 3.68149726 5.48739549
v -3.27809845 3.92299926 5.03804384
v -2.48778970 4.30368366 5.67879934
v -2.69177865 4.40901141 5.50435724
v -2.76313785 4.23170736 5.83969414
v -2.98984730 4.30840541 5.71241344
v -3.24454130 4.04303371 5.85849699
v -2.66951715 4.18215236 5.01233134
v -2.44929660 4.30415116 5.25068154
v -2.30811160 4.18316216 5.44650879
v -2.93555185 3.90178326 4.80436014
v 1.25842635 0.00000021 1.87161959
v 1.24009185 0.43237821 1.87267529
v 0.85513280 0.00000021 1.90942164
v 0.83171190 0.43850671 1.90580319
v 0.36651115 0.86251306 1.87304079
v 0.44910055 0.43700221 1.92054814
v 0.76662655 0.86537926 1.87244239
v 1.63370815 0.82886921 1.80004534
v 1.66250530 0.42096611 1.80871194
v 2.06789410 0.80193696 1.69521229
v 2.08717295 0.40662406 1.70143939
v 1.67495015 0.00000021 1.80393409
v 1.13862565 1.24295181 1.79691309
v 1.59709355 1.21064756 1.75496814
v 2.03944120 1.17462201 1.65201614
v 0.66507620 1.26898221 1.78686184
v 0.22338220 1.26504586 1.76193474
v 4.28747105 0.34582696 0.99715999
v 4.29250135 0.00000021 1.01247529
v 4.79441955 0.34082301 0.98476189
v 4.80009500 -0.00000064 1.00190044
v 3.78730300 0.70180781 1.00673439
v 3.80059785 0.35326871 1.04894964
v 4.27294115 0.68753121 0.94823144
v 5.28941705 0.67053716 0.91982614
v 5.30717355 0.33735586 0.97316789
v 5.79131570 0.66449111 0.87176714
v 5.81141820 0.33452451 0.92379054
v 5.31355025 -0.00000064 0.99093289
v 4.75327870 1.00653706 0.84344599
v 5.26168495 0.99536296 0.83088894
v 5.76005100 0.98533976 0.78576584
v 4.24952025 1.02099131 0.86267894
v 3.76507720 1.04088896 0.92782974
v 6.29287860 0.33142796 0.79806109
v 6.30122730 -0.00000064 0.81477889
v 6.74056510 0.32755791 0.60833089
v 6.75017775 -0.00000064 0.62387994
v 6.26971780 0.65785771 0.74902034
v 7.11328500 0.63980711 0.32615724
v 7.14350420 0.32240776 0.36698869
v 7.45707600 0.62687521 0.04935049
v 7.49070710 0.31547091 0.08640369
v 7.15447090 -0.00000064 0.38114459
v 7.06648740 0.94718241 0.26025844
v 6.67253450 0.96174036 0.49024974
v 7.40548100 0.93014161 -0.01096636
v 6.23369310 0.97428806 0.66881604
v -0.84696075 0.00000021 -4.90124926
v -0.80501070 0.27117571 -4.87334886
v -0.55123130 0.00000021 -5.06876386
v -0.49430680 0.29185281 -5.04819386
v -0.00680800 0.61873901 -5.16864991
v -0.18944495 0.30428661 -5.17254886
v -0.34657255 0.57956421 -5.04275216
v -1.08060620 0.49086501 -4.62230221
v -1.12451890 0.24845436 -4.65390436
v -1.45155725 0.47001111 -4.34352176
v -1.45579280 0.22988866 -4.39574151
v -1.14837415 0.00000021 -4.68760176
v -1.04428315 0.72119121 -4.66231001
v -0.59554860 0.75210146 -4.93170221
v -1.46548195 0.73060156 -4.33166596
v -0.13106950 0.85899576 -5.10871641
v 0.28205175 0.95352256 -5.21073426
v 6.72977435 0.15160196 -4.83148041
v 7.13977185 0.15063041 -4.58721251
v 6.74417335 -0.00000064 -4.81921406
v 7.14768195 -0.00000064 -4.57713236
v 7.50469300 0.16222101 -4.30824506
v 7.50727360 0.33764401 -4.36203561
v 7.12946815 0.30404266 -4.65473821
v 5.84982715 0.37267931 -5.26020596
v 6.25042875 0.32936501 -5.10686681
v 5.93876520 0.17818316 -5.20433036
v 6.31575720 0.16187336 -5.03815281
v 6.33651335 -0.00000064 -5.02434286
v 6.64885945 0.44290206 -5.07664761
v 6.13748075 0.50809451 -5.25776561
v 5.68321950 0.59980101 -5.37223766
v 7.52782490 0.53946971 -4.49124411
v 7.13016940 0.46301476 -4.81695051
v 2.50235035 0.39170486 1.53838559
v 2.50694120 0.00000021 1.53465409
v 2.91900505 0.37718601 1.35300229
v 2.92259630 0.00000021 1.35401209
v 2.48832620 0.77399321 1.52727779
v 3.33599635 0.72215766 1.14686284
v 3.34809610 0.36404756 1.17870894
v 3.35182590 0.00000021 1.18541289
v 2.88541985 1.10130866 1.27479889
v 3.31464095 1.06839666 1.07813099
v 2.46461460 1.13744641 1.47902159
v -0.15942805 0.00000021 1.96768149
v -0.18134955 0.41287156 1.95640539
v -0.36584715 0.00000021 2.03704914
v -0.38490075 0.40792286 2.02568889
v -0.56340245 0.81789316 2.11331709
v -0.48447145 0.41950071 2.16132934
v -0.46232640 0.79266516 1.97524564
v 0.01817095 0.83374821 1.87659379
v 0.10403455 0.42551106 1.92938389
v 0.12901180 0.00000021 1.93965019
v -0.42097220 1.14611386 1.79100389
v -0.13950575 1.20743116 1.75926064
v -0.72646475 1.17407036 2.01307574
v -0.61838980 1.13105101 1.86933819
v -0.31404390 0.55511736 3.07687199
v -0.27139855 0.00000021 3.09207509
v -0.37713685 0.50592701 2.69543874
v -0.34697035 0.00000021 2.70688314
v -0.51102970 1.16216781 3.43771654
v -0.34054265 0.59118541 3.52322229
v -0.45605595 1.08930326 3.01423634
v -0.55052665 0.89231406 2.34031639
v -0.45791490 0.45644596 2.38742169
v -0.43579960 0.00000021 2.39792174
v -0.71585675 1.43464551 2.53758269
v -0.73989730 1.28702771 2.24102874
v -0.78402165 1.69272421 3.27400739
v -0.71150900 1.58163686 2.88711374
v -5.81786785 0.62153041 4.21066319
v -5.82859230 0.00000021 4.21697444
v -5.56093920 0.58576411 4.86491074
v -5.57289785 0.00000021 4.87790724
v -6.03711600 1.27526541 3.58986059
v -6.08450180 0.64773166 3.60633444
v -5.77335250 1.21677181 4.18998099
v -5.26603085 1.05842956 5.44028169
v -5.29843710 0.54452466 5.49010784
v -4.98857810 0.97925376 5.93921554
v -5.01506665 0.50190226 6.00728439
v -5.31121940 0.00000021 5.50982699
v -5.36185815 2.00357431 4.76387464
v -5.45974415 1.62713396 4.79186854
v -5.15374670 1.86911196 5.28854054
v -5.21994385 1.51109111 5.36967984
v -4.96173510 1.40748376 5.83594649
v -5.68271445 1.75941776 4.15316069
v -5.93140490 1.86239866 3.54404559
v -5.52234240 2.16964051 4.16391319
v -6.89557690 0.00000106 2.39918484
v -6.66233265 0.00000106 2.74016064
v -6.89209870 0.66989626 2.40236384
v -6.65718930 0.66554426 2.74326484
v -6.86412350 1.29293776 2.39176094
v -7.04527890 0.67970696 2.06709154
v -7.01489225 1.30225036 2.06664274
v -6.33706400 1.29797741 3.11391754
v -6.37613765 0.66028021 3.13089714
v -6.38326235 0.00000106 3.12890559
v -6.24836055 1.89052346 3.05498449
v -6.56035135 1.86881276 2.66353739
v -6.79412940 1.82226931 2.34725494
v -6.93370620 1.81047896 2.05345924
v 8.13853970 0.25979676 -3.31111516
v 8.14544085 -0.00000064 -3.30454211
v 7.99010930 0.22483711 -3.66251536
v 7.99396150 -0.00000064 -3.65598906
v 8.21006720 0.58175551 -2.96648351
v 8.24275480 0.28648251 -2.95091576
v 8.11499640 0.53409941 -3.32672966
v 7.78348195 0.18963351 -3.99745106
v 7.78243645 0.39786736 -4.03303801
v 7.78572680 -0.00000064 -3.99052271
v 7.95505615 0.75058846 -3.71795151
v 7.78824195 0.64330061 -4.11209311
v 8.07195835 0.83741086 -3.34729966
v 8.15291065 0.89460991 -2.98576321
v -2.13694200 0.22287361 -3.76787031
v -1.80179125 0.22167936 -4.10475931
v -2.12460085 0.00000021 -3.79563981
v -1.79617190 0.00000021 -4.13841166
v -1.81879890 0.46326466 -4.03764501
v -2.67156565 0.51733401 -2.85809661
v -2.45334600 0.48714286 -3.30950526
v -2.67239780 0.24966731 -2.90407056
v -2.43566515 0.23251941 -3.37201001
v -2.42279020 0.00000021 -3.39224341
v -2.18034470 0.76318716 -3.59102441
v -2.45487940 0.78597141 -3.20296201
v -2.64275830 0.82099906 -2.77125381
v -1.84735380 0.74466481 -3.97091491
v -2.91194480 0.30094951 -1.76749986
v -2.82155835 0.27336361 -2.35099001
v -2.93669425 0.00000021 -1.77105966
v -2.82873915 0.00000021 -2.35805861
v -2.78792640 0.56076731 -2.32128506
v -2.86351180 0.71682901 -0.69270291
v -2.84500815 0.66749841 -1.18463701
v -3.03157805 0.35715236 -0.72819381
v -2.97235515 0.32976536 -1.20832311
v -3.01482285 0.00000021 -1.21099891
v -2.70281335 0.94516366 -1.70122961
v -2.63287535 1.02116981 -1.12428701
v -2.58611600 1.08155211 -0.60562551
v -2.71575375 0.87625331 -2.26045396
v -3.24149490 0.40104636 -0.15419816
v -3.11842085 0.38045256 -0.38184431
v -3.30639325 0.00000021 -0.17165461
v -3.18220655 0.00000021 -0.39235286
v -2.93569380 0.75146991 -0.33118686
v -3.24669350 0.82684961 0.05471824
v -3.40944895 0.42031756 -0.03017976
v -3.49630110 0.87325196 0.09753189
v -3.63091305 0.43964826 0.00528479
v -3.47064470 0.00000021 -0.05368481
v -2.78695400 1.13062091 0.04653699
v -3.00317275 1.20581361 0.21542604
v -3.30780510 1.29476951 0.26850599
v -2.64270220 1.10361811 -0.22124701
v -4.28237345 0.00000021 -0.12158451
v -4.24920050 0.48521591 -0.10308086
v -3.95851835 0.00000021 -0.05681706
v -3.91449855 0.46042141 -0.03273146
v -3.82118470 0.91629086 0.04675204
v -4.99484345 1.07153826 -0.14250046
v -4.58681030 1.00550856 -0.12011656
v -5.02780305 0.55718456 -0.17628201
v -4.62397655 0.51661066 -0.16465061
v -4.64679055 0.00000021 -0.17642226
v -4.16054380 1.41101806 0.06025429
v -4.56657690 1.43897456 -0.03362906
v -4.95349775 1.50020771 -0.06510116
v -3.71727900 1.36306191 0.18887204
v -5.86571180 0.66383321 0.06387274
v -5.44964700 0.60951736 -0.09684441
v -5.87251010 0.00000021 0.06136694
v -5.45901570 0.00000021 -0.10005146
v -5.41274170 1.17390206 -0.07104776
v -6.54404495 1.43676881 0.61346574
v -6.20876330 1.37912521 0.31767849
v -6.58525975 0.73932171 0.59008139
v -6.25218555 0.71036051 0.29610804
v -6.25791710 0.00000106 0.29310669
v -5.72269420 1.82272661 0.13957969
v -6.10140660 1.96470636 0.37037509
v -6.44117625 2.05046541 0.66861204
v -5.33946575 1.64801251 -0.00646731
v -6.84113270 0.74094691 0.93602204
v -6.84538610 0.00000106 0.93217919
v -7.00977780 0.72502386 1.31206969
v -7.01301290 0.00000106 1.30850734
v -6.80350830 1.44031246 0.96011699
v -7.04910390 1.34993536 1.70783649
v -7.08116505 0.70134626 1.69638274
v -7.08370910 0.00000106 1.69320374
v -6.88636800 1.99876926 1.38185809
v -6.96309410 1.89303011 1.72950044
v -6.70761385 2.05653356 1.01700239
v -0.52853970 0.60130551 4.02597179
v -0.72518635 1.18478546 3.90324369
v -0.44739870 0.00000021 4.06285754
v -0.71873145 0.00000021 4.61197369
v -0.81964430 0.56743641 4.56254024
v -0.99055975 1.73263001 3.68263979
v -1.27589370 1.79180616 4.02382129
v -1.54401940 1.60039296 4.54336339
v -1.58479050 1.96070456 4.20834354
v -1.74463215 0.76636021 5.48969559
v -1.41328855 0.92328126 5.02009184
v -2.01752295 1.17899781 5.38272224
v -1.73627155 1.33540461 4.96530084
v -1.04283645 0.00000021 5.16439039
v -1.15546230 0.47154536 5.11037544
v -1.50168940 0.37728886 5.59524774
v -5.26863015 2.36758001 4.28595874
v -5.22272165 2.22169196 4.77401939
v -4.99201975 2.41710611 4.50968554
v -4.93349810 2.25281811 5.07093799
v -5.06101340 2.09908456 5.20712074
v -4.71429585 2.15890586 5.38854729
v -4.83527550 1.99057866 5.56350619
v -4.76295410 2.38210906 4.82552004
v -4.55026030 2.30504636 5.16683159
v -3.52135740 2.10842521 7.46629494
v -3.44201330 2.01436421 7.65581094
v -3.35138375 2.11717681 7.41310279
v -3.27131970 2.02862296 7.59170649
v -3.04153410 1.86104291 7.54633094
v -3.12993920 2.00299461 7.45002594
v -3.18046575 1.87948111 7.69935304
v -3.52574255 1.79404081 7.75219074
v -3.60364675 1.94137811 7.64693779
v -3.67493200 1.70440236 7.64345024
v -3.74236335 1.84117416 7.55291504
v -3.67148100 2.02765991 7.47119519
v -3.19510785 1.45702006 7.72349474
v -3.26419500 1.65915771 7.79573284
v -3.34506315 1.43709521 7.69854894
v -3.42716550 1.61856936 7.77131999
v -3.56651790 1.55127741 7.66162664
v -3.11674550 1.69032126 7.72808644
v -2.99926275 1.68113956 7.58347849
v -3.07014510 1.49465381 7.66520769
v -3.53670160 1.88621311 6.05178019
v -3.66236560 1.94306111 5.98391874
v -3.74681395 1.78994551 6.12290649
v -3.85630330 1.82826181 6.06656254
v -3.24757070 1.91540381 6.05837194
v -3.33855555 1.96346281 6.00268419
v -3.46054585 1.86143561 6.11015394
v -3.87353535 1.66636656 6.25043964
v -3.92670795 1.66763816 6.20700039
v -3.98696020 1.52022606 6.32773609
v -4.03419555 1.51229726 6.29501109
v -4.02187225 1.69193881 6.16840359
v -3.65163095 1.79881866 6.25715379
v -3.84799965 1.69298601 6.32798939
v -3.63612950 1.85256246 6.40039579
v -3.83573330 1.75237721 6.46894149
v -3.96435190 1.55040786 6.40045189
v -3.41374910 1.86271656 6.19018909
v -3.18558105 1.89033646 6.12989944
v -3.39067330 1.90022876 6.33550594
v -2.96687520 1.69549181 6.39950669
v -2.88814820 1.48286346 6.51822279
v -2.89169185 1.62940601 6.25775219
v -2.84416580 1.41573046 6.37455154
v -2.95895575 1.80002481 6.15286304
v -2.84088395 1.76331671 6.09244334
v -2.79796660 1.57550326 6.18567219
v -2.84399750 1.19924991 6.48401284
v -2.89646035 1.01302596 6.57343539
v -2.80586735 1.14341171 6.40878189
v -2.87733960 0.96153551 6.50223514
v -2.86671800 1.26530766 6.62629094
v -2.70333610 1.28500811 6.25793834
v -2.75169430 1.07312776 6.37612234
v -2.61087395 1.17323821 6.23087094
v -2.68083065 0.96371406 6.36154569
v -2.84760660 0.90042646 6.47660679
v -2.74371875 1.74073646 6.04948944
v -2.70745945 1.51743041 6.14163454
v -2.61877470 1.43651551 6.10238324
v -4.00144335 1.06416111 6.45942234
v -3.92754095 1.11413686 6.45081269
v -4.10831300 1.29450771 6.37482269
v -4.02709040 1.31689161 6.37786229
v -3.98271530 1.34012636 6.40240604
v -3.72937705 0.98184371 6.52634029
v -3.75768800 0.93672996 6.50913629
v -3.53773010 0.85225866 6.56742334
v -3.55310065 0.80412826 6.55042504
v -3.81068465 0.87380786 6.52322589
v -3.71647405 1.02707901 6.59505344
v -3.70968510 1.09034111 6.73546324
v -3.87004695 1.19395781 6.53871969
v -3.86187590 1.25613531 6.67830584
v -3.53001635 0.89906561 6.63651984
v -3.96218270 1.37623606 6.47227859
v -3.95253350 1.43721676 6.61127569
v -3.15290195 0.65399871 6.58127069
v -3.15688590 0.73015956 6.57022834
v -3.36028580 0.66401766 6.58667499
v -3.34935565 0.73580866 6.57227599
v -3.34328750 0.78590511 6.58950804
v -2.99968435 0.84101316 6.56086899
v -2.98615490 0.78556851 6.53982214
v -2.96615525 0.70281676 6.54501139
v -3.15964415 0.83035586 6.65733379
v -3.00686515 0.89014826 6.63011509
v -3.15640905 0.89418661 6.79710609
v -3.00785625 0.95397136 6.76953294
v -3.33922025 0.83341076 6.65837079
v -3.33425455 0.89743021 6.79885454
v -3.09013625 1.94551081 6.02642469
v -3.19454770 2.02868841 5.98469479
v -3.23659380 2.30424226 5.95665329
v -3.34895360 2.16828391 5.93112779
v -3.08143140 2.11380146 5.98508664
v -2.89332810 1.88767171 6.03725964
v -3.01835630 1.88733511 6.07912044
v -2.76890765 2.27803421 5.96502324
v -2.86480040 2.08920161 5.98936044
v -2.70372880 2.01734686 5.96338699
v -2.79177690 1.92527741 6.00376794
v -2.97594470 2.25067611 5.99113694
v -3.11008915 2.46974661 5.99277234
v -2.88817625 2.47871326 5.99310894
v -3.44028355 2.60860346 5.90337699
v -3.57067950 2.39569461 5.84289354
v -3.81694915 2.59797251 5.68124989
v -3.93602990 2.33718231 5.64389664
v -3.69318320 2.19605341 5.82431339
v -3.05935520 3.32627206 6.00784454
v -3.35130045 3.21607296 5.95351254
v -3.03762665 2.90941166 6.01959749
v -3.25211565 2.80650556 5.97795259
v -3.64525510 3.50961621 5.78082739
v -3.35690025 3.65358751 5.92628534
v -3.03788760 3.76510496 5.97245479
v -3.94835405 2.97316931 5.49938219
v -3.86577400 3.34921696 5.54115799
v -4.04499480 2.66218831 5.40746319
v -4.16626515 2.41450681 5.36385479
v -2.59595135 1.71599636 5.93571949
v -2.51281115 1.70027901 5.81043799
v -2.61920395 2.18107471 5.90084314
v -2.51858010 2.32488706 5.77732029
v -2.67253720 2.59346581 5.92204044
v -2.38223840 2.35724741 5.55398619
v -2.31856490 3.08405096 5.54505779
v -2.38552960 1.67158386 5.59370499
v -2.45924500 3.82417826 5.76230419
v -2.27919205 3.73457721 5.52693749
v -2.72541060 3.82816136 5.91430714
v -2.77949185 3.29696916 5.95518534
v -2.82821470 2.83731381 5.98129139
v -2.69375235 0.46720186 6.47298749
v -2.49181105 0.56348816 6.33506649
v -2.75370455 0.65918116 6.46903329
v -2.59264060 0.79049681 6.34058384
v -2.50276925 0.99802856 6.19161029
v -2.03664370 0.00000021 6.22552189
v -2.11896110 0.33626191 6.18845849
v -2.32662460 0.00000021 6.39205474
v -2.38300510 0.29269176 6.36684714
v -2.63162160 0.24192551 6.49430634
v -2.03165080 0.72152866 5.83679564
v -1.82402470 0.34832681 5.94293684
v -1.72132005 0.00000021 5.98938764
v -2.24374620 1.14447761 5.70418459
v -2.41479510 1.20009141 5.92605074
v -2.53051070 1.31408661 6.04464614
v -3.98055545 0.60547221 6.58361839
v -4.02137755 0.32934291 6.62766624
v -3.67524905 0.47282121 6.62891999
v -3.69944770 0.25227001 6.66547764
v -4.35821045 0.40954636 6.52835989
v -4.37031870 0.00000021 6.55655949
v -4.03125965 0.00000021 6.65191079
v -4.12183395 0.98592031 6.47437214
v -3.89764815 0.77517641 6.54843519
v -3.62922835 0.62993691 6.59382859
v -4.43911685 1.57100591 6.16050199
v -4.42841025 1.25428401 6.30890519
v -4.25498645 1.53291401 6.24332429
v -4.23937195 1.26095991 6.36950424
v -4.67947730 0.90561146 6.25981004
v -4.68354455 1.31250646 6.14003569
v -4.66903250 1.65039676 5.98995884
v -4.70862125 0.00000021 6.36576339
v -4.69554995 0.46198881 6.33746009
v -2.90976455 0.40328101 6.56840509
v -2.88024660 0.20827316 6.58708724
v -2.86554925 0.00000021 6.59761534
v -3.13234215 0.00000021 6.65650079
v -3.13621305 0.19596176 6.64600074
v -2.93955450 0.57175866 6.55445489
v -3.14852700 0.53393706 6.60097114
v -3.39720895 0.39937866 6.64343884
v -3.37896710 0.55142666 6.61272494
v -3.40683860 0.20921836 6.67185349
v -3.40949485 0.00000021 6.68549514
v -4.36916950 1.79831376 5.99669934
v -4.59723385 1.88701721 5.82139619
v -4.47838600 2.06534976 5.64389664
v -4.02933440 1.89340326 5.97591429
v -4.17337030 1.73439716 6.10533699
v -4.08899675 2.14252466 5.70894374
v -3.85766840 2.03796361 5.87544939
v -4.32272720 2.22836701 5.46702269
v -3.82239935 1.84939281 6.70257844
v -3.94063095 1.70766551 6.77206764
v -3.79482620 1.94994271 6.97707574
v -3.90922345 1.81111391 7.03879509
v -3.62457290 1.94624011 6.64003629
v -3.57468045 2.10781746 7.21302214
v -3.73986690 2.01993681 7.24059614
v -3.84188475 1.88952301 7.28113774
v -3.17752985 2.02477076 6.88892309
v -3.38696985 2.07280171 6.88951214
v -3.19845515 2.07301676 7.16093329
v -3.38273430 2.12452591 7.17150729
v -3.38568040 1.98415436 6.58973244
v -3.15998075 1.93987276 6.58334639
v -3.51513965 1.06266511 7.00987639
v -3.50197485 1.18596356 7.26972054
v -3.69972820 1.18955396 6.96777249
v -3.67979315 1.31075801 7.23332184
v -3.85101970 1.35471236 6.91032694
v -3.77033005 1.59330566 7.43976049
v -3.64305615 1.44000306 7.47344854
v -3.48447165 1.32094951 7.49283959
v -3.91022475 1.64578721 7.11200559
v -3.84432510 1.74522446 7.36159449
v -3.94075250 1.53509256 6.84321179
v -3.00277920 1.05348341 7.00109504
v -2.90545505 1.17736156 6.94561214
v -3.00568620 1.18029746 7.26414794
v -2.91363545 1.29907051 7.20609294
v -3.14876075 0.99369951 7.02878974
v -3.15881115 1.27820131 7.54221694
v -3.03063200 1.32599851 7.49803819
v -2.94781905 1.42891396 7.43113894
v -3.31797620 1.12446861 7.29420819
v -3.31657370 1.27176851 7.52812649
v -3.32551315 0.99706551 7.03095979
v -3.00173200 1.79013251 6.65255509
v -3.02271255 1.88612896 6.95031519
v -2.90770840 1.58292716 6.75794829
v -2.96316240 1.79272246 7.31548029
v -3.05626035 1.95629136 7.22617759
v -2.88785750 1.48406961 7.12912544
v -2.92617380 1.60071086 7.37704069
v -2.87469355 1.36625961 6.86010554
v 4.16703370 1.71704356 -5.37968026
v 3.64492885 1.99398036 -5.33119116
v 3.10672500 2.13521211 -5.29265046
v 3.09586880 2.04638796 -5.40846806
v 3.61653375 1.91777871 -5.43903406
v 4.54394070 1.33292686 -5.48421326
v 4.66758510 1.34440866 -5.44283016
v 4.90021310 0.99389501 -5.49056191
v 5.08889695 0.96287171 -5.47536816
v 4.04931720 1.59754121 -5.55865796
v 4.43759380 1.31693751 -5.54769041
v 4.01072975 1.46562206 -5.66169581
v 4.37649240 1.23450876 -5.61976956
v 4.73837395 1.02431141 -5.53459106
v 3.08474315 1.93229841 -5.53877901
v 3.58779100 1.82301646 -5.55865796
v 3.56500590 1.65383756 -5.68852011
v 5.54787910 0.41139426 -5.36509426
v 5.37327720 0.65923131 -5.43198416
v 5.14540835 0.70675906 -5.47222656
v 5.38058805 0.22278011 -5.42681361
v 5.63986440 0.19726906 -5.32714261
v 5.40334595 -0.00000064 -5.41944666
v 5.66519270 -0.00000064 -5.31538966
v 4.78199170 0.59910656 -5.62031186
v 5.05774190 0.51364331 -5.52555896
v 4.82704000 0.30766366 -5.63778701
v 5.12247195 0.25836196 -5.52361416
v 5.14092885 -0.00000064 -5.52282876
v 4.93739805 0.76275451 -5.52821436
v 4.70116180 0.85810326 -5.59982601
v 0.29002730 0.61467856 -5.23589511
v 0.11253625 0.30227721 -5.24052336
v 0.05109655 0.00000021 -5.24879811
v 0.37524320 0.00000021 -5.29054586
v 0.42606980 0.29699956 -5.28489846
v 1.14336440 1.21334036 -5.28993811
v 0.81302890 0.90246051 -5.28005516
v 0.96841655 1.29044046 -5.27127636
v 0.57672635 0.94733286 -5.25511871
v 0.87379455 0.59477496 -5.32861906
v 1.05104250 0.88095806 -5.32369161
v 1.21433090 0.63104956 -5.41422766
v 1.32741915 0.91749531 -5.39641676
v 1.30878460 1.16035391 -5.33507991
v 0.72878540 0.00000021 -5.34460756
v 0.76560570 0.29962861 -5.33845526
v 1.14558035 0.32134101 -5.43397486
v 1.46087255 1.63423996 -5.25742816
v 2.00653855 1.92293056 -5.24348816
v 1.56380670 1.52906181 -5.30671286
v 2.55788000 2.10073016 -5.25931686
v 2.56510755 1.99243846 -5.36973101
v 2.57185825 1.86428736 -5.49011226
v 2.57447540 1.66751661 -5.61935816
v 2.08461105 1.67867116 -5.42958121
v 2.10563835 1.49757101 -5.53179456
v 1.65844655 1.43514106 -5.37414506
v 1.70878695 1.29389996 -5.44601001
v 4.03120540 0.00000021 -5.96861806
v 4.02580110 0.44214641 -5.93892246
v 4.46510150 0.00000021 -5.80851801
v 4.45584500 0.37433341 -5.78958426
v 4.42977720 0.72383811 -5.74499411
v 3.06048840 1.00017906 -5.96932866
v 3.55204595 0.95719711 -5.95319141
v 3.05686060 0.51632506 -6.07000946
v 3.55383180 0.49488466 -6.04575556
v 3.55576725 0.00000021 -6.08365111
v 4.00471685 1.20671121 -5.76944436
v 3.55442170 1.35437576 -5.82706841
v 3.06640695 1.41910581 -5.83199586
v 4.38860915 1.02368496 -5.68696801
v 2.55181100 0.49024706 -5.97160071
v 2.54759415 0.00000021 -6.00876611
v 2.05441905 0.43609356 -5.79989731
v 2.04630325 0.00000021 -5.82866641
v 2.56039430 0.95114766 -5.88062606
v 1.61912045 0.72832441 -5.56146211
v 1.58043015 0.37331001 -5.60423836
v 1.56633035 0.00000021 -5.62310666
v 2.09584890 1.21119921 -5.63646951
v 1.67879215 1.04674206 -5.50857851
v 2.56930485 1.35334726 -5.75637306
v 8.15651040 1.28933631 -1.39973716
v 8.11885880 1.40256481 -1.47766431
v 8.06082250 1.39256966 -1.29680471
v 8.03062200 1.52096386 -1.39898746
v 8.06408565 1.53929921 -1.59255626
v 8.12677740 1.42395761 -1.68063921
v 8.18080170 1.30004206 -1.54313641
v 8.29937840 1.02610576 -1.50679296
v 8.23974410 1.14501906 -1.47535486
v 8.28022960 1.02224421 -1.40548061
v 8.20511255 1.16100756 -1.37695121
v 8.11714775 1.22455016 -1.24751321
v 8.19722965 1.25022526 -1.72159561
v 8.23652770 1.17104011 -1.57693411
v 8.29883610 1.02710621 -1.60406186
v 8.03112775 1.61551106 -1.88070626
v 7.96413415 1.73819241 -1.72623406
v 7.79915340 2.00013266 -1.85036381
v 7.75251560 2.00952006 -1.56289636
v 7.91998345 1.76462486 -1.52734766
v 8.04627390 1.53229606 -2.25210611
v 8.12363580 1.39375711 -1.94924601
v 8.16506565 1.20749576 -2.27264806
v 8.22201650 1.11973666 -1.97274596
v 7.82161975 1.96225581 -2.63156566
v 7.99569125 1.59654926 -2.62238481
v 8.11812950 1.24355871 -2.62736836
v 7.57385665 2.31346986 -2.29142201
v 7.57297690 2.33095436 -2.68243901
v 7.54929335 2.32601756 -1.93661501
v 7.50906030 2.31428331 -1.60385276
v 7.70885110 1.93209271 -1.27852376
v 7.89601005 1.69761341 -1.32556871
v 7.90516370 1.55165991 -1.15577186
v 7.38319910 2.10933131 -0.96645986
v 7.46296480 2.22396231 -1.27895981
v 7.41599040 1.76254916 -0.60121316
v 7.24195035 2.02466706 -0.67087321
v 7.60990005 1.20346591 -0.39459006
v 7.83586150 1.16666431 -0.70175966
v 7.53036895 1.48821081 -0.49985151
v 7.75730280 1.44959531 -0.80094021
v 7.96038480 1.34122881 -1.05283516
v 8.03534460 1.09112566 -0.98432176
v 8.16042890 0.55263366 -0.86471911
v 8.20060500 0.27687496 -0.83654331
v 8.34253800 0.50610891 -1.12630151
v 8.38378085 0.25473161 -1.10453046
v 8.00212320 0.29371006 -0.53537981
v 8.01697185 -0.00000064 -0.52551726
v 8.21655525 -0.00000064 -0.82868081
v 7.90620240 0.87837831 -0.62326216
v 8.10368375 0.82615686 -0.91779736
v 8.28647540 0.75077546 -1.17131326
v 7.67942750 0.91012326 -0.31322891
v 7.73462905 0.61033166 -0.25547906
v 7.77120710 0.30623991 -0.22105831
v 7.78482920 -0.00000064 -0.20968021
v 8.27782665 0.59933181 -2.60406731
v 8.31672180 0.29685931 -2.58960371
v 8.38538905 -0.00000064 -2.25346101
v 8.32941060 -0.00000064 -2.58247816
v 8.37091525 0.29351286 -2.26050241
v 8.25958565 0.89434811 -2.27751941
v 8.21189980 0.91302771 -2.61896271
v 8.41978770 0.50932531 -1.83026046
v 8.37276655 0.55884886 -2.00195111
v 8.36028515 0.75736721 -1.80695941
v 8.30660595 0.84025666 -1.99210216
v 8.41580460 0.27902631 -1.99693186
v 8.43155935 -0.00000064 -1.99070476
v 8.46188225 0.25598706 -1.83222396
v 8.38940020 0.89385851 -1.56682931
v 8.38052705 0.87978846 -1.64951901
v 8.47284980 0.67103101 -1.76610841
v 8.38772655 0.80833406 -1.71941451
v 8.47345670 0.73796596 -1.70841296
v 8.39743270 0.87774846 -1.48149951
v 8.41917145 0.80509811 -1.40737356
v 8.52657490 0.73717631 -1.57739226
v 8.57117355 0.66974666 -1.52477896
v 8.60137490 0.62303406 -1.72307291
v 8.63755770 0.61018801 -1.66554236
v 8.70244755 0.49363261 -1.79959841
v 8.73657505 0.49088286 -1.73994966
v 8.68589890 0.55951356 -1.62220426
v 8.55808355 0.56005416 -1.82527946
v 8.56948970 0.61050336 -1.77584856
v 8.65925055 0.49113191 -1.84583416
v 8.52620005 0.44523106 -1.33027176
v 8.46918375 0.64954981 -1.35829286
v 8.63185420 0.54472866 -1.49857686
v 8.75555640 -0.00000064 -1.49496946
v 8.73722955 0.19545856 -1.49183891
v 8.58650840 -0.00000064 -1.31812101
v 8.56874255 0.22627531 -1.31932631
v 8.82278290 0.32243071 -1.62043116
v 8.87074755 0.16623216 -1.63298311
v 8.90010740 0.27789921 -1.73145901
v 8.95087705 0.14255116 -1.75366781
v 8.88954105 -0.00000064 -1.64028971
v 8.75443440 0.45855991 -1.61200256
v 8.82455855 0.39883976 -1.70765391
v 8.51960915 0.22697741 -1.79970381
v 8.47917975 0.44679421 -1.79242611
v 8.60576855 -0.00000064 -1.85288151
v 8.53714040 -0.00000064 -1.79864556
v 8.58753605 0.19585891 -1.84991331
v 8.50406945 0.54591866 -1.80879456
v 8.42791285 0.65229191 -1.76635576
v 8.70768440 0.27824346 -1.97006081
v 8.62540355 0.32290246 -1.91119916
v 8.66130840 0.39925541 -1.92005786
v 8.58332940 0.45913791 -1.87278001
v 8.66439305 0.16649396 -1.93339351
v 8.68309390 -0.00000064 -1.94043491
v 8.74854305 0.14274326 -2.00068886
v 8.90758570 0.25379916 -1.83455296
v 8.82998155 0.37336186 -1.79460976
v 8.79230105 0.36923936 -1.86535696
v 8.95929205 0.12836636 -1.86480531
v 8.97874005 -0.00000064 -1.87750856
v 8.91544140 0.12367351 -1.95236976
v 8.93488855 -0.00000064 -1.96568841
v 8.79304905 0.25398021 -1.96728046
v 8.83867705 0.12846836 -2.00233871
v 8.85803155 -0.00000064 -2.01490766
v 8.73349040 0.37357946 -1.91237811
v 2.02815490 -3.23213584 -4.55659041
v 2.02687395 -2.97159809 -4.79001316
v 2.59485840 -3.19114544 -4.63593366
v 2.57817800 -2.96664259 -4.83556551
v 2.56505060 -2.70811509 -4.97290851
v 3.13782225 -2.92768114 -4.90461611
v 3.12928570 -2.68403969 -5.02833531
v 1.17303195 -2.45530044 -5.29632501
v 1.53294150 -2.56980989 -5.03620801
v 1.11926945 -2.92182804 -5.07198111
v 1.50994985 -2.96021914 -4.82734686
v 1.45931025 -3.27515519 -4.52849281
v 1.40858650 -1.82153874 -5.21056681
v 1.98343385 -2.08806984 -5.15771041
v 1.46588330 -2.16182264 -5.15038936
v 1.99739340 -2.35193619 -5.07062451
v 1.06226250 -1.96256479 -5.39962381
v 2.55657015 -2.45280399 -5.07276566
v 3.12284355 -2.44625899 -5.11537446
v 2.55381190 -2.23792229 -5.15996461
v 3.67791565 -2.57148439 -5.06608126
v 3.67976695 -2.83703374 -4.93773381
v 4.18980945 -2.72423449 -4.98595176
v 4.20581665 -2.99636624 -4.77160301
v 3.68741525 -3.06831534 -4.74581571
v 4.20773340 -1.83456414 -5.30297286
v 4.20416170 -2.08494694 -5.22944446
v 3.66673305 -2.10748044 -5.23666266
v 3.67565295 -2.31414349 -5.15701001
v 4.63543980 -2.21187319 -5.27438991
v 4.69754250 -1.78718769 -5.36445846
v 4.96707495 -2.04436879 -5.56073366
v 5.07423530 -1.53350349 -5.63721666
v 4.74121635 -1.45971244 -5.40807621
v 4.70715430 -2.94628849 -4.83915676
v 4.65375645 -2.61883194 -5.10029291
v 5.00501725 -2.52253629 -5.37971851
v -1.88053780 -2.65105204 -2.97293331
v -1.86079060 -2.73875504 -3.55368051
v -1.55702100 -3.07348504 -2.92317261
v -1.58005770 -3.17450244 -3.52550896
v -1.98151780 -2.20155079 -3.64343116
v -1.86211830 -2.81316234 -4.26066206
v -1.92758700 -2.24962849 -4.31120816
v -2.15725020 -2.09483924 -2.64953551
v -1.89690965 -2.56985664 -2.49396086
v -2.19505225 -2.06781774 -2.24653181
v -1.88544570 -2.51496279 -2.09233161
v -1.52783710 -2.97794674 -2.43040891
v -2.18536650 -1.13574429 -3.45156916
v -2.16298175 -1.61854089 -3.27582656
v -2.41933070 -1.15110634 -3.05058506
v -2.32575590 -1.60465614 -2.85059791
v -2.41892865 -1.60833069 -2.44435911
v -1.96572565 -1.63187399 -3.76575721
v -1.82340930 -1.64918084 -4.38540976
v -1.89411400 -1.11711909 -3.88636286
v -1.82818630 -2.17351949 -1.06398971
v -1.50635675 -2.54639749 -1.08987986
v -1.53975325 -2.21665104 -0.63283486
v -1.23940575 -2.55517714 -0.72747216
v -1.12589420 -2.87800459 -1.15065486
v -1.29402080 -2.87967824 -1.43052501
v -1.69787365 -2.52335909 -1.41901091
v -2.52272300 -1.30799934 -1.63340726
v -2.30174510 -1.70995584 -1.54823811
v -2.37554465 -1.39235504 -1.06673861
v -2.11261330 -1.78265209 -1.05145816
v -1.82040710 -1.86113599 -0.53773856
v -2.15250125 -2.08319849 -1.85810816
v -2.40739075 -1.64763809 -2.01138781
v -2.59294150 -1.23386319 -2.15997886
v -1.40827015 -2.88219339 -1.71126556
v -1.82166935 -2.50617379 -1.74358681
v 7.79511250 -1.98048024 -4.81160231
v 7.77168225 -2.00221899 -4.25012546
v 7.67677040 -2.51393514 -4.82674931
v 7.62571940 -2.49640389 -4.27108816
v 7.35562595 -2.88456914 -4.30068176
v 7.31139110 -2.81895084 -3.85933371
v 7.59098415 -2.46003239 -3.82508381
v 7.86852020 -1.54088999 -3.77819356
v 7.81118600 -1.46542614 -4.23103276
v 7.91974800 -1.09861629 -3.75421081
v 7.79859240 -0.98085304 -4.19221241
v 7.77575885 -1.40000419 -4.79914811
v 7.77823660 -2.01227024 -3.40907426
v 7.91597145 -1.58907989 -3.38690541
v 7.79613250 -1.99415929 -3.03519581
v 7.95715820 -1.60822869 -3.01551406
v 8.00656360 -1.18423424 -3.36872901
v 7.27833885 -2.74794694 -3.48303361
v 7.57139590 -2.41412389 -3.44247246
v 7.56578590 -2.36800034 -3.07700901
v -0.54315205 -3.60156369 -4.40462401
v -0.52393695 -3.56142414 -3.71307931
v -1.14475655 -3.51547824 -4.30746816
v -1.11584125 -3.43981804 -3.58788281
v -1.07920710 -3.35157274 -2.99190446
v 0.15492915 -3.57406534 -3.34187496
v 0.13985695 -3.56608044 -3.87339441
v 0.81803115 -3.57598209 -3.54886526
v 0.81561885 -3.51182239 -4.03006301
v 0.12749625 -3.54529539 -4.52506221
v -0.39711355 -3.41245059 -2.29344076
v -0.44974725 -3.45578784 -2.67567811
v 0.22493260 -3.54388354 -2.52182386
v 0.18532600 -3.56122779 -2.89778736
v 0.83512295 -3.60147954 -3.12841446
v -1.03312690 -3.26730119 -2.50543331
v -0.97586920 -3.20356224 -2.11436021
v 2.63411905 -3.44047254 -3.99739496
v 2.61400720 -3.34440129 -4.34918871
v 3.19424950 -3.37672424 -4.08129251
v 3.17065010 -3.28562719 -4.43385381
v 2.03799110 -3.40086594 -4.24204706
v 2.08454475 -3.57707604 -3.08215151
v 2.06864975 -3.55373844 -3.48300386
v 2.67128530 -3.51735759 -3.18702111
v 2.65371665 -3.49343094 -3.60265666
v 3.21854080 -3.42727119 -3.68100031
v 1.44898785 -3.54855854 -3.72585311
v 1.46267625 -3.59437354 -3.32420346
v 1.48082460 -3.61282109 -2.93825416
v 1.44342460 -3.45671349 -4.14431151
v 2.15347380 -3.51766614 -1.90083596
v 2.72668490 -3.45719969 -1.95100806
v 2.20774120 -3.41411489 -1.50081151
v 2.76582400 -3.35798684 -1.54570001
v 3.27270620 -3.44704559 -2.40306101
v 3.29269565 -3.39901464 -1.98408836
v 2.70184195 -3.50979344 -2.36028476
v 1.52837020 -3.60904369 -2.19981921
v 1.57549420 -3.55747844 -1.82645416
v 0.92996085 -3.60098484 -2.06693701
v 0.99515840 -3.55368234 -1.72074901
v 1.65001370 -3.45321659 -1.43640531
v 2.09914010 -3.58696834 -2.68750586
v 1.49976855 -3.62260119 -2.56694696
v 0.88876390 -3.61311094 -2.40472446
v 3.25689450 -3.46085554 -2.82836446
v 2.68535705 -3.52633359 -2.77259171
v -0.80736520 -3.16485324 -1.53583491
v -0.66556310 -3.14502189 -1.26784266
v 0.01977660 -3.27466899 -1.09711931
v -0.46502515 -3.09496199 -0.96034241
v -0.14531295 -3.34696319 -1.41772996
v -0.33879930 -3.39426484 -1.98018006
v -0.90570765 -3.17688669 -1.80458536
v 0.26763490 -3.53832964 -2.19468606
v 0.32656795 -3.52476279 -1.88879996
v 0.41491610 -3.48335164 -1.57660261
v 0.54580675 -3.39426484 -1.23052256
v 6.90930370 -3.03620744 -3.90397911
v 6.94370235 -3.10330304 -4.34565441
v 6.45028415 -3.21014549 -4.94660781
v 6.98300040 -3.14947334 -4.89470511
v 6.43236020 -3.18751849 -4.39894941
v 6.41024745 -3.09995574 -3.57153986
v 6.88193625 -2.96700809 -3.52668791
v 6.40512450 -3.06697829 -3.20888141
v 6.86371395 -2.91456394 -3.17078016
v 5.32241235 -3.19640949 -4.05588856
v 5.87877475 -3.18532124 -4.00796046
v 5.35323930 -3.22209394 -3.65722326
v 5.89133180 -3.17543829 -3.61568121
v 5.90345025 -3.16670539 -3.24141941
v 5.86399240 -3.17210969 -4.45345991
v 5.86532010 -3.14097419 -4.99935966
v 5.28713480 -3.12959439 -4.48964441
v 6.41172475 -3.06820314 -2.03975146
v 6.84404155 -2.88974904 -2.02492066
v 6.40766770 -3.01525409 -1.64917901
v 6.82769775 -2.84516824 -1.65048121
v 7.22683225 -2.64588234 -1.99234781
v 7.24497890 -2.64653684 -2.36095881
v 6.85294190 -2.89619119 -2.40701606
v 5.42413185 -3.28185914 -2.45265341
v 5.92989120 -3.20014099 -2.44803451
v 5.44164440 -3.27118144 -2.03785256
v 5.94066240 -3.19182884 -2.04225726
v 5.94742245 -3.13315759 -1.63933346
v 6.40666725 -3.06738969 -2.82699001
v 5.91689555 -3.18334839 -2.84997231
v 5.40372080 -3.26213064 -2.86499776
v 7.25096205 -2.65774749 -2.74601051
v 6.85677540 -2.89770589 -2.79326456
v 3.84908695 -3.36603719 -2.00719221
v 3.83018125 -3.40526129 -2.43101751
v 4.39396755 -3.34355979 -2.02244121
v 3.87280705 -3.28079409 -1.59542586
v 4.41504245 -3.26596499 -1.60827446
v 3.79139660 -3.39454534 -3.29126426
v 4.32864760 -3.34329799 -3.30054881
v 3.81223775 -3.41068344 -2.86100531
v 4.35364950 -3.36682259 -2.87500226
v 4.90572110 -3.33504194 -2.45313961
v 4.88339330 -3.32029699 -2.87483396
v 4.85673560 -3.29176079 -3.29065651
v 4.92543940 -3.31685619 -2.03195441
v 4.94429835 -3.24660029 -1.61762106
v 4.23108035 -3.16785544 -4.47172046
v 3.70710635 -3.22284279 -4.46419371
v 3.73412785 -3.31749199 -4.11387726
v 4.78772325 -3.22426399 -4.09143726
v 4.75028585 -3.13247419 -4.48797076
v 4.29658645 -3.31687574 -3.71706326
v 4.82402930 -3.26855409 -3.69425861
v 3.76378605 -3.36910484 -3.71589451
v 1.04163725 -2.34250204 0.93553499
v 0.65669775 -2.34774739 0.91438529
v 0.94324720 -2.54957649 0.57478394
v 0.58622680 -2.52469614 0.59763534
v 0.27461935 -2.36652219 0.78125999
v 0.20111900 -2.17677329 1.02536979
v 0.64629120 -2.14937779 1.19368849
v 1.91404835 -2.06953814 1.09024009
v 1.49885225 -2.09759749 1.20314049
v 1.83902395 -2.31573299 0.76050299
v 1.43555275 -2.33121659 0.87781659
v 1.32629800 -2.56037574 0.49640289
v 1.08365615 -1.87961159 1.49520729
v 1.53460665 -1.84357669 1.46362214
v 1.09248255 -1.59122019 1.68254389
v 1.56121675 -1.55324049 1.65048274
v 1.96599695 -1.80688729 1.35621954
v 0.60381415 -1.91433749 1.44213669
v 0.10323980 -1.94896054 1.26354234
v 0.58987330 -1.62631074 1.64482599
v 3.12564005 -2.25663164 0.27585424
v 3.59270060 -2.23403269 0.16100819
v 3.18776145 -1.98668779 0.55238049
v 3.64604235 -1.96060129 0.41790879
v 3.05501950 -2.51558924 -0.03916596
v 2.59477510 -2.53529904 0.09021934
v 2.68022475 -2.27804314 0.43224234
v 2.85299405 -1.43313039 1.16256149
v 2.80852545 -1.73469594 0.97819819
v 3.28312210 -1.39682434 0.96079784
v 3.24054220 -1.70150344 0.78311979
v 3.69365255 -1.67177129 0.63435194
v 2.32906680 -2.04148814 0.92190184
v 2.38715835 -1.77020724 1.18182249
v 2.43097245 -1.47266219 1.37130959
v 2.15376365 -2.55078264 0.23610739
v 2.25263055 -2.29787449 0.60288919
v 7.16378435 -1.75090034 -0.30846466
v 6.85206385 -1.76365374 -0.07077831
v 7.03582025 -1.98231284 -0.41418426
v 6.76141560 -1.99458004 -0.21837316
v 6.37686880 -2.27036764 -0.30184061
v 6.70314725 -2.20525424 -0.40483596
v 6.42176750 -2.03550499 -0.07253611
v 7.00581525 -1.23953014 0.17092854
v 6.61859435 -1.25788419 0.39086859
v 6.93393330 -1.51183019 0.05978509
v 6.55434115 -1.53310144 0.26668189
v 7.26182760 -1.49599129 -0.19710106
v 5.61936920 -1.85617199 0.32541859
v 6.07273200 -1.82339089 0.24635499
v 5.67064460 -1.58144094 0.51396134
v 6.13069265 -1.55717769 0.41945154
v 6.18670850 -1.27573334 0.55857954
v 5.97932550 -2.32916044 -0.22197461
v 6.01991385 -2.07913209 0.03424089
v 5.57063700 -2.12071154 0.09740014
v 4.58879350 -2.18496389 0.10853599
v 4.08526795 -2.21064919 0.11498749
v 4.54468020 -2.44773714 -0.17020621
v 4.03630200 -2.47215934 -0.16745731
v 4.13335500 -1.93584334 0.36143479
v 5.13502050 -1.88495044 0.34864399
v 5.08875670 -2.15549354 0.11242559
v 5.04694350 -2.41767604 -0.16413806
v 4.67937630 -1.62442204 0.55245529
v 5.18184530 -1.60327319 0.54609729
v 4.71989920 -1.32344554 0.71718359
v 5.22536020 -1.30767294 0.70632824
v 4.17828175 -1.64667589 0.56967799
v 4.21776680 -1.34208009 0.73749179
v 3.41710760 -2.96695199 -0.80752346
v 2.89782730 -3.00068594 -0.75632201
v 3.36452235 -3.15876724 -1.18212441
v 2.82519650 -3.20161744 -1.14527606
v 2.28976875 -3.24837679 -1.09100186
v 2.49403820 -2.79325619 -0.28479301
v 2.97676000 -2.76780549 -0.38542536
v 3.47537680 -2.74171899 -0.45603741
v 1.41006465 -3.06450904 -0.48854311
v 1.89214130 -3.06146094 -0.59084061
v 1.58086110 -2.81631329 -0.04529021
v 2.02836145 -2.81157284 -0.16709181
v 1.76079250 -3.28160669 -1.01923891
v 1.24082030 -3.28386004 -0.92992261
v 5.94838550 -2.99890094 -1.24593476
v 6.39513785 -2.88901039 -1.26892896
v 5.46882485 -3.06794049 -1.22590281
v 5.48257870 -2.87112384 -0.84401226
v 5.94984495 -2.80771214 -0.87196961
v 6.80151775 -2.72923759 -1.28721161
v 7.15998655 -2.51055979 -1.29311316
v 6.76519300 -2.57020344 -0.94956781
v 7.10096085 -2.37434899 -0.97368146
v 6.36849120 -2.49963899 -0.58450131
v 6.71840560 -2.39633084 -0.65200491
v 7.00912515 -2.24559014 -0.69306161
v 5.50156855 -2.63538229 -0.49016916
v 5.95806360 -2.57824444 -0.52734646
v -1.15766720 -2.23855809 -0.16533401
v -1.40553995 -1.94077929 -0.02377501
v -1.62279145 -1.69939034 0.14422579
v -1.11036045 -1.78492414 0.63709234
v -0.91853415 -1.99187704 0.46884844
v -0.88931540 -2.52955814 -0.30306461
v -0.57530840 -2.78902999 -0.43847471
v -0.49883220 -2.48034909 0.12617094
v -0.23176050 -2.69442669 -0.02904841
v -0.25986490 -2.21148984 0.70969509
v -0.11070690 -2.41835859 0.50306944
v 0.08784460 -2.58609759 0.33375964
v -0.58730955 -1.77923934 1.09560699
v -0.40990945 -1.98470559 0.91852734
v 4.50532605 -2.70096234 -0.48647761
v 5.01346115 -2.67427744 -0.48259481
v 4.98643965 -2.90890634 -0.83577236
v 3.94445695 -2.94698039 -0.82971016
v 3.98876745 -2.72143969 -0.48367346
v 4.44057645 -3.12382629 -1.21074051
v 3.90520565 -3.13727074 -1.20161321
v 4.96400815 -3.10515434 -1.21650436
v 0.94470580 -3.03335484 -0.38119576
v 0.73241405 -3.23768974 -0.82298836
v 0.25037480 -3.14113229 -0.70263601
v 0.75175920 -2.76195239 0.16423479
v 1.15266850 -2.80100734 0.06766799
v 0.10944225 -2.85350759 -0.15700316
v 0.38607135 -2.69547389 0.23687494
v -0.19047430 -2.99223354 -0.57306626
v -1.79927610 -1.57757854 0.36129539
v -1.30644610 -1.65788569 0.79419104
v -2.25778140 -1.39346769 -0.00582301
v -2.42222920 -1.40266809 0.26355984
v -1.97757125 -1.56176769 0.58299324
v -1.05484865 -1.56543289 1.30089559
v -0.81853845 -1.63633394 1.20696549
v -0.67733135 -1.41112984 1.59705684
v -0.40605810 -1.49286754 1.54638919
v -1.89537540 -1.79522784 1.28795519
v -1.70254100 -1.65648319 1.10548994
v -1.39951940 -1.67533279 1.59528969
v -1.24749350 -1.57600774 1.42570874
v -0.87335750 -1.39989114 1.69162274
v -2.66049525 -1.49654209 0.45208389
v -2.20024150 -1.63838159 0.76486009
v -2.44709085 -1.82251114 0.94883069
v -2.69788590 -2.12922854 1.17683044
v -2.07812115 -2.04007629 1.51579599
v -3.64673325 -2.56218964 1.10734209
v -3.32867430 -2.17946609 0.85049759
v -2.96314540 -2.47045679 1.44378229
v -1.61948750 -2.10862114 2.10262069
v -1.51397700 -1.87068234 1.82353254
v -1.08095980 -1.81453559 2.36136324
v -1.05229440 -1.62000884 2.07397229
v -2.73468750 -2.75709039 2.46489579
v -2.48234970 -2.58265679 2.10315364
v -1.91816135 -2.49852549 2.78196364
v -1.74467465 -2.33571394 2.42470014
v -1.12588740 -2.00585529 2.69183899
v -3.25338810 -2.75810954 1.74462789
v -3.99126205 -2.86706509 1.39093609
v -3.56450000 -2.94187444 2.09216739
v -4.26068230 -2.61610174 0.81568754
v -3.92589620 -2.23208789 0.58068464
v -3.71482930 -1.80142689 0.37354474
v -4.22274935 -1.84013589 0.20005549
v -4.45392810 -2.24634664 0.36682209
v -5.52990740 -3.03595414 1.13324159
v -5.16369595 -2.87418044 0.82593514
v -4.99471340 -3.09284804 1.39868809
v -4.62941825 -2.91448829 1.08391099
v -5.21654215 -2.48443504 0.37834129
v -5.58989700 -2.71992329 0.61942169
v -5.53145100 -2.23567744 0.23461309
v -5.90386065 -2.42550199 0.46677359
v -5.94798330 -2.85910739 0.92270764
v -4.63833815 -1.82746664 0.08059054
v -4.87717455 -2.18145679 0.20832089
v -5.17816975 -1.99585929 0.08922059
v -5.61115805 -3.00142374 2.17646784
v -5.31917710 -3.11677469 1.77336129
v -5.00444675 -2.97515024 2.53086089
v -4.67184855 -3.08120729 2.10728719
v -5.84038435 -3.05511229 1.49739604
v -6.29839410 -2.70474909 2.23379269
v -5.87903640 -2.76198044 2.57653564
v -6.45158365 -2.34665259 2.51313329
v -6.09927565 -2.39337454 2.89542674
v -5.35655840 -2.76053969 2.96286829
v -6.46250445 -2.77186339 1.64474269
v -6.60295080 -2.56475069 1.97423669
v -6.72193890 -2.46639804 1.47891109
v -6.81656005 -2.30612969 1.80407604
v -6.70083680 -2.24912274 2.22326459
v -6.24151720 -2.87320719 1.27935404
v -6.52858090 -2.54802439 1.11923529
v -1.19843830 -2.18478624 -7.83773831
v -1.13786815 -2.69768984 -7.71192556
v -1.68854150 -2.22680514 -7.45437896
v -1.60731295 -2.70132699 -7.35056591
v -0.55638910 -2.69572634 -7.84846361
v -0.54006315 -3.16072989 -7.47974551
v -1.07432470 -3.13268924 -7.36170176
v -0.59830770 -1.61564239 -7.88646116
v -1.15691070 -1.67956834 -7.74283581
v -0.59963880 -1.19941779 -7.56962791
v -1.09124990 -1.27676099 -7.43313576
v -1.59500665 -1.75259184 -7.38253441
v 0.54884465 -2.13334254 -7.59500296
v 0.04374065 -2.12658249 -7.89718561
v 0.44001065 -1.70886189 -7.54722446
v -0.02730830 -1.64738564 -7.81686996
v -0.09297335 -1.27749964 -7.53608861
v -0.01331985 -3.05786119 -7.42337521
v 0.02214810 -2.62885514 -7.76594051
v 0.49043520 -2.58202099 -7.47396721
v 6.56545660 -2.32480334 -7.89511161
v 7.07537840 -2.30787049 -7.77723616
v 6.54220400 -2.72849894 -7.57418221
v 7.00943370 -2.69482959 -7.47357706
v 7.13613555 -1.85967824 -7.88404121
v 7.57495825 -1.87523664 -7.54798351
v 7.48748985 -2.30103564 -7.46207571
v 6.03901505 -1.85511544 -7.93263316
v 6.05553565 -2.28545854 -7.81997501
v 5.58973820 -1.86229624 -7.66292221
v 5.63731015 -2.25222864 -7.56003481
v 6.07822895 -2.65153909 -7.52107336
v 6.62249160 -1.00904329 -7.63672351
v 6.60969145 -1.38998099 -7.92155426
v 6.16546445 -1.08328229 -7.60492416
v 6.10268855 -1.43098924 -7.85804821
v 5.68740830 -1.47707624 -7.61642466
v 7.51192055 -1.45616964 -7.47889721
v 7.11010430 -1.41960179 -7.79612316
v 7.07101110 -1.05685919 -7.51785781
v 5.51692975 -2.75443499 -6.46514046
v 5.96054050 -3.01836764 -6.41250931
v 5.42532780 -2.84155829 -5.77777521
v 5.90105580 -3.09706659 -5.69284916
v 6.47677270 -3.20227279 -5.64082576
v 6.52369015 -2.98949484 -7.04365386
v 6.03307695 -2.88284874 -7.03692271
v 5.63152335 -2.64446114 -7.03532216
v 7.49788620 -2.87844489 -6.28748111
v 7.04549580 -3.09794549 -6.32561976
v 7.44037350 -2.75074259 -6.90826501
v 7.01987680 -2.95122529 -6.97090151
v 7.02506605 -3.15585004 -5.59413271
v 7.47240745 -2.93159964 -5.55815306
v 7.13052470 -0.72436299 -6.45197651
v 7.14045440 -0.66126494 -5.76146031
v 7.55075110 -0.96055419 -6.34400186
v 7.56216745 -0.90619754 -5.59743241
v 7.13584570 -0.59345534 -5.15786086
v 6.61255340 -0.55503194 -5.40386871
v 6.60785970 -0.61202104 -5.94431911
v 6.62364250 -0.78581544 -7.16161261
v 7.09260195 -0.84066934 -7.05363031
v 7.48260830 -1.05472739 -6.95608091
v 5.63703985 -1.03716809 -6.68543581
v 6.09040265 -0.77853349 -6.64805536
v 5.73440140 -1.11323969 -7.17665591
v 6.14623150 -0.88215019 -7.18198711
v 6.04556940 -0.65408924 -5.55481511
v 6.04336280 -0.72337359 -6.06195146
v 5.55546110 -0.99749604 -6.11970556
v 5.12862425 -1.94748324 -6.06093061
v 5.17701050 -2.43708664 -5.92318641
v 5.27456840 -2.35966949 -6.56099666
v 5.34467470 -1.43382314 -6.69012951
v 5.25266135 -1.43658139 -6.12290241
v 5.34603045 -1.87317964 -7.21103671
v 5.46216680 -1.46267639 -7.20754831
v 5.40249425 -2.28750619 -7.12350201
v 7.79403810 -1.38191194 -5.53626641
v 7.85032510 -1.95781584 -5.53190761
v 7.79888140 -1.39822769 -6.30476926
v 7.77359985 -2.45781559 -6.28482571
v 7.74530675 -2.50331354 -5.53831321
v 7.80130390 -1.90212724 -6.99423911
v 7.70394150 -2.37070249 -6.94533946
v 7.72318380 -1.43601104 -6.96704931
v -0.55201330 -3.62252639 -5.23785946
v 0.10521435 -3.51975119 -5.32957276
v 0.58086840 -3.17078114 -6.23078186
v 0.65458380 -3.25904514 -5.45976301
v 0.06932140 -3.45517074 -6.15507491
v -1.16245865 -3.53855404 -6.03248706
v -1.16768190 -3.56201319 -5.16476966
v -1.65699970 -3.29992334 -5.98806606
v -1.65045810 -3.31406054 -5.12126411
v -0.54305090 -3.44300639 -6.87088286
v -1.10693070 -3.40421324 -6.78334816
v -1.57575500 -3.18593749 -6.71121291
v 0.01610800 -3.31724889 -6.86971411
v 0.47577440 -3.04396709 -6.87506231
v -1.82544760 -1.67494944 -5.19977606
v -1.51737020 -1.18782379 -5.31058291
v -1.85732175 -1.70825414 -6.05621736
v -1.54685160 -1.23951994 -6.11985346
v -1.96134050 -2.27689309 -5.14735996
v -1.92671745 -2.26197984 -6.82303891
v -1.80449425 -1.74814124 -6.80205751
v -1.51230845 -1.32130439 -6.79833621
v -1.92902690 -2.84654184 -5.99489071
v -1.84974825 -2.77321914 -6.75859871
v -1.90900855 -2.85447064 -5.11832821
v 1.01341810 -2.34806529 -5.82152301
v 0.88674430 -1.83425474 -5.90589826
v 0.49748510 -1.34171544 -6.52059446
v 0.57242535 -1.38487504 -5.91332131
v 0.80622210 -1.76281139 -6.51949201
v 0.86352825 -2.74688019 -6.35281891
v 0.94667780 -2.84573774 -5.64827771
v 0.81191625 -2.17914819 -7.08827036
v 0.74117415 -2.64016864 -6.98215806
v 0.68757995 -1.73418169 -7.09068266
v 0.39095120 -1.35796574 -7.05977156
v -0.49962525 -0.93307964 -5.72543306
v -1.05313335 -0.95470024 -5.51475886
v -0.50878570 -0.90222039 -5.18720966
v -1.03023180 -0.89171014 -4.91332011
v -1.08039455 -0.98840699 -6.25302551
v 0.02236740 -1.05924259 -6.48095981
v 0.07626675 -1.08047644 -5.85573466
v 0.04545765 -1.05201504 -5.34629991
v -0.57175540 -0.99812164 -7.04041706
v -0.05523080 -1.10318759 -7.06593321
v -1.07942215 -1.07106099 -6.91450061
v -4.27306085 -2.88595209 2.93105959
v -4.74263740 -2.72450479 3.35318319
v -5.13114860 -2.53556934 3.79499024
v -4.72198240 -2.53923454 4.13054219
v -4.20991095 -2.66805034 3.74911829
v -3.03864665 -2.79105894 2.87647344
v -3.89237645 -2.97144849 2.49918224
v -2.39999490 -2.53585069 3.53606919
v -2.16856370 -2.54362054 3.16658524
v -1.67828285 -2.23006829 3.74476119
v -1.43492870 -2.20038204 3.41885759
v -3.23500515 -2.64505869 4.20761509
v -3.25742645 -2.64209474 3.88964879
v -2.61493185 -2.59813104 4.08606509
v -2.51658005 -2.54006754 3.84796649
v -1.89637500 -2.30952459 3.97246174
v -3.93099110 -2.60533054 4.15231834
v -4.45893885 -2.49644979 4.50719759
v -3.82241890 -2.59981404 4.49629549
v -2.23499460 -2.35959384 5.25740504
v -2.18709455 -3.05632779 5.24447314
v -2.10166360 -2.41338439 4.91410959
v -2.12442150 -3.05232599 4.91278189
v -2.00539600 -1.80105289 4.93397834
v -1.85780625 -1.99197054 4.57494769
v -2.04069225 -2.50279844 4.58529729
v -2.25447065 -3.55600114 4.66277309
v -2.17304150 -3.59780499 4.93708339
v -2.40638945 -3.95390909 4.78902529
v -2.27288080 -4.02376379 5.03403269
v -2.18415865 -3.63417649 5.24093884
v -2.29474110 -3.03263489 4.37426949
v -2.43704810 -3.43932249 4.46545919
v -2.56554515 -3.00486539 4.27151299
v -2.72338250 -3.31438779 4.38828429
v -2.62236510 -3.75480084 4.60803819
v -1.87657170 -2.23541649 4.29239069
v -2.11056480 -2.61202514 4.33213754
v -2.34849425 -2.70655364 4.19998464
v -2.98078800 -2.97665644 4.34577069
v -2.79170295 -2.75187309 4.23415974
v -3.31687375 -2.75300444 4.41293174
v -3.48382735 -3.54414534 4.82452724
v -3.51180255 -3.21609124 4.67677939
v -3.12516135 -3.55852564 4.62548529
v -3.11609185 -3.24784384 4.47441649
v -3.81321850 -2.92286589 4.85068939
v -3.80716990 -3.19554929 4.94829319
v -4.01948885 -2.92275369 5.18393274
v -3.94441770 -3.22648844 5.24955019
v -3.73558630 -3.51448714 5.07356449
v -3.80072690 -2.71497799 4.71455424
v -4.09339210 -2.67297779 5.06930174
v -3.27809930 -3.92299884 5.03804384
v -3.55145590 -3.86115709 5.29271064
v -3.74941410 -3.68149684 5.48739549
v -3.53075500 -3.90617734 5.71648069
v -3.29085355 -4.15324174 5.53067834
v -2.66951715 -4.18215194 5.01233134
v -2.93555270 -3.90178284 4.80436014
v -2.69177950 -4.40901099 5.50435724
v -2.44929660 -4.30415074 5.25068154
v -2.48779055 -4.30368324 5.67879934
v -2.30811160 -4.18316174 5.44650879
v -3.24454215 -4.04303329 5.85849699
v -2.98984815 -4.30840499 5.71241344
v -2.76313870 -4.23170694 5.83969414
v 0.36651115 -0.86251264 1.87304079
v 0.76662570 -0.86537884 1.87244239
v 0.44910055 -0.43700179 1.92054814
v 0.83171105 -0.43850629 1.90580319
v 1.24009185 -0.43237779 1.87267529
v 1.13862565 -1.24295139 1.79691309
v 0.66507535 -1.26898179 1.78686184
v 0.22338135 -1.26504544 1.76193474
v 2.06789410 -0.80193654 1.69521229
v 1.63370815 -0.82886879 1.80004534
v 2.03944120 -1.17462159 1.65201614
v 1.59709355 -1.21064714 1.75496814
v 1.66250530 -0.42096569 1.80871194
v 2.08717295 -0.40662364 1.70143939
v 3.78730300 -0.70180739 1.00673439
v 4.27294115 -0.68753079 0.94823144
v 3.80059785 -0.35326829 1.04894964
v 4.28747105 -0.34582654 0.99715999
v 4.79441955 -0.34082429 0.98476189
v 4.75327870 -1.00653749 0.84344599
v 4.24952025 -1.02099174 0.86267894
v 3.76507720 -1.04088854 0.92782974
v 5.26168495 -0.99536424 0.83088894
v 5.76005100 -0.98534104 0.78576584
v 5.28941705 -0.67053844 0.91982614
v 5.79131570 -0.66449239 0.87176714
v 5.30717355 -0.33735714 0.97316789
v 5.81141820 -0.33452579 0.92379054
v 6.26971780 -0.65785899 0.74902034
v 6.29287860 -0.33142924 0.79806109
v 6.74056510 -0.32755919 0.60833089
v 6.23369225 -0.97428934 0.66881604
v 6.67253450 -0.96174164 0.49024974
v 7.45707600 -0.62687734 0.04935049
v 7.11328500 -0.63980839 0.32615724
v 7.40548100 -0.93014374 -0.01096636
v 7.06648740 -0.94718369 0.26025844
v 7.14350420 -0.32240904 0.36698869
v 7.49070710 -0.31547219 0.08640369
v -0.00680800 -0.61873859 -5.16864991
v -0.34657255 -0.57956379 -5.04275216
v -0.18944495 -0.30428619 -5.17254886
v -0.49430680 -0.29185239 -5.04819386
v -0.80501070 -0.27117529 -4.87334886
v -0.59554860 -0.75210104 -4.93170221
v -0.13106950 -0.85899534 -5.10871641
v 0.28205175 -0.95352214 -5.21073426
v -1.04428315 -0.72119079 -4.66231001
v -1.46548280 -0.73060114 -4.33166596
v -1.08060620 -0.49086459 -4.62230221
v -1.45155725 -0.47001069 -4.34352176
v -1.12451890 -0.24845394 -4.65390436
v -1.45579280 -0.22988824 -4.39574151
v 7.50469300 -0.16222229 -4.30824506
v 7.50727360 -0.33764529 -4.36203561
v 7.13977185 -0.15063169 -4.58721251
v 7.12946815 -0.30404394 -4.65473821
v 6.72977435 -0.15160324 -4.83148041
v 6.64885945 -0.44290334 -5.07664761
v 7.13016940 -0.46301604 -4.81695051
v 7.52782490 -0.53947184 -4.49124411
v 6.25042875 -0.32936629 -5.10686681
v 6.13747990 -0.50809579 -5.25776561
v 5.84982715 -0.37268059 -5.26020596
v 5.68321950 -0.59980229 -5.37223766
v 6.31575720 -0.16187464 -5.03815281
v 5.93876435 -0.17818444 -5.20433036
v 2.48832620 -0.77399279 1.52727779
v 2.50235035 -0.39170444 1.53838559
v 2.91900505 -0.37718559 1.35300229
v 2.46461460 -1.13744599 1.47902159
v 2.88541985 -1.10130824 1.27479889
v 3.31464095 -1.06839624 1.07813099
v 3.33599635 -0.72215724 1.14686284
v 3.34809610 -0.36404714 1.17870894
v -0.56340330 -0.81789274 2.11331709
v -0.46232640 -0.79266474 1.97524564
v -0.48447145 -0.41950029 2.16132934
v -0.38490160 -0.40792244 2.02568889
v -0.18135040 -0.41287114 1.95640539
v -0.61839065 -1.13105059 1.86933819
v -0.42097305 -1.14611344 1.79100389
v -0.72646560 -1.17406994 2.01307574
v 0.01817010 -0.83374779 1.87659379
v -0.13950745 -1.20743074 1.75926064
v 0.10403370 -0.42551064 1.92938389
v -0.51102970 -1.16216739 3.43771654
v -0.45605595 -1.08930284 3.01423634
v -0.34054265 -0.59118499 3.52322229
v -0.31404390 -0.55511694 3.07687199
v -0.37713685 -0.50592659 2.69543874
v -0.71150900 -1.58163644 2.88711374
v -0.71585760 -1.43464509 2.53758269
v -0.78402165 -1.69272379 3.27400739
v -0.73989900 -1.28702729 2.24102874
v -0.55052665 -0.89231364 2.34031639
v -0.45791490 -0.45644554 2.38742169
v -6.03711600 -1.27526414 3.58986059
v -5.77335250 -1.21677139 4.18998099
v -6.08450180 -0.64773124 3.60633444
v -5.81786785 -0.62152914 4.21066319
v -5.56093920 -0.58576369 4.86491074
v -5.52234240 -2.16963924 4.16391319
v -5.36185900 -2.00357304 4.76387464
v -5.68271445 -1.75941649 4.15316069
v -5.45974415 -1.62713354 4.79186854
v -5.93140575 -1.86239739 3.54404559
v -4.98857895 -0.97925334 5.93921554
v -5.26603085 -1.05842914 5.44028169
v -4.96173510 -1.40748334 5.83594649
v -5.21994470 -1.51109069 5.36967984
v -5.15374670 -1.86911154 5.28854054
v -5.29843795 -0.54452424 5.49010784
v -5.01506665 -0.50190184 6.00728439
v -6.89209870 -0.66989329 2.40236384
v -7.04527890 -0.67970484 2.06709154
v -6.86412350 -1.29293564 2.39176094
v -7.01489225 -1.30224824 2.06664274
v -6.65719100 -0.66554299 2.74326484
v -6.56035220 -1.86881149 2.66353739
v -6.79413025 -1.82226719 2.34725494
v -6.93370620 -1.81047684 2.05345924
v -6.33706485 -1.29797614 3.11391754
v -6.24836140 -1.89052304 3.05498449
v -6.37613850 -0.66027809 3.13089714
v 8.21006720 -0.58175679 -2.96648351
v 8.11499640 -0.53410069 -3.32672966
v 8.24275480 -0.28648379 -2.95091576
v 8.13853970 -0.25979804 -3.31111516
v 7.99010930 -0.22483839 -3.66251536
v 7.95505445 -0.75058974 -3.71795151
v 8.07195835 -0.83741214 -3.34729966
v 8.15291065 -0.89461119 -2.98576321
v 7.78243560 -0.39786864 -4.03303801
v 7.78824110 -0.64330189 -4.11209311
v 7.78348195 -0.18963479 -3.99745106
v -1.81879975 -0.46326424 -4.03764501
v -1.80179125 -0.22167894 -4.10475931
v -2.13694200 -0.22287319 -3.76787031
v -2.18034470 -0.76318674 -3.59102441
v -1.84735465 -0.74466439 -3.97091491
v -2.45334600 -0.48714244 -3.30950526
v -2.45488025 -0.78597099 -3.20296201
v -2.67156650 -0.51733359 -2.85809661
v -2.64275830 -0.82099864 -2.77125381
v -2.43566515 -0.23251899 -3.37201001
v -2.67239780 -0.24966689 -2.90407056
v -2.78792640 -0.56076689 -2.32128506
v -2.82155835 -0.27336319 -2.35099001
v -2.91194480 -0.30094909 -1.76749986
v -2.70281335 -0.94516324 -1.70122961
v -2.71575375 -0.87625289 -2.26045396
v -2.84500815 -0.66749799 -1.18463701
v -2.63287535 -1.02116939 -1.12428701
v -2.86351180 -0.71682859 -0.69270291
v -2.58611600 -1.08155169 -0.60562551
v -2.97235515 -0.32976494 -1.20832311
v -3.03157805 -0.35715194 -0.72819381
v -2.93569380 -0.75146949 -0.33118686
v -3.11842085 -0.38045214 -0.38184431
v -3.24149490 -0.40104594 -0.15419816
v -2.64270220 -1.10361769 -0.22124701
v -2.78695400 -1.13062049 0.04653699
v -3.00317275 -1.20581319 0.21542604
v -3.30780510 -1.29476909 0.26850599
v -3.24669350 -0.82684919 0.05471824
v -3.49630110 -0.87325154 0.09753189
v -3.40944895 -0.42031714 -0.03017976
v -3.63091305 -0.43964784 0.00528479
v -3.82118555 -0.91629044 0.04675204
v -3.91449855 -0.46042099 -0.03273146
v -4.24920050 -0.48521549 -0.10308086
v -4.16054380 -1.41101764 0.06025429
v -3.71727900 -1.36306149 0.18887204
v -4.58681030 -1.00550814 -0.12011656
v -4.56657690 -1.43897414 -0.03362906
v -4.99484430 -1.07153784 -0.14250046
v -4.95349860 -1.50020729 -0.06510116
v -4.62397655 -0.51661024 -0.16465061
v -5.02780305 -0.55718414 -0.17628201
v -5.41274255 -1.17390079 -0.07104776
v -5.44964700 -0.60951694 -0.09684441
v -5.86571265 -0.66383279 0.06387274
v -5.72269505 -1.82272619 0.13957969
v -5.33946660 -1.64801124 -0.00646731
v -6.20876415 -1.37912394 0.31767849
v -6.10140830 -1.96470594 0.37037509
v -6.54404580 -1.43676754 0.61346574
v -6.44117710 -2.05046414 0.66861204
v -6.25218555 -0.71035839 0.29610804
v -6.58526060 -0.73932044 0.59008139
v -6.80350830 -1.44031034 0.96011699
v -6.84113270 -0.74094394 0.93602204
v -7.00977780 -0.72502089 1.31206969
v -6.88636800 -1.99876799 1.38185809
v -6.70761470 -2.05653229 1.01700239
v -7.04910390 -1.34993324 1.70783649
v -6.96309410 -1.89302884 1.72950044
v -7.08116505 -0.70134414 1.69638274
v -0.52853970 -0.60130509 4.02597179
v -0.81964430 -0.56743599 4.56254024
v -0.72518635 -1.18478504 3.90324369
v -1.41328855 -0.92328084 5.02009184
v -1.15546230 -0.47154494 5.11037544
v -1.74463215 -0.76635979 5.48969559
v -1.50168940 -0.37728844 5.59524774
v -1.54401940 -1.60039254 4.54336339
v -1.73627155 -1.33540419 4.96530084
v -2.01752295 -1.17899739 5.38272224
v -1.27589370 -1.79180574 4.02382129
v -1.58479050 -1.96070414 4.20834354
v -0.99055975 -1.73262959 3.68263979
v -5.26863015 -2.36757874 4.28595874
v -4.99201975 -2.41710484 4.50968554
v -5.22272165 -2.22169069 4.77401939
v -4.71429670 -2.15890544 5.38854729
v -4.93349810 -2.25281684 5.07093799
v -4.55026030 -2.30504594 5.16683159
v -4.76295410 -2.38210779 4.82552004
v -5.06101340 -2.09908329 5.20712074
v -4.83527635 -1.99057739 5.56350619
v -3.04153495 -1.86104249 7.54633094
v -3.18046660 -1.87948069 7.69935304
v -3.12993920 -2.00299419 7.45002594
v -3.27132055 -2.02862254 7.59170649
v -3.52135825 -2.10842479 7.46629494
v -3.35138460 -2.11717639 7.41310279
v -3.44201415 -2.01436379 7.65581094
v -3.26419585 -1.65915729 7.79573284
v -3.11674635 -1.69032084 7.72808644
v -3.19510870 -1.45701964 7.72349474
v -3.07014510 -1.49465339 7.66520769
v -2.99926275 -1.68113914 7.58347849
v -3.67493200 -1.70440194 7.64345024
v -3.52574340 -1.79404039 7.75219074
v -3.56651875 -1.55127699 7.66162664
v -3.42716635 -1.61856894 7.77131999
v -3.34506315 -1.43709479 7.69854894
v -3.60364760 -1.94137769 7.64693779
v -3.67148185 -2.02765949 7.47119519
v -3.74236335 -1.84117374 7.55291504
v -3.24757155 -1.91540339 6.05837194
v -3.46054585 -1.86143519 6.11015394
v -3.33855640 -1.96346239 6.00268419
v -3.53670160 -1.88621269 6.05178019
v -3.74681480 -1.78994509 6.12290649
v -3.66236560 -1.94306069 5.98391874
v -3.85630330 -1.82826139 6.06656254
v -3.63612950 -1.85256204 6.40039579
v -3.65163180 -1.79881824 6.25715379
v -3.39067330 -1.90022834 6.33550594
v -3.41374910 -1.86271614 6.19018909
v -3.18558105 -1.89033604 6.12989944
v -3.84800050 -1.69298559 6.32798939
v -3.96435190 -1.55040744 6.40045189
v -3.87353535 -1.66636614 6.25043964
v -3.98696020 -1.52022564 6.32773609
v -3.83573330 -1.75237679 6.46894149
v -3.92670880 -1.66763774 6.20700039
v -4.02187310 -1.69193839 6.16840359
v -4.03419640 -1.51229684 6.29501109
v -2.79796745 -1.57550284 6.18567219
v -2.89169185 -1.62940559 6.25775219
v -2.84088395 -1.76331629 6.09244334
v -2.95895575 -1.80002439 6.15286304
v -2.96687520 -1.69549139 6.39950669
v -2.88814820 -1.48286304 6.51822279
v -2.84416580 -1.41573004 6.37455154
v -2.70745945 -1.51742999 6.14163454
v -2.61877470 -1.43651509 6.10238324
v -2.70333610 -1.28500769 6.25793834
v -2.61087395 -1.17323779 6.23087094
v -2.74371875 -1.74073604 6.04948944
v -2.80586820 -1.14341129 6.40878189
v -2.75169430 -1.07312734 6.37612234
v -2.87733960 -0.96153509 6.50223514
v -2.84760660 -0.90042604 6.47660679
v -2.68083065 -0.96371364 6.36154569
v -2.84399750 -1.19924949 6.48401284
v -2.86671800 -1.26530724 6.62629094
v -2.89646035 -1.01302554 6.57343539
v -4.02709040 -1.31689119 6.37786229
v -3.98271530 -1.34012594 6.40240604
v -4.00144335 -1.06416069 6.45942234
v -4.10831385 -1.29450729 6.37482269
v -3.92754095 -1.11413644 6.45081269
v -3.87004780 -1.19395739 6.53871969
v -3.96218270 -1.37623564 6.47227859
v -3.86187590 -1.25613489 6.67830584
v -3.95253350 -1.43721634 6.61127569
v -3.53773010 -0.85225824 6.56742334
v -3.72937705 -0.98184329 6.52634029
v -3.53001635 -0.89906519 6.63651984
v -3.71647405 -1.02707859 6.59505344
v -3.70968595 -1.09034069 6.73546324
v -3.81068465 -0.87380744 6.52322589
v -3.75768885 -0.93672954 6.50913629
v -3.55310150 -0.80412784 6.55042504
v -3.34935565 -0.73580824 6.57227599
v -3.34328750 -0.78590469 6.58950804
v -3.15290280 -0.65399829 6.58127069
v -3.36028580 -0.66401724 6.58667499
v -3.15688590 -0.73015914 6.57022834
v -3.33922025 -0.83341034 6.65837079
v -3.33425540 -0.89742979 6.79885454
v -3.15964415 -0.83035544 6.65733379
v -3.15640905 -0.89418619 6.79710609
v -3.00686515 -0.89014784 6.63011509
v -2.99968435 -0.84101274 6.56086899
v -3.00785625 -0.95397094 6.76953294
v -2.98615490 -0.78556809 6.53982214
v -2.96615525 -0.70281634 6.54501139
v -3.23659465 -2.30424184 5.95665329
v -3.08143140 -2.11380104 5.98508664
v -3.34895360 -2.16828349 5.93112779
v -3.19454770 -2.02868799 5.98469479
v -3.09013625 -1.94551039 6.02642469
v -2.86480125 -2.08920119 5.98936044
v -2.97594470 -2.25067569 5.99113694
v -2.76890765 -2.27803379 5.96502324
v -2.88817625 -2.47871284 5.99310894
v -3.11008915 -2.46974619 5.99277234
v -2.79177775 -1.92527699 6.00376794
v -2.89332810 -1.88767129 6.03725964
v -2.70372880 -2.01734644 5.96338699
v -3.01835630 -1.88733469 6.07912044
v -3.81694915 -2.59797209 5.68124989
v -3.57067950 -2.39569419 5.84289354
v -3.93603075 -2.33718189 5.64389664
v -3.69318320 -2.19605299 5.82431339
v -3.44028440 -2.60860304 5.90337699
v -3.94835405 -2.97316889 5.49938219
v -4.04499565 -2.66218789 5.40746319
v -4.16626515 -2.41450639 5.36385479
v -3.64525510 -3.50961579 5.78082739
v -3.86577485 -3.34921654 5.54115799
v -3.35130045 -3.21607254 5.95351254
v -3.35690110 -3.65358709 5.92628534
v -3.05935605 -3.32627164 6.00784454
v -3.03788845 -3.76510454 5.97245479
v -3.25211565 -2.80650514 5.97795259
v -3.03762665 -2.90941124 6.01959749
v -2.61920480 -2.18107429 5.90084314
v -2.67253720 -2.59346539 5.92204044
v -2.59595135 -1.71599594 5.93571949
v -2.51281115 -1.70027859 5.81043799
v -2.51858010 -2.32488664 5.77732029
v -2.77949185 -3.29696874 5.95518534
v -2.82821470 -2.83731339 5.98129139
v -2.45924500 -3.82417784 5.76230419
v -2.72541145 -3.82816094 5.91430714
v -2.27919205 -3.73457679 5.52693749
v -2.31856490 -3.08405054 5.54505779
v -2.38223840 -2.35724699 5.55398619
v -2.38552960 -1.67158344 5.59370499
v -2.50276925 -0.99802814 6.19161029
v -2.59264145 -0.79049639 6.34058384
v -2.69375235 -0.46720144 6.47298749
v -2.75370455 -0.65918074 6.46903329
v -2.49181105 -0.56348774 6.33506649
v -2.41479510 -1.20009099 5.92605074
v -2.53051070 -1.31408619 6.04464614
v -2.03165080 -0.72152824 5.83679564
v -2.24374620 -1.14447719 5.70418459
v -2.11896110 -0.33626149 6.18845849
v -1.82402470 -0.34832639 5.94293684
v -2.38300510 -0.29269134 6.36684714
v -2.63162160 -0.24192509 6.49430634
v -4.35821045 -0.40954594 6.52835989
v -4.02137755 -0.32934249 6.62766624
v -3.69944770 -0.25226959 6.66547764
v -3.67524990 -0.47282079 6.62891999
v -3.98055545 -0.60547179 6.58361839
v -4.67947730 -0.90561104 6.25981004
v -4.69554995 -0.46198839 6.33746009
v -4.42841110 -1.25428359 6.30890519
v -4.68354455 -1.31250604 6.14003569
v -4.43911685 -1.57100549 6.16050199
v -4.66903335 -1.65039634 5.98995884
v -4.12183395 -0.98591989 6.47437214
v -4.23937195 -1.26095949 6.36950424
v -4.25498730 -1.53291359 6.24332429
v -3.89764900 -0.77517599 6.54843519
v -3.62922920 -0.62993649 6.59382859
v -2.88024660 -0.20827274 6.58708724
v -3.13621305 -0.19596134 6.64600074
v -2.90976540 -0.40328059 6.56840509
v -3.39720895 -0.39937824 6.64343884
v -3.40683860 -0.20921794 6.67185349
v -3.14852700 -0.53393664 6.60097114
v -3.37896710 -0.55142624 6.61272494
v -2.93955450 -0.57175824 6.55445489
v -4.47838685 -2.06534934 5.64389664
v -4.59723470 -1.88701679 5.82139619
v -4.36916950 -1.79831334 5.99669934
v -4.32272805 -2.22836659 5.46702269
v -4.08899675 -2.14252424 5.70894374
v -4.02933440 -1.89340284 5.97591429
v -3.85766840 -2.03796319 5.87544939
v -4.17337115 -1.73439674 6.10533699
v -3.62457290 -1.94623969 6.64003629
v -3.82240020 -1.84939239 6.70257844
v -3.79482705 -1.94994229 6.97707574
v -3.94063095 -1.70766509 6.77206764
v -3.90922430 -1.81111349 7.03879509
v -3.15998075 -1.93987234 6.58334639
v -3.17753070 -2.02477034 6.88892309
v -3.38568040 -1.98415394 6.58973244
v -3.38697070 -2.07280129 6.88951214
v -3.57468130 -2.10781704 7.21302214
v -3.38273515 -2.12452549 7.17150729
v -3.19845600 -2.07301634 7.16093329
v -3.84188560 -1.88952259 7.28113774
v -3.73986775 -2.01993639 7.24059614
v -3.85101970 -1.35471194 6.91032694
v -3.69972820 -1.18955354 6.96777249
v -3.51513965 -1.06266469 7.00987639
v -3.50197570 -1.18596314 7.26972054
v -3.67979400 -1.31075759 7.23332184
v -3.94075250 -1.53509214 6.84321179
v -3.91022475 -1.64578679 7.11200559
v -3.77033005 -1.59330524 7.43976049
v -3.84432510 -1.74522404 7.36159449
v -3.48447250 -1.32094909 7.49283959
v -3.64305785 -1.44000264 7.47344854
v -3.14876075 -0.99369909 7.02878974
v -3.00277920 -1.05348299 7.00109504
v -3.00568705 -1.18029704 7.26414794
v -2.90545505 -1.17736114 6.94561214
v -2.91363630 -1.29907009 7.20609294
v -3.32551315 -0.99706509 7.03095979
v -3.31797705 -1.12446819 7.29420819
v -3.15881200 -1.27820089 7.54221694
v -3.31657455 -1.27176809 7.52812649
v -2.94781990 -1.42891354 7.43113894
v -3.03063285 -1.32599809 7.49803819
v -2.90770840 -1.58292674 6.75794829
v -3.00173200 -1.79013209 6.65255509
v -3.02271340 -1.88612854 6.95031519
v -2.87469355 -1.36625919 6.86010554
v -2.88785835 -1.48406919 7.12912544
v -2.96316325 -1.79272204 7.31548029
v -2.92617380 -1.60071044 7.37704069
v -3.05626120 -1.95629094 7.22617759
v 3.10672415 -2.13521254 -5.29265046
v 3.09586880 -2.04638839 -5.40846806
v 3.64492885 -1.99398079 -5.33119116
v 3.61653290 -1.91777829 -5.43903406
v 4.16703285 -1.71704399 -5.37968026
v 3.58779100 -1.82301604 -5.55865796
v 3.56500505 -1.65383714 -5.68852011
v 4.04931635 -1.59754164 -5.55865796
v 4.01072890 -1.46562249 -5.66169581
v 3.08474230 -1.93229884 -5.53877901
v 4.43759380 -1.31693794 -5.54769041
v 4.73837395 -1.02431099 -5.53459106
v 4.54394070 -1.33292729 -5.48421326
v 4.90021310 -0.99389544 -5.49056191
v 4.37649155 -1.23450919 -5.61976956
v 4.66758510 -1.34440909 -5.44283016
v 5.08889695 -0.96287299 -5.47536816
v 5.14540750 -0.70675949 -5.47222656
v 5.37327635 -0.65923259 -5.43198416
v 5.54787825 -0.41139639 -5.36509426
v 5.05774190 -0.51364374 -5.52555896
v 4.93739805 -0.76275579 -5.52821436
v 4.78199170 -0.59910699 -5.62031186
v 4.70116095 -0.85810454 -5.59982601
v 5.38058805 -0.22278139 -5.42681361
v 5.12247195 -0.25836324 -5.52361416
v 4.82704000 -0.30766494 -5.63778701
v 5.63986355 -0.19727119 -5.32714261
v 0.42606980 -0.29699914 -5.28489846
v 0.11253625 -0.30227679 -5.24052336
v 0.29002730 -0.61467814 -5.23589511
v 1.21433090 -0.63104914 -5.41422766
v 0.87379455 -0.59477454 -5.32861906
v 1.14558035 -0.32134059 -5.43397486
v 0.76560570 -0.29962819 -5.33845526
v 1.30878460 -1.16035349 -5.33507991
v 1.14336440 -1.21333994 -5.28993811
v 1.05104250 -0.88095764 -5.32369161
v 0.81302890 -0.90246009 -5.28005516
v 1.32741915 -0.91749489 -5.39641676
v 0.57672635 -0.94733244 -5.25511871
v 0.96841655 -1.29044004 -5.27127636
v 1.56380585 -1.52906139 -5.30671286
v 1.46087170 -1.63423954 -5.25742816
v 2.00653770 -1.92293014 -5.24348816
v 2.08461020 -1.67867074 -5.42958121
v 1.65844655 -1.43514064 -5.37414506
v 2.10563835 -1.49757059 -5.53179456
v 1.70878695 -1.29389954 -5.44601001
v 2.56510670 -1.99243804 -5.36973101
v 2.57185740 -1.86428694 -5.49011226
v 2.57447540 -1.66751619 -5.61935816
v 2.55787915 -2.10072974 -5.25931686
v 4.42977720 -0.72383854 -5.74499411
v 4.45584500 -0.37433384 -5.78958426
v 4.02580110 -0.44214599 -5.93892246
v 4.00471685 -1.20671164 -5.76944436
v 4.38860915 -1.02368539 -5.68696801
v 3.55204595 -0.95719669 -5.95319141
v 3.55442085 -1.35437534 -5.82706841
v 3.06048840 -1.00017864 -5.96932866
v 3.06640695 -1.41910539 -5.83199586
v 3.55383180 -0.49488424 -6.04575556
v 3.05686060 -0.51632464 -6.07000946
v 2.56039430 -0.95114724 -5.88062606
v 2.55181100 -0.49024664 -5.97160071
v 2.05441905 -0.43609314 -5.79989731
v 2.09584890 -1.21119879 -5.63646951
v 2.56930485 -1.35334684 -5.75637306
v 1.61912045 -0.72832399 -5.56146211
v 1.67879215 -1.04674164 -5.50857851
v 1.58043015 -0.37330959 -5.60423836
v 8.18080170 -1.30004334 -1.54313641
v 8.11885880 -1.40256609 -1.47766431
v 8.12677740 -1.42395889 -1.68063921
v 8.06408565 -1.53930049 -1.59255626
v 8.03062200 -1.52096514 -1.39898746
v 8.06082250 -1.39257094 -1.29680471
v 8.15651040 -1.28933759 -1.39973716
v 8.29883610 -1.02710749 -1.60406186
v 8.29937840 -1.02610704 -1.50679296
v 8.23652770 -1.17104139 -1.57693411
v 8.23974410 -1.14502034 -1.47535486
v 8.19722965 -1.25022654 -1.72159561
v 8.11714775 -1.22455144 -1.24751321
v 8.20511255 -1.16100884 -1.37695121
v 8.28022960 -1.02224549 -1.40548061
v 7.79915340 -2.00013394 -1.85036381
v 7.96413415 -1.73819369 -1.72623406
v 7.75251560 -2.00952134 -1.56289636
v 7.91998345 -1.76462614 -1.52734766
v 8.03112775 -1.61551234 -1.88070626
v 7.57385665 -2.31347114 -2.29142201
v 7.54929335 -2.32601884 -1.93661501
v 7.50906030 -2.31428459 -1.60385276
v 7.82161975 -1.96225709 -2.63156566
v 7.57297605 -2.33095564 -2.68243901
v 8.16506565 -1.20749704 -2.27264806
v 8.04627390 -1.53229734 -2.25210611
v 8.11812950 -1.24355999 -2.62736836
v 7.99569125 -1.59655054 -2.62238481
v 8.12363580 -1.39375839 -1.94924601
v 8.22201650 -1.11973794 -1.97274596
v 7.90516370 -1.55166119 -1.15577186
v 7.89601005 -1.69761469 -1.32556871
v 7.70885110 -1.93209399 -1.27852376
v 7.75730280 -1.44959659 -0.80094021
v 7.96038480 -1.34123009 -1.05283516
v 7.83586150 -1.16666559 -0.70175966
v 8.03534460 -1.09112694 -0.98432176
v 7.41599040 -1.76255044 -0.60121316
v 7.53036895 -1.48821209 -0.49985151
v 7.60990005 -1.20346719 -0.39459006
v 7.38319910 -2.10933259 -0.96645986
v 7.24195035 -2.02466834 -0.67087321
v 7.46296480 -2.22396359 -1.27895981
v 8.00212320 -0.29371134 -0.53537981
v 8.20060500 -0.27687709 -0.83654331
v 8.38378085 -0.25473289 -1.10453046
v 8.34253800 -0.50611104 -1.12630151
v 8.16042890 -0.55263494 -0.86471911
v 7.73462905 -0.61033294 -0.25547906
v 7.77120710 -0.30624119 -0.22105831
v 7.67942750 -0.91012539 -0.31322891
v 7.90620240 -0.87837959 -0.62326216
v 8.28647540 -0.75077674 -1.17131326
v 8.10368375 -0.82615814 -0.91779736
v 8.37091525 -0.29351414 -2.26050241
v 8.31672180 -0.29686059 -2.58960371
v 8.27782665 -0.59933309 -2.60406731
v 8.37276655 -0.55885014 -2.00195111
v 8.41580460 -0.27902844 -1.99693186
v 8.41978770 -0.50932744 -1.83026046
v 8.46188225 -0.25598834 -1.83222396
v 8.25958565 -0.89434939 -2.27751941
v 8.30660595 -0.84025794 -1.99210216
v 8.36028515 -0.75736849 -1.80695941
v 8.21189980 -0.91302899 -2.61896271
v 8.47284980 -0.67103229 -1.76610841
v 8.47345670 -0.73796724 -1.70841296
v 8.38772655 -0.80833534 -1.71941451
v 8.38052705 -0.87978974 -1.64951901
v 8.38940020 -0.89385979 -1.56682931
v 8.60137490 -0.62303534 -1.72307291
v 8.56948970 -0.61050549 -1.77584856
v 8.70244755 -0.49363389 -1.79959841
v 8.65925055 -0.49113404 -1.84583416
v 8.55808355 -0.56005544 -1.82527946
v 8.52657490 -0.73717844 -1.57739226
v 8.63755770 -0.61018929 -1.66554236
v 8.57117355 -0.66974794 -1.52477896
v 8.68589890 -0.55951484 -1.62220426
v 8.73657505 -0.49088414 -1.73994966
v 8.39743270 -0.87774974 -1.48149951
v 8.41917145 -0.80509939 -1.40737356
v 8.46918375 -0.64955109 -1.35829286
v 8.63185420 -0.54472994 -1.49857686
v 8.52620005 -0.44523319 -1.33027176
v 8.90010740 -0.27790049 -1.73145901
v 8.82278290 -0.32243199 -1.62043116
v 8.82455855 -0.39884104 -1.70765391
v 8.75443440 -0.45856119 -1.61200256
v 8.73722955 -0.19545984 -1.49183891
v 8.87074755 -0.16623344 -1.63298311
v 8.95087705 -0.14255244 -1.75366781
v 8.56874255 -0.22627659 -1.31932631
v 8.58753605 -0.19586104 -1.84991331
v 8.51960915 -0.22697869 -1.79970381
v 8.47917975 -0.44679634 -1.79242611
v 8.62540355 -0.32290374 -1.91119916
v 8.66439305 -0.16649524 -1.93339351
v 8.70768440 -0.27824474 -1.97006081
v 8.74854305 -0.14274454 -2.00068886
v 8.58332940 -0.45913919 -1.87278001
v 8.50406945 -0.54591994 -1.80879456
v 8.66130840 -0.39925669 -1.92005786
v 8.42791285 -0.65229319 -1.76635576
v 8.79230105 -0.36924064 -1.86535696
v 8.82998155 -0.37336314 -1.79460976
v 8.90758570 -0.25380129 -1.83455296
v 8.79304905 -0.25398149 -1.96728046
v 8.73349040 -0.37358074 -1.91237811
v 8.91544140 -0.12367479 -1.95236976
v 8.83867705 -0.12846964 -2.00233871
v 8.95929205 -0.12836764 -1.86480531
v 3.15081875 3.14045951 -4.71588636
v 2.02100215 2.66345991 -4.95659276
v 3.11611240 2.25107816 -5.19404451
v 0.72664425 1.39633856 -5.34258796
v 0.84395955 3.35292891 -4.65487676
v 4.18771590 2.40318396 -5.13260651
v 5.24016975 2.95555391 -5.04221071
v 5.37110715 0.94945446 -5.56567981
v -1.60763935 3.26127086 -4.25300441
v -2.07433440 2.14561951 -3.10316011
v -1.53956200 1.06598436 -4.47132691
v -2.56540575 1.17866121 -2.63589386
v -1.48181725 2.90760711 -2.03163991
v -0.89071450 2.85513491 -0.83289341
v -2.03007150 2.12406776 -1.46901046
v -2.15096700 1.48464931 -0.41784096
v 7.40973525 2.92778356 -4.85198496
v 7.76954280 2.01536381 -3.79883836
v 7.25776035 2.68853576 -3.12689211
v 8.06927490 1.23383471 -3.00378066
v 7.60060530 0.81977591 -4.77840981
v -0.49319245 3.51015851 -3.14338381
v 0.86075215 3.60746396 -2.75244161
v 2.05270885 3.50049061 -3.87473231
v 3.24044870 3.45080471 -3.25576231
v 3.32170020 3.30637526 -1.57569481
v 2.11969225 3.57122336 -2.29506851
v 1.09517535 3.45377801 -1.34785146
v -0.25985215 3.37963251 -1.70017986
v 6.42000970 3.14668576 -3.95490856
v 5.38016815 3.23465991 -3.26859986
v 7.19800450 2.61436221 -1.63734021
v 6.41036985 3.07614936 -2.43443026
v 5.45646415 3.20742336 -1.62684781
v 4.37446260 3.37204881 -2.44681901
v 4.26240370 3.26569341 -4.11172676
v 0.31807815 2.49418751 0.57736454
v 1.07806570 2.12456331 1.24337439
v -0.01078175 1.65741861 1.52368739
v 2.00455720 1.51338186 1.54722049
v 1.73119040 2.55986191 0.37824609
v 3.53526355 2.49382286 -0.13181511
v 2.75120995 2.01375646 0.73149844
v 3.73387625 1.36579126 0.80583094
v 6.91895375 2.14633861 -0.50078651
v 6.48649840 1.79106666 0.11358499
v 5.52963725 2.37910686 -0.17336651
v 5.71926545 1.29250596 0.66631959
v 7.33928300 1.22120286 -0.09347076
v 4.63467395 1.91106541 0.34949484
v 2.38878610 3.03618831 -0.68209831
v 6.38009540 2.71021841 -0.91027656
v -0.71876035 2.23744586 0.29626614
v 4.47064775 2.93091666 -0.83506601
v 0.50738845 2.96425876 -0.27021041
v -1.50457600 1.61398786 0.94778349
v -3.06007685 1.72534636 0.57368999
v -0.99729175 1.46692171 1.84545829
v -2.26801880 2.32468136 1.78790904
v -4.34027800 3.05356061 1.71851419
v -1.22967750 2.14935016 3.04959804
v -4.78920890 2.60067551 0.57171799
v -4.92186755 1.78063291 0.02784719
v -6.25103550 2.53853541 0.76764724
v -6.09618930 2.94144476 1.87778209
v -6.82713490 2.13143641 2.03024319
v -5.67010045 2.41150546 3.45100374
v -1.43722540 3.02274301 -7.16000356
v -0.57986015 2.14751756 -7.98227996
v 0.33690820 2.90545661 -7.27464391
v 0.26077115 1.43251371 -7.39987781
v -1.41704810 1.43375726 -7.22184446
v 7.32777145 2.59517601 -7.29802061
v 6.58932800 1.85358076 -8.00978936
v 7.37069815 1.17496711 -7.33272781
v 5.84866775 1.21318056 -7.48271966
v 5.76635035 2.52634131 -7.38726551
v 6.50388770 3.13751341 -6.37528696
v 6.61736865 0.67017846 -6.57217076
v 5.22122665 1.89811566 -6.65202826
v 7.87360745 1.93232646 -6.29735641
v -0.55161380 3.58333161 -6.09816146
v -1.99147555 2.28158721 -6.02644781
v 0.93331665 2.25403276 -6.46708526
v -0.53247860 0.93495431 -6.39397676
v -3.41612400 2.74137346 3.38662814
v -4.28794605 2.46998036 4.92808784
v -2.11214495 2.46095761 4.11864984
v -2.21581775 1.68635686 5.29754459
v -2.15286420 3.05132596 4.60453109
v -2.82166035 3.54688531 4.52700174
v -2.23990335 3.96976711 5.24124739
v -3.43261740 2.94899021 4.55338744
v -3.83259085 3.47600296 5.27331789
v -2.98421945 4.24662996 5.27782544
v -3.01223120 4.04102346 5.90329284
v 0.47527035 0.00000021 1.92840214
v 1.19639930 0.85120976 1.85478959
v 2.09451270 0.00000021 1.69530664
v 3.80501190 0.00000021 1.06088959
v 4.77846760 0.67766271 0.93228969
v 5.81867380 -0.00000064 0.94131244
v 6.71393630 0.64988216 0.56326389
v 7.50303890 -0.00000064 0.09911119
v -0.25420645 0.00000021 -5.18599416
v -0.71069555 0.52699426 -4.86003446
v -1.46245085 0.00000021 -4.43193536
v 7.50790005 -0.00000064 -4.30020491
v 6.69514110 0.30022871 -4.90504706
v 5.96381385 -0.00000064 -5.19043626
v 2.90701920 0.74681021 1.33243229
v -0.46603920 0.00000021 2.17227819
v -0.26317565 0.80261951 1.90377424
v -0.28092620 0.00000021 3.54642899
v -0.49198205 0.99107216 2.64452799
v -6.09360870 0.00000021 3.60723289
v -5.52367945 1.13899001 4.83365369
v -5.02823145 0.00000021 6.03252004
v -4.91661115 1.75509806 5.70740099
v -7.04777790 0.00000106 2.06413694
v -6.62783965 1.29913681 2.72644419
v 8.25298370 -0.00000064 -2.94406221
v 7.97749530 0.46869361 -3.68288901
v -2.16013000 0.46938891 -3.69589401
v -2.66581540 0.00000021 -2.91684266
v -2.83491950 0.61247791 -1.74737186
v -3.08828580 0.00000021 -0.73304306
v -3.06296600 0.78396286 -0.08656026
v -3.68475035 0.00000021 -0.02115701
v -4.19385785 0.95927281 -0.04374576
v -5.04218335 0.00000021 -0.18226601
v -5.82315995 1.28547561 0.08531229
v -6.59045920 0.00000106 0.58633204
v -6.97567920 1.40596991 1.33307914
v -1.08752945 1.20553311 4.42882589
v -1.38770440 0.00000021 5.64766384
v -5.05559040 2.30197021 4.78888589
v -3.22320460 2.07369931 7.34520309
v -3.35138375 1.85486256 7.76961829
v -3.75945600 1.92521196 7.44132279
v -3.46637940 1.43410321 7.62657264
v -2.99948715 1.53354046 7.56846239
v -3.47994625 2.05138086 5.93420394
v -3.68415960 1.77971661 6.17606039
v -4.11916835 1.51903861 6.27572204
v -3.95328150 1.61036006 6.53971079
v -3.11904645 1.86767206 6.26921529
v -2.78086630 1.35771371 6.29757384
v -2.90561400 1.07745681 6.71347119
v -2.80660685 0.80715766 6.47329689
v -2.66343030 1.72679561 6.00392774
v -3.88784085 1.15201371 6.47007199
v -3.58173120 0.73618351 6.56579729
v -3.52434940 0.96304086 6.77742434
v -3.15946565 0.78231301 6.58863849
v -2.96896960 1.99052171 6.00613349
v -3.00969820 2.61522326 6.00794824
v -3.67848415 2.99228071 5.79479629
v -2.52339535 3.07162481 5.81662769
v -2.30847625 0.73711086 6.11869814
v -2.60000925 0.00000021 6.50931309
v -3.70610405 0.00000021 6.68412069
v -4.32244670 0.83887796 6.46943619
v -3.14314990 0.37843721 6.62424414
v -4.24399085 1.97567391 5.83901159
v -3.60731195 2.04345206 6.92720369
v -3.82475555 1.47274676 7.18181269
v -3.14634845 1.12350556 7.29595664
v -2.92524815 1.69363116 7.04120654
v 4.10618390 1.66161676 -5.46356846
v 4.61116720 1.04048691 -5.58376271
v 3.07452360 1.74063361 -5.68086161
v 5.29903735 0.45516501 -5.44554166
v 4.84062555 -0.00000064 -5.64577191
v 0.57365020 0.59686426 -5.27803556
v 1.44351810 1.12490806 -5.38929206
v 1.12229885 0.00000021 -5.44433551
v 2.04687445 1.80397051 -5.33256476
v 4.01512340 0.85436156 -5.86686286
v 3.05561705 0.00000021 -6.11117751
v 2.07289465 0.84791601 -5.73027721
v 8.00886455 1.60679686 -1.50512271
v 8.19419090 1.24477421 -1.47126126
v 8.22637360 0.99342751 -1.25378536
v 8.28920645 1.00414261 -1.73184746
v 7.87212080 1.89754446 -2.18041031
v 7.65774400 1.77117921 -0.95582891
v 8.40069500 -0.00000064 -1.09945426
v 7.96330285 0.58673141 -0.56721401
v 8.32861585 0.59047821 -2.27178786
v 8.47857965 -0.00000064 -1.82787196
v 8.49500080 0.75669231 -1.64305731
v 8.75181470 0.48387036 -1.68967471
v 8.62531090 0.48428346 -1.86707651
v 8.69253740 0.38050526 -1.49039391
v 8.97004455 -0.00000064 -1.76437356
v 8.54854655 0.38130341 -1.83666351
v 8.76761705 -0.00000064 -2.01115831
v 8.86523105 0.24690311 -1.91729791
v 3.15081875 -3.14045994 -4.71588636
v 2.02100215 -2.66345949 -4.95659276
v 0.84395870 -3.35292849 -4.65487676
v 0.72664425 -1.39633814 -5.34258796
v 3.11611155 -2.25107859 -5.19404451
v 4.18771505 -2.40318439 -5.13260651
v 5.37110715 -0.94945574 -5.56567981
v 5.24016975 -2.95555434 -5.04221071
v -1.60764020 -3.26127044 -4.25300441
v -2.07433440 -2.14561909 -3.10316011
v -1.48181725 -2.90760669 -2.03163991
v -2.56540575 -1.17866079 -2.63589386
v -1.53956285 -1.06598394 -4.47132691
v -0.89071535 -2.85513449 -0.83289341
v -2.03007150 -2.12406734 -1.46901046
v -2.15096700 -1.48464889 -0.41784096
v 7.40973440 -2.92778484 -4.85198496
v 7.76954195 -2.01536509 -3.79883836
v 7.60060530 -0.81977719 -4.77840981
v 8.06927490 -1.23383599 -3.00378066
v 7.25775950 -2.68853704 -3.12689211
v -0.49319330 -3.51015809 -3.14338381
v 0.86075130 -3.60746354 -2.75244161
v 2.05270800 -3.50049019 -3.87473231
v 3.24044785 -3.45080514 -3.25576231
v 3.32170020 -3.30637569 -1.57569481
v 2.11969225 -3.57122294 -2.29506851
v 1.09517450 -3.45377759 -1.34785146
v -0.25985215 -3.37963209 -1.70017986
v 6.42000885 -3.14668704 -3.95490856
v 5.38016730 -3.23466034 -3.26859986
v 7.19800450 -2.61436349 -1.63734021
v 6.41036985 -3.07615064 -2.43443026
v 5.45646330 -3.20742379 -1.62684781
v 4.37446260 -3.37204924 -2.44681901
v 4.26240285 -3.26569384 -4.11172676
v 0.31807815 -2.49418709 0.57736454
v 1.07806485 -2.12456289 1.24337439
v 1.73119040 -2.55986149 0.37824609
v 2.00455635 -1.51338144 1.54722049
v -0.01078260 -1.65741819 1.52368739
v 3.53526355 -2.49382329 -0.13181511
v 2.75120995 -2.01375604 0.73149844
v 3.73387625 -1.36579169 0.80583094
v 6.91895375 -2.14633989 -0.50078651
v 6.48649755 -1.79106794 0.11358499
v 7.33928300 -1.22120414 -0.09347076
v 5.71926460 -1.29250724 0.66631959
v 5.52963725 -2.37910729 -0.17336651
v 4.63467395 -1.91106584 0.34949484
v 2.38878525 -3.03618789 -0.68209831
v 6.38009455 -2.71021969 -0.91027656
v -0.71876035 -2.23744544 0.29626614
v 4.47064690 -2.93091624 -0.83506601
v 0.50738760 -2.96425834 -0.27021041
v -1.50457685 -1.61398744 0.94778349
v -0.99729260 -1.46692129 1.84545829
v -3.06007685 -1.72534594 0.57368999
v -2.26801965 -2.32468094 1.78790904
v -1.22967835 -2.14934974 3.04959804
v -4.34027885 -3.05356019 1.71851419
v -4.78920975 -2.60067424 0.57171799
v -6.25103550 -2.53853414 0.76764724
v -4.92186755 -1.78063249 0.02784719
v -6.09619015 -2.94144349 1.87778209
v -5.67010045 -2.41150419 3.45100374
v -6.82713575 -2.13143514 2.03024319
v -1.43722540 -3.02274259 -7.16000356
v -0.57986015 -2.14751714 -7.98227996
v -1.41704810 -1.43375684 -7.22184446
v 0.26077115 -1.43251329 -7.39987781
v 0.33690820 -2.90545619 -7.27464391
v 7.32777145 -2.59517729 -7.29802061
v 6.58932715 -1.85358204 -8.00978936
v 5.76635035 -2.52634259 -7.38726551
v 5.84866690 -1.21318184 -7.48271966
v 7.37069815 -1.17496839 -7.33272781
v 6.50388685 -3.13751469 -6.37528696
v 6.61736865 -0.67017974 -6.57217076
v 5.22122665 -1.89811609 -6.65202826
v 7.87360745 -1.93232774 -6.29735641
v -0.55161380 -3.58333119 -6.09816146
v -1.99147555 -2.28158679 -6.02644781
v 0.93331665 -2.25403234 -6.46708526
v -0.53247860 -0.93495389 -6.39397676
v -3.41612485 -2.74137304 3.38662814
v -2.11214495 -2.46095719 4.11864984
v -4.28794605 -2.46997994 4.92808784
v -2.21581775 -1.68635644 5.29754459
v -2.15286420 -3.05132554 4.60453109
v -2.23990335 -3.96976669 5.24124739
v -2.82166035 -3.54688489 4.52700174
v -3.43261740 -2.94898979 4.55338744
v -3.83259170 -3.47600254 5.27331789
v -2.98421945 -4.24662954 5.27782544
v -3.01223205 -4.04102304 5.90329284
v 1.19639930 -0.85120934 1.85478959
v 4.77846760 -0.67766314 0.93228969
v 6.71393630 -0.64988344 0.56326389
v -0.71069555 -0.52699384 -4.86003446
v 6.69514110 -0.30022999 -4.90504706
v 2.90701920 -0.74680979 1.33243229
v -0.26317650 -0.80261909 1.90377424
v -0.49198205 -0.99107174 2.64452799
v -5.52367945 -1.13898874 4.83365369
v -4.91661200 -1.75509764 5.70740099
v -6.62784050 -1.29913469 2.72644419
v 7.97749445 -0.46869489 -3.68288901
v -2.16013085 -0.46938849 -3.69589401
v -2.83491950 -0.61247749 -1.74737186
v -3.06296600 -0.78396244 -0.08656026
v -4.19385785 -0.95927239 -0.04374576
v -5.82316080 -1.28547519 0.08531229
v -6.97567920 -1.40596779 1.33307914
v -1.08752945 -1.20553269 4.42882589
v -5.05559040 -2.30196894 4.78888589
v -3.22320545 -2.07369889 7.34520309
v -3.35138460 -1.85486214 7.76961829
v -2.99948800 -1.53354004 7.56846239
v -3.46638025 -1.43410279 7.62657264
v -3.75945600 -1.92521154 7.44132279
v -3.47994710 -2.05138044 5.93420394
v -3.68416045 -1.77971619 6.17606039
v -3.11904645 -1.86767164 6.26921529
v -3.95328150 -1.61035964 6.53971079
v -4.11916920 -1.51903819 6.27572204
v -2.78086630 -1.35771329 6.29757384
v -2.66343030 -1.72679519 6.00392774
v -2.80660685 -0.80715724 6.47329689
v -2.90561400 -1.07745639 6.71347119
v -3.88784085 -1.15201329 6.47007199
v -3.52435025 -0.96304044 6.77742434
v -3.58173120 -0.73618309 6.56579729
v -3.15946650 -0.78231259 6.58863849
v -2.96896960 -1.99052129 6.00613349
v -3.00969820 -2.61522284 6.00794824
v -3.67848500 -2.99228029 5.79479629
v -2.52339535 -3.07162439 5.81662769
v -2.30847625 -0.73711044 6.11869814
v -4.32244755 -0.83887754 6.46943619
v -3.14314990 -0.37843679 6.62424414
v -4.24399170 -1.97567349 5.83901159
v -3.60731280 -2.04345164 6.92720369
v -3.82475640 -1.47274634 7.18181269
v -3.14634845 -1.12350514 7.29595664
v -2.92524900 -1.69363074 7.04120654
v 4.10618305 -1.66161719 -5.46356846
v 3.07452275 -1.74063319 -5.68086161
v 4.61116720 -1.04048734 -5.58376271
v 5.29903735 -0.45516629 -5.44554166
v 0.57365020 -0.59686384 -5.27803556
v 1.44351810 -1.12490764 -5.38929206
v 2.04687360 -1.80397009 -5.33256476
v 4.01512340 -0.85436114 -5.86686286
v 2.07289465 -0.84791559 -5.73027721
v 8.00886455 -1.60679814 -1.50512271
v 8.19419090 -1.24477549 -1.47126126
v 8.28920645 -1.00414389 -1.73184746
v 8.22637360 -0.99342879 -1.25378536
v 7.87212080 -1.89754574 -2.18041031
v 7.65774400 -1.77118049 -0.95582891
v 7.96330285 -0.58673269 -0.56721401
v 8.32861585 -0.59047949 -2.27178786
v 8.49500080 -0.75669359 -1.64305731
v 8.62531090 -0.48428474 -1.86707651
v 8.75181470 -0.48387164 -1.68967471
v 8.69253740 -0.38050654 -1.49039391
v 8.54854655 -0.38130469 -1.83666351
v 8.86523105 -0.24690439 -1.91729791
f 1 2 3
f 4 3 2
f 5 6 7
f 1 7 6
f 8 9 10
f 11 10 9
f 3 4 11
f 12 11 4
f 13 14 15
f 16 15 14
f 17 14 8
f 9 8 14
f 18 5 19
f 7 19 5
f 15 20 13
f 19 13 20
f 21 22 23
f 24 23 22
f 25 4 22
f 2 22 4
f 26 27 28
f 29 28 27
f 23 30 21
f 29 21 30
f 31 32 33
f 34 33 32
f 35 33 26
f 27 26 33
f 36 12 25
f 4 25 12
f 32 37 34
f 36 34 37
f 38 39 40
f 41 40 39
f 42 38 43
f 44 43 38
f 45 46 47
f 48 47 46
f 49 46 41
f 40 41 46
f 50 51 52
f 53 52 51
f 47 54 45
f 53 45 54
f 43 44 55
f 56 55 44
f 57 56 50
f 51 50 56
f 58 59 60
f 61 60 59
f 62 59 63
f 64 63 59
f 50 65 57
f 66 57 65
f 60 67 58
f 66 58 67
f 68 69 70
f 71 70 69
f 52 69 50
f 65 50 69
f 63 64 72
f 73 72 64
f 70 74 68
f 73 68 74
f 75 76 77
f 78 77 76
f 79 80 81
f 76 81 80
f 82 83 84
f 85 84 83
f 77 86 75
f 85 75 86
f 87 88 89
f 90 89 88
f 91 90 82
f 83 82 90
f 81 92 79
f 93 79 92
f 94 92 87
f 88 87 92
f 43 95 42
f 96 42 95
f 97 98 99
f 96 99 98
f 100 101 102
f 103 102 101
f 55 101 43
f 95 43 101
f 104 105 106
f 107 106 105
f 102 108 100
f 107 100 108
f 99 109 97
f 110 97 109
f 111 109 104
f 105 104 109
f 112 113 5
f 6 5 113
f 114 113 115
f 116 115 113
f 104 117 111
f 118 111 117
f 118 112 18
f 5 18 112
f 119 120 121
f 122 121 120
f 106 120 104
f 117 104 120
f 115 116 123
f 124 123 116
f 121 125 119
f 124 119 125
f 126 127 128
f 129 128 127
f 130 131 129
f 132 129 131
f 133 134 121
f 125 121 134
f 135 134 126
f 127 126 134
f 136 137 138
f 139 138 137
f 121 122 133
f 136 133 122
f 140 141 130
f 131 130 141
f 138 139 140
f 142 140 139
f 143 144 145
f 146 145 144
f 60 61 147
f 146 147 61
f 139 148 142
f 149 142 148
f 144 143 149
f 150 149 143
f 108 102 151
f 152 151 102
f 137 151 139
f 148 139 151
f 67 60 153
f 147 153 60
f 102 103 152
f 153 152 103
f 154 155 156
f 157 156 155
f 77 78 158
f 157 158 78
f 159 160 161
f 162 161 160
f 163 160 154
f 155 154 160
f 164 165 166
f 167 166 165
f 161 168 159
f 167 159 168
f 158 169 77
f 86 77 169
f 170 169 164
f 165 164 169
f 171 172 173
f 174 173 172
f 175 176 172
f 177 172 176
f 164 178 170
f 179 170 178
f 173 180 171
f 179 171 180
f 181 182 183
f 184 183 182
f 166 182 164
f 178 164 182
f 185 186 175
f 176 175 186
f 183 187 181
f 185 181 187
f 188 189 190
f 191 190 189
f 188 192 128
f 126 128 192
f 193 194 183
f 187 183 194
f 195 194 191
f 190 191 194
f 196 197 198
f 199 198 197
f 183 184 193
f 199 193 184
f 200 135 192
f 126 192 135
f 201 200 196
f 197 196 200
f 115 202 114
f 203 114 202
f 23 24 204
f 203 204 24
f 196 205 201
f 206 201 205
f 123 206 115
f 202 115 206
f 207 208 161
f 168 161 208
f 198 208 196
f 205 196 208
f 209 30 204
f 23 204 30
f 161 162 207
f 209 207 162
f 210 211 212
f 213 212 211
f 214 211 215
f 216 215 211
f 217 218 219
f 220 219 218
f 220 210 221
f 212 221 210
f 222 223 224
f 225 224 223
f 226 224 217
f 218 217 224
f 215 216 227
f 228 227 216
f 223 229 225
f 228 225 229
f 230 231 232
f 233 232 231
f 231 234 235
f 236 235 234
f 223 237 229
f 238 229 237
f 232 239 230
f 238 230 239
f 240 241 242
f 243 242 241
f 222 241 223
f 237 223 241
f 244 245 234
f 236 234 245
f 242 246 240
f 244 240 246
f 247 248 249
f 250 249 248
f 251 252 253
f 250 253 252
f 254 255 256
f 257 256 255
f 258 255 247
f 248 247 255
f 259 260 261
f 262 261 260
f 256 263 254
f 259 254 263
f 264 251 265
f 253 265 251
f 266 265 262
f 261 262 265
f 267 268 236
f 235 236 268
f 269 268 270
f 271 270 268
f 272 273 274
f 275 274 273
f 236 245 267
f 275 267 245
f 276 277 256
f 263 256 277
f 278 277 272
f 273 272 277
f 270 271 279
f 280 279 271
f 256 257 276
f 280 276 257
f 131 281 132
f 282 132 281
f 283 284 285
f 282 285 284
f 286 287 288
f 289 288 287
f 141 287 131
f 281 131 287
f 290 239 291
f 232 291 239
f 288 292 286
f 290 286 292
f 285 293 283
f 294 283 293
f 291 232 293
f 233 293 232
f 295 296 297
f 298 297 296
f 186 296 176
f 299 176 296
f 300 258 301
f 247 301 258
f 297 302 295
f 300 295 302
f 303 304 305
f 306 305 304
f 247 249 301
f 306 301 249
f 176 299 177
f 307 177 299
f 307 304 308
f 303 308 304
f 309 310 311
f 312 311 310
f 72 311 63
f 313 63 311
f 221 212 314
f 315 314 212
f 310 316 312
f 314 312 316
f 317 318 319
f 320 319 318
f 212 213 315
f 318 315 213
f 63 313 62
f 321 62 313
f 321 317 322
f 319 322 317
f 323 324 297
f 302 297 324
f 279 324 270
f 325 270 324
f 191 326 195
f 327 195 326
f 297 298 323
f 327 323 298
f 328 329 283
f 284 283 329
f 189 329 191
f 326 191 329
f 270 325 269
f 330 269 325
f 283 294 328
f 330 328 294
f 143 331 150
f 332 150 331
f 288 289 333
f 332 333 289
f 334 335 319
f 322 319 335
f 145 335 143
f 331 143 335
f 215 336 214
f 337 214 336
f 319 320 334
f 337 334 320
f 333 338 288
f 292 288 338
f 227 338 215
f 336 215 338
f 339 340 341
f 342 341 340
f 341 343 309
f 310 309 343
f 344 345 346
f 347 346 345
f 348 346 340
f 342 340 346
f 349 350 351
f 352 351 350
f 345 353 347
f 349 347 353
f 343 354 310
f 316 310 354
f 351 352 354
f 355 354 352
f 356 357 358
f 359 358 357
f 359 360 344
f 345 344 360
f 361 362 363
f 364 363 362
f 365 362 356
f 357 356 362
f 366 367 368
f 369 368 367
f 363 370 361
f 366 361 370
f 360 371 345
f 353 345 371
f 368 369 371
f 372 371 369
f 373 374 375
f 376 375 374
f 358 374 356
f 377 356 374
f 378 379 380
f 381 380 379
f 375 382 373
f 381 373 382
f 383 384 385
f 386 385 384
f 387 384 378
f 379 378 384
f 356 377 365
f 388 365 377
f 385 389 383
f 388 383 389
f 390 391 385
f 389 385 391
f 392 391 393
f 394 393 391
f 395 396 397
f 398 397 396
f 385 386 390
f 398 390 386
f 399 400 401
f 402 401 400
f 403 402 395
f 396 395 402
f 393 394 404
f 405 404 394
f 406 405 399
f 400 399 405
f 407 408 409
f 410 409 408
f 411 412 408
f 413 408 412
f 414 415 416
f 417 416 415
f 409 418 407
f 415 407 418
f 419 420 421
f 422 421 420
f 416 423 414
f 422 414 423
f 412 411 424
f 425 424 411
f 425 420 426
f 419 426 420
f 427 428 429
f 430 429 428
f 428 431 432
f 433 432 431
f 434 435 436
f 437 436 435
f 429 438 427
f 435 427 438
f 439 440 441
f 442 441 440
f 436 443 434
f 442 434 443
f 433 431 444
f 445 444 431
f 440 439 445
f 446 445 439
f 154 447 163
f 448 163 447
f 449 450 451
f 448 451 450
f 452 453 454
f 455 454 453
f 156 453 154
f 447 154 453
f 433 456 432
f 457 432 456
f 454 458 452
f 457 452 458
f 451 459 449
f 460 449 459
f 433 444 456
f 459 456 444
f 461 462 463
f 464 463 462
f 465 462 466
f 467 466 462
f 468 469 470
f 471 470 469
f 463 472 461
f 468 461 472
f 473 474 436
f 443 436 474
f 471 475 470
f 474 470 475
f 466 467 476
f 477 476 467
f 436 437 473
f 477 473 437
f 478 479 449
f 450 449 479
f 28 479 26
f 480 26 479
f 439 481 446
f 482 446 481
f 449 460 478
f 482 478 460
f 471 483 475
f 484 475 483
f 481 439 484
f 441 484 439
f 26 480 35
f 485 35 480
f 471 469 483
f 485 483 469
f 486 465 487
f 466 487 465
f 486 488 93
f 79 93 488
f 489 490 429
f 438 429 490
f 487 466 490
f 476 490 466
f 454 491 458
f 492 458 491
f 429 430 489
f 492 489 430
f 488 493 79
f 80 79 493
f 491 454 493
f 455 493 454
f 494 495 496
f 497 496 495
f 97 110 498
f 497 498 110
f 499 500 409
f 418 409 500
f 495 494 500
f 501 500 494
f 502 503 504
f 505 504 503
f 409 410 499
f 505 499 410
f 498 506 97
f 98 97 506
f 503 502 506
f 507 506 502
f 41 508 49
f 509 49 508
f 509 510 511
f 512 511 510
f 513 514 502
f 507 502 514
f 39 514 41
f 508 41 514
f 412 515 413
f 516 413 515
f 502 504 513
f 516 513 504
f 510 517 512
f 518 512 517
f 515 412 517
f 424 517 412
f 519 520 521
f 522 521 520
f 15 16 523
f 522 523 16
f 524 525 416
f 423 416 525
f 526 525 519
f 520 519 525
f 494 527 501
f 528 501 527
f 416 417 524
f 528 524 417
f 523 529 15
f 20 15 529
f 496 529 494
f 527 494 529
f 530 531 512
f 511 512 531
f 532 531 533
f 534 533 531
f 419 535 426
f 536 426 535
f 512 518 530
f 536 530 518
f 519 537 526
f 538 526 537
f 419 421 535
f 538 535 421
f 533 534 539
f 540 539 534
f 521 540 519
f 537 519 540
f 541 542 543
f 544 543 542
f 404 542 393
f 545 393 542
f 546 547 548
f 549 548 547
f 541 543 548
f 550 548 543
f 551 552 553
f 554 553 552
f 547 555 549
f 551 549 555
f 556 557 363
f 370 363 557
f 553 554 557
f 558 557 554
f 393 545 392
f 559 392 545
f 363 364 556
f 559 556 364
f 560 561 562
f 563 562 561
f 564 561 565
f 566 565 561
f 567 568 569
f 570 569 568
f 562 571 560
f 570 560 571
f 572 573 574
f 575 574 573
f 575 568 576
f 567 576 568
f 566 577 565
f 578 565 577
f 579 577 572
f 573 572 577
f 580 581 547
f 555 547 581
f 569 581 567
f 582 567 581
f 583 584 585
f 586 585 584
f 586 580 546
f 547 546 580
f 587 588 589
f 590 589 588
f 591 588 583
f 584 583 588
f 567 582 576
f 592 576 582
f 589 593 587
f 592 587 593
f 594 595 596
f 597 596 595
f 598 589 595
f 590 595 589
f 599 600 601
f 602 601 600
f 596 603 594
f 602 594 603
f 572 604 579
f 605 579 604
f 600 599 605
f 606 605 599
f 589 598 593
f 607 593 598
f 607 604 574
f 572 574 604
f 608 609 610
f 611 610 609
f 612 613 614
f 611 614 613
f 615 616 617
f 618 617 616
f 619 616 608
f 609 608 616
f 217 620 226
f 621 226 620
f 617 622 615
f 621 615 622
f 614 623 612
f 624 612 623
f 219 623 217
f 620 217 623
f 625 626 627
f 628 627 626
f 629 630 631
f 625 631 630
f 632 633 634
f 635 634 633
f 627 628 633
f 636 633 628
f 272 637 278
f 638 278 637
f 638 632 639
f 634 639 632
f 631 640 629
f 641 629 640
f 274 640 272
f 637 272 640
f 642 643 644
f 645 644 643
f 634 635 646
f 642 646 635
f 647 648 649
f 650 649 648
f 644 645 648
f 651 648 645
f 652 266 653
f 262 653 266
f 649 654 647
f 652 647 654
f 639 634 655
f 646 655 634
f 260 655 262
f 653 262 655
f 656 657 658
f 659 658 657
f 660 661 662
f 659 662 661
f 663 664 665
f 666 665 664
f 657 656 664
f 667 664 656
f 668 532 669
f 533 669 532
f 668 663 670
f 665 670 663
f 662 671 660
f 672 660 671
f 669 533 671
f 539 671 533
f 673 674 675
f 676 675 674
f 677 674 678
f 679 678 674
f 680 681 682
f 683 682 681
f 683 673 684
f 675 684 673
f 685 686 463
f 472 463 686
f 681 680 686
f 687 686 680
f 678 679 688
f 689 688 679
f 463 464 685
f 689 685 464
f 690 691 692
f 693 692 691
f 617 618 694
f 690 694 618
f 695 696 629
f 630 629 696
f 692 693 696
f 697 696 693
f 242 698 246
f 699 246 698
f 699 695 641
f 629 641 695
f 694 700 617
f 622 617 700
f 243 700 242
f 698 242 700
f 701 702 703
f 704 703 702
f 705 706 707
f 704 707 706
f 708 709 612
f 613 612 709
f 710 709 701
f 702 701 709
f 352 711 355
f 712 355 711
f 612 624 708
f 712 708 624
f 713 705 714
f 707 714 705
f 350 714 352
f 711 352 714
f 715 716 717
f 718 717 716
f 719 720 721
f 715 721 720
f 722 723 705
f 706 705 723
f 717 718 723
f 724 723 718
f 369 725 372
f 726 372 725
f 726 722 713
f 705 713 722
f 719 721 727
f 728 727 721
f 367 728 369
f 725 369 728
f 729 730 731
f 732 731 730
f 733 734 735
f 729 735 734
f 736 737 738
f 739 738 737
f 731 732 737
f 740 737 732
f 741 742 743
f 744 743 742
f 738 745 736
f 744 736 745
f 735 746 733
f 747 733 746
f 748 746 741
f 742 741 746
f 749 750 751
f 752 751 750
f 751 753 754
f 755 754 753
f 756 757 733
f 734 733 757
f 750 758 752
f 757 752 758
f 759 406 760
f 399 760 406
f 733 747 756
f 759 756 747
f 753 761 755
f 762 755 761
f 399 401 760
f 761 760 401
f 763 764 765
f 766 765 764
f 767 768 769
f 763 769 768
f 770 677 771
f 678 771 677
f 765 766 770
f 772 770 766
f 87 773 94
f 774 94 773
f 771 678 774
f 688 774 678
f 769 775 767
f 776 767 775
f 89 775 87
f 773 87 775
f 777 778 779
f 780 779 778
f 781 665 778
f 666 778 665
f 782 783 784
f 785 784 783
f 785 777 786
f 779 786 777
f 787 788 47
f 54 47 788
f 789 788 782
f 783 782 788
f 790 670 781
f 665 781 670
f 47 48 787
f 790 787 48
f 791 792 793
f 794 793 792
f 795 782 792
f 784 792 782
f 796 797 798
f 799 798 797
f 799 791 800
f 793 800 791
f 801 802 70
f 74 70 802
f 803 802 796
f 797 796 802
f 782 795 789
f 804 789 795
f 70 71 801
f 804 801 71
f 805 806 807
f 808 807 806
f 798 806 796
f 809 796 806
f 810 811 812
f 813 812 811
f 814 811 807
f 805 807 811
f 340 815 348
f 816 348 815
f 816 810 817
f 812 817 810
f 796 809 803
f 818 803 809
f 818 815 339
f 340 339 815
f 819 820 821
f 822 821 820
f 812 813 823
f 822 823 813
f 824 825 826
f 827 826 825
f 828 827 819
f 820 819 827
f 829 830 375
f 382 375 830
f 831 830 824
f 825 824 830
f 823 832 812
f 817 812 832
f 375 376 829
f 832 829 376
f 833 834 835
f 836 835 834
f 826 834 824
f 837 824 834
f 838 839 840
f 841 840 839
f 841 833 842
f 835 842 833
f 843 844 378
f 387 378 844
f 845 844 838
f 839 838 844
f 824 837 831
f 846 831 837
f 378 380 843
f 846 843 380
f 847 848 849
f 850 849 848
f 851 838 847
f 840 847 838
f 852 853 755
f 754 755 853
f 849 850 853
f 854 853 850
f 395 855 403
f 856 403 855
f 755 762 852
f 856 852 762
f 845 838 857
f 851 857 838
f 397 857 395
f 855 395 857
f 858 720 859
f 719 859 720
f 860 858 861
f 862 861 858
f 863 558 864
f 554 864 558
f 859 719 863
f 727 863 719
f 865 866 562
f 571 562 866
f 552 866 554
f 864 554 866
f 867 868 869
f 870 869 868
f 562 563 865
f 870 865 563
f 861 862 871
f 872 871 862
f 872 868 873
f 867 873 868
f 748 741 874
f 875 874 741
f 544 874 543
f 876 543 874
f 877 878 879
f 880 879 878
f 743 878 741
f 875 741 878
f 543 876 550
f 881 550 876
f 879 882 877
f 881 877 882
f 883 884 885
f 886 885 884
f 887 888 889
f 886 889 888
f 890 891 892
f 893 892 891
f 894 891 883
f 884 883 891
f 895 896 897
f 898 897 896
f 892 899 890
f 898 890 899
f 889 900 887
f 901 887 900
f 896 895 900
f 902 900 895
f 903 904 905
f 906 905 904
f 907 908 909
f 903 909 908
f 910 911 912
f 913 912 911
f 905 906 911
f 914 911 906
f 915 916 917
f 918 917 916
f 916 910 919
f 912 919 910
f 909 920 907
f 921 907 920
f 917 922 915
f 920 915 922
f 923 924 925
f 926 925 924
f 927 925 928
f 929 928 925
f 930 931 932
f 933 932 931
f 926 924 930
f 934 930 924
f 935 936 937
f 938 937 936
f 932 933 936
f 939 936 933
f 928 929 940
f 941 940 929
f 941 935 942
f 937 942 935
f 943 944 945
f 946 945 944
f 913 946 912
f 947 912 946
f 948 949 950
f 951 950 949
f 943 952 944
f 949 944 952
f 953 954 955
f 956 955 954
f 950 957 948
f 953 948 957
f 947 958 912
f 919 912 958
f 955 956 958
f 959 958 956
f 960 961 962
f 963 962 961
f 963 964 951
f 950 951 964
f 933 965 939
f 966 939 965
f 966 961 967
f 960 967 961
f 968 969 970
f 971 970 969
f 931 969 933
f 965 933 969
f 964 972 950
f 957 950 972
f 972 968 973
f 970 973 968
f 974 975 907
f 908 907 975
f 976 977 978
f 975 978 977
f 928 979 927
f 980 927 979
f 907 921 974
f 980 974 921
f 981 982 983
f 984 983 982
f 940 984 928
f 979 928 984
f 978 985 976
f 986 976 985
f 987 985 981
f 982 981 985
f 988 989 976
f 977 976 989
f 990 991 989
f 992 989 991
f 993 994 995
f 996 995 994
f 976 986 988
f 996 988 986
f 997 998 596
f 603 596 998
f 999 998 993
f 994 993 998
f 583 1000 591
f 1001 591 1000
f 596 597 997
f 1001 997 597
f 990 1002 991
f 1003 991 1002
f 585 1002 583
f 1000 583 1002
f 1004 1005 1006
f 1007 1006 1005
f 983 1006 981
f 1008 981 1006
f 1009 564 1010
f 565 1010 564
f 1009 1007 1011
f 1005 1011 1007
f 599 1012 606
f 1013 606 1012
f 1013 1010 578
f 565 578 1010
f 1014 999 1015
f 993 1015 999
f 599 601 1012
f 1014 1012 601
f 981 1008 987
f 1016 987 1008
f 993 995 1015
f 1016 1015 995
f 1017 1018 1019
f 1020 1019 1018
f 937 938 1021
f 1020 1021 938
f 1022 1023 1024
f 1025 1024 1023
f 1025 1018 1026
f 1017 1026 1018
f 1027 1028 867
f 873 867 1028
f 1029 1028 1022
f 1023 1022 1028
f 1030 1011 1031
f 1005 1031 1011
f 867 869 1027
f 1030 1027 869
f 942 937 1032
f 1021 1032 937
f 1031 1005 1032
f 1004 1032 1005
f 1033 1034 1035
f 1036 1035 1034
f 1037 1038 1034
f 1039 1034 1038
f 1040 1041 943
f 952 943 1041
f 1041 1033 1042
f 1035 1042 1033
f 1043 1044 1045
f 1046 1045 1044
f 1040 943 1046
f 945 1046 943
f 1047 1048 738
f 745 738 1048
f 1049 1048 1043
f 1044 1043 1048
f 1038 1037 1050
f 1051 1050 1037
f 738 739 1047
f 1051 1047 739
f 1017 1052 1026
f 1053 1026 1052
f 1054 1053 1055
f 1056 1055 1053
f 967 960 1057
f 1058 1057 960
f 1019 1057 1017
f 1052 1017 1057
f 1059 1060 1035
f 1042 1035 1060
f 1058 960 1060
f 962 1060 960
f 1061 1062 1056
f 1055 1056 1062
f 1035 1036 1059
f 1061 1059 1036
f 1043 1063 1049
f 1064 1049 1063
f 879 880 1065
f 1064 1065 880
f 906 1066 914
f 1067 914 1066
f 1045 1067 1043
f 1063 1043 1067
f 1068 1069 991
f 992 991 1069
f 904 1069 906
f 1066 906 1069
f 1065 1070 879
f 882 879 1070
f 1003 1070 991
f 1068 991 1070
f 1071 1072 1073
f 1074 1073 1072
f 917 918 1075
f 1071 1075 918
f 883 1076 894
f 1077 894 1076
f 1074 1078 1073
f 1077 1073 1078
f 1079 1080 1081
f 1082 1081 1080
f 883 885 1076
f 1082 1076 885
f 1075 1083 917
f 922 917 1083
f 1084 1083 1079
f 1080 1079 1083
f 1085 1086 1087
f 1088 1087 1086
f 954 1087 956
f 1089 956 1087
f 892 1090 899
f 1091 899 1090
f 1086 1092 1088
f 1091 1088 1092
f 1074 1093 1078
f 1094 1078 1093
f 892 893 1090
f 1094 1090 893
f 956 1089 959
f 1095 959 1089
f 1072 1095 1074
f 1093 1074 1095
f 1096 1097 1098
f 1099 1098 1097
f 970 971 1100
f 1096 1100 971
f 895 1101 902
f 1102 902 1101
f 1099 1103 1098
f 1102 1098 1103
f 1104 1105 1086
f 1092 1086 1105
f 1101 895 1105
f 897 1105 895
f 973 970 1106
f 1100 1106 970
f 1106 1104 1085
f 1086 1085 1104
f 1084 1079 1107
f 1108 1107 1079
f 923 1107 924
f 1109 924 1107
f 887 1110 888
f 1111 888 1110
f 1079 1081 1108
f 1111 1108 1081
f 1099 1112 1103
f 1113 1103 1112
f 887 901 1110
f 1113 1110 901
f 924 1109 934
f 1114 934 1109
f 1114 1112 1097
f 1099 1097 1112
f 1115 1116 32
f 37 32 1116
f 1117 1116 1118
f 1119 1118 1116
f 1120 1121 1122
f 1123 1122 1121
f 1121 1115 31
f 32 31 1115
f 1124 1125 1126
f 1127 1126 1125
f 1125 1120 1128
f 1122 1128 1120
f 1118 1119 1129
f 1130 1129 1119
f 1130 1124 1131
f 1126 1131 1124
f 680 1132 687
f 1133 687 1132
f 1122 1123 1134
f 1133 1134 1123
f 1135 1136 1137
f 1138 1137 1136
f 682 1136 680
f 1132 680 1136
f 1139 1140 1141
f 1142 1141 1140
f 1137 1143 1135
f 1142 1135 1143
f 1128 1122 1144
f 1134 1144 1122
f 1145 1144 1139
f 1140 1139 1144
f 1146 1147 660
f 661 660 1147
f 1148 1147 1149
f 1150 1149 1147
f 1151 1152 1153
f 1154 1153 1152
f 660 672 1146
f 1154 1146 672
f 1155 1156 1157
f 1158 1157 1156
f 1159 1156 1151
f 1152 1151 1156
f 1149 1150 1160
f 1161 1160 1150
f 1157 1162 1155
f 1161 1155 1162
f 1163 17 1164
f 8 1164 17
f 1165 1151 1163
f 1153 1163 1151
f 1166 1117 1167
f 1118 1167 1117
f 1164 8 1166
f 10 1166 8
f 1168 1169 1170
f 1171 1170 1169
f 1118 1129 1167
f 1168 1167 1129
f 1172 1159 1165
f 1151 1165 1159
f 1170 1171 1172
f 1173 1172 1171
f 1174 1175 1176
f 1177 1176 1175
f 1141 1177 1139
f 1178 1139 1177
f 1179 1180 1181
f 1182 1181 1180
f 1183 1182 1174
f 1175 1174 1182
f 1184 1185 1126
f 1131 1126 1185
f 1186 1185 1179
f 1180 1179 1185
f 1139 1178 1145
f 1187 1145 1178
f 1126 1127 1184
f 1187 1184 1127
f 1188 1189 1190
f 1191 1190 1189
f 1179 1181 1192
f 1188 1192 1181
f 1193 1194 1157
f 1162 1157 1194
f 1190 1191 1194
f 1195 1194 1191
f 1171 1196 1173
f 1197 1173 1196
f 1157 1158 1193
f 1197 1193 1158
f 1192 1198 1179
f 1186 1179 1198
f 1169 1198 1171
f 1196 1171 1198
f 1199 1200 1201
f 1202 1201 1200
f 1203 1200 1204
f 1205 1204 1200
f 1206 1207 1208
f 1209 1208 1207
f 1201 1210 1199
f 1209 1199 1210
f 1204 1205 1211
f 1212 1211 1205
f 1213 1212 1206
f 1207 1206 1212
f 1204 1214 1203
f 1215 1203 1214
f 1216 1217 1215
f 1218 1215 1217
f 1219 1220 1221
f 1222 1221 1220
f 1211 1220 1204
f 1214 1204 1220
f 82 1223 91
f 1224 91 1223
f 1221 1225 1219
f 1224 1219 1225
f 1226 1227 173
f 180 173 1227
f 84 1227 82
f 1223 82 1227
f 1228 1229 1216
f 1217 1216 1229
f 173 174 1226
f 1228 1226 174
f 1217 1230 1218
f 1231 1218 1230
f 1201 1202 1232
f 1231 1232 1202
f 1233 1234 303
f 308 303 1234
f 1229 1234 1217
f 1230 1217 1234
f 1235 1236 251
f 252 251 1236
f 303 305 1233
f 1236 1233 305
f 1237 1238 1239
f 1240 1239 1238
f 1235 251 1239
f 264 1239 251
f 1232 1241 1201
f 1210 1201 1241
f 1242 1241 1238
f 1240 1238 1241
f 1243 1244 1245
f 1246 1245 1244
f 1247 1248 1244
f 1249 1244 1248
f 1238 1250 1242
f 1251 1242 1250
f 1245 1252 1243
f 1251 1243 1252
f 654 649 1253
f 1254 1253 649
f 1237 1253 1238
f 1250 1238 1253
f 1255 1256 1247
f 1248 1247 1256
f 649 650 1254
f 1255 1254 650
f 767 1257 768
f 1258 768 1257
f 1259 1260 1261
f 1258 1261 1260
f 1262 1263 1221
f 1225 1221 1263
f 776 1263 767
f 1257 767 1263
f 1264 1265 1266
f 1267 1266 1265
f 1221 1222 1262
f 1267 1262 1222
f 1261 1268 1259
f 1269 1259 1268
f 1270 1268 1264
f 1265 1264 1268
f 1206 1271 1213
f 1272 1213 1271
f 1273 1274 1275
f 1272 1275 1274
f 1276 1277 1278
f 1279 1278 1277
f 1208 1276 1206
f 1271 1206 1276
f 1280 1281 1282
f 1283 1282 1281
f 1278 1279 1281
f 1284 1281 1279
f 1285 1273 1286
f 1275 1286 1273
f 1280 1282 1286
f 1287 1286 1282
f 1288 1289 1245
f 1252 1245 1289
f 1277 1289 1279
f 1290 1279 1289
f 1291 1292 1293
f 1294 1293 1292
f 1245 1246 1288
f 1294 1288 1246
f 1295 1296 1297
f 1298 1297 1296
f 1299 1296 1291
f 1292 1291 1296
f 1279 1290 1284
f 1300 1284 1290
f 1297 1301 1295
f 1300 1295 1301
f 1302 1270 1303
f 1264 1303 1270
f 1304 1305 1306
f 1302 1306 1305
f 1307 1308 1273
f 1274 1273 1308
f 1303 1264 1308
f 1266 1308 1264
f 1309 1310 1311
f 1312 1311 1310
f 1312 1307 1285
f 1273 1285 1307
f 1306 1313 1304
f 1314 1304 1313
f 1315 1313 1309
f 1310 1309 1313
f 1316 1317 1297
f 1301 1297 1317
f 1318 1282 1317
f 1283 1317 1282
f 1319 1320 1321
f 1322 1321 1320
f 1297 1298 1316
f 1319 1316 1298
f 1309 1323 1315
f 1324 1315 1323
f 1322 1325 1321
f 1324 1321 1325
f 1318 1326 1282
f 1287 1282 1326
f 1323 1309 1326
f 1311 1326 1309
f 1327 1328 1329
f 1330 1329 1328
f 1330 1331 1332
f 1333 1332 1331
f 1334 1335 1336
f 1337 1336 1335
f 1338 1337 1327
f 1328 1327 1337
f 1339 1340 1341
f 1342 1341 1340
f 1343 1341 1334
f 1335 1334 1341
f 1331 1344 1333
f 1345 1333 1344
f 1340 1346 1342
f 1344 1342 1346
f 1347 1348 1333
f 1332 1333 1348
f 1349 1350 1348
f 1351 1348 1350
f 1352 1353 1354
f 1355 1354 1353
f 1355 1347 1345
f 1333 1345 1347
f 1356 1357 1358
f 1359 1358 1357
f 1360 1357 1352
f 1353 1352 1357
f 1350 1349 1361
f 1362 1361 1349
f 1358 1363 1356
f 1362 1356 1363
f 1364 1365 1366
f 1367 1366 1365
f 1365 1368 1369
f 1370 1369 1368
f 1371 1372 1373
f 1374 1373 1372
f 1366 1375 1364
f 1372 1364 1375
f 1376 1377 1378
f 1379 1378 1377
f 1373 1380 1371
f 1379 1371 1380
f 1368 1381 1370
f 1382 1370 1381
f 1383 1381 1376
f 1377 1376 1381
f 1384 1385 1386
f 1387 1386 1385
f 1388 1385 1389
f 1390 1389 1385
f 1391 1392 1393
f 1394 1393 1392
f 1386 1395 1384
f 1394 1384 1395
f 1396 1397 1373
f 1380 1373 1397
f 1398 1397 1391
f 1392 1391 1397
f 1389 1390 1399
f 1400 1399 1390
f 1373 1374 1396
f 1400 1396 1374
f 1401 1402 1403
f 1404 1403 1402
f 1405 1404 1406
f 1407 1406 1404
f 1408 1409 1410
f 1411 1410 1409
f 1412 1409 1401
f 1402 1401 1409
f 1413 1414 1415
f 1416 1415 1414
f 1410 1417 1408
f 1414 1408 1417
f 1406 1407 1418
f 1419 1418 1407
f 1415 1420 1413
f 1419 1413 1420
f 1421 1422 1423
f 1424 1423 1422
f 1366 1367 1425
f 1424 1425 1367
f 1426 1427 1428
f 1429 1428 1427
f 1430 1427 1421
f 1422 1421 1427
f 1431 1432 1433
f 1434 1433 1432
f 1428 1435 1426
f 1434 1426 1435
f 1425 1436 1366
f 1375 1366 1436
f 1437 1436 1431
f 1432 1431 1436
f 1438 1439 1440
f 1441 1440 1439
f 1442 1327 1439
f 1329 1439 1327
f 1443 1444 1445
f 1446 1445 1444
f 1440 1447 1438
f 1446 1438 1447
f 1448 1449 1428
f 1435 1428 1449
f 1450 1449 1443
f 1444 1443 1449
f 1451 1338 1442
f 1327 1442 1338
f 1428 1429 1448
f 1451 1448 1429
f 1452 1453 1454
f 1455 1454 1453
f 1456 1457 1458
f 1453 1458 1457
f 1459 1460 1461
f 1462 1461 1460
f 1460 1452 1463
f 1454 1463 1452
f 1443 1464 1450
f 1465 1450 1464
f 1465 1459 1466
f 1461 1466 1459
f 1467 1456 1468
f 1458 1468 1456
f 1445 1468 1443
f 1464 1443 1468
f 1389 1469 1388
f 1470 1388 1469
f 1471 1472 1473
f 1470 1473 1472
f 1431 1474 1437
f 1475 1437 1474
f 1399 1475 1389
f 1469 1389 1475
f 1466 1461 1476
f 1477 1476 1461
f 1433 1476 1431
f 1474 1431 1476
f 1473 1478 1471
f 1479 1471 1478
f 1461 1462 1477
f 1478 1477 1462
f 1406 1480 1405
f 1481 1405 1480
f 1482 1483 1484
f 1481 1484 1483
f 1485 1486 1487
f 1488 1487 1486
f 1418 1486 1406
f 1480 1406 1486
f 1489 1490 1491
f 1492 1491 1490
f 1487 1493 1485
f 1492 1485 1493
f 1484 1494 1482
f 1495 1482 1494
f 1496 1494 1489
f 1490 1489 1494
f 1497 1498 1499
f 1500 1499 1498
f 1501 1498 1502
f 1503 1502 1498
f 1504 1505 1506
f 1507 1506 1505
f 1507 1497 1508
f 1499 1508 1497
f 1509 1510 1487
f 1493 1487 1510
f 1511 1510 1504
f 1505 1504 1510
f 1502 1503 1512
f 1513 1512 1503
f 1487 1488 1509
f 1513 1509 1488
f 1514 1457 1515
f 1456 1515 1457
f 1514 1516 1517
f 1518 1517 1516
f 1519 1520 1521
f 1522 1521 1520
f 1521 1515 1467
f 1456 1467 1515
f 1504 1523 1511
f 1524 1511 1523
f 1520 1525 1522
f 1524 1522 1525
f 1516 1526 1518
f 1527 1518 1526
f 1506 1526 1504
f 1523 1504 1526
f 1350 1528 1351
f 1529 1351 1528
f 1440 1441 1530
f 1529 1530 1441
f 1489 1531 1496
f 1532 1496 1531
f 1361 1532 1350
f 1528 1350 1532
f 1533 1534 1520
f 1525 1520 1534
f 1491 1534 1489
f 1531 1489 1534
f 1447 1440 1535
f 1530 1535 1440
f 1520 1519 1533
f 1535 1533 1519
f 1536 1537 1538
f 1539 1538 1537
f 1540 1537 1541
f 1542 1541 1537
f 1543 1544 1545
f 1546 1545 1544
f 1538 1547 1536
f 1546 1536 1547
f 1548 1549 1550
f 1551 1550 1549
f 1552 1549 1543
f 1544 1543 1549
f 1553 1554 1542
f 1541 1542 1554
f 1550 1555 1548
f 1553 1548 1555
f 1556 1557 1558
f 1559 1558 1557
f 1560 1556 1561
f 1562 1561 1556
f 1563 1564 1565
f 1566 1565 1564
f 1566 1558 1567
f 1559 1567 1558
f 1568 1569 1543
f 1552 1543 1569
f 1570 1569 1563
f 1564 1563 1569
f 1561 1562 1571
f 1572 1571 1562
f 1543 1545 1568
f 1572 1568 1545
f 1573 1574 1575
f 1576 1575 1574
f 1577 1578 1579
f 1576 1579 1578
f 1580 1581 1582
f 1583 1582 1581
f 1584 1582 1573
f 1574 1573 1582
f 1585 1586 1587
f 1588 1587 1586
f 1588 1583 1589
f 1581 1589 1583
f 1590 1577 1591
f 1579 1591 1577
f 1592 1591 1585
f 1586 1585 1591
f 1593 1594 1595
f 1596 1595 1594
f 1557 1594 1559
f 1597 1559 1594
f 1585 1598 1592
f 1599 1592 1598
f 1595 1600 1593
f 1599 1593 1600
f 1601 1602 1603
f 1604 1603 1602
f 1587 1602 1585
f 1598 1585 1602
f 1559 1597 1567
f 1605 1567 1597
f 1603 1606 1601
f 1605 1601 1606
f 1607 1608 1609
f 1610 1609 1608
f 1454 1455 1611
f 1610 1611 1455
f 1612 1613 1561
f 1560 1561 1613
f 1614 1613 1607
f 1608 1607 1613
f 1615 1616 1617
f 1618 1617 1616
f 1618 1612 1571
f 1561 1571 1612
f 1611 1619 1454
f 1463 1454 1619
f 1620 1619 1615
f 1616 1615 1619
f 1508 1499 1621
f 1622 1621 1499
f 1623 1621 1624
f 1625 1624 1621
f 1626 1627 1628
f 1629 1628 1627
f 1499 1500 1622
f 1626 1622 1500
f 1577 1630 1578
f 1631 1578 1630
f 1629 1632 1628
f 1631 1628 1632
f 1624 1625 1633
f 1634 1633 1625
f 1590 1634 1577
f 1630 1577 1634
f 1635 1636 1386
f 1395 1386 1636
f 1637 1636 1638
f 1639 1638 1636
f 1640 1641 1642
f 1643 1642 1641
f 1386 1387 1635
f 1640 1635 1387
f 1541 1644 1540
f 1645 1540 1644
f 1642 1643 1645
f 1646 1645 1643
f 1638 1639 1647
f 1648 1647 1639
f 1554 1648 1541
f 1644 1541 1648
f 1649 1650 1595
f 1600 1595 1650
f 1633 1650 1624
f 1651 1624 1650
f 1607 1652 1614
f 1653 1614 1652
f 1595 1596 1649
f 1653 1649 1596
f 1654 1655 1518
f 1517 1518 1655
f 1609 1655 1607
f 1652 1607 1655
f 1624 1651 1623
f 1656 1623 1651
f 1518 1527 1654
f 1656 1654 1527
f 1615 1657 1620
f 1658 1620 1657
f 1471 1479 1659
f 1658 1659 1479
f 1660 1661 1538
f 1547 1538 1661
f 1617 1661 1615
f 1657 1615 1661
f 1643 1662 1646
f 1663 1646 1662
f 1538 1539 1660
f 1663 1660 1539
f 1659 1664 1471
f 1472 1471 1664
f 1641 1664 1643
f 1662 1643 1664
f 1665 1637 1666
f 1638 1666 1637
f 1667 1665 1668
f 1669 1668 1665
f 1670 1671 1672
f 1673 1672 1671
f 1666 1638 1671
f 1647 1671 1638
f 1674 1675 1676
f 1677 1676 1675
f 1677 1670 1678
f 1672 1678 1670
f 1679 1668 1680
f 1669 1680 1668
f 1681 1680 1674
f 1675 1674 1680
f 1682 1681 1683
f 1674 1683 1681
f 1684 1685 1686
f 1682 1686 1685
f 1687 1688 1689
f 1690 1689 1688
f 1683 1674 1688
f 1676 1688 1674
f 1691 1692 1693
f 1694 1693 1692
f 1694 1687 1695
f 1689 1695 1687
f 1686 1696 1684
f 1697 1684 1696
f 1698 1696 1691
f 1692 1691 1696
f 1699 1700 1684
f 1685 1684 1700
f 1701 1700 1702
f 1703 1702 1700
f 1704 1705 1706
f 1707 1706 1705
f 1684 1697 1699
f 1707 1699 1697
f 1708 1709 1710
f 1711 1710 1709
f 1712 1709 1704
f 1705 1704 1709
f 1702 1703 1713
f 1714 1713 1703
f 1710 1715 1708
f 1714 1708 1715
f 1716 1717 1718
f 1719 1718 1717
f 1706 1717 1704
f 1720 1704 1717
f 1721 1722 1723
f 1724 1723 1722
f 1718 1725 1716
f 1722 1716 1725
f 1726 1727 1728
f 1729 1728 1727
f 1723 1730 1721
f 1727 1721 1730
f 1704 1720 1712
f 1731 1712 1720
f 1728 1732 1726
f 1731 1726 1732
f 1733 1734 1735
f 1736 1735 1734
f 1737 1738 1734
f 1739 1734 1738
f 1740 1741 1742
f 1743 1742 1741
f 1735 1744 1733
f 1741 1733 1744
f 1745 1746 1747
f 1748 1747 1746
f 1742 1749 1740
f 1748 1740 1749
f 1738 1737 1750
f 1751 1750 1737
f 1746 1745 1751
f 1752 1751 1745
f 1753 1754 1755
f 1756 1755 1754
f 1757 1758 1754
f 1759 1754 1758
f 1760 1761 1762
f 1763 1762 1761
f 1755 1764 1753
f 1761 1753 1764
f 1765 1766 1767
f 1768 1767 1766
f 1762 1769 1760
f 1768 1760 1769
f 1758 1757 1770
f 1771 1770 1757
f 1766 1765 1771
f 1772 1771 1765
f 1773 1774 1775
f 1776 1775 1774
f 1482 1495 1777
f 1776 1777 1495
f 1755 1778 1764
f 1779 1764 1778
f 1774 1773 1779
f 1780 1779 1773
f 1781 1782 1783
f 1784 1783 1782
f 1755 1756 1778
f 1784 1778 1756
f 1777 1785 1482
f 1483 1482 1785
f 1782 1781 1785
f 1786 1785 1781
f 1787 1788 1789
f 1790 1789 1788
f 1791 1788 1792
f 1793 1792 1788
f 1765 1794 1772
f 1795 1772 1794
f 1789 1796 1787
f 1795 1787 1796
f 1797 1798 1799
f 1800 1799 1798
f 1794 1765 1800
f 1767 1800 1765
f 1792 1793 1801
f 1802 1801 1793
f 1802 1798 1803
f 1797 1803 1798
f 1804 1805 1358
f 1363 1358 1805
f 1775 1805 1773
f 1806 1773 1805
f 1797 1807 1803
f 1808 1803 1807
f 1358 1359 1804
f 1808 1804 1359
f 1809 1810 1762
f 1769 1762 1810
f 1797 1799 1807
f 1810 1807 1799
f 1773 1806 1780
f 1811 1780 1806
f 1762 1763 1809
f 1811 1809 1763
f 1812 1412 1813
f 1401 1813 1412
f 1812 1814 1790
f 1789 1790 1814
f 1815 1816 1781
f 1786 1781 1816
f 1813 1401 1816
f 1403 1816 1401
f 1758 1817 1759
f 1818 1759 1817
f 1781 1783 1815
f 1818 1815 1783
f 1814 1819 1789
f 1796 1789 1819
f 1819 1817 1770
f 1758 1770 1817
f 1421 1820 1430
f 1821 1430 1820
f 1822 1823 1824
f 1821 1824 1823
f 1825 1826 1827
f 1828 1827 1826
f 1423 1826 1421
f 1820 1421 1826
f 1738 1829 1739
f 1830 1739 1829
f 1827 1831 1825
f 1830 1825 1831
f 1824 1832 1822
f 1833 1822 1832
f 1829 1738 1832
f 1750 1832 1738
f 1834 1835 1836
f 1837 1836 1835
f 1370 1382 1838
f 1834 1838 1382
f 1839 1840 1735
f 1744 1735 1840
f 1836 1837 1840
f 1841 1840 1837
f 1827 1842 1831
f 1843 1831 1842
f 1735 1736 1839
f 1843 1839 1736
f 1369 1370 1844
f 1838 1844 1370
f 1842 1827 1844
f 1828 1844 1827
f 1334 1845 1343
f 1846 1343 1845
f 1847 1848 1849
f 1846 1849 1848
f 1850 1851 1822
f 1823 1822 1851
f 1336 1851 1334
f 1845 1334 1851
f 1745 1852 1752
f 1853 1752 1852
f 1822 1833 1850
f 1853 1850 1833
f 1849 1854 1847
f 1855 1847 1854
f 1747 1854 1745
f 1852 1745 1854
f 1856 1857 1858
f 1859 1858 1857
f 1835 1857 1837
f 1860 1837 1857
f 1861 1862 1847
f 1848 1847 1862
f 1858 1863 1856
f 1862 1856 1863
f 1742 1864 1749
f 1865 1749 1864
f 1847 1855 1861
f 1865 1861 1855
f 1837 1860 1841
f 1866 1841 1860
f 1742 1743 1864
f 1866 1864 1743
f 1867 1868 1718
f 1725 1718 1868
f 1869 1868 1870
f 1871 1870 1868
f 1691 1872 1698
f 1873 1698 1872
f 1718 1719 1867
f 1873 1867 1719
f 1874 1875 1876
f 1877 1876 1875
f 1872 1691 1875
f 1693 1875 1691
f 1878 1879 1880
f 1881 1880 1879
f 1881 1874 1882
f 1876 1882 1874
f 1871 1883 1870
f 1884 1870 1883
f 1885 1883 1878
f 1879 1878 1883
f 1886 1887 1888
f 1889 1888 1887
f 1890 1888 1891
f 1892 1891 1888
f 1893 1894 1895
f 1896 1895 1894
f 1889 1887 1894
f 1897 1894 1887
f 1898 1899 1900
f 1901 1900 1899
f 1895 1902 1893
f 1899 1893 1902
f 1891 1892 1903
f 1904 1903 1892
f 1900 1905 1898
f 1904 1898 1905
f 1906 1907 1900
f 1905 1900 1907
f 1908 1878 1907
f 1880 1907 1878
f 1909 1910 1911
f 1912 1911 1910
f 1900 1901 1906
f 1912 1906 1901
f 1913 1914 1915
f 1916 1915 1914
f 1917 1914 1909
f 1910 1909 1914
f 1918 1885 1908
f 1878 1908 1885
f 1915 1919 1913
f 1918 1913 1919
f 1920 1921 1909
f 1917 1909 1921
f 1922 1921 1923
f 1924 1923 1921
f 1925 1926 1895
f 1902 1895 1926
f 1909 1911 1920
f 1926 1920 1911
f 1927 1928 1929
f 1930 1929 1928
f 1895 1896 1925
f 1928 1925 1896
f 1923 1924 1931
f 1932 1931 1924
f 1929 1933 1927
f 1932 1927 1933
f 1934 1935 1936
f 1937 1936 1935
f 608 610 1938
f 1937 1938 610
f 1939 1940 1550
f 1555 1550 1940
f 1941 1940 1934
f 1935 1934 1940
f 1942 1943 1944
f 1945 1944 1943
f 1550 1551 1939
f 1945 1939 1551
f 1938 1946 608
f 619 608 1946
f 1947 1946 1942
f 1943 1942 1946
f 1948 1949 1950
f 1951 1950 1949
f 1951 1952 626
f 628 626 1952
f 1953 1954 1603
f 1606 1603 1954
f 1955 1954 1948
f 1949 1948 1954
f 1956 1957 1958
f 1959 1958 1957
f 1603 1604 1953
f 1956 1953 1604
f 1952 1960 628
f 636 628 1960
f 1958 1959 1960
f 1961 1960 1959
f 1959 1962 1961
f 1963 1961 1962
f 1963 1964 643
f 645 643 1964
f 1589 1581 1965
f 1966 1965 1581
f 1957 1965 1959
f 1962 1959 1965
f 1967 1968 1969
f 1970 1969 1968
f 1970 1966 1580
f 1581 1580 1966
f 1964 1971 645
f 651 645 1971
f 1968 1967 1971
f 1972 1971 1967
f 1973 1974 1975
f 1976 1975 1974
f 656 658 1977
f 1976 1977 658
f 1978 1979 1858
f 1863 1858 1979
f 1980 1979 1973
f 1974 1973 1979
f 1981 1982 1983
f 1984 1983 1982
f 1981 1978 1859
f 1858 1859 1978
f 1977 1985 656
f 667 656 1985
f 1983 1984 1985
f 1986 1985 1984
f 1987 1988 1989
f 1990 1989 1988
f 1991 675 1989
f 676 1989 675
f 1792 1992 1791
f 1993 1791 1992
f 1988 1994 1990
f 1993 1990 1994
f 1995 1996 1997
f 1998 1997 1996
f 1992 1792 1996
f 1801 1996 1792
f 1999 684 1991
f 675 1991 684
f 1997 2000 1995
f 1999 1995 2000
f 1942 2001 1947
f 2002 1947 2001
f 2002 2003 691
f 693 691 2003
f 1570 1563 2004
f 2005 2004 1563
f 1944 2004 1942
f 2001 1942 2004
f 2006 1955 2007
f 1948 2007 1955
f 1563 1565 2005
f 2006 2005 1565
f 2003 2008 693
f 697 693 2008
f 2007 1948 2008
f 1950 2008 1948
f 2009 2010 2011
f 2012 2011 2010
f 701 703 2013
f 2012 2013 703
f 1678 1672 2014
f 2015 2014 1672
f 2016 2014 2009
f 2010 2009 2014
f 1934 2017 1941
f 2018 1941 2017
f 1672 1673 2015
f 2018 2015 1673
f 710 701 2019
f 2013 2019 701
f 1936 2019 1934
f 2017 1934 2019
f 2020 2021 2022
f 2023 2022 2021
f 2023 2024 716
f 718 716 2024
f 1695 1689 2025
f 2026 2025 1689
f 2020 2027 2021
f 2025 2021 2027
f 2028 2016 2029
f 2009 2029 2016
f 1689 1690 2026
f 2028 2026 1690
f 2024 2030 718
f 724 718 2030
f 2029 2009 2030
f 2011 2030 2009
f 2031 2032 2033
f 2034 2033 2032
f 2034 2035 730
f 732 730 2035
f 2036 2037 2038
f 2039 2038 2037
f 2040 2038 2031
f 2032 2031 2038
f 2041 2042 2043
f 2044 2043 2042
f 2037 2045 2039
f 2044 2039 2045
f 2035 2046 732
f 740 732 2046
f 2047 2046 2041
f 2042 2041 2046
f 2048 2049 2050
f 2051 2050 2049
f 749 2048 750
f 2052 750 2048
f 1723 2053 1730
f 2054 1730 2053
f 2050 2051 2054
f 2055 2054 2051
f 2031 2056 2040
f 2057 2040 2056
f 1724 2057 1723
f 2053 1723 2057
f 750 2052 758
f 2058 758 2052
f 2056 2031 2058
f 2033 2058 2031
f 2059 2060 2061
f 2062 2061 2060
f 2062 2063 764
f 766 764 2063
f 2064 2065 1410
f 1417 1410 2065
f 2066 2065 2059
f 2060 2059 2065
f 2067 2068 1988
f 1994 1988 2068
f 1410 1411 2064
f 2068 2064 1411
f 2063 2069 766
f 772 766 2069
f 2069 2067 1987
f 1988 1987 2067
f 2070 2071 1984
f 1986 1984 2071
f 2072 779 2071
f 780 2071 779
f 1376 2073 1383
f 2074 1383 2073
f 2074 2070 1982
f 1984 1982 2070
f 2075 2076 2077
f 2078 2077 2076
f 1378 2076 1376
f 2073 1376 2076
f 2079 786 2072
f 779 2072 786
f 2077 2080 2075
f 2079 2075 2080
f 2081 2082 2077
f 2080 2077 2082
f 2083 793 2082
f 794 2082 793
f 1391 2084 1398
f 2085 1398 2084
f 2077 2078 2081
f 2085 2081 2078
f 2086 2087 2088
f 2089 2088 2087
f 1393 2087 1391
f 2084 1391 2087
f 2090 800 2083
f 793 2083 800
f 2088 2091 2086
f 2090 2086 2091
f 2092 2093 2088
f 2091 2088 2093
f 2094 807 2093
f 808 2093 807
f 2095 1667 2096
f 1668 2096 1667
f 2088 2089 2092
f 2095 2092 2089
f 2097 2098 2099
f 2100 2099 2098
f 1668 1679 2096
f 2097 2096 1679
f 814 807 2101
f 2094 2101 807
f 2099 2100 2101
f 2102 2101 2100
f 2100 2103 2102
f 2104 2102 2103
f 819 821 2105
f 2104 2105 821
f 1702 2106 1701
f 2107 1701 2106
f 2098 2107 2100
f 2103 2100 2107
f 2108 2109 2110
f 2111 2110 2109
f 1713 2109 1702
f 2106 1702 2109
f 828 819 2112
f 2105 2112 819
f 2110 2113 2108
f 2112 2108 2113
f 2114 2115 2110
f 2113 2110 2115
f 2116 835 2115
f 836 2115 835
f 1710 2117 1715
f 2118 1715 2117
f 2110 2111 2114
f 2118 2114 2111
f 2119 2120 2121
f 2122 2121 2120
f 1711 2120 1710
f 2117 1710 2120
f 2123 842 2116
f 835 2116 842
f 2121 2124 2119
f 2123 2119 2124
f 2125 2126 2121
f 2124 2121 2126
f 2126 2127 848
f 850 848 2127
f 2128 2129 1728
f 1732 1728 2129
f 2122 2129 2121
f 2125 2121 2129
f 2051 2130 2055
f 2131 2055 2130
f 1728 1729 2128
f 2131 2128 1729
f 2127 2132 850
f 854 850 2132
f 2130 2051 2132
f 2049 2132 2051
f 2133 860 2134
f 861 2134 860
f 2133 2135 2022
f 2020 2022 2135
f 2136 2137 2138
f 2139 2138 2137
f 861 871 2134
f 2137 2134 871
f 1891 2140 1890
f 2141 1890 2140
f 2138 2142 2136
f 2141 2136 2142
f 2143 2144 1876
f 1882 1876 2144
f 1903 2144 1891
f 2140 1891 2144
f 2135 2145 2020
f 2027 2020 2145
f 2145 2143 1877
f 1876 1877 2143
f 1869 1870 2146
f 2147 2146 1870
f 2036 2146 2037
f 2148 2037 2146
f 2149 2150 2151
f 2152 2151 2150
f 1870 1884 2147
f 2152 2147 1884
f 2045 2037 2153
f 2148 2153 2037
f 2154 2153 2149
f 2150 2149 2153
f 2155 2156 2157
f 2158 2157 2156
f 2159 2160 2161
f 2158 2161 2160
f 2162 2163 2164
f 2165 2164 2163
f 2166 2163 2155
f 2156 2155 2163
f 2167 2168 2169
f 2170 2169 2168
f 2164 2171 2162
f 2170 2162 2171
f 2161 2172 2159
f 2173 2159 2172
f 2174 2172 2167
f 2168 2167 2172
f 2175 2176 2177
f 2178 2177 2176
f 2178 2179 2180
f 2181 2180 2179
f 2182 2183 2184
f 2185 2184 2183
f 2176 2175 2185
f 2186 2185 2175
f 2187 2188 2189
f 2190 2189 2188
f 2183 2182 2187
f 2191 2187 2182
f 2179 2192 2181
f 2193 2181 2192
f 2189 2190 2192
f 2194 2192 2190
f 2195 2196 2197
f 2198 2197 2196
f 2199 2196 2200
f 2201 2200 2196
f 2202 2203 2204
f 2205 2204 2203
f 2197 2206 2195
f 2202 2195 2206
f 2207 2208 2209
f 2210 2209 2208
f 2204 2205 2208
f 2211 2208 2205
f 2201 2212 2200
f 2213 2200 2212
f 2212 2207 2214
f 2209 2214 2207
f 2194 2190 2215
f 2216 2215 2190
f 2217 2218 2219
f 2215 2219 2218
f 2220 2221 2222
f 2223 2222 2221
f 2216 2190 2221
f 2188 2221 2190
f 2224 2225 2226
f 2227 2226 2225
f 2227 2220 2228
f 2222 2228 2220
f 2217 2219 2229
f 2230 2229 2219
f 2225 2224 2230
f 2231 2230 2224
f 2232 2231 2233
f 2224 2233 2231
f 2234 2235 2236
f 2232 2236 2235
f 2237 2238 2239
f 2240 2239 2238
f 2233 2224 2237
f 2226 2237 2224
f 2214 2209 2241
f 2242 2241 2209
f 2241 2239 2243
f 2240 2243 2239
f 2244 2245 2236
f 2234 2236 2245
f 2209 2210 2242
f 2244 2242 2210
f 2246 2247 2248
f 2249 2248 2247
f 2177 2249 2175
f 2250 2175 2249
f 2251 2252 2253
f 2254 2253 2252
f 2255 2252 2246
f 2247 2246 2252
f 2206 2197 2256
f 2257 2256 2197
f 2253 2258 2251
f 2256 2251 2258
f 2175 2250 2186
f 2259 2186 2250
f 2197 2198 2257
f 2259 2257 2198
f 2260 2261 2262
f 2263 2262 2261
f 2264 2246 2261
f 2248 2261 2246
f 2265 2266 1915
f 1919 1915 2266
f 2267 2266 2262
f 2260 2262 2266
f 1923 2268 1922
f 2269 1922 2268
f 1915 1916 2265
f 2269 2265 1916
f 2270 2271 2272
f 2273 2272 2271
f 1931 2271 1923
f 2268 1923 2271
f 2246 2264 2255
f 2274 2255 2264
f 2272 2275 2270
f 2274 2270 2275
f 2258 2253 2276
f 2277 2276 2253
f 2278 2276 2279
f 2280 2279 2276
f 2272 2281 2275
f 2282 2275 2281
f 2253 2254 2277
f 2282 2277 2254
f 1929 2283 1933
f 2284 1933 2283
f 2284 2281 2273
f 2272 2273 2281
f 2285 1897 2286
f 1887 2286 1897
f 1929 1930 2283
f 2285 2283 1930
f 2287 2288 2280
f 2279 2280 2288
f 2287 2286 1886
f 1887 1886 2286
f 2205 2289 2211
f 2290 2211 2289
f 2291 2292 2293
f 2290 2293 2292
f 2294 2295 2279
f 2278 2279 2295
f 2203 2295 2205
f 2289 2205 2295
f 2138 2296 2142
f 2297 2142 2296
f 2297 2294 2288
f 2279 2288 2294
f 2298 2299 1022
f 1029 1022 2299
f 2139 2299 2138
f 2296 2138 2299
f 2293 2300 2291
f 2301 2291 2300
f 1022 1024 2298
f 2300 2298 1024
f 2302 2303 1038
f 1039 1038 2303
f 2304 2303 2305
f 2306 2305 2303
f 2041 2307 2047
f 2308 2047 2307
f 1038 1050 2302
f 2308 2302 1050
f 2309 2310 2311
f 2312 2311 2310
f 2043 2310 2041
f 2307 2041 2310
f 2313 2314 2217
f 2218 2217 2314
f 2311 2315 2309
f 2314 2309 2315
f 2316 2317 2306
f 2305 2306 2317
f 2313 2217 2316
f 2229 2316 2217
f 1054 1055 2318
f 2319 2318 1055
f 2291 2301 2320
f 2318 2320 2301
f 2305 2321 2304
f 2322 2304 2321
f 2322 2319 1062
f 1055 1062 2319
f 2323 2324 2234
f 2235 2234 2324
f 2321 2305 2324
f 2317 2324 2305
f 2320 2325 2291
f 2292 2291 2325
f 2245 2325 2234
f 2323 2234 2325
f 2149 2326 2154
f 2327 2154 2326
f 2311 2312 2328
f 2327 2328 2312
f 2267 2262 2329
f 2330 2329 2262
f 2151 2329 2149
f 2326 2149 2329
f 2331 2332 2181
f 2180 2181 2332
f 2263 2332 2262
f 2330 2262 2332
f 2328 2333 2311
f 2315 2311 2333
f 2181 2193 2331
f 2333 2331 2193
f 2182 2334 2191
f 2335 2191 2334
f 2335 2336 2337
f 2338 2337 2336
f 2339 2340 2341
f 2342 2341 2340
f 2184 2341 2182
f 2334 2182 2341
f 2159 2343 2160
f 2344 2160 2343
f 2340 2345 2342
f 2344 2342 2345
f 2338 2336 2346
f 2347 2346 2336
f 2159 2173 2343
f 2347 2343 2173
f 2348 2349 2222
f 2228 2222 2349
f 2350 2349 2351
f 2352 2351 2349
f 2337 2338 2353
f 2354 2353 2338
f 2222 2223 2348
f 2353 2348 2223
f 2167 2355 2174
f 2356 2174 2355
f 2338 2346 2354
f 2356 2354 2346
f 2351 2352 2357
f 2358 2357 2352
f 2167 2169 2355
f 2358 2355 2169
f 2240 2359 2243
f 2360 2243 2359
f 2360 2361 2362
f 2363 2362 2361
f 2364 2350 2365
f 2351 2365 2350
f 2238 2364 2240
f 2359 2240 2364
f 2366 2367 2164
f 2171 2164 2367
f 2365 2351 2367
f 2357 2367 2351
f 2363 2361 2368
f 2369 2368 2361
f 2164 2165 2366
f 2369 2366 2165
f 2370 2371 2200
f 2199 2200 2371
f 2339 2371 2340
f 2372 2340 2371
f 2373 2362 2374
f 2363 2374 2362
f 2200 2213 2370
f 2373 2370 2213
f 2155 2375 2166
f 2376 2166 2375
f 2363 2368 2374
f 2376 2374 2368
f 2340 2372 2345
f 2377 2345 2372
f 2155 2157 2375
f 2377 2375 2157
f 2378 2379 2380
f 2381 2380 2379
f 2382 1352 2380
f 1354 2380 1352
f 2383 2384 2385
f 2386 2385 2384
f 2379 2387 2381
f 2383 2381 2387
f 2388 2389 2390
f 2391 2390 2389
f 2385 2386 2388
f 2392 2388 2386
f 2393 1360 2382
f 1352 2382 1360
f 2390 2391 2393
f 2394 2393 2391
f 2391 2395 2394
f 2396 2394 2395
f 1997 1998 2397
f 2396 2397 1998
f 2398 2399 2400
f 2401 2400 2399
f 2389 2399 2391
f 2395 2391 2399
f 1137 2402 1143
f 2403 1143 2402
f 2400 2404 2398
f 2403 2398 2404
f 2397 2405 1997
f 2000 1997 2405
f 1138 2405 1137
f 2402 1137 2405
f 2406 2407 1149
f 1148 1149 2407
f 1975 2407 1973
f 2408 1973 2407
f 2409 2410 2411
f 2412 2411 2410
f 1149 1160 2406
f 2412 2406 1160
f 2413 2414 2415
f 2416 2415 2414
f 2417 2415 2409
f 2410 2409 2415
f 1973 2408 1980
f 2418 1980 2408
f 2414 2419 2416
f 2418 2416 2419
f 2420 2421 2414
f 2419 2414 2421
f 2421 2422 1339
f 1340 1339 2422
f 2423 2424 2425
f 2426 2425 2424
f 2424 2420 2413
f 2414 2413 2420
f 2379 2427 2387
f 2428 2387 2427
f 2428 2423 2429
f 2425 2429 2423
f 2422 2430 1340
f 1346 1340 2430
f 2430 2427 2378
f 2379 2378 2427
f 2431 2432 2400
f 2404 2400 2432
f 1174 1176 2433
f 2432 2433 1176
f 2386 2434 2392
f 2435 2392 2434
f 2400 2401 2431
f 2435 2431 2401
f 2436 2437 2438
f 2439 2438 2437
f 2384 2437 2386
f 2434 2386 2437
f 2440 1183 2433
f 1174 2433 1183
f 2438 2441 2436
f 2440 2436 2441
f 2438 2442 2441
f 2443 2441 2442
f 1189 2443 1191
f 2444 1191 2443
f 2445 2446 2425
f 2429 2425 2446
f 2439 2446 2438
f 2442 2438 2446
f 2409 2447 2417
f 2448 2417 2447
f 2425 2426 2445
f 2448 2445 2426
f 2444 2449 1191
f 1195 1191 2449
f 2411 2449 2409
f 2447 2409 2449
f 2450 2451 2452
f 2453 2452 2451
f 2454 2451 2455
f 2456 2455 2451
f 2457 2458 2459
f 2460 2459 2458
f 2452 2461 2450
f 2459 2450 2461
f 2455 2456 2462
f 2463 2462 2456
f 2458 2464 2460
f 2463 2460 2464
f 2465 2466 2467
f 2468 2467 2466
f 2452 2453 2469
f 2466 2469 2453
f 1502 2470 1501
f 2471 1501 2470
f 2471 2465 2472
f 2467 2472 2465
f 2473 2474 1415
f 1420 1415 2474
f 1512 2474 1502
f 2470 1502 2474
f 2475 2476 2477
f 2478 2477 2476
f 1415 1416 2473
f 2478 2473 1416
f 2469 2479 2452
f 2461 2452 2479
f 2480 2479 2475
f 2476 2475 2479
f 2455 2481 2454
f 2482 2454 2481
f 2467 2468 2483
f 2482 2483 2468
f 2484 2485 2486
f 2487 2486 2485
f 2462 2485 2455
f 2481 2455 2485
f 2488 2489 1573
f 1584 1573 2489
f 2490 2489 2486
f 2484 2486 2489
f 1629 2491 1632
f 2492 1632 2491
f 2488 1573 2492
f 1575 2492 1573
f 2483 2493 2467
f 2472 2467 2493
f 1627 2493 1629
f 2491 1629 2493
f 2494 2495 1248
f 1249 1248 2495
f 2496 2495 2497
f 2498 2497 2495
f 1967 2499 1972
f 2500 1972 2499
f 2500 2494 1256
f 1248 1256 2494
f 2490 2486 2501
f 2502 2501 2486
f 1969 2501 1967
f 2499 1967 2501
f 2497 2498 2503
f 2504 2503 2498
f 2486 2487 2502
f 2504 2502 2487
f 1259 2505 1260
f 2506 1260 2505
f 2059 2061 2507
f 2506 2507 2061
f 2508 2509 2510
f 2511 2510 2509
f 1269 2509 1259
f 2505 1259 2509
f 2475 2512 2480
f 2513 2480 2512
f 2510 2514 2508
f 2513 2508 2514
f 2507 2515 2059
f 2066 2059 2515
f 2477 2515 2475
f 2512 2475 2515
f 2516 2517 2518
f 2519 2518 2517
f 2458 2457 2520
f 2519 2520 2457
f 2521 2522 2523
f 2524 2523 2522
f 2525 2522 2516
f 2517 2516 2522
f 2526 2527 2528
f 2529 2528 2527
f 2521 2523 2527
f 2530 2527 2523
f 2464 2458 2531
f 2520 2531 2458
f 2531 2526 2532
f 2528 2532 2526
f 2532 2528 2533
f 2534 2533 2528
f 2503 2533 2497
f 2535 2497 2533
f 2536 2537 2538
f 2539 2538 2537
f 2528 2529 2534
f 2539 2534 2529
f 2540 2541 1291
f 1299 1291 2541
f 2542 2541 2536
f 2537 2536 2541
f 2497 2535 2496
f 2543 2496 2535
f 1291 1293 2540
f 2543 2540 1293
f 1304 2544 1305
f 2545 1305 2544
f 2545 2546 2511
f 2510 2511 2546
f 2547 2548 2549
f 2550 2549 2548
f 1314 2548 1304
f 2544 1304 2548
f 2551 2525 2552
f 2516 2552 2525
f 2549 2553 2547
f 2551 2547 2553
f 2546 2554 2510
f 2514 2510 2554
f 2552 2516 2554
f 2518 2554 2516
f 2555 2556 2523
f 2530 2523 2556
f 2538 2556 2536
f 2557 2536 2556
f 2558 2559 2549
f 2553 2549 2559
f 2555 2523 2559
f 2524 2559 2523
f 1322 2560 1325
f 2561 1325 2560
f 2549 2550 2558
f 2561 2558 2550
f 2536 2557 2542
f 2562 2542 2557
f 2562 2560 1320
f 1322 1320 2560
f 6 2563 1
f 2 1 2563
f 2564 7 3
f 1 3 7
f 11 12 10
f 2565 10 12
f 9 2564 11
f 3 11 2564
f 14 17 16
f 2566 16 17
f 2564 9 13
f 14 13 9
f 2567 18 20
f 19 20 18
f 13 19 2564
f 7 2564 19
f 22 2 24
f 2563 24 2
f 2568 25 21
f 22 21 25
f 2569 28 30
f 29 30 28
f 21 29 2568
f 27 2568 29
f 33 35 31
f 2570 31 35
f 2568 27 34
f 33 34 27
f 37 2565 36
f 12 36 2565
f 34 36 2568
f 25 2568 36
f 2571 39 42
f 38 42 39
f 44 38 2572
f 40 2572 38
f 2573 48 49
f 46 49 48
f 2572 40 45
f 46 45 40
f 52 53 2574
f 54 2574 53
f 45 53 2572
f 51 2572 53
f 2575 55 57
f 56 57 55
f 2572 51 44
f 56 44 51
f 2576 61 62
f 59 62 61
f 2577 64 58
f 59 58 64
f 57 66 2575
f 67 2575 66
f 58 66 2577
f 65 2577 66
f 2574 71 52
f 69 52 71
f 2577 65 68
f 69 68 65
f 72 73 2578
f 74 2578 73
f 68 73 2577
f 64 2577 73
f 2579 78 80
f 76 80 78
f 2580 81 75
f 76 75 81
f 84 85 2581
f 86 2581 85
f 75 85 2580
f 83 2580 85
f 89 90 2582
f 91 2582 90
f 2580 83 88
f 90 88 83
f 2583 93 94
f 92 94 93
f 92 81 88
f 2580 88 81
f 42 96 2571
f 98 2571 96
f 99 96 2584
f 95 2584 96
f 2575 103 55
f 101 55 103
f 2584 95 100
f 101 100 95
f 106 107 2585
f 108 2585 107
f 100 107 2584
f 105 2584 107
f 2567 110 111
f 109 111 110
f 2584 105 99
f 109 99 105
f 113 114 6
f 2563 6 114
f 2586 116 112
f 113 112 116
f 2567 111 18
f 118 18 111
f 112 118 2586
f 117 2586 118
f 2585 122 106
f 120 106 122
f 2586 117 119
f 120 119 117
f 123 124 2587
f 125 2587 124
f 119 124 2586
f 116 2586 124
f 129 132 128
f 2588 128 132
f 127 2589 129
f 130 129 2589
f 2587 125 135
f 134 135 125
f 134 133 127
f 2589 127 133
f 122 2585 136
f 137 136 2585
f 133 136 2589
f 138 2589 136
f 142 2590 140
f 141 140 2590
f 2589 138 130
f 140 130 138
f 145 146 2576
f 61 2576 146
f 147 146 2591
f 144 2591 146
f 149 150 142
f 2590 142 150
f 148 2591 149
f 144 149 2591
f 2585 108 137
f 151 137 108
f 151 152 148
f 2591 148 152
f 2575 67 103
f 153 103 67
f 152 153 2591
f 147 2591 153
f 156 157 2579
f 78 2579 157
f 158 157 2592
f 155 2592 157
f 2569 162 163
f 160 163 162
f 2592 155 159
f 160 159 155
f 166 167 2593
f 168 2593 167
f 159 167 2592
f 165 2592 167
f 2581 86 170
f 169 170 86
f 2592 165 158
f 169 158 165
f 172 177 174
f 2594 174 177
f 2595 175 171
f 172 171 175
f 170 179 2581
f 180 2581 179
f 171 179 2595
f 178 2595 179
f 2593 184 166
f 182 166 184
f 2595 178 181
f 182 181 178
f 187 2596 185
f 186 185 2596
f 181 185 2595
f 175 2595 185
f 128 2588 188
f 189 188 2588
f 192 188 2597
f 190 2597 188
f 2596 187 195
f 194 195 187
f 2597 190 193
f 194 193 190
f 198 199 2593
f 184 2593 199
f 193 199 2597
f 197 2597 199
f 201 2587 200
f 135 200 2587
f 2597 197 192
f 200 192 197
f 24 2563 203
f 114 203 2563
f 2598 204 202
f 203 202 204
f 2587 201 123
f 206 123 201
f 202 206 2598
f 205 2598 206
f 2593 168 198
f 208 198 168
f 2598 205 207
f 208 207 205
f 2569 30 162
f 209 162 30
f 207 209 2598
f 204 2598 209
f 211 214 213
f 2599 213 214
f 2600 216 210
f 211 210 216
f 2601 219 221
f 220 221 219
f 218 2600 220
f 210 220 2600
f 2602 222 226
f 224 226 222
f 224 225 218
f 2600 218 225
f 2603 227 229
f 228 229 227
f 225 228 2600
f 216 2600 228
f 233 231 2604
f 235 2604 231
f 2605 234 230
f 231 230 234
f 229 238 2603
f 239 2603 238
f 230 238 2605
f 237 2605 238
f 2602 243 222
f 241 222 243
f 2605 237 240
f 241 240 237
f 244 246 245
f 2606 245 246
f 240 244 2605
f 234 2605 244
f 249 250 2607
f 252 2607 250
f 253 250 2608
f 248 2608 250
f 2609 257 258
f 255 258 257
f 2608 248 254
f 255 254 248
f 260 259 2610
f 263 2610 259
f 254 259 2608
f 261 2608 259
f 2611 264 266
f 265 266 264
f 265 253 261
f 2608 261 253
f 2604 235 269
f 268 269 235
f 2612 271 267
f 268 267 271
f 274 275 2606
f 245 2606 275
f 267 275 2612
f 273 2612 275
f 2610 263 278
f 277 278 263
f 2612 273 276
f 277 276 273
f 279 280 2609
f 257 2609 280
f 276 280 2612
f 271 2612 280
f 132 282 2588
f 284 2588 282
f 285 282 2613
f 281 2613 282
f 2590 289 141
f 287 141 289
f 2613 281 286
f 287 286 281
f 292 2603 290
f 239 290 2603
f 286 290 2613
f 291 2613 290
f 2604 294 233
f 293 233 294
f 2613 291 285
f 293 285 291
f 2596 298 186
f 296 186 298
f 296 295 299
f 2614 299 295
f 258 300 2609
f 302 2609 300
f 295 300 2614
f 301 2614 300
f 305 306 2607
f 249 2607 306
f 2614 301 304
f 306 304 301
f 177 307 2594
f 308 2594 307
f 299 2614 307
f 304 307 2614
f 2578 309 72
f 311 72 309
f 311 312 313
f 2615 313 312
f 2601 221 316
f 314 316 221
f 312 314 2615
f 315 2615 314
f 320 318 2599
f 213 2599 318
f 2615 315 317
f 318 317 315
f 62 321 2576
f 322 2576 321
f 313 2615 321
f 317 321 2615
f 2609 302 279
f 324 279 302
f 2616 325 323
f 324 323 325
f 195 327 2596
f 298 2596 327
f 323 327 2616
f 326 2616 327
f 2588 284 189
f 329 189 284
f 2616 326 328
f 329 328 326
f 269 330 2604
f 294 2604 330
f 328 330 2616
f 325 2616 330
f 150 332 2590
f 289 2590 332
f 333 332 2617
f 331 2617 332
f 2576 322 145
f 335 145 322
f 2617 331 334
f 335 334 331
f 214 337 2599
f 320 2599 337
f 334 337 2617
f 336 2617 337
f 2603 292 227
f 338 227 292
f 2617 336 333
f 338 333 336
f 2578 339 309
f 341 309 339
f 342 2618 341
f 343 341 2618
f 2619 344 348
f 346 348 344
f 346 347 342
f 2618 342 347
f 353 2620 349
f 350 349 2620
f 347 349 2618
f 351 2618 349
f 354 355 316
f 2601 316 355
f 2618 351 343
f 354 343 351
f 358 359 2619
f 344 2619 359
f 360 359 2621
f 357 2621 359
f 2622 364 365
f 362 365 364
f 2621 357 361
f 362 361 357
f 370 2623 366
f 367 366 2623
f 361 366 2621
f 368 2621 366
f 371 372 353
f 2620 353 372
f 2621 368 360
f 371 360 368
f 2619 376 358
f 374 358 376
f 2624 377 373
f 374 373 377
f 380 381 2625
f 382 2625 381
f 373 381 2624
f 379 2624 381
f 2626 386 387
f 384 387 386
f 2624 379 383
f 384 383 379
f 365 388 2622
f 389 2622 388
f 383 388 2624
f 377 2624 388
f 2622 389 392
f 391 392 389
f 2627 394 390
f 391 390 394
f 397 398 2626
f 386 2626 398
f 390 398 2627
f 396 2627 398
f 402 403 401
f 2628 401 403
f 2627 396 400
f 402 400 396
f 2629 404 406
f 405 406 404
f 405 394 400
f 2627 400 394
f 408 413 410
f 2630 410 413
f 2631 411 407
f 408 407 411
f 417 415 2632
f 418 2632 415
f 2631 407 414
f 415 414 407
f 421 422 2633
f 423 2633 422
f 2631 414 420
f 422 420 414
f 424 425 2634
f 426 2634 425
f 2631 420 411
f 425 411 420
f 430 428 2635
f 432 2635 428
f 2636 431 427
f 428 427 431
f 435 438 437
f 2637 437 438
f 2636 427 434
f 435 434 427
f 441 442 2638
f 443 2638 442
f 434 442 2636
f 440 2636 442
f 444 445 2639
f 446 2639 445
f 2636 440 431
f 445 431 440
f 2569 163 450
f 448 450 163
f 447 2640 448
f 451 448 2640
f 453 156 455
f 2579 455 156
f 2640 447 452
f 453 452 447
f 432 457 2635
f 458 2635 457
f 452 457 2640
f 456 2640 457
f 460 459 2639
f 444 2639 459
f 2640 456 451
f 459 451 456
f 2583 464 465
f 462 465 464
f 2641 467 461
f 462 461 467
f 2570 469 472
f 468 472 469
f 461 468 2641
f 470 2641 468
f 443 474 2638
f 475 2638 474
f 2641 470 473
f 474 473 470
f 476 477 2637
f 437 2637 477
f 473 477 2641
f 467 2641 477
f 2569 450 28
f 479 28 450
f 2642 480 478
f 479 478 480
f 446 482 2639
f 460 2639 482
f 478 482 2642
f 481 2642 482
f 475 484 2638
f 441 2638 484
f 2642 481 483
f 484 483 481
f 2570 35 469
f 485 469 35
f 483 485 2642
f 480 2642 485
f 2583 465 93
f 486 93 465
f 488 486 2643
f 487 2643 486
f 438 490 2637
f 476 2637 490
f 2643 487 489
f 490 489 487
f 458 492 2635
f 430 2635 492
f 489 492 2643
f 491 2643 492
f 493 455 80
f 2579 80 455
f 493 488 491
f 2643 491 488
f 2567 496 110
f 497 110 496
f 498 497 2644
f 495 2644 497
f 418 500 2632
f 501 2632 500
f 2644 495 499
f 500 499 495
f 504 505 2630
f 410 2630 505
f 499 505 2644
f 503 2644 505
f 506 507 98
f 2571 98 507
f 2644 503 498
f 506 498 503
f 49 509 2573
f 511 2573 509
f 508 2645 509
f 510 509 2645
f 507 514 2571
f 39 2571 514
f 514 513 508
f 2645 508 513
f 413 516 2630
f 504 2630 516
f 513 516 2645
f 515 2645 516
f 518 517 2634
f 424 2634 517
f 2645 515 510
f 517 510 515
f 521 522 2566
f 16 2566 522
f 523 522 2646
f 520 2646 522
f 423 525 2633
f 526 2633 525
f 2646 520 524
f 525 524 520
f 501 528 2632
f 417 2632 528
f 524 528 2646
f 527 2646 528
f 2567 20 496
f 529 496 20
f 2646 527 523
f 529 523 527
f 2573 511 532
f 531 532 511
f 2647 534 530
f 531 530 534
f 426 536 2634
f 518 2634 536
f 530 536 2647
f 535 2647 536
f 526 538 2633
f 421 2633 538
f 2647 535 537
f 538 537 535
f 2566 539 521
f 540 521 539
f 537 540 2647
f 534 2647 540
f 2629 544 404
f 542 404 544
f 2648 545 541
f 542 541 545
f 2649 546 550
f 548 550 546
f 2648 541 549
f 548 549 541
f 555 2650 551
f 552 551 2650
f 2648 549 553
f 551 553 549
f 557 558 370
f 2623 370 558
f 2648 553 556
f 557 556 553
f 392 559 2622
f 364 2622 559
f 556 559 2648
f 545 2648 559
f 2651 563 564
f 561 564 563
f 561 560 566
f 2652 566 560
f 569 570 2650
f 571 2650 570
f 560 570 2652
f 568 2652 570
f 574 575 2653
f 576 2653 575
f 573 2652 575
f 568 575 2652
f 577 579 578
f 2654 578 579
f 2652 573 566
f 577 566 573
f 581 569 555
f 2650 555 569
f 2655 582 580
f 581 580 582
f 2649 585 546
f 586 546 585
f 584 2655 586
f 580 586 2655
f 588 591 590
f 2656 590 591
f 2655 584 587
f 588 587 584
f 576 592 2653
f 593 2653 592
f 587 592 2655
f 582 2655 592
f 595 590 597
f 2656 597 590
f 2657 598 594
f 595 594 598
f 601 602 2658
f 603 2658 602
f 594 602 2657
f 600 2657 602
f 579 605 2654
f 606 2654 605
f 2657 600 604
f 605 604 600
f 593 607 2653
f 574 2653 607
f 604 607 2657
f 598 2657 607
f 610 611 2659
f 613 2659 611
f 614 611 2660
f 609 2660 611
f 2661 618 619
f 616 619 618
f 2660 609 615
f 616 615 609
f 226 621 2602
f 622 2602 621
f 615 621 2660
f 620 2660 621
f 2601 624 219
f 623 219 624
f 2660 620 614
f 623 614 620
f 630 2662 625
f 626 625 2662
f 631 625 2663
f 627 2663 625
f 633 636 635
f 2664 635 636
f 2663 627 632
f 633 632 627
f 278 638 2610
f 639 2610 638
f 637 2663 638
f 632 638 2663
f 2606 641 274
f 640 274 641
f 2663 637 631
f 640 631 637
f 635 2664 642
f 643 642 2664
f 646 642 2665
f 644 2665 642
f 648 651 650
f 2666 650 651
f 2665 644 647
f 648 647 644
f 654 2611 652
f 266 652 2611
f 647 652 2665
f 653 2665 652
f 2610 639 260
f 655 260 639
f 655 646 653
f 2665 653 646
f 658 659 2667
f 661 2667 659
f 662 659 2668
f 657 2668 659
f 664 667 666
f 2669 666 667
f 2668 657 663
f 664 663 657
f 670 2573 668
f 532 668 2573
f 663 668 2668
f 669 2668 668
f 671 539 672
f 2566 672 539
f 2668 669 662
f 671 662 669
f 2670 676 677
f 674 677 676
f 674 673 679
f 2671 679 673
f 682 683 2672
f 684 2672 683
f 681 2671 683
f 673 683 2671
f 686 687 472
f 2570 472 687
f 2671 681 685
f 686 685 681
f 688 689 2583
f 464 2583 689
f 679 2671 689
f 685 689 2671
f 691 690 2661
f 618 2661 690
f 694 690 2673
f 692 2673 690
f 696 697 630
f 2662 630 697
f 2673 692 695
f 696 695 692
f 246 699 2606
f 641 2606 699
f 698 2673 699
f 695 699 2673
f 2602 622 243
f 700 243 622
f 2673 698 694
f 700 694 698
f 706 2674 704
f 703 704 2674
f 702 2675 704
f 707 704 2675
f 2659 613 710
f 709 710 613
f 2675 702 708
f 709 708 702
f 355 712 2601
f 624 2601 712
f 708 712 2675
f 711 2675 712
f 2620 713 350
f 714 350 713
f 2675 711 707
f 714 707 711
f 720 2676 715
f 716 715 2676
f 721 715 2677
f 717 2677 715
f 723 724 706
f 2674 706 724
f 2677 717 722
f 723 722 717
f 372 726 2620
f 713 2620 726
f 725 2677 726
f 722 726 2677
f 2623 727 367
f 728 367 727
f 728 721 725
f 2677 725 721
f 2678 730 734
f 729 734 730
f 735 729 2679
f 731 2679 729
f 2680 739 740
f 737 740 739
f 2679 731 736
f 737 736 731
f 743 744 2681
f 745 2681 744
f 736 744 2679
f 742 2679 744
f 2629 747 748
f 746 748 747
f 2679 742 735
f 746 735 742
f 754 2682 751
f 749 751 2682
f 2683 753 752
f 751 752 753
f 757 758 734
f 2678 734 758
f 756 2683 757
f 752 757 2683
f 2629 406 747
f 759 747 406
f 759 760 756
f 2683 756 760
f 762 761 2628
f 401 2628 761
f 760 761 2683
f 753 2683 761
f 768 2684 763
f 764 763 2684
f 769 763 2685
f 765 2685 763
f 772 2670 770
f 677 770 2670
f 2685 765 771
f 770 771 765
f 2583 94 688
f 774 688 94
f 773 2685 774
f 771 774 2685
f 2582 776 89
f 775 89 776
f 775 769 773
f 2685 773 769
f 2669 780 666
f 778 666 780
f 2686 781 777
f 778 777 781
f 784 785 2687
f 786 2687 785
f 783 2686 785
f 777 785 2686
f 2574 54 789
f 788 789 54
f 2686 783 787
f 788 787 783
f 48 2573 790
f 670 790 2573
f 787 790 2686
f 781 2686 790
f 792 784 794
f 2687 794 784
f 2688 795 791
f 792 791 795
f 798 799 2689
f 800 2689 799
f 797 2688 799
f 791 799 2688
f 2578 74 803
f 802 803 74
f 2688 797 801
f 802 801 797
f 789 804 2574
f 71 2574 804
f 801 804 2688
f 795 2688 804
f 808 806 2689
f 798 2689 806
f 2690 809 805
f 806 805 809
f 811 814 813
f 2691 813 814
f 2690 805 810
f 811 810 805
f 2619 348 817
f 816 817 348
f 815 2690 816
f 810 816 2690
f 803 818 2578
f 339 2578 818
f 815 818 2690
f 809 2690 818
f 821 822 2691
f 813 2691 822
f 823 822 2692
f 820 2692 822
f 826 827 2693
f 828 2693 827
f 2692 820 825
f 827 825 820
f 830 831 382
f 2625 382 831
f 829 2692 830
f 825 830 2692
f 2619 817 376
f 832 376 817
f 832 823 829
f 2692 829 823
f 834 826 836
f 2693 836 826
f 2694 837 833
f 834 833 837
f 840 841 2695
f 842 2695 841
f 833 841 2694
f 839 2694 841
f 2626 387 845
f 844 845 387
f 2694 839 843
f 844 843 839
f 831 846 2625
f 380 2625 846
f 843 846 2694
f 837 2694 846
f 847 840 848
f 2695 848 840
f 851 847 2696
f 849 2696 847
f 853 854 754
f 2682 754 854
f 2696 849 852
f 853 852 849
f 403 856 2628
f 762 2628 856
f 852 856 2696
f 855 2696 856
f 2626 845 397
f 857 397 845
f 857 851 855
f 2696 855 851
f 858 860 720
f 2676 720 860
f 2697 862 859
f 858 859 862
f 727 2623 863
f 558 863 2623
f 2697 859 864
f 863 864 859
f 2650 571 552
f 866 552 571
f 2697 864 865
f 866 865 864
f 869 870 2651
f 563 2651 870
f 2697 865 868
f 870 868 865
f 871 872 2698
f 873 2698 872
f 2697 868 862
f 872 862 868
f 2629 748 544
f 874 544 748
f 874 875 876
f 2699 876 875
f 2681 880 743
f 878 743 880
f 878 877 875
f 2699 875 877
f 550 881 2649
f 882 2649 881
f 877 881 2699
f 876 2699 881
f 886 888 885
f 2700 885 888
f 889 886 2701
f 884 2701 886
f 891 894 893
f 2702 893 894
f 2701 884 890
f 891 890 884
f 897 898 2703
f 899 2703 898
f 890 898 2701
f 896 2701 898
f 900 902 901
f 2704 901 902
f 2701 896 889
f 900 889 896
f 904 903 2705
f 908 2705 903
f 909 903 2706
f 905 2706 903
f 911 914 913
f 2707 913 914
f 2706 905 910
f 911 910 905
f 916 919 918
f 2708 918 919
f 915 2706 916
f 910 916 2706
f 2709 921 922
f 920 922 921
f 920 909 915
f 2706 915 909
f 2709 923 927
f 925 927 923
f 925 926 929
f 2710 929 926
f 930 934 931
f 2711 931 934
f 926 930 2710
f 932 2710 930
f 936 939 938
f 2712 938 939
f 2710 932 935
f 936 935 932
f 940 941 2713
f 942 2713 941
f 929 2710 941
f 935 941 2710
f 2707 945 913
f 946 913 945
f 944 2714 946
f 947 946 2714
f 952 2715 949
f 951 949 2715
f 944 949 2714
f 948 2714 949
f 957 2716 953
f 954 953 2716
f 948 953 2714
f 955 2714 953
f 958 959 919
f 2708 919 959
f 2714 955 947
f 958 947 955
f 962 963 2715
f 951 2715 963
f 961 2717 963
f 964 963 2717
f 939 966 2712
f 967 2712 966
f 965 2717 966
f 961 966 2717
f 931 2711 969
f 971 969 2711
f 2717 965 968
f 969 968 965
f 972 973 957
f 2716 957 973
f 964 2717 972
f 968 972 2717
f 2705 908 977
f 975 977 908
f 2718 978 974
f 975 974 978
f 2709 927 921
f 980 921 927
f 974 980 2718
f 979 2718 980
f 983 984 2713
f 940 2713 984
f 982 2718 984
f 979 984 2718
f 2719 986 987
f 985 987 986
f 2718 982 978
f 985 978 982
f 989 992 977
f 2705 977 992
f 2720 990 988
f 989 988 990
f 995 996 2719
f 986 2719 996
f 2720 988 994
f 996 994 988
f 2658 603 999
f 998 999 603
f 2720 994 997
f 998 997 994
f 591 1001 2656
f 597 2656 1001
f 997 1001 2720
f 1000 2720 1001
f 2649 1003 585
f 1002 585 1003
f 2720 1000 990
f 1002 990 1000
f 2713 1004 983
f 1006 983 1004
f 1006 1007 1008
f 2721 1008 1007
f 1011 2651 1009
f 564 1009 2651
f 1010 2721 1009
f 1007 1009 2721
f 606 1013 2654
f 578 2654 1013
f 2721 1010 1012
f 1013 1012 1010
f 999 1014 2658
f 601 2658 1014
f 2721 1012 1015
f 1014 1015 1012
f 995 2719 1016
f 987 1016 2719
f 1015 1016 2721
f 1008 2721 1016
f 1019 1020 2712
f 938 2712 1020
f 2722 1021 1018
f 1020 1018 1021
f 1024 1025 2723
f 1026 2723 1025
f 2722 1018 1023
f 1025 1023 1018
f 2698 873 1029
f 1028 1029 873
f 2722 1023 1027
f 1028 1027 1023
f 1030 869 1011
f 2651 1011 869
f 2722 1027 1031
f 1030 1031 1027
f 2713 942 1004
f 1032 1004 942
f 1032 1021 1031
f 2722 1031 1021
f 1034 1039 1036
f 2724 1036 1039
f 2725 1037 1033
f 1034 1033 1037
f 1041 1042 952
f 2715 952 1042
f 2725 1033 1040
f 1041 1040 1033
f 1045 1046 2707
f 945 2707 1046
f 2725 1040 1044
f 1046 1044 1040
f 2681 745 1049
f 1048 1049 745
f 2725 1044 1047
f 1048 1047 1044
f 1050 1051 2680
f 739 2680 1051
f 1047 1051 2725
f 1037 2725 1051
f 2723 1026 1054
f 1053 1054 1026
f 1053 1052 1056
f 2726 1056 1052
f 2712 967 1019
f 1057 1019 967
f 2726 1052 1058
f 1057 1058 1052
f 1060 962 1042
f 2715 1042 962
f 2726 1058 1059
f 1060 1059 1058
f 2724 1062 1036
f 1061 1036 1062
f 1056 2726 1061
f 1059 1061 2726
f 1049 1064 2681
f 880 2681 1064
f 1065 1064 2727
f 1063 2727 1064
f 1067 1045 914
f 2707 914 1045
f 2727 1063 1066
f 1067 1066 1063
f 2705 992 904
f 1069 904 992
f 2727 1066 1068
f 1069 1068 1066
f 2649 882 1003
f 1070 1003 882
f 2727 1068 1065
f 1070 1065 1068
f 918 2708 1071
f 1072 1071 2708
f 1075 1071 2728
f 1073 2728 1071
f 894 1077 2702
f 1078 2702 1077
f 1073 1077 2728
f 1076 2728 1077
f 1081 1082 2700
f 885 2700 1082
f 1080 2728 1082
f 1076 1082 2728
f 2709 922 1084
f 1083 1084 922
f 2728 1080 1075
f 1083 1075 1080
f 2716 1085 954
f 1087 954 1085
f 1087 1088 1089
f 2729 1089 1088
f 899 1091 2703
f 1092 2703 1091
f 1088 1091 2729
f 1090 2729 1091
f 1078 1094 2702
f 893 2702 1094
f 1090 1094 2729
f 1093 2729 1094
f 959 1095 2708
f 1072 2708 1095
f 1095 1089 1093
f 2729 1093 1089
f 2711 1097 971
f 1096 971 1097
f 1100 1096 2730
f 1098 2730 1096
f 1103 2704 1102
f 902 1102 2704
f 1098 1102 2730
f 1101 2730 1102
f 1092 1105 2703
f 897 2703 1105
f 1104 2730 1105
f 1101 1105 2730
f 2716 973 1085
f 1106 1085 973
f 1106 1100 1104
f 2730 1104 1100
f 2709 1084 923
f 1107 923 1084
f 2731 1109 1108
f 1107 1108 1109
f 888 1111 2700
f 1081 2700 1111
f 1108 1111 2731
f 1110 2731 1111
f 1103 1113 2704
f 901 2704 1113
f 1112 2731 1113
f 1110 1113 2731
f 934 1114 2711
f 1097 2711 1114
f 1109 2731 1114
f 1112 1114 2731
f 2565 37 1117
f 1116 1117 37
f 1116 1115 1119
f 2732 1119 1115
f 1121 31 1123
f 2570 1123 31
f 2732 1115 1120
f 1121 1120 1115
f 1127 1125 2733
f 1128 2733 1125
f 1124 2732 1125
f 1120 1125 2732
f 1129 1130 2734
f 1131 2734 1130
f 1119 2732 1130
f 1124 1130 2732
f 1123 2570 1133
f 687 1133 2570
f 1134 1133 2735
f 1132 2735 1133
f 1136 682 1138
f 2672 1138 682
f 2735 1132 1135
f 1136 1135 1132
f 1141 1142 2736
f 1143 2736 1142
f 1135 1142 2735
f 1140 2735 1142
f 2733 1128 1145
f 1144 1145 1128
f 2735 1140 1134
f 1144 1134 1140
f 2667 661 1148
f 1147 1148 661
f 2737 1150 1146
f 1147 1146 1150
f 1153 1154 2566
f 672 2566 1154
f 1146 1154 2737
f 1152 2737 1154
f 2738 1158 1159
f 1156 1159 1158
f 2737 1152 1155
f 1156 1155 1152
f 1160 1161 2739
f 1162 2739 1161
f 1155 1161 2737
f 1150 2737 1161
f 2566 17 1153
f 1163 1153 17
f 1164 2740 1163
f 1165 1163 2740
f 10 2565 1166
f 1117 1166 2565
f 1166 1167 1164
f 2740 1164 1167
f 1129 2734 1168
f 1169 1168 2734
f 1167 1168 2740
f 1170 2740 1168
f 1173 2738 1172
f 1159 1172 2738
f 2740 1170 1165
f 1172 1165 1170
f 1177 1141 1176
f 2736 1176 1141
f 2741 1178 1175
f 1177 1175 1178
f 2742 1181 1183
f 1182 1183 1181
f 1175 1182 2741
f 1180 2741 1182
f 2734 1131 1186
f 1185 1186 1131
f 2741 1180 1184
f 1185 1184 1180
f 1127 2733 1187
f 1145 1187 2733
f 1184 1187 2741
f 1178 2741 1187
f 2742 1189 1181
f 1188 1181 1189
f 1192 1188 2743
f 1190 2743 1188
f 1194 1195 1162
f 2739 1162 1195
f 2743 1190 1193
f 1194 1193 1190
f 1173 1197 2738
f 1158 2738 1197
f 1193 1197 2743
f 1196 2743 1197
f 2734 1186 1169
f 1198 1169 1186
f 2743 1196 1192
f 1198 1192 1196
f 1200 1203 1202
f 2744 1202 1203
f 1200 1199 1205
f 2745 1205 1199
f 1208 1209 2746
f 1210 2746 1209
f 1199 1209 2745
f 1207 2745 1209
f 1211 1212 2747
f 1213 2747 1212
f 1207 1212 2745
f 1205 2745 1212
f 1215 1218 1203
f 2744 1203 1218
f 2748 1216 1214
f 1215 1214 1216
f 2747 1222 1211
f 1220 1211 1222
f 2748 1214 1219
f 1220 1219 1214
f 91 1224 2582
f 1225 2582 1224
f 1219 1224 2748
f 1223 2748 1224
f 2581 180 84
f 1227 84 180
f 2748 1223 1226
f 1227 1226 1223
f 174 2594 1228
f 1229 1228 2594
f 2748 1226 1216
f 1228 1216 1226
f 1218 1231 2744
f 1202 2744 1231
f 2749 1232 1230
f 1231 1230 1232
f 2594 308 1229
f 1234 1229 308
f 2749 1230 1233
f 1234 1233 1230
f 1236 305 252
f 2607 252 305
f 2749 1233 1235
f 1236 1235 1233
f 2611 1237 264
f 1239 264 1237
f 2749 1235 1240
f 1239 1240 1235
f 2746 1210 1242
f 1241 1242 1210
f 2749 1240 1232
f 1241 1232 1240
f 1244 1249 1246
f 2750 1246 1249
f 2751 1247 1243
f 1244 1243 1247
f 1242 1251 2746
f 1252 2746 1251
f 1243 1251 2751
f 1250 2751 1251
f 1237 2611 1253
f 654 1253 2611
f 1253 1254 1250
f 2751 1250 1254
f 650 2666 1255
f 1256 1255 2666
f 1254 1255 2751
f 1247 2751 1255
f 1260 2684 1258
f 768 1258 2684
f 1261 1258 2752
f 1257 2752 1258
f 2582 1225 776
f 1263 776 1225
f 2752 1257 1262
f 1263 1262 1257
f 1266 1267 2747
f 1222 2747 1267
f 1262 1267 2752
f 1265 2752 1267
f 1268 1270 1269
f 2753 1269 1270
f 2752 1265 1261
f 1268 1261 1265
f 1213 1272 2747
f 1274 2747 1272
f 1271 2754 1272
f 1275 1272 2754
f 2746 1277 1208
f 1276 1208 1277
f 1276 1278 1271
f 2754 1271 1278
f 1281 1284 1283
f 2755 1283 1284
f 2754 1278 1280
f 1281 1280 1278
f 1286 1287 1285
f 2756 1285 1287
f 1286 1275 1280
f 2754 1280 1275
f 2746 1252 1277
f 1289 1277 1252
f 2757 1290 1288
f 1289 1288 1290
f 1293 1294 2750
f 1246 2750 1294
f 1288 1294 2757
f 1292 2757 1294
f 2758 1298 1299
f 1296 1299 1298
f 2757 1292 1295
f 1296 1295 1292
f 1284 1300 2755
f 1301 2755 1300
f 1295 1300 2757
f 1290 2757 1300
f 1305 2753 1302
f 1270 1302 2753
f 1306 1302 2759
f 1303 2759 1302
f 1308 1266 1274
f 2747 1274 1266
f 2759 1303 1307
f 1308 1307 1303
f 1311 1312 2756
f 1285 2756 1312
f 1310 2759 1312
f 1307 1312 2759
f 2760 1314 1315
f 1313 1315 1314
f 1313 1306 1310
f 2759 1310 1306
f 1317 1283 1301
f 2755 1301 1283
f 2761 1318 1316
f 1317 1316 1318
f 1320 1319 2758
f 1298 2758 1319
f 1316 1319 2761
f 1321 2761 1319
f 1315 1324 2760
f 1325 2760 1324
f 1321 1324 2761
f 1323 2761 1324
f 1326 1311 1287
f 2756 1287 1311
f 2761 1323 1318
f 1326 1318 1323
f 1329 1330 2762
f 1332 2762 1330
f 2763 1331 1328
f 1330 1328 1331
f 2764 1336 1338
f 1337 1338 1336
f 1335 2763 1337
f 1328 1337 2763
f 1341 1343 1339
f 2765 1339 1343
f 2763 1335 1342
f 1341 1342 1335
f 1344 1346 1345
f 2766 1345 1346
f 1342 1344 2763
f 1331 2763 1344
f 1348 1351 1332
f 2762 1332 1351
f 2767 1349 1347
f 1348 1347 1349
f 1354 1355 2766
f 1345 2766 1355
f 1353 2767 1355
f 1347 1355 2767
f 1357 1360 1359
f 2768 1359 1360
f 2767 1353 1356
f 1357 1356 1353
f 2769 1361 1363
f 1362 1363 1361
f 1356 1362 2767
f 1349 2767 1362
f 2770 1367 1369
f 1365 1369 1367
f 1368 1365 2771
f 1364 2771 1365
f 2772 1374 1375
f 1372 1375 1374
f 2771 1364 1371
f 1372 1371 1364
f 1378 1379 2773
f 1380 2773 1379
f 1371 1379 2771
f 1377 2771 1379
f 2774 1382 1383
f 1381 1383 1382
f 2771 1377 1368
f 1381 1368 1377
f 2775 1387 1388
f 1385 1388 1387
f 2776 1390 1384
f 1385 1384 1390
f 1393 1394 2777
f 1395 2777 1394
f 1384 1394 2776
f 1392 2776 1394
f 2773 1380 1398
f 1397 1398 1380
f 2776 1392 1396
f 1397 1396 1392
f 1399 1400 2772
f 1374 2772 1400
f 1396 1400 2776
f 1390 2776 1400
f 2778 1403 1405
f 1404 1405 1403
f 2779 1407 1402
f 1404 1402 1407
f 2780 1411 1412
f 1409 1412 1411
f 1409 1408 1402
f 2779 1402 1408
f 1414 1417 1416
f 2781 1416 1417
f 2779 1408 1413
f 1414 1413 1408
f 1418 1419 2782
f 1420 2782 1419
f 1413 1419 2779
f 1407 2779 1419
f 1423 1424 2770
f 1367 2770 1424
f 1425 1424 2783
f 1422 2783 1424
f 2764 1429 1430
f 1427 1430 1429
f 2783 1422 1426
f 1427 1426 1422
f 1433 1434 2784
f 1435 2784 1434
f 1426 1434 2783
f 1432 2783 1434
f 2772 1375 1437
f 1436 1437 1375
f 2783 1432 1425
f 1436 1425 1432
f 1439 1329 1441
f 2762 1441 1329
f 2785 1442 1438
f 1439 1438 1442
f 1445 1446 2786
f 1447 2786 1446
f 1438 1446 2785
f 1444 2785 1446
f 2784 1435 1450
f 1449 1450 1435
f 2785 1444 1448
f 1449 1448 1444
f 2764 1338 1429
f 1451 1429 1338
f 1448 1451 2785
f 1442 2785 1451
f 1453 1457 1455
f 2787 1455 1457
f 1458 1453 2788
f 1452 2788 1453
f 1462 1460 2789
f 1463 2789 1460
f 2788 1452 1459
f 1460 1459 1452
f 1450 1465 2784
f 1466 2784 1465
f 1464 2788 1465
f 1459 1465 2788
f 2786 1467 1445
f 1468 1445 1467
f 1468 1458 1464
f 2788 1464 1458
f 1388 1470 2775
f 1472 2775 1470
f 1469 2790 1470
f 1473 1470 2790
f 2772 1437 1399
f 1475 1399 1437
f 1474 2790 1475
f 1469 1475 2790
f 2784 1466 1433
f 1476 1433 1466
f 1476 1477 1474
f 2790 1474 1477
f 1478 1462 1479
f 2789 1479 1462
f 1477 1478 2790
f 1473 2790 1478
f 1405 1481 2778
f 1483 2778 1481
f 1484 1481 2791
f 1480 2791 1481
f 2782 1488 1418
f 1486 1418 1488
f 2791 1480 1485
f 1486 1485 1480
f 1491 1492 2792
f 1493 2792 1492
f 1485 1492 2791
f 1490 2791 1492
f 2769 1495 1496
f 1494 1496 1495
f 2791 1490 1484
f 1494 1484 1490
f 1498 1501 1500
f 2793 1500 1501
f 2794 1503 1497
f 1498 1497 1503
f 1506 1507 2795
f 1508 2795 1507
f 1505 2794 1507
f 1497 1507 2794
f 2792 1493 1511
f 1510 1511 1493
f 2794 1505 1509
f 1510 1509 1505
f 1512 1513 2782
f 1488 2782 1513
f 1509 1513 2794
f 1503 2794 1513
f 1457 1514 2787
f 1517 2787 1514
f 1515 2796 1514
f 1516 1514 2796
f 1519 1521 2786
f 1467 2786 1521
f 2796 1515 1522
f 1521 1522 1515
f 1511 1524 2792
f 1525 2792 1524
f 1522 1524 2796
f 1523 2796 1524
f 2795 1527 1506
f 1526 1506 1527
f 2796 1523 1516
f 1526 1516 1523
f 1351 1529 2762
f 1441 2762 1529
f 2797 1530 1528
f 1529 1528 1530
f 2769 1496 1361
f 1532 1361 1496
f 1531 2797 1532
f 1528 1532 2797
f 2792 1525 1491
f 1534 1491 1525
f 2797 1531 1533
f 1534 1533 1531
f 2786 1447 1519
f 1535 1519 1447
f 1533 1535 2797
f 1530 2797 1535
f 1537 1540 1539
f 2798 1539 1540
f 2799 1542 1536
f 1537 1536 1542
f 2800 1545 1547
f 1546 1547 1545
f 1544 2799 1546
f 1536 1546 2799
f 2801 1551 1552
f 1549 1552 1551
f 1549 1548 1544
f 2799 1544 1548
f 2802 1554 1555
f 1553 1555 1554
f 1548 1553 2799
f 1542 2799 1553
f 1560 2803 1556
f 1557 1556 2803
f 2804 1562 1558
f 1556 1558 1562
f 1566 1567 1565
f 2805 1565 1567
f 1558 1566 2804
f 1564 2804 1566
f 2801 1552 1570
f 1569 1570 1552
f 2804 1564 1568
f 1569 1568 1564
f 1571 1572 2800
f 1545 2800 1572
f 1568 1572 2804
f 1562 2804 1572
f 1575 1576 2806
f 1578 2806 1576
f 1579 1576 2807
f 1574 2807 1576
f 2808 1580 1584
f 1582 1584 1580
f 1582 1583 1574
f 2807 1574 1583
f 1587 1588 2809
f 1589 2809 1588
f 1583 1588 2807
f 1586 2807 1588
f 2810 1590 1592
f 1591 1592 1590
f 2807 1586 1579
f 1591 1579 1586
f 2803 1596 1557
f 1594 1557 1596
f 2811 1597 1593
f 1594 1593 1597
f 1592 1599 2810
f 1600 2810 1599
f 1593 1599 2811
f 1598 2811 1599
f 2809 1604 1587
f 1602 1587 1604
f 2811 1598 1601
f 1602 1601 1598
f 1567 1605 2805
f 1606 2805 1605
f 1601 1605 2811
f 1597 2811 1605
f 1609 1610 2787
f 1455 2787 1610
f 1611 1610 2812
f 1608 2812 1610
f 2803 1560 1614
f 1613 1614 1560
f 2812 1608 1612
f 1613 1612 1608
f 1617 1618 2800
f 1571 2800 1618
f 1612 1618 2812
f 1616 2812 1618
f 2789 1463 1620
f 1619 1620 1463
f 2812 1616 1611
f 1619 1611 1616
f 2795 1508 1623
f 1621 1623 1508
f 1621 1622 1625
f 2813 1625 1622
f 1627 1626 2793
f 1500 2793 1626
f 1622 1626 2813
f 1628 2813 1626
f 1578 1631 2806
f 1632 2806 1631
f 2813 1628 1630
f 1631 1630 1628
f 1633 1634 2810
f 1590 2810 1634
f 1625 2813 1634
f 1630 1634 2813
f 2777 1395 1637
f 1636 1637 1395
f 1636 1635 1639
f 2814 1639 1635
f 1641 1640 2775
f 1387 2775 1640
f 1635 1640 2814
f 1642 2814 1640
f 1645 1646 1540
f 2798 1540 1646
f 2814 1642 1644
f 1645 1644 1642
f 2802 1647 1554
f 1648 1554 1647
f 1639 2814 1648
f 1644 1648 2814
f 2810 1600 1633
f 1650 1633 1600
f 2815 1651 1649
f 1650 1649 1651
f 1614 1653 2803
f 1596 2803 1653
f 1649 1653 2815
f 1652 2815 1653
f 2787 1517 1609
f 1655 1609 1517
f 2815 1652 1654
f 1655 1654 1652
f 1623 1656 2795
f 1527 2795 1656
f 1654 1656 2815
f 1651 2815 1656
f 1620 1658 2789
f 1479 2789 1658
f 1659 1658 2816
f 1657 2816 1658
f 2800 1547 1617
f 1661 1617 1547
f 2816 1657 1660
f 1661 1660 1657
f 1646 1663 2798
f 1539 2798 1663
f 1660 1663 2816
f 1662 2816 1663
f 2775 1472 1641
f 1664 1641 1472
f 2816 1662 1659
f 1664 1659 1662
f 2777 1637 1667
f 1665 1667 1637
f 1669 1665 2817
f 1666 2817 1665
f 1671 1647 1673
f 2802 1673 1647
f 2817 1666 1670
f 1671 1670 1666
f 1676 1677 2818
f 1678 2818 1677
f 1675 2817 1677
f 1670 1677 2817
f 2819 1679 1681
f 1680 1681 1679
f 1680 1669 1675
f 2817 1675 1669
f 1681 1682 2819
f 1685 2819 1682
f 1686 1682 2820
f 1683 2820 1682
f 1688 1676 1690
f 2818 1690 1676
f 2820 1683 1687
f 1688 1687 1683
f 1693 1694 2821
f 1695 2821 1694
f 1692 2820 1694
f 1687 1694 2820
f 2822 1697 1698
f 1696 1698 1697
f 2820 1692 1686
f 1696 1686 1692
f 2819 1685 1701
f 1700 1701 1685
f 2823 1703 1699
f 1700 1699 1703
f 1706 1707 2822
f 1697 2822 1707
f 1699 1707 2823
f 1705 2823 1707
f 2824 1711 1712
f 1709 1712 1711
f 2823 1705 1708
f 1709 1708 1705
f 1713 1714 2825
f 1715 2825 1714
f 1708 1714 2823
f 1703 2823 1714
f 2822 1719 1706
f 1717 1706 1719
f 2826 1720 1716
f 1717 1716 1720
f 2827 1724 1725
f 1722 1725 1724
f 1716 1722 2826
f 1721 2826 1722
f 1727 1730 1729
f 2828 1729 1730
f 2826 1721 1726
f 1727 1726 1721
f 1712 1731 2824
f 1732 2824 1731
f 1726 1731 2826
f 1720 2826 1731
f 1734 1739 1736
f 2829 1736 1739
f 2830 1737 1733
f 1734 1733 1737
f 1743 1741 2831
f 1744 2831 1741
f 2830 1733 1740
f 1741 1740 1733
f 1747 1748 2832
f 1749 2832 1748
f 2830 1740 1746
f 1748 1746 1740
f 1750 1751 2833
f 1752 2833 1751
f 2830 1746 1737
f 1751 1737 1746
f 1754 1759 1756
f 2834 1756 1759
f 2835 1757 1753
f 1754 1753 1757
f 1763 1761 2836
f 1764 2836 1761
f 2835 1753 1760
f 1761 1760 1753
f 1767 1768 2837
f 1769 2837 1768
f 1760 1768 2835
f 1766 2835 1768
f 1770 1771 2838
f 1772 2838 1771
f 2835 1766 1757
f 1771 1757 1766
f 2769 1775 1495
f 1776 1495 1775
f 1777 1776 2839
f 1774 2839 1776
f 1764 1779 2836
f 1780 2836 1779
f 2839 1774 1778
f 1779 1778 1774
f 1783 1784 2834
f 1756 2834 1784
f 1778 1784 2839
f 1782 2839 1784
f 1785 1786 1483
f 2778 1483 1786
f 2839 1782 1777
f 1785 1777 1782
f 2780 1790 1791
f 1788 1791 1790
f 2840 1793 1787
f 1788 1787 1793
f 1772 1795 2838
f 1796 2838 1795
f 1787 1795 2840
f 1794 2840 1795
f 1799 1800 2837
f 1767 2837 1800
f 2840 1794 1798
f 1800 1798 1794
f 2768 1801 1803
f 1802 1803 1801
f 1798 1802 2840
f 1793 2840 1802
f 2769 1363 1775
f 1805 1775 1363
f 2841 1806 1804
f 1805 1804 1806
f 2768 1803 1359
f 1808 1359 1803
f 1804 1808 2841
f 1807 2841 1808
f 1769 1810 2837
f 1799 2837 1810
f 2841 1807 1809
f 1810 1809 1807
f 1780 1811 2836
f 1763 2836 1811
f 1809 1811 2841
f 1806 2841 1811
f 2780 1412 1790
f 1812 1790 1412
f 1813 2842 1812
f 1814 1812 2842
f 1816 1403 1786
f 2778 1786 1403
f 1816 1815 1813
f 2842 1813 1815
f 1759 1818 2834
f 1783 2834 1818
f 1815 1818 2842
f 1817 2842 1818
f 1796 1819 2838
f 1770 2838 1819
f 2842 1817 1814
f 1819 1814 1817
f 2764 1430 1823
f 1821 1823 1430
f 1824 1821 2843
f 1820 2843 1821
f 1826 1423 1828
f 2770 1828 1423
f 2843 1820 1825
f 1826 1825 1820
f 1739 1830 2829
f 1831 2829 1830
f 1825 1830 2843
f 1829 2843 1830
f 1833 1832 2833
f 1750 2833 1832
f 2843 1829 1824
f 1832 1824 1829
f 1835 1834 2774
f 1382 2774 1834
f 1838 1834 2844
f 1836 2844 1834
f 1744 1840 2831
f 1841 2831 1840
f 2844 1836 1839
f 1840 1839 1836
f 1831 1843 2829
f 1736 2829 1843
f 1839 1843 2844
f 1842 2844 1843
f 1828 2770 1844
f 1369 1844 2770
f 1844 1838 1842
f 2844 1842 1838
f 1343 1846 2765
f 1848 2765 1846
f 1849 1846 2845
f 1845 2845 1846
f 2764 1823 1336
f 1851 1336 1823
f 2845 1845 1850
f 1851 1850 1845
f 1752 1853 2833
f 1833 2833 1853
f 1850 1853 2845
f 1852 2845 1853
f 1854 1747 1855
f 2832 1855 1747
f 2845 1852 1849
f 1854 1849 1852
f 2774 1859 1835
f 1857 1835 1859
f 2846 1860 1856
f 1857 1856 1860
f 2765 1848 1863
f 1862 1863 1848
f 1856 1862 2846
f 1861 2846 1862
f 1749 1865 2832
f 1855 2832 1865
f 2846 1861 1864
f 1865 1864 1861
f 1841 1866 2831
f 1743 2831 1866
f 1864 1866 2846
f 1860 2846 1866
f 2827 1725 1869
f 1868 1869 1725
f 2847 1871 1867
f 1868 1867 1871
f 1698 1873 2822
f 1719 2822 1873
f 1867 1873 2847
f 1872 2847 1873
f 1875 1693 1877
f 2821 1877 1693
f 2847 1872 1874
f 1875 1874 1872
f 1880 1881 2848
f 1882 2848 1881
f 2847 1874 1879
f 1881 1879 1874
f 2849 1884 1885
f 1883 1885 1884
f 2847 1879 1871
f 1883 1871 1879
f 2850 1886 1890
f 1888 1890 1886
f 1888 1889 1892
f 2851 1892 1889
f 1894 1897 1896
f 2852 1896 1897
f 2851 1889 1893
f 1894 1893 1889
f 1901 1899 2853
f 1902 2853 1899
f 1893 1899 2851
f 1898 2851 1899
f 1905 2848 1904
f 1903 1904 2848
f 1892 2851 1904
f 1898 1904 2851
f 1907 1880 1905
f 2848 1905 1880
f 2854 1908 1906
f 1907 1906 1908
f 1911 1912 2853
f 1901 2853 1912
f 1906 1912 2854
f 1910 2854 1912
f 1914 1917 1916
f 2855 1916 1917
f 2854 1910 1913
f 1914 1913 1910
f 2849 1885 1919
f 1918 1919 1885
f 1913 1918 2854
f 1908 2854 1918
f 1921 1922 1917
f 2855 1917 1922
f 2856 1924 1920
f 1921 1920 1924
f 1902 1926 2853
f 1911 2853 1926
f 1920 1926 2856
f 1925 2856 1926
f 1930 1928 2852
f 1896 2852 1928
f 2856 1925 1927
f 1928 1927 1925
f 1933 2857 1932
f 1931 1932 2857
f 1927 1932 2856
f 1924 2856 1932
f 1936 1937 2659
f 610 2659 1937
f 1938 1937 2858
f 1935 2858 1937
f 2802 1555 1941
f 1940 1941 1555
f 2858 1935 1939
f 1940 1939 1935
f 1944 1945 2801
f 1551 2801 1945
f 1939 1945 2858
f 1943 2858 1945
f 2661 619 1947
f 1946 1947 619
f 2858 1943 1938
f 1946 1938 1943
f 1950 1951 2662
f 626 2662 1951
f 1949 2859 1951
f 1952 1951 2859
f 2805 1606 1955
f 1954 1955 1606
f 2859 1949 1953
f 1954 1953 1949
f 1957 1956 2809
f 1604 2809 1956
f 1953 1956 2859
f 1958 2859 1956
f 1960 1961 636
f 2664 636 1961
f 2859 1958 1952
f 1960 1952 1958
f 1961 1963 2664
f 643 2664 1963
f 1962 2860 1963
f 1964 1963 2860
f 2809 1589 1957
f 1965 1957 1589
f 1965 1966 1962
f 2860 1962 1966
f 1969 1970 2808
f 1580 2808 1970
f 1968 2860 1970
f 1966 1970 2860
f 1971 1972 651
f 2666 651 1972
f 2860 1968 1964
f 1971 1964 1968
f 1975 1976 2667
f 658 2667 1976
f 1977 1976 2861
f 1974 2861 1976
f 1979 1980 1863
f 2765 1863 1980
f 2861 1974 1978
f 1979 1978 1974
f 1982 1981 2774
f 1859 2774 1981
f 1983 2861 1981
f 1978 1981 2861
f 1985 1986 667
f 2669 667 1986
f 2861 1983 1977
f 1985 1977 1983
f 2670 1987 676
f 1989 676 1987
f 1989 1990 1991
f 2862 1991 1990
f 1791 1993 2780
f 1994 2780 1993
f 1990 1993 2862
f 1992 2862 1993
f 1996 1801 1998
f 2768 1998 1801
f 2862 1992 1995
f 1996 1995 1992
f 2000 2672 1999
f 684 1999 2672
f 1995 1999 2862
f 1991 2862 1999
f 1947 2002 2661
f 691 2661 2002
f 2003 2002 2863
f 2001 2863 2002
f 2801 1570 1944
f 2004 1944 1570
f 2863 2001 2005
f 2004 2005 2001
f 1565 2805 2006
f 1955 2006 2805
f 2005 2006 2863
f 2007 2863 2006
f 2008 1950 697
f 2662 697 1950
f 2863 2007 2003
f 2008 2003 2007
f 2011 2012 2674
f 703 2674 2012
f 2013 2012 2864
f 2010 2864 2012
f 2818 1678 2016
f 2014 2016 1678
f 2864 2010 2015
f 2014 2015 2010
f 1941 2018 2802
f 1673 2802 2018
f 2015 2018 2864
f 2017 2864 2018
f 2659 710 1936
f 2019 1936 710
f 2864 2017 2013
f 2019 2013 2017
f 2022 2023 2676
f 716 2676 2023
f 2021 2865 2023
f 2024 2023 2865
f 2821 1695 2027
f 2025 2027 1695
f 2025 2026 2021
f 2865 2021 2026
f 1690 2818 2028
f 2016 2028 2818
f 2026 2028 2865
f 2029 2865 2028
f 2030 2011 724
f 2674 724 2011
f 2865 2029 2024
f 2030 2024 2029
f 2678 2033 730
f 2034 730 2033
f 2035 2034 2866
f 2032 2866 2034
f 2827 2036 2040
f 2038 2040 2036
f 2866 2032 2039
f 2038 2039 2032
f 2043 2044 2867
f 2045 2867 2044
f 2039 2044 2866
f 2042 2866 2044
f 2680 740 2047
f 2046 2047 740
f 2866 2042 2035
f 2046 2035 2042
f 2049 2048 2682
f 749 2682 2048
f 2868 2052 2050
f 2048 2050 2052
f 1730 2054 2828
f 2055 2828 2054
f 2053 2868 2054
f 2050 2054 2868
f 2827 2040 1724
f 2057 1724 2040
f 2057 2056 2053
f 2868 2053 2056
f 2058 2033 758
f 2678 758 2033
f 2056 2058 2868
f 2052 2868 2058
f 2061 2062 2684
f 764 2684 2062
f 2060 2869 2062
f 2063 2062 2869
f 2781 1417 2066
f 2065 2066 1417
f 2065 2064 2060
f 2869 2060 2064
f 2780 1994 1411
f 2068 1411 1994
f 2064 2068 2869
f 2067 2869 2068
f 772 2069 2670
f 1987 2670 2069
f 2869 2067 2063
f 2069 2063 2067
f 2669 1986 780
f 2071 780 1986
f 2870 2072 2070
f 2071 2070 2072
f 1383 2074 2774
f 1982 2774 2074
f 2070 2074 2870
f 2073 2870 2074
f 2773 2078 1378
f 2076 1378 2078
f 2870 2073 2075
f 2076 2075 2073
f 2080 2687 2079
f 786 2079 2687
f 2075 2079 2870
f 2072 2870 2079
f 2082 794 2080
f 2687 2080 794
f 2871 2083 2081
f 2082 2081 2083
f 1398 2085 2773
f 2078 2773 2085
f 2081 2085 2871
f 2084 2871 2085
f 2777 2089 1393
f 2087 1393 2089
f 2871 2084 2086
f 2087 2086 2084
f 2091 2689 2090
f 800 2090 2689
f 2086 2090 2871
f 2083 2871 2090
f 2093 808 2091
f 2689 2091 808
f 2872 2094 2092
f 2093 2092 2094
f 1667 2095 2777
f 2089 2777 2095
f 2096 2872 2095
f 2092 2095 2872
f 2819 2098 1679
f 2097 1679 2098
f 2096 2097 2872
f 2099 2872 2097
f 2101 2102 814
f 2691 814 2102
f 2872 2099 2094
f 2101 2094 2099
f 821 2691 2104
f 2102 2104 2691
f 2105 2104 2873
f 2103 2873 2104
f 2819 1701 2098
f 2107 2098 1701
f 2107 2106 2103
f 2873 2103 2106
f 2109 1713 2111
f 2825 2111 1713
f 2106 2109 2873
f 2108 2873 2109
f 2113 2693 2112
f 828 2112 2693
f 2873 2108 2105
f 2112 2105 2108
f 2115 836 2113
f 2693 2113 836
f 2874 2116 2114
f 2115 2114 2116
f 1715 2118 2825
f 2111 2825 2118
f 2114 2118 2874
f 2117 2874 2118
f 2824 2122 1711
f 2120 1711 2122
f 2874 2117 2119
f 2120 2119 2117
f 2124 2695 2123
f 842 2123 2695
f 2119 2123 2874
f 2116 2874 2123
f 2126 848 2124
f 2695 2124 848
f 2125 2875 2126
f 2127 2126 2875
f 2824 1732 2122
f 2129 2122 1732
f 2129 2128 2125
f 2875 2125 2128
f 2055 2131 2828
f 1729 2828 2131
f 2128 2131 2875
f 2130 2875 2131
f 2132 2049 854
f 2682 854 2049
f 2875 2130 2127
f 2132 2127 2130
f 860 2133 2676
f 2022 2676 2133
f 2876 2135 2134
f 2133 2134 2135
f 2137 871 2139
f 2698 2139 871
f 2876 2134 2136
f 2137 2136 2134
f 1890 2141 2850
f 2142 2850 2141
f 2876 2136 2140
f 2141 2140 2136
f 2848 1882 1903
f 2144 1903 1882
f 2876 2140 2143
f 2144 2143 2140
f 2027 2145 2821
f 1877 2821 2145
f 2876 2143 2135
f 2145 2135 2143
f 2827 1869 2036
f 2146 2036 1869
f 2146 2147 2148
f 2877 2148 2147
f 2151 2152 2849
f 1884 2849 2152
f 2147 2152 2877
f 2150 2877 2152
f 2867 2045 2154
f 2153 2154 2045
f 2153 2148 2150
f 2877 2150 2148
f 2158 2160 2157
f 2878 2157 2160
f 2161 2158 2879
f 2156 2879 2158
f 2163 2166 2165
f 2880 2165 2166
f 2879 2156 2162
f 2163 2162 2156
f 2169 2170 2881
f 2171 2881 2170
f 2162 2170 2879
f 2168 2879 2170
f 2172 2174 2173
f 2882 2173 2174
f 2879 2168 2161
f 2172 2161 2168
f 2177 2178 2883
f 2180 2883 2178
f 2176 2884 2178
f 2179 2178 2884
f 2885 2184 2186
f 2185 2186 2184
f 2185 2183 2176
f 2884 2176 2183
f 2187 2191 2188
f 2886 2188 2191
f 2183 2187 2884
f 2189 2884 2187
f 2192 2194 2193
f 2887 2193 2194
f 2884 2189 2179
f 2192 2179 2189
f 2885 2198 2199
f 2196 2199 2198
f 2196 2195 2201
f 2888 2201 2195
f 2206 2889 2202
f 2203 2202 2889
f 2195 2202 2888
f 2204 2888 2202
f 2208 2211 2210
f 2890 2210 2211
f 2888 2204 2207
f 2208 2207 2204
f 2212 2214 2213
f 2891 2213 2214
f 2201 2888 2212
f 2207 2212 2888
f 2887 2194 2218
f 2215 2218 2194
f 2219 2215 2892
f 2216 2892 2215
f 2221 2188 2223
f 2886 2223 2188
f 2892 2216 2220
f 2221 2220 2216
f 2226 2227 2893
f 2228 2893 2227
f 2225 2892 2227
f 2220 2227 2892
f 2229 2230 2894
f 2231 2894 2230
f 2219 2892 2230
f 2225 2230 2892
f 2235 2894 2232
f 2231 2232 2894
f 2236 2232 2895
f 2233 2895 2232
f 2237 2226 2238
f 2893 2238 2226
f 2233 2237 2895
f 2239 2895 2237
f 2214 2241 2891
f 2243 2891 2241
f 2895 2239 2242
f 2241 2242 2239
f 2210 2890 2244
f 2245 2244 2890
f 2242 2244 2895
f 2236 2895 2244
f 2883 2248 2177
f 2249 2177 2248
f 2896 2250 2247
f 2249 2247 2250
f 2897 2254 2255
f 2252 2255 2254
f 2896 2247 2251
f 2252 2251 2247
f 2258 2889 2256
f 2206 2256 2889
f 2251 2256 2896
f 2257 2896 2256
f 2885 2186 2198
f 2259 2198 2186
f 2257 2259 2896
f 2250 2896 2259
f 2261 2248 2263
f 2883 2263 2248
f 2898 2264 2260
f 2261 2260 2264
f 2849 1919 2267
f 2266 2267 1919
f 2898 2260 2265
f 2266 2265 2260
f 1922 2269 2855
f 1916 2855 2269
f 2265 2269 2898
f 2268 2898 2269
f 2857 2273 1931
f 2271 1931 2273
f 2898 2268 2270
f 2271 2270 2268
f 2275 2897 2274
f 2255 2274 2897
f 2898 2270 2264
f 2274 2264 2270
f 2889 2258 2278
f 2276 2278 2258
f 2276 2277 2280
f 2899 2280 2277
f 2275 2282 2897
f 2254 2897 2282
f 2281 2899 2282
f 2277 2282 2899
f 1933 2284 2857
f 2273 2857 2284
f 2899 2281 2283
f 2284 2283 2281
f 1897 2285 2852
f 1930 2852 2285
f 2899 2283 2286
f 2285 2286 2283
f 2288 2287 2850
f 1886 2850 2287
f 2286 2287 2899
f 2280 2899 2287
f 2211 2290 2890
f 2292 2890 2290
f 2900 2293 2289
f 2290 2289 2293
f 2889 2278 2203
f 2295 2203 2278
f 2295 2294 2289
f 2900 2289 2294
f 2297 2288 2142
f 2850 2142 2288
f 2900 2294 2296
f 2297 2296 2294
f 2698 1029 2139
f 2299 2139 1029
f 2900 2296 2298
f 2299 2298 2296
f 2300 1024 2301
f 2723 2301 1024
f 2900 2298 2293
f 2300 2293 2298
f 1039 2303 2724
f 2304 2724 2303
f 2901 2306 2302
f 2303 2302 2306
f 2047 2308 2680
f 1050 2680 2308
f 2302 2308 2901
f 2307 2901 2308
f 2867 2312 2043
f 2310 2043 2312
f 2901 2307 2309
f 2310 2309 2307
f 2315 2887 2314
f 2218 2314 2887
f 2901 2309 2313
f 2314 2313 2309
f 2316 2229 2317
f 2894 2317 2229
f 2901 2313 2306
f 2316 2306 2313
f 2723 1054 2301
f 2318 2301 1054
f 2318 2319 2320
f 2902 2320 2319
f 2724 2304 1062
f 2322 1062 2304
f 2319 2322 2902
f 2321 2902 2322
f 2324 2317 2235
f 2894 2235 2317
f 2902 2321 2323
f 2324 2323 2321
f 2890 2292 2245
f 2325 2245 2292
f 2902 2323 2320
f 2325 2320 2323
f 2154 2327 2867
f 2312 2867 2327
f 2328 2327 2903
f 2326 2903 2327
f 2849 2267 2151
f 2329 2151 2267
f 2903 2326 2330
f 2329 2330 2326
f 2883 2180 2263
f 2332 2263 2180
f 2903 2330 2331
f 2332 2331 2330
f 2333 2193 2315
f 2887 2315 2193
f 2903 2331 2328
f 2333 2328 2331
f 2191 2335 2886
f 2337 2886 2335
f 2334 2904 2335
f 2336 2335 2904
f 2885 2339 2184
f 2341 2184 2339
f 2904 2334 2342
f 2341 2342 2334
f 2160 2344 2878
f 2345 2878 2344
f 2342 2344 2904
f 2343 2904 2344
f 2346 2347 2882
f 2173 2882 2347
f 2336 2904 2347
f 2343 2347 2904
f 2893 2228 2350
f 2349 2350 2228
f 2349 2348 2352
f 2905 2352 2348
f 2223 2886 2353
f 2337 2353 2886
f 2353 2354 2348
f 2905 2348 2354
f 2174 2356 2882
f 2346 2882 2356
f 2354 2356 2905
f 2355 2905 2356
f 2357 2358 2881
f 2169 2881 2358
f 2352 2905 2358
f 2355 2358 2905
f 2891 2243 2362
f 2360 2362 2243
f 2359 2906 2360
f 2361 2360 2906
f 2893 2350 2238
f 2364 2238 2350
f 2364 2365 2359
f 2906 2359 2365
f 2171 2367 2881
f 2357 2881 2367
f 2365 2367 2906
f 2366 2906 2367
f 2368 2369 2880
f 2165 2880 2369
f 2361 2906 2369
f 2366 2369 2906
f 2885 2199 2339
f 2371 2339 2199
f 2907 2372 2370
f 2371 2370 2372
f 2362 2373 2891
f 2213 2891 2373
f 2370 2373 2907
f 2374 2907 2373
f 2166 2376 2880
f 2368 2880 2376
f 2374 2376 2907
f 2375 2907 2376
f 2345 2377 2878
f 2157 2878 2377
f 2375 2377 2907
f 2372 2907 2377
f 2766 2378 1354
f 2380 1354 2378
f 2380 2381 2382
f 2908 2382 2381
f 2387 2909 2383
f 2384 2383 2909
f 2381 2383 2908
f 2385 2908 2383
f 2392 2910 2388
f 2389 2388 2910
f 2385 2388 2908
f 2390 2908 2388
f 2393 2394 1360
f 2768 1360 2394
f 2908 2390 2382
f 2393 2382 2390
f 2394 2396 2768
f 1998 2768 2396
f 2397 2396 2911
f 2395 2911 2396
f 2910 2401 2389
f 2399 2389 2401
f 2911 2395 2398
f 2399 2398 2395
f 1143 2403 2736
f 2404 2736 2403
f 2398 2403 2911
f 2402 2911 2403
f 2405 1138 2000
f 2672 2000 1138
f 2911 2402 2397
f 2405 2397 2402
f 2667 1148 1975
f 2407 1975 1148
f 2912 2408 2406
f 2407 2406 2408
f 2411 2412 2739
f 1160 2739 2412
f 2406 2412 2912
f 2410 2912 2412
f 2913 2413 2417
f 2415 2417 2413
f 2912 2410 2416
f 2415 2416 2410
f 2419 2765 2418
f 1980 2418 2765
f 2416 2418 2912
f 2408 2912 2418
f 2765 2419 1339
f 2421 1339 2419
f 2422 2421 2914
f 2420 2914 2421
f 2426 2424 2913
f 2413 2913 2424
f 2914 2420 2423
f 2424 2423 2420
f 2387 2428 2909
f 2429 2909 2428
f 2427 2914 2428
f 2423 2428 2914
f 1346 2430 2766
f 2378 2766 2430
f 2430 2422 2427
f 2914 2427 2422
f 2432 1176 2404
f 2736 2404 1176
f 2915 2433 2431
f 2432 2431 2433
f 2392 2435 2910
f 2401 2910 2435
f 2431 2435 2915
f 2434 2915 2435
f 2909 2439 2384
f 2437 2384 2439
f 2915 2434 2436
f 2437 2436 2434
f 2742 1183 2441
f 2440 2441 1183
f 2436 2440 2915
f 2433 2915 2440
f 2742 2441 1189
f 2443 1189 2441
f 2444 2443 2916
f 2442 2916 2443
f 2909 2429 2439
f 2446 2439 2429
f 2916 2442 2445
f 2446 2445 2442
f 2426 2913 2448
f 2417 2448 2913
f 2445 2448 2916
f 2447 2916 2448
f 2449 2411 1195
f 2739 1195 2411
f 2916 2447 2444
f 2449 2444 2447
f 2451 2454 2453
f 2917 2453 2454
f 2451 2450 2456
f 2918 2456 2450
f 2461 2919 2459
f 2457 2459 2919
f 2450 2459 2918
f 2460 2918 2459
f 2462 2463 2920
f 2464 2920 2463
f 2460 2463 2918
f 2456 2918 2463
f 2468 2466 2917
f 2453 2917 2466
f 2921 2469 2465
f 2466 2465 2469
f 1501 2471 2793
f 2472 2793 2471
f 2921 2465 2470
f 2471 2470 2465
f 2782 1420 1512
f 2474 1512 1420
f 2921 2470 2473
f 2474 2473 2470
f 2477 2478 2781
f 1416 2781 2478
f 2473 2478 2921
f 2476 2921 2478
f 2919 2461 2480
f 2479 2480 2461
f 2921 2476 2469
f 2479 2469 2476
f 2454 2482 2917
f 2468 2917 2482
f 2922 2483 2481
f 2482 2481 2483
f 2920 2487 2462
f 2485 2462 2487
f 2922 2481 2484
f 2485 2484 2481
f 2808 1584 2490
f 2489 2490 1584
f 2922 2484 2488
f 2489 2488 2484
f 1632 2492 2806
f 1575 2806 2492
f 2922 2488 2491
f 2492 2491 2488
f 2793 2472 1627
f 2493 1627 2472
f 2922 2491 2483
f 2493 2483 2491
f 2495 2496 1249
f 2750 1249 2496
f 2923 2498 2494
f 2495 2494 2498
f 1972 2500 2666
f 1256 2666 2500
f 2499 2923 2500
f 2494 2500 2923
f 2490 2501 2808
f 1969 2808 2501
f 2501 2502 2499
f 2923 2499 2502
f 2503 2504 2920
f 2487 2920 2504
f 2502 2504 2923
f 2498 2923 2504
f 1260 2506 2684
f 2061 2684 2506
f 2507 2506 2924
f 2505 2924 2506
f 2509 1269 2511
f 2753 2511 1269
f 2924 2505 2508
f 2509 2508 2505
f 2480 2513 2919
f 2514 2919 2513
f 2508 2513 2924
f 2512 2924 2513
f 2781 2066 2477
f 2515 2477 2066
f 2924 2512 2507
f 2515 2507 2512
f 2457 2919 2519
f 2518 2519 2919
f 2520 2519 2925
f 2517 2925 2519
f 2522 2525 2524
f 2926 2524 2525
f 2522 2521 2517
f 2925 2517 2521
f 2527 2530 2529
f 2927 2529 2530
f 2925 2521 2526
f 2527 2526 2521
f 2920 2464 2532
f 2531 2532 2464
f 2531 2520 2526
f 2925 2526 2520
f 2920 2532 2503
f 2533 2503 2532
f 2928 2535 2534
f 2533 2534 2535
f 2538 2539 2927
f 2529 2927 2539
f 2534 2539 2928
f 2537 2928 2539
f 2758 1299 2542
f 2541 2542 1299
f 2928 2537 2540
f 2541 2540 2537
f 2496 2543 2750
f 1293 2750 2543
f 2540 2543 2928
f 2535 2928 2543
f 1305 2545 2753
f 2511 2753 2545
f 2544 2929 2545
f 2546 2545 2929
f 2760 2550 1314
f 2548 1314 2550
f 2548 2547 2544
f 2929 2544 2547
f 2553 2926 2551
f 2525 2551 2926
f 2547 2551 2929
f 2552 2929 2551
f 2554 2518 2514
f 2919 2514 2518
f 2929 2552 2546
f 2554 2546 2552
f 2556 2538 2530
f 2927 2530 2538
f 2930 2557 2555
f 2556 2555 2557
f 2559 2524 2553
f 2926 2553 2524
f 2930 2555 2558
f 2559 2558 2555
f 1325 2561 2760
f 2550 2760 2561
f 2558 2561 2930
f 2560 2930 2561
f 2542 2562 2758
f 1320 2758 2562
f 2560 2562 2930
f 2557 2930 2562

