# https://github.com/mikedh/trimesh
v -7.99062711 -2.31384746 -1.42399003
v -7.60967473 -2.69479984 -1.42399003
v -7.60967473 -2.31384746 -1.80494241
v -7.99062711 -2.31384746 -0.66208527
v -7.60967473 -2.69479984 -0.66208527
v -7.60967473 -2.31384746 -0.28113288
v -7.99062711 -1.55194270 -2.18589479
v -7.60967473 -1.93289508 -2.18589479
v -7.60967473 -1.55194270 -2.56684717
v -7.99062711 -1.55194270 -1.42399003
v -7.99062711 -1.55194270 -0.66208527
v -7.60967473 -1.93289508 0.09981950
v -7.99062711 -1.55194270 0.09981950
v -7.60967473 -1.55194270 0.48077188
v -7.99062711 -0.79003793 -2.18589479
v -7.60967473 -0.79003793 -2.56684717
v -7.99062711 -0.79003793 -1.42399003
v -7.99062711 -0.79003793 -0.66208527
v -7.99062711 -0.79003793 0.09981950
v -7.60967473 -1.17099031 0.86172426
v -7.99062711 -0.79003793 0.86172426
v -7.60967473 -0.79003793 1.24267664
v -7.99062711 -0.02813317 -2.18589479
v -7.60967473 -0.02813317 -2.56684717
v -7.99062711 -0.02813317 -1.42399003
v -7.99062711 -0.02813317 -0.66208527
v -7.99062711 -0.02813317 0.09981950
v -7.99062711 -0.02813317 0.86172426
v -7.60967473 -0.02813317 1.24267664
v -7.99062711 0.73377159 -2.18589479
v -7.60967473 0.73377159 -2.56684717
v -7.99062711 0.73377159 -1.42399003
v -7.99062711 0.73377159 -0.66208527
v -7.99062711 0.73377159 0.09981950
v -7.99062711 0.73377159 0.86172426
v -7.60967473 0.73377159 1.24267664
v -7.99062711 1.49567635 -2.18589479
v -7.60967473 1.49567635 -2.56684717
v -7.99062711 1.49567635 -1.42399003
v -7.99062711 1.49567635 -0.66208527
v -7.99062711 1.49567635 0.09981950
v -7.60967473 1.49567635 0.48077188
v -7.60967473 1.11472397 0.86172426
v -7.99062711 2.25758111 -2.18589479
v -7.60967473 2.25758111 -2.56684717
v -7.99062711 2.25758111 -1.42399003
v -7.99062711 2.25758111 -0.66208527
v -7.60967473 2.25758111 -0.28113288
v -7.60967473 1.87662873 0.09981950
v -7.60967473 2.63853349 -2.18589479
v -7.60967473 2.63853349 -1.42399003
v -7.60967473 2.63853349 -0.66208527
v -7.22872235 -3.83765698 -2.18589479
v -6.84776997 -4.21860936 -2.18589479
v -6.84776997 -3.83765698 -2.56684717
v -7.22872235 -3.83765698 -1.42399003
v -6.84776997 -4.21860936 -1.42399003
v -7.22872235 -3.83765698 -0.66208527
v -6.84776997 -4.21860936 -0.66208527
v -7.22872235 -3.83765698 0.09981950
v -6.84776997 -4.21860936 0.09981950
v -6.84776997 -3.83765698 0.48077188
v -7.22872235 -3.07575222 -2.94779955
v -6.84776997 -3.45670460 -2.94779955
v -6.84776997 -3.07575222 -3.32875193
v -7.22872235 -3.07575222 -2.18589479
v -7.22872235 -3.07575222 -1.42399003
v -7.22872235 -3.07575222 -0.66208527
v -7.22872235 -3.07575222 0.09981950
v -6.84776997 -3.45670460 0.86172426
v -7.22872235 -3.07575222 0.86172426
v -7.22872235 -3.07575222 1.62362902
v -6.84776997 -3.45670460 1.62362902
v -6.84776997 -3.07575222 2.00458140
v -7.22872235 -2.31384746 -2.94779955
v -6.84776997 -2.31384746 -3.32875193
v -7.22872235 -2.31384746 -2.18589479
v -7.22872235 -2.31384746 0.09981950
v -7.22872235 -2.31384746 0.86172426
v -7.22872235 -2.31384746 1.62362902
v -6.84776997 -2.69479984 2.38553378
v -7.22872235 -2.31384746 2.38553378
v -6.84776997 -2.31384746 2.76648616
v -7.22872235 -1.55194270 -2.94779955
v -6.84776997 -1.55194270 -3.32875193
v -7.22872235 -1.55194270 0.86172426
v -7.22872235 -1.55194270 1.62362902
v -7.22872235 -1.55194270 2.38553378
v -6.84776997 -1.55194270 2.76648616
v -7.22872235 -0.79003793 -2.94779955
v -6.84776997 -0.79003793 -3.32875193
v -7.22872235 -0.79003793 1.62362902
v -7.22872235 -0.79003793 2.38553378
v -6.84776997 -1.17099031 3.14743854
v -7.22872235 -0.79003793 3.14743854
v -6.84776997 -0.79003793 3.52839092
v -7.22872235 -0.02813317 -2.94779955
v -6.84776997 -0.02813317 -3.32875193
v -7.22872235 -0.02813317 1.62362902
v -7.22872235 -0.02813317 2.38553378
v -7.22872235 -0.02813317 3.14743854
v -6.84776997 -0.02813317 3.52839092
v -7.22872235 0.73377159 -2.94779955
v -6.84776997 0.73377159 -3.32875193
v -7.22872235 0.73377159 1.62362902
v -7.22872235 0.73377159 2.38553378
v -7.22872235 0.73377159 3.14743854
v -6.84776997 0.73377159 3.52839092
v -7.22872235 1.49567635 -2.94779955
v -6.84776997 1.49567635 -3.32875193
v -7.22872235 1.49567635 0.86172426
v -7.22872235 1.49567635 1.62362902
v -7.22872235 1.49567635 2.38553378
v -6.84776997 1.49567635 2.76648616
v -6.84776997 1.11472397 3.14743854
v -7.22872235 2.25758111 -2.94779955
v -6.84776997 2.25758111 -3.32875193
v -7.22872235 2.25758111 0.09981950
v -7.22872235 2.25758111 0.86172426
v -7.22872235 2.25758111 1.62362902
v -7.22872235 2.25758111 2.38553378
v -6.84776997 2.25758111 2.76648616
v -7.22872235 3.01948588 -2.94779955
v -6.84776997 3.01948588 -3.32875193
v -7.22872235 3.01948588 -2.18589479
v -7.22872235 3.01948588 -1.42399003
v -7.22872235 3.01948588 -0.66208527
v -7.22872235 3.01948588 0.09981950
v -7.22872235 3.01948588 0.86172426
v -7.22872235 3.01948588 1.62362902
v -6.84776997 3.01948588 2.00458140
v -6.84776997 2.63853349 2.38553378
v -6.84776997 3.40043826 -2.94779955
v -6.84776997 3.78139064 -2.56684717
v -7.22872235 3.78139064 -2.18589479
v -7.22872235 3.78139064 -1.42399003
v -7.22872235 3.78139064 -0.66208527
v -7.22872235 3.78139064 0.09981950
v -7.22872235 3.78139064 0.86172426
v -6.84776997 3.78139064 1.24267664
v -6.84776997 3.40043826 1.62362902
v -6.84776997 4.16234302 -2.18589479
v -6.84776997 4.16234302 -1.42399003
v -6.84776997 4.16234302 -0.66208527
v -6.84776997 4.16234302 0.09981950
v -6.84776997 4.16234302 0.86172426
v -6.46681759 -4.59956174 -2.18589479
v -6.08586521 -4.98051412 -2.18589479
v -6.08586521 -4.59956174 -2.56684717
v -6.46681759 -4.59956174 -1.42399003
v -6.08586521 -4.98051412 -1.42399003
v -6.46681759 -4.59956174 -0.66208527
v -6.08586521 -4.98051412 -0.66208527
v -6.46681759 -4.59956174 0.09981950
v -6.08586521 -4.98051412 0.09981950
v -6.46681759 -4.59956174 0.86172426
v -6.08586521 -4.98051412 0.86172426
v -6.08586521 -4.59956174 1.24267664
v -6.46681759 -3.83765698 -2.94779955
v -6.08586521 -4.21860936 -2.94779955
v -6.08586521 -3.83765698 -3.32875193
v -6.46681759 -3.83765698 0.86172426
v -6.08586521 -4.21860936 1.62362902
v -6.46681759 -3.83765698 1.62362902
v -6.08586521 -3.83765698 2.00458140
v -6.46681759 -3.07575222 -3.70970431
v -6.08586521 -3.45670460 -3.70970431
v -6.08586521 -3.07575222 -4.09065669
v -6.46681759 -3.07575222 2.38553378
v -6.08586521 -3.45670460 2.38553378
v -6.46681759 -3.07575222 3.14743854
v -6.08586521 -3.45670460 3.14743854
v -6.08586521 -3.07575222 3.52839092
v -6.46681759 -2.31384746 -3.70970431
v -6.08586521 -2.31384746 -4.09065669
v -6.46681759 -2.31384746 -1.42399003
v -6.08586521 -2.31384746 -1.80494241
v -6.08586521 -2.69479984 -1.42399003
v -6.08586521 -2.69479984 -0.66208527
v -6.46681759 -2.31384746 -0.66208527
v -6.08586521 -2.69479984 0.09981950
v -6.46681759 -2.31384746 0.09981950
v -6.08586521 -2.31384746 0.48077188
v -6.46681759 -2.31384746 3.14743854
v -6.08586521 -2.31384746 3.52839092
v -6.46681759 -1.55194270 -3.70970431
v -6.08586521 -1.55194270 -4.09065669
v -6.46681759 -1.55194270 -1.42399003
v -6.08586521 -1.55194270 -1.80494241
v -6.46681759 -1.55194270 -0.66208527
v -6.46681759 -1.55194270 0.09981950
v -6.08586521 -1.93289508 0.86172426
v -6.46681759 -1.55194270 0.86172426
v -6.08586521 -1.55194270 1.24267664
v -6.46681759 -1.55194270 3.14743854
v -6.08586521 -1.93289508 3.90934331
v -6.46681759 -1.55194270 3.90934331
v -6.08586521 -1.55194270 4.29029569
v -6.46681759 -0.79003793 -3.70970431
v -6.08586521 -0.79003793 -4.09065669
v -6.46681759 -0.79003793 -2.18589479
v -6.08586521 -0.79003793 -2.56684717
v -6.08586521 -1.17099031 -2.18589479
v -6.46681759 -0.79003793 -1.42399003
v -6.46681759 -0.79003793 -0.66208527
v -6.46681759 -0.79003793 0.09981950
v -6.46681759 -0.79003793 0.86172426
v -6.08586521 -0.79003793 1.24267664
v -6.46681759 -0.79003793 3.90934331
v -6.08586521 -0.79003793 4.29029569
v -6.46681759 -0.02813317 -3.70970431
v -6.08586521 -0.02813317 -4.09065669
v -6.46681759 -0.02813317 -2.18589479
v -6.08586521 -0.02813317 -2.56684717
v -6.46681759 -0.02813317 -1.42399003
v -6.46681759 -0.02813317 -0.66208527
v -6.46681759 -0.02813317 0.09981950
v -6.46681759 -0.02813317 0.86172426
v -6.08586521 -0.40908555 1.62362902
v -6.46681759 -0.02813317 1.62362902
v -6.08586521 -0.02813317 2.00458140
v -6.46681759 -0.02813317 3.90934331
v -6.08586521 -0.02813317 4.29029569
v -6.46681759 0.73377159 -3.70970431
v -6.08586521 0.73377159 -4.09065669
v -6.46681759 0.73377159 -2.18589479
v -6.08586521 0.73377159 -2.56684717
v -6.46681759 0.73377159 -1.42399003
v -6.46681759 0.73377159 -0.66208527
v -6.46681759 0.73377159 0.09981950
v -6.46681759 0.73377159 0.86172426
v -6.08586521 0.73377159 1.24267664
v -6.08586521 0.35281921 1.62362902
v -6.46681759 0.73377159 3.90934331
v -6.08586521 0.73377159 4.29029569
v -6.46681759 1.49567635 -3.70970431
v -6.08586521 1.49567635 -4.09065669
v -6.08586521 1.11472397 -2.18589479
v -6.46681759 1.49567635 -1.42399003
v -6.08586521 1.49567635 -1.80494241
v -6.46681759 1.49567635 -0.66208527
v -6.46681759 1.49567635 0.09981950
v -6.46681759 1.49567635 0.86172426
v -6.08586521 1.49567635 1.24267664
v -6.46681759 1.49567635 3.14743854
v -6.46681759 1.49567635 3.90934331
v -6.08586521 1.49567635 4.29029569
v -6.46681759 2.25758111 -3.70970431
v -6.08586521 2.25758111 -4.09065669
v -6.46681759 2.25758111 -1.42399003
v -6.08586521 2.25758111 -1.80494241
v -6.46681759 2.25758111 -0.66208527
v -6.46681759 2.25758111 0.09981950
v -6.08586521 2.25758111 0.48077188
v -6.08586521 1.87662873 0.86172426
v -6.46681759 2.25758111 3.14743854
v -6.46681759 2.25758111 3.90934331
v -6.08586521 2.25758111 4.29029569
v -6.46681759 3.01948588 -3.70970431
v -6.08586521 3.01948588 -4.09065669
v -6.08586521 2.63853349 -1.42399003
v -6.08586521 2.63853349 -0.66208527
v -6.08586521 2.63853349 0.09981950
v -6.46681759 3.01948588 2.38553378
v -6.46681759 3.01948588 3.14743854
v -6.08586521 3.01948588 3.52839092
v -6.08586521 2.63853349 3.90934331
v -6.08586521 3.40043826 -3.70970431
v -6.46681759 3.78139064 -2.94779955
v -6.08586521 3.78139064 -3.32875193
v -6.46681759 3.78139064 1.62362902
v -6.46681759 3.78139064 2.38553378
v -6.08586521 3.78139064 2.76648616
v -6.08586521 3.40043826 3.14743854
v -6.46681759 4.54329540 -2.94779955
v -6.08586521 4.54329540 -3.32875193
v -6.46681759 4.54329540 -2.18589479
v -6.46681759 4.54329540 -1.42399003
v -6.46681759 4.54329540 -0.66208527
v -6.46681759 4.54329540 0.09981950
v -6.46681759 4.54329540 0.86172426
v -6.08586521 4.54329540 1.24267664
v -6.08586521 4.16234302 1.62362902
v -6.08586521 4.16234302 2.38553378
v -6.08586521 4.92424778 -2.94779955
v -6.08586521 5.30520016 -2.56684717
v -6.46681759 5.30520016 -2.18589479
v -6.08586521 5.30520016 -1.80494241
v -6.08586521 4.92424778 -1.42399003
v -6.08586521 4.92424778 -0.66208527
v -6.08586521 4.92424778 0.09981950
v -6.08586521 4.92424778 0.86172426
v -6.08586521 5.68615254 -2.18589479
v -5.70491283 -5.36146651 -2.94779955
v -5.32396045 -5.74241889 -2.94779955
v -5.32396045 -5.36146651 -3.32875193
v -5.70491283 -5.36146651 -2.18589479
v -5.32396045 -5.74241889 -2.18589479
v -5.70491283 -5.36146651 -1.42399003
v -5.32396045 -5.74241889 -1.42399003
v -5.70491283 -5.36146651 -0.66208527
v -5.32396045 -5.74241889 -0.66208527
v -5.70491283 -5.36146651 0.09981950
v -5.32396045 -5.74241889 0.09981950
v -5.70491283 -5.36146651 0.86172426
v -5.32396045 -5.74241889 0.86172426
v -5.70491283 -5.36146651 1.62362902
v -5.32396045 -5.74241889 1.62362902
v -5.32396045 -5.36146651 2.00458140
v -5.70491283 -4.59956174 -2.94779955
v -5.32396045 -4.59956174 -3.32875193
v -5.70491283 -4.59956174 1.62362902
v -5.32396045 -4.98051412 2.38553378
v -5.70491283 -4.59956174 2.38553378
v -5.32396045 -4.59956174 2.76648616
v -5.70491283 -3.83765698 -3.70970431
v -5.32396045 -4.21860936 -3.70970431
v -5.32396045 -3.83765698 -4.09065669
v -5.70491283 -3.83765698 -1.42399003
v -5.32396045 -3.83765698 -1.80494241
v -5.32396045 -4.21860936 -1.42399003
v -5.32396045 -3.83765698 -1.04303765
v -5.70491283 -3.83765698 2.38553378
v -5.32396045 -4.21860936 3.14743854
v -5.70491283 -3.83765698 3.14743854
v -5.70491283 -3.83765698 3.90934331
v -5.32396045 -4.21860936 3.90934331
v -5.32396045 -3.83765698 4.29029569
v -5.70491283 -3.07575222 -4.47160908
v -5.32396045 -3.45670460 -4.47160908
v -5.32396045 -3.07575222 -4.85256146
v -5.70491283 -3.07575222 -1.42399003
v -5.32396045 -3.07575222 -1.80494241
v -5.32396045 -3.45670460 -0.66208527
v -5.70491283 -3.07575222 -0.66208527
v -5.32396045 -3.45670460 0.09981950
v -5.70491283 -3.07575222 0.09981950
v -5.32396045 -3.07575222 0.48077188
v -5.70491283 -3.07575222 3.90934331
v -5.32396045 -3.45670460 4.67124807
v -5.70491283 -3.07575222 4.67124807
v -5.32396045 -3.07575222 5.05220045
v -5.70491283 -2.31384746 -4.47160908
v -5.32396045 -2.31384746 -4.85256146
v -5.70491283 -2.31384746 -2.18589479
v -5.32396045 -2.31384746 -2.56684717
v -5.32396045 -2.69479984 -2.18589479
v -5.32396045 -2.69479984 0.86172426
v -5.70491283 -2.31384746 0.86172426
v -5.32396045 -2.69479984 1.62362902
v -5.70491283 -2.31384746 1.62362902
v -5.32396045 -2.31384746 2.00458140
v -5.70491283 -2.31384746 3.90934331
v -5.70491283 -2.31384746 4.67124807
v -5.32396045 -2.31384746 5.05220045
v -5.70491283 -1.55194270 -4.47160908
v -5.32396045 -1.55194270 -4.85256146
v -5.70491283 -1.55194270 -2.18589479
v -5.32396045 -1.55194270 -2.56684717
v -5.70491283 -1.55194270 1.62362902
v -5.32396045 -1.93289508 2.38553378
v -5.70491283 -1.55194270 2.38553378
v -5.32396045 -1.55194270 2.76648616
v -5.70491283 -1.55194270 4.67124807
v -5.32396045 -1.55194270 5.05220045
v -5.70491283 -0.79003793 -4.47160908
v -5.32396045 -0.79003793 -4.85256146
v -5.70491283 -0.79003793 -2.94779955
v -5.32396045 -0.79003793 -3.32875193
v -5.32396045 -1.17099031 -2.94779955
v -5.70491283 -0.79003793 1.62362902
v -5.70491283 -0.79003793 2.38553378
v -5.32396045 -0.79003793 2.76648616
v -5.70491283 -0.79003793 4.67124807
v -5.32396045 -0.79003793 5.05220045
v -5.70491283 -0.02813317 -4.47160908
v -5.32396045 -0.02813317 -4.85256146
v -5.70491283 -0.02813317 -2.94779955
v -5.32396045 -0.02813317 -3.32875193
v -5.70491283 -0.02813317 2.38553378
v -5.32396045 -0.02813317 2.76648616
v -5.70491283 -0.02813317 4.67124807
v -5.32396045 -0.02813317 5.05220045
v -5.70491283 0.73377159 -4.47160908
v -5.32396045 0.73377159 -4.85256146
v -5.70491283 0.73377159 -2.94779955
v -5.32396045 0.73377159 -3.32875193
v -5.70491283 0.73377159 1.62362902
v -5.70491283 0.73377159 2.38553378
v -5.32396045 0.73377159 2.76648616
v -5.70491283 0.73377159 4.67124807
v -5.32396045 0.73377159 5.05220045
v -5.70491283 1.49567635 -4.47160908
v -5.32396045 1.49567635 -4.85256146
v -5.32396045 1.11472397 -2.94779955
v -5.70491283 1.49567635 -2.18589479
v -5.32396045 1.49567635 -2.56684717
v -5.70491283 1.49567635 1.62362902
v -5.70491283 1.49567635 2.38553378
v -5.32396045 1.49567635 2.76648616
v -5.70491283 1.49567635 4.67124807
v -5.32396045 1.49567635 5.05220045
v -5.70491283 2.25758111 -4.47160908
v -5.32396045 2.25758111 -4.85256146
v -5.70491283 2.25758111 -2.18589479
v -5.32396045 2.25758111 -2.56684717
v -5.70491283 2.25758111 0.86172426
v -5.70491283 2.25758111 1.62362902
v -5.32396045 2.25758111 2.00458140
v -5.32396045 1.87662873 2.38553378
v -5.70491283 2.25758111 4.67124807
v -5.32396045 2.25758111 5.05220045
v -5.70491283 3.01948588 -4.47160908
v -5.32396045 3.01948588 -4.85256146
v -5.70491283 3.01948588 -2.18589479
v -5.32396045 3.01948588 -2.56684717
v -5.70491283 3.01948588 -1.42399003
v -5.70491283 3.01948588 -0.66208527
v -5.70491283 3.01948588 0.09981950
v -5.32396045 3.01948588 0.48077188
v -5.32396045 2.63853349 0.86172426
v -5.32396045 2.63853349 1.62362902
v -5.70491283 3.01948588 3.90934331
v -5.70491283 3.01948588 4.67124807
v -5.32396045 3.01948588 5.05220045
v -5.32396045 3.40043826 -4.47160908
v -5.70491283 3.78139064 -3.70970431
v -5.32396045 3.78139064 -4.09065669
v -5.32396045 3.40043826 -2.18589479
v -5.70491283 3.78139064 -1.42399003
v -5.32396045 3.78139064 -1.80494241
v -5.70491283 3.78139064 -0.66208527
v -5.32396045 3.78139064 -0.28113288
v -5.32396045 3.40043826 0.09981950
v -5.70491283 3.78139064 3.14743854
v -5.70491283 3.78139064 3.90934331
v -5.32396045 3.78139064 4.29029569
v -5.32396045 3.40043826 4.67124807
v -5.70491283 4.54329540 -3.70970431
v -5.32396045 4.54329540 -4.09065669
v -5.32396045 4.16234302 -1.42399003
v -5.32396045 4.16234302 -0.66208527
v -5.70491283 4.54329540 1.62362902
v -5.70491283 4.54329540 2.38553378
v -5.32396045 4.54329540 2.76648616
v -5.32396045 4.16234302 3.14743854
v -5.32396045 4.16234302 3.90934331
v -5.32396045 4.92424778 -3.70970431
v -5.70491283 5.30520016 -2.94779955
v -5.32396045 5.30520016 -3.32875193
v -5.70491283 5.30520016 -1.42399003
v -5.70491283 5.30520016 -0.66208527
v -5.70491283 5.30520016 0.09981950
v -5.70491283 5.30520016 0.86172426
v -5.70491283 5.30520016 1.62362902
v -5.32396045 5.30520016 2.00458140
v -5.32396045 4.92424778 2.38553378
v -5.32396045 5.68615254 -2.94779955
v -5.70491283 6.06710492 -2.18589479
v -5.32396045 6.06710492 -2.56684717
v -5.70491283 6.06710492 -1.42399003
v -5.70491283 6.06710492 -0.66208527
v -5.70491283 6.06710492 0.09981950
v -5.32396045 6.06710492 0.48077188
v -5.32396045 5.68615254 0.86172426
v -5.32396045 5.68615254 1.62362902
v -5.32396045 6.44805730 -2.18589479
v -5.32396045 6.44805730 -1.42399003
v -5.32396045 6.44805730 -0.66208527
v -5.32396045 6.44805730 0.09981950
v -4.94300807 -6.12337127 -2.18589479
v -4.56205569 -6.50432365 -2.18589479
v -4.56205569 -6.12337127 -2.56684717
v -4.94300807 -6.12337127 -1.42399003
v -4.56205569 -6.50432365 -1.42399003
v -4.94300807 -6.12337127 -0.66208527
v -4.56205569 -6.50432365 -0.66208527
v -4.94300807 -6.12337127 0.09981950
v -4.56205569 -6.50432365 0.09981950
v -4.94300807 -6.12337127 0.86172426
v -4.56205569 -6.50432365 0.86172426
v -4.56205569 -6.12337127 1.24267664
v -4.56205569 -5.74241889 -2.94779955
v -4.56205569 -5.36146651 -3.32875193
v -4.56205569 -5.74241889 1.62362902
v -4.94300807 -5.36146651 2.38553378
v -4.56205569 -5.74241889 2.38553378
v -4.56205569 -5.36146651 2.76648616
v -4.94300807 -4.59956174 -3.70970431
v -4.56205569 -4.98051412 -3.70970431
v -4.56205569 -4.59956174 -4.09065669
v -4.94300807 -4.59956174 -1.42399003
v -4.56205569 -4.59956174 -1.80494241
v -4.56205569 -4.98051412 -1.42399003
v -4.56205569 -4.98051412 -0.66208527
v -4.94300807 -4.59956174 -0.66208527
v -4.56205569 -4.59956174 -0.28113288
v -4.94300807 -4.59956174 3.14743854
v -4.56205569 -4.98051412 3.14743854
v -4.94300807 -4.59956174 3.90934331
v -4.56205569 -4.98051412 3.90934331
v -4.56205569 -4.59956174 4.29029569
v -4.94300807 -3.83765698 -4.47160908
v -4.56205569 -4.21860936 -4.47160908
v -4.56205569 -3.83765698 -4.85256146
v -4.94300807 -3.83765698 -2.18589479
v -4.56205569 -3.83765698 -2.56684717
v -4.56205569 -4.21860936 -2.18589479
v -4.94300807 -3.83765698 -0.66208527
v -4.56205569 -4.21860936 0.09981950
v -4.94300807 -3.83765698 0.09981950
v -4.56205569 -4.21860936 0.86172426
v -4.94300807 -3.83765698 0.86172426
v -4.56205569 -3.83765698 1.24267664
v -4.94300807 -3.83765698 4.67124807
v -4.56205569 -4.21860936 4.67124807
v -4.56205569 -3.83765698 5.05220045
v -4.56205569 -3.07575222 -4.85256146
v -4.94300807 -3.07575222 -2.94779955
v -4.56205569 -3.07575222 -3.32875193
v -4.56205569 -3.45670460 -2.94779955
v -4.94300807 -3.07575222 -2.18589479
v -4.94300807 -3.07575222 0.86172426
v -4.56205569 -3.45670460 1.62362902
v -4.94300807 -3.07575222 1.62362902
v -4.56205569 -3.45670460 2.38553378
v -4.94300807 -3.07575222 2.38553378
v -4.56205569 -3.07575222 2.76648616
v -4.56205569 -3.07575222 5.05220045
v -4.56205569 -2.31384746 -4.85256146
v -4.94300807 -2.31384746 -2.94779955
v -4.56205569 -2.31384746 -3.32875193
v -4.94300807 -2.31384746 2.38553378
v -4.56205569 -2.69479984 3.14743854
v -4.94300807 -2.31384746 3.14743854
v -4.56205569 -2.31384746 3.52839092
v -4.56205569 -2.31384746 5.05220045
v -4.56205569 -1.55194270 -4.85256146
v -4.94300807 -1.55194270 -2.94779955
v -4.56205569 -1.55194270 -3.32875193
v -4.94300807 -1.55194270 3.14743854
v -4.56205569 -1.55194270 3.52839092
v -4.56205569 -1.55194270 5.05220045
v -4.56205569 -0.79003793 -4.85256146
v -4.94300807 -0.79003793 -3.70970431
v -4.56205569 -0.79003793 -4.09065669
v -4.56205569 -1.17099031 -3.70970431
v -4.94300807 -0.79003793 3.14743854
v -4.56205569 -0.79003793 3.52839092
v -4.56205569 -0.79003793 5.05220045
v -4.56205569 -0.02813317 -4.85256146
v -4.94300807 -0.02813317 -3.70970431
v -4.56205569 -0.02813317 -4.09065669
v -4.94300807 -0.02813317 3.14743854
v -4.56205569 -0.02813317 3.52839092
v -4.56205569 -0.02813317 5.05220045
v -4.56205569 0.73377159 -4.85256146
v -4.94300807 0.73377159 -3.70970431
v -4.56205569 0.73377159 -4.09065669
v -4.94300807 0.73377159 3.14743854
v -4.56205569 0.73377159 3.52839092
v -4.56205569 0.73377159 5.05220045
v -4.56205569 1.49567635 -4.85256146
v -4.56205569 1.11472397 -3.70970431
v -4.94300807 1.49567635 -2.94779955
v -4.56205569 1.49567635 -3.32875193
v -4.94300807 1.49567635 3.14743854
v -4.56205569 1.49567635 3.52839092
v -4.56205569 1.49567635 5.05220045
v -4.56205569 2.25758111 -4.85256146
v -4.94300807 2.25758111 -2.94779955
v -4.56205569 2.25758111 -3.32875193
v -4.94300807 2.25758111 2.38553378
v -4.94300807 2.25758111 3.14743854
v -4.56205569 2.25758111 3.52839092
v -4.56205569 2.25758111 5.05220045
v -4.56205569 3.01948588 -4.85256146
v -4.94300807 3.01948588 -2.94779955
v -4.56205569 3.01948588 -3.32875193
v -4.94300807 3.01948588 0.86172426
v -4.94300807 3.01948588 1.62362902
v -4.94300807 3.01948588 2.38553378
v -4.56205569 3.01948588 2.76648616
v -4.56205569 2.63853349 3.14743854
v -4.56205569 3.01948588 5.05220045
v -4.94300807 3.78139064 -4.47160908
v -4.56205569 3.78139064 -4.85256146
v -4.56205569 3.40043826 -2.94779955
v -4.94300807 3.78139064 -2.18589479
v -4.56205569 3.78139064 -2.56684717
v -4.94300807 3.78139064 0.09981950
v -4.94300807 3.78139064 0.86172426
v -4.94300807 3.78139064 1.62362902
v -4.56205569 3.78139064 2.00458140
v -4.56205569 3.40043826 2.38553378
v -4.94300807 3.78139064 4.67124807
v -4.56205569 3.78139064 5.05220045
v -4.56205569 4.16234302 -4.47160908
v -4.56205569 4.54329540 -4.09065669
v -4.56205569 4.16234302 -2.18589479
v -4.94300807 4.54329540 -1.42399003
v -4.56205569 4.54329540 -1.80494241
v -4.94300807 4.54329540 -0.66208527
v -4.94300807 4.54329540 0.09981950
v -4.56205569 4.54329540 0.48077188
v -4.56205569 4.16234302 0.86172426
v -4.56205569 4.16234302 1.62362902
v -4.94300807 4.54329540 3.14743854
v -4.94300807 4.54329540 3.90934331
v -4.56205569 4.54329540 4.29029569
v -4.56205569 4.16234302 4.67124807
v -4.94300807 5.30520016 -3.70970431
v -4.56205569 5.30520016 -4.09065669
v -4.56205569 4.92424778 -1.42399003
v -4.56205569 4.92424778 -0.66208527
v -4.56205569 4.92424778 0.09981950
v -4.94300807 5.30520016 2.38553378
v -4.56205569 5.30520016 2.76648616
v -4.56205569 4.92424778 3.14743854
v -4.56205569 4.92424778 3.90934331
v -4.56205569 5.68615254 -3.70970431
v -4.94300807 6.06710492 -2.94779955
v -4.56205569 6.06710492 -3.32875193
v -4.94300807 6.06710492 0.86172426
v -4.94300807 6.06710492 1.62362902
v -4.56205569 6.06710492 2.00458140
v -4.56205569 5.68615254 2.38553378
v -4.56205569 6.44805730 -2.94779955
v -4.56205569 6.44805730 -2.18589479
v -4.56205569 6.44805730 -1.42399003
v -4.56205569 6.44805730 -0.66208527
v -4.56205569 6.44805730 0.09981950
v -4.56205569 6.44805730 0.86172426
v -4.56205569 6.44805730 1.62362902
v -4.18110331 -6.88527603 -2.18589479
v -3.80015092 -7.26622841 -2.18589479
v -3.80015092 -6.88527603 -2.56684717
v -4.18110331 -6.88527603 -1.42399003
v -3.80015092 -7.26622841 -1.42399003
v -4.18110331 -6.88527603 -0.66208527
v -3.80015092 -7.26622841 -0.66208527
v -4.18110331 -6.88527603 0.09981950
v -3.80015092 -7.26622841 0.09981950
v -3.80015092 -6.88527603 0.48077188
v -4.18110331 -6.12337127 -2.94779955
v -3.80015092 -6.50432365 -2.94779955
v -3.80015092 -6.12337127 -3.32875193
v -3.80015092 -6.50432365 0.86172426
v -4.18110331 -6.12337127 1.62362902
v -3.80015092 -6.50432365 1.62362902
v -4.18110331 -6.12337127 2.38553378
v -3.80015092 -6.50432365 2.38553378
v -3.80015092 -6.12337127 2.76648616
v -4.18110331 -5.36146651 -3.70970431
v -3.80015092 -5.74241889 -3.70970431
v -3.80015092 -5.36146651 -4.09065669
v -4.18110331 -5.36146651 -1.42399003
v -3.80015092 -5.36146651 -1.80494241
v -3.80015092 -5.74241889 -1.42399003
v -3.80015092 -5.36146651 -1.04303765
v -4.18110331 -5.36146651 3.14743854
v -3.80015092 -5.74241889 3.14743854
v -4.18110331 -5.36146651 3.90934331
v -3.80015092 -5.74241889 3.90934331
v -3.80015092 -5.36146651 4.29029569
v -4.18110331 -4.59956174 -4.47160908
v -3.80015092 -4.98051412 -4.47160908
v -3.80015092 -4.59956174 -4.85256146
v -4.18110331 -4.59956174 -2.18589479
v -3.80015092 -4.59956174 -2.56684717
v -3.80015092 -4.98051412 -2.18589479
v -3.80015092 -4.98051412 -0.66208527
v -3.80015092 -4.98051412 0.09981950
v -4.18110331 -4.59956174 0.09981950
v -3.80015092 -4.98051412 0.86172426
v -4.18110331 -4.59956174 0.86172426
v -3.80015092 -4.59956174 1.24267664
v -4.18110331 -4.59956174 4.67124807
v -3.80015092 -4.98051412 4.67124807
v -3.80015092 -4.59956174 5.05220045
v -3.80015092 -3.83765698 -4.85256146
v -4.18110331 -3.83765698 -2.94779955
v -3.80015092 -3.83765698 -3.32875193
v -3.80015092 -4.21860936 -2.94779955
v -3.80015092 -4.21860936 1.62362902
v -4.18110331 -3.83765698 1.62362902
v -3.80015092 -4.21860936 2.38553378
v -4.18110331 -3.83765698 2.38553378
v -3.80015092 -3.83765698 2.76648616
v -3.80015092 -3.83765698 5.05220045
v -3.80015092 -3.07575222 -4.85256146
v -3.80015092 -3.07575222 -3.32875193
v -3.80015092 -3.45670460 3.14743854
v -4.18110331 -3.07575222 3.14743854
v -3.80015092 -3.07575222 3.52839092
v -3.80015092 -3.07575222 5.05220045
v -3.80015092 -2.31384746 -4.85256146
v -4.18110331 -2.31384746 -3.70970431
v -3.80015092 -2.31384746 -4.09065669
v -3.80015092 -2.69479984 -3.70970431
v -3.80015092 -2.31384746 3.52839092
v -3.80015092 -2.31384746 5.05220045
v -3.80015092 -1.55194270 -4.85256146
v -4.18110331 -1.55194270 -3.70970431
v -3.80015092 -1.55194270 -4.09065669
v -3.80015092 -1.93289508 3.90934331
v -4.18110331 -1.55194270 3.90934331
v -3.80015092 -1.55194270 4.29029569
v -3.80015092 -1.55194270 5.05220045
v -3.80015092 -0.79003793 -4.85256146
v -3.80015092 -0.79003793 -4.09065669
v -4.18110331 -0.79003793 3.90934331
v -3.80015092 -0.79003793 4.29029569
v -3.80015092 -0.79003793 5.05220045
v -3.80015092 -0.02813317 -4.85256146
v -3.80015092 -0.02813317 -4.09065669
v -4.18110331 -0.02813317 3.90934331
v -3.80015092 -0.02813317 4.29029569
v -3.80015092 -0.02813317 5.05220045
v -3.80015092 0.73377159 -4.85256146
v -3.80015092 0.73377159 -4.09065669
v -4.18110331 0.73377159 3.90934331
v -3.80015092 0.73377159 4.29029569
v -3.80015092 0.73377159 5.05220045
v -3.80015092 1.49567635 -4.85256146
v -4.18110331 1.49567635 -3.70970431
v -3.80015092 1.49567635 -4.09065669
v -4.18110331 1.49567635 3.90934331
v -3.80015092 1.49567635 4.29029569
v -3.80015092 1.49567635 5.05220045
v -3.80015092 2.25758111 -4.85256146
v -4.18110331 2.25758111 -3.70970431
v -3.80015092 2.25758111 -4.09065669
v -3.80015092 1.87662873 3.90934331
v -3.80015092 2.25758111 3.52839092
v -3.80015092 2.25758111 5.05220045
v -3.80015092 3.01948588 -4.85256146
v -3.80015092 2.63853349 -3.70970431
v -3.80015092 3.01948588 -3.32875193
v -4.18110331 3.01948588 3.14743854
v -3.80015092 3.01948588 3.52839092
v -3.80015092 3.01948588 5.05220045
v -3.80015092 3.78139064 -4.85256146
v -4.18110331 3.78139064 -2.94779955
v -3.80015092 3.78139064 -3.32875193
v -4.18110331 3.78139064 2.38553378
v -3.80015092 3.78139064 2.76648616
v -3.80015092 3.40043826 3.14743854
v -3.80015092 3.78139064 5.05220045
v -4.18110331 4.54329540 -4.47160908
v -3.80015092 4.54329540 -4.85256146
v -3.80015092 4.16234302 -2.94779955
v -4.18110331 4.54329540 -2.18589479
v -3.80015092 4.54329540 -2.56684717
v -4.18110331 4.54329540 0.86172426
v -3.80015092 4.54329540 1.24267664
v -3.80015092 4.16234302 1.62362902
v -3.80015092 4.16234302 2.38553378
v -4.18110331 4.54329540 4.67124807
v -3.80015092 4.54329540 5.05220045
v -3.80015092 4.92424778 -4.47160908
v -3.80015092 5.30520016 -4.09065669
v -3.80015092 4.92424778 -2.18589479
v -4.18110331 5.30520016 -1.42399003
v -3.80015092 5.30520016 -1.80494241
v -4.18110331 5.30520016 -0.66208527
v -4.18110331 5.30520016 0.09981950
v -3.80015092 5.30520016 0.48077188
v -3.80015092 4.92424778 0.86172426
v -4.18110331 5.30520016 3.14743854
v -4.18110331 5.30520016 3.90934331
v -3.80015092 5.30520016 4.29029569
v -3.80015092 4.92424778 4.67124807
v -3.80015092 5.68615254 -3.70970431
v -3.80015092 6.06710492 -3.32875193
v -3.80015092 5.68615254 -1.42399003
v -3.80015092 5.68615254 -0.66208527
v -3.80015092 5.68615254 0.09981950
v -4.18110331 6.06710492 2.38553378
v -3.80015092 6.06710492 2.76648616
v -3.80015092 5.68615254 3.14743854
v -3.80015092 5.68615254 3.90934331
v -3.80015092 6.44805730 -2.94779955
v -4.18110331 6.82900969 -2.18589479
v -3.80015092 6.82900969 -2.56684717
v -4.18110331 6.82900969 -1.42399003
v -4.18110331 6.82900969 -0.66208527
v -4.18110331 6.82900969 0.09981950
v -4.18110331 6.82900969 0.86172426
v -3.80015092 6.82900969 1.24267664
v -3.80015092 6.44805730 1.62362902
v -3.80015092 6.44805730 2.38553378
v -3.80015092 7.20996207 -2.18589479
v -3.80015092 7.20996207 -1.42399003
v -3.80015092 7.20996207 -0.66208527
v -3.80015092 7.20996207 0.09981950
v -3.80015092 7.20996207 0.86172426
v -3.41919854 -6.88527603 -2.94779955
v -3.03824616 -7.26622841 -2.94779955
v -3.03824616 -6.88527603 -3.32875193
v -3.03824616 -7.26622841 -2.18589479
v -3.03824616 -7.26622841 -1.42399003
v -3.03824616 -7.26622841 -0.66208527
v -3.03824616 -7.26622841 0.09981950
v -3.41919854 -6.88527603 0.86172426
v -3.03824616 -7.26622841 0.86172426
v -3.03824616 -6.88527603 1.24267664
v -3.41919854 -6.12337127 -3.70970431
v -3.03824616 -6.50432365 -3.70970431
v -3.03824616 -6.12337127 -4.09065669
v -3.03824616 -6.50432365 1.62362902
v -3.03824616 -6.50432365 2.38553378
v -3.41919854 -6.12337127 3.14743854
v -3.03824616 -6.50432365 3.14743854
v -3.03824616 -6.12337127 3.52839092
v -3.03824616 -5.36146651 -4.09065669
v -3.41919854 -5.36146651 -2.18589479
v -3.03824616 -5.36146651 -2.56684717
v -3.03824616 -5.74241889 -2.18589479
v -3.03824616 -5.74241889 -1.42399003
v -3.03824616 -5.74241889 -0.66208527
v -3.41919854 -5.36146651 -0.66208527
v -3.03824616 -5.74241889 0.09981950
v -3.41919854 -5.36146651 0.09981950
v -3.03824616 -5.36146651 0.48077188
v -3.03824616 -5.74241889 3.90934331
v -3.41919854 -5.36146651 4.67124807
v -3.03824616 -5.74241889 4.67124807
v -3.03824616 -5.36146651 5.05220045
v -3.03824616 -4.98051412 -4.47160908
v -3.03824616 -4.59956174 -4.85256146
v -3.41919854 -4.59956174 -2.94779955
v -3.03824616 -4.59956174 -3.32875193
v -3.03824616 -4.98051412 -2.94779955
v -3.03824616 -4.98051412 0.86172426
v -3.03824616 -4.98051412 1.62362902
v -3.41919854 -4.59956174 1.62362902
v -3.03824616 -4.59956174 2.00458140
v -3.03824616 -4.59956174 5.05220045
v -3.03824616 -3.83765698 -4.85256146
v -3.03824616 -3.83765698 -3.32875193
v -3.03824616 -4.21860936 2.38553378
v -3.03824616 -4.21860936 3.14743854
v -3.41919854 -3.83765698 3.14743854
v -3.03824616 -3.83765698 3.52839092
v -3.03824616 -3.83765698 5.05220045
v -3.03824616 -3.07575222 -4.85256146
v -3.41919854 -3.07575222 -3.70970431
v -3.03824616 -3.07575222 -4.09065669
v -3.03824616 -3.45670460 -3.70970431
v -3.03824616 -3.07575222 3.52839092
v -3.03824616 -3.07575222 5.05220045
v -3.03824616 -2.31384746 -4.85256146
v -3.03824616 -2.31384746 -4.09065669
v -3.03824616 -2.69479984 3.90934331
v -3.41919854 -2.31384746 3.90934331
v -3.03824616 -2.31384746 4.29029569
v -3.03824616 -2.31384746 5.05220045
v -3.03824616 -1.55194270 -4.85256146
v -3.03824616 -1.55194270 -4.09065669
v -3.03824616 -1.55194270 4.29029569
v -3.03824616 -1.55194270 5.05220045
v -3.03824616 -0.79003793 -4.85256146
v -3.03824616 -0.79003793 -4.09065669
v -3.03824616 -0.79003793 4.29029569
v -3.03824616 -1.17099031 5.43315283
v -3.41919854 -0.79003793 5.43315283
v -3.03824616 -0.79003793 5.81410521
v -3.03824616 -0.02813317 -4.85256146
v -3.03824616 -0.02813317 -4.09065669
v -3.03824616 -0.02813317 4.29029569
v -3.41919854 -0.02813317 5.43315283
v -3.03824616 -0.02813317 5.81410521
v -3.03824616 0.73377159 -4.85256146
v -3.03824616 0.73377159 -4.09065669
v -3.03824616 0.73377159 4.29029569
v -3.41919854 0.73377159 5.43315283
v -3.03824616 0.73377159 5.81410521
v -3.03824616 1.49567635 -4.85256146
v -3.03824616 1.49567635 -4.09065669
v -3.03824616 1.49567635 4.29029569
v -3.03824616 1.49567635 5.05220045
v -3.03824616 1.11472397 5.43315283
v -3.03824616 2.25758111 -4.85256146
v -3.03824616 2.25758111 -4.09065669
v -3.41919854 2.25758111 3.90934331
v -3.03824616 2.25758111 4.29029569
v -3.03824616 2.25758111 5.05220045
v -3.03824616 3.01948588 -4.85256146
v -3.41919854 3.01948588 -3.70970431
v -3.03824616 3.01948588 -4.09065669
v -3.03824616 2.63853349 3.90934331
v -3.03824616 3.01948588 3.52839092
v -3.03824616 3.01948588 5.05220045
v -3.03824616 3.78139064 -4.85256146
v -3.03824616 3.40043826 -3.70970431
v -3.03824616 3.78139064 -3.32875193
v -3.41919854 3.78139064 3.14743854
v -3.03824616 3.78139064 3.52839092
v -3.03824616 3.78139064 5.05220045
v -3.03824616 4.54329540 -4.85256146
v -3.41919854 4.54329540 -2.94779955
v -3.03824616 4.54329540 -3.32875193
v -3.41919854 4.54329540 1.62362902
v -3.41919854 4.54329540 2.38553378
v -3.03824616 4.54329540 2.76648616
v -3.03824616 4.16234302 3.14743854
v -3.03824616 4.54329540 5.05220045
v -3.41919854 5.30520016 -4.47160908
v -3.03824616 5.30520016 -4.85256146
v -3.03824616 4.92424778 -2.94779955
v -3.41919854 5.30520016 -2.18589479
v -3.03824616 5.30520016 -2.56684717
v -3.41919854 5.30520016 0.86172426
v -3.03824616 5.30520016 1.24267664
v -3.03824616 4.92424778 1.62362902
v -3.03824616 4.92424778 2.38553378
v -3.41919854 5.30520016 4.67124807
v -3.03824616 5.30520016 5.05220045
v -3.03824616 5.68615254 -4.47160908
v -3.41919854 6.06710492 -3.70970431
v -3.03824616 6.06710492 -4.09065669
v -3.03824616 5.68615254 -2.18589479
v -3.03824616 5.68615254 -1.42399003
v -3.03824616 5.68615254 -0.66208527
v -3.03824616 5.68615254 0.09981950
v -3.03824616 5.68615254 0.86172426
v -3.41919854 6.06710492 3.14743854
v -3.03824616 6.06710492 3.52839092
v -3.03824616 5.68615254 3.90934331
v -3.03824616 5.68615254 4.67124807
v -3.03824616 6.44805730 -3.70970431
v -3.41919854 6.82900969 -2.94779955
v -3.03824616 6.82900969 -3.32875193
v -3.41919854 6.82900969 1.62362902
v -3.03824616 6.82900969 2.00458140
v -3.03824616 6.44805730 2.38553378
v -3.03824616 6.44805730 3.14743854
v -3.03824616 7.20996207 -2.94779955
v -3.03824616 7.20996207 -2.18589479
v -3.03824616 7.20996207 -1.42399003
v -3.03824616 7.20996207 -0.66208527
v -3.03824616 7.20996207 0.09981950
v -3.03824616 7.20996207 0.86172426
v -3.03824616 7.20996207 1.62362902
v -2.65729378 -7.64718079 -2.18589479
v -2.27634140 -8.02813317 -2.18589479
v -2.27634140 -7.64718079 -2.56684717
v -2.65729378 -7.64718079 -1.42399003
v -2.27634140 -8.02813317 -1.42399003
v -2.65729378 -7.64718079 -0.66208527
v -2.27634140 -8.02813317 -0.66208527
v -2.27634140 -7.64718079 -0.28113288
v -2.27634140 -7.26622841 -2.94779955
v -2.27634140 -6.88527603 -3.32875193
v -2.27634140 -7.26622841 0.09981950
v -2.27634140 -7.26622841 0.86172426
v -2.65729378 -6.88527603 1.62362902
v -2.27634140 -7.26622841 1.62362902
v -2.27634140 -6.88527603 2.00458140
v -2.27634140 -6.50432365 -3.70970431
v -2.27634140 -6.12337127 -4.09065669
v -2.65729378 -6.12337127 -0.66208527
v -2.27634140 -6.12337127 -1.04303765
v -2.27634140 -6.50432365 -0.66208527
v -2.27634140 -6.12337127 -0.28113288
v -2.27634140 -6.50432365 2.38553378
v -2.27634140 -6.50432365 3.14743854
v -2.65729378 -6.12337127 3.90934331
v -2.27634140 -6.50432365 3.90934331
v -2.27634140 -6.12337127 4.29029569
v -2.65729378 -5.36146651 -4.47160908
v -2.27634140 -5.74241889 -4.47160908
v -2.27634140 -5.36146651 -4.85256146
v -2.27634140 -5.36146651 -2.56684717
v -2.27634140 -5.74241889 -2.18589479
v -2.27634140 -5.74241889 -1.42399003
v -2.27634140 -5.74241889 0.09981950
v -2.27634140 -5.74241889 0.86172426
v -2.65729378 -5.36146651 0.86172426
v -2.27634140 -5.74241889 1.62362902
v -2.65729378 -5.36146651 1.62362902
v -2.27634140 -5.36146651 2.00458140
v -2.27634140 -5.74241889 4.67124807
v -2.27634140 -5.36146651 5.05220045
v -2.27634140 -4.59956174 -4.85256146
v -2.27634140 -4.59956174 -3.32875193
v -2.27634140 -4.98051412 -2.94779955
v -2.27634140 -4.98051412 2.38553378
v -2.65729378 -4.59956174 2.38553378
v -2.27634140 -4.98051412 3.14743854
v -2.65729378 -4.59956174 3.14743854
v -2.27634140 -4.59956174 3.52839092
v -2.27634140 -4.59956174 5.05220045
v -2.27634140 -3.83765698 -4.85256146
v -2.65729378 -3.83765698 -3.70970431
v -2.27634140 -3.83765698 -4.09065669
v -2.27634140 -4.21860936 -3.70970431
v -2.27634140 -3.83765698 3.52839092
v -2.27634140 -3.83765698 5.05220045
v -2.27634140 -3.07575222 -4.85256146
v -2.27634140 -3.07575222 -4.09065669
v -2.27634140 -3.45670460 3.90934331
v -2.65729378 -3.07575222 3.90934331
v -2.27634140 -3.07575222 4.29029569
v -2.27634140 -3.07575222 5.05220045
v -2.27634140 -2.31384746 -4.85256146
v -2.27634140 -2.31384746 -4.09065669
v -2.27634140 -2.31384746 4.29029569
v -2.27634140 -2.69479984 5.43315283
v -2.65729378 -2.31384746 5.43315283
v -2.27634140 -2.31384746 5.81410521
v -2.27634140 -1.55194270 -4.85256146
v -2.27634140 -1.55194270 -4.09065669
v -2.27634140 -1.55194270 4.29029569
v -2.65729378 -1.55194270 5.43315283
v -2.27634140 -1.55194270 5.81410521
v -2.27634140 -0.79003793 -4.85256146
v -2.27634140 -0.79003793 -4.09065669
v -2.27634140 -0.79003793 4.29029569
v -2.27634140 -0.79003793 5.81410521
v -2.27634140 -0.02813317 -4.85256146
v -2.27634140 -0.02813317 -4.09065669
v -2.27634140 -0.02813317 4.29029569
v -2.27634140 -0.02813317 5.81410521
v -2.27634140 0.73377159 -4.85256146
v -2.27634140 0.73377159 -4.09065669
v -2.27634140 0.73377159 4.29029569
v -2.27634140 0.73377159 5.81410521
v -2.27634140 1.49567635 -4.85256146
v -2.27634140 1.49567635 -4.09065669
v -2.27634140 1.49567635 4.29029569
v -2.65729378 1.49567635 5.43315283
v -2.27634140 1.49567635 5.81410521
v -2.27634140 2.25758111 -4.85256146
v -2.27634140 2.25758111 -4.09065669
v -2.27634140 2.25758111 4.29029569
v -2.65729378 2.25758111 5.43315283
v -2.27634140 2.25758111 5.81410521
v -2.27634140 3.01948588 -4.85256146
v -2.27634140 3.01948588 -4.09065669
v -2.65729378 3.01948588 3.90934331
v -2.27634140 3.01948588 4.29029569
v -2.27634140 3.01948588 5.05220045
v -2.27634140 2.63853349 5.43315283
v -2.27634140 3.78139064 -4.85256146
v -2.65729378 3.78139064 -3.70970431
v -2.27634140 3.78139064 -4.09065669
v -2.27634140 3.40043826 3.90934331
v -2.27634140 3.78139064 3.52839092
v -2.27634140 3.78139064 5.05220045
v -2.27634140 4.54329540 -4.85256146
v -2.27634140 4.16234302 -3.70970431
v -2.27634140 4.54329540 -3.32875193
v -2.65729378 4.54329540 3.14743854
v -2.27634140 4.54329540 3.52839092
v -2.27634140 4.54329540 5.05220045
v -2.27634140 5.30520016 -4.85256146
v -2.27634140 4.92424778 -2.94779955
v -2.27634140 5.30520016 -2.56684717
v -2.65729378 5.30520016 1.62362902
v -2.27634140 5.30520016 2.00458140
v -2.27634140 4.92424778 2.38553378
v -2.27634140 4.92424778 3.14743854
v -2.27634140 5.30520016 5.05220045
v -2.27634140 5.68615254 -4.47160908
v -2.27634140 6.06710492 -4.09065669
v -2.27634140 5.68615254 -2.18589479
v -2.27634140 5.68615254 -1.42399003
v -2.27634140 5.68615254 -0.66208527
v -2.65729378 6.06710492 0.09981950
v -2.27634140 6.06710492 -0.28113288
v -2.27634140 6.06710492 0.48077188
v -2.27634140 5.68615254 0.86172426
v -2.27634140 5.68615254 1.62362902
v -2.65729378 6.06710492 3.90934331
v -2.27634140 6.06710492 4.29029569
v -2.27634140 5.68615254 4.67124807
v -2.27634140 6.44805730 -3.70970431
v -2.27634140 6.82900969 -3.32875193
v -2.27634140 6.44805730 0.09981950
v -2.65729378 6.82900969 2.38553378
v -2.27634140 6.82900969 2.76648616
v -2.27634140 6.44805730 3.14743854
v -2.27634140 6.44805730 3.90934331
v -2.27634140 7.20996207 -2.94779955
v -2.65729378 7.59091445 -2.18589479
v -2.27634140 7.59091445 -2.56684717
v -2.65729378 7.59091445 -1.42399003
v -2.65729378 7.59091445 -0.66208527
v -2.27634140 7.59091445 -0.28113288
v -2.27634140 7.20996207 0.09981950
v -2.27634140 7.20996207 0.86172426
v -2.27634140 7.20996207 1.62362902
v -2.27634140 7.20996207 2.38553378
v -2.27634140 7.97186683 -2.18589479
v -2.27634140 7.97186683 -1.42399003
v -2.27634140 7.97186683 -0.66208527
v -1.51443664 -8.02813317 -2.18589479
v -1.51443664 -7.64718079 -2.56684717
v -1.51443664 -8.02813317 -1.42399003
v -1.51443664 -8.02813317 -0.66208527
v -1.89538902 -7.64718079 0.09981950
v -1.51443664 -8.02813317 0.09981950
v -1.51443664 -7.64718079 0.48077188
v -1.51443664 -7.26622841 -2.94779955
v -1.51443664 -6.88527603 -3.32875193
v -1.51443664 -7.26622841 0.86172426
v -1.51443664 -7.26622841 1.62362902
v -1.89538902 -6.88527603 2.38553378
v -1.51443664 -7.26622841 2.38553378
v -1.51443664 -6.88527603 2.76648616
v -1.51443664 -6.50432365 -3.70970431
v -1.51443664 -6.12337127 -4.09065669
v -1.89538902 -6.12337127 -1.42399003
v -1.51443664 -6.12337127 -1.80494241
v -1.51443664 -6.50432365 -1.42399003
v -1.51443664 -6.50432365 -0.66208527
v -1.51443664 -6.50432365 0.09981950
v -1.89538902 -6.12337127 0.09981950
v -1.51443664 -6.12337127 0.48077188
v -1.51443664 -6.50432365 3.14743854
v -1.51443664 -6.50432365 3.90934331
v -1.51443664 -6.12337127 4.29029569
v -1.51443664 -5.74241889 -4.47160908
v -1.51443664 -5.36146651 -4.85256146
v -1.51443664 -5.36146651 -2.56684717
v -1.51443664 -5.74241889 -2.18589479
v -1.51443664 -5.74241889 0.86172426
v -1.51443664 -5.74241889 1.62362902
v -1.51443664 -5.74241889 2.38553378
v -1.89538902 -5.36146651 2.38553378
v -1.51443664 -5.36146651 2.76648616
v -1.51443664 -5.74241889 4.67124807
v -1.51443664 -5.36146651 5.05220045
v -1.51443664 -4.59956174 -4.85256146
v -1.51443664 -4.59956174 -3.32875193
v -1.51443664 -4.98051412 -2.94779955
v -1.51443664 -4.98051412 3.14743854
v -1.51443664 -4.59956174 3.52839092
v -1.51443664 -4.59956174 5.05220045
v -1.51443664 -3.83765698 -4.85256146
v -1.51443664 -3.83765698 -4.09065669
v -1.51443664 -4.21860936 -3.70970431
v -1.51443664 -4.21860936 3.90934331
v -1.89538902 -3.83765698 3.90934331
v -1.51443664 -3.83765698 4.29029569
v -1.51443664 -3.83765698 5.05220045
v -1.51443664 -3.07575222 -4.85256146
v -1.51443664 -3.07575222 -4.09065669
v -1.51443664 -3.07575222 4.29029569
v -1.51443664 -3.07575222 5.05220045
v -1.51443664 -2.31384746 -4.85256146
v -1.51443664 -2.31384746 -4.09065669
v -1.51443664 -2.31384746 4.29029569
v -1.51443664 -2.69479984 5.43315283
v -1.51443664 -2.31384746 5.81410521
v -1.51443664 -1.55194270 -4.85256146
v -1.51443664 -1.55194270 -4.09065669
v -1.51443664 -1.55194270 4.29029569
v -1.51443664 -1.55194270 5.81410521
v -1.51443664 -0.79003793 -4.85256146
v -1.51443664 -0.79003793 -4.09065669
v -1.51443664 -0.79003793 4.29029569
v -1.51443664 -1.17099031 6.19505759
v -1.89538902 -0.79003793 6.19505759
v -1.89538902 -0.79003793 6.95696235
v -1.51443664 -1.17099031 6.95696235
v -1.51443664 -0.79003793 7.33791473
v -1.51443664 -0.02813317 -4.85256146
v -1.51443664 -0.02813317 -4.09065669
v -1.51443664 -0.02813317 4.29029569
v -1.89538902 -0.02813317 6.19505759
v -1.89538902 -0.02813317 6.95696235
v -1.51443664 -0.02813317 7.33791473
v -1.51443664 0.73377159 -4.85256146
v -1.51443664 0.73377159 -4.09065669
v -1.51443664 0.73377159 4.29029569
v -1.89538902 0.73377159 6.19505759
v -1.89538902 0.73377159 6.95696235
v -1.51443664 0.73377159 7.33791473
v -1.51443664 1.49567635 -4.85256146
v -1.51443664 1.49567635 -4.09065669
v -1.51443664 1.49567635 4.29029569
v -1.51443664 1.49567635 5.81410521
v -1.51443664 1.11472397 6.19505759
v -1.51443664 1.11472397 6.95696235
v -1.51443664 2.25758111 -4.85256146
v -1.51443664 2.25758111 -4.09065669
v -1.51443664 2.25758111 4.29029569
v -1.51443664 2.25758111 5.81410521
v -1.51443664 3.01948588 -4.85256146
v -1.51443664 3.01948588 -4.09065669
v -1.51443664 3.01948588 4.29029569
v -1.89538902 3.01948588 5.43315283
v -1.51443664 3.01948588 5.81410521
v -1.51443664 3.78139064 -4.85256146
v -1.51443664 3.78139064 -4.09065669
v -1.89538902 3.78139064 3.90934331
v -1.51443664 3.78139064 4.29029569
v -1.51443664 3.78139064 5.05220045
v -1.51443664 3.40043826 5.43315283
v -1.51443664 4.54329540 -4.85256146
v -1.51443664 4.16234302 -3.70970431
v -1.51443664 4.54329540 -3.32875193
v -1.51443664 4.16234302 3.90934331
v -1.51443664 4.54329540 3.52839092
v -1.51443664 4.54329540 5.05220045
v -1.51443664 5.30520016 -4.85256146
v -1.89538902 5.30520016 -2.94779955
v -1.51443664 5.30520016 -3.32875193
v -1.89538902 5.30520016 2.38553378
v -1.51443664 5.30520016 2.76648616
v -1.51443664 4.92424778 3.14743854
v -1.51443664 5.30520016 5.05220045
v -1.51443664 5.68615254 -4.47160908
v -1.51443664 6.06710492 -4.09065669
v -1.51443664 5.68615254 -2.94779955
v -1.51443664 5.68615254 -2.18589479
v -1.51443664 5.68615254 -1.42399003
v -1.51443664 5.68615254 -0.66208527
v -1.89538902 6.06710492 0.09981950
v -1.51443664 5.68615254 0.09981950
v -1.51443664 5.68615254 0.86172426
v -1.51443664 5.68615254 1.62362902
v -1.51443664 5.68615254 2.38553378
v -1.89538902 6.06710492 4.67124807
v -1.51443664 6.06710492 5.05220045
v -1.51443664 6.44805730 -3.70970431
v -1.51443664 6.82900969 -3.32875193
v -1.51443664 6.82900969 2.76648616
v -1.51443664 6.44805730 3.14743854
v -1.51443664 6.44805730 3.90934331
v -1.51443664 6.44805730 4.67124807
v -1.51443664 7.20996207 -2.94779955
v -1.51443664 7.59091445 -2.56684717
v -1.89538902 7.59091445 0.09981950
v -1.89538902 7.59091445 0.86172426
v -1.51443664 7.59091445 1.24267664
v -1.51443664 7.20996207 1.62362902
v -1.51443664 7.20996207 2.38553378
v -1.51443664 7.97186683 -2.18589479
v -1.89538902 8.35281921 -1.42399003
v -1.51443664 8.35281921 -1.80494241
v -1.89538902 8.35281921 -0.66208527
v -1.89538902 8.35281921 0.09981950
v -1.89538902 8.35281921 0.86172426
v -1.51443664 7.97186683 1.62362902
v -1.89538902 8.35281921 1.62362902
v -1.51443664 8.35281921 2.00458140
v -1.89538902 9.11472397 -1.42399003
v -1.51443664 9.11472397 -1.80494241
v -1.89538902 9.11472397 -0.66208527
v -1.89538902 9.11472397 0.09981950
v -1.89538902 9.11472397 0.86172426
v -1.89538902 9.11472397 1.62362902
v -1.51443664 8.73377159 2.38553378
v -1.89538902 9.11472397 2.38553378
v -1.51443664 9.11472397 2.76648616
v -1.51443664 9.49567635 -1.42399003
v -1.51443664 9.49567635 -0.66208527
v -1.51443664 9.87662873 -0.28113288
v -1.89538902 9.87662873 0.09981950
v -1.89538902 9.87662873 0.86172426
v -1.89538902 9.87662873 1.62362902
v -1.89538902 9.87662873 2.38553378
v -1.51443664 9.87662873 2.76648616
v -1.51443664 10.25758111 0.09981950
v -1.51443664 10.25758111 0.86172426
v -1.51443664 10.25758111 1.62362902
v -1.51443664 10.25758111 2.38553378
v -1.13348426 -11.45670460 1.62362902
v -0.75253188 -11.83765698 1.62362902
v -0.75253188 -11.45670460 1.24267664
v -1.13348426 -11.45670460 2.38553378
v -0.75253188 -11.83765698 2.38553378
v -0.75253188 -11.45670460 2.76648616
v -1.13348426 -10.69479984 0.09981950
v -0.75253188 -11.07575222 0.09981950
v -0.75253188 -10.69479984 -0.28113288
v -1.13348426 -10.69479984 0.86172426
v -0.75253188 -11.07575222 0.86172426
v -1.13348426 -10.69479984 1.62362902
v -1.13348426 -10.69479984 2.38553378
v -0.75253188 -11.07575222 3.14743854
v -1.13348426 -10.69479984 3.14743854
v -0.75253188 -10.69479984 3.52839092
v -1.13348426 -9.93289508 -0.66208527
v -0.75253188 -10.31384746 -0.66208527
v -0.75253188 -9.93289508 -1.04303765
v -1.13348426 -9.93289508 0.09981950
v -1.13348426 -9.93289508 0.86172426
v -1.13348426 -9.93289508 1.62362902
v -1.13348426 -9.93289508 2.38553378
v -1.13348426 -9.93289508 3.14743854
v -0.75253188 -10.31384746 3.90934331
v -1.13348426 -9.93289508 3.90934331
v -0.75253188 -9.93289508 4.29029569
v -1.13348426 -9.17099031 -1.42399003
v -0.75253188 -9.55194270 -1.42399003
v -0.75253188 -9.17099031 -1.80494241
v -1.13348426 -9.17099031 -0.66208527
v -1.13348426 -9.17099031 0.09981950
v -1.13348426 -9.17099031 0.86172426
v -0.75253188 -9.17099031 1.24267664
v -0.75253188 -9.55194270 1.62362902
v -0.75253188 -9.17099031 2.00458140
v -1.13348426 -9.17099031 2.38553378
v -1.13348426 -9.17099031 3.14743854
v -1.13348426 -9.17099031 3.90934331
v -0.75253188 -9.17099031 4.29029569
v -1.13348426 -8.40908555 -2.18589479
v -0.75253188 -8.79003793 -2.18589479
v -0.75253188 -8.40908555 -2.56684717
v -1.13348426 -8.40908555 -1.42399003
v -1.13348426 -8.40908555 -0.66208527
v -1.13348426 -8.40908555 0.09981950
v -0.75253188 -8.40908555 0.48077188
v -0.75253188 -8.79003793 0.86172426
v -1.13348426 -8.40908555 2.38553378
v -0.75253188 -8.40908555 2.00458140
v -1.13348426 -8.40908555 3.14743854
v -1.13348426 -8.40908555 3.90934331
v -0.75253188 -8.40908555 4.29029569
v -0.75253188 -7.64718079 -2.56684717
v -1.13348426 -7.64718079 0.86172426
v -0.75253188 -8.02813317 0.86172426
v -0.75253188 -7.64718079 1.24267664
v -1.13348426 -7.64718079 2.38553378
v -0.75253188 -7.64718079 2.00458140
v -1.13348426 -7.64718079 3.14743854
v -1.13348426 -7.64718079 3.90934331
v -0.75253188 -7.64718079 4.29029569
v -0.75253188 -7.26622841 -2.94779955
v -0.75253188 -6.88527603 -3.32875193
v -0.75253188 -7.26622841 1.62362902
v -1.13348426 -6.88527603 3.14743854
v -1.13348426 -6.88527603 3.90934331
v -0.75253188 -6.88527603 4.29029569
v -0.75253188 -6.50432365 -3.70970431
v -0.75253188 -6.12337127 -4.09065669
v -1.13348426 -6.12337127 -2.18589479
v -0.75253188 -6.12337127 -2.56684717
v -0.75253188 -6.50432365 -2.18589479
v -0.75253188 -6.50432365 -1.42399003
v -0.75253188 -6.50432365 -0.66208527
v -0.75253188 -6.50432365 0.09981950
v -0.75253188 -6.12337127 0.48077188
v -0.75253188 -6.12337127 4.29029569
v -0.75253188 -5.74241889 -4.47160908
v -0.75253188 -5.36146651 -4.85256146
v -1.13348426 -5.36146651 -2.94779955
v -0.75253188 -5.36146651 -3.32875193
v -0.75253188 -5.74241889 -2.94779955
v -0.75253188 -5.74241889 0.86172426
v -0.75253188 -5.74241889 1.62362902
v -0.75253188 -5.74241889 2.38553378
v -0.75253188 -5.36146651 2.76648616
v -0.75253188 -5.74241889 4.67124807
v -0.75253188 -5.36146651 5.05220045
v -0.75253188 -4.59956174 -4.85256146
v -1.13348426 -4.59956174 -3.70970431
v -0.75253188 -4.59956174 -4.09065669
v -0.75253188 -4.98051412 -3.70970431
v -0.75253188 -4.98051412 3.14743854
v -0.75253188 -4.59956174 3.52839092
v -0.75253188 -4.59956174 5.05220045
v -0.75253188 -3.83765698 -4.85256146
v -0.75253188 -3.83765698 -4.09065669
v -0.75253188 -4.21860936 3.90934331
v -0.75253188 -3.83765698 4.29029569
v -0.75253188 -3.83765698 5.05220045
v -0.75253188 -3.07575222 -4.85256146
v -0.75253188 -3.07575222 -4.09065669
v -0.75253188 -3.07575222 4.29029569
v -0.75253188 -3.45670460 5.43315283
v -1.13348426 -3.07575222 5.43315283
v -0.75253188 -3.07575222 5.81410521
v -0.75253188 -2.31384746 -4.85256146
v -0.75253188 -2.31384746 -4.09065669
v -0.75253188 -2.31384746 4.29029569
v -0.75253188 -2.31384746 5.81410521
v -0.75253188 -1.55194270 -4.85256146
v -0.75253188 -1.55194270 -4.09065669
v -0.75253188 -1.55194270 4.29029569
v -0.75253188 -1.93289508 6.19505759
v -1.13348426 -1.55194270 6.19505759
v -1.13348426 -1.55194270 6.95696235
v -0.75253188 -1.93289508 6.95696235
v -0.75253188 -1.55194270 7.33791473
v -0.75253188 -0.79003793 -4.85256146
v -0.75253188 -0.79003793 -4.09065669
v -0.75253188 -0.79003793 4.29029569
v -0.75253188 -0.79003793 7.33791473
v -0.75253188 -0.02813317 -4.85256146
v -0.75253188 -0.02813317 -4.09065669
v -0.75253188 -0.40908555 4.67124807
v -1.13348426 -0.02813317 4.67124807
v -0.75253188 -0.02813317 5.05220045
v -0.75253188 -0.02813317 7.33791473
v -0.75253188 0.73377159 -4.85256146
v -0.75253188 0.73377159 -4.09065669
v -0.75253188 0.35281921 4.67124807
v -0.75253188 0.73377159 4.29029569
v -0.75253188 0.73377159 7.33791473
v -0.75253188 1.49567635 -4.85256146
v -0.75253188 1.49567635 -4.09065669
v -0.75253188 1.49567635 4.29029569
v -1.13348426 1.49567635 6.19505759
v -1.13348426 1.49567635 6.95696235
v -0.75253188 1.49567635 7.33791473
v -0.75253188 2.25758111 -4.85256146
v -0.75253188 2.25758111 -4.09065669
v -0.75253188 2.25758111 4.29029569
v -0.75253188 2.25758111 5.81410521
v -0.75253188 1.87662873 6.19505759
v -0.75253188 1.87662873 6.95696235
v -0.75253188 3.01948588 -4.85256146
v -0.75253188 3.01948588 -4.09065669
v -0.75253188 3.01948588 4.29029569
v -0.75253188 3.01948588 5.81410521
v -0.75253188 3.78139064 -4.85256146
v -0.75253188 3.78139064 -4.09065669
v -0.75253188 3.78139064 4.29029569
v -0.75253188 3.78139064 5.05220045
v -0.75253188 3.40043826 5.43315283
v -0.75253188 4.54329540 -4.85256146
v -1.13348426 4.54329540 -3.70970431
v -0.75253188 4.54329540 -4.09065669
v -0.75253188 4.16234302 3.90934331
v -0.75253188 4.54329540 3.52839092
v -0.75253188 4.54329540 5.05220045
v -0.75253188 5.30520016 -4.85256146
v -0.75253188 4.92424778 -3.70970431
v -0.75253188 5.30520016 -3.32875193
v -1.13348426 5.30520016 3.14743854
v -0.75253188 5.30520016 3.52839092
v -0.75253188 5.30520016 5.05220045
v -0.75253188 5.68615254 -4.47160908
v -0.75253188 6.06710492 -4.09065669
v -0.75253188 5.68615254 -2.94779955
v -0.75253188 5.68615254 -2.18589479
v -0.75253188 5.68615254 -1.42399003
v -1.13348426 6.06710492 -0.66208527
v -0.75253188 6.06710492 -1.04303765
v -0.75253188 6.06710492 -0.28113288
v -0.75253188 5.68615254 0.09981950
v -0.75253188 5.68615254 0.86172426
v -0.75253188 5.68615254 1.62362902
v -0.75253188 5.68615254 2.38553378
v -0.75253188 5.68615254 3.14743854
v -0.75253188 6.06710492 5.05220045
v -0.75253188 6.44805730 -3.70970431
v -0.75253188 6.82900969 -3.32875193
v -0.75253188 6.44805730 -0.66208527
v -1.13348426 6.82900969 3.14743854
v -0.75253188 6.82900969 3.52839092
v -0.75253188 6.44805730 3.90934331
v -0.75253188 6.44805730 4.67124807
v -0.75253188 7.20996207 -2.94779955
v -0.75253188 7.59091445 -2.56684717
v -0.75253188 7.59091445 1.24267664
v -0.75253188 7.20996207 1.62362902
v -0.75253188 7.20996207 2.38553378
v -0.75253188 7.20996207 3.14743854
v -1.13348426 8.35281921 -2.18589479
v -0.75253188 8.35281921 -2.56684717
v -1.13348426 8.35281921 0.09981950
v -0.75253188 8.35281921 -0.28113288
v -0.75253188 7.97186683 0.09981950
v -0.75253188 8.35281921 0.48077188
v -0.75253188 7.97186683 1.62362902
v -0.75253188 8.35281921 2.00458140
v -0.75253188 8.73377159 -2.18589479
v -0.75253188 9.11472397 -1.80494241
v -0.75253188 8.73377159 0.09981950
v -0.75253188 8.73377159 2.38553378
v -1.13348426 9.11472397 3.14743854
v -0.75253188 8.73377159 3.14743854
v -1.13348426 9.11472397 3.90934331
v -0.75253188 8.73377159 3.90934331
v -0.75253188 9.11472397 4.29029569
v -0.75253188 9.49567635 -1.42399003
v -1.13348426 9.87662873 -0.66208527
v -0.75253188 9.87662873 -1.04303765
v -1.13348426 9.87662873 3.14743854
v -1.13348426 9.87662873 3.90934331
v -0.75253188 9.49567635 4.67124807
v -1.13348426 9.87662873 4.67124807
v -0.75253188 9.87662873 5.05220045
v -0.75253188 10.25758111 -0.66208527
v -0.75253188 10.25758111 0.09981950
v -0.75253188 10.25758111 0.86172426
v -1.13348426 10.63853349 1.62362902
v -0.75253188 10.63853349 1.24267664
v -1.13348426 10.63853349 2.38553378
v -1.13348426 10.63853349 3.14743854
v -1.13348426 10.63853349 3.90934331
v -1.13348426 10.63853349 4.67124807
v -0.75253188 10.63853349 5.05220045
v -0.75253188 11.01948588 1.62362902
v -0.75253188 11.01948588 2.38553378
v -0.75253188 11.40043826 2.76648616
v -1.13348426 11.40043826 3.14743854
v -1.13348426 11.40043826 3.90934331
v -1.13348426 11.40043826 4.67124807
v -0.75253188 11.40043826 5.05220045
v -0.75253188 11.78139064 3.14743854
v -0.75253188 12.16234302 3.52839092
v -1.13348426 12.16234302 3.90934331
v -1.13348426 12.16234302 4.67124807
v -0.75253188 12.16234302 5.05220045
v -0.75253188 12.54329540 3.90934331
v -0.75253188 12.92424778 4.29029569
v -1.13348426 12.92424778 4.67124807
v -0.75253188 12.92424778 5.05220045
v -0.75253188 13.30520016 4.67124807
v -0.37157950 -11.45670460 0.86172426
v 0.00937289 -11.83765698 0.86172426
v 0.00937289 -11.45670460 0.48077188
v 0.00937289 -11.83765698 1.62362902
v 0.00937289 -11.83765698 2.38553378
v -0.37157950 -11.45670460 3.14743854
v 0.00937289 -11.83765698 3.14743854
v 0.00937289 -11.45670460 3.52839092
v 0.00937289 -11.07575222 0.09981950
v 0.00937289 -10.69479984 -0.28113288
v -0.37157950 -10.69479984 3.90934331
v 0.00937289 -11.07575222 3.90934331
v 0.00937289 -10.69479984 4.29029569
v 0.00937289 -10.31384746 -0.66208527
v 0.00937289 -9.93289508 -1.04303765
v 0.00937289 -9.93289508 4.29029569
v 0.00937289 -9.55194270 -1.42399003
v 0.00937289 -9.17099031 -1.80494241
v -0.37157950 -9.17099031 1.62362902
v 0.00937289 -9.17099031 4.29029569
v 0.00937289 -8.79003793 -2.18589479
v 0.00937289 -8.40908555 -2.56684717
v 0.00937289 -8.40908555 0.48077188
v 0.00937289 -8.79003793 0.86172426
v 0.00937289 -8.79003793 1.62362902
v 0.00937289 -8.40908555 2.00458140
v 0.00937289 -8.40908555 4.29029569
v 0.00937289 -7.64718079 -2.56684717
v 0.00937289 -8.02813317 0.86172426
v 0.00937289 -7.64718079 1.24267664
v 0.00937289 -7.64718079 2.00458140
v 0.00937289 -7.64718079 4.29029569
v 0.00937289 -7.26622841 -2.94779955
v 0.00937289 -6.88527603 -3.32875193
v 0.00937289 -7.26622841 1.62362902
v 0.00937289 -6.88527603 4.29029569
v 0.00937289 -6.50432365 -3.70970431
v 0.00937289 -6.12337127 -4.09065669
v 0.00937289 -6.12337127 -2.56684717
v 0.00937289 -6.50432365 -2.18589479
v 0.00937289 -6.50432365 -1.42399003
v 0.00937289 -6.50432365 -0.66208527
v 0.00937289 -6.50432365 0.09981950
v 0.00937289 -6.50432365 0.86172426
v -0.37157950 -6.12337127 0.86172426
v 0.00937289 -6.12337127 1.24267664
v 0.00937289 -6.12337127 4.29029569
v 0.00937289 -5.74241889 -4.47160908
v 0.00937289 -5.36146651 -4.85256146
v 0.00937289 -5.36146651 -3.32875193
v 0.00937289 -5.74241889 -2.94779955
v 0.00937289 -5.74241889 1.62362902
v 0.00937289 -5.74241889 2.38553378
v 0.00937289 -5.36146651 2.76648616
v 0.00937289 -5.74241889 4.67124807
v 0.00937289 -5.36146651 5.05220045
v 0.00937289 -4.59956174 -4.85256146
v 0.00937289 -4.59956174 -4.09065669
v 0.00937289 -4.98051412 -3.70970431
v 0.00937289 -4.98051412 3.14743854
v 0.00937289 -4.59956174 3.52839092
v 0.00937289 -4.59956174 5.05220045
v 0.00937289 -3.83765698 -4.85256146
v 0.00937289 -3.83765698 -4.09065669
v 0.00937289 -4.21860936 3.90934331
v 0.00937289 -3.83765698 4.29029569
v 0.00937289 -3.83765698 5.05220045
v 0.00937289 -3.07575222 -4.85256146
v 0.00937289 -3.07575222 -4.09065669
v 0.00937289 -3.07575222 4.29029569
v 0.00937289 -3.45670460 5.43315283
v 0.00937289 -3.07575222 5.81410521
v 0.00937289 -2.31384746 -4.85256146
v 0.00937289 -2.31384746 -4.09065669
v 0.00937289 -2.31384746 4.29029569
v 0.00937289 -2.31384746 5.81410521
v 0.00937289 -1.55194270 -4.85256146
v 0.00937289 -1.55194270 -4.09065669
v 0.00937289 -1.55194270 4.29029569
v 0.00937289 -1.93289508 6.19505759
v 0.00937289 -1.93289508 6.95696235
v 0.00937289 -1.55194270 7.33791473
v 0.00937289 -0.79003793 -4.85256146
v 0.00937289 -0.79003793 -4.09065669
v 0.00937289 -1.17099031 4.67124807
v -0.37157950 -0.79003793 4.67124807
v 0.00937289 -0.79003793 5.05220045
v 0.00937289 -0.79003793 7.33791473
v 0.00937289 -0.02813317 -4.85256146
v 0.00937289 -0.02813317 -4.09065669
v 0.00937289 -0.02813317 5.05220045
v 0.00937289 -0.02813317 7.33791473
v 0.00937289 0.73377159 -4.85256146
v 0.00937289 0.73377159 -4.09065669
v -0.37157950 0.73377159 4.67124807
v 0.00937289 0.73377159 5.05220045
v 0.00937289 0.73377159 7.33791473
v 0.00937289 1.49567635 -4.85256146
v 0.00937289 1.49567635 -4.09065669
v 0.00937289 1.11472397 4.67124807
v 0.00937289 1.49567635 4.29029569
v 0.00937289 1.49567635 7.33791473
v 0.00937289 2.25758111 -4.85256146
v 0.00937289 2.25758111 -4.09065669
v 0.00937289 2.25758111 4.29029569
v 0.00937289 2.25758111 5.81410521
v 0.00937289 1.87662873 6.19505759
v 0.00937289 1.87662873 6.95696235
v 0.00937289 3.01948588 -4.85256146
v 0.00937289 3.01948588 -4.09065669
v 0.00937289 3.01948588 4.29029569
v 0.00937289 3.01948588 5.81410521
v 0.00937289 3.78139064 -4.85256146
v 0.00937289 3.78139064 -4.09065669
v 0.00937289 3.78139064 4.29029569
v 0.00937289 3.78139064 5.05220045
v 0.00937289 3.40043826 5.43315283
v 0.00937289 4.54329540 -4.85256146
v 0.00937289 4.54329540 -4.09065669
v 0.00937289 4.16234302 3.90934331
v 0.00937289 4.54329540 3.52839092
v 0.00937289 4.54329540 5.05220045
v 0.00937289 5.30520016 -4.85256146
v 0.00937289 4.92424778 -3.70970431
v 0.00937289 5.30520016 -3.32875193
v 0.00937289 5.30520016 3.52839092
v 0.00937289 5.30520016 5.05220045
v 0.00937289 5.68615254 -4.47160908
v 0.00937289 6.06710492 -4.09065669
v 0.00937289 5.68615254 -2.94779955
v 0.00937289 5.68615254 -2.18589479
v -0.37157950 6.06710492 -1.42399003
v 0.00937289 6.06710492 -1.80494241
v -0.37157950 6.06710492 0.09981950
v 0.00937289 6.06710492 0.48077188
v 0.00937289 5.68615254 0.86172426
v -0.37157950 6.06710492 1.62362902
v 0.00937289 6.06710492 1.24267664
v 0.00937289 6.06710492 2.00458140
v 0.00937289 5.68615254 2.38553378
v 0.00937289 5.68615254 3.14743854
v 0.00937289 6.06710492 5.05220045
v 0.00937289 6.44805730 -3.70970431
v 0.00937289 6.82900969 -3.32875193
v 0.00937289 6.44805730 -1.42399003
v 0.00937289 6.44805730 -0.66208527
v 0.00937289 6.44805730 0.09981950
v 0.00937289 6.44805730 1.62362902
v 0.00937289 6.82900969 3.52839092
v 0.00937289 6.44805730 3.90934331
v 0.00937289 6.44805730 4.67124807
v 0.00937289 7.20996207 -2.94779955
v 0.00937289 7.59091445 -2.56684717
v 0.00937289 7.59091445 1.24267664
v 0.00937289 7.20996207 1.62362902
v 0.00937289 7.20996207 2.38553378
v 0.00937289 7.20996207 3.14743854
v 0.00937289 8.35281921 -2.56684717
v -0.37157950 8.35281921 -0.66208527
v 0.00937289 8.35281921 -1.04303765
v 0.00937289 7.97186683 -0.66208527
v 0.00937289 7.97186683 0.09981950
v 0.00937289 8.35281921 0.48077188
v 0.00937289 7.97186683 1.62362902
v -0.37157950 8.35281921 2.38553378
v 0.00937289 7.97186683 2.38553378
v 0.00937289 8.35281921 2.76648616
v 0.00937289 8.73377159 -2.18589479
v 0.00937289 9.11472397 -1.80494241
v 0.00937289 8.73377159 -0.66208527
v 0.00937289 8.73377159 0.09981950
v 0.00937289 8.73377159 0.86172426
v -0.37157950 9.11472397 0.86172426
v 0.00937289 9.11472397 0.48077188
v 0.00937289 9.11472397 1.24267664
v 0.00937289 8.73377159 3.14743854
v 0.00937289 8.73377159 3.90934331
v 0.00937289 9.11472397 4.29029569
v 0.00937289 9.49567635 -1.42399003
v 0.00937289 9.87662873 -1.04303765
v 0.00937289 9.49567635 0.86172426
v 0.00937289 9.49567635 4.67124807
v 0.00937289 9.87662873 5.05220045
v 0.00937289 10.25758111 -0.66208527
v 0.00937289 10.25758111 0.09981950
v 0.00937289 10.25758111 0.86172426
v 0.00937289 10.63853349 1.24267664
v 0.00937289 10.63853349 5.05220045
v 0.00937289 11.01948588 1.62362902
v 0.00937289 11.01948588 2.38553378
v 0.00937289 11.40043826 2.76648616
v 0.00937289 11.40043826 5.05220045
v 0.00937289 11.78139064 3.14743854
v 0.00937289 12.16234302 3.52839092
v 0.00937289 12.16234302 5.05220045
v 0.00937289 12.54329540 3.90934331
v 0.00937289 12.92424778 4.29029569
v 0.00937289 12.92424778 5.05220045
v 0.00937289 13.30520016 4.67124807
v 0.39032527 -11.45670460 0.86172426
v 0.77127765 -11.45670460 1.24267664
v 0.77127765 -11.83765698 1.62362902
v 0.77127765 -11.83765698 2.38553378
v 0.39032527 -11.45670460 3.14743854
v 0.77127765 -11.45670460 2.76648616
v 0.77127765 -11.07575222 0.09981950
v 0.77127765 -10.69479984 -0.28113288
v 0.77127765 -11.07575222 0.86172426
v 0.77127765 -11.07575222 3.14743854
v 0.39032527 -10.69479984 3.90934331
v 0.77127765 -10.69479984 3.52839092
v 0.77127765 -10.31384746 -0.66208527
v 0.77127765 -9.93289508 -1.04303765
v 0.77127765 -10.31384746 3.90934331
v 0.77127765 -9.93289508 4.29029569
v 0.77127765 -9.55194270 -1.42399003
v 0.77127765 -9.17099031 -1.80494241
v 0.39032527 -9.17099031 1.62362902
v 0.77127765 -9.17099031 1.24267664
v 0.77127765 -9.55194270 1.62362902
v 0.77127765 -9.17099031 2.00458140
v 0.77127765 -9.17099031 4.29029569
v 0.77127765 -8.79003793 -2.18589479
v 0.77127765 -8.40908555 -2.56684717
v 0.77127765 -8.40908555 0.48077188
v 0.77127765 -8.79003793 0.86172426
v 0.77127765 -8.40908555 2.00458140
v 0.77127765 -8.40908555 4.29029569
v 0.77127765 -7.64718079 -2.56684717
v 0.77127765 -8.02813317 0.86172426
v 0.77127765 -7.64718079 1.24267664
v 0.77127765 -7.64718079 2.00458140
v 0.77127765 -7.64718079 4.29029569
v 0.77127765 -7.26622841 -2.94779955
v 0.77127765 -6.88527603 -3.32875193
v 0.77127765 -7.26622841 1.62362902
v 0.77127765 -6.88527603 4.29029569
v 0.77127765 -6.50432365 -3.70970431
v 0.77127765 -6.12337127 -4.09065669
v 0.77127765 -6.12337127 -2.56684717
v 0.77127765 -6.50432365 -2.18589479
v 0.77127765 -6.50432365 -1.42399003
v 0.77127765 -6.50432365 -0.66208527
v 0.77127765 -6.50432365 0.09981950
v 0.39032527 -6.12337127 0.86172426
v 0.77127765 -6.12337127 0.48077188
v 0.77127765 -6.12337127 4.29029569
v 0.77127765 -5.74241889 -4.47160908
v 0.77127765 -5.36146651 -4.85256146
v 0.77127765 -5.36146651 -3.32875193
v 0.77127765 -5.74241889 -2.94779955
v 0.77127765 -5.74241889 0.86172426
v 0.77127765 -5.74241889 1.62362902
v 0.77127765 -5.74241889 2.38553378
v 0.77127765 -5.36146651 2.76648616
v 0.77127765 -5.74241889 4.67124807
v 0.77127765 -5.36146651 5.05220045
v 0.77127765 -4.59956174 -4.85256146
v 0.77127765 -4.59956174 -4.09065669
v 0.77127765 -4.98051412 -3.70970431
v 0.77127765 -4.98051412 3.14743854
v 0.77127765 -4.59956174 3.52839092
v 0.77127765 -4.59956174 5.05220045
v 0.77127765 -3.83765698 -4.85256146
v 0.77127765 -3.83765698 -4.09065669
v 0.77127765 -4.21860936 3.90934331
v 0.77127765 -3.83765698 4.29029569
v 0.77127765 -3.83765698 5.05220045
v 0.77127765 -3.07575222 -4.85256146
v 0.77127765 -3.07575222 -4.09065669
v 0.77127765 -3.07575222 4.29029569
v 0.77127765 -3.45670460 5.43315283
v 0.77127765 -3.07575222 5.81410521
v 0.77127765 -2.31384746 -4.85256146
v 0.77127765 -2.31384746 -4.09065669
v 0.77127765 -2.31384746 4.29029569
v 0.77127765 -2.31384746 5.81410521
v 0.77127765 -1.55194270 -4.85256146
v 0.77127765 -1.55194270 -4.09065669
v 0.77127765 -1.55194270 4.29029569
v 0.77127765 -1.93289508 6.19505759
v 0.77127765 -1.93289508 6.95696235
v 0.77127765 -1.55194270 7.33791473
v 0.77127765 -0.79003793 -4.85256146
v 0.77127765 -0.79003793 -4.09065669
v 0.39032527 -0.79003793 4.67124807
v 0.77127765 -0.79003793 4.29029569
v 0.77127765 -0.79003793 7.33791473
v 0.77127765 -0.02813317 -4.85256146
v 0.77127765 -0.02813317 -4.09065669
v 0.77127765 -0.40908555 4.67124807
v 0.77127765 -0.02813317 5.05220045
v 0.77127765 -0.02813317 7.33791473
v 0.77127765 0.73377159 -4.85256146
v 0.77127765 0.73377159 -4.09065669
v 0.39032527 0.73377159 4.67124807
v 0.77127765 0.35281921 4.67124807
v 0.77127765 0.73377159 4.29029569
v 0.77127765 0.73377159 7.33791473
v 0.77127765 1.49567635 -4.85256146
v 0.77127765 1.49567635 -4.09065669
v 0.77127765 1.49567635 4.29029569
v 0.77127765 1.49567635 7.33791473
v 0.77127765 2.25758111 -4.85256146
v 0.77127765 2.25758111 -4.09065669
v 0.77127765 2.25758111 4.29029569
v 0.77127765 2.25758111 5.81410521
v 0.77127765 1.87662873 6.19505759
v 0.77127765 1.87662873 6.95696235
v 0.77127765 3.01948588 -4.85256146
v 0.77127765 3.01948588 -4.09065669
v 0.77127765 3.01948588 4.29029569
v 0.77127765 3.01948588 5.81410521
v 0.77127765 3.78139064 -4.85256146
v 0.77127765 3.78139064 -4.09065669
v 0.77127765 3.78139064 4.29029569
v 0.77127765 3.78139064 5.05220045
v 0.77127765 3.40043826 5.43315283
v 0.77127765 4.54329540 -4.85256146
v 0.77127765 4.54329540 -4.09065669
v 0.77127765 4.16234302 3.90934331
v 0.77127765 4.54329540 3.52839092
v 0.77127765 4.54329540 5.05220045
v 0.77127765 5.30520016 -4.85256146
v 0.77127765 4.92424778 -3.70970431
v 0.77127765 5.30520016 -3.32875193
v 0.39032527 5.30520016 3.14743854
v 0.77127765 4.92424778 3.14743854
v 0.77127765 5.30520016 2.76648616
v 0.77127765 5.30520016 5.05220045
v 0.77127765 5.68615254 -4.47160908
v 0.77127765 6.06710492 -4.09065669
v 0.77127765 5.68615254 -2.94779955
v 0.77127765 5.68615254 -2.18589479
v 0.39032527 6.06710492 -1.42399003
v 0.77127765 5.68615254 -1.42399003
v 0.77127765 6.06710492 -1.04303765
v 0.39032527 6.06710492 0.09981950
v 0.77127765 5.68615254 0.09981950
v 0.77127765 6.06710492 -0.28113288
v 0.77127765 5.68615254 0.86172426
v 0.39032527 6.06710492 1.62362902
v 0.77127765 5.68615254 1.62362902
v 0.77127765 5.68615254 2.38553378
v 0.77127765 6.06710492 5.05220045
v 0.77127765 6.44805730 -3.70970431
v 0.77127765 6.82900969 -3.32875193
v 0.77127765 6.44805730 -0.66208527
v 0.77127765 6.82900969 3.52839092
v 0.77127765 6.44805730 3.90934331
v 0.77127765 6.44805730 4.67124807
v 0.77127765 7.20996207 -2.94779955
v 0.77127765 7.59091445 -2.56684717
v 0.77127765 7.59091445 1.24267664
v 0.77127765 7.20996207 1.62362902
v 0.77127765 7.20996207 2.38553378
v 0.77127765 7.20996207 3.14743854
v 0.77127765 8.35281921 -2.56684717
v 0.39032527 8.35281921 -0.66208527
v 0.77127765 8.35281921 -0.28113288
v 0.77127765 7.97186683 0.09981950
v 0.77127765 8.35281921 0.48077188
v 0.77127765 7.97186683 1.62362902
v 0.39032527 8.35281921 2.38553378
v 0.77127765 8.35281921 2.00458140
v 0.77127765 8.73377159 -2.18589479
v 0.77127765 9.11472397 -1.80494241
v 0.77127765 8.73377159 0.09981950
v 0.39032527 9.11472397 0.86172426
v 0.77127765 8.73377159 2.38553378
v 0.77127765 8.73377159 3.14743854
v 0.77127765 8.73377159 3.90934331
v 0.77127765 9.11472397 4.29029569
v 0.77127765 9.49567635 -1.42399003
v 0.77127765 9.87662873 -1.04303765
v 0.77127765 9.49567635 4.67124807
v 0.77127765 9.87662873 5.05220045
v 0.77127765 10.25758111 -0.66208527
v 0.77127765 10.25758111 0.09981950
v 0.77127765 10.25758111 0.86172426
v 0.77127765 10.63853349 1.24267664
v 0.77127765 10.63853349 5.05220045
v 0.77127765 11.01948588 1.62362902
v 0.77127765 11.01948588 2.38553378
v 0.77127765 11.40043826 2.76648616
v 0.77127765 11.40043826 5.05220045
v 0.77127765 11.78139064 3.14743854
v 0.77127765 12.16234302 3.52839092
v 0.77127765 12.16234302 5.05220045
v 0.77127765 12.54329540 3.90934331
v 0.77127765 12.92424778 4.29029569
v 0.77127765 12.92424778 5.05220045
v 0.77127765 13.30520016 4.67124807
v 1.15223003 -11.45670460 1.62362902
v 1.15223003 -11.45670460 2.38553378
v 1.15223003 -10.69479984 0.09981950
v 1.15223003 -10.69479984 0.86172426
v 1.15223003 -10.69479984 1.62362902
v 1.15223003 -10.69479984 2.38553378
v 1.15223003 -10.69479984 3.14743854
v 1.15223003 -9.93289508 -0.66208527
v 1.15223003 -9.93289508 0.09981950
v 1.15223003 -9.93289508 0.86172426
v 1.15223003 -9.93289508 1.62362902
v 1.15223003 -9.93289508 2.38553378
v 1.15223003 -9.93289508 3.14743854
v 1.15223003 -9.93289508 3.90934331
v 1.15223003 -9.17099031 -1.42399003
v 1.15223003 -9.17099031 -0.66208527
v 1.15223003 -9.17099031 0.09981950
v 1.15223003 -9.17099031 0.86172426
v 1.15223003 -9.17099031 2.38553378
v 1.15223003 -9.17099031 3.14743854
v 1.15223003 -9.17099031 3.90934331
v 1.15223003 -8.40908555 -2.18589479
v 1.15223003 -8.40908555 -1.42399003
v 1.15223003 -8.40908555 -0.66208527
v 1.15223003 -8.40908555 0.09981950
v 1.15223003 -8.40908555 2.38553378
v 1.15223003 -8.40908555 3.14743854
v 1.15223003 -8.40908555 3.90934331
v 1.53318241 -8.02813317 -2.18589479
v 1.53318241 -7.64718079 -2.56684717
v 1.53318241 -8.02813317 -1.42399003
v 1.53318241 -8.02813317 -0.66208527
v 1.53318241 -8.02813317 0.09981950
v 1.15223003 -7.64718079 0.86172426
v 1.53318241 -7.64718079 0.48077188
v 1.15223003 -7.64718079 2.38553378
v 1.15223003 -7.64718079 3.14743854
v 1.15223003 -7.64718079 3.90934331
v 1.53318241 -7.26622841 -2.94779955
v 1.53318241 -6.88527603 -3.32875193
v 1.53318241 -7.26622841 0.86172426
v 1.53318241 -7.26622841 1.62362902
v 1.53318241 -7.26622841 2.38553378
v 1.15223003 -6.88527603 3.14743854
v 1.53318241 -6.88527603 2.76648616
v 1.15223003 -6.88527603 3.90934331
v 1.53318241 -6.50432365 -3.70970431
v 1.53318241 -6.12337127 -4.09065669
v 1.15223003 -6.12337127 -2.18589479
v 1.53318241 -6.12337127 -1.80494241
v 1.53318241 -6.50432365 -1.42399003
v 1.53318241 -6.50432365 -0.66208527
v 1.53318241 -6.50432365 0.09981950
v 1.53318241 -6.12337127 0.48077188
v 1.53318241 -6.50432365 3.14743854
v 1.53318241 -6.50432365 3.90934331
v 1.53318241 -6.12337127 4.29029569
v 1.53318241 -5.74241889 -4.47160908
v 1.53318241 -5.36146651 -4.85256146
v 1.15223003 -5.36146651 -2.94779955
v 1.53318241 -5.36146651 -2.56684717
v 1.53318241 -5.74241889 -2.18589479
v 1.53318241 -5.74241889 0.86172426
v 1.53318241 -5.74241889 1.62362902
v 1.53318241 -5.74241889 2.38553378
v 1.53318241 -5.36146651 2.76648616
v 1.53318241 -5.74241889 4.67124807
v 1.53318241 -5.36146651 5.05220045
v 1.53318241 -4.59956174 -4.85256146
v 1.15223003 -4.59956174 -3.70970431
v 1.53318241 -4.59956174 -3.32875193
v 1.53318241 -4.98051412 -2.94779955
v 1.53318241 -4.98051412 3.14743854
v 1.53318241 -4.59956174 3.52839092
v 1.53318241 -4.59956174 5.05220045
v 1.53318241 -3.83765698 -4.85256146
v 1.53318241 -3.83765698 -4.09065669
v 1.53318241 -4.21860936 -3.70970431
v 1.53318241 -4.21860936 3.90934331
v 1.53318241 -3.83765698 4.29029569
v 1.53318241 -3.83765698 5.05220045
v 1.53318241 -3.07575222 -4.85256146
v 1.53318241 -3.07575222 -4.09065669
v 1.53318241 -3.07575222 4.29029569
v 1.15223003 -3.07575222 5.43315283
v 1.53318241 -3.07575222 5.05220045
v 1.53318241 -2.31384746 -4.85256146
v 1.53318241 -2.31384746 -4.09065669
v 1.53318241 -2.31384746 4.29029569
v 1.53318241 -2.69479984 5.43315283
v 1.53318241 -2.31384746 5.81410521
v 1.53318241 -1.55194270 -4.85256146
v 1.53318241 -1.55194270 -4.09065669
v 1.53318241 -1.55194270 4.29029569
v 1.15223003 -1.55194270 6.19505759
v 1.53318241 -1.55194270 5.81410521
v 1.15223003 -1.55194270 6.95696235
v 1.53318241 -0.79003793 -4.85256146
v 1.53318241 -0.79003793 -4.09065669
v 1.53318241 -0.79003793 4.29029569
v 1.53318241 -1.17099031 6.19505759
v 1.53318241 -1.17099031 6.95696235
v 1.53318241 -0.79003793 7.33791473
v 1.53318241 -0.02813317 -4.85256146
v 1.53318241 -0.02813317 -4.09065669
v 1.15223003 -0.02813317 4.67124807
v 1.53318241 -0.02813317 4.29029569
v 1.53318241 -0.02813317 7.33791473
v 1.53318241 0.73377159 -4.85256146
v 1.53318241 0.73377159 -4.09065669
v 1.53318241 0.73377159 4.29029569
v 1.53318241 0.73377159 7.33791473
v 1.53318241 1.49567635 -4.85256146
v 1.53318241 1.49567635 -4.09065669
v 1.53318241 1.49567635 4.29029569
v 1.15223003 1.49567635 6.19505759
v 1.53318241 1.49567635 5.81410521
v 1.53318241 1.11472397 6.19505759
v 1.53318241 1.11472397 6.95696235
v 1.15223003 1.49567635 6.95696235
v 1.53318241 2.25758111 -4.85256146
v 1.53318241 2.25758111 -4.09065669
v 1.53318241 2.25758111 4.29029569
v 1.53318241 2.25758111 5.81410521
v 1.53318241 3.01948588 -4.85256146
v 1.53318241 3.01948588 -4.09065669
v 1.53318241 3.01948588 4.29029569
v 1.53318241 3.01948588 5.81410521
v 1.53318241 3.78139064 -4.85256146
v 1.53318241 3.78139064 -4.09065669
v 1.53318241 3.78139064 4.29029569
v 1.53318241 3.78139064 5.05220045
v 1.53318241 3.40043826 5.43315283
v 1.53318241 4.54329540 -4.85256146
v 1.53318241 4.16234302 -3.70970431
v 1.15223003 4.54329540 -3.70970431
v 1.53318241 4.54329540 -3.32875193
v 1.53318241 4.16234302 3.90934331
v 1.53318241 4.54329540 3.52839092
v 1.53318241 4.54329540 5.05220045
v 1.53318241 5.30520016 -4.85256146
v 1.15223003 5.30520016 -2.94779955
v 1.53318241 4.92424778 -2.94779955
v 1.53318241 5.30520016 -2.56684717
v 1.53318241 4.92424778 3.14743854
v 1.53318241 5.30520016 2.76648616
v 1.53318241 5.30520016 5.05220045
v 1.53318241 5.68615254 -4.47160908
v 1.53318241 6.06710492 -4.09065669
v 1.53318241 5.68615254 -2.18589479
v 1.53318241 5.68615254 -1.42399003
v 1.15223003 6.06710492 -0.66208527
v 1.53318241 5.68615254 -0.66208527
v 1.53318241 5.68615254 0.09981950
v 1.53318241 5.68615254 0.86172426
v 1.53318241 5.68615254 1.62362902
v 1.53318241 5.68615254 2.38553378
v 1.53318241 6.06710492 5.05220045
v 1.53318241 6.44805730 -3.70970431
v 1.53318241 6.82900969 -3.32875193
v 1.15223003 6.82900969 3.14743854
v 1.53318241 6.82900969 2.76648616
v 1.53318241 6.44805730 3.14743854
v 1.53318241 6.44805730 3.90934331
v 1.53318241 6.44805730 4.67124807
v 1.53318241 7.20996207 -2.94779955
v 1.53318241 7.59091445 -2.56684717
v 1.53318241 7.59091445 1.24267664
v 1.53318241 7.20996207 1.62362902
v 1.53318241 7.20996207 2.38553378
v 1.53318241 7.97186683 -2.18589479
v 1.15223003 8.35281921 -2.18589479
v 1.53318241 8.35281921 -1.80494241
v 1.15223003 8.35281921 0.09981950
v 1.53318241 7.97186683 1.62362902
v 1.53318241 8.35281921 2.00458140
v 1.53318241 9.11472397 -1.80494241
v 1.53318241 8.73377159 2.38553378
v 1.15223003 9.11472397 3.14743854
v 1.53318241 9.11472397 2.76648616
v 1.15223003 9.11472397 3.90934331
v 1.53318241 9.49567635 -1.42399003
v 1.53318241 9.49567635 -0.66208527
v 1.15223003 9.87662873 -0.66208527
v 1.53318241 9.87662873 -0.28113288
v 1.15223003 9.87662873 3.14743854
v 1.53318241 9.87662873 2.76648616
v 1.15223003 9.87662873 3.90934331
v 1.15223003 9.87662873 4.67124807
v 1.53318241 10.25758111 0.09981950
v 1.53318241 10.25758111 0.86172426
v 1.53318241 10.25758111 1.62362902
v 1.15223003 10.63853349 1.62362902
v 1.53318241 10.25758111 2.38553378
v 1.15223003 10.63853349 2.38553378
v 1.15223003 10.63853349 3.14743854
v 1.15223003 10.63853349 3.90934331
v 1.15223003 10.63853349 4.67124807
v 1.15223003 11.40043826 3.14743854
v 1.15223003 11.40043826 3.90934331
v 1.15223003 11.40043826 4.67124807
v 1.15223003 12.16234302 3.90934331
v 1.15223003 12.16234302 4.67124807
v 1.15223003 12.92424778 4.67124807
v 2.29508717 -8.02813317 -2.18589479
v 2.29508717 -7.64718079 -2.56684717
v 2.29508717 -8.02813317 -1.42399003
v 2.29508717 -8.02813317 -0.66208527
v 1.91413479 -7.64718079 0.09981950
v 2.29508717 -7.64718079 -0.28113288
v 2.29508717 -7.26622841 -2.94779955
v 2.29508717 -6.88527603 -3.32875193
v 2.29508717 -7.26622841 0.09981950
v 2.29508717 -7.26622841 0.86172426
v 2.29508717 -7.26622841 1.62362902
v 1.91413479 -6.88527603 2.38553378
v 2.29508717 -6.88527603 2.00458140
v 2.29508717 -6.50432365 -3.70970431
v 2.29508717 -6.12337127 -4.09065669
v 1.91413479 -6.12337127 -1.42399003
v 2.29508717 -6.12337127 -1.04303765
v 2.29508717 -6.50432365 -0.66208527
v 1.91413479 -6.12337127 0.09981950
v 2.29508717 -6.12337127 -0.28113288
v 2.29508717 -6.50432365 2.38553378
v 2.29508717 -6.50432365 3.14743854
v 2.29508717 -6.50432365 3.90934331
v 2.29508717 -6.12337127 4.29029569
v 2.29508717 -5.74241889 -4.47160908
v 2.29508717 -5.36146651 -4.85256146
v 2.29508717 -5.36146651 -2.56684717
v 2.29508717 -5.74241889 -2.18589479
v 2.29508717 -5.74241889 -1.42399003
v 2.29508717 -5.74241889 0.09981950
v 2.29508717 -5.74241889 0.86172426
v 2.29508717 -5.74241889 1.62362902
v 1.91413479 -5.36146651 2.38553378
v 2.29508717 -5.36146651 2.00458140
v 2.29508717 -5.74241889 4.67124807
v 2.29508717 -5.36146651 5.05220045
v 2.29508717 -4.59956174 -4.85256146
v 2.29508717 -4.59956174 -3.32875193
v 2.29508717 -4.98051412 -2.94779955
v 2.29508717 -4.98051412 2.38553378
v 2.29508717 -4.98051412 3.14743854
v 2.29508717 -4.59956174 3.52839092
v 2.29508717 -4.59956174 5.05220045
v 2.29508717 -3.83765698 -4.85256146
v 2.29508717 -3.83765698 -4.09065669
v 2.29508717 -4.21860936 -3.70970431
v 1.91413479 -3.83765698 3.90934331
v 2.29508717 -3.83765698 3.52839092
v 2.29508717 -3.83765698 5.05220045
v 2.29508717 -3.07575222 -4.85256146
v 2.29508717 -3.07575222 -4.09065669
v 2.29508717 -3.45670460 3.90934331
v 2.29508717 -3.07575222 4.29029569
v 2.29508717 -3.07575222 5.05220045
v 2.29508717 -2.31384746 -4.85256146
v 2.29508717 -2.31384746 -4.09065669
v 2.29508717 -2.31384746 4.29029569
v 2.29508717 -2.69479984 5.43315283
v 2.29508717 -2.31384746 5.81410521
v 2.29508717 -1.55194270 -4.85256146
v 2.29508717 -1.55194270 -4.09065669
v 2.29508717 -1.55194270 4.29029569
v 2.29508717 -1.55194270 5.81410521
v 2.29508717 -0.79003793 -4.85256146
v 2.29508717 -0.79003793 -4.09065669
v 2.29508717 -0.79003793 4.29029569
v 1.91413479 -0.79003793 6.19505759
v 2.29508717 -0.79003793 5.81410521
v 1.91413479 -0.79003793 6.95696235
v 2.29508717 -0.02813317 -4.85256146
v 2.29508717 -0.02813317 -4.09065669
v 2.29508717 -0.02813317 4.29029569
v 1.91413479 -0.02813317 6.19505759
v 2.29508717 -0.02813317 5.81410521
v 1.91413479 -0.02813317 6.95696235
v 2.29508717 0.73377159 -4.85256146
v 2.29508717 0.73377159 -4.09065669
v 2.29508717 0.73377159 4.29029569
v 1.91413479 0.73377159 6.19505759
v 2.29508717 0.73377159 5.81410521
v 1.91413479 0.73377159 6.95696235
v 2.29508717 1.49567635 -4.85256146
v 2.29508717 1.49567635 -4.09065669
v 2.29508717 1.49567635 4.29029569
v 2.29508717 1.49567635 5.81410521
v 2.29508717 2.25758111 -4.85256146
v 2.29508717 2.25758111 -4.09065669
v 2.29508717 2.25758111 4.29029569
v 2.29508717 2.25758111 5.81410521
v 2.29508717 3.01948588 -4.85256146
v 2.29508717 3.01948588 -4.09065669
v 2.29508717 3.01948588 4.29029569
v 1.91413479 3.01948588 5.43315283
v 2.29508717 3.01948588 5.05220045
v 2.29508717 2.63853349 5.43315283
v 2.29508717 3.78139064 -4.85256146
v 2.29508717 3.78139064 -4.09065669
v 1.91413479 3.78139064 3.90934331
v 2.29508717 3.40043826 3.90934331
v 2.29508717 3.78139064 3.52839092
v 2.29508717 3.78139064 5.05220045
v 2.29508717 4.54329540 -4.85256146
v 2.29508717 4.16234302 -3.70970431
v 2.29508717 4.54329540 -3.32875193
v 2.29508717 4.54329540 3.52839092
v 2.29508717 4.54329540 5.05220045
v 2.29508717 5.30520016 -4.85256146
v 2.29508717 4.92424778 -2.94779955
v 2.29508717 5.30520016 -2.56684717
v 1.91413479 5.30520016 2.38553378
v 2.29508717 4.92424778 2.38553378
v 2.29508717 5.30520016 2.00458140
v 2.29508717 4.92424778 3.14743854
v 2.29508717 5.30520016 5.05220045
v 2.29508717 5.68615254 -4.47160908
v 2.29508717 6.06710492 -4.09065669
v 2.29508717 5.68615254 -2.18589479
v 2.29508717 5.68615254 -1.42399003
v 2.29508717 5.68615254 -0.66208527
v 1.91413479 6.06710492 0.09981950
v 2.29508717 6.06710492 -0.28113288
v 2.29508717 6.06710492 0.48077188
v 2.29508717 5.68615254 0.86172426
v 2.29508717 5.68615254 1.62362902
v 1.91413479 6.06710492 4.67124807
v 2.29508717 6.06710492 4.29029569
v 2.29508717 5.68615254 4.67124807
v 2.29508717 6.44805730 -3.70970431
v 2.29508717 6.82900969 -3.32875193
v 2.29508717 6.44805730 0.09981950
v 2.29508717 6.82900969 2.76648616
v 2.29508717 6.44805730 3.14743854
v 2.29508717 6.44805730 3.90934331
v 2.29508717 7.20996207 -2.94779955
v 2.29508717 7.59091445 -2.56684717
v 1.91413479 7.59091445 0.09981950
v 2.29508717 7.59091445 -0.28113288
v 2.29508717 7.20996207 0.09981950
v 2.29508717 7.20996207 0.86172426
v 1.91413479 7.59091445 0.86172426
v 2.29508717 7.20996207 1.62362902
v 2.29508717 7.20996207 2.38553378
v 2.29508717 7.97186683 -2.18589479
v 2.29508717 7.97186683 -1.42399003
v 1.91413479 8.35281921 -1.42399003
v 2.29508717 7.97186683 -0.66208527
v 1.91413479 8.35281921 -0.66208527
v 1.91413479 8.35281921 0.09981950
v 1.91413479 8.35281921 0.86172426
v 1.91413479 8.35281921 1.62362902
v 1.91413479 9.11472397 -1.42399003
v 1.91413479 9.11472397 -0.66208527
v 1.91413479 9.11472397 0.09981950
v 1.91413479 9.11472397 0.86172426
v 1.91413479 9.11472397 1.62362902
v 1.91413479 9.11472397 2.38553378
v 1.91413479 9.87662873 0.09981950
v 1.91413479 9.87662873 0.86172426
v 1.91413479 9.87662873 1.62362902
v 1.91413479 9.87662873 2.38553378
v 2.67603955 -7.64718079 -2.18589479
v 2.67603955 -7.64718079 -1.42399003
v 2.67603955 -7.64718079 -0.66208527
v 2.67603955 -6.88527603 -2.94779955
v 3.05699193 -6.88527603 -2.56684717
v 3.05699193 -7.26622841 -2.18589479
v 3.05699193 -7.26622841 -1.42399003
v 3.05699193 -7.26622841 -0.66208527
v 3.05699193 -7.26622841 0.09981950
v 3.05699193 -7.26622841 0.86172426
v 2.67603955 -6.88527603 1.62362902
v 3.05699193 -6.88527603 1.24267664
v 3.05699193 -6.50432365 -3.70970431
v 3.05699193 -6.12337127 -4.09065669
v 3.05699193 -6.50432365 -2.94779955
v 2.67603955 -6.12337127 -0.66208527
v 3.05699193 -6.50432365 1.62362902
v 3.05699193 -6.50432365 2.38553378
v 3.05699193 -6.50432365 3.14743854
v 2.67603955 -6.12337127 3.90934331
v 3.05699193 -6.12337127 3.52839092
v 2.67603955 -5.36146651 -4.47160908
v 3.05699193 -5.36146651 -4.09065669
v 3.05699193 -5.36146651 -2.56684717
v 3.05699193 -5.74241889 -2.18589479
v 3.05699193 -5.74241889 -1.42399003
v 3.05699193 -5.74241889 -0.66208527
v 3.05699193 -5.74241889 0.09981950
v 2.67603955 -5.36146651 0.86172426
v 3.05699193 -5.36146651 0.48077188
v 2.67603955 -5.36146651 1.62362902
v 3.05699193 -5.74241889 3.90934331
v 3.05699193 -5.74241889 4.67124807
v 3.05699193 -5.36146651 5.05220045
v 3.05699193 -4.98051412 -4.47160908
v 3.05699193 -4.59956174 -4.85256146
v 2.67603955 -4.59956174 -2.94779955
v 3.05699193 -4.59956174 -2.56684717
v 3.05699193 -4.98051412 0.86172426
v 3.05699193 -4.98051412 1.62362902
v 3.05699193 -4.98051412 2.38553378
v 2.67603955 -4.59956174 3.14743854
v 3.05699193 -4.59956174 2.76648616
v 3.05699193 -4.59956174 5.05220045
v 3.05699193 -3.83765698 -4.85256146
v 2.67603955 -3.83765698 -3.70970431
v 3.05699193 -3.83765698 -3.32875193
v 3.05699193 -4.21860936 -2.94779955
v 3.05699193 -4.21860936 3.14743854
v 3.05699193 -3.83765698 3.52839092
v 3.05699193 -3.83765698 5.05220045
v 3.05699193 -3.07575222 -4.85256146
v 3.05699193 -3.07575222 -4.09065669
v 3.05699193 -3.45670460 -3.70970431
v 2.67603955 -3.07575222 3.90934331
v 3.05699193 -3.07575222 3.52839092
v 3.05699193 -3.07575222 5.05220045
v 3.05699193 -2.31384746 -4.85256146
v 3.05699193 -2.31384746 -4.09065669
v 3.05699193 -2.69479984 3.90934331
v 3.05699193 -2.31384746 4.29029569
v 2.67603955 -2.31384746 5.43315283
v 3.05699193 -2.31384746 5.05220045
v 3.05699193 -1.55194270 -4.85256146
v 3.05699193 -1.55194270 -4.09065669
v 3.05699193 -1.55194270 4.29029569
v 2.67603955 -1.55194270 5.43315283
v 3.05699193 -1.55194270 5.05220045
v 3.05699193 -0.79003793 -4.85256146
v 3.05699193 -0.79003793 -4.09065669
v 3.05699193 -0.79003793 4.29029569
v 3.05699193 -1.17099031 5.43315283
v 3.05699193 -0.79003793 5.81410521
v 3.05699193 -0.02813317 -4.85256146
v 3.05699193 -0.02813317 -4.09065669
v 3.05699193 -0.02813317 4.29029569
v 3.05699193 -0.02813317 5.81410521
v 3.05699193 0.73377159 -4.85256146
v 3.05699193 0.73377159 -4.09065669
v 3.05699193 0.73377159 4.29029569
v 3.05699193 0.73377159 5.81410521
v 3.05699193 1.49567635 -4.85256146
v 3.05699193 1.49567635 -4.09065669
v 3.05699193 1.49567635 4.29029569
v 2.67603955 1.49567635 5.43315283
v 3.05699193 1.49567635 5.05220045
v 3.05699193 1.11472397 5.43315283
v 3.05699193 2.25758111 -4.85256146
v 3.05699193 2.25758111 -4.09065669
v 3.05699193 2.25758111 4.29029569
v 2.67603955 2.25758111 5.43315283
v 3.05699193 2.25758111 5.05220045
v 3.05699193 3.01948588 -4.85256146
v 3.05699193 3.01948588 -4.09065669
v 2.67603955 3.01948588 3.90934331
v 3.05699193 2.63853349 3.90934331
v 3.05699193 3.01948588 3.52839092
v 3.05699193 3.01948588 5.05220045
v 3.05699193 3.78139064 -4.85256146
v 3.05699193 3.40043826 -3.70970431
v 2.67603955 3.78139064 -3.70970431
v 3.05699193 3.78139064 -3.32875193
v 3.05699193 3.78139064 3.52839092
v 3.05699193 3.78139064 5.05220045
v 3.05699193 4.54329540 -4.85256146
v 3.05699193 4.54329540 -3.32875193
v 2.67603955 4.54329540 3.14743854
v 3.05699193 4.16234302 3.14743854
v 3.05699193 4.54329540 2.76648616
v 3.05699193 4.54329540 5.05220045
v 3.05699193 5.30520016 -4.85256146
v 3.05699193 4.92424778 -2.94779955
v 3.05699193 5.30520016 -2.56684717
v 2.67603955 5.30520016 1.62362902
v 3.05699193 4.92424778 1.62362902
v 3.05699193 5.30520016 1.24267664
v 3.05699193 4.92424778 2.38553378
v 3.05699193 5.30520016 5.05220045
v 3.05699193 5.68615254 -4.47160908
v 3.05699193 6.06710492 -4.09065669
v 3.05699193 5.68615254 -2.18589479
v 3.05699193 5.68615254 -1.42399003
v 3.05699193 5.68615254 -0.66208527
v 2.67603955 6.06710492 0.09981950
v 3.05699193 5.68615254 0.09981950
v 3.05699193 5.68615254 0.86172426
v 2.67603955 6.06710492 3.90934331
v 3.05699193 6.06710492 3.52839092
v 3.05699193 5.68615254 3.90934331
v 3.05699193 5.68615254 4.67124807
v 3.05699193 6.44805730 -3.70970431
v 3.05699193 6.82900969 -3.32875193
v 2.67603955 6.82900969 2.38553378
v 3.05699193 6.82900969 2.00458140
v 3.05699193 6.44805730 2.38553378
v 3.05699193 6.44805730 3.14743854
v 3.05699193 7.20996207 -2.94779955
v 3.05699193 7.20996207 -2.18589479
v 2.67603955 7.59091445 -2.18589479
v 3.05699193 7.20996207 -1.42399003
v 2.67603955 7.59091445 -1.42399003
v 3.05699193 7.20996207 -0.66208527
v 2.67603955 7.59091445 -0.66208527
v 3.05699193 7.20996207 0.09981950
v 3.05699193 7.20996207 0.86172426
v 3.05699193 7.20996207 1.62362902
v 3.81889669 -7.26622841 -2.18589479
v 3.81889669 -6.88527603 -2.56684717
v 3.81889669 -7.26622841 -1.42399003
v 3.81889669 -7.26622841 -0.66208527
v 3.81889669 -7.26622841 0.09981950
v 3.43794431 -6.88527603 0.86172426
v 3.81889669 -6.88527603 0.48077188
v 3.43794431 -6.12337127 -3.70970431
v 3.81889669 -6.12337127 -3.32875193
v 3.81889669 -6.50432365 -2.94779955
v 3.81889669 -6.50432365 0.86172426
v 3.81889669 -6.50432365 1.62362902
v 3.81889669 -6.50432365 2.38553378
v 3.43794431 -6.12337127 3.14743854
v 3.81889669 -6.12337127 2.76648616
v 3.81889669 -5.74241889 -3.70970431
v 3.81889669 -5.36146651 -4.09065669
v 3.43794431 -5.36146651 -2.18589479
v 3.43794431 -5.36146651 -1.42399003
v 3.43794431 -5.36146651 -0.66208527
v 3.43794431 -5.36146651 0.09981950
v 3.81889669 -5.74241889 3.14743854
v 3.81889669 -5.74241889 3.90934331
v 3.43794431 -5.36146651 4.67124807
v 3.81889669 -5.36146651 4.29029569
v 3.81889669 -4.98051412 -4.47160908
v 3.81889669 -4.59956174 -4.85256146
v 3.81889669 -4.59956174 -2.56684717
v 3.81889669 -4.98051412 -2.18589479
v 3.81889669 -4.98051412 -1.42399003
v 3.81889669 -4.98051412 -0.66208527
v 3.81889669 -4.98051412 0.09981950
v 3.81889669 -4.98051412 0.86172426
v 3.43794431 -4.59956174 1.62362902
v 3.81889669 -4.59956174 1.24267664
v 3.43794431 -4.59956174 2.38553378
v 3.81889669 -4.98051412 4.67124807
v 3.81889669 -4.59956174 5.05220045
v 3.81889669 -3.83765698 -4.85256146
v 3.43794431 -3.83765698 -2.94779955
v 3.81889669 -3.83765698 -2.56684717
v 3.81889669 -4.21860936 1.62362902
v 3.81889669 -4.21860936 2.38553378
v 3.43794431 -3.83765698 3.14743854
v 3.81889669 -3.83765698 2.76648616
v 3.81889669 -3.83765698 5.05220045
v 3.81889669 -3.07575222 -4.85256146
v 3.43794431 -3.07575222 -3.70970431
v 3.81889669 -3.07575222 -3.32875193
v 3.81889669 -3.45670460 -2.94779955
v 3.81889669 -3.45670460 3.14743854
v 3.81889669 -3.07575222 3.52839092
v 3.81889669 -3.07575222 5.05220045
v 3.81889669 -2.31384746 -4.85256146
v 3.81889669 -2.31384746 -4.09065669
v 3.81889669 -2.69479984 -3.70970431
v 3.43794431 -2.31384746 3.90934331
v 3.81889669 -2.31384746 3.52839092
v 3.81889669 -2.31384746 5.05220045
v 3.81889669 -1.55194270 -4.85256146
v 3.81889669 -1.55194270 -4.09065669
v 3.81889669 -1.93289508 3.90934331
v 3.81889669 -1.55194270 4.29029569
v 3.81889669 -1.55194270 5.05220045
v 3.81889669 -0.79003793 -4.85256146
v 3.81889669 -0.79003793 -4.09065669
v 3.81889669 -0.79003793 4.29029569
v 3.43794431 -0.79003793 5.43315283
v 3.81889669 -0.79003793 5.05220045
v 3.81889669 -0.02813317 -4.85256146
v 3.81889669 -0.02813317 -4.09065669
v 3.81889669 -0.02813317 4.29029569
v 3.43794431 -0.02813317 5.43315283
v 3.81889669 -0.02813317 5.05220045
v 3.81889669 0.73377159 -4.85256146
v 3.81889669 0.73377159 -4.09065669
v 3.81889669 0.73377159 4.29029569
v 3.43794431 0.73377159 5.43315283
v 3.81889669 0.73377159 5.05220045
v 3.81889669 1.49567635 -4.85256146
v 3.81889669 1.49567635 -4.09065669
v 3.81889669 1.49567635 4.29029569
v 3.81889669 1.49567635 5.05220045
v 3.81889669 2.25758111 -4.85256146
v 3.81889669 2.25758111 -4.09065669
v 3.43794431 2.25758111 3.90934331
v 3.81889669 1.87662873 3.90934331
v 3.81889669 2.25758111 3.52839092
v 3.81889669 2.25758111 5.05220045
v 3.81889669 3.01948588 -4.85256146
v 3.81889669 2.63853349 -3.70970431
v 3.43794431 3.01948588 -3.70970431
v 3.81889669 3.01948588 -3.32875193
v 3.81889669 3.01948588 3.52839092
v 3.81889669 3.01948588 5.05220045
v 3.81889669 3.78139064 -4.85256146
v 3.81889669 3.78139064 -3.32875193
v 3.43794431 3.78139064 3.14743854
v 3.81889669 3.40043826 3.14743854
v 3.81889669 3.78139064 2.76648616
v 3.81889669 3.78139064 5.05220045
v 3.81889669 4.54329540 -4.85256146
v 3.81889669 4.16234302 -2.94779955
v 3.43794431 4.54329540 -2.94779955
v 3.81889669 4.54329540 -2.56684717
v 3.43794431 4.54329540 1.62362902
v 3.81889669 4.16234302 1.62362902
v 3.81889669 4.54329540 1.24267664
v 3.43794431 4.54329540 2.38553378
v 3.81889669 4.16234302 2.38553378
v 3.81889669 4.54329540 5.05220045
v 3.81889669 4.92424778 -4.47160908
v 3.43794431 5.30520016 -4.47160908
v 3.81889669 5.30520016 -4.09065669
v 3.43794431 5.30520016 -2.18589479
v 3.81889669 4.92424778 -2.18589479
v 3.81889669 5.30520016 -1.80494241
v 3.43794431 5.30520016 0.09981950
v 3.81889669 4.92424778 0.09981950
v 3.81889669 5.30520016 -0.28113288
v 3.43794431 5.30520016 0.86172426
v 3.81889669 4.92424778 0.86172426
v 3.43794431 5.30520016 4.67124807
v 3.81889669 5.30520016 4.29029569
v 3.81889669 4.92424778 4.67124807
v 3.81889669 5.68615254 -3.70970431
v 3.43794431 6.06710492 -3.70970431
v 3.81889669 6.06710492 -3.32875193
v 3.81889669 5.68615254 -1.42399003
v 3.81889669 5.68615254 -0.66208527
v 3.43794431 6.06710492 3.14743854
v 3.81889669 6.06710492 2.76648616
v 3.81889669 5.68615254 3.14743854
v 3.81889669 5.68615254 3.90934331
v 3.81889669 6.44805730 -2.94779955
v 3.43794431 6.82900969 -2.94779955
v 3.81889669 6.82900969 -2.56684717
v 3.43794431 6.82900969 1.62362902
v 3.81889669 6.82900969 1.24267664
v 3.81889669 6.44805730 1.62362902
v 3.81889669 6.44805730 2.38553378
v 3.81889669 7.20996207 -2.18589479
v 3.81889669 7.20996207 -1.42399003
v 3.81889669 7.20996207 -0.66208527
v 3.81889669 7.20996207 0.09981950
v 3.81889669 7.20996207 0.86172426
v 4.19984908 -6.88527603 -2.18589479
v 4.19984908 -6.88527603 -1.42399003
v 4.19984908 -6.88527603 -0.66208527
v 4.19984908 -6.88527603 0.09981950
v 4.19984908 -6.12337127 -2.94779955
v 4.58080146 -6.12337127 -2.56684717
v 4.58080146 -6.50432365 -2.18589479
v 4.58080146 -6.50432365 -1.42399003
v 4.58080146 -6.50432365 -0.66208527
v 4.58080146 -6.50432365 0.09981950
v 4.58080146 -6.50432365 0.86172426
v 4.19984908 -6.12337127 1.62362902
v 4.58080146 -6.12337127 1.24267664
v 4.19984908 -6.12337127 2.38553378
v 4.19984908 -5.36146651 -3.70970431
v 4.58080146 -5.36146651 -3.32875193
v 4.58080146 -5.74241889 -2.94779955
v 4.58080146 -5.74241889 1.62362902
v 4.58080146 -5.74241889 2.38553378
v 4.19984908 -5.36146651 3.14743854
v 4.58080146 -5.36146651 2.76648616
v 4.19984908 -5.36146651 3.90934331
v 4.19984908 -4.59956174 -4.47160908
v 4.58080146 -4.59956174 -4.09065669
v 4.58080146 -4.98051412 -3.70970431
v 4.19984908 -4.59956174 -2.18589479
v 4.58080146 -4.59956174 -1.80494241
v 4.58080146 -4.98051412 -1.42399003
v 4.58080146 -4.98051412 -0.66208527
v 4.19984908 -4.59956174 0.09981950
v 4.58080146 -4.59956174 -0.28113288
v 4.19984908 -4.59956174 0.86172426
v 4.58080146 -4.98051412 3.14743854
v 4.58080146 -4.98051412 3.90934331
v 4.19984908 -4.59956174 4.67124807
v 4.58080146 -4.59956174 4.29029569
v 4.58080146 -4.21860936 -4.47160908
v 4.58080146 -3.83765698 -4.85256146
v 4.58080146 -3.83765698 -2.56684717
v 4.58080146 -4.21860936 -2.18589479
v 4.58080146 -4.21860936 0.09981950
v 4.58080146 -4.21860936 0.86172426
v 4.19984908 -3.83765698 1.62362902
v 4.58080146 -3.83765698 1.24267664
v 4.19984908 -3.83765698 2.38553378
v 4.58080146 -4.21860936 4.67124807
v 4.58080146 -3.83765698 5.05220045
v 4.58080146 -3.07575222 -4.85256146
v 4.19984908 -3.07575222 -2.94779955
v 4.58080146 -3.07575222 -2.56684717
v 4.58080146 -3.45670460 1.62362902
v 4.58080146 -3.45670460 2.38553378
v 4.19984908 -3.07575222 3.14743854
v 4.58080146 -3.07575222 2.76648616
v 4.58080146 -3.07575222 5.05220045
v 4.58080146 -2.31384746 -4.85256146
v 4.19984908 -2.31384746 -3.70970431
v 4.58080146 -2.31384746 -3.32875193
v 4.58080146 -2.69479984 -2.94779955
v 4.58080146 -2.69479984 3.14743854
v 4.58080146 -2.31384746 3.52839092
v 4.58080146 -2.31384746 5.05220045
v 4.58080146 -1.55194270 -4.85256146
v 4.19984908 -1.55194270 -3.70970431
v 4.58080146 -1.55194270 -3.32875193
v 4.19984908 -1.55194270 3.90934331
v 4.58080146 -1.55194270 3.52839092
v 4.58080146 -1.55194270 5.05220045
v 4.58080146 -0.79003793 -4.85256146
v 4.58080146 -0.79003793 -4.09065669
v 4.58080146 -1.17099031 -3.70970431
v 4.19984908 -0.79003793 3.90934331
v 4.58080146 -0.79003793 3.52839092
v 4.58080146 -0.79003793 5.05220045
v 4.58080146 -0.02813317 -4.85256146
v 4.58080146 -0.02813317 -4.09065669
v 4.19984908 -0.02813317 3.90934331
v 4.58080146 -0.02813317 3.52839092
v 4.58080146 -0.02813317 5.05220045
v 4.58080146 0.73377159 -4.85256146
v 4.58080146 0.73377159 -4.09065669
v 4.19984908 0.73377159 3.90934331
v 4.58080146 0.73377159 3.52839092
v 4.58080146 0.73377159 5.05220045
v 4.58080146 1.49567635 -4.85256146
v 4.58080146 1.11472397 -3.70970431
v 4.19984908 1.49567635 -3.70970431
v 4.58080146 1.49567635 -3.32875193
v 4.19984908 1.49567635 3.90934331
v 4.58080146 1.49567635 3.52839092
v 4.58080146 1.49567635 5.05220045
v 4.58080146 2.25758111 -4.85256146
v 4.19984908 2.25758111 -3.70970431
v 4.58080146 2.25758111 -3.32875193
v 4.58080146 2.25758111 3.52839092
v 4.58080146 2.25758111 5.05220045
v 4.58080146 3.01948588 -4.85256146
v 4.58080146 3.01948588 -3.32875193
v 4.19984908 3.01948588 3.14743854
v 4.58080146 2.63853349 3.14743854
v 4.58080146 3.01948588 2.76648616
v 4.58080146 3.01948588 5.05220045
v 4.58080146 3.78139064 -4.85256146
v 4.58080146 3.40043826 -2.94779955
v 4.19984908 3.78139064 -2.94779955
v 4.58080146 3.78139064 -2.56684717
v 4.19984908 3.78139064 2.38553378
v 4.58080146 3.40043826 2.38553378
v 4.58080146 3.78139064 2.00458140
v 4.58080146 3.78139064 5.05220045
v 4.58080146 4.16234302 -4.47160908
v 4.19984908 4.54329540 -4.47160908
v 4.58080146 4.54329540 -4.09065669
v 4.19984908 4.54329540 -2.18589479
v 4.58080146 4.16234302 -2.18589479
v 4.58080146 4.54329540 -1.80494241
v 4.19984908 4.54329540 0.86172426
v 4.58080146 4.16234302 0.86172426
v 4.58080146 4.54329540 0.48077188
v 4.58080146 4.16234302 1.62362902
v 4.19984908 4.54329540 4.67124807
v 4.58080146 4.54329540 4.29029569
v 4.58080146 4.16234302 4.67124807
v 4.58080146 4.92424778 -3.70970431
v 4.19984908 5.30520016 -3.70970431
v 4.58080146 5.30520016 -3.32875193
v 4.19984908 5.30520016 -1.42399003
v 4.58080146 4.92424778 -1.42399003
v 4.19984908 5.30520016 -0.66208527
v 4.58080146 4.92424778 -0.66208527
v 4.58080146 4.92424778 0.09981950
v 4.19984908 5.30520016 3.14743854
v 4.58080146 5.30520016 2.76648616
v 4.58080146 4.92424778 3.14743854
v 4.58080146 4.92424778 3.90934331
v 4.19984908 5.30520016 3.90934331
v 4.58080146 6.06710492 -3.32875193
v 4.19984908 6.06710492 2.38553378
v 4.58080146 6.06710492 2.00458140
v 4.58080146 5.68615254 2.38553378
v 4.58080146 6.44805730 -2.94779955
v 4.58080146 6.44805730 -2.18589479
v 4.19984908 6.82900969 -2.18589479
v 4.58080146 6.44805730 -1.42399003
v 4.19984908 6.82900969 -1.42399003
v 4.58080146 6.44805730 -0.66208527
v 4.19984908 6.82900969 -0.66208527
v 4.58080146 6.44805730 0.09981950
v 4.19984908 6.82900969 0.09981950
v 4.58080146 6.44805730 0.86172426
v 4.19984908 6.82900969 0.86172426
v 4.58080146 6.44805730 1.62362902
v 4.96175384 -6.12337127 -2.18589479
v 4.96175384 -6.12337127 -1.42399003
v 4.96175384 -6.12337127 -0.66208527
v 4.96175384 -6.12337127 0.09981950
v 4.96175384 -6.12337127 0.86172426
v 5.34270622 -5.74241889 -2.94779955
v 5.34270622 -5.36146651 -3.32875193
v 5.34270622 -5.74241889 -2.18589479
v 5.34270622 -5.74241889 -1.42399003
v 5.34270622 -5.74241889 -0.66208527
v 5.34270622 -5.74241889 0.09981950
v 5.34270622 -5.74241889 0.86172426
v 5.34270622 -5.74241889 1.62362902
v 4.96175384 -5.36146651 2.38553378
v 5.34270622 -5.36146651 2.00458140
v 4.96175384 -4.59956174 -3.70970431
v 5.34270622 -4.59956174 -3.32875193
v 4.96175384 -4.59956174 -1.42399003
v 4.96175384 -4.59956174 -0.66208527
v 5.34270622 -4.98051412 2.38553378
v 4.96175384 -4.59956174 3.14743854
v 5.34270622 -4.59956174 2.76648616
v 4.96175384 -4.59956174 3.90934331
v 4.96175384 -3.83765698 -4.47160908
v 5.34270622 -3.83765698 -4.09065669
v 5.34270622 -4.21860936 -3.70970431
v 4.96175384 -3.83765698 -2.18589479
v 4.96175384 -3.83765698 -1.42399003
v 4.96175384 -3.83765698 -0.66208527
v 4.96175384 -3.83765698 0.09981950
v 4.96175384 -3.83765698 0.86172426
v 5.34270622 -4.21860936 3.14743854
v 5.34270622 -4.21860936 3.90934331
v 4.96175384 -3.83765698 4.67124807
v 5.34270622 -3.83765698 4.29029569
v 5.34270622 -3.45670460 -4.47160908
v 5.34270622 -3.07575222 -4.85256146
v 4.96175384 -3.07575222 -2.18589479
v 5.34270622 -3.07575222 -1.80494241
v 5.34270622 -3.45670460 -1.42399003
v 5.34270622 -3.45670460 -0.66208527
v 5.34270622 -3.45670460 0.09981950
v 5.34270622 -3.07575222 0.48077188
v 4.96175384 -3.07575222 0.86172426
v 4.96175384 -3.07575222 1.62362902
v 4.96175384 -3.07575222 2.38553378
v 5.34270622 -3.45670460 4.67124807
v 5.34270622 -3.07575222 5.05220045
v 5.34270622 -2.31384746 -4.85256146
v 4.96175384 -2.31384746 -2.94779955
v 5.34270622 -2.31384746 -2.56684717
v 5.34270622 -2.69479984 -2.18589479
v 5.34270622 -2.69479984 0.86172426
v 5.34270622 -2.69479984 1.62362902
v 5.34270622 -2.31384746 2.00458140
v 4.96175384 -2.31384746 2.38553378
v 4.96175384 -2.31384746 3.14743854
v 5.34270622 -2.31384746 5.05220045
v 5.34270622 -1.55194270 -4.85256146
v 4.96175384 -1.55194270 -2.94779955
v 5.34270622 -1.55194270 -2.56684717
v 5.34270622 -1.93289508 2.38553378
v 5.34270622 -1.55194270 2.76648616
v 4.96175384 -1.55194270 3.14743854
v 5.34270622 -1.55194270 5.05220045
v 5.34270622 -0.79003793 -4.85256146
v 4.96175384 -0.79003793 -3.70970431
v 5.34270622 -0.79003793 -3.32875193
v 5.34270622 -1.17099031 -2.94779955
v 4.96175384 -0.79003793 3.14743854
v 5.34270622 -0.79003793 2.76648616
v 5.34270622 -0.79003793 5.05220045
v 5.34270622 -0.02813317 -4.85256146
v 4.96175384 -0.02813317 -3.70970431
v 5.34270622 -0.02813317 -3.32875193
v 4.96175384 -0.02813317 3.14743854
v 5.34270622 -0.02813317 2.76648616
v 5.34270622 -0.02813317 5.05220045
v 5.34270622 0.73377159 -4.85256146
v 4.96175384 0.73377159 -3.70970431
v 5.34270622 0.73377159 -3.32875193
v 4.96175384 0.73377159 3.14743854
v 5.34270622 0.73377159 2.76648616
v 5.34270622 0.73377159 5.05220045
v 5.34270622 1.49567635 -4.85256146
v 4.96175384 1.49567635 -2.94779955
v 5.34270622 1.11472397 -2.94779955
v 5.34270622 1.49567635 -2.56684717
v 4.96175384 1.49567635 3.14743854
v 5.34270622 1.49567635 2.76648616
v 5.34270622 1.49567635 5.05220045
v 5.34270622 2.25758111 -4.85256146
v 4.96175384 2.25758111 -2.94779955
v 5.34270622 2.25758111 -2.56684717
v 4.96175384 2.25758111 2.38553378
v 5.34270622 1.87662873 2.38553378
v 5.34270622 2.25758111 2.00458140
v 4.96175384 2.25758111 3.14743854
v 5.34270622 2.25758111 5.05220045
v 5.34270622 3.01948588 -4.85256146
v 4.96175384 3.01948588 -2.94779955
v 5.34270622 3.01948588 -2.56684717
v 4.96175384 3.01948588 0.86172426
v 5.34270622 2.63853349 0.86172426
v 5.34270622 3.01948588 0.48077188
v 4.96175384 3.01948588 1.62362902
v 5.34270622 2.63853349 1.62362902
v 4.96175384 3.01948588 2.38553378
v 5.34270622 3.01948588 5.05220045
v 5.34270622 3.40043826 -4.47160908
v 4.96175384 3.78139064 -4.47160908
v 5.34270622 3.78139064 -4.09065669
v 4.96175384 3.78139064 -2.18589479
v 5.34270622 3.40043826 -2.18589479
v 5.34270622 3.78139064 -1.80494241
v 4.96175384 3.78139064 0.09981950
v 5.34270622 3.40043826 0.09981950
v 5.34270622 3.78139064 -0.28113288
v 4.96175384 3.78139064 0.86172426
v 4.96175384 3.78139064 1.62362902
v 4.96175384 3.78139064 4.67124807
v 5.34270622 3.78139064 4.29029569
v 5.34270622 3.40043826 4.67124807
v 5.34270622 4.54329540 -4.09065669
v 4.96175384 4.54329540 -1.42399003
v 5.34270622 4.16234302 -1.42399003
v 4.96175384 4.54329540 -0.66208527
v 5.34270622 4.16234302 -0.66208527
v 4.96175384 4.54329540 0.09981950
v 4.96175384 4.54329540 3.14743854
v 5.34270622 4.54329540 2.76648616
v 5.34270622 4.16234302 3.14743854
v 5.34270622 4.16234302 3.90934331
v 4.96175384 4.54329540 3.90934331
v 5.34270622 4.92424778 -3.70970431
v 5.34270622 5.30520016 -3.32875193
v 4.96175384 5.30520016 2.38553378
v 5.34270622 5.30520016 2.00458140
v 5.34270622 4.92424778 2.38553378
v 5.34270622 5.68615254 -2.94779955
v 4.96175384 6.06710492 -2.94779955
v 5.34270622 6.06710492 -2.56684717
v 4.96175384 6.06710492 0.86172426
v 5.34270622 6.06710492 0.48077188
v 5.34270622 5.68615254 0.86172426
v 5.34270622 5.68615254 1.62362902
v 4.96175384 6.06710492 1.62362902
v 5.34270622 6.44805730 -2.18589479
v 5.34270622 6.44805730 -1.42399003
v 5.34270622 6.44805730 -0.66208527
v 5.34270622 6.44805730 0.09981950
v 5.72365860 -5.36146651 -2.94779955
v 5.72365860 -5.36146651 -2.18589479
v 5.72365860 -5.36146651 -1.42399003
v 5.72365860 -5.36146651 -0.66208527
v 5.72365860 -5.36146651 0.09981950
v 5.72365860 -5.36146651 0.86172426
v 5.72365860 -5.36146651 1.62362902
v 5.72365860 -4.59956174 -2.94779955
v 6.10461098 -4.59956174 -2.56684717
v 6.10461098 -4.98051412 -2.18589479
v 6.10461098 -4.98051412 -1.42399003
v 6.10461098 -4.98051412 -0.66208527
v 6.10461098 -4.98051412 0.09981950
v 6.10461098 -4.98051412 0.86172426
v 5.72365860 -4.59956174 1.62362902
v 6.10461098 -4.59956174 1.24267664
v 5.72365860 -4.59956174 2.38553378
v 5.72365860 -3.83765698 -3.70970431
v 6.10461098 -3.83765698 -3.32875193
v 6.10461098 -4.21860936 -2.94779955
v 6.10461098 -4.21860936 1.62362902
v 6.10461098 -4.21860936 2.38553378
v 5.72365860 -3.83765698 3.14743854
v 6.10461098 -3.83765698 2.76648616
v 5.72365860 -3.83765698 3.90934331
v 5.72365860 -3.07575222 -4.47160908
v 6.10461098 -3.07575222 -4.09065669
v 6.10461098 -3.45670460 -3.70970431
v 5.72365860 -3.07575222 -1.42399003
v 5.72365860 -3.07575222 -0.66208527
v 5.72365860 -3.07575222 0.09981950
v 6.10461098 -3.45670460 3.14743854
v 5.72365860 -3.07575222 3.90934331
v 6.10461098 -3.07575222 3.52839092
v 5.72365860 -3.07575222 4.67124807
v 5.72365860 -2.31384746 -4.47160908
v 6.10461098 -2.31384746 -4.09065669
v 5.72365860 -2.31384746 -2.18589479
v 6.10461098 -2.31384746 -1.80494241
v 6.10461098 -2.69479984 -1.42399003
v 6.10461098 -2.69479984 -0.66208527
v 6.10461098 -2.69479984 0.09981950
v 5.72365860 -2.31384746 0.86172426
v 6.10461098 -2.31384746 0.48077188
v 5.72365860 -2.31384746 1.62362902
v 6.10461098 -2.69479984 3.90934331
v 5.72365860 -2.31384746 4.67124807
v 6.10461098 -2.31384746 4.29029569
v 5.72365860 -1.55194270 -4.47160908
v 6.10461098 -1.55194270 -4.09065669
v 5.72365860 -1.55194270 -2.18589479
v 6.10461098 -1.55194270 -1.80494241
v 6.10461098 -1.93289508 0.86172426
v 6.10461098 -1.55194270 1.24267664
v 5.72365860 -1.55194270 1.62362902
v 5.72365860 -1.55194270 2.38553378
v 5.72365860 -1.55194270 4.67124807
v 6.10461098 -1.55194270 4.29029569
v 5.72365860 -0.79003793 -4.47160908
v 6.10461098 -0.79003793 -4.09065669
v 5.72365860 -0.79003793 -2.94779955
v 6.10461098 -0.79003793 -2.56684717
v 6.10461098 -1.17099031 -2.18589479
v 5.72365860 -0.79003793 1.62362902
v 6.10461098 -0.79003793 1.24267664
v 5.72365860 -0.79003793 2.38553378
v 5.72365860 -0.79003793 4.67124807
v 6.10461098 -0.79003793 4.29029569
v 5.72365860 -0.02813317 -4.47160908
v 6.10461098 -0.02813317 -4.09065669
v 5.72365860 -0.02813317 -2.94779955
v 6.10461098 -0.02813317 -2.56684717
v 5.72365860 -0.02813317 1.62362902
v 6.10461098 -0.02813317 1.24267664
v 5.72365860 -0.02813317 2.38553378
v 5.72365860 -0.02813317 4.67124807
v 6.10461098 -0.02813317 4.29029569
v 5.72365860 0.73377159 -4.47160908
v 6.10461098 0.73377159 -4.09065669
v 5.72365860 0.73377159 -2.94779955
v 6.10461098 0.73377159 -2.56684717
v 5.72365860 0.73377159 1.62362902
v 6.10461098 0.73377159 1.24267664
v 5.72365860 0.73377159 2.38553378
v 5.72365860 0.73377159 4.67124807
v 6.10461098 0.73377159 4.29029569
v 5.72365860 1.49567635 -4.47160908
v 6.10461098 1.49567635 -4.09065669
v 5.72365860 1.49567635 -2.18589479
v 6.10461098 1.11472397 -2.18589479
v 6.10461098 1.49567635 -1.80494241
v 5.72365860 1.49567635 1.62362902
v 6.10461098 1.49567635 1.24267664
v 5.72365860 1.49567635 2.38553378
v 5.72365860 1.49567635 4.67124807
v 6.10461098 1.49567635 4.29029569
v 5.72365860 2.25758111 -4.47160908
v 6.10461098 2.25758111 -4.09065669
v 5.72365860 2.25758111 -2.18589479
v 6.10461098 2.25758111 -1.80494241
v 5.72365860 2.25758111 0.86172426
v 6.10461098 1.87662873 0.86172426
v 6.10461098 2.25758111 0.48077188
v 5.72365860 2.25758111 1.62362902
v 5.72365860 2.25758111 4.67124807
v 6.10461098 2.25758111 4.29029569
v 5.72365860 3.01948588 -4.47160908
v 6.10461098 3.01948588 -4.09065669
v 5.72365860 3.01948588 -2.18589479
v 6.10461098 2.63853349 -1.42399003
v 5.72365860 3.01948588 -1.42399003
v 5.72365860 3.01948588 -0.66208527
v 6.10461098 2.63853349 -0.66208527
v 5.72365860 3.01948588 0.09981950
v 6.10461098 2.63853349 0.09981950
v 5.72365860 3.01948588 3.90934331
v 6.10461098 3.01948588 3.52839092
v 6.10461098 2.63853349 3.90934331
v 5.72365860 3.01948588 4.67124807
v 6.10461098 3.40043826 -3.70970431
v 5.72365860 3.78139064 -3.70970431
v 6.10461098 3.78139064 -3.32875193
v 5.72365860 3.78139064 -1.42399003
v 5.72365860 3.78139064 -0.66208527
v 5.72365860 3.78139064 3.14743854
v 6.10461098 3.78139064 2.76648616
v 6.10461098 3.40043826 3.14743854
v 5.72365860 3.78139064 3.90934331
v 5.72365860 4.54329540 -3.70970431
v 6.10461098 4.16234302 -2.94779955
v 5.72365860 4.54329540 -2.94779955
v 6.10461098 4.54329540 -2.56684717
v 5.72365860 4.54329540 1.62362902
v 6.10461098 4.54329540 1.24267664
v 6.10461098 4.16234302 1.62362902
v 6.10461098 4.16234302 2.38553378
v 5.72365860 4.54329540 2.38553378
v 5.72365860 5.30520016 -2.94779955
v 6.10461098 4.92424778 -2.18589479
v 5.72365860 5.30520016 -2.18589479
v 6.10461098 4.92424778 -1.42399003
v 5.72365860 5.30520016 -1.42399003
v 6.10461098 4.92424778 -0.66208527
v 5.72365860 5.30520016 -0.66208527
v 6.10461098 4.92424778 0.09981950
v 5.72365860 5.30520016 0.09981950
v 6.10461098 4.92424778 0.86172426
v 5.72365860 5.30520016 0.86172426
v 5.72365860 5.30520016 1.62362902
v 5.72365860 6.06710492 -2.18589479
v 5.72365860 6.06710492 -1.42399003
v 5.72365860 6.06710492 -0.66208527
v 5.72365860 6.06710492 0.09981950
v 6.48556336 -4.59956174 -2.18589479
v 6.48556336 -4.59956174 -1.42399003
v 6.48556336 -4.59956174 -0.66208527
v 6.48556336 -4.59956174 0.09981950
v 6.48556336 -4.59956174 0.86172426
v 6.48556336 -3.83765698 -2.94779955
v 6.86651574 -3.83765698 -2.56684717
v 6.86651574 -4.21860936 -2.18589479
v 6.86651574 -4.21860936 -1.42399003
v 6.86651574 -4.21860936 -0.66208527
v 6.86651574 -4.21860936 0.09981950
v 6.48556336 -3.83765698 0.86172426
v 6.86651574 -3.83765698 0.48077188
v 6.48556336 -3.83765698 1.62362902
v 6.48556336 -3.83765698 2.38553378
v 6.48556336 -3.07575222 -3.70970431
v 6.86651574 -3.07575222 -3.32875193
v 6.86651574 -3.45670460 -2.94779955
v 6.86651574 -3.45670460 0.86172426
v 6.86651574 -3.45670460 1.62362902
v 6.48556336 -3.07575222 2.38553378
v 6.86651574 -3.07575222 2.00458140
v 6.48556336 -3.07575222 3.14743854
v 6.48556336 -2.31384746 -3.70970431
v 6.86651574 -2.31384746 -3.32875193
v 6.48556336 -2.31384746 -1.42399003
v 6.48556336 -2.31384746 -0.66208527
v 6.48556336 -2.31384746 0.09981950
v 6.86651574 -2.69479984 2.38553378
v 6.48556336 -2.31384746 3.14743854
v 6.86651574 -2.31384746 2.76648616
v 6.48556336 -2.31384746 3.90934331
v 6.48556336 -1.55194270 -3.70970431
v 6.86651574 -1.55194270 -3.32875193
v 6.48556336 -1.55194270 -1.42399003
v 6.48556336 -1.55194270 -0.66208527
v 6.48556336 -1.55194270 0.09981950
v 6.48556336 -1.55194270 0.86172426
v 6.48556336 -1.55194270 3.14743854
v 6.86651574 -1.55194270 2.76648616
v 6.48556336 -1.55194270 3.90934331
v 6.48556336 -0.79003793 -3.70970431
v 6.86651574 -0.79003793 -3.32875193
v 6.48556336 -0.79003793 -2.18589479
v 6.48556336 -0.79003793 -1.42399003
v 6.48556336 -0.79003793 -0.66208527
v 6.48556336 -0.79003793 0.09981950
v 6.48556336 -0.79003793 0.86172426
v 6.86651574 -1.17099031 3.14743854
v 6.48556336 -0.79003793 3.90934331
v 6.86651574 -0.79003793 3.52839092
v 6.48556336 -0.02813317 -3.70970431
v 6.86651574 -0.02813317 -3.32875193
v 6.48556336 -0.02813317 -2.18589479
v 6.48556336 -0.02813317 -1.42399003
v 6.48556336 -0.02813317 -0.66208527
v 6.48556336 -0.02813317 0.09981950
v 6.48556336 -0.02813317 0.86172426
v 6.48556336 -0.02813317 3.90934331
v 6.86651574 -0.02813317 3.52839092
v 6.48556336 0.73377159 -3.70970431
v 6.86651574 0.73377159 -3.32875193
v 6.48556336 0.73377159 -2.18589479
v 6.48556336 0.73377159 -1.42399003
v 6.48556336 0.73377159 -0.66208527
v 6.48556336 0.73377159 0.09981950
v 6.48556336 0.73377159 0.86172426
v 6.48556336 0.73377159 3.90934331
v 6.86651574 0.73377159 3.52839092
v 6.48556336 1.49567635 -3.70970431
v 6.86651574 1.49567635 -3.32875193
v 6.48556336 1.49567635 -1.42399003
v 6.48556336 1.49567635 -0.66208527
v 6.48556336 1.49567635 0.09981950
v 6.48556336 1.49567635 0.86172426
v 6.48556336 1.49567635 3.14743854
v 6.86651574 1.49567635 2.76648616
v 6.86651574 1.11472397 3.14743854
v 6.48556336 1.49567635 3.90934331
v 6.48556336 2.25758111 -3.70970431
v 6.86651574 2.25758111 -3.32875193
v 6.48556336 2.25758111 -1.42399003
v 6.48556336 2.25758111 -0.66208527
v 6.48556336 2.25758111 0.09981950
v 6.48556336 2.25758111 3.14743854
v 6.86651574 2.25758111 2.76648616
v 6.48556336 2.25758111 3.90934331
v 6.48556336 3.01948588 -3.70970431
v 6.86651574 3.01948588 -3.32875193
v 6.48556336 3.01948588 2.38553378
v 6.86651574 3.01948588 2.00458140
v 6.86651574 2.63853349 2.38553378
v 6.48556336 3.01948588 3.14743854
v 6.86651574 3.40043826 -2.94779955
v 6.48556336 3.78139064 -2.94779955
v 6.86651574 3.78139064 -2.56684717
v 6.48556336 3.78139064 1.62362902
v 6.86651574 3.78139064 1.24267664
v 6.86651574 3.40043826 1.62362902
v 6.48556336 3.78139064 2.38553378
v 6.86651574 4.16234302 -2.18589479
v 6.48556336 4.54329540 -2.18589479
v 6.86651574 4.16234302 -1.42399003
v 6.48556336 4.54329540 -1.42399003
v 6.86651574 4.16234302 -0.66208527
v 6.48556336 4.54329540 -0.66208527
v 6.86651574 4.16234302 0.09981950
v 6.48556336 4.54329540 0.09981950
v 6.86651574 4.16234302 0.86172426
v 6.48556336 4.54329540 0.86172426
v 7.24746812 -3.83765698 -2.18589479
v 7.24746812 -3.83765698 -1.42399003
v 7.24746812 -3.83765698 -0.66208527
v 7.24746812 -3.83765698 0.09981950
v 7.24746812 -3.07575222 -2.94779955
v 7.24746812 -3.07575222 -2.18589479
v 7.24746812 -3.07575222 -1.42399003
v 7.24746812 -3.07575222 -0.66208527
v 7.24746812 -3.07575222 0.09981950
v 7.24746812 -3.07575222 0.86172426
v 7.24746812 -3.07575222 1.62362902
v 7.24746812 -2.31384746 -2.94779955
v 7.24746812 -2.31384746 -2.18589479
v 7.62842050 -2.31384746 -1.80494241
v 7.62842050 -2.69479984 -1.42399003
v 7.62842050 -2.69479984 -0.66208527
v 7.24746812 -2.31384746 0.09981950
v 7.62842050 -2.31384746 -0.28113288
v 7.24746812 -2.31384746 0.86172426
v 7.24746812 -2.31384746 1.62362902
v 7.24746812 -2.31384746 2.38553378
v 7.24746812 -1.55194270 -2.94779955
v 7.62842050 -1.55194270 -2.56684717
v 7.62842050 -1.93289508 -2.18589479
v 7.62842050 -1.93289508 0.09981950
v 7.24746812 -1.55194270 0.86172426
v 7.62842050 -1.55194270 0.48077188
v 7.24746812 -1.55194270 1.62362902
v 7.24746812 -1.55194270 2.38553378
v 7.24746812 -0.79003793 -2.94779955
v 7.62842050 -0.79003793 -2.56684717
v 7.62842050 -1.17099031 0.86172426
v 7.24746812 -0.79003793 1.62362902
v 7.62842050 -0.79003793 1.24267664
v 7.24746812 -0.79003793 2.38553378
v 7.24746812 -0.79003793 3.14743854
v 7.24746812 -0.02813317 -2.94779955
v 7.62842050 -0.02813317 -2.56684717
v 7.24746812 -0.02813317 1.62362902
v 7.62842050 -0.02813317 1.24267664
v 7.24746812 -0.02813317 2.38553378
v 7.24746812 -0.02813317 3.14743854
v 7.24746812 0.73377159 -2.94779955
v 7.62842050 0.73377159 -2.56684717
v 7.24746812 0.73377159 1.62362902
v 7.62842050 0.73377159 1.24267664
v 7.24746812 0.73377159 2.38553378
v 7.24746812 0.73377159 3.14743854
v 7.24746812 1.49567635 -2.94779955
v 7.62842050 1.49567635 -2.56684717
v 7.24746812 1.49567635 0.86172426
v 7.62842050 1.49567635 0.48077188
v 7.62842050 1.11472397 0.86172426
v 7.24746812 1.49567635 1.62362902
v 7.24746812 1.49567635 2.38553378
v 7.24746812 2.25758111 -2.94779955
v 7.62842050 2.25758111 -2.56684717
v 7.24746812 2.25758111 0.09981950
v 7.62842050 2.25758111 -0.28113288
v 7.62842050 1.87662873 0.09981950
v 7.24746812 2.25758111 0.86172426
v 7.24746812 2.25758111 1.62362902
v 7.24746812 2.25758111 2.38553378
v 7.24746812 3.01948588 -2.94779955
v 7.62842050 2.63853349 -2.18589479
v 7.24746812 3.01948588 -2.18589479
v 7.62842050 2.63853349 -1.42399003
v 7.24746812 3.01948588 -1.42399003
v 7.62842050 2.63853349 -0.66208527
v 7.24746812 3.01948588 -0.66208527
v 7.24746812 3.01948588 0.09981950
v 7.24746812 3.01948588 0.86172426
v 7.24746812 3.01948588 1.62362902
v 7.24746812 3.78139064 -2.18589479
v 7.24746812 3.78139064 -1.42399003
v 7.24746812 3.78139064 -0.66208527
v 7.24746812 3.78139064 0.09981950
v 7.24746812 3.78139064 0.86172426
v 8.00937289 -2.31384746 -1.42399003
v 8.00937289 -2.31384746 -0.66208527
v 8.00937289 -1.55194270 -2.18589479
v 8.00937289 -1.55194270 -1.42399003
v 8.00937289 -1.55194270 -0.66208527
v 8.00937289 -1.55194270 0.09981950
v 8.00937289 -0.79003793 -2.18589479
v 8.00937289 -0.79003793 -1.42399003
v 8.00937289 -0.79003793 -0.66208527
v 8.00937289 -0.79003793 0.09981950
v 8.00937289 -0.79003793 0.86172426
v 8.00937289 -0.02813317 -2.18589479
v 8.00937289 -0.02813317 -1.42399003
v 8.00937289 -0.02813317 -0.66208527
v 8.00937289 -0.02813317 0.09981950
v 8.00937289 -0.02813317 0.86172426
v 8.00937289 0.73377159 -2.18589479
v 8.00937289 0.73377159 -1.42399003
v 8.00937289 0.73377159 -0.66208527
v 8.00937289 0.73377159 0.09981950
v 8.00937289 0.73377159 0.86172426
v 8.00937289 1.49567635 -2.18589479
v 8.00937289 1.49567635 -1.42399003
v 8.00937289 1.49567635 -0.66208527
v 8.00937289 1.49567635 0.09981950
v 8.00937289 2.25758111 -2.18589479
v 8.00937289 2.25758111 -1.42399003
v 8.00937289 2.25758111 -0.66208527
vn -0.87270352 -0.43296683 -0.22567297
vn -0.67388734 -0.67388734 -0.30290545
vn -0.57735027 -0.57735027 -0.57735027
vn -0.87270352 -0.43296683 0.22567297
vn -0.67388734 -0.67388734 0.30290545
vn -0.57735027 -0.57735027 0.57735027
vn -0.87270352 -0.22567297 -0.43296683
vn -0.57735027 -0.57735027 -0.57735027
vn -0.67388734 -0.30290545 -0.67388734
vn -1.00000000 0.00000000 0.00000000
vn -1.00000000 0.00000000 0.00000000
vn -0.57735027 -0.57735027 0.57735027
vn -0.88807383 -0.32505758 0.32505758
vn -0.57735027 -0.57735027 0.57735027
vn -0.92387953 0.00000000 -0.38268343
vn -0.70710678 0.00000000 -0.70710678
vn -1.00000000 0.00000000 0.00000000
vn -1.00000000 0.00000000 0.00000000
vn -1.00000000 0.00000000 0.00000000
vn -0.57735027 -0.57735027 0.57735027
vn -0.87270352 -0.22567297 0.43296683
vn -0.67388734 -0.30290545 0.67388734
vn -0.92387953 0.00000000 -0.38268343
vn -0.70710678 0.00000000 -0.70710678
vn -1.00000000 0.00000000 0.00000000
vn -1.00000000 0.00000000 0.00000000
vn -1.00000000 0.00000000 0.00000000
vn -0.92387953 0.00000000 0.38268343
vn -0.70710678 0.00000000 0.70710678
vn -0.92387953 0.00000000 -0.38268343
vn -0.70710678 0.00000000 -0.70710678
vn -1.00000000 0.00000000 0.00000000
vn -1.00000000 0.00000000 0.00000000
vn -1.00000000 0.00000000 0.00000000
vn -0.87270352 0.22567297 0.43296683
vn -0.67388734 0.30290545 0.67388734
vn -0.92387953 0.00000000 -0.38268343
vn -0.70710678 0.00000000 -0.70710678
vn -1.00000000 0.00000000 0.00000000
vn -1.00000000 0.00000000 0.00000000
vn -0.88807383 0.32505758 0.32505758
vn -0.57735027 0.57735027 0.57735027
vn -0.57735027 0.57735027 0.57735027
vn -0.87557868 0.34158598 -0.34158598
vn -0.67388734 0.30290545 -0.67388734
vn -0.92387953 0.38268343 0.00000000
vn -0.87270352 0.43296683 0.22567297
vn -0.57735027 0.57735027 0.57735027
vn -0.57735027 0.57735027 0.57735027
vn -0.67388734 0.67388734 -0.30290545
vn -0.70710678 0.70710678 0.00000000
vn -0.67388734 0.67388734 0.30290545
vn -0.87270352 -0.43296683 -0.22567297
vn -0.67388734 -0.67388734 -0.30290545
vn -0.57735027 -0.57735027 -0.57735027
vn -0.92387953 -0.38268343 0.00000000
vn -0.70710678 -0.70710678 0.00000000
vn -0.92387953 -0.38268343 0.00000000
vn -0.70710678 -0.70710678 0.00000000
vn -0.87270352 -0.43296683 0.22567297
vn -0.67388734 -0.67388734 0.30290545
vn -0.57735027 -0.57735027 0.57735027
vn -0.87270352 -0.22567297 -0.43296683
vn -0.57735027 -0.57735027 -0.57735027
vn -0.67388734 -0.30290545 -0.67388734
vn -1.00000000 0.00000000 0.00000000
vn -0.95177497 -0.28934935 -0.10198709
vn -0.95177497 -0.28934935 0.10198709
vn -1.00000000 0.00000000 0.00000000
vn -0.67388734 -0.67388734 0.30290545
vn -0.95177497 -0.28934935 0.10198709
vn -0.87270352 -0.43296683 0.22567297
vn -0.67388734 -0.67388734 0.30290545
vn -0.57735027 -0.57735027 0.57735027
vn -0.92387953 0.00000000 -0.38268343
vn -0.70710678 0.00000000 -0.70710678
vn -0.88807383 -0.32505758 -0.32505758
vn -0.88807383 -0.32505758 0.32505758
vn -1.00000000 0.00000000 0.00000000
vn -1.00000000 0.00000000 0.00000000
vn -0.57735027 -0.57735027 0.57735027
vn -0.87270352 -0.22567297 0.43296683
vn -0.67388734 -0.30290545 0.67388734
vn -0.76440354 -0.09787009 -0.63726657
vn -0.70710678 0.00000000 -0.70710678
vn -0.88807383 -0.32505758 0.32505758
vn -1.00000000 0.00000000 0.00000000
vn -0.95177497 -0.10198709 0.28934935
vn -0.67388734 -0.30290545 0.67388734
vn -0.70710678 0.00000000 -0.70710678
vn -0.70710678 0.00000000 -0.70710678
vn -0.95177497 -0.10198709 0.28934935
vn -1.00000000 0.00000000 0.00000000
vn -0.57735027 -0.57735027 0.57735027
vn -0.87270352 -0.22567297 0.43296683
vn -0.67388734 -0.30290545 0.67388734
vn -0.70710678 0.00000000 -0.70710678
vn -0.70710678 0.00000000 -0.70710678
vn -0.92387953 0.00000000 0.38268343
vn -1.00000000 0.00000000 0.00000000
vn -0.92387953 0.00000000 0.38268343
vn -0.70710678 0.00000000 0.70710678
vn -0.70710678 0.00000000 -0.70710678
vn -0.70710678 0.00000000 -0.70710678
vn -0.95177497 0.10198709 0.28934935
vn -1.00000000 0.00000000 0.00000000
vn -0.87270352 0.22567297 0.43296683
vn -0.67388734 0.30290545 0.67388734
vn -0.70710678 0.00000000 -0.70710678
vn -0.70710678 0.00000000 -0.70710678
vn -0.88807383 0.32505758 0.32505758
vn -1.00000000 0.00000000 0.00000000
vn -0.95177497 0.10198709 0.28934935
vn -0.67388734 0.30290545 0.67388734
vn -0.57735027 0.57735027 0.57735027
vn -0.76440354 0.09787009 -0.63726657
vn -0.70710678 0.00000000 -0.70710678
vn -0.88807383 0.32505758 0.32505758
vn -1.00000000 0.00000000 0.00000000
vn -1.00000000 0.00000000 0.00000000
vn -0.87270352 0.22567297 0.43296683
vn -0.67388734 0.30290545 0.67388734
vn -0.87270352 0.22567297 -0.43296683
vn -0.67388734 0.30290545 -0.67388734
vn -0.95177497 0.28934935 -0.10198709
vn -0.92387953 0.38268343 0.00000000
vn -0.95177497 0.28934935 0.10198709
vn -1.00000000 0.00000000 0.00000000
vn -1.00000000 0.00000000 0.00000000
vn -0.88807383 0.32505758 0.32505758
vn -0.57735027 0.57735027 0.57735027
vn -0.57735027 0.57735027 0.57735027
vn -0.57735027 0.57735027 -0.57735027
vn -0.57735027 0.57735027 -0.57735027
vn -0.87270352 0.43296683 -0.22567297
vn -0.92387953 0.38268343 0.00000000
vn -0.92387953 0.38268343 0.00000000
vn -0.92387953 0.38268343 0.00000000
vn -0.87270352 0.43296683 0.22567297
vn -0.57735027 0.57735027 0.57735027
vn -0.57735027 0.57735027 0.57735027
vn -0.67388734 0.67388734 -0.30290545
vn -0.70710678 0.70710678 0.00000000
vn -0.70710678 0.70710678 0.00000000
vn -0.70710678 0.70710678 0.00000000
vn -0.67388734 0.67388734 0.30290545
vn -0.67388734 -0.67388734 -0.30290545
vn -0.67388734 -0.67388734 -0.30290545
vn -0.57735027 -0.57735027 -0.57735027
vn -0.70710678 -0.70710678 0.00000000
vn -0.70710678 -0.70710678 0.00000000
vn -0.70710678 -0.70710678 0.00000000
vn -0.70710678 -0.70710678 0.00000000
vn -0.76440354 -0.63726657 0.09787009
vn -0.70710678 -0.70710678 0.00000000
vn -0.87270352 -0.43296683 0.22567297
vn -0.67388734 -0.67388734 0.30290545
vn -0.57735027 -0.57735027 0.57735027
vn -0.57735027 -0.57735027 -0.57735027
vn -0.57735027 -0.57735027 -0.57735027
vn -0.57735027 -0.57735027 -0.57735027
vn -0.87270352 -0.43296683 0.22567297
vn -0.57735027 -0.57735027 0.57735027
vn -0.71008577 -0.58082451 0.39802147
vn -0.57735027 -0.57735027 0.57735027
vn -0.67388734 -0.30290545 -0.67388734
vn -0.57735027 -0.57735027 -0.57735027
vn -0.67388734 -0.30290545 -0.67388734
vn -0.71008577 -0.58082451 0.39802147
vn -0.67388734 -0.67388734 0.30290545
vn -0.87557868 -0.34158598 0.34158598
vn -0.67388734 -0.67388734 0.30290545
vn -0.67388734 -0.30290545 0.67388734
vn -0.70710678 0.00000000 -0.70710678
vn -0.70710678 0.00000000 -0.70710678
vn 0.87557868 0.34158598 0.34158598
vn 0.67388734 0.30290545 0.67388734
vn 0.67388734 0.67388734 0.30290545
vn 0.70710678 0.70710678 0.00000000
vn 0.92387953 0.38268343 0.00000000
vn 0.67388734 0.67388734 -0.30290545
vn 0.87270352 0.43296683 -0.22567297
vn 0.57735027 0.57735027 -0.57735027
vn -0.80872850 -0.19552662 0.55473197
vn -0.67388734 -0.30290545 0.67388734
vn -0.70710678 0.00000000 -0.70710678
vn -0.70710678 0.00000000 -0.70710678
vn 0.95177497 0.10198709 0.28934935
vn 0.67388734 0.30290545 0.67388734
vn 1.00000000 0.00000000 0.00000000
vn 1.00000000 0.00000000 0.00000000
vn 0.57735027 0.57735027 -0.57735027
vn 0.87270352 0.22567297 -0.43296683
vn 0.67388734 0.30290545 -0.67388734
vn -0.87270352 -0.22567297 0.43296683
vn -0.57735027 -0.57735027 0.57735027
vn -0.87270352 -0.22567297 0.43296683
vn -0.67388734 -0.30290545 0.67388734
vn -0.70710678 0.00000000 -0.70710678
vn -0.70710678 0.00000000 -0.70710678
vn 0.87270352 0.22567297 0.43296683
vn 0.67388734 0.30290545 0.67388734
vn 0.57735027 0.57735027 0.57735027
vn 1.00000000 0.00000000 0.00000000
vn 1.00000000 0.00000000 0.00000000
vn 1.00000000 0.00000000 0.00000000
vn 0.95177497 0.10198709 -0.28934935
vn 0.67388734 0.30290545 -0.67388734
vn -0.76440354 -0.09787009 0.63726657
vn -0.70710678 0.00000000 0.70710678
vn -0.70710678 0.00000000 -0.70710678
vn -0.70710678 0.00000000 -0.70710678
vn 0.92387953 0.00000000 0.38268343
vn 0.70710678 0.00000000 0.70710678
vn 1.00000000 0.00000000 0.00000000
vn 1.00000000 0.00000000 0.00000000
vn 1.00000000 0.00000000 0.00000000
vn 1.00000000 0.00000000 0.00000000
vn 0.57735027 0.57735027 -0.57735027
vn 0.85513085 0.00000000 -0.51841223
vn 0.70710678 0.00000000 -0.70710678
vn -0.70710678 0.00000000 0.70710678
vn -0.70710678 0.00000000 0.70710678
vn -0.70710678 0.00000000 -0.70710678
vn -0.70710678 0.00000000 -0.70710678
vn 0.87270352 -0.22567297 0.43296683
vn 0.67388734 -0.30290545 0.67388734
vn 1.00000000 0.00000000 0.00000000
vn 1.00000000 0.00000000 0.00000000
vn 1.00000000 0.00000000 0.00000000
vn 0.95177497 -0.10198709 -0.28934935
vn 0.67388734 -0.30290545 -0.67388734
vn 0.57735027 -0.57735027 -0.57735027
vn -0.76440354 0.09787009 0.63726657
vn -0.70710678 0.00000000 0.70710678
vn -0.70710678 0.00000000 -0.70710678
vn -0.70710678 0.00000000 -0.70710678
vn 0.57735027 -0.57735027 0.57735027
vn 0.95177497 -0.10198709 0.28934935
vn 0.67388734 -0.30290545 0.67388734
vn 1.00000000 0.00000000 0.00000000
vn 1.00000000 0.00000000 0.00000000
vn 0.87270352 -0.22567297 -0.43296683
vn 0.67388734 -0.30290545 -0.67388734
vn -0.87270352 0.22567297 0.43296683
vn -0.92387953 0.00000000 0.38268343
vn -0.70710678 0.00000000 0.70710678
vn -0.70710678 0.00000000 -0.70710678
vn -0.70710678 0.00000000 -0.70710678
vn 0.87557868 -0.34158598 0.34158598
vn 0.67388734 -0.30290545 0.67388734
vn 0.92387953 -0.38268343 0.00000000
vn 0.87270352 -0.43296683 -0.22567297
vn 0.57735027 -0.57735027 -0.57735027
vn 0.57735027 -0.57735027 -0.57735027
vn -0.95177497 0.10198709 0.28934935
vn -0.87270352 0.22567297 0.43296683
vn -0.67388734 0.30290545 0.67388734
vn -0.67388734 0.30290545 -0.67388734
vn -0.67388734 0.30290545 -0.67388734
vn 0.67388734 -0.67388734 0.30290545
vn 0.70710678 -0.70710678 0.00000000
vn 0.67388734 -0.67388734 -0.30290545
vn -0.88807383 0.32505758 0.32505758
vn -0.88807383 0.32505758 0.32505758
vn -0.57735027 0.57735027 0.57735027
vn -0.57735027 0.57735027 0.57735027
vn -0.57735027 0.57735027 -0.57735027
vn -0.71008577 0.39802147 -0.58082451
vn -0.67388734 0.30290545 -0.67388734
vn -0.71008577 0.58082451 0.39802147
vn -0.87270352 0.43296683 0.22567297
vn -0.57735027 0.57735027 0.57735027
vn -0.57735027 0.57735027 0.57735027
vn -0.87270352 0.22567297 -0.43296683
vn -0.67388734 0.30290545 -0.67388734
vn -0.95177497 0.28934935 -0.10198709
vn -0.76440354 0.63726657 0.09787009
vn -0.70710678 0.70710678 0.00000000
vn -0.70710678 0.70710678 0.00000000
vn -0.67388734 0.67388734 0.30290545
vn -0.57735027 0.57735027 0.57735027
vn -0.67388734 0.67388734 0.30290545
vn -0.67388734 0.67388734 0.30290545
vn -0.57735027 0.57735027 -0.57735027
vn -0.57735027 0.57735027 -0.57735027
vn -0.85513085 0.51841223 0.00000000
vn -0.57735027 0.57735027 0.57735027
vn -0.67388734 0.67388734 0.30290545
vn -0.70710678 0.70710678 0.00000000
vn -0.70710678 0.70710678 0.00000000
vn -0.67388734 0.67388734 0.30290545
vn -0.70710678 0.70710678 -0.00000000
vn -0.87557868 -0.34158598 -0.34158598
vn -0.34158598 -0.87557868 -0.34158598
vn -0.34158598 -0.34158598 -0.87557868
vn -0.76440354 -0.63726657 -0.09787009
vn -0.63726657 -0.76440354 -0.09787009
vn -0.70710678 -0.70710678 0.00000000
vn -0.70710678 -0.70710678 0.00000000
vn -0.70710678 -0.70710678 0.00000000
vn -0.70710678 -0.70710678 0.00000000
vn -0.70710678 -0.70710678 0.00000000
vn -0.70710678 -0.70710678 0.00000000
vn -0.76440354 -0.63726657 0.09787009
vn -0.63726657 -0.76440354 0.09787009
vn -0.87270352 -0.43296683 0.22567297
vn -0.43296683 -0.87270352 0.22567297
vn -0.57735027 -0.57735027 0.57735027
vn -0.71008577 -0.39802147 -0.58082451
vn -0.58082451 -0.39802147 -0.71008577
vn -0.88807383 -0.32505758 0.32505758
vn -0.57735027 -0.57735027 0.57735027
vn -0.88807383 -0.32505758 0.32505758
vn -0.57735027 -0.57735027 0.57735027
vn -0.57735027 -0.57735027 -0.57735027
vn -0.57735027 -0.57735027 -0.57735027
vn -0.57735027 -0.57735027 -0.57735027
vn 0.89170629 0.43596009 0.12164991
vn 0.67388734 0.30290545 0.67388734
vn 0.70710678 0.70710678 0.00000000
vn 0.57735027 0.57735027 -0.57735027
vn -0.87270352 -0.43296683 0.22567297
vn -0.67388734 -0.67388734 0.30290545
vn -0.80872850 -0.55473197 0.19552662
vn -0.87270352 -0.43296683 0.22567297
vn -0.67388734 -0.67388734 0.30290545
vn -0.57735027 -0.57735027 0.57735027
vn -0.67388734 -0.30290545 -0.67388734
vn -0.57735027 -0.57735027 -0.57735027
vn -0.43296683 -0.22567297 -0.87270352
vn 0.83614993 0.38784874 0.38784874
vn 0.67388734 0.30290545 0.67388734
vn 0.67388734 0.67388734 -0.30290545
vn 0.76440354 0.63726657 -0.09787009
vn 0.67388734 0.67388734 -0.30290545
vn 0.67388734 0.67388734 -0.30290545
vn 0.57735027 0.57735027 -0.57735027
vn -0.95177497 -0.10198709 0.28934935
vn -0.57735027 -0.57735027 0.57735027
vn -0.87270352 -0.22567297 0.43296683
vn -0.43296683 -0.22567297 0.87270352
vn -0.70710678 0.00000000 -0.70710678
vn -0.38268343 0.00000000 -0.92387953
vn 0.67388734 0.30290545 0.67388734
vn 0.67388734 0.30290545 0.67388734
vn 0.57735027 0.57735027 0.57735027
vn 0.67388734 0.67388734 -0.30290545
vn 0.71008577 0.58082451 -0.39802147
vn 0.67388734 0.67388734 -0.30290545
vn 0.87270352 0.43296683 -0.22567297
vn 0.57735027 0.57735027 -0.57735027
vn -0.87270352 -0.22567297 0.43296683
vn -0.92387953 0.00000000 0.38268343
vn -0.38268343 0.00000000 0.92387953
vn -0.70710678 0.00000000 -0.70710678
vn -0.38268343 0.00000000 -0.92387953
vn 0.67388734 0.30290545 0.67388734
vn 0.67388734 0.30290545 0.67388734
vn 0.95177497 0.10198709 -0.28934935
vn 0.57735027 0.57735027 -0.57735027
vn 0.87270352 0.22567297 -0.43296683
vn 0.67388734 0.30290545 -0.67388734
vn -0.76440354 -0.09787009 0.63726657
vn -0.38268343 0.00000000 0.92387953
vn -0.70710678 0.00000000 -0.70710678
vn -0.38268343 0.00000000 -0.92387953
vn 0.67388734 0.30290545 0.67388734
vn 0.67388734 0.30290545 0.67388734
vn 0.57735027 0.57735027 0.57735027
vn 0.87270352 0.22567297 -0.43296683
vn 0.92387953 0.00000000 -0.38268343
vn 0.70710678 0.00000000 -0.70710678
vn -0.70710678 0.00000000 0.70710678
vn -0.38268343 0.00000000 0.92387953
vn -0.70710678 0.00000000 -0.70710678
vn -0.38268343 0.00000000 -0.92387953
vn 0.70710678 0.00000000 0.70710678
vn 0.70710678 0.00000000 0.70710678
vn 0.82464548 0.00000000 -0.56564992
vn 0.70710678 0.00000000 -0.70710678
vn -0.70710678 0.00000000 0.70710678
vn -0.38268343 0.00000000 0.92387953
vn -0.70710678 0.00000000 -0.70710678
vn -0.38268343 0.00000000 -0.92387953
vn 0.67388734 -0.30290545 0.67388734
vn 0.67388734 -0.30290545 0.67388734
vn 0.87270352 -0.22567297 -0.43296683
vn 0.92387953 0.00000000 -0.38268343
vn 0.70710678 0.00000000 -0.70710678
vn -0.70710678 0.00000000 0.70710678
vn -0.38268343 0.00000000 0.92387953
vn -0.70710678 0.00000000 -0.70710678
vn -0.38268343 0.00000000 -0.92387953
vn 0.57735027 -0.57735027 0.57735027
vn 0.67388734 -0.30290545 0.67388734
vn 0.67388734 -0.30290545 0.67388734
vn 0.95177497 -0.10198709 -0.28934935
vn 0.87270352 -0.22567297 -0.43296683
vn 0.67388734 -0.30290545 -0.67388734
vn -0.70710678 0.00000000 0.70710678
vn -0.38268343 0.00000000 0.92387953
vn -0.70710678 0.00000000 -0.70710678
vn -0.38268343 0.00000000 -0.92387953
vn 0.76440354 -0.09787009 0.63726657
vn 0.70710678 0.00000000 0.70710678
vn 0.71008577 -0.58082451 -0.39802147
vn 0.87270352 -0.43296683 -0.22567297
vn 0.57735027 -0.57735027 -0.57735027
vn 0.57735027 -0.57735027 -0.57735027
vn -0.76440354 0.09787009 0.63726657
vn -0.38268343 0.00000000 0.92387953
vn -0.67388734 0.30290545 -0.67388734
vn -0.43296683 0.22567297 -0.87270352
vn 0.87270352 -0.22567297 0.43296683
vn 0.67388734 -0.30290545 0.67388734
vn 0.95177497 -0.28934935 0.10198709
vn 0.92387953 -0.38268343 0.00000000
vn 0.71008577 -0.58082451 -0.39802147
vn 0.57735027 -0.57735027 -0.57735027
vn 0.67388734 -0.67388734 -0.30290545
vn 0.67388734 -0.67388734 -0.30290545
vn -0.88807383 0.32505758 0.32505758
vn -0.87270352 0.22567297 0.43296683
vn -0.43296683 0.22567297 0.87270352
vn -0.57735027 0.57735027 -0.57735027
vn -0.67388734 0.30290545 -0.67388734
vn -0.58082451 0.39802147 -0.71008577
vn 0.57735027 -0.57735027 0.57735027
vn 0.87270352 -0.43296683 0.22567297
vn 0.57735027 -0.57735027 0.57735027
vn 0.87270352 -0.43296683 -0.22567297
vn 0.57735027 -0.57735027 -0.57735027
vn 0.57735027 -0.57735027 -0.57735027
vn -0.71008577 0.58082451 0.39802147
vn -0.87270352 0.43296683 0.22567297
vn -0.57735027 0.57735027 0.57735027
vn -0.57735027 0.57735027 0.57735027
vn -0.67388734 0.30290545 -0.67388734
vn -0.43296683 0.22567297 -0.87270352
vn 0.67388734 -0.67388734 0.30290545
vn 0.67388734 -0.67388734 -0.30290545
vn -0.87270352 0.43296683 0.22567297
vn -0.71008577 0.58082451 0.39802147
vn -0.57735027 0.57735027 0.57735027
vn -0.67388734 0.67388734 0.30290545
vn -0.67388734 0.67388734 0.30290545
vn -0.57735027 0.57735027 -0.57735027
vn -0.57735027 0.57735027 -0.57735027
vn -0.57735027 0.57735027 -0.57735027
vn -0.87270352 0.43296683 0.22567297
vn -0.92387953 0.38268343 0.00000000
vn -0.92387953 0.38268343 0.00000000
vn -0.80872850 0.55473197 0.19552662
vn -0.87270352 0.43296683 0.22567297
vn -0.57735027 0.57735027 0.57735027
vn -0.57735027 0.57735027 0.57735027
vn -0.57735027 0.57735027 -0.57735027
vn -0.75644519 0.61874483 -0.21200356
vn -0.57735027 0.57735027 -0.57735027
vn -0.92387953 0.38268343 0.00000000
vn -0.92387953 0.38268343 0.00000000
vn -0.87270352 0.43296683 0.22567297
vn -0.57735027 0.57735027 0.57735027
vn -0.67388734 0.67388734 0.30290545
vn -0.67388734 0.67388734 0.30290545
vn -0.43296683 0.87270352 -0.22567297
vn -0.38268343 0.92387953 0.00000000
vn -0.38268343 0.92387953 0.00000000
vn -0.43296683 0.87270352 0.22567297
vn -0.67388734 -0.67388734 -0.30290545
vn -0.67388734 -0.67388734 -0.30290545
vn -0.57735027 -0.57735027 -0.57735027
vn -0.70710678 -0.70710678 0.00000000
vn -0.70710678 -0.70710678 0.00000000
vn -0.70710678 -0.70710678 0.00000000
vn -0.70710678 -0.70710678 0.00000000
vn -0.70710678 -0.70710678 0.00000000
vn -0.63726657 -0.76440354 0.09787009
vn -0.67388734 -0.67388734 0.30290545
vn -0.43296683 -0.87270352 0.22567297
vn -0.57735027 -0.57735027 0.57735027
vn -0.39802147 -0.71008577 -0.58082451
vn -0.39802147 -0.58082451 -0.71008577
vn -0.43296683 -0.87270352 0.22567297
vn -0.57735027 -0.57735027 0.57735027
vn -0.58082451 -0.71008577 0.39802147
vn -0.57735027 -0.57735027 0.57735027
vn -0.57735027 -0.57735027 -0.57735027
vn -0.57735027 -0.57735027 -0.57735027
vn -0.57735027 -0.57735027 -0.57735027
vn 0.75644519 0.61874483 0.21200356
vn 0.57735027 0.57735027 0.57735027
vn 0.61874483 0.75644519 0.21200356
vn 0.43296683 0.87270352 -0.22567297
vn 0.87270352 0.43296683 -0.22567297
vn 0.57735027 0.57735027 -0.57735027
vn -0.67388734 -0.67388734 0.30290545
vn -0.67388734 -0.67388734 0.30290545
vn -0.67388734 -0.67388734 0.30290545
vn -0.67388734 -0.67388734 0.30290545
vn -0.57735027 -0.57735027 0.57735027
vn -0.57735027 -0.57735027 -0.57735027
vn -0.57735027 -0.57735027 -0.57735027
vn -0.32505758 -0.32505758 -0.88807383
vn 0.71008577 0.39802147 0.58082451
vn 0.57735027 0.57735027 0.57735027
vn 0.57735027 0.57735027 0.57735027
vn 0.87270352 0.43296683 -0.22567297
vn 0.67388734 0.67388734 -0.30290545
vn 0.80872850 0.55473197 -0.19552662
vn 0.67388734 0.67388734 -0.30290545
vn 0.87270352 0.43296683 -0.22567297
vn 0.57735027 0.57735027 -0.57735027
vn -0.57735027 -0.57735027 0.57735027
vn -0.57735027 -0.57735027 0.57735027
vn -0.32505758 -0.32505758 0.88807383
vn 0.00000000 0.00000000 -1.00000000
vn 0.87270352 0.22567297 0.43296683
vn 0.43296683 0.22567297 0.87270352
vn 0.57735027 0.57735027 0.57735027
vn 0.87270352 0.22567297 0.43296683
vn 0.87270352 0.43296683 -0.22567297
vn 0.67388734 0.67388734 -0.30290545
vn 0.80872850 0.55473197 -0.19552662
vn 0.67388734 0.67388734 -0.30290545
vn 0.87270352 0.43296683 -0.22567297
vn 0.57735027 0.57735027 -0.57735027
vn 0.00000000 0.00000000 1.00000000
vn 0.00000000 0.00000000 -1.00000000
vn 0.76440354 0.09787009 0.63726657
vn 0.63726657 0.09787009 0.76440354
vn 0.88807383 0.32505758 -0.32505758
vn 0.57735027 0.57735027 -0.57735027
vn 0.87270352 0.22567297 -0.43296683
vn 0.43296683 0.22567297 -0.87270352
vn 0.00000000 0.00000000 1.00000000
vn 0.00000000 0.00000000 -1.00000000
vn 0.67388734 0.30290545 0.67388734
vn 0.67388734 0.30290545 0.67388734
vn 0.76440354 0.09787009 -0.63726657
vn 0.63726657 0.09787009 -0.76440354
vn 0.00000000 0.00000000 1.00000000
vn 0.00000000 0.00000000 -1.00000000
vn 0.67388734 0.30290545 0.67388734
vn 0.43296683 0.22567297 0.87270352
vn 0.57735027 0.57735027 0.57735027
vn 0.70710678 0.00000000 -0.70710678
vn 0.70710678 0.00000000 -0.70710678
vn 0.00000000 0.00000000 1.00000000
vn 0.00000000 0.00000000 -1.00000000
vn 0.70710678 0.00000000 0.70710678
vn 0.38268343 0.00000000 0.92387953
vn 0.70710678 0.00000000 -0.70710678
vn 0.70710678 0.00000000 -0.70710678
vn 0.00000000 0.00000000 1.00000000
vn 0.00000000 0.00000000 -1.00000000
vn 0.67388734 -0.30290545 0.67388734
vn 0.43296683 -0.22567297 0.87270352
vn 0.70710678 0.00000000 -0.70710678
vn 0.70710678 0.00000000 -0.70710678
vn 0.00000000 0.00000000 1.00000000
vn 0.00000000 0.00000000 -1.00000000
vn 0.57735027 -0.57735027 0.57735027
vn 0.67388734 -0.30290545 0.67388734
vn 0.67388734 -0.30290545 0.67388734
vn 0.76440354 -0.09787009 -0.63726657
vn 0.63726657 -0.09787009 -0.76440354
vn 0.00000000 0.00000000 1.00000000
vn 0.00000000 0.00000000 -1.00000000
vn 0.70710678 0.00000000 0.70710678
vn 0.63726657 -0.09787009 0.76440354
vn 0.88807383 -0.32505758 -0.32505758
vn 0.87270352 -0.22567297 -0.43296683
vn 0.43296683 -0.22567297 -0.87270352
vn 0.00000000 0.00000000 1.00000000
vn 0.00000000 0.00000000 -1.00000000
vn 0.67388734 -0.30290545 0.67388734
vn 0.43296683 -0.22567297 0.87270352
vn 0.87270352 -0.43296683 -0.22567297
vn 0.95177497 -0.28934935 -0.10198709
vn 0.88807383 -0.32505758 -0.32505758
vn 0.57735027 -0.57735027 -0.57735027
vn 0.57735027 -0.57735027 -0.57735027
vn 0.00000000 0.00000000 1.00000000
vn -0.57735027 0.57735027 -0.57735027
vn -0.32505758 0.32505758 -0.88807383
vn 0.57735027 -0.57735027 0.57735027
vn 0.57735027 -0.57735027 0.57735027
vn 0.57735027 -0.57735027 0.57735027
vn 0.88807383 -0.32505758 -0.32505758
vn 0.95177497 -0.28934935 -0.10198709
vn 0.87270352 -0.43296683 -0.22567297
vn 0.57735027 -0.57735027 -0.57735027
vn 0.57735027 -0.57735027 -0.57735027
vn -0.57735027 0.57735027 0.57735027
vn -0.32505758 0.32505758 0.88807383
vn -0.57735027 0.57735027 -0.57735027
vn -0.32505758 0.32505758 -0.88807383
vn 0.57735027 -0.57735027 0.57735027
vn 0.67388734 -0.67388734 0.30290545
vn 0.57735027 -0.57735027 0.57735027
vn 0.76440354 -0.63726657 -0.09787009
vn 0.87270352 -0.43296683 -0.22567297
vn 0.57735027 -0.57735027 -0.57735027
vn 0.58082451 -0.71008577 -0.39802147
vn 0.43296683 -0.87270352 -0.22567297
vn -0.67388734 0.67388734 0.30290545
vn -0.67388734 0.67388734 0.30290545
vn -0.57735027 0.57735027 0.57735027
vn -0.57735027 0.57735027 0.57735027
vn -0.57735027 0.57735027 -0.57735027
vn -0.22567297 0.43296683 -0.87270352
vn 0.67388734 -0.67388734 0.30290545
vn 0.70710678 -0.70710678 0.00000000
vn 0.67388734 -0.67388734 -0.30290545
vn -0.57735027 0.57735027 0.57735027
vn -0.57735027 0.57735027 0.57735027
vn -0.67388734 0.67388734 0.30290545
vn -0.67388734 0.67388734 0.30290545
vn -0.30290545 0.67388734 -0.67388734
vn -0.57735027 0.57735027 -0.57735027
vn -0.30290545 0.67388734 -0.67388734
vn -0.67388734 0.67388734 0.30290545
vn -0.67388734 0.67388734 0.30290545
vn -0.57735027 0.57735027 0.57735027
vn -0.57735027 0.57735027 0.57735027
vn -0.22567297 0.87270352 -0.43296683
vn -0.28934935 0.95177497 -0.10198709
vn -0.38268343 0.92387953 0.00000000
vn -0.38268343 0.92387953 0.00000000
vn -0.38268343 0.92387953 0.00000000
vn -0.55473197 0.80872850 0.19552662
vn -0.43296683 0.87270352 0.22567297
vn -0.67388734 -0.67388734 -0.30290545
vn -0.43296683 -0.87270352 -0.22567297
vn -0.57735027 -0.57735027 -0.57735027
vn -0.70710678 -0.70710678 0.00000000
vn -0.38268343 -0.92387953 0.00000000
vn -0.70710678 -0.70710678 0.00000000
vn -0.38268343 -0.92387953 0.00000000
vn -0.67388734 -0.67388734 0.30290545
vn -0.43296683 -0.87270352 0.22567297
vn -0.57735027 -0.57735027 0.57735027
vn -0.57735027 -0.57735027 -0.57735027
vn -0.57735027 -0.57735027 -0.57735027
vn -0.57735027 -0.57735027 -0.57735027
vn -0.32505758 -0.88807383 0.32505758
vn -0.67388734 -0.67388734 0.30290545
vn -0.28934935 -0.95177497 0.10198709
vn -0.67388734 -0.67388734 0.30290545
vn -0.43296683 -0.87270352 0.22567297
vn -0.57735027 -0.57735027 0.57735027
vn -0.57735027 -0.57735027 -0.57735027
vn -0.57735027 -0.57735027 -0.57735027
vn -0.39802147 -0.58082451 -0.71008577
vn 0.70710678 0.70710678 -0.00000000
vn 0.57735027 0.57735027 0.57735027
vn 0.51841223 0.85513085 -0.00000000
vn 0.57735027 0.57735027 -0.57735027
vn -0.67388734 -0.67388734 0.30290545
vn -0.58082451 -0.71008577 0.39802147
vn -0.67388734 -0.67388734 0.30290545
vn -0.43296683 -0.87270352 0.22567297
vn -0.57735027 -0.57735027 0.57735027
vn -0.57735027 -0.57735027 -0.57735027
vn -0.30290545 -0.67388734 -0.67388734
vn -0.22567297 -0.43296683 -0.87270352
vn 0.57735027 0.57735027 0.57735027
vn 0.57735027 0.57735027 0.57735027
vn 0.57735027 0.57735027 0.57735027
vn 0.43296683 0.87270352 -0.22567297
vn 0.55473197 0.80872850 -0.19552662
vn 0.67388734 0.67388734 -0.30290545
vn 0.43296683 0.87270352 -0.22567297
vn 0.67388734 0.67388734 -0.30290545
vn 0.57735027 0.57735027 -0.57735027
vn -0.57735027 -0.57735027 0.57735027
vn -0.57735027 -0.57735027 0.57735027
vn -0.32505758 -0.32505758 0.88807383
vn 0.00000000 0.00000000 -1.00000000
vn 0.57735027 0.57735027 0.57735027
vn 0.32505758 0.32505758 0.88807383
vn 0.57735027 0.57735027 0.57735027
vn 0.58082451 0.71008577 -0.39802147
vn 0.67388734 0.67388734 -0.30290545
vn 0.43296683 0.87270352 -0.22567297
vn 0.67388734 0.67388734 -0.30290545
vn 0.57735027 0.57735027 -0.57735027
vn 0.00000000 0.00000000 1.00000000
vn 0.00000000 0.00000000 -1.00000000
vn 0.32505758 0.32505758 0.88807383
vn 0.57735027 0.57735027 -0.57735027
vn 0.57735027 0.57735027 -0.57735027
vn 0.32505758 0.32505758 -0.88807383
vn 0.00000000 0.00000000 1.00000000
vn 0.00000000 0.00000000 -1.00000000
vn 0.67388734 0.30290545 0.67388734
vn 0.43296683 0.22567297 0.87270352
vn 0.57735027 0.57735027 0.57735027
vn 0.32505758 0.32505758 -0.88807383
vn 0.00000000 0.00000000 1.00000000
vn 0.00000000 0.00000000 -1.00000000
vn 0.67388734 0.30290545 0.67388734
vn 0.28934935 0.10198709 0.95177497
vn 0.57735027 0.57735027 -0.57735027
vn 0.67388734 0.30290545 -0.67388734
vn 0.43296683 0.22567297 -0.87270352
vn 0.00000000 0.00000000 1.00000000
vn 0.00000000 0.00000000 -1.00000000
vn 0.00000000 0.00000000 1.00000000
vn 0.70710678 0.00000000 -0.70710678
vn 0.38268343 0.00000000 -0.92387953
vn -0.28934935 -0.10198709 0.95177497
vn 0.00000000 0.00000000 -1.00000000
vn 0.00000000 0.00000000 1.00000000
vn 0.70710678 0.00000000 -0.70710678
vn 0.38268343 0.00000000 -0.92387953
vn -0.38268343 0.00000000 0.92387953
vn 0.00000000 0.00000000 -1.00000000
vn 0.00000000 0.00000000 1.00000000
vn 0.70710678 0.00000000 -0.70710678
vn 0.38268343 0.00000000 -0.92387953
vn -0.28934935 0.10198709 0.95177497
vn 0.00000000 0.00000000 -1.00000000
vn 0.67388734 -0.30290545 0.67388734
vn 0.28934935 -0.10198709 0.95177497
vn 0.67388734 -0.30290545 -0.67388734
vn 0.43296683 -0.22567297 -0.87270352
vn 0.00000000 0.00000000 1.00000000
vn 0.00000000 0.00000000 -1.00000000
vn 0.67388734 -0.30290545 0.67388734
vn 0.43296683 -0.22567297 0.87270352
vn 0.57735027 -0.57735027 -0.57735027
vn 0.32505758 -0.32505758 -0.88807383
vn 0.00000000 0.00000000 1.00000000
vn 0.00000000 0.00000000 -1.00000000
vn 0.57735027 -0.57735027 0.57735027
vn 0.32505758 -0.32505758 0.88807383
vn 0.57735027 -0.57735027 -0.57735027
vn 0.32505758 -0.32505758 -0.88807383
vn 0.00000000 0.00000000 1.00000000
vn 0.00000000 0.00000000 -1.00000000
vn 0.57735027 -0.57735027 0.57735027
vn 0.32505758 -0.32505758 0.88807383
vn 0.57735027 -0.57735027 -0.57735027
vn 0.57735027 -0.57735027 -0.57735027
vn 0.57735027 -0.57735027 -0.57735027
vn 0.00000000 0.00000000 1.00000000
vn -0.57735027 0.57735027 -0.57735027
vn -0.32505758 0.32505758 -0.88807383
vn 0.57735027 -0.57735027 0.57735027
vn 0.57735027 -0.57735027 0.57735027
vn 0.57735027 -0.57735027 0.57735027
vn 0.57735027 -0.57735027 -0.57735027
vn 0.57735027 -0.57735027 -0.57735027
vn 0.43296683 -0.87270352 -0.22567297
vn 0.58082451 -0.71008577 -0.39802147
vn -0.57735027 0.57735027 0.57735027
vn -0.32505758 0.32505758 0.88807383
vn -0.57735027 0.57735027 -0.57735027
vn -0.39802147 0.58082451 -0.71008577
vn 0.57735027 -0.57735027 0.57735027
vn 0.67388734 -0.67388734 0.30290545
vn 0.57735027 -0.57735027 0.57735027
vn 0.70710678 -0.70710678 0.00000000
vn 0.67388734 -0.67388734 -0.30290545
vn 0.57735027 -0.57735027 -0.57735027
vn 0.57735027 -0.57735027 -0.57735027
vn -0.67388734 0.67388734 0.30290545
vn -0.67388734 0.67388734 0.30290545
vn -0.57735027 0.57735027 0.57735027
vn -0.57735027 0.57735027 0.57735027
vn -0.30290545 0.67388734 -0.67388734
vn -0.30290545 0.67388734 -0.67388734
vn 0.43296683 -0.87270352 0.22567297
vn 0.38268343 -0.92387953 0.00000000
vn 0.43296683 -0.87270352 -0.22567297
vn -0.57735027 0.57735027 0.57735027
vn -0.57735027 0.57735027 0.57735027
vn -0.58082451 0.71008577 0.39802147
vn -0.43296683 0.87270352 0.22567297
vn -0.39802147 0.71008577 -0.58082451
vn -0.67388734 0.67388734 -0.30290545
vn -0.57735027 0.57735027 -0.57735027
vn -0.70710678 0.70710678 0.00000000
vn -0.70710678 0.70710678 0.00000000
vn -0.70710678 0.70710678 0.00000000
vn -0.67388734 0.67388734 0.30290545
vn -0.57735027 0.57735027 0.57735027
vn -0.32505758 0.88807383 0.32505758
vn -0.32505758 0.88807383 0.32505758
vn -0.43296683 0.87270352 -0.22567297
vn -0.38268343 0.92387953 0.00000000
vn -0.38268343 0.92387953 0.00000000
vn -0.38268343 0.92387953 0.00000000
vn -0.43296683 0.87270352 0.22567297
vn -0.57735027 -0.57735027 -0.57735027
vn -0.22567297 -0.87270352 -0.43296683
vn -0.30290545 -0.67388734 -0.67388734
vn -0.28934935 -0.95177497 -0.10198709
vn -0.38268343 -0.92387953 0.00000000
vn -0.28934935 -0.95177497 0.10198709
vn 0.00000000 -1.00000000 0.00000000
vn -0.57735027 -0.57735027 0.57735027
vn -0.32505758 -0.88807383 0.32505758
vn -0.57735027 -0.57735027 0.57735027
vn -0.57735027 -0.57735027 -0.57735027
vn -0.30290545 -0.67388734 -0.67388734
vn -0.22567297 -0.43296683 -0.87270352
vn -0.32505758 -0.88807383 0.32505758
vn 0.00000000 -1.00000000 0.00000000
vn -0.57735027 -0.57735027 0.57735027
vn -0.32505758 -0.88807383 0.32505758
vn -0.57735027 -0.57735027 0.57735027
vn -0.22567297 -0.43296683 -0.87270352
vn 0.57735027 0.57735027 0.57735027
vn 0.30290545 0.67388734 0.67388734
vn 0.22567297 0.87270352 0.43296683
vn 0.00000000 1.00000000 0.00000000
vn 0.48206466 0.87044911 -0.09965949
vn 0.67388734 0.67388734 -0.30290545
vn 0.43296683 0.87270352 -0.22567297
vn 0.67388734 0.67388734 -0.30290545
vn 0.57735027 0.57735027 -0.57735027
vn -0.32505758 -0.88807383 0.32505758
vn -0.57735027 -0.57735027 0.57735027
vn -0.22567297 -0.87270352 0.43296683
vn -0.22567297 -0.43296683 0.87270352
vn -0.30290545 -0.67388734 -0.67388734
vn -0.10198709 -0.28934935 -0.95177497
vn 0.57735027 0.57735027 0.57735027
vn 0.22567297 0.43296683 0.87270352
vn 0.30290545 0.67388734 0.67388734
vn 0.43296683 0.87270352 -0.22567297
vn 0.58082451 0.71008577 -0.39802147
vn 0.57735027 0.57735027 -0.57735027
vn 0.57735027 0.57735027 -0.57735027
vn 0.00000000 0.00000000 1.00000000
vn 0.00000000 0.00000000 -1.00000000
vn 0.32505758 0.32505758 0.88807383
vn 0.43296683 0.87270352 -0.22567297
vn 0.58082451 0.71008577 -0.39802147
vn 0.57735027 0.57735027 -0.57735027
vn 0.32505758 0.32505758 -0.88807383
vn 0.00000000 0.00000000 1.00000000
vn 0.00000000 0.00000000 -1.00000000
vn 0.57735027 0.57735027 0.57735027
vn 0.32505758 0.32505758 0.88807383
vn 0.57735027 0.57735027 0.57735027
vn 0.32505758 0.32505758 -0.88807383
vn 0.00000000 0.00000000 1.00000000
vn 0.00000000 0.00000000 -1.00000000
vn 0.00000000 0.00000000 1.00000000
vn 0.57735027 0.57735027 -0.57735027
vn 0.57735027 0.57735027 -0.57735027
vn 0.32505758 0.32505758 -0.88807383
vn -0.28934935 -0.10198709 0.95177497
vn 0.00000000 0.00000000 -1.00000000
vn 0.00000000 0.00000000 1.00000000
vn 0.00000000 0.00000000 -1.00000000
vn -0.43296683 -0.22567297 0.87270352
vn 0.00000000 0.00000000 -1.00000000
vn 0.00000000 0.00000000 1.00000000
vn 0.00000000 0.00000000 -1.00000000
vn -0.57735027 -0.57735027 0.57735027
vn -0.67388734 -0.30290545 0.67388734
vn -0.43296683 -0.22567297 0.87270352
vn 0.00000000 0.00000000 -1.00000000
vn 0.00000000 0.00000000 1.00000000
vn 0.00000000 0.00000000 -1.00000000
vn -0.70710678 0.00000000 0.70710678
vn -0.38268343 0.00000000 0.92387953
vn 0.00000000 0.00000000 -1.00000000
vn 0.00000000 0.00000000 1.00000000
vn 0.00000000 0.00000000 -1.00000000
vn -0.67388734 0.30290545 0.67388734
vn -0.43296683 0.22567297 0.87270352
vn 0.00000000 0.00000000 -1.00000000
vn 0.00000000 0.00000000 1.00000000
vn 0.00000000 0.00000000 -1.00000000
vn -0.43296683 0.22567297 0.87270352
vn -0.57735027 0.57735027 0.57735027
vn 0.00000000 0.00000000 -1.00000000
vn 0.00000000 0.00000000 1.00000000
vn 0.57735027 -0.57735027 -0.57735027
vn 0.32505758 -0.32505758 -0.88807383
vn -0.28934935 0.10198709 0.95177497
vn 0.00000000 0.00000000 -1.00000000
vn 0.57735027 -0.57735027 0.57735027
vn 0.32505758 -0.32505758 0.88807383
vn 0.57735027 -0.57735027 -0.57735027
vn 0.32505758 -0.32505758 -0.88807383
vn 0.00000000 0.00000000 1.00000000
vn 0.00000000 0.00000000 -1.00000000
vn 0.57735027 -0.57735027 0.57735027
vn 0.32505758 -0.32505758 0.88807383
vn 0.57735027 -0.57735027 -0.57735027
vn 0.32505758 -0.32505758 -0.88807383
vn 0.00000000 0.00000000 1.00000000
vn 0.00000000 0.00000000 -1.00000000
vn 0.57735027 -0.57735027 0.57735027
vn 0.22567297 -0.43296683 0.87270352
vn 0.67388734 -0.67388734 -0.30290545
vn 0.67388734 -0.67388734 -0.30290545
vn 0.57735027 -0.57735027 -0.57735027
vn 0.57735027 -0.57735027 -0.57735027
vn 0.00000000 0.00000000 1.00000000
vn -0.57735027 0.57735027 -0.57735027
vn -0.22567297 0.43296683 -0.87270352
vn 0.30290545 -0.67388734 0.67388734
vn 0.57735027 -0.57735027 0.57735027
vn 0.30290545 -0.67388734 0.67388734
vn 0.57735027 -0.57735027 -0.57735027
vn 0.57735027 -0.57735027 -0.57735027
vn 0.58082451 -0.71008577 -0.39802147
vn 0.43296683 -0.87270352 -0.22567297
vn -0.57735027 0.57735027 0.57735027
vn -0.22567297 0.43296683 0.87270352
vn -0.30290545 0.67388734 -0.67388734
vn -0.57735027 0.57735027 -0.57735027
vn -0.30290545 0.67388734 -0.67388734
vn 0.22567297 -0.87270352 0.43296683
vn 0.00000000 -1.00000000 0.00000000
vn 0.00000000 -1.00000000 0.00000000
vn 0.20007313 -0.97978097 0.00000000
vn 0.32505758 -0.88807383 -0.32505758
vn -0.57735027 0.57735027 0.57735027
vn -0.57735027 0.57735027 0.57735027
vn -0.32505758 0.88807383 0.32505758
vn -0.22567297 0.87270352 0.43296683
vn -0.30290545 0.67388734 -0.67388734
vn -0.57735027 0.57735027 -0.57735027
vn -0.30290545 0.67388734 -0.67388734
vn -0.57735027 0.57735027 0.57735027
vn -0.57735027 0.57735027 0.57735027
vn -0.32505758 0.88807383 0.32505758
vn -0.32505758 0.88807383 0.32505758
vn -0.22567297 0.87270352 -0.43296683
vn -0.28934935 0.95177497 -0.10198709
vn -0.38268343 0.92387953 0.00000000
vn -0.28934935 0.95177497 0.10198709
vn 0.00000000 1.00000000 0.00000000
vn 0.00000000 1.00000000 0.00000000
vn -0.32505758 0.88807383 0.32505758
vn -0.67388734 -0.67388734 -0.30290545
vn -0.34158598 -0.87557868 -0.34158598
vn -0.30290545 -0.67388734 -0.67388734
vn -0.70710678 -0.70710678 0.00000000
vn -0.38268343 -0.92387953 0.00000000
vn -0.67388734 -0.67388734 0.30290545
vn -0.43296683 -0.87270352 0.22567297
vn -0.57735027 -0.57735027 0.57735027
vn -0.09787009 -0.76440354 -0.63726657
vn 0.00000000 -0.70710678 -0.70710678
vn -0.32505758 -0.88807383 0.32505758
vn 0.00000000 -1.00000000 0.00000000
vn -0.57735027 -0.57735027 0.57735027
vn -0.32505758 -0.88807383 0.32505758
vn -0.57735027 -0.57735027 0.57735027
vn 0.00000000 -0.70710678 -0.70710678
vn -0.09787009 -0.63726657 -0.76440354
vn 0.70710678 0.70710678 0.00000000
vn 0.57735027 0.57735027 0.57735027
vn 0.51841223 0.85513085 -0.00000000
vn 0.57735027 0.57735027 -0.57735027
vn -0.32505758 -0.88807383 0.32505758
vn 0.00000000 -1.00000000 0.00000000
vn -0.57735027 -0.57735027 0.57735027
vn -0.22567297 -0.87270352 0.43296683
vn -0.30290545 -0.67388734 0.67388734
vn -0.57735027 -0.57735027 -0.57735027
vn -0.30290545 -0.67388734 -0.67388734
vn -0.22567297 -0.43296683 -0.87270352
vn 0.00000000 0.70710678 0.70710678
vn 0.00000000 0.92387953 0.38268343
vn 0.32505758 0.88807383 0.32505758
vn 0.32505758 0.88807383 -0.32505758
vn 0.28934935 0.95177497 -0.10198709
vn 0.67388734 0.67388734 -0.30290545
vn 0.43296683 0.87270352 -0.22567297
vn 0.67388734 0.67388734 -0.30290545
vn 0.57735027 0.57735027 -0.57735027
vn -0.09787009 -0.76440354 0.63726657
vn 0.00000000 -0.38268343 0.92387953
vn 0.00000000 0.00000000 -1.00000000
vn 0.09787009 0.63726657 0.76440354
vn 0.00000000 0.70710678 0.70710678
vn 0.58082451 0.71008577 -0.39802147
vn 0.67388734 0.67388734 -0.30290545
vn 0.34158598 0.87557868 -0.34158598
vn 0.67388734 0.67388734 -0.30290545
vn 0.22567297 0.43296683 -0.87270352
vn 0.00000000 0.00000000 1.00000000
vn 0.00000000 0.00000000 -1.00000000
vn 0.57735027 0.57735027 0.57735027
vn 0.22567297 0.43296683 0.87270352
vn 0.30290545 0.67388734 0.67388734
vn 0.32505758 0.32505758 -0.88807383
vn 0.00000000 0.00000000 1.00000000
vn 0.00000000 0.00000000 -1.00000000
vn 0.00000000 0.00000000 1.00000000
vn 0.57735027 0.57735027 -0.57735027
vn 0.57735027 0.57735027 -0.57735027
vn 0.32505758 0.32505758 -0.88807383
vn -0.10198709 -0.28934935 0.95177497
vn 0.00000000 0.00000000 -1.00000000
vn 0.00000000 0.00000000 1.00000000
vn 0.00000000 0.00000000 -1.00000000
vn -0.30290545 -0.67388734 0.67388734
vn -0.67388734 -0.30290545 0.67388734
vn -0.34158598 -0.34158598 0.87557868
vn 0.00000000 0.00000000 -1.00000000
vn 0.00000000 0.00000000 1.00000000
vn 0.00000000 0.00000000 -1.00000000
vn -0.67388734 -0.30290545 0.67388734
vn -0.28934935 -0.10198709 0.95177497
vn 0.00000000 0.00000000 -1.00000000
vn 0.00000000 0.00000000 1.00000000
vn 0.00000000 0.00000000 -1.00000000
vn -0.28934935 -0.10198709 0.95177497
vn 0.00000000 0.00000000 -1.00000000
vn 0.00000000 0.00000000 1.00000000
vn 0.00000000 0.00000000 -1.00000000
vn -0.38268343 0.00000000 0.92387953
vn 0.00000000 0.00000000 -1.00000000
vn 0.00000000 0.00000000 1.00000000
vn 0.00000000 0.00000000 -1.00000000
vn -0.28934935 0.10198709 0.95177497
vn 0.00000000 0.00000000 -1.00000000
vn 0.00000000 0.00000000 1.00000000
vn 0.00000000 0.00000000 -1.00000000
vn -0.67388734 0.30290545 0.67388734
vn -0.28934935 0.10198709 0.95177497
vn 0.00000000 0.00000000 -1.00000000
vn 0.00000000 0.00000000 1.00000000
vn 0.00000000 0.00000000 -1.00000000
vn -0.67388734 0.30290545 0.67388734
vn -0.43296683 0.22567297 0.87270352
vn 0.00000000 0.00000000 -1.00000000
vn 0.00000000 0.00000000 1.00000000
vn 0.57735027 -0.57735027 -0.57735027
vn 0.32505758 -0.32505758 -0.88807383
vn -0.32505758 0.32505758 0.88807383
vn -0.57735027 0.57735027 0.57735027
vn 0.00000000 0.00000000 -1.00000000
vn 0.57735027 -0.57735027 0.57735027
vn 0.22567297 -0.43296683 0.87270352
vn 0.57735027 -0.57735027 -0.57735027
vn 0.32505758 -0.32505758 -0.88807383
vn 0.00000000 0.00000000 1.00000000
vn 0.00000000 0.00000000 -1.00000000
vn 0.30290545 -0.67388734 0.67388734
vn 0.19552662 -0.55473197 0.80872850
vn 0.57735027 -0.57735027 -0.57735027
vn 0.22567297 -0.43296683 -0.87270352
vn 0.00000000 0.00000000 1.00000000
vn 0.00000000 0.38268343 -0.92387953
vn 0.30290545 -0.67388734 0.67388734
vn 0.30290545 -0.67388734 0.67388734
vn 0.57735027 -0.57735027 -0.57735027
vn 0.57735027 -0.57735027 -0.57735027
vn 0.32505758 -0.88807383 -0.32505758
vn 0.22567297 -0.87270352 -0.43296683
vn -0.10198709 0.28934935 0.95177497
vn 0.00000000 0.70710678 -0.70710678
vn 0.00000000 0.70710678 -0.70710678
vn 0.10198709 -0.95177497 0.28934935
vn 0.00000000 -1.00000000 0.00000000
vn -0.00000000 -0.97978097 0.20007313
vn 0.70710678 -0.70710678 0.00000000
vn -0.00000000 -0.70710678 0.70710678
vn 0.00000000 -0.70710678 -0.70710678
vn 0.00000000 -0.97978097 -0.20007313
vn 0.32505758 -0.88807383 -0.32505758
vn -0.57735027 0.57735027 0.57735027
vn -0.57735027 0.57735027 0.57735027
vn -0.39802147 0.71008577 0.58082451
vn 0.00000000 0.70710678 -0.70710678
vn 0.00000000 0.70710678 -0.70710678
vn 0.00000000 -1.00000000 0.00000000
vn -0.57735027 0.57735027 0.57735027
vn -0.30290545 0.67388734 0.67388734
vn -0.10198709 0.95177497 0.28934935
vn -0.32505758 0.88807383 0.32505758
vn -0.09787009 0.76440354 -0.63726657
vn -0.67388734 0.67388734 -0.30290545
vn -0.30290545 0.67388734 -0.67388734
vn -0.70710678 0.70710678 0.00000000
vn -0.67388734 0.67388734 0.30290545
vn -0.57735027 0.57735027 0.57735027
vn -0.43296683 0.87270352 0.22567297
vn -0.28934935 0.95177497 0.10198709
vn 0.00000000 1.00000000 0.00000000
vn -0.22567297 0.87270352 0.43296683
vn -0.34158598 0.87557868 -0.34158598
vn -0.63726657 0.76440354 -0.09787009
vn -0.67388734 0.67388734 0.30290545
vn -0.38784874 -0.83614993 -0.38784874
vn -0.09787009 -0.63726657 -0.76440354
vn -0.38268343 -0.92387953 0.00000000
vn -0.38268343 -0.92387953 0.00000000
vn -0.57735027 -0.57735027 0.57735027
vn -0.58082451 -0.71008577 0.39802147
vn -0.57735027 -0.57735027 0.57735027
vn 0.00000000 -0.70710678 -0.70710678
vn 0.00000000 -0.70710678 -0.70710678
vn -0.32505758 -0.88807383 0.32505758
vn 0.00000000 -1.00000000 0.00000000
vn -0.57735027 -0.57735027 0.57735027
vn -0.52205048 -0.79331587 0.31323029
vn -0.57735027 -0.57735027 0.57735027
vn 0.00000000 -0.70710678 -0.70710678
vn 0.00000000 -0.70710678 -0.70710678
vn 0.57735027 0.57735027 0.57735027
vn 0.57735027 0.57735027 0.57735027
vn 0.32505758 0.88807383 0.32505758
vn 0.00000000 1.00000000 0.00000000
vn 0.22567297 0.87270352 -0.43296683
vn 0.57735027 0.57735027 -0.57735027
vn 0.30290545 0.67388734 -0.67388734
vn -0.43296683 -0.87270352 0.22567297
vn -0.38784874 -0.83614993 0.38784874
vn -0.09787009 -0.63726657 0.76440354
vn 0.00000000 -0.70710678 -0.70710678
vn 0.00000000 -0.38268343 -0.92387953
vn 0.30290545 0.67388734 0.67388734
vn 0.39802147 0.71008577 0.58082451
vn 0.10198709 0.95177497 -0.28934935
vn 0.00000000 1.00000000 0.00000000
vn 0.22567297 0.87270352 -0.43296683
vn 0.57735027 0.57735027 -0.57735027
vn 0.30290545 0.67388734 -0.67388734
vn 0.00000000 -0.70710678 0.70710678
vn 0.00000000 -0.38268343 0.92387953
vn 0.00000000 0.00000000 -1.00000000
vn 0.30290545 0.67388734 0.67388734
vn 0.30290545 0.67388734 0.67388734
vn 0.09787009 0.76440354 -0.63726657
vn 0.09787009 0.63726657 -0.76440354
vn 0.00000000 0.00000000 1.00000000
vn 0.00000000 0.00000000 -1.00000000
vn 0.10198709 0.28934935 0.95177497
vn 0.30290545 0.67388734 0.67388734
vn 0.30290545 0.67388734 -0.67388734
vn 0.57735027 0.57735027 -0.57735027
vn 0.22567297 0.43296683 -0.87270352
vn 0.00000000 0.00000000 1.00000000
vn 0.00000000 0.00000000 -1.00000000
vn 0.00000000 0.00000000 1.00000000
vn 0.00000000 0.00000000 -1.00000000
vn -0.22567297 -0.43296683 0.87270352
vn 0.00000000 0.00000000 -1.00000000
vn 0.00000000 0.00000000 1.00000000
vn 0.00000000 0.00000000 -1.00000000
vn -0.30290545 -0.67388734 0.67388734
vn -0.10198709 -0.28934935 0.95177497
vn 0.00000000 0.00000000 -1.00000000
vn 0.00000000 0.00000000 1.00000000
vn 0.00000000 0.00000000 -1.00000000
vn -0.32505758 -0.32505758 0.88807383
vn 0.00000000 0.00000000 -1.00000000
vn 0.00000000 0.00000000 1.00000000
vn 0.00000000 0.00000000 -1.00000000
vn -0.67388734 -0.67388734 0.30290545
vn -0.83614993 -0.38784874 0.38784874
vn -0.87557868 -0.34158598 0.34158598
vn -0.67388734 -0.67388734 0.30290545
vn -0.43296683 -0.22567297 0.87270352
vn 0.00000000 0.00000000 -1.00000000
vn 0.00000000 0.00000000 1.00000000
vn 0.20007313 -0.00000000 -0.97978097
vn -0.92387953 0.00000000 0.38268343
vn -0.92387953 0.00000000 0.38268343
vn -0.38268343 0.00000000 0.92387953
vn 0.00000000 0.00000000 -1.00000000
vn 0.00000000 0.00000000 1.00000000
vn 0.00000000 0.00000000 -1.00000000
vn -0.83614993 0.38784874 0.38784874
vn -0.87557868 0.34158598 0.34158598
vn -0.43296683 0.22567297 0.87270352
vn 0.00000000 0.00000000 -1.00000000
vn 0.00000000 0.00000000 1.00000000
vn 0.00000000 0.00000000 -1.00000000
vn -0.32505758 0.32505758 0.88807383
vn -0.67388734 0.67388734 0.30290545
vn -0.67388734 0.67388734 0.30290545
vn 0.00000000 0.00000000 -1.00000000
vn 0.00000000 0.00000000 1.00000000
vn 0.00000000 0.00000000 -1.00000000
vn 0.00000000 0.00000000 1.00000000
vn 0.00000000 0.00000000 -1.00000000
vn 0.00000000 0.00000000 1.00000000
vn 0.00000000 0.00000000 -1.00000000
vn -0.57735027 0.57735027 0.57735027
vn -0.22567297 0.43296683 0.87270352
vn 0.00000000 0.00000000 -1.00000000
vn 0.10198709 -0.28934935 0.95177497
vn 0.57735027 -0.57735027 -0.57735027
vn 0.22567297 -0.43296683 -0.87270352
vn -0.10198709 0.28934935 0.95177497
vn -0.30290545 0.67388734 0.67388734
vn 0.00000000 0.00000000 -1.00000000
vn 0.30290545 -0.67388734 0.67388734
vn 0.22567297 -0.43296683 0.87270352
vn 0.30290545 -0.67388734 -0.67388734
vn 0.19552662 -0.55473197 -0.80872850
vn 0.00000000 0.00000000 1.00000000
vn 0.00000000 0.38268343 -0.92387953
vn 0.57735027 -0.57735027 0.57735027
vn 0.22567297 -0.43296683 0.87270352
vn 0.57735027 -0.57735027 -0.57735027
vn 0.57735027 -0.57735027 -0.57735027
vn 0.39802147 -0.71008577 -0.58082451
vn 0.00000000 0.00000000 1.00000000
vn 0.00000000 0.70710678 -0.70710678
vn 0.00000000 0.70710678 -0.70710678
vn 0.22567297 -0.87270352 0.43296683
vn 0.00000000 -1.00000000 0.00000000
vn 0.00000000 -1.00000000 0.00000000
vn 0.20007313 -0.97978097 -0.00000000
vn -0.70710678 -0.70710678 -0.00000000
vn -0.20007313 -0.97978097 -0.00000000
vn 0.00000000 -1.00000000 0.00000000
vn 0.00000000 -1.00000000 0.00000000
vn 0.32505758 -0.88807383 -0.32505758
vn -0.57735027 0.57735027 0.57735027
vn -0.22567297 0.43296683 0.87270352
vn 0.00000000 0.70710678 -0.70710678
vn 0.00000000 0.70710678 -0.70710678
vn -0.30290545 0.67388734 0.67388734
vn -0.22567297 0.87270352 0.43296683
vn 0.00000000 1.00000000 0.00000000
vn -0.22567297 0.87270352 0.43296683
vn 0.00000000 0.70710678 -0.70710678
vn -0.09787009 0.63726657 -0.76440354
vn -0.87270352 0.43296683 0.22567297
vn -0.90406577 0.29366529 0.31052500
vn -0.46220734 0.00000000 0.88677189
vn -0.10198709 0.95177497 0.28934935
vn -0.10198709 0.95177497 0.28934935
vn -0.39802147 0.71008577 -0.58082451
vn -0.83614993 0.38784874 -0.38784874
vn -0.58082451 0.39802147 -0.71008577
vn -0.95177497 0.28934935 0.10198709
vn -1.00000000 0.00000000 0.00000000
vn -1.00000000 0.00000000 0.00000000
vn -0.30290545 -0.67388734 0.67388734
vn -0.88807383 -0.32505758 0.32505758
vn -0.30290545 -0.67388734 0.67388734
vn -0.87557868 0.34158598 -0.34158598
vn -0.34158598 0.34158598 -0.87557868
vn -0.95177497 0.28934935 -0.10198709
vn -1.00000000 0.00000000 0.00000000
vn -1.00000000 0.00000000 0.00000000
vn -1.00000000 0.00000000 0.00000000
vn -0.39802147 -0.71008577 0.58082451
vn -0.87270352 -0.22567297 0.43296683
vn -0.67388734 -0.30290545 0.67388734
vn -0.34158598 0.87557868 -0.34158598
vn -0.58082451 0.71008577 -0.39802147
vn -0.57735027 0.57735027 -0.57735027
vn -0.87270352 0.43296683 -0.22567297
vn -0.92387953 0.38268343 0.00000000
vn -0.92387953 0.38268343 0.00000000
vn -0.87557868 0.34158598 0.34158598
vn -0.67388734 0.30290545 0.67388734
vn -0.43296683 0.87270352 -0.22567297
vn -0.38268343 0.92387953 0.00000000
vn -0.63726657 0.76440354 -0.09787009
vn -0.67388734 0.67388734 0.30290545
vn -0.87270352 -0.43296683 -0.22567297
vn -0.43296683 -0.87270352 -0.22567297
vn -0.57735027 -0.57735027 -0.57735027
vn -0.87270352 -0.43296683 0.22567297
vn -0.43296683 -0.87270352 0.22567297
vn -0.57735027 -0.57735027 0.57735027
vn -0.87270352 -0.43296683 -0.22567297
vn -0.34158598 -0.87557868 -0.34158598
vn -0.30290545 -0.67388734 -0.67388734
vn -0.95177497 -0.28934935 -0.10198709
vn -0.58082451 -0.71008577 -0.39802147
vn -1.00000000 0.00000000 0.00000000
vn -1.00000000 0.00000000 0.00000000
vn -0.57735027 -0.57735027 0.57735027
vn -0.88807383 -0.32505758 0.32505758
vn -0.57735027 -0.57735027 0.57735027
vn -0.88807383 -0.32505758 -0.32505758
vn -0.30290545 -0.67388734 -0.67388734
vn -0.30290545 -0.67388734 -0.67388734
vn -1.00000000 0.00000000 0.00000000
vn -1.00000000 0.00000000 0.00000000
vn -0.97978097 0.20007313 -0.00000000
vn -1.00000000 0.00000000 0.00000000
vn -1.00000000 0.00000000 0.00000000
vn -0.57735027 -0.57735027 0.57735027
vn -0.87270352 -0.22567297 0.43296683
vn -0.43296683 -0.22567297 0.87270352
vn -0.88807383 -0.32505758 -0.32505758
vn -0.30290545 -0.67388734 -0.67388734
vn -0.30290545 -0.67388734 -0.67388734
vn -1.00000000 0.00000000 0.00000000
vn -1.00000000 0.00000000 0.00000000
vn -0.88807383 0.32505758 0.32505758
vn -0.57735027 0.57735027 0.57735027
vn -0.70710678 0.70710678 -0.00000000
vn -0.58082451 0.39802147 -0.71008577
vn -0.95177497 0.10198709 -0.28934935
vn -1.00000000 0.00000000 0.00000000
vn -0.92387953 0.00000000 0.38268343
vn -0.38268343 0.00000000 0.92387953
vn -0.71008577 -0.58082451 -0.39802147
vn -0.30290545 -0.67388734 -0.67388734
vn -0.22567297 -0.43296683 -0.87270352
vn -0.92387953 -0.38268343 0.00000000
vn -0.92387953 -0.38268343 0.00000000
vn -0.90406577 -0.29366529 0.31052500
vn -0.46220734 0.00000000 0.88677189
vn -0.39802147 0.71008577 0.58082451
vn -0.92387953 0.00000000 -0.38268343
vn -0.38268343 0.00000000 -0.92387953
vn -1.00000000 0.00000000 0.00000000
vn -0.92387953 0.00000000 0.38268343
vn -0.38268343 0.00000000 0.92387953
vn 0.00000000 -0.38268343 -0.92387953
vn -0.57735027 -0.57735027 0.57735027
vn -0.30290545 -0.67388734 0.67388734
vn -0.30290545 -0.67388734 0.67388734
vn -0.90406577 -0.31052500 -0.29366529
vn -0.38784874 -0.38784874 -0.83614993
vn -1.00000000 0.00000000 0.00000000
vn -0.92387953 0.00000000 0.38268343
vn -0.38268343 0.00000000 0.92387953
vn 0.00000000 -0.70710678 -0.70710678
vn 0.00000000 -0.70710678 -0.70710678
vn -0.23499974 -0.97199543 -0.00000000
vn -0.87270352 -0.43296683 0.22567297
vn -0.83614993 -0.38784874 0.38784874
vn -0.28934935 -0.10198709 0.95177497
vn 0.00000000 -0.70710678 -0.70710678
vn 0.00000000 -0.70710678 -0.70710678
vn 0.57735027 0.57735027 0.57735027
vn 0.30290545 0.67388734 0.67388734
vn 0.22567297 0.87270352 0.43296683
vn 0.00000000 1.00000000 0.00000000
vn 0.00000000 1.00000000 0.00000000
vn 0.10198709 0.95177497 -0.28934935
vn 0.30290545 0.67388734 -0.67388734
vn 0.00000000 -0.38268343 0.92387953
vn 0.00000000 -0.70710678 -0.70710678
vn 0.00000000 -0.38268343 -0.92387953
vn 0.57735027 0.57735027 0.57735027
vn 0.30290545 0.67388734 0.67388734
vn 0.30290545 0.67388734 0.67388734
vn 0.22567297 0.87270352 -0.43296683
vn 0.00000000 1.00000000 0.00000000
vn 0.00000000 0.92387953 -0.38268343
vn 0.00000000 0.70710678 -0.70710678
vn 0.00000000 -0.70710678 0.70710678
vn 0.00000000 -0.38268343 0.92387953
vn 0.00000000 0.00000000 -1.00000000
vn 0.57735027 0.57735027 0.57735027
vn 0.22567297 0.43296683 0.87270352
vn 0.30290545 0.67388734 0.67388734
vn 0.00000000 0.70710678 -0.70710678
vn 0.00000000 0.70710678 -0.70710678
vn 0.00000000 0.00000000 1.00000000
vn 0.00000000 0.00000000 -1.00000000
vn 0.00000000 0.00000000 1.00000000
vn 0.00000000 0.70710678 -0.70710678
vn 0.00000000 0.38268343 -0.92387953
vn -0.10198709 -0.28934935 0.95177497
vn 0.00000000 0.00000000 -1.00000000
vn 0.00000000 0.00000000 1.00000000
vn 0.00000000 0.00000000 -1.00000000
vn -0.30290545 -0.67388734 0.67388734
vn -0.57735027 -0.57735027 0.57735027
vn -0.22567297 -0.43296683 0.87270352
vn 0.00000000 0.00000000 -1.00000000
vn 0.00000000 0.00000000 1.00000000
vn 0.00000000 0.00000000 -1.00000000
vn -0.10198709 -0.28934935 0.95177497
vn 0.00000000 0.00000000 -1.00000000
vn 0.00000000 0.00000000 1.00000000
vn 0.00000000 0.00000000 -1.00000000
vn -0.38784874 -0.83614993 0.38784874
vn -0.67388734 -0.67388734 0.30290545
vn -0.67388734 -0.67388734 0.30290545
vn -0.34158598 -0.87557868 0.34158598
vn -0.22567297 -0.43296683 0.87270352
vn 0.00000000 0.00000000 -1.00000000
vn 0.00000000 0.00000000 1.00000000
vn 0.32505758 0.32505758 -0.88807383
vn 0.00000000 0.00000000 1.00000000
vn 0.00000000 0.00000000 -1.00000000
vn 0.00000000 0.00000000 1.00000000
vn 0.57735027 0.57735027 -0.57735027
vn 0.70710678 0.00000000 -0.70710678
vn 0.51841223 -0.00000000 -0.85513085
vn 0.00000000 0.00000000 1.00000000
vn 0.00000000 0.00000000 -1.00000000
vn 0.00000000 0.00000000 1.00000000
vn 0.57735027 -0.57735027 -0.57735027
vn 0.32505758 -0.32505758 -0.88807383
vn 0.00000000 0.00000000 1.00000000
vn 0.00000000 0.00000000 -1.00000000
vn 0.00000000 0.00000000 1.00000000
vn 0.00000000 0.00000000 -1.00000000
vn -0.67388734 0.67388734 0.30290545
vn -0.67388734 0.67388734 0.30290545
vn -0.22567297 0.43296683 0.87270352
vn 0.00000000 0.00000000 -1.00000000
vn 0.00000000 0.00000000 1.00000000
vn 0.00000000 0.00000000 -1.00000000
vn -0.10198709 0.28934935 0.95177497
vn -0.38784874 0.83614993 0.38784874
vn -0.34158598 0.87557868 0.34158598
vn 0.00000000 0.00000000 -1.00000000
vn 0.00000000 0.00000000 1.00000000
vn 0.00000000 0.00000000 -1.00000000
vn 0.00000000 0.38268343 0.92387953
vn 0.00000000 0.00000000 -1.00000000
vn 0.00000000 0.00000000 1.00000000
vn 0.00000000 -0.38268343 -0.92387953
vn 0.00000000 0.38268343 0.92387953
vn 0.00000000 0.70710678 0.70710678
vn 0.00000000 0.00000000 -1.00000000
vn 0.57735027 -0.57735027 0.57735027
vn 0.22567297 -0.43296683 0.87270352
vn 0.00000000 -0.70710678 -0.70710678
vn 0.00000000 -0.38268343 -0.92387953
vn 0.00000000 0.00000000 1.00000000
vn 0.00000000 0.38268343 -0.92387953
vn 0.30290545 -0.67388734 0.67388734
vn 0.09787009 -0.63726657 0.76440354
vn 0.57735027 -0.57735027 -0.57735027
vn 0.22567297 -0.43296683 -0.87270352
vn 0.00000000 0.00000000 1.00000000
vn 0.00000000 0.70710678 -0.70710678
vn 0.00000000 0.70710678 -0.70710678
vn 0.00000000 -0.92387953 0.38268343
vn 0.00000000 -1.00000000 0.00000000
vn 0.32505758 -0.88807383 0.32505758
vn 0.70710678 -0.70710678 -0.00000000
vn 0.57735027 -0.57735027 0.57735027
vn 0.57735027 -0.57735027 -0.57735027
vn 0.32505758 -0.88807383 -0.32505758
vn 0.00000000 -1.00000000 0.00000000
vn 0.20007313 -0.97978097 0.00000000
vn 0.00000000 -1.00000000 0.00000000
vn 0.22567297 -0.87270352 -0.43296683
vn 0.00000000 0.38268343 0.92387953
vn 0.00000000 0.70710678 -0.70710678
vn 0.00000000 0.70710678 -0.70710678
vn 0.51841223 -0.85513085 0.00000000
vn -0.57735027 0.57735027 0.57735027
vn -0.30290545 0.67388734 0.67388734
vn -0.10198709 0.95177497 0.28934935
vn 0.00000000 0.92387953 0.38268343
vn 0.00000000 0.70710678 -0.70710678
vn 0.00000000 0.38268343 -0.92387953
vn 0.00000000 0.00000000 1.00000000
vn 0.00000000 0.92387953 0.38268343
vn 0.00000000 1.00000000 0.00000000
vn -0.22567297 0.87270352 0.43296683
vn -0.57735027 0.57735027 -0.57735027
vn -0.22567297 0.43296683 -0.87270352
vn 1.00000000 0.00000000 -0.00000000
vn 0.70710678 0.00000000 0.70710678
vn 0.43596009 0.89170629 -0.12164991
vn 0.54539460 0.28693060 -0.78753766
vn -0.09787009 -0.76440354 0.63726657
vn -0.30290545 -0.67388734 0.67388734
vn -0.30290545 0.67388734 -0.67388734
vn -0.09787009 0.63726657 -0.76440354
vn 0.61482150 -0.77176460 0.16240052
vn -0.22567297 -0.87270352 0.43296683
vn -0.83614993 -0.38784874 0.38784874
vn -0.28934935 -0.95177497 0.10198709
vn -0.87270352 -0.43296683 0.22567297
vn -0.34158598 -0.87557868 0.34158598
vn -0.30290545 -0.67388734 0.67388734
vn -0.09787009 0.76440354 -0.63726657
vn -0.57735027 0.57735027 -0.57735027
vn -0.30290545 0.67388734 -0.67388734
vn -0.95177497 0.10198709 0.28934935
vn -1.00000000 0.00000000 0.00000000
vn -0.30290545 -0.67388734 0.67388734
vn -0.87270352 -0.22567297 0.43296683
vn -0.34158598 -0.34158598 0.87557868
vn -0.22567297 0.87270352 -0.43296683
vn 0.00000000 1.00000000 0.00000000
vn -0.10198709 0.95177497 -0.28934935
vn -0.67388734 0.67388734 -0.30290545
vn -0.30290545 0.67388734 -0.67388734
vn -0.82464548 0.56564992 -0.00000000
vn -1.00000000 0.00000000 0.00000000
vn -1.00000000 0.00000000 0.00000000
vn -0.92387953 0.00000000 0.38268343
vn -0.38268343 0.00000000 0.92387953
vn -0.34158598 0.87557868 -0.34158598
vn -0.38784874 0.83614993 -0.38784874
vn -0.30290545 0.67388734 -0.67388734
vn -0.88807383 0.32505758 -0.32505758
vn -1.00000000 0.00000000 0.00000000
vn -0.92387953 0.00000000 0.38268343
vn -0.38268343 0.00000000 0.92387953
vn -0.30290545 0.67388734 -0.67388734
vn -0.30290545 0.67388734 -0.67388734
vn -0.88807383 0.32505758 -0.32505758
vn -0.92387953 0.00000000 0.38268343
vn -0.38268343 0.00000000 0.92387953
vn -0.30290545 0.67388734 -0.67388734
vn -0.30290545 0.67388734 -0.67388734
vn -0.89170629 0.43596009 0.12164991
vn -0.34158598 0.34158598 0.87557868
vn -0.33242531 0.94312959 -0.00000000
vn -0.57735027 -0.57735027 -0.57735027
vn -0.00000000 -0.85513085 -0.51841223
vn 0.00000000 -0.70710678 -0.70710678
vn 0.00000000 -1.00000000 0.00000000
vn 0.00000000 -1.00000000 0.00000000
vn -0.57735027 -0.57735027 0.57735027
vn 0.00000000 -0.85513085 0.51841223
vn 0.00000000 -0.70710678 0.70710678
vn -0.00000000 -0.82464548 -0.56564992
vn 0.00000000 -0.70710678 -0.70710678
vn -0.57735027 -0.57735027 0.57735027
vn 0.00000000 -0.70710678 0.70710678
vn -0.00000000 -0.51841223 0.85513085
vn 0.00000000 -0.70710678 -0.70710678
vn 0.00000000 -0.70710678 -0.70710678
vn 0.00000000 0.00000000 1.00000000
vn 0.00000000 -0.70710678 -0.70710678
vn 0.00000000 -0.70710678 -0.70710678
vn -0.70710678 0.70710678 -0.00000000
vn 0.00000000 0.00000000 1.00000000
vn 0.00000000 -0.70710678 -0.70710678
vn 0.00000000 -0.38268343 -0.92387953
vn 0.00000000 0.00000000 1.00000000
vn 0.00000000 0.92387953 0.38268343
vn -0.00000000 0.97399684 -0.22656158
vn -0.00000000 0.20007313 -0.97978097
vn 0.00000000 0.00000000 1.00000000
vn 0.00000000 -0.38268343 -0.92387953
vn 0.00000000 -0.70710678 0.70710678
vn 0.00000000 -0.70710678 0.70710678
vn 0.00000000 -0.38268343 -0.92387953
vn 0.00000000 0.00000000 1.00000000
vn 0.00000000 -0.70710678 -0.70710678
vn 0.00000000 -0.70710678 -0.70710678
vn 0.00000000 -1.00000000 -0.00000000
vn 0.00000000 0.00000000 1.00000000
vn 0.00000000 -0.70710678 -0.70710678
vn 0.00000000 -0.70710678 -0.70710678
vn 0.00000000 0.70710678 0.70710678
vn 0.00000000 0.92387953 0.38268343
vn 0.00000000 1.00000000 0.00000000
vn 0.00000000 1.00000000 0.00000000
vn 0.00000000 1.00000000 0.00000000
vn -0.00000000 0.85513085 -0.51841223
vn 0.57735027 0.57735027 -0.57735027
vn -0.00000000 0.70710678 -0.70710678
vn 0.00000000 -0.38268343 0.92387953
vn 0.00000000 -0.70710678 -0.70710678
vn 0.00000000 -0.38268343 -0.92387953
vn 0.00000000 0.70710678 0.70710678
vn 0.00000000 0.70710678 0.70710678
vn -0.00000000 0.97978097 -0.20007313
vn 0.00000000 0.92387953 -0.38268343
vn 0.00000000 0.70710678 -0.70710678
vn 0.00000000 -0.70710678 0.70710678
vn 0.00000000 -0.38268343 0.92387953
vn 0.00000000 0.00000000 -1.00000000
vn 0.00000000 0.38268343 0.92387953
vn 0.00000000 0.70710678 0.70710678
vn 0.00000000 0.70710678 -0.70710678
vn 0.00000000 0.70710678 -0.70710678
vn 0.00000000 0.00000000 1.00000000
vn 0.00000000 0.00000000 -1.00000000
vn 0.00000000 0.00000000 1.00000000
vn 0.00000000 0.70710678 -0.70710678
vn 0.00000000 0.38268343 -0.92387953
vn 0.00000000 -0.38268343 0.92387953
vn 0.00000000 0.00000000 -1.00000000
vn 0.00000000 0.00000000 1.00000000
vn 0.00000000 0.00000000 -1.00000000
vn 0.00000000 -0.70710678 0.70710678
vn 0.00000000 -0.38268343 0.92387953
vn 0.00000000 0.00000000 -1.00000000
vn 0.00000000 0.00000000 1.00000000
vn 0.00000000 0.00000000 -1.00000000
vn 0.00000000 -0.38268343 0.92387953
vn 0.00000000 0.00000000 -1.00000000
vn 0.00000000 0.00000000 1.00000000
vn 0.00000000 0.20007313 -0.97978097
vn 0.00000000 -0.92387953 0.38268343
vn 0.00000000 -0.92387953 0.38268343
vn 0.00000000 -0.38268343 0.92387953
vn 0.00000000 0.00000000 -1.00000000
vn 0.00000000 0.00000000 1.00000000
vn 0.00000000 0.70710678 -0.70710678
vn 0.57735027 0.57735027 -0.57735027
vn 0.00000000 0.51841223 -0.85513085
vn 0.00000000 0.00000000 1.00000000
vn 0.00000000 0.00000000 -1.00000000
vn 0.00000000 0.00000000 1.00000000
vn 0.00000000 0.00000000 -1.00000000
vn 0.00000000 0.00000000 1.00000000
vn 0.00000000 0.00000000 -1.00000000
vn 0.00000000 0.00000000 1.00000000
vn 0.57735027 -0.57735027 -0.57735027
vn -0.00000000 -0.51841223 -0.85513085
vn 0.00000000 0.00000000 1.00000000
vn 0.00000000 0.00000000 -1.00000000
vn 0.00000000 0.00000000 1.00000000
vn -0.00000000 -0.70710678 -0.70710678
vn -0.00000000 -0.20007313 -0.97978097
vn 0.00000000 0.38268343 0.92387953
vn 0.00000000 0.00000000 -1.00000000
vn 0.00000000 0.00000000 1.00000000
vn 0.00000000 0.00000000 -1.00000000
vn 0.00000000 0.38268343 0.92387953
vn 0.00000000 0.92387953 0.38268343
vn 0.00000000 0.92387953 0.38268343
vn 0.00000000 0.00000000 -1.00000000
vn 0.00000000 0.00000000 1.00000000
vn 0.00000000 0.00000000 -1.00000000
vn 0.00000000 0.38268343 0.92387953
vn 0.00000000 0.00000000 -1.00000000
vn 0.00000000 0.00000000 1.00000000
vn 0.00000000 -0.38268343 -0.92387953
vn 0.00000000 0.38268343 0.92387953
vn 0.00000000 0.70710678 0.70710678
vn 0.00000000 0.00000000 -1.00000000
vn 0.00000000 -0.38268343 0.92387953
vn 0.00000000 -0.70710678 -0.70710678
vn 0.00000000 -0.38268343 -0.92387953
vn 0.00000000 0.00000000 1.00000000
vn 0.00000000 0.38268343 -0.92387953
vn 0.00000000 -0.70710678 0.70710678
vn 0.00000000 -0.70710678 0.70710678
vn -0.22567297 -0.43296683 -0.87270352
vn 0.00000000 0.00000000 1.00000000
vn 0.00000000 0.70710678 -0.70710678
vn 0.00000000 0.70710678 -0.70710678
vn 0.00000000 -0.92387953 0.38268343
vn 0.00000000 -0.97978097 0.20007313
vn 0.57735027 -0.57735027 0.57735027
vn -0.00000000 -0.70710678 0.70710678
vn 0.57735027 -0.57735027 -0.57735027
vn 0.00000000 -0.70710678 -0.70710678
vn 0.00000000 -1.00000000 0.00000000
vn 0.70710678 -0.70710678 0.00000000
vn -0.00000000 -0.70710678 0.70710678
vn 0.00000000 -0.70710678 -0.70710678
vn 0.00000000 -0.97978097 -0.20007313
vn -0.22567297 -0.87270352 -0.43296683
vn 0.00000000 0.38268343 0.92387953
vn 0.00000000 0.70710678 -0.70710678
vn 0.00000000 0.70710678 -0.70710678
vn -0.00000000 -0.85513085 0.51841223
vn 0.00000000 -1.00000000 0.00000000
vn 0.00000000 -0.85513085 -0.51841223
vn 0.00000000 -1.00000000 0.00000000
vn 0.00000000 0.70710678 0.70710678
vn 0.00000000 0.92387953 0.38268343
vn 0.00000000 0.92387953 0.38268343
vn 0.00000000 0.70710678 -0.70710678
vn 0.00000000 0.38268343 -0.92387953
vn 0.00000000 0.00000000 1.00000000
vn 0.00000000 0.92387953 0.38268343
vn 0.00000000 1.00000000 0.00000000
vn 0.00000000 0.92387953 0.38268343
vn 0.00000000 0.38268343 -0.92387953
vn 0.70710678 0.00000000 0.70710678
vn 0.00000000 0.00000000 1.00000000
vn -0.00000000 0.85513085 0.51841223
vn 0.00000000 0.92387953 -0.38268343
vn 0.00000000 0.70710678 -0.70710678
vn 0.00000000 -0.92387953 0.38268343
vn -0.57735027 -0.57735027 0.57735027
vn 0.00000000 -0.85513085 0.51841223
vn 0.00000000 -0.70710678 0.70710678
vn 0.00000000 0.70710678 -0.70710678
vn 0.00000000 0.70710678 -0.70710678
vn -0.00000000 -0.85513085 0.51841223
vn 0.00000000 -0.92387953 0.38268343
vn 0.00000000 0.56437183 -0.82552071
vn 0.81741909 -0.40732422 -0.40732422
vn 0.00000000 -0.82552071 0.56437183
vn 0.00000000 -0.00000000 -1.00000000
vn 0.00000000 -0.97978097 0.20007313
vn 0.00000000 -0.92387953 0.38268343
vn 0.00000000 -0.70710678 0.70710678
vn 0.00000000 0.70710678 -0.70710678
vn 0.00000000 0.70710678 -0.70710678
vn 0.00000000 -1.00000000 0.00000000
vn 0.00000000 -0.70710678 0.70710678
vn 0.00000000 -0.38268343 0.92387953
vn 0.00000000 0.92387953 -0.38268343
vn 0.00000000 1.00000000 0.00000000
vn 0.00000000 0.92387953 -0.38268343
vn 0.00000000 0.70710678 -0.70710678
vn 0.00000000 0.00000000 1.00000000
vn 0.00000000 0.92387953 -0.38268343
vn 0.00000000 0.92387953 -0.38268343
vn 0.00000000 0.70710678 -0.70710678
vn 0.00000000 0.00000000 1.00000000
vn 0.00000000 0.70710678 -0.70710678
vn 0.00000000 0.70710678 -0.70710678
vn 0.00000000 0.00000000 1.00000000
vn 0.00000000 0.70710678 -0.70710678
vn 0.00000000 0.70710678 -0.70710678
vn 0.00000000 0.38268343 0.92387953
vn 0.00000000 1.00000000 -0.00000000
vn 0.57735027 -0.57735027 -0.57735027
vn 0.57735027 -0.57735027 -0.57735027
vn 0.43296683 -0.87270352 -0.22567297
vn 0.43296683 -0.87270352 0.22567297
vn 0.57735027 -0.57735027 0.57735027
vn 0.57735027 -0.57735027 0.57735027
vn 0.34158598 -0.87557868 -0.34158598
vn 0.30290545 -0.67388734 -0.67388734
vn 0.58082451 -0.71008577 -0.39802147
vn 0.57735027 -0.57735027 0.57735027
vn 0.57735027 -0.57735027 0.57735027
vn 0.57735027 -0.57735027 0.57735027
vn 0.30290545 -0.67388734 -0.67388734
vn 0.30290545 -0.67388734 -0.67388734
vn 0.57735027 -0.57735027 0.57735027
vn 0.43296683 -0.22567297 0.87270352
vn 0.30290545 -0.67388734 -0.67388734
vn 0.30290545 -0.67388734 -0.67388734
vn 0.70710678 0.70710678 -0.00000000
vn 0.57735027 0.57735027 0.57735027
vn 0.70710678 0.70710678 -0.00000000
vn 0.58082451 0.39802147 -0.71008577
vn 0.38268343 0.00000000 0.92387953
vn 0.30290545 -0.67388734 -0.67388734
vn 0.22567297 -0.43296683 -0.87270352
vn 0.46220734 0.00000000 0.88677189
vn 0.39802147 0.71008577 0.58082451
vn 0.38268343 0.00000000 -0.92387953
vn 0.38268343 0.00000000 0.92387953
vn 0.00000000 -0.38268343 -0.92387953
vn 0.30290545 -0.67388734 0.67388734
vn 0.30290545 -0.67388734 0.67388734
vn 0.38784874 -0.38784874 -0.83614993
vn 0.38268343 0.00000000 0.92387953
vn 0.00000000 -0.70710678 -0.70710678
vn 0.00000000 -0.70710678 -0.70710678
vn 0.23499974 -0.97199543 -0.00000000
vn 0.28934935 -0.10198709 0.95177497
vn 0.00000000 -0.70710678 -0.70710678
vn 0.00000000 -0.70710678 -0.70710678
vn -0.30290545 0.67388734 0.67388734
vn -0.22567297 0.87270352 0.43296683
vn 0.00000000 1.00000000 0.00000000
vn 0.00000000 1.00000000 0.00000000
vn -0.10198709 0.95177497 -0.28934935
vn -0.57735027 0.57735027 -0.57735027
vn -0.30290545 0.67388734 -0.67388734
vn 0.00000000 -0.38268343 0.92387953
vn 0.00000000 -0.70710678 -0.70710678
vn 0.00000000 -0.38268343 -0.92387953
vn -0.30290545 0.67388734 0.67388734
vn -0.30290545 0.67388734 0.67388734
vn -0.22567297 0.87270352 -0.43296683
vn 0.00000000 1.00000000 0.00000000
vn 0.00000000 0.92387953 -0.38268343
vn 0.00000000 0.70710678 -0.70710678
vn 0.00000000 -0.70710678 0.70710678
vn 0.00000000 -0.38268343 0.92387953
vn 0.00000000 0.00000000 -1.00000000
vn -0.22567297 0.43296683 0.87270352
vn -0.30290545 0.67388734 0.67388734
vn 0.00000000 0.70710678 -0.70710678
vn 0.00000000 0.70710678 -0.70710678
vn 0.00000000 0.00000000 1.00000000
vn 0.00000000 0.00000000 -1.00000000
vn 0.00000000 0.00000000 1.00000000
vn 0.00000000 0.70710678 -0.70710678
vn 0.00000000 0.38268343 -0.92387953
vn 0.10198709 -0.28934935 0.95177497
vn 0.00000000 0.00000000 -1.00000000
vn 0.00000000 0.00000000 1.00000000
vn 0.00000000 0.00000000 -1.00000000
vn 0.30290545 -0.67388734 0.67388734
vn 0.22567297 -0.43296683 0.87270352
vn 0.00000000 0.00000000 -1.00000000
vn 0.00000000 0.00000000 1.00000000
vn 0.00000000 0.00000000 -1.00000000
vn 0.10198709 -0.28934935 0.95177497
vn 0.00000000 0.00000000 -1.00000000
vn 0.00000000 0.00000000 1.00000000
vn 0.00000000 0.00000000 -1.00000000
vn 0.38784874 -0.83614993 0.38784874
vn 0.34158598 -0.87557868 0.34158598
vn 0.22567297 -0.43296683 0.87270352
vn 0.00000000 0.00000000 -1.00000000
vn 0.00000000 0.00000000 1.00000000
vn -0.57735027 0.57735027 -0.57735027
vn -0.32505758 0.32505758 -0.88807383
vn 0.00000000 0.00000000 1.00000000
vn 0.00000000 0.00000000 -1.00000000
vn 0.00000000 0.00000000 1.00000000
vn -0.57735027 0.57735027 -0.57735027
vn -0.51841223 0.00000000 -0.85513085
vn 0.00000000 0.00000000 1.00000000
vn 0.00000000 0.00000000 -1.00000000
vn 0.00000000 0.00000000 1.00000000
vn -0.57735027 -0.57735027 -0.57735027
vn -0.57735027 -0.57735027 -0.57735027
vn -0.32505758 -0.32505758 -0.88807383
vn 0.00000000 0.00000000 1.00000000
vn 0.00000000 0.00000000 -1.00000000
vn 0.00000000 0.00000000 1.00000000
vn 0.00000000 0.00000000 -1.00000000
vn 0.22567297 0.43296683 0.87270352
vn 0.00000000 0.00000000 -1.00000000
vn 0.00000000 0.00000000 1.00000000
vn 0.00000000 0.00000000 -1.00000000
vn 0.10198709 0.28934935 0.95177497
vn 0.38784874 0.83614993 0.38784874
vn 0.34158598 0.87557868 0.34158598
vn 0.00000000 0.00000000 -1.00000000
vn 0.00000000 0.00000000 1.00000000
vn 0.00000000 0.00000000 -1.00000000
vn 0.00000000 0.38268343 0.92387953
vn 0.00000000 0.00000000 -1.00000000
vn 0.00000000 0.00000000 1.00000000
vn 0.00000000 -0.38268343 -0.92387953
vn 0.00000000 0.38268343 0.92387953
vn 0.00000000 0.70710678 0.70710678
vn 0.00000000 0.00000000 -1.00000000
vn -0.22567297 -0.43296683 0.87270352
vn 0.00000000 -0.70710678 -0.70710678
vn -0.09787009 -0.63726657 -0.76440354
vn 0.00000000 0.00000000 1.00000000
vn 0.00000000 0.38268343 -0.92387953
vn -0.30290545 -0.67388734 0.67388734
vn -0.30290545 -0.67388734 0.67388734
vn -0.57735027 -0.57735027 -0.57735027
vn -0.30290545 -0.67388734 -0.67388734
vn -0.30290545 -0.67388734 -0.67388734
vn 0.00000000 0.00000000 1.00000000
vn 0.00000000 0.70710678 -0.70710678
vn 0.00000000 0.70710678 -0.70710678
vn -0.22567297 -0.87270352 0.43296683
vn 0.00000000 -1.00000000 0.00000000
vn -0.57735027 -0.57735027 0.57735027
vn -0.32505758 -0.88807383 0.32505758
vn -0.57735027 -0.57735027 0.57735027
vn -0.57735027 -0.57735027 -0.57735027
vn -0.32505758 -0.88807383 -0.32505758
vn -0.57735027 -0.57735027 -0.57735027
vn 0.00000000 -1.00000000 0.00000000
vn -0.70710678 -0.70710678 -0.00000000
vn -0.20007313 -0.97978097 -0.00000000
vn -0.10198709 -0.95177497 -0.28934935
vn 0.00000000 0.38268343 0.92387953
vn 0.00000000 0.70710678 -0.70710678
vn 0.00000000 0.70710678 -0.70710678
vn -0.51841223 -0.85513085 0.00000000
vn 0.30290545 0.67388734 0.67388734
vn 0.10198709 0.95177497 0.28934935
vn 0.00000000 0.92387953 0.38268343
vn 0.00000000 0.70710678 -0.70710678
vn 0.00000000 0.38268343 -0.92387953
vn 0.00000000 0.00000000 1.00000000
vn 0.00000000 0.92387953 0.38268343
vn 0.00000000 1.00000000 0.00000000
vn 0.22567297 0.87270352 0.43296683
vn 0.22567297 0.43296683 -0.87270352
vn -0.70710678 0.00000000 0.70710678
vn -0.70710678 0.00000000 0.70710678
vn -0.43596009 0.89170629 -0.12164991
vn -0.54539460 0.28693060 -0.78753766
vn 0.09787009 -0.76440354 0.63726657
vn 0.57735027 -0.57735027 0.57735027
vn 0.30290545 -0.67388734 0.67388734
vn 0.30290545 0.67388734 -0.67388734
vn 0.09787009 0.63726657 -0.76440354
vn -0.61482150 -0.77176460 0.16240052
vn -0.81741909 -0.40732422 -0.40732422
vn 0.22567297 -0.87270352 0.43296683
vn 0.28934935 -0.95177497 0.10198709
vn 0.34158598 -0.87557868 0.34158598
vn 0.30290545 -0.67388734 0.67388734
vn 0.09787009 0.76440354 -0.63726657
vn 0.30290545 0.67388734 -0.67388734
vn 0.30290545 -0.67388734 0.67388734
vn 0.34158598 -0.34158598 0.87557868
vn 0.22567297 0.87270352 -0.43296683
vn 0.00000000 1.00000000 0.00000000
vn 0.10198709 0.95177497 -0.28934935
vn 0.30290545 0.67388734 -0.67388734
vn 0.38268343 0.00000000 0.92387953
vn 0.34158598 0.87557868 -0.34158598
vn 0.38784874 0.83614993 -0.38784874
vn 0.30290545 0.67388734 -0.67388734
vn 0.38268343 0.00000000 0.92387953
vn 0.30290545 0.67388734 -0.67388734
vn 0.30290545 0.67388734 -0.67388734
vn 0.38268343 0.00000000 0.92387953
vn 0.30290545 0.67388734 -0.67388734
vn 0.30290545 0.67388734 -0.67388734
vn 0.34158598 0.34158598 0.87557868
vn 0.33242531 0.94312959 0.00000000
vn 0.87270352 -0.43296683 -0.22567297
vn 0.87270352 -0.43296683 0.22567297
vn 0.87270352 -0.43296683 -0.22567297
vn 0.95177497 -0.28934935 -0.10198709
vn 1.00000000 0.00000000 0.00000000
vn 1.00000000 0.00000000 0.00000000
vn 0.88807383 -0.32505758 0.32505758
vn 0.88807383 -0.32505758 -0.32505758
vn 1.00000000 0.00000000 0.00000000
vn 1.00000000 0.00000000 0.00000000
vn 0.97978097 0.20007313 0.00000000
vn 1.00000000 0.00000000 0.00000000
vn 1.00000000 0.00000000 0.00000000
vn 0.87270352 -0.22567297 0.43296683
vn 0.88807383 -0.32505758 -0.32505758
vn 1.00000000 0.00000000 0.00000000
vn 1.00000000 0.00000000 0.00000000
vn 0.88807383 0.32505758 0.32505758
vn 0.95177497 0.10198709 -0.28934935
vn 1.00000000 0.00000000 0.00000000
vn 0.92387953 0.00000000 0.38268343
vn 0.71008577 -0.58082451 -0.39802147
vn 0.92387953 -0.38268343 0.00000000
vn 0.92387953 -0.38268343 0.00000000
vn 0.90406577 -0.29366529 0.31052500
vn 0.92387953 0.00000000 -0.38268343
vn 1.00000000 0.00000000 0.00000000
vn 0.92387953 0.00000000 0.38268343
vn 0.38784874 -0.83614993 -0.38784874
vn 0.09787009 -0.63726657 -0.76440354
vn 0.38268343 -0.92387953 0.00000000
vn 0.38268343 -0.92387953 0.00000000
vn 0.58082451 -0.71008577 0.39802147
vn 0.57735027 -0.57735027 0.57735027
vn 0.57735027 -0.57735027 0.57735027
vn 0.90406577 -0.31052500 -0.29366529
vn 1.00000000 0.00000000 0.00000000
vn 0.92387953 0.00000000 0.38268343
vn 0.00000000 -0.70710678 -0.70710678
vn 0.00000000 -0.70710678 -0.70710678
vn 0.32505758 -0.88807383 0.32505758
vn 0.00000000 -1.00000000 0.00000000
vn 0.52205048 -0.79331587 0.31323029
vn 0.87270352 -0.43296683 0.22567297
vn 0.57735027 -0.57735027 0.57735027
vn 0.83614993 -0.38784874 0.38784874
vn 0.00000000 -0.70710678 -0.70710678
vn 0.00000000 -0.70710678 -0.70710678
vn -0.57735027 0.57735027 0.57735027
vn -0.57735027 0.57735027 0.57735027
vn -0.32505758 0.88807383 0.32505758
vn 0.00000000 1.00000000 0.00000000
vn -0.22567297 0.87270352 -0.43296683
vn -0.30290545 0.67388734 -0.67388734
vn 0.43296683 -0.87270352 0.22567297
vn 0.38784874 -0.83614993 0.38784874
vn 0.09787009 -0.63726657 0.76440354
vn 0.00000000 -0.70710678 -0.70710678
vn 0.00000000 -0.38268343 -0.92387953
vn -0.57735027 0.57735027 0.57735027
vn -0.30290545 0.67388734 0.67388734
vn -0.39802147 0.71008577 0.58082451
vn -0.10198709 0.95177497 -0.28934935
vn 0.00000000 1.00000000 0.00000000
vn -0.22567297 0.87270352 -0.43296683
vn -0.30290545 0.67388734 -0.67388734
vn 0.00000000 -0.70710678 0.70710678
vn 0.00000000 -0.38268343 0.92387953
vn 0.00000000 0.00000000 -1.00000000
vn -0.57735027 0.57735027 0.57735027
vn -0.30290545 0.67388734 0.67388734
vn -0.30290545 0.67388734 0.67388734
vn -0.09787009 0.76440354 -0.63726657
vn -0.09787009 0.63726657 -0.76440354
vn 0.00000000 0.00000000 1.00000000
vn 0.00000000 0.00000000 -1.00000000
vn -0.10198709 0.28934935 0.95177497
vn -0.30290545 0.67388734 0.67388734
vn -0.30290545 0.67388734 -0.67388734
vn -0.22567297 0.43296683 -0.87270352
vn 0.00000000 0.00000000 1.00000000
vn 0.00000000 0.00000000 -1.00000000
vn 0.00000000 0.00000000 1.00000000
vn 0.00000000 0.00000000 -1.00000000
vn 0.57735027 -0.57735027 0.57735027
vn 0.22567297 -0.43296683 0.87270352
vn 0.00000000 0.00000000 -1.00000000
vn 0.00000000 0.00000000 1.00000000
vn 0.00000000 0.00000000 -1.00000000
vn 0.30290545 -0.67388734 0.67388734
vn 0.10198709 -0.28934935 0.95177497
vn 0.00000000 0.00000000 -1.00000000
vn 0.00000000 0.00000000 1.00000000
vn 0.00000000 0.00000000 -1.00000000
vn 0.67388734 -0.67388734 0.30290545
vn 0.32505758 -0.32505758 0.88807383
vn 0.67388734 -0.67388734 0.30290545
vn 0.00000000 0.00000000 -1.00000000
vn 0.00000000 0.00000000 1.00000000
vn 0.00000000 0.00000000 -1.00000000
vn 0.67388734 -0.67388734 0.30290545
vn 0.67388734 -0.67388734 0.30290545
vn 0.43296683 -0.22567297 0.87270352
vn 0.00000000 0.00000000 -1.00000000
vn 0.00000000 0.00000000 1.00000000
vn -0.70710678 0.00000000 -0.70710678
vn -0.20007313 -0.00000000 -0.97978097
vn 0.38268343 0.00000000 0.92387953
vn 0.00000000 0.00000000 -1.00000000
vn 0.00000000 0.00000000 1.00000000
vn 0.00000000 0.00000000 -1.00000000
vn 0.43296683 0.22567297 0.87270352
vn 0.00000000 0.00000000 -1.00000000
vn 0.00000000 0.00000000 1.00000000
vn 0.00000000 0.00000000 -1.00000000
vn 0.67388734 0.67388734 0.30290545
vn 0.32505758 0.32505758 0.88807383
vn 0.67388734 0.67388734 0.30290545
vn 0.67388734 0.67388734 0.30290545
vn 0.67388734 0.67388734 0.30290545
vn 0.00000000 0.00000000 -1.00000000
vn 0.00000000 0.00000000 1.00000000
vn 0.00000000 0.00000000 -1.00000000
vn 0.00000000 0.00000000 1.00000000
vn 0.00000000 0.00000000 -1.00000000
vn 0.00000000 0.00000000 1.00000000
vn 0.00000000 0.00000000 -1.00000000
vn 0.22567297 0.43296683 0.87270352
vn 0.00000000 0.00000000 -1.00000000
vn -0.10198709 -0.28934935 0.95177497
vn -0.22567297 -0.43296683 -0.87270352
vn 0.10198709 0.28934935 0.95177497
vn 0.30290545 0.67388734 0.67388734
vn 0.00000000 0.00000000 -1.00000000
vn -0.30290545 -0.67388734 0.67388734
vn -0.57735027 -0.57735027 0.57735027
vn -0.30290545 -0.67388734 0.67388734
vn -0.30290545 -0.67388734 -0.67388734
vn -0.09787009 -0.63726657 -0.76440354
vn 0.00000000 0.00000000 1.00000000
vn 0.00000000 0.38268343 -0.92387953
vn -0.57735027 -0.57735027 0.57735027
vn -0.30290545 -0.67388734 0.67388734
vn -0.30290545 -0.67388734 0.67388734
vn -0.09787009 -0.76440354 -0.63726657
vn -0.30290545 -0.67388734 -0.67388734
vn 0.00000000 0.00000000 1.00000000
vn 0.00000000 0.70710678 -0.70710678
vn 0.00000000 0.70710678 -0.70710678
vn -0.10198709 -0.95177497 0.28934935
vn 0.00000000 -1.00000000 0.00000000
vn -0.70710678 -0.70710678 -0.00000000
vn -0.20007313 -0.97978097 -0.00000000
vn 0.20007313 -0.97978097 -0.00000000
vn 0.00000000 -1.00000000 0.00000000
vn 0.00000000 -1.00000000 0.00000000
vn -0.22567297 -0.87270352 -0.43296683
vn 0.22567297 0.43296683 0.87270352
vn 0.00000000 0.70710678 -0.70710678
vn 0.00000000 0.70710678 -0.70710678
vn 0.57735027 0.57735027 0.57735027
vn 0.30290545 0.67388734 0.67388734
vn 0.22567297 0.87270352 0.43296683
vn 0.00000000 1.00000000 0.00000000
vn 0.22567297 0.87270352 0.43296683
vn 0.00000000 0.70710678 -0.70710678
vn 0.09787009 0.63726657 -0.76440354
vn 0.46220734 0.00000000 0.88677189
vn 0.10198709 0.95177497 0.28934935
vn 0.10198709 0.95177497 0.28934935
vn 0.39802147 0.71008577 -0.58082451
vn 0.57735027 0.57735027 -0.57735027
vn 0.58082451 0.39802147 -0.71008577
vn -1.00000000 0.00000000 0.00000000
vn 0.30290545 -0.67388734 0.67388734
vn 0.30290545 -0.67388734 0.67388734
vn 0.34158598 0.34158598 -0.87557868
vn 0.39802147 -0.71008577 0.58082451
vn 0.83614993 -0.38784874 0.38784874
vn 0.67388734 -0.30290545 0.67388734
vn 0.87270352 -0.43296683 0.22567297
vn 0.34158598 0.87557868 -0.34158598
vn 0.58082451 0.71008577 -0.39802147
vn 0.57735027 0.57735027 -0.57735027
vn 0.57735027 0.57735027 -0.57735027
vn 0.95177497 0.10198709 0.28934935
vn 0.67388734 0.30290545 0.67388734
vn 1.00000000 0.00000000 0.00000000
vn 0.87270352 -0.22567297 0.43296683
vn 0.43296683 0.87270352 -0.22567297
vn 0.38268343 0.92387953 0.00000000
vn 0.63726657 0.76440354 -0.09787009
vn 0.67388734 0.67388734 -0.30290545
vn 0.67388734 0.67388734 0.30290545
vn 0.82464548 0.56564992 -0.00000000
vn 1.00000000 0.00000000 0.00000000
vn 1.00000000 0.00000000 0.00000000
vn 0.92387953 0.00000000 0.38268343
vn 0.88807383 0.32505758 -0.32505758
vn 1.00000000 0.00000000 0.00000000
vn 0.92387953 0.00000000 0.38268343
vn 0.88807383 0.32505758 -0.32505758
vn 0.92387953 0.00000000 0.38268343
vn 0.89170629 0.43596009 0.12164991
vn 0.34158598 -0.87557868 -0.34158598
vn 0.30290545 -0.67388734 -0.67388734
vn 0.38268343 -0.92387953 0.00000000
vn 0.43296683 -0.87270352 0.22567297
vn 0.57735027 -0.57735027 0.57735027
vn 0.57735027 -0.57735027 0.57735027
vn 0.30290545 -0.67388734 -0.67388734
vn 0.30290545 -0.67388734 -0.67388734
vn 0.32505758 -0.88807383 0.32505758
vn 0.00000000 -1.00000000 0.00000000
vn 0.32505758 -0.88807383 0.32505758
vn 0.57735027 -0.57735027 0.57735027
vn 0.57735027 -0.57735027 0.57735027
vn 0.09787009 -0.76440354 -0.63726657
vn 0.09787009 -0.63726657 -0.76440354
vn -0.57735027 0.57735027 0.57735027
vn -0.57735027 0.57735027 0.57735027
vn -0.51841223 0.85513085 -0.00000000
vn -0.57735027 0.57735027 -0.57735027
vn -0.57735027 0.57735027 -0.57735027
vn 0.32505758 -0.88807383 0.32505758
vn 0.00000000 -1.00000000 0.00000000
vn 0.22567297 -0.87270352 0.43296683
vn 0.30290545 -0.67388734 0.67388734
vn 0.30290545 -0.67388734 -0.67388734
vn 0.22567297 -0.43296683 -0.87270352
vn -0.09787009 0.63726657 0.76440354
vn 0.00000000 0.92387953 0.38268343
vn -0.32505758 0.88807383 0.32505758
vn -0.32505758 0.88807383 -0.32505758
vn -0.28934935 0.95177497 -0.10198709
vn -0.43296683 0.87270352 -0.22567297
vn -0.57735027 0.57735027 -0.57735027
vn -0.57735027 0.57735027 -0.57735027
vn 0.09787009 -0.76440354 0.63726657
vn 0.00000000 -0.38268343 0.92387953
vn 0.00000000 0.00000000 -1.00000000
vn -0.30290545 0.67388734 0.67388734
vn -0.30290545 0.67388734 0.67388734
vn -0.32505758 0.88807383 -0.32505758
vn -0.22567297 0.87270352 -0.43296683
vn -0.22567297 0.43296683 -0.87270352
vn 0.00000000 0.00000000 1.00000000
vn 0.00000000 0.00000000 -1.00000000
vn -0.22567297 0.43296683 0.87270352
vn -0.30290545 0.67388734 0.67388734
vn -0.57735027 0.57735027 -0.57735027
vn -0.32505758 0.32505758 -0.88807383
vn 0.00000000 0.00000000 1.00000000
vn 0.00000000 0.00000000 -1.00000000
vn 0.00000000 0.00000000 1.00000000
vn -0.57735027 0.57735027 -0.57735027
vn -0.32505758 0.32505758 -0.88807383
vn 0.10198709 -0.28934935 0.95177497
vn 0.00000000 0.00000000 -1.00000000
vn 0.00000000 0.00000000 1.00000000
vn 0.00000000 0.00000000 -1.00000000
vn 0.30290545 -0.67388734 0.67388734
vn 0.34158598 -0.34158598 0.87557868
vn 0.00000000 0.00000000 -1.00000000
vn 0.00000000 0.00000000 1.00000000
vn 0.00000000 0.00000000 -1.00000000
vn 0.28934935 -0.10198709 0.95177497
vn 0.00000000 0.00000000 -1.00000000
vn 0.00000000 0.00000000 1.00000000
vn 0.00000000 0.00000000 -1.00000000
vn 0.83614993 -0.38784874 0.38784874
vn 0.28934935 -0.10198709 0.95177497
vn 0.87557868 -0.34158598 0.34158598
vn 0.00000000 0.00000000 -1.00000000
vn 0.00000000 0.00000000 1.00000000
vn 0.00000000 0.00000000 -1.00000000
vn 0.92387953 0.00000000 0.38268343
vn 0.38268343 0.00000000 0.92387953
vn 0.92387953 0.00000000 0.38268343
vn 0.00000000 0.00000000 -1.00000000
vn 0.00000000 0.00000000 1.00000000
vn 0.00000000 0.00000000 -1.00000000
vn 0.83614993 0.38784874 0.38784874
vn 0.28934935 0.10198709 0.95177497
vn 0.87557868 0.34158598 0.34158598
vn 0.00000000 0.00000000 -1.00000000
vn 0.00000000 0.00000000 1.00000000
vn 0.00000000 0.00000000 -1.00000000
vn 0.28934935 0.10198709 0.95177497
vn 0.00000000 0.00000000 -1.00000000
vn 0.00000000 0.00000000 1.00000000
vn 0.00000000 0.00000000 -1.00000000
vn 0.43296683 0.22567297 0.87270352
vn 0.00000000 0.00000000 -1.00000000
vn 0.00000000 0.00000000 1.00000000
vn -0.32505758 -0.32505758 -0.88807383
vn 0.57735027 0.57735027 0.57735027
vn 0.32505758 0.32505758 0.88807383
vn 0.57735027 0.57735027 0.57735027
vn 0.00000000 0.00000000 -1.00000000
vn -0.22567297 -0.43296683 0.87270352
vn -0.57735027 -0.57735027 -0.57735027
vn -0.57735027 -0.57735027 -0.57735027
vn -0.32505758 -0.32505758 -0.88807383
vn 0.00000000 0.00000000 1.00000000
vn 0.00000000 0.00000000 -1.00000000
vn -0.30290545 -0.67388734 0.67388734
vn -0.09787009 -0.63726657 0.76440354
vn -0.22567297 -0.43296683 -0.87270352
vn 0.00000000 0.00000000 1.00000000
vn 0.00000000 0.38268343 -0.92387953
vn 0.00000000 -0.70710678 0.70710678
vn 0.00000000 -0.70710678 0.70710678
vn -0.57735027 -0.57735027 -0.57735027
vn -0.32505758 -0.88807383 -0.32505758
vn -0.57735027 -0.57735027 -0.57735027
vn -0.22567297 -0.87270352 -0.43296683
vn 0.10198709 0.28934935 0.95177497
vn 0.00000000 0.70710678 -0.70710678
vn 0.00000000 0.70710678 -0.70710678
vn 0.00000000 -0.92387953 0.38268343
vn 0.00000000 -1.00000000 0.00000000
vn 0.00000000 -0.97978097 0.20007313
vn 0.70710678 -0.70710678 -0.00000000
vn -0.00000000 -0.70710678 0.70710678
vn -0.00000000 -0.70710678 -0.70710678
vn 0.00000000 -0.97978097 -0.20007313
vn -0.32505758 -0.88807383 -0.32505758
vn 0.57735027 0.57735027 0.57735027
vn 0.57735027 0.57735027 0.57735027
vn 0.39802147 0.71008577 0.58082451
vn 0.00000000 0.70710678 -0.70710678
vn 0.00000000 0.70710678 -0.70710678
vn -0.00000000 -1.00000000 0.00000000
vn 0.30290545 0.67388734 0.67388734
vn 0.10198709 0.95177497 0.28934935
vn 0.32505758 0.88807383 0.32505758
vn 0.09787009 0.76440354 -0.63726657
vn 0.30290545 0.67388734 -0.67388734
vn 0.87270352 0.43296683 0.22567297
vn 0.57735027 0.57735027 0.57735027
vn 0.43296683 0.87270352 0.22567297
vn 0.28934935 0.95177497 0.10198709
vn 0.90406577 0.29366529 0.31052500
vn 0.00000000 1.00000000 0.00000000
vn 0.22567297 0.87270352 0.43296683
vn 0.34158598 0.87557868 -0.34158598
vn 0.63726657 0.76440354 -0.09787009
vn 0.83614993 0.38784874 -0.38784874
vn 0.67388734 0.67388734 0.30290545
vn 0.95177497 0.28934935 0.10198709
vn 1.00000000 0.00000000 0.00000000
vn 1.00000000 0.00000000 0.00000000
vn 0.88807383 -0.32505758 0.32505758
vn 0.87557868 0.34158598 -0.34158598
vn 0.95177497 0.28934935 -0.10198709
vn 1.00000000 0.00000000 0.00000000
vn 1.00000000 0.00000000 0.00000000
vn 1.00000000 0.00000000 0.00000000
vn 0.87270352 -0.22567297 0.43296683
vn 0.87270352 0.43296683 -0.22567297
vn 0.92387953 0.38268343 0.00000000
vn 0.92387953 0.38268343 0.00000000
vn 0.87557868 0.34158598 0.34158598
vn 0.67388734 -0.67388734 -0.30290545
vn 0.70710678 -0.70710678 0.00000000
vn 0.67388734 -0.67388734 0.30290545
vn 0.57735027 -0.57735027 -0.57735027
vn 0.30290545 -0.67388734 -0.67388734
vn 0.38784874 -0.83614993 -0.38784874
vn 0.38268343 -0.92387953 0.00000000
vn 0.28934935 -0.95177497 0.10198709
vn 0.00000000 -1.00000000 0.00000000
vn 0.32505758 -0.88807383 0.32505758
vn 0.57735027 -0.57735027 0.57735027
vn 0.57735027 -0.57735027 0.57735027
vn 0.22567297 -0.87270352 -0.43296683
vn 0.22567297 -0.43296683 -0.87270352
vn 0.22567297 -0.87270352 -0.43296683
vn -0.70710678 0.70710678 0.00000000
vn 0.32505758 -0.88807383 0.32505758
vn 0.00000000 -1.00000000 0.00000000
vn 0.32505758 -0.88807383 0.32505758
vn 0.57735027 -0.57735027 0.57735027
vn 0.57735027 -0.57735027 0.57735027
vn 0.57735027 -0.57735027 -0.57735027
vn 0.22567297 -0.43296683 -0.87270352
vn -0.22567297 0.43296683 0.87270352
vn -0.34158598 0.87557868 0.34158598
vn -0.38268343 0.92387953 0.00000000
vn -0.56564992 0.82464548 0.00000000
vn -0.43296683 0.87270352 -0.22567297
vn -0.67388734 0.67388734 -0.30290545
vn -0.57735027 0.57735027 -0.57735027
vn -0.67388734 0.67388734 -0.30290545
vn 0.32505758 -0.88807383 0.32505758
vn 0.22567297 -0.87270352 0.43296683
vn 0.22567297 -0.43296683 0.87270352
vn 0.30290545 -0.67388734 -0.67388734
vn 0.10198709 -0.28934935 -0.95177497
vn -0.57735027 0.57735027 0.57735027
vn -0.32505758 0.32505758 0.88807383
vn -0.43296683 0.87270352 -0.22567297
vn -0.55473197 0.80872850 -0.19552662
vn -0.43296683 0.87270352 -0.22567297
vn -0.57735027 0.57735027 -0.57735027
vn -0.57735027 0.57735027 -0.57735027
vn 0.00000000 0.00000000 1.00000000
vn 0.00000000 0.00000000 -1.00000000
vn -0.57735027 0.57735027 0.57735027
vn -0.57735027 0.57735027 0.57735027
vn -0.57735027 0.57735027 0.57735027
vn -0.57735027 0.57735027 -0.57735027
vn -0.32505758 0.32505758 -0.88807383
vn 0.00000000 0.00000000 1.00000000
vn 0.00000000 0.00000000 -1.00000000
vn -0.32505758 0.32505758 0.88807383
vn -0.57735027 0.57735027 0.57735027
vn -0.57735027 0.57735027 -0.57735027
vn -0.32505758 0.32505758 -0.88807383
vn 0.00000000 0.00000000 1.00000000
vn 0.00000000 0.00000000 -1.00000000
vn 0.00000000 0.00000000 1.00000000
vn -0.57735027 0.57735027 -0.57735027
vn -0.32505758 0.32505758 -0.88807383
vn 0.67388734 -0.30290545 0.67388734
vn 0.28934935 -0.10198709 0.95177497
vn 0.00000000 0.00000000 -1.00000000
vn 0.00000000 0.00000000 1.00000000
vn 0.00000000 0.00000000 -1.00000000
vn 0.67388734 -0.30290545 0.67388734
vn 0.43296683 -0.22567297 0.87270352
vn 0.00000000 0.00000000 -1.00000000
vn 0.00000000 0.00000000 1.00000000
vn 0.00000000 0.00000000 -1.00000000
vn 0.57735027 -0.57735027 0.57735027
vn 0.43296683 -0.22567297 0.87270352
vn 0.00000000 0.00000000 -1.00000000
vn 0.00000000 0.00000000 1.00000000
vn 0.00000000 0.00000000 -1.00000000
vn 0.38268343 0.00000000 0.92387953
vn 0.00000000 0.00000000 -1.00000000
vn 0.00000000 0.00000000 1.00000000
vn 0.00000000 0.00000000 -1.00000000
vn 0.43296683 0.22567297 0.87270352
vn 0.00000000 0.00000000 -1.00000000
vn 0.00000000 0.00000000 1.00000000
vn 0.00000000 0.00000000 -1.00000000
vn 0.67388734 0.30290545 0.67388734
vn 0.43296683 0.22567297 0.87270352
vn 0.57735027 0.57735027 0.57735027
vn 0.00000000 0.00000000 -1.00000000
vn 0.00000000 0.00000000 1.00000000
vn -0.32505758 -0.32505758 -0.88807383
vn 0.67388734 0.30290545 0.67388734
vn 0.28934935 0.10198709 0.95177497
vn 0.00000000 0.00000000 -1.00000000
vn -0.32505758 -0.32505758 0.88807383
vn -0.57735027 -0.57735027 -0.57735027
vn -0.57735027 -0.57735027 -0.57735027
vn -0.32505758 -0.32505758 -0.88807383
vn 0.00000000 0.00000000 1.00000000
vn 0.00000000 0.00000000 -1.00000000
vn -0.57735027 -0.57735027 0.57735027
vn -0.57735027 -0.57735027 0.57735027
vn -0.32505758 -0.32505758 0.88807383
vn -0.32505758 -0.32505758 -0.88807383
vn 0.00000000 0.00000000 1.00000000
vn 0.00000000 0.00000000 -1.00000000
vn -0.22567297 -0.43296683 0.87270352
vn -0.57735027 -0.57735027 -0.57735027
vn -0.57735027 -0.57735027 -0.57735027
vn -0.57735027 -0.57735027 -0.57735027
vn 0.00000000 0.00000000 1.00000000
vn 0.22567297 0.43296683 -0.87270352
vn -0.30290545 -0.67388734 0.67388734
vn -0.30290545 -0.67388734 0.67388734
vn -0.57735027 -0.57735027 -0.57735027
vn -0.58082451 -0.71008577 -0.39802147
vn -0.57735027 -0.57735027 -0.57735027
vn -0.43296683 -0.87270352 -0.22567297
vn 0.22567297 0.43296683 0.87270352
vn 0.30290545 0.67388734 -0.67388734
vn 0.30290545 0.67388734 -0.67388734
vn -0.22567297 -0.87270352 0.43296683
vn 0.00000000 -1.00000000 0.00000000
vn 0.00000000 -1.00000000 0.00000000
vn -0.70710678 -0.70710678 -0.00000000
vn -0.48206466 -0.87044911 -0.09965949
vn -0.43296683 -0.87270352 -0.22567297
vn 0.57735027 0.57735027 0.57735027
vn 0.57735027 0.57735027 0.57735027
vn 0.32505758 0.88807383 0.32505758
vn 0.22567297 0.87270352 0.43296683
vn 0.30290545 0.67388734 -0.67388734
vn 0.30290545 0.67388734 -0.67388734
vn 0.57735027 0.57735027 0.57735027
vn 0.57735027 0.57735027 0.57735027
vn 0.32505758 0.88807383 0.32505758
vn 0.32505758 0.88807383 0.32505758
vn 0.22567297 0.87270352 -0.43296683
vn 0.28934935 0.95177497 -0.10198709
vn 0.67388734 0.67388734 -0.30290545
vn 0.38268343 0.92387953 0.00000000
vn 0.70710678 0.70710678 0.00000000
vn 0.28934935 0.95177497 0.10198709
vn 0.67388734 0.67388734 0.30290545
vn 0.00000000 1.00000000 0.00000000
vn 0.00000000 1.00000000 0.00000000
vn 0.32505758 0.88807383 0.32505758
vn 0.34158598 -0.87557868 -0.34158598
vn 0.30290545 -0.67388734 -0.67388734
vn 0.38268343 -0.92387953 0.00000000
vn 0.38268343 -0.92387953 0.00000000
vn 0.43296683 -0.87270352 0.22567297
vn 0.57735027 -0.57735027 0.57735027
vn 0.57735027 -0.57735027 0.57735027
vn 0.57735027 -0.57735027 -0.57735027
vn 0.57735027 -0.57735027 -0.57735027
vn 0.39802147 -0.71008577 -0.58082451
vn 0.32505758 -0.88807383 0.32505758
vn 0.28934935 -0.95177497 0.10198709
vn 0.43296683 -0.87270352 0.22567297
vn 0.57735027 -0.57735027 0.57735027
vn 0.57735027 -0.57735027 0.57735027
vn 0.57735027 -0.57735027 -0.57735027
vn 0.39802147 -0.58082451 -0.71008577
vn -0.67388734 0.67388734 0.30290545
vn -0.70710678 0.70710678 0.00000000
vn -0.70710678 0.70710678 0.00000000
vn -0.67388734 0.67388734 -0.30290545
vn 0.58082451 -0.71008577 0.39802147
vn 0.43296683 -0.87270352 0.22567297
vn 0.57735027 -0.57735027 0.57735027
vn 0.57735027 -0.57735027 0.57735027
vn 0.30290545 -0.67388734 -0.67388734
vn 0.22567297 -0.43296683 -0.87270352
vn -0.32505758 0.32505758 0.88807383
vn -0.58082451 0.71008577 0.39802147
vn -0.38268343 0.92387953 0.00000000
vn -0.38268343 0.92387953 0.00000000
vn -0.55473197 0.80872850 -0.19552662
vn -0.43296683 0.87270352 -0.22567297
vn -0.67388734 0.67388734 -0.30290545
vn -0.57735027 0.57735027 -0.57735027
vn -0.67388734 0.67388734 -0.30290545
vn 0.57735027 -0.57735027 0.57735027
vn 0.32505758 -0.32505758 0.88807383
vn 0.00000000 0.00000000 -1.00000000
vn -0.57735027 0.57735027 0.57735027
vn -0.32505758 0.32505758 0.88807383
vn -0.67388734 0.67388734 -0.30290545
vn -0.67388734 0.67388734 -0.30290545
vn -0.57735027 0.57735027 -0.57735027
vn -0.57735027 0.57735027 -0.57735027
vn 0.00000000 0.00000000 1.00000000
vn 0.00000000 0.00000000 -1.00000000
vn -0.57735027 0.57735027 0.57735027
vn -0.57735027 0.57735027 0.57735027
vn -0.57735027 0.57735027 0.57735027
vn -0.57735027 0.57735027 -0.57735027
vn -0.32505758 0.32505758 -0.88807383
vn 0.00000000 0.00000000 1.00000000
vn 0.00000000 0.00000000 -1.00000000
vn -0.43296683 0.22567297 0.87270352
vn -0.57735027 0.57735027 0.57735027
vn -0.57735027 0.57735027 -0.57735027
vn -0.32505758 0.32505758 -0.88807383
vn 0.00000000 0.00000000 1.00000000
vn 0.00000000 0.00000000 -1.00000000
vn -0.28934935 0.10198709 0.95177497
vn -0.57735027 0.57735027 -0.57735027
vn -0.43296683 0.22567297 -0.87270352
vn 0.00000000 0.00000000 1.00000000
vn 0.00000000 0.00000000 -1.00000000
vn 0.00000000 0.00000000 1.00000000
vn -0.38268343 0.00000000 -0.92387953
vn 0.67388734 -0.30290545 0.67388734
vn 0.28934935 -0.10198709 0.95177497
vn 0.00000000 0.00000000 -1.00000000
vn 0.00000000 0.00000000 1.00000000
vn -0.38268343 0.00000000 -0.92387953
vn 0.70710678 0.00000000 0.70710678
vn 0.38268343 0.00000000 0.92387953
vn 0.00000000 0.00000000 -1.00000000
vn 0.00000000 0.00000000 1.00000000
vn -0.38268343 0.00000000 -0.92387953
vn 0.67388734 0.30290545 0.67388734
vn 0.28934935 0.10198709 0.95177497
vn 0.00000000 0.00000000 -1.00000000
vn -0.28934935 -0.10198709 0.95177497
vn -0.43296683 -0.22567297 -0.87270352
vn 0.00000000 0.00000000 1.00000000
vn 0.00000000 0.00000000 -1.00000000
vn -0.43296683 -0.22567297 0.87270352
vn -0.57735027 -0.57735027 -0.57735027
vn -0.57735027 -0.57735027 -0.57735027
vn -0.32505758 -0.32505758 -0.88807383
vn 0.00000000 0.00000000 1.00000000
vn 0.00000000 0.00000000 -1.00000000
vn -0.57735027 -0.57735027 0.57735027
vn -0.57735027 -0.57735027 0.57735027
vn -0.32505758 -0.32505758 0.88807383
vn -0.32505758 -0.32505758 -0.88807383
vn 0.00000000 0.00000000 1.00000000
vn 0.00000000 0.00000000 -1.00000000
vn -0.32505758 -0.32505758 0.88807383
vn -0.57735027 -0.57735027 -0.57735027
vn -0.57735027 -0.57735027 -0.57735027
vn -0.57735027 -0.57735027 -0.57735027
vn 0.00000000 0.00000000 1.00000000
vn 0.32505758 0.32505758 -0.88807383
vn -0.57735027 -0.57735027 0.57735027
vn -0.57735027 -0.57735027 0.57735027
vn -0.57735027 -0.57735027 0.57735027
vn -0.67388734 -0.67388734 -0.30290545
vn -0.43296683 -0.87270352 -0.22567297
vn -0.57735027 -0.57735027 -0.57735027
vn -0.67388734 -0.67388734 -0.30290545
vn -0.58082451 -0.71008577 -0.39802147
vn 0.32505758 0.32505758 0.88807383
vn 0.57735027 0.57735027 -0.57735027
vn 0.57735027 0.57735027 -0.57735027
vn 0.57735027 0.57735027 -0.57735027
vn -0.57735027 -0.57735027 0.57735027
vn -0.57735027 -0.57735027 0.57735027
vn -0.57735027 -0.57735027 0.57735027
vn -0.67388734 -0.67388734 -0.30290545
vn -0.43296683 -0.87270352 -0.22567297
vn -0.57735027 -0.57735027 -0.57735027
vn -0.67388734 -0.67388734 -0.30290545
vn -0.58082451 -0.71008577 -0.39802147
vn 0.57735027 0.57735027 0.57735027
vn 0.57735027 0.57735027 0.57735027
vn 0.57735027 0.57735027 0.57735027
vn 0.57735027 0.57735027 -0.57735027
vn 0.57735027 0.57735027 -0.57735027
vn 0.39802147 0.58082451 -0.71008577
vn -0.43296683 -0.87270352 0.22567297
vn -0.43296683 -0.87270352 -0.22567297
vn 0.57735027 0.57735027 0.57735027
vn 0.57735027 0.57735027 0.57735027
vn 0.58082451 0.71008577 0.39802147
vn 0.43296683 0.87270352 0.22567297
vn 0.39802147 0.71008577 -0.58082451
vn 0.57735027 0.57735027 -0.57735027
vn 0.57735027 0.57735027 -0.57735027
vn 0.57735027 0.57735027 0.57735027
vn 0.57735027 0.57735027 0.57735027
vn 0.32505758 0.88807383 0.32505758
vn 0.32505758 0.88807383 0.32505758
vn 0.43296683 0.87270352 -0.22567297
vn 0.38268343 0.92387953 0.00000000
vn 0.38268343 0.92387953 0.00000000
vn 0.38268343 0.92387953 0.00000000
vn 0.43296683 0.87270352 0.22567297
vn 0.67388734 -0.67388734 -0.30290545
vn 0.70710678 -0.70710678 0.00000000
vn 0.70710678 -0.70710678 0.00000000
vn 0.67388734 -0.67388734 0.30290545
vn 0.57735027 -0.57735027 -0.57735027
vn 0.57735027 -0.57735027 -0.57735027
vn 0.67388734 -0.67388734 -0.30290545
vn 0.70710678 -0.70710678 0.00000000
vn 0.70710678 -0.70710678 0.00000000
vn 0.63726657 -0.76440354 0.09787009
vn 0.43296683 -0.87270352 0.22567297
vn 0.67388734 -0.67388734 0.30290545
vn 0.57735027 -0.57735027 0.57735027
vn 0.67388734 -0.67388734 0.30290545
vn 0.57735027 -0.57735027 -0.57735027
vn 0.39802147 -0.58082451 -0.71008577
vn 0.39802147 -0.71008577 -0.58082451
vn 0.43296683 -0.87270352 0.22567297
vn 0.58082451 -0.71008577 0.39802147
vn 0.67388734 -0.67388734 0.30290545
vn 0.57735027 -0.57735027 0.57735027
vn 0.67388734 -0.67388734 0.30290545
vn 0.57735027 -0.57735027 -0.57735027
vn 0.57735027 -0.57735027 -0.57735027
vn 0.57735027 -0.57735027 -0.57735027
vn -0.57735027 0.57735027 0.57735027
vn -0.57735027 0.57735027 0.57735027
vn -0.43296683 0.87270352 0.22567297
vn -0.43296683 0.87270352 -0.22567297
vn -0.67388734 0.67388734 -0.30290545
vn -0.57735027 0.57735027 -0.57735027
vn -0.67388734 0.67388734 -0.30290545
vn 0.67388734 -0.67388734 0.30290545
vn 0.67388734 -0.67388734 0.30290545
vn 0.57735027 -0.57735027 0.57735027
vn 0.57735027 -0.57735027 0.57735027
vn 0.57735027 -0.57735027 -0.57735027
vn 0.32505758 -0.32505758 -0.88807383
vn -0.43296683 0.22567297 0.87270352
vn -0.57735027 0.57735027 0.57735027
vn -0.67388734 0.67388734 -0.30290545
vn -0.67388734 0.67388734 -0.30290545
vn -0.67388734 0.67388734 -0.30290545
vn -0.57735027 0.57735027 -0.57735027
vn -0.67388734 0.67388734 -0.30290545
vn 0.57735027 -0.57735027 0.57735027
vn 0.32505758 -0.32505758 0.88807383
vn 0.00000000 0.00000000 -1.00000000
vn -0.57735027 0.57735027 0.57735027
vn -0.58082451 0.39802147 0.71008577
vn -0.67388734 0.67388734 -0.30290545
vn -0.67388734 0.67388734 -0.30290545
vn -0.57735027 0.57735027 -0.57735027
vn -0.57735027 0.57735027 -0.57735027
vn 0.00000000 0.00000000 1.00000000
vn 0.00000000 0.00000000 -1.00000000
vn -0.67388734 0.30290545 0.67388734
vn -0.67388734 0.30290545 0.67388734
vn -0.57735027 0.57735027 0.57735027
vn -0.57735027 0.57735027 -0.57735027
vn -0.43296683 0.22567297 -0.87270352
vn 0.00000000 0.00000000 1.00000000
vn 0.00000000 0.00000000 -1.00000000
vn -0.67388734 0.30290545 0.67388734
vn -0.67388734 0.30290545 0.67388734
vn -0.67388734 0.30290545 -0.67388734
vn -0.63726657 0.09787009 -0.76440354
vn 0.00000000 0.00000000 1.00000000
vn 0.00000000 0.00000000 -1.00000000
vn -0.43296683 0.22567297 0.87270352
vn -0.57735027 0.57735027 0.57735027
vn -0.70710678 0.00000000 -0.70710678
vn -0.70710678 0.00000000 -0.70710678
vn 0.00000000 0.00000000 1.00000000
vn 0.00000000 0.00000000 -1.00000000
vn -0.38268343 0.00000000 0.92387953
vn -0.70710678 0.00000000 -0.70710678
vn -0.70710678 0.00000000 -0.70710678
vn 0.00000000 0.00000000 1.00000000
vn 0.00000000 0.00000000 -1.00000000
vn -0.43296683 -0.22567297 0.87270352
vn -0.70710678 0.00000000 -0.70710678
vn -0.70710678 0.00000000 -0.70710678
vn 0.00000000 0.00000000 1.00000000
vn 0.00000000 0.00000000 -1.00000000
vn -0.57735027 -0.57735027 0.57735027
vn -0.67388734 -0.30290545 0.67388734
vn -0.67388734 -0.30290545 0.67388734
vn -0.67388734 -0.30290545 -0.67388734
vn -0.63726657 -0.09787009 -0.76440354
vn 0.00000000 0.00000000 1.00000000
vn 0.00000000 0.00000000 -1.00000000
vn -0.67388734 -0.30290545 0.67388734
vn -0.63726657 -0.09787009 0.76440354
vn -0.43296683 -0.22567297 -0.87270352
vn 0.00000000 0.00000000 1.00000000
vn 0.00000000 0.00000000 -1.00000000
vn -0.43296683 -0.22567297 0.87270352
vn -0.57735027 -0.57735027 -0.57735027
vn -0.57735027 -0.57735027 -0.57735027
vn -0.57735027 -0.57735027 -0.57735027
vn 0.00000000 0.00000000 1.00000000
vn 0.32505758 0.32505758 -0.88807383
vn -0.57735027 -0.57735027 0.57735027
vn -0.57735027 -0.57735027 0.57735027
vn -0.57735027 -0.57735027 0.57735027
vn -0.57735027 -0.57735027 -0.57735027
vn -0.57735027 -0.57735027 -0.57735027
vn -0.57735027 -0.57735027 -0.57735027
vn 0.32505758 0.32505758 0.88807383
vn 0.57735027 0.57735027 -0.57735027
vn 0.57735027 0.57735027 -0.57735027
vn 0.39802147 0.58082451 -0.71008577
vn -0.57735027 -0.57735027 0.57735027
vn -0.57735027 -0.57735027 0.57735027
vn -0.57735027 -0.57735027 0.57735027
vn -0.57735027 -0.57735027 -0.57735027
vn -0.58082451 -0.71008577 -0.39802147
vn -0.57735027 -0.57735027 -0.57735027
vn -0.43296683 -0.87270352 -0.22567297
vn 0.57735027 0.57735027 0.57735027
vn 0.57735027 0.57735027 0.57735027
vn 0.57735027 0.57735027 0.57735027
vn 0.30290545 0.67388734 -0.67388734
vn 0.57735027 0.57735027 -0.57735027
vn 0.22567297 0.43296683 -0.87270352
vn -0.67388734 -0.67388734 0.30290545
vn -0.67388734 -0.67388734 0.30290545
vn -0.67388734 -0.67388734 -0.30290545
vn -0.63726657 -0.76440354 -0.09787009
vn -0.43296683 -0.87270352 -0.22567297
vn 0.67388734 0.67388734 0.30290545
vn 0.57735027 0.57735027 0.57735027
vn 0.67388734 0.67388734 0.30290545
vn 0.67388734 0.67388734 0.30290545
vn 0.67388734 0.67388734 0.30290545
vn 0.22567297 0.43296683 -0.87270352
vn 0.57735027 0.57735027 0.57735027
vn 0.57735027 0.57735027 0.57735027
vn 0.57735027 0.57735027 0.57735027
vn 0.22567297 0.87270352 -0.43296683
vn 0.28934935 0.95177497 -0.10198709
vn 0.67388734 0.67388734 -0.30290545
vn 0.38268343 0.92387953 0.00000000
vn 0.70710678 0.70710678 0.00000000
vn 0.38268343 0.92387953 0.00000000
vn 0.70710678 0.70710678 0.00000000
vn 0.38268343 0.92387953 0.00000000
vn 0.70710678 0.70710678 0.00000000
vn 0.55473197 0.80872850 0.19552662
vn 0.67388734 0.67388734 0.30290545
vn 0.43296683 0.87270352 0.22567297
vn 0.67388734 -0.67388734 -0.30290545
vn 0.70710678 -0.70710678 0.00000000
vn 0.70710678 -0.70710678 0.00000000
vn 0.70710678 -0.70710678 0.00000000
vn 0.67388734 -0.67388734 0.30290545
vn 0.34158598 -0.87557868 -0.34158598
vn 0.34158598 -0.34158598 -0.87557868
vn 0.63726657 -0.76440354 -0.09787009
vn 0.70710678 -0.70710678 0.00000000
vn 0.70710678 -0.70710678 0.00000000
vn 0.70710678 -0.70710678 0.00000000
vn 0.63726657 -0.76440354 0.09787009
vn 0.43296683 -0.87270352 0.22567297
vn 0.57735027 -0.57735027 0.57735027
vn 0.57735027 -0.57735027 0.57735027
vn 0.57735027 -0.57735027 -0.57735027
vn 0.58082451 -0.39802147 -0.71008577
vn -0.87270352 0.43296683 0.22567297
vn -0.87270352 0.43296683 -0.22567297
vn 0.57735027 -0.57735027 0.57735027
vn 0.67388734 -0.67388734 0.30290545
vn 0.57735027 -0.57735027 0.57735027
vn 0.67388734 -0.67388734 0.30290545
vn 0.57735027 -0.57735027 -0.57735027
vn 0.57735027 -0.57735027 -0.57735027
vn 0.57735027 -0.57735027 -0.57735027
vn -0.87270352 0.22567297 0.43296683
vn -0.95177497 0.28934935 0.10198709
vn -0.92387953 0.38268343 0.00000000
vn -0.80872850 0.55473197 -0.19552662
vn -0.87270352 0.43296683 -0.22567297
vn 0.67388734 -0.67388734 0.30290545
vn 0.67388734 -0.67388734 0.30290545
vn 0.57735027 -0.57735027 0.57735027
vn 0.57735027 -0.57735027 0.57735027
vn 0.57735027 -0.57735027 -0.57735027
vn 0.43296683 -0.22567297 -0.87270352
vn -0.71008577 0.39802147 0.58082451
vn -0.57735027 0.57735027 0.57735027
vn -0.67388734 0.67388734 0.30290545
vn -0.70710678 0.70710678 0.00000000
vn -0.67388734 0.67388734 -0.30290545
vn -0.57735027 0.57735027 -0.57735027
vn -0.87270352 0.43296683 -0.22567297
vn -0.80872850 0.55473197 -0.19552662
vn -0.87270352 0.43296683 -0.22567297
vn 0.57735027 -0.57735027 0.57735027
vn 0.43296683 -0.22567297 0.87270352
vn 0.38268343 0.00000000 -0.92387953
vn -0.67388734 0.30290545 0.67388734
vn -0.67388734 0.30290545 0.67388734
vn -0.57735027 0.57735027 0.57735027
vn -0.67388734 0.67388734 -0.30290545
vn -0.67388734 0.67388734 -0.30290545
vn -0.57735027 0.57735027 -0.57735027
vn -0.88807383 0.32505758 -0.32505758
vn -0.87270352 0.22567297 -0.43296683
vn 0.38268343 0.00000000 0.92387953
vn 0.38268343 0.00000000 -0.92387953
vn -0.67388734 0.30290545 0.67388734
vn -0.67388734 0.30290545 0.67388734
vn -0.57735027 0.57735027 -0.57735027
vn -0.67388734 0.30290545 -0.67388734
vn -0.76440354 0.09787009 -0.63726657
vn 0.38268343 0.00000000 0.92387953
vn 0.38268343 0.00000000 -0.92387953
vn -0.67388734 0.30290545 0.67388734
vn -0.67388734 0.30290545 0.67388734
vn -0.57735027 0.57735027 0.57735027
vn -0.70710678 0.00000000 -0.70710678
vn -0.70710678 0.00000000 -0.70710678
vn 0.38268343 0.00000000 0.92387953
vn 0.38268343 0.00000000 -0.92387953
vn -0.70710678 0.00000000 0.70710678
vn -0.70710678 0.00000000 0.70710678
vn -0.70710678 0.00000000 -0.70710678
vn -0.70710678 0.00000000 -0.70710678
vn 0.38268343 0.00000000 0.92387953
vn 0.38268343 0.00000000 -0.92387953
vn -0.67388734 -0.30290545 0.67388734
vn -0.67388734 -0.30290545 0.67388734
vn -0.70710678 0.00000000 -0.70710678
vn -0.70710678 0.00000000 -0.70710678
vn 0.38268343 0.00000000 0.92387953
vn 0.38268343 0.00000000 -0.92387953
vn -0.67388734 -0.30290545 0.67388734
vn -0.57735027 -0.57735027 0.57735027
vn -0.67388734 -0.30290545 0.67388734
vn -0.76440354 -0.09787009 -0.63726657
vn -0.67388734 -0.30290545 -0.67388734
vn 0.38268343 0.00000000 0.92387953
vn 0.38268343 0.00000000 -0.92387953
vn -0.70710678 0.00000000 0.70710678
vn -0.70710678 0.00000000 0.70710678
vn -0.88807383 -0.32505758 -0.32505758
vn -0.57735027 -0.57735027 -0.57735027
vn -0.57735027 -0.57735027 -0.57735027
vn -0.87270352 -0.22567297 -0.43296683
vn 0.38268343 0.00000000 0.92387953
vn 0.43296683 0.22567297 -0.87270352
vn -0.67388734 -0.30290545 0.67388734
vn -0.67388734 -0.30290545 0.67388734
vn -0.87270352 -0.43296683 -0.22567297
vn -0.67388734 -0.67388734 -0.30290545
vn -0.57735027 -0.57735027 -0.57735027
vn -0.95177497 -0.28934935 -0.10198709
vn -0.67388734 -0.67388734 -0.30290545
vn -0.88807383 -0.32505758 -0.32505758
vn 0.43296683 0.22567297 0.87270352
vn 0.57735027 0.57735027 -0.57735027
vn 0.57735027 0.57735027 -0.57735027
vn 0.58082451 0.39802147 -0.71008577
vn -0.57735027 -0.57735027 0.57735027
vn -0.57735027 -0.57735027 0.57735027
vn -0.57735027 -0.57735027 0.57735027
vn -0.88807383 -0.32505758 -0.32505758
vn -0.57735027 -0.57735027 -0.57735027
vn -0.57735027 -0.57735027 -0.57735027
vn -0.95177497 -0.28934935 -0.10198709
vn -0.87270352 -0.43296683 -0.22567297
vn 0.57735027 0.57735027 0.57735027
vn 0.57735027 0.57735027 0.57735027
vn 0.57735027 0.57735027 0.57735027
vn 0.34158598 0.34158598 -0.87557868
vn -0.67388734 -0.67388734 0.30290545
vn -0.67388734 -0.67388734 0.30290545
vn -0.76440354 -0.63726657 -0.09787009
vn -0.67388734 -0.67388734 -0.30290545
vn -0.87270352 -0.43296683 -0.22567297
vn 0.67388734 0.67388734 0.30290545
vn 0.57735027 0.57735027 0.57735027
vn 0.67388734 0.67388734 0.30290545
vn 0.67388734 0.67388734 0.30290545
vn 0.67388734 0.67388734 0.30290545
vn 0.30290545 0.67388734 -0.67388734
vn 0.39802147 0.58082451 -0.71008577
vn 0.57735027 0.57735027 0.57735027
vn 0.57735027 0.57735027 0.57735027
vn 0.57735027 0.57735027 0.57735027
vn 0.57735027 0.57735027 -0.57735027
vn 0.57735027 0.57735027 -0.57735027
vn 0.57735027 0.57735027 -0.57735027
vn 0.67388734 0.67388734 0.30290545
vn 0.57735027 0.57735027 0.57735027
vn 0.67388734 0.67388734 0.30290545
vn 0.67388734 0.67388734 0.30290545
vn 0.67388734 0.67388734 0.30290545
vn 0.43296683 0.87270352 -0.22567297
vn 0.38268343 0.92387953 0.00000000
vn 0.38268343 0.92387953 0.00000000
vn 0.43296683 0.87270352 0.22567297
vn 0.87557868 -0.34158598 -0.34158598
vn 0.76440354 -0.63726657 -0.09787009
vn 0.70710678 -0.70710678 0.00000000
vn 0.70710678 -0.70710678 0.00000000
vn 0.70710678 -0.70710678 0.00000000
vn 0.76440354 -0.63726657 0.09787009
vn 0.87270352 -0.43296683 0.22567297
vn 0.71008577 -0.39802147 -0.58082451
vn 0.57735027 -0.57735027 -0.57735027
vn 0.67388734 -0.67388734 -0.30290545
vn 0.70710678 -0.70710678 0.00000000
vn 0.70710678 -0.70710678 0.00000000
vn 0.70710678 -0.70710678 0.00000000
vn 0.67388734 -0.67388734 0.30290545
vn 0.87270352 -0.43296683 0.22567297
vn 0.57735027 -0.57735027 0.57735027
vn 0.71008577 -0.58082451 0.39802147
vn 0.57735027 -0.57735027 -0.57735027
vn 0.57735027 -0.57735027 -0.57735027
vn 0.57735027 -0.57735027 -0.57735027
vn 0.67388734 -0.67388734 0.30290545
vn 0.67388734 -0.67388734 0.30290545
vn 0.71008577 -0.58082451 0.39802147
vn 0.57735027 -0.57735027 0.57735027
vn 0.87270352 -0.43296683 0.22567297
vn 0.67388734 -0.30290545 -0.67388734
vn 0.67388734 -0.30290545 -0.67388734
vn 0.57735027 -0.57735027 -0.57735027
vn -0.67388734 0.67388734 0.30290545
vn -0.70710678 0.70710678 0.00000000
vn -0.67388734 0.67388734 -0.30290545
vn 0.57735027 -0.57735027 0.57735027
vn 0.88807383 -0.32505758 0.32505758
vn 0.57735027 -0.57735027 0.57735027
vn 0.87270352 -0.22567297 0.43296683
vn 0.70710678 0.00000000 -0.70710678
vn 0.70710678 0.00000000 -0.70710678
vn -0.67388734 0.30290545 0.67388734
vn -0.67388734 0.30290545 0.67388734
vn -0.67388734 0.67388734 0.30290545
vn -0.70710678 0.70710678 0.00000000
vn -0.67388734 0.67388734 -0.30290545
vn -0.71008577 0.58082451 -0.39802147
vn -0.57735027 0.57735027 -0.57735027
vn -0.87270352 0.43296683 -0.22567297
vn 0.57735027 -0.57735027 0.57735027
vn 0.76440354 -0.09787009 0.63726657
vn 0.67388734 -0.30290545 0.67388734
vn 0.70710678 0.00000000 -0.70710678
vn 0.70710678 0.00000000 -0.70710678
vn -0.67388734 0.30290545 0.67388734
vn -0.67388734 0.30290545 0.67388734
vn -0.57735027 0.57735027 -0.57735027
vn -0.67388734 0.30290545 -0.67388734
vn -0.95177497 0.10198709 -0.28934935
vn -0.87270352 0.22567297 -0.43296683
vn 0.70710678 0.00000000 0.70710678
vn 0.70710678 0.00000000 0.70710678
vn 0.70710678 0.00000000 -0.70710678
vn 0.70710678 0.00000000 -0.70710678
vn -0.67388734 0.30290545 0.67388734
vn -0.67388734 0.30290545 0.67388734
vn -0.57735027 0.57735027 0.57735027
vn -0.92387953 0.00000000 -0.38268343
vn -0.70710678 0.00000000 -0.70710678
vn -0.92387953 0.00000000 -0.38268343
vn 0.70710678 0.00000000 0.70710678
vn 0.70710678 0.00000000 0.70710678
vn 0.70710678 0.00000000 -0.70710678
vn 0.70710678 0.00000000 -0.70710678
vn -0.70710678 0.00000000 0.70710678
vn -0.70710678 0.00000000 0.70710678
vn -0.92387953 0.00000000 -0.38268343
vn -0.70710678 0.00000000 -0.70710678
vn -0.92387953 0.00000000 -0.38268343
vn 0.70710678 0.00000000 0.70710678
vn 0.70710678 0.00000000 0.70710678
vn 0.70710678 0.00000000 -0.70710678
vn 0.70710678 0.00000000 -0.70710678
vn -0.67388734 -0.30290545 0.67388734
vn -0.67388734 -0.30290545 0.67388734
vn -0.92387953 0.00000000 -0.38268343
vn -0.70710678 0.00000000 -0.70710678
vn -0.92387953 0.00000000 -0.38268343
vn 0.70710678 0.00000000 0.70710678
vn 0.70710678 0.00000000 0.70710678
vn 0.70710678 0.00000000 -0.70710678
vn 0.70710678 0.00000000 -0.70710678
vn -0.67388734 -0.30290545 0.67388734
vn -0.57735027 -0.57735027 0.57735027
vn -0.67388734 -0.30290545 0.67388734
vn -0.95177497 -0.10198709 -0.28934935
vn -0.67388734 -0.30290545 -0.67388734
vn -0.87270352 -0.22567297 -0.43296683
vn 0.70710678 0.00000000 0.70710678
vn 0.70710678 0.00000000 0.70710678
vn 0.70710678 0.00000000 -0.70710678
vn 0.70710678 0.00000000 -0.70710678
vn -0.76440354 -0.09787009 0.63726657
vn -0.67388734 -0.30290545 0.67388734
vn -0.71008577 -0.58082451 -0.39802147
vn -0.57735027 -0.57735027 -0.57735027
vn -0.57735027 -0.57735027 -0.57735027
vn -0.87270352 -0.43296683 -0.22567297
vn 0.76440354 0.09787009 0.63726657
vn 0.67388734 0.30290545 0.67388734
vn 0.67388734 0.30290545 -0.67388734
vn 0.67388734 0.30290545 -0.67388734
vn -0.87270352 -0.22567297 0.43296683
vn -0.67388734 -0.67388734 0.30290545
vn -0.95177497 -0.28934935 0.10198709
vn -0.92387953 -0.38268343 0.00000000
vn -0.70710678 -0.70710678 0.00000000
vn -0.71008577 -0.58082451 -0.39802147
vn -0.67388734 -0.67388734 -0.30290545
vn 0.88807383 0.32505758 0.32505758
vn 0.57735027 0.57735027 0.57735027
vn 0.57735027 0.57735027 0.57735027
vn 0.87270352 0.22567297 0.43296683
vn 0.57735027 0.57735027 -0.57735027
vn 0.71008577 0.39802147 -0.58082451
vn 0.57735027 0.57735027 -0.57735027
vn -0.87270352 -0.43296683 0.22567297
vn -0.87270352 -0.43296683 -0.22567297
vn 0.71008577 0.58082451 0.39802147
vn 0.57735027 0.57735027 0.57735027
vn 0.57735027 0.57735027 0.57735027
vn 0.87270352 0.43296683 0.22567297
vn 0.87270352 0.22567297 -0.43296683
vn 0.57735027 0.57735027 -0.57735027
vn 0.88807383 0.32505758 -0.32505758
vn 0.57735027 0.57735027 -0.57735027
vn 0.87270352 0.43296683 0.22567297
vn 0.57735027 0.57735027 0.57735027
vn 0.67388734 0.67388734 0.30290545
vn 0.67388734 0.67388734 0.30290545
vn 0.71008577 0.58082451 0.39802147
vn 0.88807383 0.32505758 -0.32505758
vn 0.67388734 0.67388734 -0.30290545
vn 0.95177497 0.28934935 -0.10198709
vn 0.70710678 0.70710678 0.00000000
vn 0.92387953 0.38268343 0.00000000
vn 0.70710678 0.70710678 0.00000000
vn 0.92387953 0.38268343 0.00000000
vn 0.70710678 0.70710678 0.00000000
vn 0.92387953 0.38268343 0.00000000
vn 0.67388734 0.67388734 0.30290545
vn 0.80872850 0.55473197 0.19552662
vn 0.87270352 0.43296683 0.22567297
vn 0.87270352 0.43296683 -0.22567297
vn 0.92387953 0.38268343 0.00000000
vn 0.92387953 0.38268343 0.00000000
vn 0.87270352 0.43296683 0.22567297
vn 0.67388734 -0.67388734 -0.30290545
vn 0.70710678 -0.70710678 0.00000000
vn 0.70710678 -0.70710678 0.00000000
vn 0.76440354 -0.63726657 0.09787009
vn 0.87270352 -0.43296683 0.22567297
vn 0.57735027 -0.57735027 -0.57735027
vn 0.57735027 -0.57735027 -0.57735027
vn 0.67388734 -0.67388734 -0.30290545
vn 0.70710678 -0.70710678 0.00000000
vn 0.70710678 -0.70710678 0.00000000
vn 0.67388734 -0.67388734 0.30290545
vn 0.87270352 -0.43296683 0.22567297
vn 0.57735027 -0.57735027 0.57735027
vn 0.80872850 -0.55473197 0.19552662
vn 0.87270352 -0.43296683 0.22567297
vn 0.67388734 -0.30290545 -0.67388734
vn 0.67388734 -0.30290545 -0.67388734
vn 0.57735027 -0.57735027 -0.57735027
vn 0.67388734 -0.67388734 0.30290545
vn 0.67388734 -0.67388734 0.30290545
vn 0.88807383 -0.32505758 0.32505758
vn 0.57735027 -0.57735027 0.57735027
vn 0.88807383 -0.32505758 0.32505758
vn 0.70710678 0.00000000 -0.70710678
vn 0.70710678 0.00000000 -0.70710678
vn -0.87557868 0.34158598 0.34158598
vn -0.92387953 0.38268343 0.00000000
vn -0.87270352 0.43296683 -0.22567297
vn 0.57735027 -0.57735027 0.57735027
vn 0.95177497 -0.10198709 0.28934935
vn 0.67388734 -0.30290545 0.67388734
vn 0.87270352 -0.22567297 0.43296683
vn 0.70710678 0.00000000 -0.70710678
vn 0.70710678 0.00000000 -0.70710678
vn -0.95177497 0.10198709 0.28934935
vn -1.00000000 0.00000000 0.00000000
vn -1.00000000 0.00000000 0.00000000
vn -0.87270352 0.22567297 -0.43296683
vn 0.87270352 -0.22567297 0.43296683
vn 0.67388734 -0.30290545 0.67388734
vn 0.92387953 0.00000000 0.38268343
vn 0.70710678 0.00000000 -0.70710678
vn 0.70710678 0.00000000 -0.70710678
vn -0.87270352 0.22567297 0.43296683
vn -1.00000000 0.00000000 0.00000000
vn -1.00000000 0.00000000 0.00000000
vn -1.00000000 0.00000000 0.00000000
vn -0.92387953 0.00000000 -0.38268343
vn 0.57735027 -0.57735027 0.57735027
vn 0.76440354 -0.09787009 0.63726657
vn 0.67388734 -0.30290545 0.67388734
vn 0.70710678 0.00000000 -0.70710678
vn 0.70710678 0.00000000 -0.70710678
vn -0.92387953 0.00000000 0.38268343
vn -1.00000000 0.00000000 0.00000000
vn -1.00000000 0.00000000 0.00000000
vn -1.00000000 0.00000000 0.00000000
vn -0.92387953 0.00000000 -0.38268343
vn 0.70710678 0.00000000 0.70710678
vn 0.70710678 0.00000000 0.70710678
vn 0.70710678 0.00000000 -0.70710678
vn 0.70710678 0.00000000 -0.70710678
vn -0.87270352 -0.22567297 0.43296683
vn -1.00000000 0.00000000 0.00000000
vn -1.00000000 0.00000000 0.00000000
vn -1.00000000 0.00000000 0.00000000
vn -0.92387953 0.00000000 -0.38268343
vn 0.76440354 0.09787009 0.63726657
vn 0.67388734 0.30290545 0.67388734
vn 0.70710678 0.00000000 -0.70710678
vn 0.70710678 0.00000000 -0.70710678
vn -0.95177497 -0.10198709 0.28934935
vn -1.00000000 0.00000000 0.00000000
vn -1.00000000 0.00000000 0.00000000
vn -0.87270352 -0.22567297 -0.43296683
vn 0.87270352 0.22567297 0.43296683
vn 0.67388734 0.30290545 0.67388734
vn 0.57735027 0.57735027 0.57735027
vn 0.92387953 0.00000000 0.38268343
vn 0.70710678 0.00000000 -0.70710678
vn 0.70710678 0.00000000 -0.70710678
vn -0.87557868 -0.34158598 0.34158598
vn -0.92387953 -0.38268343 0.00000000
vn -0.87270352 -0.43296683 -0.22567297
vn 0.95177497 0.10198709 0.28934935
vn 0.67388734 0.30290545 0.67388734
vn 0.87270352 0.22567297 0.43296683
vn 0.67388734 0.30290545 -0.67388734
vn 0.67388734 0.30290545 -0.67388734
vn 0.88807383 0.32505758 0.32505758
vn 0.57735027 0.57735027 0.57735027
vn 0.57735027 0.57735027 0.57735027
vn 0.88807383 0.32505758 0.32505758
vn 0.57735027 0.57735027 -0.57735027
vn 0.57735027 0.57735027 -0.57735027
vn 0.57735027 0.57735027 -0.57735027
vn 0.71008577 0.58082451 0.39802147
vn 0.57735027 0.57735027 0.57735027
vn 0.57735027 0.57735027 0.57735027
vn 0.87270352 0.43296683 0.22567297
vn 0.67388734 0.67388734 -0.30290545
vn 0.67388734 0.67388734 -0.30290545
vn 0.70710678 0.70710678 0.00000000
vn 0.70710678 0.70710678 0.00000000
vn 0.70710678 0.70710678 0.00000000
vn 0.70710678 0.70710678 0.00000000
vn 0.70710678 0.70710678 0.00000000
vn 0.70710678 0.70710678 0.00000000
vn 0.67388734 0.67388734 0.30290545
vn 0.67388734 0.67388734 0.30290545
vn 0.87270352 -0.43296683 -0.22567297
vn 0.92387953 -0.38268343 0.00000000
vn 0.92387953 -0.38268343 0.00000000
vn 0.87270352 -0.43296683 0.22567297
vn 0.87270352 -0.22567297 -0.43296683
vn 1.00000000 0.00000000 0.00000000
vn 0.95177497 -0.28934935 -0.10198709
vn 0.95177497 -0.28934935 0.10198709
vn 1.00000000 0.00000000 0.00000000
vn 0.95177497 -0.28934935 0.10198709
vn 0.87270352 -0.43296683 0.22567297
vn 0.92387953 0.00000000 -0.38268343
vn 0.88807383 -0.32505758 -0.32505758
vn 0.57735027 -0.57735027 -0.57735027
vn 0.67388734 -0.67388734 -0.30290545
vn 0.67388734 -0.67388734 0.30290545
vn 0.88807383 -0.32505758 0.32505758
vn 0.57735027 -0.57735027 0.57735027
vn 1.00000000 0.00000000 0.00000000
vn 1.00000000 0.00000000 0.00000000
vn 0.87270352 -0.22567297 0.43296683
vn 0.76440354 -0.09787009 -0.63726657
vn 0.67388734 -0.30290545 -0.67388734
vn 0.57735027 -0.57735027 -0.57735027
vn 0.57735027 -0.57735027 0.57735027
vn 0.88807383 -0.32505758 0.32505758
vn 0.57735027 -0.57735027 0.57735027
vn 1.00000000 0.00000000 0.00000000
vn 0.95177497 -0.10198709 0.28934935
vn 0.70710678 0.00000000 -0.70710678
vn 0.70710678 0.00000000 -0.70710678
vn 0.57735027 -0.57735027 0.57735027
vn 0.95177497 -0.10198709 0.28934935
vn 0.67388734 -0.30290545 0.67388734
vn 1.00000000 0.00000000 0.00000000
vn 0.87270352 -0.22567297 0.43296683
vn 0.70710678 0.00000000 -0.70710678
vn 0.70710678 0.00000000 -0.70710678
vn 0.92387953 0.00000000 0.38268343
vn 0.70710678 0.00000000 0.70710678
vn 1.00000000 0.00000000 0.00000000
vn 0.92387953 0.00000000 0.38268343
vn 0.70710678 0.00000000 -0.70710678
vn 0.70710678 0.00000000 -0.70710678
vn 0.95177497 0.10198709 0.28934935
vn 0.67388734 0.30290545 0.67388734
vn 1.00000000 0.00000000 0.00000000
vn 0.87270352 0.22567297 0.43296683
vn 0.70710678 0.00000000 -0.70710678
vn 0.70710678 0.00000000 -0.70710678
vn 0.88807383 0.32505758 0.32505758
vn 0.57735027 0.57735027 0.57735027
vn 0.57735027 0.57735027 0.57735027
vn 1.00000000 0.00000000 0.00000000
vn 0.95177497 0.10198709 0.28934935
vn 0.76440354 0.09787009 -0.63726657
vn 0.67388734 0.30290545 -0.67388734
vn 0.88807383 0.32505758 0.32505758
vn 0.57735027 0.57735027 0.57735027
vn 0.57735027 0.57735027 0.57735027
vn 1.00000000 0.00000000 0.00000000
vn 1.00000000 0.00000000 0.00000000
vn 0.87270352 0.22567297 0.43296683
vn 0.87270352 0.22567297 -0.43296683
vn 0.67388734 0.67388734 -0.30290545
vn 0.95177497 0.28934935 -0.10198709
vn 0.70710678 0.70710678 0.00000000
vn 0.92387953 0.38268343 0.00000000
vn 0.67388734 0.67388734 0.30290545
vn 0.95177497 0.28934935 0.10198709
vn 1.00000000 0.00000000 0.00000000
vn 1.00000000 0.00000000 0.00000000
vn 0.88807383 0.32505758 0.32505758
vn 0.87270352 0.43296683 -0.22567297
vn 0.92387953 0.38268343 0.00000000
vn 0.92387953 0.38268343 0.00000000
vn 0.92387953 0.38268343 0.00000000
vn 0.87270352 0.43296683 0.22567297
vn 0.87270352 -0.43296683 -0.22567297
vn 0.87270352 -0.43296683 0.22567297
vn 0.87270352 -0.22567297 -0.43296683
vn 1.00000000 0.00000000 0.00000000
vn 1.00000000 0.00000000 0.00000000
vn 0.88807383 -0.32505758 0.32505758
vn 0.92387953 0.00000000 -0.38268343
vn 1.00000000 0.00000000 0.00000000
vn 1.00000000 0.00000000 0.00000000
vn 1.00000000 0.00000000 0.00000000
vn 0.87270352 -0.22567297 0.43296683
vn 0.92387953 0.00000000 -0.38268343
vn 1.00000000 0.00000000 0.00000000
vn 1.00000000 0.00000000 0.00000000
vn 1.00000000 0.00000000 0.00000000
vn 0.92387953 0.00000000 0.38268343
vn 0.92387953 0.00000000 -0.38268343
vn 1.00000000 0.00000000 0.00000000
vn 1.00000000 0.00000000 0.00000000
vn 1.00000000 0.00000000 0.00000000
vn 0.87270352 0.22567297 0.43296683
vn 0.92387953 0.00000000 -0.38268343
vn 1.00000000 0.00000000 0.00000000
vn 1.00000000 0.00000000 0.00000000
vn 0.88807383 0.32505758 0.32505758
vn 0.87557868 0.34158598 -0.34158598
vn 0.92387953 0.38268343 0.00000000
vn 0.87270352 0.43296683 0.22567297
f 3//3 2//2 1//1
f 5//5 4//4 1//1
f 5//5 1//1 2//2
f 6//6 4//4 5//5
f 9//9 8//8 7//7
f 7//7 8//8 3//3
f 1//1 7//7 3//3
f 10//10 7//7 1//1
f 11//11 1//1 4//4
f 10//10 1//1 11//11
f 4//4 6//6 12//12
f 13//13 4//4 12//12
f 11//11 4//4 13//13
f 14//14 13//13 12//12
f 9//9 7//7 15//15
f 9//9 15//15 16//16
f 17//17 7//7 10//10
f 15//15 7//7 17//17
f 18//18 10//10 11//11
f 17//17 10//10 18//18
f 19//19 11//11 13//13
f 18//18 11//11 19//19
f 13//13 14//14 20//20
f 21//21 13//13 20//20
f 19//19 13//13 21//21
f 22//22 21//21 20//20
f 16//16 15//15 23//23
f 16//16 23//23 24//24
f 25//25 15//15 17//17
f 23//23 15//15 25//25
f 26//26 17//17 18//18
f 25//25 17//17 26//26
f 27//27 18//18 19//19
f 26//26 18//18 27//27
f 28//28 19//19 21//21
f 27//27 19//19 28//28
f 21//21 22//22 29//29
f 21//21 29//29 28//28
f 24//24 23//23 30//30
f 24//24 30//30 31//31
f 32//32 23//23 25//25
f 30//30 23//23 32//32
f 33//33 25//25 26//26
f 32//32 25//25 33//33
f 34//34 26//26 27//27
f 33//33 26//26 34//34
f 35//35 27//27 28//28
f 34//34 27//27 35//35
f 28//28 29//29 36//36
f 28//28 36//36 35//35
f 31//31 30//30 37//37
f 31//31 37//37 38//38
f 39//39 30//30 32//32
f 37//37 30//30 39//39
f 40//40 32//32 33//33
f 39//39 32//32 40//40
f 41//41 33//33 34//34
f 40//40 33//33 41//41
f 35//35 43//43 42//42
f 41//41 35//35 42//42
f 34//34 35//35 41//41
f 43//43 35//35 36//36
f 38//38 37//37 44//44
f 38//38 44//44 45//45
f 46//46 37//37 39//39
f 44//44 37//37 46//46
f 47//47 39//39 40//40
f 46//46 39//39 47//47
f 41//41 49//49 48//48
f 47//47 41//41 48//48
f 40//40 41//41 47//47
f 49//49 41//41 42//42
f 50//50 45//45 44//44
f 50//50 44//44 46//46
f 50//50 46//46 51//51
f 51//51 46//46 47//47
f 51//51 47//47 52//52
f 52//52 47//47 48//48
f 55//55 54//54 53//53
f 57//57 56//56 53//53
f 57//57 53//53 54//54
f 59//59 58//58 56//56
f 59//59 56//56 57//57
f 61//61 60//60 58//58
f 61//61 58//58 59//59
f 62//62 60//60 61//61
f 65//65 64//64 63//63
f 63//63 64//64 55//55
f 53//53 63//63 55//55
f 66//66 63//63 53//53
f 67//67 53//53 56//56
f 66//66 53//53 67//67
f 68//68 56//56 58//58
f 67//67 56//56 68//68
f 69//69 58//58 60//60
f 68//68 58//58 69//69
f 60//60 62//62 70//70
f 71//71 60//60 70//70
f 69//69 60//60 71//71
f 73//73 72//72 71//71
f 73//73 71//71 70//70
f 74//74 72//72 73//73
f 65//65 63//63 75//75
f 65//65 75//75 76//76
f 77//77 63//63 66//66
f 75//75 63//63 77//77
f 3//3 77//77 2//2
f 77//77 67//67 2//2
f 77//77 66//66 67//67
f 2//2 67//67 5//5
f 5//5 67//67 68//68
f 5//5 68//68 6//6
f 68//68 78//78 6//6
f 68//68 69//69 78//78
f 79//79 69//69 71//71
f 78//78 69//69 79//79
f 80//80 71//71 72//72
f 79//79 71//71 80//80
f 72//72 74//74 81//81
f 82//82 72//72 81//81
f 80//80 72//72 82//82
f 83//83 82//82 81//81
f 76//76 75//75 84//84
f 76//76 84//84 85//85
f 9//9 84//84 8//8
f 84//84 77//77 8//8
f 84//84 75//75 77//77
f 8//8 77//77 3//3
f 78//78 12//12 6//6
f 12//12 78//78 14//14
f 78//78 86//86 14//14
f 78//78 79//79 86//86
f 87//87 79//79 80//80
f 86//86 79//79 87//87
f 88//88 80//80 82//82
f 87//87 80//80 88//88
f 82//82 83//83 89//89
f 82//82 89//89 88//88
f 85//85 84//84 90//90
f 85//85 90//90 91//91
f 16//16 90//90 9//9
f 9//9 90//90 84//84
f 86//86 20//20 14//14
f 20//20 86//86 22//22
f 86//86 92//92 22//22
f 86//86 87//87 92//92
f 93//93 87//87 88//88
f 92//92 87//87 93//93
f 88//88 89//89 94//94
f 95//95 88//88 94//94
f 93//93 88//88 95//95
f 96//96 95//95 94//94
f 91//91 90//90 97//97
f 91//91 97//97 98//98
f 24//24 97//97 16//16
f 16//16 97//97 90//90
f 99//99 29//29 92//92
f 92//92 29//29 22//22
f 100//100 92//92 93//93
f 99//99 92//92 100//100
f 101//101 93//93 95//95
f 100//100 93//93 101//101
f 95//95 96//96 102//102
f 95//95 102//102 101//101
f 98//98 97//97 103//103
f 98//98 103//103 104//104
f 31//31 103//103 24//24
f 24//24 103//103 97//97
f 105//105 36//36 99//99
f 99//99 36//36 29//29
f 106//106 99//99 100//100
f 105//105 99//99 106//106
f 107//107 100//100 101//101
f 106//106 100//100 107//107
f 101//101 102//102 108//108
f 101//101 108//108 107//107
f 104//104 103//103 109//109
f 104//104 109//109 110//110
f 38//38 109//109 31//31
f 31//31 109//109 103//103
f 111//111 42//42 43//43
f 36//36 105//105 43//43
f 105//105 111//111 43//43
f 105//105 112//112 111//111
f 113//113 105//105 106//106
f 112//112 105//105 113//113
f 107//107 115//115 114//114
f 113//113 107//107 114//114
f 106//106 107//107 113//113
f 115//115 107//107 108//108
f 110//110 109//109 116//116
f 110//110 116//116 117//117
f 45//45 116//116 38//38
f 38//38 116//116 109//109
f 118//118 48//48 49//49
f 42//42 111//111 49//49
f 111//111 118//118 49//49
f 111//111 119//119 118//118
f 120//120 111//111 112//112
f 119//119 111//111 120//120
f 121//121 112//112 113//113
f 120//120 112//112 121//121
f 113//113 114//114 122//122
f 113//113 122//122 121//121
f 117//117 116//116 123//123
f 117//117 123//123 124//124
f 50//50 125//125 45//45
f 125//125 116//116 45//45
f 125//125 123//123 116//116
f 51//51 126//126 50//50
f 50//50 126//126 125//125
f 52//52 127//127 51//51
f 51//51 127//127 126//126
f 48//48 118//118 52//52
f 118//118 127//127 52//52
f 118//118 128//128 127//127
f 129//129 118//118 119//119
f 128//128 118//118 129//129
f 130//130 119//119 120//120
f 129//129 119//119 130//130
f 121//121 132//132 131//131
f 130//130 121//121 131//131
f 120//120 121//121 130//130
f 132//132 121//121 122//122
f 133//133 124//124 123//123
f 135//135 134//134 133//133
f 123//123 135//135 133//133
f 125//125 135//135 123//123
f 136//136 125//125 126//126
f 135//135 125//125 136//136
f 137//137 126//126 127//127
f 136//136 126//126 137//137
f 138//138 127//127 128//128
f 137//137 127//127 138//138
f 139//139 128//128 129//129
f 138//138 128//128 139//139
f 130//130 141//141 140//140
f 139//139 130//130 140//140
f 129//129 130//130 139//139
f 141//141 130//130 131//131
f 142//142 134//134 135//135
f 142//142 135//135 136//136
f 142//142 136//136 143//143
f 143//143 136//136 137//137
f 143//143 137//137 144//144
f 144//144 137//137 138//138
f 144//144 138//138 145//145
f 145//145 138//138 139//139
f 145//145 139//139 146//146
f 146//146 139//139 140//140
f 149//149 148//148 147//147
f 151//151 150//150 147//147
f 151//151 147//147 148//148
f 153//153 152//152 150//150
f 153//153 150//150 151//151
f 155//155 154//154 152//152
f 155//155 152//152 153//153
f 157//157 156//156 154//154
f 157//157 154//154 155//155
f 158//158 156//156 157//157
f 161//161 160//160 159//159
f 159//159 160//160 149//149
f 159//159 149//149 147//147
f 55//55 159//159 147//147
f 54//54 55//55 147//147
f 54//54 147//147 57//57
f 57//57 147//147 150//150
f 57//57 150//150 59//59
f 59//59 150//150 152//152
f 59//59 152//152 61//61
f 61//61 152//152 154//154
f 61//61 154//154 62//62
f 154//154 162//162 62//62
f 154//154 156//156 162//162
f 156//156 158//158 163//163
f 164//164 156//156 163//163
f 162//162 156//156 164//164
f 165//165 164//164 163//163
f 168//168 167//167 166//166
f 166//166 167//167 161//161
f 166//166 161//161 159//159
f 65//65 166//166 159//159
f 64//64 65//65 159//159
f 64//64 159//159 55//55
f 162//162 70//70 62//62
f 70//70 162//162 73//73
f 73//73 162//162 164//164
f 170//170 169//169 74//74
f 170//170 74//74 73//73
f 165//165 170//170 73//73
f 164//164 165//165 73//73
f 172//172 171//171 169//169
f 172//172 169//169 170//170
f 173//173 171//171 172//172
f 168//168 166//166 174//174
f 168//168 174//174 175//175
f 76//76 174//174 65//65
f 65//65 174//174 166//166
f 178//178 177//177 176//176
f 180//180 179//179 176//176
f 176//176 179//179 178//178
f 182//182 181//181 180//180
f 180//180 181//181 179//179
f 182//182 183//183 181//181
f 169//169 81//81 74//74
f 81//81 169//169 83//83
f 169//169 184//184 83//83
f 169//169 171//171 184//184
f 171//171 173//173 185//185
f 171//171 185//185 184//184
f 175//175 174//174 186//186
f 175//175 186//186 187//187
f 85//85 186//186 76//76
f 76//76 186//186 174//174
f 176//176 177//177 188//188
f 188//188 177//177 189//189
f 176//176 190//190 180//180
f 176//176 188//188 190//190
f 180//180 191//191 182//182
f 180//180 190//190 191//191
f 183//183 182//182 192//192
f 182//182 193//193 192//192
f 182//182 191//191 193//193
f 193//193 194//194 192//192
f 195//195 89//89 184//184
f 184//184 89//89 83//83
f 184//184 185//185 196//196
f 197//197 184//184 196//196
f 195//195 184//184 197//197
f 198//198 197//197 196//196
f 187//187 186//186 199//199
f 187//187 199//199 200//200
f 91//91 199//199 85//85
f 85//85 199//199 186//186
f 203//203 202//202 201//201
f 203//203 201//201 189//189
f 201//201 188//188 189//189
f 201//201 204//204 188//188
f 188//188 205//205 190//190
f 188//188 204//204 205//205
f 190//190 206//206 191//191
f 190//190 205//205 206//206
f 191//191 207//207 193//193
f 191//191 206//206 207//207
f 194//194 193//193 208//208
f 208//208 193//193 207//207
f 195//195 94//94 89//89
f 94//94 195//195 96//96
f 195//195 209//209 96//96
f 195//195 197//197 209//209
f 197//197 198//198 210//210
f 197//197 210//210 209//209
f 200//200 199//199 211//211
f 200//200 211//211 212//212
f 98//98 211//211 91//91
f 91//91 211//211 199//199
f 201//201 202//202 213//213
f 213//213 202//202 214//214
f 201//201 215//215 204//204
f 201//201 213//213 215//215
f 204//204 216//216 205//205
f 204//204 215//215 216//216
f 205//205 217//217 206//206
f 205//205 216//216 217//217
f 206//206 218//218 207//207
f 206//206 217//217 218//218
f 208//208 207//207 219//219
f 207//207 220//220 219//219
f 207//207 218//218 220//220
f 220//220 221//221 219//219
f 222//222 102//102 209//209
f 209//209 102//102 96//96
f 209//209 210//210 223//223
f 209//209 223//223 222//222
f 212//212 211//211 224//224
f 212//212 224//224 225//225
f 104//104 224//224 98//98
f 98//98 224//224 211//211
f 213//213 214//214 226//226
f 226//226 214//214 227//227
f 213//213 228//228 215//215
f 213//213 226//226 228//228
f 215//215 229//229 216//216
f 215//215 228//228 229//229
f 216//216 230//230 217//217
f 216//216 229//229 230//230
f 217//217 231//231 218//218
f 217//217 230//230 231//231
f 233//233 220//220 232//232
f 220//220 231//231 232//232
f 220//220 218//218 231//231
f 220//220 233//233 221//221
f 234//234 108//108 222//222
f 222//222 108//108 102//102
f 222//222 223//223 235//235
f 222//222 235//235 234//234
f 225//225 224//224 236//236
f 225//225 236//236 237//237
f 110//110 236//236 104//104
f 104//104 236//236 224//224
f 227//227 238//238 226//226
f 240//240 239//239 238//238
f 239//239 226//226 238//238
f 239//239 228//228 226//226
f 228//228 241//241 229//229
f 228//228 239//239 241//241
f 229//229 242//242 230//230
f 229//229 241//241 242//242
f 230//230 243//243 231//231
f 230//230 242//242 243//243
f 232//232 231//231 244//244
f 244//244 231//231 243//243
f 245//245 114//114 115//115
f 108//108 234//234 115//115
f 234//234 245//245 115//115
f 234//234 246//246 245//245
f 234//234 235//235 247//247
f 234//234 247//247 246//246
f 237//237 236//236 248//248
f 237//237 248//248 249//249
f 117//117 248//248 110//110
f 110//110 248//248 236//236
f 239//239 240//240 250//250
f 250//250 240//240 251//251
f 239//239 252//252 241//241
f 239//239 250//250 252//252
f 241//241 253//253 242//242
f 241//241 252//252 253//253
f 255//255 243//243 254//254
f 243//243 253//253 254//254
f 243//243 242//242 253//253
f 243//243 255//255 244//244
f 256//256 122//122 245//245
f 245//245 122//122 114//114
f 257//257 245//245 246//246
f 256//256 245//245 257//257
f 246//246 247//247 258//258
f 246//246 258//258 257//257
f 249//249 248//248 259//259
f 249//249 259//259 260//260
f 124//124 259//259 117//117
f 117//117 259//259 248//248
f 251//251 261//261 250//250
f 250//250 261//261 252//252
f 252//252 261//261 262//262
f 252//252 262//262 253//253
f 253//253 262//262 263//263
f 253//253 263//263 254//254
f 264//264 131//131 132//132
f 122//122 256//256 132//132
f 256//256 264//264 132//132
f 256//256 265//265 264//264
f 257//257 267//267 266//266
f 265//265 257//257 266//266
f 256//256 257//257 265//265
f 267//267 257//257 258//258
f 268//268 260//260 259//259
f 270//270 268//268 269//269
f 269//269 268//268 133//133
f 268//268 259//259 133//133
f 259//259 124//124 133//133
f 134//134 269//269 133//133
f 271//271 140//140 141//141
f 131//131 264//264 141//141
f 264//264 271//271 141//141
f 264//264 272//272 271//271
f 265//265 274//274 273//273
f 272//272 265//265 273//273
f 264//264 265//265 272//272
f 274//274 265//265 266//266
f 270//270 269//269 275//275
f 270//270 275//275 276//276
f 142//142 277//277 134//134
f 277//277 269//269 134//134
f 277//277 275//275 269//269
f 143//143 278//278 142//142
f 142//142 278//278 277//277
f 144//144 279//279 143//143
f 143//143 279//279 278//278
f 145//145 280//280 144//144
f 144//144 280//280 279//279
f 146//146 281//281 145//145
f 145//145 281//281 280//280
f 282//282 281//281 146//146
f 282//282 146//146 140//140
f 283//283 282//282 140//140
f 271//271 283//283 140//140
f 283//283 271//271 272//272
f 283//283 272//272 284//284
f 284//284 272//272 273//273
f 285//285 276//276 275//275
f 287//287 286//286 285//285
f 275//275 287//287 285//285
f 277//277 287//287 275//275
f 278//278 289//289 288//288
f 287//287 278//278 288//288
f 277//277 278//278 287//287
f 289//289 278//278 279//279
f 289//289 279//279 290//290
f 290//290 279//279 280//280
f 290//290 280//280 291//291
f 291//291 280//280 281//281
f 291//291 281//281 292//292
f 292//292 281//281 282//282
f 293//293 286//286 287//287
f 293//293 287//287 288//288
f 296//296 295//295 294//294
f 298//298 297//297 294//294
f 298//298 294//294 295//295
f 300//300 299//299 297//297
f 300//300 297//297 298//298
f 302//302 301//301 299//299
f 302//302 299//299 300//300
f 304//304 303//303 301//301
f 304//304 301//301 302//302
f 306//306 305//305 303//303
f 306//306 303//303 304//304
f 308//308 307//307 305//305
f 308//308 305//305 306//306
f 309//309 307//307 308//308
f 296//296 294//294 310//310
f 296//296 310//310 311//311
f 149//149 310//310 148//148
f 310//310 297//297 148//148
f 310//310 294//294 297//297
f 148//148 297//297 151//151
f 151//151 297//297 299//299
f 151//151 299//299 153//153
f 153//153 299//299 301//301
f 153//153 301//301 155//155
f 155//155 301//301 303//303
f 155//155 303//303 157//157
f 157//157 303//303 305//305
f 157//157 305//305 158//158
f 305//305 312//312 158//158
f 305//305 307//307 312//312
f 307//307 309//309 313//313
f 314//314 307//307 313//313
f 312//312 307//307 314//314
f 315//315 314//314 313//313
f 318//318 317//317 316//316
f 316//316 317//317 311//311
f 316//316 311//311 310//310
f 161//161 316//316 310//310
f 160//160 161//161 310//310
f 160//160 310//310 149//149
f 321//321 320//320 319//319
f 319//319 322//322 321//321
f 312//312 163//163 158//158
f 163//163 312//312 165//165
f 312//312 323//323 165//165
f 312//312 314//314 323//323
f 314//314 315//315 324//324
f 325//325 314//314 324//324
f 323//323 314//314 325//325
f 327//327 326//326 325//325
f 327//327 325//325 324//324
f 328//328 326//326 327//327
f 331//331 330//330 329//329
f 329//329 330//330 318//318
f 329//329 318//318 316//316
f 168//168 329//329 316//316
f 167//167 168//168 316//316
f 167//167 316//316 161//161
f 319//319 320//320 332//332
f 332//332 320//320 333//333
f 322//322 319//319 334//334
f 319//319 335//335 334//334
f 319//319 332//332 335//335
f 337//337 336//336 335//335
f 335//335 336//336 334//334
f 337//337 338//338 336//336
f 323//323 170//170 165//165
f 170//170 323//323 172//172
f 172//172 323//323 325//325
f 172//172 325//325 173//173
f 325//325 339//339 173//173
f 325//325 326//326 339//339
f 326//326 328//328 340//340
f 341//341 326//326 340//340
f 339//339 326//326 341//341
f 342//342 341//341 340//340
f 331//331 329//329 343//343
f 331//331 343//343 344//344
f 175//175 343//343 168//168
f 168//168 343//343 329//329
f 347//347 346//346 345//345
f 347//347 345//345 333//333
f 333//333 345//345 332//332
f 345//345 177//177 332//332
f 177//177 178//178 332//332
f 332//332 178//178 179//179
f 332//332 179//179 335//335
f 335//335 179//179 181//181
f 335//335 181//181 337//337
f 349//349 348//348 183//183
f 183//183 348//348 181//181
f 348//348 338//338 181//181
f 338//338 337//337 181//181
f 351//351 350//350 349//349
f 349//349 350//350 348//348
f 351//351 352//352 350//350
f 353//353 185//185 339//339
f 339//339 185//185 173//173
f 354//354 339//339 341//341
f 353//353 339//339 354//354
f 341//341 342//342 355//355
f 341//341 355//355 354//354
f 344//344 343//343 356//356
f 344//344 356//356 357//357
f 187//187 356//356 175//175
f 175//175 356//356 343//343
f 345//345 346//346 358//358
f 358//358 346//346 359//359
f 358//358 189//189 177//177
f 358//358 177//177 345//345
f 192//192 349//349 183//183
f 349//349 192//192 194//194
f 360//360 349//349 194//194
f 351//351 349//349 360//360
f 352//352 351//351 361//361
f 351//351 362//362 361//361
f 351//351 360//360 362//362
f 362//362 363//363 361//361
f 353//353 196//196 185//185
f 196//196 353//353 198//198
f 353//353 364//364 198//198
f 353//353 354//354 364//364
f 354//354 355//355 365//365
f 354//354 365//365 364//364
f 357//357 356//356 366//366
f 357//357 366//366 367//367
f 200//200 366//366 187//187
f 187//187 366//366 356//356
f 370//370 369//369 368//368
f 370//370 368//368 359//359
f 359//359 368//368 358//358
f 368//368 202//202 358//358
f 202//202 203//203 358//358
f 358//358 203//203 189//189
f 208//208 371//371 360//360
f 208//208 360//360 194//194
f 360//360 372//372 362//362
f 360//360 371//371 372//372
f 363//363 362//362 373//373
f 373//373 362//362 372//372
f 374//374 210//210 364//364
f 364//364 210//210 198//198
f 364//364 365//365 375//375
f 364//364 375//375 374//374
f 367//367 366//366 376//376
f 367//367 376//376 377//377
f 212//212 376//376 200//200
f 200//200 376//376 366//366
f 368//368 369//369 378//378
f 378//378 369//369 379//379
f 378//378 214//214 202//202
f 378//378 202//202 368//368
f 219//219 371//371 208//208
f 371//371 219//219 221//221
f 380//380 371//371 221//221
f 372//372 371//371 380//380
f 373//373 372//372 381//381
f 381//381 372//372 380//380
f 382//382 223//223 374//374
f 374//374 223//223 210//210
f 374//374 375//375 383//383
f 374//374 383//383 382//382
f 377//377 376//376 384//384
f 377//377 384//384 385//385
f 225//225 384//384 212//212
f 212//212 384//384 376//376
f 378//378 379//379 386//386
f 386//386 379//379 387//387
f 386//386 227//227 214//214
f 386//386 214//214 378//378
f 232//232 388//388 233//233
f 380//380 221//221 233//233
f 388//388 380//380 233//233
f 389//389 380//380 388//388
f 381//381 380//380 390//390
f 390//390 380//380 389//389
f 391//391 235//235 382//382
f 382//382 235//235 223//223
f 382//382 383//383 392//392
f 382//382 392//392 391//391
f 385//385 384//384 393//393
f 385//385 393//393 394//394
f 237//237 393//393 225//225
f 225//225 393//393 384//384
f 387//387 395//395 386//386
f 395//395 397//397 396//396
f 395//395 396//396 238//238
f 386//386 395//395 238//238
f 227//227 386//386 238//238
f 396//396 240//240 238//238
f 244//244 398//398 388//388
f 244//244 388//388 232//232
f 388//388 399//399 389//389
f 388//388 398//398 399//399
f 390//390 389//389 400//400
f 400//400 389//389 399//399
f 401//401 247//247 391//391
f 391//391 247//247 235//235
f 391//391 392//392 402//402
f 391//391 402//402 401//401
f 394//394 393//393 403//403
f 394//394 403//403 404//404
f 249//249 403//403 237//237
f 237//237 403//403 393//393
f 396//396 397//397 405//405
f 405//405 397//397 406//406
f 405//405 251//251 240//240
f 405//405 240//240 396//396
f 254//254 407//407 255//255
f 398//398 244//244 255//255
f 407//407 398//398 255//255
f 408//408 398//398 407//407
f 410//410 399//399 409//409
f 399//399 408//408 409//409
f 399//399 398//398 408//408
f 399//399 410//410 400//400
f 411//411 258//258 401//401
f 401//401 258//258 247//247
f 401//401 402//402 412//412
f 401//401 412//412 411//411
f 404//404 403//403 413//413
f 404//404 413//413 414//414
f 260//260 413//413 249//249
f 249//249 413//413 403//403
f 405//405 406//406 415//415
f 415//415 406//406 416//416
f 417//417 261//261 251//251
f 405//405 417//417 251//251
f 415//415 417//417 405//405
f 418//418 262//262 261//261
f 418//418 261//261 417//417
f 419//419 263//263 262//262
f 419//419 262//262 418//418
f 419//419 420//420 263//263
f 263//263 420//420 254//254
f 420//420 421//421 254//254
f 421//421 407//407 254//254
f 407//407 421//421 408//408
f 408//408 421//421 422//422
f 408//408 422//422 409//409
f 423//423 266//266 267//267
f 258//258 411//411 267//267
f 411//411 423//423 267//267
f 411//411 424//424 423//423
f 411//411 412//412 425//425
f 411//411 425//425 424//424
f 426//426 414//414 413//413
f 428//428 426//426 427//427
f 427//427 426//426 268//268
f 426//426 413//413 268//268
f 413//413 260//260 268//268
f 270//270 427//427 268//268
f 416//416 429//429 415//415
f 431//431 430//430 429//429
f 430//430 415//415 429//429
f 430//430 417//417 415//415
f 417//417 432//432 418//418
f 417//417 430//430 432//432
f 434//434 419//419 433//433
f 419//419 432//432 433//433
f 419//419 418//418 432//432
f 419//419 434//434 420//420
f 435//435 273//273 274//274
f 266//266 423//423 274//274
f 423//423 435//435 274//274
f 423//423 436//436 435//435
f 424//424 438//438 437//437
f 436//436 424//424 437//437
f 423//423 424//424 436//436
f 438//438 424//424 425//425
f 428//428 427//427 439//439
f 428//428 439//439 440//440
f 276//276 439//439 270//270
f 270//270 439//439 427//427
f 431//431 441//441 430//430
f 430//430 441//441 432//432
f 432//432 441//441 442//442
f 432//432 442//442 433//433
f 443//443 282//282 283//283
f 284//284 444//444 283//283
f 283//283 444//444 443//443
f 445//445 444//444 284//284
f 445//445 284//284 273//273
f 446//446 445//445 273//273
f 435//435 446//446 273//273
f 446//446 435//435 436//436
f 446//446 436//436 447//447
f 447//447 436//436 437//437
f 448//448 440//440 439//439
f 450//450 448//448 449//449
f 449//449 448//448 285//285
f 448//448 439//439 285//285
f 439//439 276//276 285//285
f 286//286 449//449 285//285
f 451//451 288//288 289//289
f 290//290 452//452 289//289
f 289//289 452//452 451//451
f 291//291 453//453 290//290
f 290//290 453//453 452//452
f 292//292 454//454 291//291
f 291//291 454//454 453//453
f 282//282 443//443 292//292
f 443//443 454//454 292//292
f 443//443 455//455 454//454
f 444//444 457//457 456//456
f 455//455 444//444 456//456
f 443//443 444//444 455//455
f 457//457 444//444 445//445
f 458//458 450//450 449//449
f 460//460 458//458 459//459
f 459//459 458//458 293//293
f 458//458 449//449 293//293
f 449//449 286//286 293//293
f 288//288 451//451 293//293
f 451//451 459//459 293//293
f 451//451 461//461 459//459
f 462//462 451//451 452//452
f 461//461 451//451 462//462
f 463//463 452//452 453//453
f 462//462 452//452 463//463
f 454//454 465//465 464//464
f 463//463 454//454 464//464
f 453//453 454//454 463//463
f 465//465 454//454 455//455
f 465//465 455//455 466//466
f 466//466 455//455 456//456
f 467//467 460//460 459//459
f 467//467 459//459 461//461
f 467//467 461//461 468//468
f 468//468 461//461 462//462
f 468//468 462//462 469//469
f 469//469 462//462 463//463
f 469//469 463//463 470//470
f 470//470 463//463 464//464
f 473//473 472//472 471//471
f 475//475 474//474 471//471
f 475//475 471//471 472//472
f 477//477 476//476 474//474
f 477//477 474//474 475//475
f 479//479 478//478 476//476
f 479//479 476//476 477//477
f 481//481 480//480 478//478
f 481//481 478//478 479//479
f 482//482 480//480 481//481
f 484//484 483//483 295//295
f 484//484 295//295 296//296
f 471//471 298//298 473//473
f 298//298 483//483 473//473
f 298//298 295//295 483//483
f 298//298 471//471 300//300
f 300//300 471//471 474//474
f 300//300 474//474 302//302
f 302//302 474//474 476//476
f 302//302 476//476 304//304
f 304//304 476//476 478//478
f 304//304 478//478 306//306
f 306//306 478//478 480//480
f 482//482 485//485 480//480
f 485//485 306//306 480//480
f 485//485 308//308 306//306
f 487//487 486//486 309//309
f 308//308 487//487 309//309
f 485//485 487//487 308//308
f 488//488 486//486 487//487
f 491//491 490//490 489//489
f 490//490 484//484 489//489
f 484//484 311//311 489//489
f 484//484 296//296 311//311
f 494//494 493//493 492//492
f 496//496 495//495 492//492
f 492//492 495//495 494//494
f 496//496 497//497 495//495
f 486//486 313//313 309//309
f 499//499 498//498 315//315
f 499//499 315//315 313//313
f 488//488 499//499 313//313
f 486//486 488//488 313//313
f 501//501 500//500 498//498
f 501//501 498//498 499//499
f 502//502 500//500 501//501
f 505//505 504//504 503//503
f 503//503 504//504 491//491
f 503//503 491//491 489//489
f 318//318 503//503 489//489
f 317//317 318//318 489//489
f 317//317 489//489 311//311
f 508//508 507//507 506//506
f 508//508 506//506 493//493
f 493//493 506//506 492//492
f 506//506 320//320 492//492
f 320//320 321//321 492//492
f 492//492 321//321 322//322
f 509//509 492//492 322//322
f 496//496 492//492 509//509
f 497//497 496//496 510//510
f 496//496 511//511 510//510
f 496//496 509//509 511//511
f 513//513 512//512 511//511
f 511//511 512//512 510//510
f 513//513 514//514 512//512
f 498//498 324//324 315//315
f 324//324 498//498 327//327
f 327//327 498//498 500//500
f 516//516 515//515 328//328
f 516//516 328//328 327//327
f 502//502 516//516 327//327
f 500//500 502//502 327//327
f 517//517 515//515 516//516
f 505//505 503//503 330//330
f 331//331 505//505 330//330
f 518//518 505//505 331//331
f 330//330 503//503 318//318
f 521//521 520//520 519//519
f 521//521 519//519 507//507
f 519//519 506//506 507//507
f 519//519 522//522 506//506
f 522//522 333//333 320//320
f 522//522 320//320 506//506
f 334//334 509//509 322//322
f 509//509 334//334 336//336
f 509//509 336//336 511//511
f 511//511 336//336 338//338
f 523//523 511//511 338//338
f 513//513 511//511 523//523
f 514//514 513//513 524//524
f 513//513 525//525 524//524
f 513//513 523//523 525//525
f 527//527 526//526 525//525
f 525//525 526//526 524//524
f 527//527 528//528 526//526
f 515//515 340//340 328//328
f 342//342 340//340 515//515
f 517//517 342//342 515//515
f 529//529 342//342 517//517
f 344//344 518//518 331//331
f 344//344 530//530 518//518
f 519//519 520//520 531//531
f 531//531 520//520 532//532
f 531//531 346//346 347//347
f 522//522 531//531 347//347
f 519//519 531//531 522//522
f 522//522 347//347 333//333
f 348//348 523//523 338//338
f 523//523 348//348 350//350
f 523//523 350//350 525//525
f 525//525 350//350 352//352
f 533//533 525//525 352//352
f 527//527 525//525 533//533
f 528//528 527//527 534//534
f 527//527 535//535 534//534
f 527//527 533//533 535//535
f 535//535 536//536 534//534
f 529//529 355//355 342//342
f 537//537 355//355 529//529
f 357//357 530//530 344//344
f 357//357 538//538 530//530
f 531//531 532//532 539//539
f 539//539 532//532 540//540
f 539//539 359//359 346//346
f 539//539 346//346 531//531
f 361//361 533//533 352//352
f 533//533 361//361 363//363
f 541//541 533//533 363//363
f 535//535 533//533 541//541
f 536//536 535//535 542//542
f 542//542 535//535 541//541
f 537//537 365//365 355//355
f 543//543 365//365 537//537
f 367//367 538//538 357//357
f 367//367 544//544 538//538
f 547//547 546//546 545//545
f 547//547 545//545 540//540
f 540//540 545//545 539//539
f 545//545 369//369 539//539
f 369//369 370//370 539//539
f 539//539 370//370 359//359
f 373//373 548//548 541//541
f 373//373 541//541 363//363
f 542//542 541//541 549//549
f 549//549 541//541 548//548
f 543//543 375//375 365//365
f 550//550 375//375 543//543
f 377//377 544//544 367//367
f 377//377 551//551 544//544
f 545//545 546//546 552//552
f 552//552 546//546 553//553
f 552//552 379//379 369//369
f 552//552 369//369 545//545
f 381//381 554//554 548//548
f 381//381 548//548 373//373
f 549//549 548//548 555//555
f 555//555 548//548 554//554
f 550//550 383//383 375//375
f 556//556 383//383 550//550
f 385//385 551//551 377//377
f 385//385 557//557 551//551
f 552//552 553//553 558//558
f 558//558 553//553 559//559
f 558//558 387//387 379//379
f 558//558 379//379 552//552
f 390//390 560//560 554//554
f 390//390 554//554 381//381
f 555//555 554//554 561//561
f 561//561 554//554 560//560
f 556//556 392//392 383//383
f 562//562 392//392 556//556
f 394//394 557//557 385//385
f 394//394 563//563 557//557
f 559//559 564//564 558//558
f 564//564 566//566 565//565
f 564//564 565//565 395//395
f 558//558 564//564 395//395
f 387//387 558//558 395//395
f 565//565 397//397 395//395
f 400//400 567//567 560//560
f 400//400 560//560 390//390
f 561//561 560//560 568//568
f 568//568 560//560 567//567
f 562//562 402//402 392//392
f 569//569 402//402 562//562
f 404//404 563//563 394//394
f 404//404 570//570 563//563
f 565//565 566//566 571//571
f 571//571 566//566 572//572
f 571//571 406//406 397//397
f 571//571 397//397 565//565
f 409//409 573//573 410//410
f 567//567 400//400 410//410
f 573//573 567//567 410//410
f 574//574 567//567 573//573
f 568//568 567//567 575//575
f 575//575 567//567 574//574
f 569//569 412//412 402//402
f 576//576 412//412 569//569
f 414//414 570//570 404//404
f 414//414 577//577 570//570
f 571//571 572//572 578//578
f 578//578 572//572 579//579
f 578//578 416//416 406//406
f 578//578 406//406 571//571
f 420//420 580//580 421//421
f 581//581 422//422 421//421
f 581//581 421//421 580//580
f 573//573 409//409 422//422
f 581//581 573//573 422//422
f 582//582 573//573 581//581
f 584//584 574//574 583//583
f 574//574 582//582 583//583
f 574//574 573//573 582//582
f 574//574 584//584 575//575
f 576//576 425//425 412//412
f 585//585 425//425 576//576
f 414//414 426//426 586//586
f 587//587 414//414 586//586
f 577//577 414//414 587//587
f 428//428 586//586 426//426
f 579//579 588//588 578//578
f 588//588 590//590 589//589
f 588//588 589//589 429//429
f 578//578 588//588 429//429
f 416//416 578//578 429//429
f 589//589 431//431 429//429
f 433//433 591//591 434//434
f 580//580 420//420 434//434
f 591//591 580//580 434//434
f 592//592 580//580 591//591
f 580//580 593//593 581//581
f 580//580 592//592 593//593
f 595//595 582//582 594//594
f 582//582 593//593 594//594
f 582//582 581//581 593//593
f 582//582 595//595 583//583
f 596//596 437//437 438//438
f 597//597 596//596 438//438
f 425//425 597//597 438//438
f 585//585 597//597 425//425
f 598//598 587//587 586//586
f 586//586 428//428 598//598
f 428//428 599//599 598//598
f 428//428 440//440 599//599
f 590//590 600//600 589//589
f 600//600 602//602 601//601
f 600//600 601//601 441//441
f 589//589 600//600 441//441
f 431//431 589//589 441//441
f 603//603 442//442 441//441
f 603//603 441//441 601//601
f 591//591 433//433 442//442
f 603//603 591//591 442//442
f 604//604 591//591 603//603
f 606//606 592//592 605//605
f 592//592 604//604 605//605
f 592//592 591//591 604//604
f 592//592 606//606 593//593
f 593//593 606//606 607//607
f 593//593 607//607 594//594
f 608//608 445//445 446//446
f 447//447 609//609 446//446
f 446//446 609//609 608//608
f 610//610 609//609 447//447
f 610//610 447//447 437//437
f 611//611 610//610 437//437
f 596//596 611//611 437//437
f 611//611 596//596 597//597
f 440//440 448//448 612//612
f 613//613 440//440 612//612
f 599//599 440//440 613//613
f 450//450 612//612 448//448
f 602//602 614//614 601//601
f 601//601 614//614 603//603
f 603//603 614//614 615//615
f 603//603 615//615 604//604
f 604//604 615//615 616//616
f 604//604 616//616 605//605
f 617//617 456//456 457//457
f 618//618 617//617 457//457
f 618//618 457//457 445//445
f 619//619 618//618 445//445
f 608//608 619//619 445//445
f 619//619 608//608 609//609
f 619//619 609//609 620//620
f 620//620 609//609 610//610
f 621//621 613//613 612//612
f 623//623 621//621 622//622
f 622//622 621//621 458//458
f 621//621 612//612 458//458
f 612//612 450//450 458//458
f 460//460 622//622 458//458
f 624//624 464//464 465//465
f 466//466 625//625 465//465
f 465//465 625//625 624//624
f 626//626 625//625 466//466
f 626//626 466//466 456//456
f 627//627 626//626 456//456
f 617//617 627//627 456//456
f 627//627 617//617 618//618
f 628//628 623//623 622//622
f 628//628 622//622 460//460
f 467//467 628//628 460//460
f 629//629 628//628 467//467
f 630//630 467//467 468//468
f 630//630 629//629 467//467
f 631//631 468//468 469//469
f 631//631 630//630 468//468
f 632//632 469//469 470//470
f 632//632 631//631 469//469
f 470//470 464//464 624//624
f 633//633 470//470 624//624
f 632//632 470//470 633//633
f 633//633 624//624 625//625
f 633//633 625//625 634//634
f 634//634 625//625 626//626
f 637//637 636//636 635//635
f 639//639 638//638 635//635
f 639//639 635//635 636//636
f 641//641 640//640 638//638
f 641//641 638//638 639//639
f 643//643 642//642 640//640
f 643//643 640//640 641//641
f 644//644 642//642 643//643
f 647//647 646//646 645//645
f 645//645 646//646 637//637
f 645//645 637//637 635//635
f 473//473 645//645 635//635
f 472//472 473//473 635//635
f 472//472 635//635 475//475
f 475//475 635//635 638//638
f 475//475 638//638 477//477
f 477//477 638//638 640//640
f 477//477 640//640 479//479
f 479//479 640//640 642//642
f 644//644 648//648 642//642
f 648//648 479//479 642//642
f 648//648 481//481 479//479
f 650//650 649//649 482//482
f 481//481 650//650 482//482
f 648//648 650//650 481//481
f 652//652 651//651 649//649
f 652//652 649//649 650//650
f 653//653 651//651 652//652
f 656//656 655//655 654//654
f 654//654 655//655 647//647
f 654//654 647//647 645//645
f 484//484 654//654 645//645
f 483//483 484//484 645//645
f 483//483 645//645 473//473
f 659//659 658//658 657//657
f 657//657 660//660 659//659
f 649//649 485//485 482//482
f 485//485 649//649 487//487
f 487//487 649//649 651//651
f 662//662 661//661 488//488
f 662//662 488//488 487//487
f 653//653 662//662 487//487
f 651//651 653//653 487//487
f 664//664 663//663 661//661
f 664//664 661//661 662//662
f 665//665 663//663 664//664
f 668//668 667//667 666//666
f 666//666 667//667 656//656
f 666//666 656//656 654//654
f 491//491 666//666 654//654
f 490//490 491//491 654//654
f 490//490 654//654 484//484
f 671//671 670//670 669//669
f 671//671 669//669 658//658
f 658//658 669//669 657//657
f 669//669 493//493 657//657
f 493//493 494//494 657//657
f 672//672 660//660 657//657
f 494//494 672//672 657//657
f 495//495 672//672 494//494
f 674//674 673//673 497//497
f 673//673 495//495 497//497
f 673//673 672//672 495//495
f 676//676 675//675 674//674
f 674//674 675//675 673//673
f 676//676 677//677 675//675
f 661//661 499//499 488//488
f 499//499 661//661 501//501
f 501//501 661//661 663//663
f 679//679 678//678 502//502
f 679//679 502//502 501//501
f 665//665 679//679 501//501
f 663//663 665//665 501//501
f 680//680 678//678 679//679
f 668//668 666//666 504//504
f 505//505 668//668 504//504
f 681//681 668//668 505//505
f 504//504 666//666 491//491
f 684//684 683//683 682//682
f 684//684 682//682 670//670
f 670//670 682//682 669//669
f 682//682 507//507 669//669
f 507//507 508//508 669//669
f 669//669 508//508 493//493
f 510//510 674//674 497//497
f 674//674 510//510 512//512
f 674//674 512//512 676//676
f 686//686 685//685 514//514
f 514//514 685//685 512//512
f 685//685 677//677 512//512
f 677//677 676//676 512//512
f 688//688 687//687 686//686
f 686//686 687//687 685//685
f 688//688 689//689 687//687
f 678//678 516//516 502//502
f 517//517 516//516 678//678
f 680//680 517//517 678//678
f 690//690 517//517 680//680
f 518//518 681//681 505//505
f 518//518 691//691 681//681
f 682//682 683//683 521//521
f 683//683 520//520 521//521
f 683//683 692//692 520//520
f 682//682 521//521 507//507
f 524//524 686//686 514//514
f 686//686 524//524 526//526
f 686//686 526//526 688//688
f 694//694 693//693 528//528
f 528//528 693//693 526//526
f 693//693 689//689 526//526
f 689//689 688//688 526//526
f 694//694 695//695 693//693
f 690//690 529//529 517//517
f 696//696 529//529 690//690
f 530//530 691//691 518//518
f 530//530 697//697 691//691
f 700//700 699//699 698//698
f 692//692 700//700 698//698
f 532//532 692//692 698//698
f 520//520 692//692 532//532
f 534//534 694//694 528//528
f 534//534 536//536 694//694
f 536//536 695//695 694//694
f 536//536 701//701 695//695
f 696//696 537//537 529//529
f 702//702 537//537 696//696
f 538//538 697//697 530//530
f 538//538 703//703 697//697
f 698//698 699//699 704//704
f 704//704 699//699 705//705
f 704//704 540//540 532//532
f 704//704 532//532 698//698
f 542//542 707//707 706//706
f 701//701 542//542 706//706
f 536//536 542//542 701//701
f 707//707 708//708 706//706
f 702//702 543//543 537//537
f 709//709 543//543 702//702
f 544//544 703//703 538//538
f 544//544 710//710 703//703
f 704//704 705//705 547//547
f 705//705 546//546 547//547
f 705//705 711//711 546//546
f 704//704 547//547 540//540
f 549//549 712//712 707//707
f 549//549 707//707 542//542
f 708//708 707//707 713//713
f 713//713 707//707 712//712
f 709//709 550//550 543//543
f 714//714 550//550 709//709
f 551//551 710//710 544//544
f 551//551 715//715 710//710
f 711//711 553//553 546//546
f 716//716 553//553 711//711
f 555//555 717//717 712//712
f 555//555 712//712 549//549
f 713//713 712//712 718//718
f 718//718 712//712 717//717
f 714//714 556//556 550//550
f 719//719 556//556 714//714
f 557//557 715//715 551//551
f 557//557 720//720 715//715
f 716//716 559//559 553//553
f 721//721 559//559 716//716
f 561//561 722//722 717//717
f 561//561 717//717 555//555
f 718//718 717//717 723//723
f 723//723 717//717 722//722
f 719//719 562//562 556//556
f 724//724 562//562 719//719
f 563//563 720//720 557//557
f 563//563 725//725 720//720
f 564//564 559//559 726//726
f 559//559 727//727 726//726
f 559//559 721//721 727//727
f 726//726 566//566 564//564
f 568//568 728//728 722//722
f 568//568 722//722 561//561
f 723//723 722//722 729//729
f 729//729 722//722 728//728
f 724//724 569//569 562//562
f 730//730 569//569 724//724
f 570//570 725//725 563//563
f 570//570 731//731 725//725
f 726//726 727//727 732//732
f 732//732 727//727 733//733
f 732//732 572//572 566//566
f 732//732 566//566 726//726
f 735//735 734//734 728//728
f 568//568 735//735 728//728
f 575//575 735//735 568//568
f 728//728 734//734 729//729
f 730//730 576//576 569//569
f 736//736 576//576 730//730
f 577//577 731//731 570//570
f 577//577 737//737 731//731
f 733//733 738//738 732//732
f 572//572 732//732 738//738
f 739//739 572//572 738//738
f 579//579 572//572 739//739
f 583//583 740//740 584//584
f 740//740 741//741 584//584
f 741//741 575//575 584//584
f 741//741 735//735 575//575
f 736//736 585//585 576//576
f 742//742 585//585 736//736
f 587//587 737//737 577//577
f 587//587 743//743 737//737
f 588//588 579//579 744//744
f 579//579 745//745 744//744
f 579//579 739//739 745//745
f 744//744 590//590 588//588
f 594//594 746//746 595//595
f 746//746 747//747 595//595
f 595//595 747//747 583//583
f 747//747 748//748 583//583
f 748//748 740//740 583//583
f 740//740 748//748 741//741
f 742//742 597//597 585//585
f 749//749 597//597 742//742
f 587//587 598//598 750//750
f 751//751 587//587 750//750
f 743//743 587//587 751//751
f 599//599 750//750 598//598
f 745//745 752//752 744//744
f 752//752 754//754 753//753
f 752//752 753//753 600//600
f 744//744 752//752 600//600
f 590//590 744//744 600//600
f 753//753 602//602 600//600
f 605//605 755//755 606//606
f 606//606 755//755 756//756
f 757//757 606//606 756//756
f 607//607 606//606 757//757
f 594//594 607//607 746//746
f 607//607 758//758 746//746
f 607//607 757//757 758//758
f 746//746 758//758 747//747
f 759//759 610//610 611//611
f 760//760 759//759 611//611
f 597//597 760//760 611//611
f 749//749 760//760 597//597
f 761//761 751//751 750//750
f 750//750 599//599 761//761
f 599//599 762//762 761//761
f 599//599 613//613 762//762
f 754//754 763//763 753//753
f 763//763 765//765 764//764
f 763//763 764//764 614//614
f 753//753 763//763 614//614
f 602//602 753//753 614//614
f 766//766 615//615 614//614
f 766//766 614//614 764//764
f 767//767 616//616 615//615
f 767//767 615//615 766//766
f 767//767 768//768 616//616
f 616//616 768//768 605//605
f 768//768 769//769 605//605
f 769//769 755//755 605//605
f 755//755 769//769 756//756
f 770//770 618//618 619//619
f 620//620 771//771 619//619
f 619//619 771//771 770//770
f 772//772 771//771 620//620
f 772//772 620//620 610//610
f 773//773 772//772 610//610
f 759//759 773//773 610//610
f 773//773 759//759 760//760
f 774//774 762//762 613//613
f 774//774 613//613 621//621
f 621//621 623//623 774//774
f 774//774 623//623 775//775
f 765//765 776//776 764//764
f 764//764 776//776 766//766
f 766//766 776//776 777//777
f 766//766 777//777 767//767
f 767//767 777//777 778//778
f 767//767 778//778 768//768
f 779//779 626//626 627//627
f 780//780 779//779 627//627
f 780//780 627//627 618//618
f 781//781 780//780 618//618
f 770//770 781//781 618//618
f 781//781 770//770 771//771
f 781//781 771//771 782//782
f 782//782 771//771 772//772
f 783//783 775//775 623//623
f 783//783 623//623 628//628
f 785//785 783//783 784//784
f 783//783 629//629 784//784
f 783//783 628//628 629//629
f 630//630 786//786 629//629
f 629//629 786//786 784//784
f 631//631 787//787 630//630
f 630//630 787//787 786//786
f 632//632 788//788 631//631
f 631//631 788//788 787//787
f 633//633 789//789 632//632
f 632//632 789//789 788//788
f 789//789 633//633 790//790
f 633//633 791//791 790//790
f 633//633 634//634 791//791
f 634//634 626//626 779//779
f 792//792 634//634 779//779
f 791//791 634//634 792//792
f 792//792 779//779 780//780
f 793//793 785//785 784//784
f 793//793 784//784 786//786
f 793//793 786//786 794//794
f 794//794 786//786 787//787
f 794//794 787//787 795//795
f 795//795 787//787 788//788
f 795//795 788//788 796//796
f 796//796 788//788 789//789
f 796//796 789//789 797//797
f 797//797 789//789 790//790
f 800//800 799//799 798//798
f 636//636 637//637 798//798
f 799//799 636//636 798//798
f 801//801 636//636 799//799
f 636//636 802//802 639//639
f 801//801 802//802 636//636
f 639//639 803//803 641//641
f 802//802 803//803 639//639
f 641//641 804//804 643//643
f 803//803 804//804 641//641
f 806//806 805//805 644//644
f 643//643 806//806 644//644
f 804//804 806//806 643//643
f 807//807 805//805 806//806
f 810//810 809//809 808//808
f 808//808 809//809 800//800
f 808//808 800//800 798//798
f 647//647 808//808 798//798
f 646//646 647//647 798//798
f 646//646 798//798 637//637
f 805//805 648//648 644//644
f 807//807 811//811 805//805
f 811//811 648//648 805//805
f 811//811 650//650 648//648
f 650//650 812//812 652//652
f 811//811 812//812 650//650
f 814//814 813//813 653//653
f 652//652 814//814 653//653
f 812//812 814//814 652//652
f 815//815 813//813 814//814
f 810//810 808//808 655//655
f 656//656 810//810 655//655
f 816//816 810//810 656//656
f 655//655 808//808 647//647
f 819//819 818//818 817//817
f 658//658 659//659 817//817
f 659//659 819//819 817//817
f 659//659 820//820 819//819
f 822//822 821//821 660//660
f 821//821 659//659 660//660
f 821//821 820//820 659//659
f 824//824 823//823 822//822
f 822//822 823//823 821//821
f 824//824 825//825 823//823
f 813//813 662//662 653//653
f 815//815 826//826 813//813
f 826//826 662//662 813//813
f 826//826 664//664 662//662
f 828//828 827//827 665//665
f 664//664 828//828 665//665
f 826//826 828//828 664//664
f 829//829 827//827 828//828
f 831//831 830//830 667//667
f 831//831 667//667 668//668
f 656//656 667//667 816//816
f 816//816 667//667 830//830
f 834//834 833//833 832//832
f 834//834 832//832 818//818
f 818//818 832//832 817//817
f 832//832 670//670 817//817
f 670//670 671//671 817//817
f 817//817 671//671 658//658
f 672//672 822//822 660//660
f 822//822 672//672 673//673
f 822//822 673//673 824//824
f 835//835 825//825 824//824
f 673//673 835//835 824//824
f 675//675 835//835 673//673
f 837//837 836//836 677//677
f 836//836 675//675 677//677
f 836//836 835//835 675//675
f 837//837 838//838 836//836
f 827//827 679//679 665//665
f 680//680 679//679 827//827
f 829//829 680//680 827//827
f 839//839 680//680 829//829
f 681//681 831//831 668//668
f 681//681 840//840 831//831
f 832//832 833//833 684//684
f 833//833 683//683 684//684
f 833//833 841//841 683//683
f 832//832 684//684 670//670
f 685//685 837//837 677//677
f 842//842 838//838 837//837
f 685//685 842//842 837//837
f 687//687 842//842 685//685
f 844//844 843//843 689//689
f 843//843 687//687 689//689
f 843//843 842//842 687//687
f 844//844 845//845 843//843
f 839//839 690//690 680//680
f 846//846 690//690 839//839
f 691//691 840//840 681//681
f 691//691 847//847 840//840
f 850//850 849//849 848//848
f 841//841 850//850 848//848
f 692//692 841//841 848//848
f 683//683 841//841 692//692
f 693//693 844//844 689//689
f 693//693 695//695 844//844
f 695//695 845//845 844//844
f 695//695 851//851 845//845
f 846//846 696//696 690//690
f 852//852 696//696 846//846
f 697//697 847//847 691//691
f 697//697 853//853 847//847
f 848//848 849//849 700//700
f 849//849 699//699 700//700
f 849//849 854//854 699//699
f 848//848 700//700 692//692
f 701//701 856//856 855//855
f 851//851 701//701 855//855
f 695//695 701//701 851//851
f 856//856 857//857 855//855
f 852//852 702//702 696//696
f 858//858 702//702 852//852
f 703//703 853//853 697//697
f 703//703 859//859 853//853
f 854//854 705//705 699//699
f 860//860 705//705 854//854
f 706//706 856//856 701//701
f 706//706 708//708 856//856
f 708//708 857//857 856//856
f 708//708 861//861 857//857
f 858//858 709//709 702//702
f 862//862 709//709 858//858
f 710//710 859//859 703//703
f 710//710 863//863 859//859
f 860//860 711//711 705//705
f 864//864 711//711 860//860
f 713//713 861//861 708//708
f 713//713 865//865 861//861
f 867//867 714//714 866//866
f 714//714 862//862 866//866
f 714//714 709//709 862//862
f 868//868 867//867 866//866
f 715//715 863//863 710//710
f 715//715 869//869 863//863
f 864//864 716//716 711//711
f 870//870 716//716 864//864
f 718//718 865//865 713//713
f 718//718 871//871 865//865
f 872//872 719//719 867//867
f 867//867 719//719 714//714
f 867//867 868//868 873//873
f 867//867 873//873 872//872
f 720//720 869//869 715//715
f 720//720 874//874 869//869
f 870//870 721//721 716//716
f 875//875 721//721 870//870
f 723//723 871//871 718//718
f 723//723 876//876 871//871
f 877//877 724//724 872//872
f 872//872 724//724 719//719
f 872//872 873//873 878//878
f 872//872 878//878 877//877
f 725//725 874//874 720//720
f 725//725 879//879 874//874
f 875//875 727//727 721//721
f 880//880 727//727 875//875
f 729//729 876//876 723//723
f 729//729 881//881 876//876
f 883//883 882//882 877//877
f 882//882 724//724 877//877
f 882//882 730//730 724//724
f 883//883 877//877 878//878
f 731//731 879//879 725//725
f 731//731 884//884 879//879
f 880//880 733//733 727//727
f 885//885 733//733 880//880
f 735//735 886//886 734//734
f 886//886 887//887 734//734
f 887//887 729//729 734//734
f 887//887 881//881 729//729
f 882//882 736//736 730//730
f 888//888 736//736 882//882
f 737//737 884//884 731//731
f 737//737 889//889 884//884
f 738//738 733//733 890//890
f 733//733 891//891 890//890
f 733//733 885//885 891//891
f 890//890 739//739 738//738
f 893//893 892//892 886//886
f 735//735 893//893 886//886
f 741//741 893//893 735//735
f 886//886 892//892 887//887
f 888//888 742//742 736//736
f 894//894 742//742 888//888
f 743//743 889//889 737//737
f 743//743 895//895 889//889
f 891//891 896//896 890//890
f 739//739 890//890 896//896
f 897//897 739//739 896//896
f 745//745 739//739 897//897
f 747//747 898//898 748//748
f 898//898 899//899 748//748
f 899//899 741//741 748//748
f 899//899 893//893 741//741
f 894//894 749//749 742//742
f 900//900 749//749 894//894
f 751//751 895//895 743//743
f 751//751 901//901 895//895
f 752//752 745//745 902//902
f 745//745 903//903 902//902
f 745//745 897//897 903//903
f 902//902 754//754 752//752
f 756//756 904//904 757//757
f 905//905 758//758 757//757
f 905//905 757//757 904//904
f 905//905 906//906 758//758
f 758//758 906//906 747//747
f 906//906 907//907 747//747
f 907//907 898//898 747//747
f 898//898 907//907 899//899
f 900//900 760//760 749//749
f 908//908 760//760 900//900
f 751//751 761//761 909//909
f 910//910 751//751 909//909
f 901//901 751//751 910//910
f 762//762 909//909 761//761
f 903//903 911//911 902//902
f 911//911 913//913 912//912
f 911//911 912//912 763//763
f 902//902 911//911 763//763
f 754//754 902//902 763//763
f 912//912 765//765 763//763
f 768//768 914//914 769//769
f 914//914 915//915 769//769
f 769//769 915//915 756//756
f 915//915 916//916 756//756
f 916//916 904//904 756//756
f 904//904 916//916 905//905
f 905//905 916//916 917//917
f 905//905 917//917 906//906
f 918//918 772//772 773//773
f 919//919 918//918 773//773
f 760//760 919//919 773//773
f 908//908 919//919 760//760
f 920//920 910//910 909//909
f 922//922 920//920 921//921
f 921//921 920//920 774//774
f 920//920 909//909 774//774
f 909//909 762//762 774//774
f 775//775 921//921 774//774
f 913//913 923//923 912//912
f 912//912 923//923 765//765
f 923//923 776//776 765//765
f 923//923 924//924 776//776
f 776//776 925//925 777//777
f 924//924 925//925 776//776
f 777//777 926//926 778//778
f 925//925 926//926 777//777
f 768//768 778//778 914//914
f 778//778 927//927 914//914
f 778//778 926//926 927//927
f 914//914 927//927 915//915
f 928//928 780//780 781//781
f 928//928 781//781 929//929
f 781//781 930//930 929//929
f 781//781 782//782 930//930
f 782//782 772//772 918//918
f 931//931 782//782 918//918
f 930//930 782//782 931//931
f 931//931 918//918 919//919
f 932//932 922//922 921//921
f 934//934 932//932 933//933
f 933//933 932//932 783//783
f 932//932 921//921 783//783
f 921//921 775//775 783//783
f 785//785 933//933 783//783
f 935//935 790//790 791//791
f 935//935 791//791 936//936
f 791//791 937//937 936//936
f 791//791 792//792 937//937
f 792//792 780//780 928//928
f 938//938 792//792 928//928
f 937//937 792//792 938//938
f 938//938 928//928 929//929
f 939//939 934//934 933//933
f 939//939 933//933 785//785
f 793//793 939//939 785//785
f 940//940 939//939 793//793
f 941//941 793//793 794//794
f 941//941 940//940 793//793
f 942//942 794//794 795//795
f 942//942 941//941 794//794
f 943//943 795//795 796//796
f 943//943 942//942 795//795
f 944//944 796//796 797//797
f 944//944 943//943 796//796
f 797//797 790//790 935//935
f 945//945 797//797 935//935
f 944//944 797//797 945//945
f 945//945 935//935 936//936
f 948//948 947//947 946//946
f 950//950 949//949 946//946
f 950//950 946//946 947//947
f 952//952 951//951 949//949
f 952//952 949//949 950//950
f 953//953 951//951 952//952
f 955//955 954//954 799//799
f 955//955 799//799 800//800
f 946//946 801//801 948//948
f 801//801 954//954 948//948
f 801//801 799//799 954//954
f 801//801 946//946 802//802
f 802//802 946//946 949//949
f 802//802 949//949 803//803
f 803//803 949//949 951//951
f 953//953 956//956 951//951
f 956//956 803//803 951//951
f 956//956 804//804 803//803
f 804//804 957//957 806//806
f 956//956 957//957 804//804
f 959//959 958//958 807//807
f 806//806 959//959 807//807
f 957//957 959//959 806//806
f 960//960 958//958 959//959
f 962//962 961//961 809//809
f 962//962 809//809 810//810
f 800//800 809//809 955//955
f 955//955 809//809 961//961
f 965//965 964//964 963//963
f 963//963 966//966 965//965
f 958//958 811//811 807//807
f 960//960 967//967 958//958
f 967//967 811//811 958//958
f 967//967 812//812 811//811
f 812//812 968//968 814//814
f 967//967 968//968 812//812
f 970//970 969//969 815//815
f 814//814 970//970 815//815
f 968//968 970//970 814//814
f 971//971 969//969 970//970
f 974//974 973//973 972//972
f 973//973 962//962 972//972
f 962//962 816//816 972//972
f 962//962 810//810 816//816
f 976//976 975//975 819//819
f 819//819 975//975 818//818
f 977//977 819//819 820//820
f 977//977 976//976 819//819
f 821//821 963//963 964//964
f 977//977 821//821 964//964
f 820//820 821//821 977//977
f 978//978 966//966 963//963
f 821//821 978//978 963//963
f 823//823 978//978 821//821
f 980//980 979//979 825//825
f 979//979 823//823 825//825
f 979//979 978//978 823//823
f 982//982 981//981 980//980
f 980//980 981//981 979//979
f 982//982 983//983 981//981
f 969//969 826//826 815//815
f 971//971 984//984 969//969
f 984//984 826//826 969//969
f 984//984 828//828 826//826
f 829//829 828//828 984//984
f 829//829 984//984 985//985
f 974//974 972//972 830//830
f 831//831 974//974 830//830
f 986//986 974//974 831//831
f 830//830 972//972 816//816
f 988//988 987//987 834//834
f 834//834 987//987 833//833
f 834//834 818//818 975//975
f 834//834 975//975 988//988
f 835//835 980//980 825//825
f 980//980 835//835 836//836
f 980//980 836//836 982//982
f 990//990 989//989 838//838
f 838//838 989//989 836//836
f 989//989 983//983 836//836
f 983//983 982//982 836//836
f 992//992 991//991 990//990
f 990//990 991//991 989//989
f 992//992 993//993 991//991
f 985//985 839//839 829//829
f 994//994 839//839 985//985
f 840//840 986//986 831//831
f 840//840 995//995 986//986
f 998//998 997//997 996//996
f 987//987 998//998 996//996
f 841//841 987//987 996//996
f 833//833 987//987 841//841
f 842//842 990//990 838//838
f 990//990 842//842 843//843
f 990//990 843//843 992//992
f 843//843 845//845 992//992
f 845//845 993//993 992//992
f 845//845 999//999 993//993
f 994//994 846//846 839//839
f 1000//1000 846//846 994//994
f 847//847 995//995 840//840
f 847//847 1001//1001 995//995
f 996//996 997//997 850//850
f 997//997 849//849 850//850
f 997//997 1002//1002 849//849
f 996//996 850//850 841//841
f 851//851 1004//1004 1003//1003
f 999//999 851//851 1003//1003
f 845//845 851//851 999//999
f 1004//1004 1005//1005 1003//1003
f 1000//1000 852//852 846//846
f 1006//1006 852//852 1000//1000
f 853//853 1001//1001 847//847
f 853//853 1007//1007 1001//1001
f 1002//1002 854//854 849//849
f 1008//1008 854//854 1002//1002
f 855//855 1004//1004 851//851
f 855//855 857//857 1004//1004
f 857//857 1005//1005 1004//1004
f 857//857 1009//1009 1005//1005
f 1011//1011 858//858 1010//1010
f 858//858 1006//1006 1010//1010
f 858//858 852//852 1006//1006
f 1012//1012 1011//1011 1010//1010
f 859//859 1007//1007 853//853
f 859//859 1013//1013 1007//1007
f 1008//1008 860//860 854//854
f 1014//1014 860//860 1008//1008
f 861//861 1009//1009 857//857
f 861//861 1015//1015 1009//1009
f 1016//1016 862//862 1011//1011
f 1011//1011 862//862 858//858
f 1011//1011 1012//1012 1017//1017
f 1011//1011 1017//1017 1016//1016
f 863//863 1013//1013 859//859
f 863//863 1018//1018 1013//1013
f 1014//1014 864//864 860//860
f 1019//1019 864//864 1014//1014
f 865//865 1015//1015 861//861
f 865//865 1020//1020 1015//1015
f 1016//1016 866//866 862//862
f 868//868 866//866 1016//1016
f 1017//1017 868//868 1016//1016
f 1021//1021 868//868 1017//1017
f 869//869 1018//1018 863//863
f 869//869 1022//1022 1018//1018
f 1019//1019 870//870 864//864
f 1023//1023 870//870 1019//1019
f 871//871 1020//1020 865//865
f 871//871 1024//1024 1020//1020
f 1021//1021 873//873 868//868
f 1025//1025 873//873 1021//1021
f 874//874 1022//1022 869//869
f 874//874 1026//1026 1022//1022
f 1023//1023 875//875 870//870
f 1027//1027 875//875 1023//1023
f 876//876 1024//1024 871//871
f 876//876 1028//1028 1024//1024
f 1025//1025 878//878 873//873
f 1029//1029 878//878 1025//1025
f 879//879 1026//1026 874//874
f 879//879 1030//1030 1026//1026
f 1027//1027 880//880 875//875
f 1031//1031 880//880 1027//1027
f 881//881 1028//1028 876//876
f 881//881 1032//1032 1028//1028
f 1033//1033 882//882 883//883
f 1034//1034 1033//1033 883//883
f 878//878 1034//1034 883//883
f 1029//1029 1034//1034 878//878
f 884//884 1030//1030 879//879
f 884//884 1035//1035 1030//1030
f 1031//1031 885//885 880//880
f 1036//1036 885//885 1031//1031
f 887//887 1032//1032 881//881
f 887//887 1037//1037 1032//1032
f 1038//1038 888//888 1033//1033
f 1033//1033 888//888 882//882
f 1033//1033 1034//1034 1039//1039
f 1033//1033 1039//1039 1038//1038
f 889//889 1035//1035 884//884
f 889//889 1040//1040 1035//1035
f 1036//1036 891//891 885//885
f 1041//1041 891//891 1036//1036
f 893//893 1042//1042 892//892
f 1042//1042 1043//1043 892//892
f 1043//1043 887//887 892//892
f 1043//1043 1037//1037 887//887
f 1045//1045 1044//1044 1038//1038
f 1044//1044 888//888 1038//1038
f 1044//1044 894//894 888//888
f 1045//1045 1038//1038 1039//1039
f 895//895 1040//1040 889//889
f 895//895 1046//1046 1040//1040
f 896//896 891//891 1047//1047
f 891//891 1048//1048 1047//1047
f 891//891 1041//1041 1048//1048
f 1047//1047 897//897 896//896
f 1050//1050 1049//1049 1042//1042
f 893//893 1050//1050 1042//1042
f 899//899 1050//1050 893//893
f 1042//1042 1049//1049 1043//1043
f 1044//1044 900//900 894//894
f 1051//1051 900//900 1044//1044
f 901//901 1046//1046 895//895
f 901//901 1052//1052 1046//1046
f 1048//1048 1053//1053 1047//1047
f 897//897 1047//1047 1053//1053
f 1054//1054 897//897 1053//1053
f 903//903 897//897 1054//1054
f 906//906 1055//1055 907//907
f 1055//1055 1056//1056 907//907
f 1056//1056 899//899 907//907
f 1056//1056 1050//1050 899//899
f 1051//1051 908//908 900//900
f 1057//1057 908//908 1051//1051
f 910//910 1052//1052 901//901
f 910//910 1058//1058 1052//1052
f 1054//1054 1059//1059 903//903
f 903//903 1059//1059 911//911
f 913//913 911//911 1059//1059
f 913//913 1059//1059 1060//1060
f 915//915 1061//1061 916//916
f 916//916 1061//1061 1062//1062
f 1063//1063 916//916 1062//1062
f 917//917 916//916 1063//1063
f 906//906 917//917 1055//1055
f 917//917 1064//1064 1055//1055
f 917//917 1063//1063 1064//1064
f 1055//1055 1064//1064 1056//1056
f 1057//1057 919//919 908//908
f 1065//1065 919//919 1057//1057
f 1066//1066 1058//1058 910//910
f 1066//1066 910//910 920//920
f 920//920 922//922 1066//1066
f 1066//1066 922//922 1067//1067
f 1060//1060 1068//1068 913//913
f 913//913 1068//1068 923//923
f 923//923 1069//1069 924//924
f 1068//1068 1069//1069 923//923
f 924//924 1070//1070 925//925
f 1069//1069 1070//1070 924//924
f 1070//1070 1072//1072 1071//1071
f 926//926 1070//1070 1071//1071
f 925//925 1070//1070 926//926
f 926//926 1071//1071 1073//1073
f 1074//1074 926//926 1073//1073
f 927//927 926//926 1074//1074
f 915//915 927//927 1061//1061
f 927//927 1075//1075 1061//1061
f 927//927 1074//1074 1075//1075
f 1061//1061 1075//1075 1062//1062
f 1076//1076 929//929 930//930
f 1076//1076 930//930 1077//1077
f 930//930 1078//1078 1077//1077
f 930//930 931//931 1078//1078
f 931//931 919//919 1065//1065
f 931//931 1065//1065 1078//1078
f 1079//1079 1067//1067 922//922
f 1079//1079 922//922 932//932
f 932//932 934//934 1079//1079
f 1079//1079 934//934 1080//1080
f 1072//1072 1081//1081 1071//1071
f 1071//1071 1081//1081 1073//1073
f 1082//1082 936//936 937//937
f 1082//1082 937//937 1083//1083
f 937//937 1084//1084 1083//1083
f 937//937 938//938 1084//1084
f 938//938 929//929 1076//1076
f 1085//1085 938//938 1076//1076
f 1084//1084 938//938 1085//1085
f 1085//1085 1076//1076 1077//1077
f 1086//1086 1080//1080 934//934
f 1086//1086 934//934 939//939
f 1088//1088 1086//1086 1087//1087
f 1086//1086 940//940 1087//1087
f 1086//1086 939//939 940//940
f 941//941 1089//1089 940//940
f 940//940 1089//1089 1087//1087
f 942//942 1090//1090 941//941
f 941//941 1090//1090 1089//1089
f 1090//1090 942//942 1091//1091
f 942//942 1092//1092 1091//1091
f 942//942 943//943 1092//1092
f 1093//1093 943//943 944//944
f 1093//1093 1092//1092 943//943
f 1094//1094 944//944 945//945
f 1094//1094 1093//1093 944//944
f 945//945 936//936 1082//1082
f 1095//1095 945//945 1082//1082
f 1094//1094 945//945 1095//1095
f 1095//1095 1082//1082 1083//1083
f 1096//1096 1088//1088 1087//1087
f 1096//1096 1087//1087 1089//1089
f 1096//1096 1089//1089 1097//1097
f 1097//1097 1089//1089 1090//1090
f 1097//1097 1090//1090 1098//1098
f 1098//1098 1090//1090 1091//1091
f 1100//1100 1099//1099 947//947
f 1100//1100 947//947 948//948
f 947//947 1101//1101 950//950
f 1099//1099 1101//1101 947//947
f 950//950 1102//1102 952//952
f 1101//1101 1102//1102 950//950
f 1104//1104 1103//1103 953//953
f 952//952 1104//1104 953//953
f 1102//1102 1104//1104 952//952
f 1105//1105 1103//1103 1104//1104
f 1107//1107 1106//1106 954//954
f 1107//1107 954//954 955//955
f 948//948 954//954 1100//1100
f 1100//1100 954//954 1106//1106
f 1103//1103 956//956 953//953
f 1105//1105 1108//1108 1103//1103
f 1108//1108 956//956 1103//1103
f 1108//1108 957//957 956//956
f 957//957 1109//1109 959//959
f 1108//1108 1109//1109 957//957
f 1111//1111 1110//1110 960//960
f 959//959 1111//1111 960//960
f 1109//1109 1111//1111 959//959
f 1112//1112 1110//1110 1111//1111
f 1114//1114 1113//1113 961//961
f 1114//1114 961//961 962//962
f 955//955 961//961 1107//1107
f 1107//1107 961//961 1113//1113
f 1117//1117 1116//1116 1115//1115
f 964//964 965//965 1115//1115
f 965//965 1117//1117 1115//1115
f 965//965 1118//1118 1117//1117
f 1120//1120 1119//1119 966//966
f 1119//1119 965//965 966//966
f 1119//1119 1118//1118 965//965
f 1120//1120 1121//1121 1119//1119
f 1110//1110 967//967 960//960
f 1112//1112 1122//1122 1110//1110
f 1122//1122 967//967 1110//1110
f 1122//1122 968//968 967//967
f 968//968 1123//1123 970//970
f 1122//1122 1123//1123 968//968
f 971//971 970//970 1123//1123
f 971//971 1123//1123 1124//1124
f 1126//1126 1125//1125 973//973
f 1126//1126 973//973 974//974
f 962//962 973//973 1114//1114
f 1114//1114 973//973 1125//1125
f 1128//1128 1127//1127 976//976
f 976//976 1127//1127 975//975
f 977//977 1115//1115 1116//1116
f 1128//1128 977//977 1116//1116
f 976//976 977//977 1128//1128
f 1115//1115 977//977 964//964
f 978//978 1120//1120 966//966
f 1129//1129 1121//1121 1120//1120
f 978//978 1129//1129 1120//1120
f 979//979 1129//1129 978//978
f 1130//1130 979//979 981//981
f 1130//1130 1129//1129 979//979
f 1132//1132 1131//1131 983//983
f 1131//1131 981//981 983//983
f 1131//1131 1130//1130 981//981
f 1132//1132 1133//1133 1131//1131
f 1124//1124 1134//1134 971//971
f 971//971 1134//1134 984//984
f 985//985 984//984 1134//1134
f 985//985 1134//1134 1135//1135
f 986//986 1126//1126 974//974
f 986//986 1136//1136 1126//1126
f 1138//1138 1137//1137 988//988
f 988//988 1137//1137 987//987
f 988//988 975//975 1127//1127
f 988//988 1127//1127 1138//1138
f 989//989 1132//1132 983//983
f 1139//1139 1133//1133 1132//1132
f 989//989 1139//1139 1132//1132
f 991//991 1139//1139 989//989
f 991//991 993//993 1139//1139
f 1139//1139 993//993 1140//1140
f 1135//1135 994//994 985//985
f 1141//1141 994//994 1135//1135
f 995//995 1136//1136 986//986
f 995//995 1142//1142 1136//1136
f 1144//1144 1143//1143 998//998
f 998//998 1143//1143 997//997
f 998//998 987//987 1137//1137
f 998//998 1137//1137 1144//1144
f 999//999 1146//1146 1145//1145
f 1140//1140 999//999 1145//1145
f 993//993 999//999 1140//1140
f 1146//1146 1147//1147 1145//1145
f 1141//1141 1000//1000 994//994
f 1148//1148 1000//1000 1141//1141
f 1001//1001 1142//1142 995//995
f 1001//1001 1149//1149 1142//1142
f 1143//1143 1002//1002 997//997
f 1150//1150 1002//1002 1143//1143
f 1003//1003 1146//1146 999//999
f 1003//1003 1005//1005 1146//1146
f 1005//1005 1147//1147 1146//1146
f 1005//1005 1151//1151 1147//1147
f 1148//1148 1006//1006 1000//1000
f 1152//1152 1006//1006 1148//1148
f 1007//1007 1149//1149 1001//1001
f 1007//1007 1153//1153 1149//1149
f 1150//1150 1008//1008 1002//1002
f 1154//1154 1008//1008 1150//1150
f 1009//1009 1151//1151 1005//1005
f 1009//1009 1155//1155 1151//1151
f 1152//1152 1156//1156 1006//1006
f 1006//1006 1156//1156 1010//1010
f 1012//1012 1010//1010 1156//1156
f 1012//1012 1156//1156 1157//1157
f 1013//1013 1153//1153 1007//1007
f 1013//1013 1158//1158 1153//1153
f 1154//1154 1014//1014 1008//1008
f 1159//1159 1014//1014 1154//1154
f 1015//1015 1155//1155 1009//1009
f 1015//1015 1160//1160 1155//1155
f 1157//1157 1017//1017 1012//1012
f 1161//1161 1017//1017 1157//1157
f 1018//1018 1158//1158 1013//1013
f 1018//1018 1162//1162 1158//1158
f 1159//1159 1019//1019 1014//1014
f 1163//1163 1019//1019 1159//1159
f 1020//1020 1160//1160 1015//1015
f 1020//1020 1164//1164 1160//1160
f 1166//1166 1021//1021 1165//1165
f 1021//1021 1161//1161 1165//1165
f 1021//1021 1017//1017 1161//1161
f 1168//1168 1167//1167 1166//1166
f 1168//1168 1166//1166 1165//1165
f 1169//1169 1167//1167 1168//1168
f 1022//1022 1162//1162 1018//1018
f 1022//1022 1170//1170 1162//1162
f 1163//1163 1023//1023 1019//1019
f 1171//1171 1023//1023 1163//1163
f 1024//1024 1164//1164 1020//1020
f 1024//1024 1172//1172 1164//1164
f 1173//1173 1025//1025 1166//1166
f 1166//1166 1025//1025 1021//1021
f 1174//1174 1166//1166 1167//1167
f 1173//1173 1166//1166 1174//1174
f 1167//1167 1169//1169 1175//1175
f 1167//1167 1175//1175 1174//1174
f 1026//1026 1170//1170 1022//1022
f 1026//1026 1176//1176 1170//1170
f 1171//1171 1027//1027 1023//1023
f 1177//1177 1027//1027 1171//1171
f 1028//1028 1172//1172 1024//1024
f 1028//1028 1178//1178 1172//1172
f 1179//1179 1029//1029 1173//1173
f 1173//1173 1029//1029 1025//1025
f 1180//1180 1173//1173 1174//1174
f 1179//1179 1173//1173 1180//1180
f 1174//1174 1175//1175 1181//1181
f 1174//1174 1181//1181 1180//1180
f 1030//1030 1176//1176 1026//1026
f 1030//1030 1182//1182 1176//1176
f 1177//1177 1031//1031 1027//1027
f 1183//1183 1031//1031 1177//1177
f 1032//1032 1178//1178 1028//1028
f 1032//1032 1184//1184 1178//1178
f 1186//1186 1185//1185 1179//1179
f 1185//1185 1029//1029 1179//1179
f 1185//1185 1034//1034 1029//1029
f 1186//1186 1179//1179 1180//1180
f 1186//1186 1180//1180 1187//1187
f 1187//1187 1180//1180 1181//1181
f 1035//1035 1182//1182 1030//1030
f 1035//1035 1188//1188 1182//1182
f 1183//1183 1036//1036 1031//1031
f 1189//1189 1036//1036 1183//1183
f 1037//1037 1184//1184 1032//1032
f 1037//1037 1190//1190 1184//1184
f 1185//1185 1039//1039 1034//1034
f 1191//1191 1039//1039 1185//1185
f 1040//1040 1188//1188 1035//1035
f 1040//1040 1192//1192 1188//1188
f 1189//1189 1041//1041 1036//1036
f 1193//1193 1041//1041 1189//1189
f 1043//1043 1190//1190 1037//1037
f 1043//1043 1194//1194 1190//1190
f 1195//1195 1044//1044 1045//1045
f 1196//1196 1195//1195 1045//1045
f 1039//1039 1196//1196 1045//1045
f 1191//1191 1196//1196 1039//1039
f 1046//1046 1192//1192 1040//1040
f 1046//1046 1197//1197 1192//1192
f 1193//1193 1048//1048 1041//1041
f 1198//1198 1048//1048 1193//1193
f 1050//1050 1199//1199 1049//1049
f 1199//1199 1200//1200 1049//1049
f 1200//1200 1043//1043 1049//1049
f 1200//1200 1194//1194 1043//1043
f 1202//1202 1201//1201 1195//1195
f 1201//1201 1044//1044 1195//1195
f 1201//1201 1051//1051 1044//1044
f 1202//1202 1195//1195 1196//1196
f 1052//1052 1197//1197 1046//1046
f 1052//1052 1203//1203 1197//1197
f 1198//1198 1204//1204 1048//1048
f 1048//1048 1204//1204 1053//1053
f 1054//1054 1053//1053 1204//1204
f 1054//1054 1204//1204 1205//1205
f 1207//1207 1206//1206 1199//1199
f 1050//1050 1207//1207 1199//1199
f 1056//1056 1207//1207 1050//1050
f 1199//1199 1206//1206 1200//1200
f 1201//1201 1057//1057 1051//1051
f 1208//1208 1057//1057 1201//1201
f 1058//1058 1203//1203 1052//1052
f 1058//1058 1209//1209 1203//1203
f 1059//1059 1054//1054 1210//1210
f 1054//1054 1211//1211 1210//1210
f 1054//1054 1205//1205 1211//1211
f 1210//1210 1060//1060 1059//1059
f 1062//1062 1212//1212 1063//1063
f 1063//1063 1212//1212 1213//1213
f 1214//1214 1063//1063 1213//1213
f 1064//1064 1063//1063 1214//1214
f 1056//1056 1064//1064 1207//1207
f 1207//1207 1064//1064 1214//1214
f 1208//1208 1065//1065 1057//1057
f 1215//1215 1065//1065 1208//1208
f 1216//1216 1209//1209 1058//1058
f 1216//1216 1058//1058 1066//1066
f 1066//1066 1067//1067 1216//1216
f 1216//1216 1067//1067 1217//1217
f 1211//1211 1218//1218 1210//1210
f 1210//1210 1218//1218 1060//1060
f 1218//1218 1068//1068 1060//1060
f 1218//1218 1219//1219 1068//1068
f 1068//1068 1220//1220 1069//1069
f 1219//1219 1220//1220 1068//1068
f 1069//1069 1221//1221 1070//1070
f 1220//1220 1221//1221 1069//1069
f 1223//1223 1222//1222 1072//1072
f 1070//1070 1223//1223 1072//1072
f 1221//1221 1223//1223 1070//1070
f 1074//1074 1073//1073 1222//1222
f 1223//1223 1074//1074 1222//1222
f 1224//1224 1074//1074 1223//1223
f 1074//1074 1225//1225 1075//1075
f 1224//1224 1225//1225 1074//1074
f 1062//1062 1075//1075 1212//1212
f 1075//1075 1226//1226 1212//1212
f 1075//1075 1225//1225 1226//1226
f 1212//1212 1226//1226 1213//1213
f 1227//1227 1077//1077 1078//1078
f 1228//1228 1227//1227 1078//1078
f 1065//1065 1228//1228 1078//1078
f 1215//1215 1228//1228 1065//1065
f 1229//1229 1217//1217 1067//1067
f 1229//1229 1067//1067 1079//1079
f 1079//1079 1080//1080 1229//1229
f 1229//1229 1080//1080 1230//1230
f 1222//1222 1081//1081 1072//1072
f 1081//1081 1222//1222 1073//1073
f 1232//1232 1231//1231 1084//1084
f 1084//1084 1231//1231 1083//1083
f 1233//1233 1084//1084 1085//1085
f 1233//1233 1232//1232 1084//1084
f 1085//1085 1077//1077 1227//1227
f 1234//1234 1085//1085 1227//1227
f 1233//1233 1085//1085 1234//1234
f 1234//1234 1227//1227 1228//1228
f 1235//1235 1230//1230 1080//1080
f 1235//1235 1080//1080 1086//1086
f 1086//1086 1088//1088 1235//1235
f 1235//1235 1088//1088 1236//1236
f 1237//1237 1091//1091 1092//1092
f 1093//1093 1238//1238 1092//1092
f 1092//1092 1238//1238 1237//1237
f 1238//1238 1093//1093 1239//1239
f 1093//1093 1240//1240 1239//1239
f 1093//1093 1094//1094 1240//1240
f 1241//1241 1094//1094 1095//1095
f 1241//1241 1240//1240 1094//1094
f 1095//1095 1083//1083 1231//1231
f 1095//1095 1231//1231 1241//1241
f 1242//1242 1236//1236 1088//1088
f 1242//1242 1088//1088 1096//1096
f 1244//1244 1242//1242 1243//1243
f 1242//1242 1097//1097 1243//1243
f 1242//1242 1096//1096 1097//1097
f 1098//1098 1245//1245 1097//1097
f 1097//1097 1245//1245 1243//1243
f 1091//1091 1237//1237 1098//1098
f 1237//1237 1245//1245 1098//1098
f 1237//1237 1246//1246 1245//1245
f 1247//1247 1237//1237 1238//1238
f 1246//1246 1237//1237 1247//1247
f 1238//1238 1239//1239 1248//1248
f 1249//1249 1238//1238 1248//1248
f 1247//1247 1238//1238 1249//1249
f 1250//1250 1249//1249 1248//1248
f 1244//1244 1243//1243 1251//1251
f 1244//1244 1251//1251 1252//1252
f 1253//1253 1243//1243 1245//1245
f 1251//1251 1243//1243 1253//1253
f 1254//1254 1245//1245 1246//1246
f 1253//1253 1245//1245 1254//1254
f 1255//1255 1246//1246 1247//1247
f 1254//1254 1246//1246 1255//1255
f 1256//1256 1247//1247 1249//1249
f 1255//1255 1247//1247 1256//1256
f 1249//1249 1250//1250 1257//1257
f 1258//1258 1249//1249 1257//1257
f 1256//1256 1249//1249 1258//1258
f 1259//1259 1258//1258 1257//1257
f 1260//1260 1252//1252 1251//1251
f 1260//1260 1251//1251 1253//1253
f 1260//1260 1253//1253 1261//1261
f 1263//1263 1262//1262 1261//1261
f 1253//1253 1263//1263 1261//1261
f 1254//1254 1263//1263 1253//1253
f 1264//1264 1254//1254 1255//1255
f 1263//1263 1254//1254 1264//1264
f 1265//1265 1255//1255 1256//1256
f 1264//1264 1255//1255 1265//1265
f 1266//1266 1256//1256 1258//1258
f 1265//1265 1256//1256 1266//1266
f 1258//1258 1259//1259 1267//1267
f 1258//1258 1267//1267 1266//1266
f 1268//1268 1262//1262 1263//1263
f 1268//1268 1263//1263 1264//1264
f 1268//1268 1264//1264 1269//1269
f 1269//1269 1264//1264 1265//1265
f 1269//1269 1265//1265 1270//1270
f 1270//1270 1265//1265 1266//1266
f 1270//1270 1266//1266 1271//1271
f 1271//1271 1266//1266 1267//1267
f 1274//1274 1273//1273 1272//1272
f 1276//1276 1275//1275 1272//1272
f 1276//1276 1272//1272 1273//1273
f 1277//1277 1275//1275 1276//1276
f 1280//1280 1279//1279 1278//1278
f 1282//1282 1281//1281 1278//1278
f 1282//1282 1278//1278 1279//1279
f 1281//1281 1282//1282 1274//1274
f 1272//1272 1281//1281 1274//1274
f 1283//1283 1281//1281 1272//1272
f 1284//1284 1272//1272 1275//1275
f 1283//1283 1272//1272 1284//1284
f 1275//1275 1277//1277 1285//1285
f 1286//1286 1275//1275 1285//1285
f 1284//1284 1275//1275 1286//1286
f 1287//1287 1286//1286 1285//1285
f 1290//1290 1289//1289 1288//1288
f 1288//1288 1289//1289 1280//1280
f 1278//1278 1288//1288 1280//1280
f 1291//1291 1288//1288 1278//1278
f 1292//1292 1278//1278 1281//1281
f 1291//1291 1278//1278 1292//1292
f 1293//1293 1281//1281 1283//1283
f 1292//1292 1281//1281 1293//1293
f 1294//1294 1283//1283 1284//1284
f 1293//1293 1283//1283 1294//1294
f 1295//1295 1284//1284 1286//1286
f 1294//1294 1284//1284 1295//1295
f 1286//1286 1287//1287 1296//1296
f 1297//1297 1286//1286 1296//1296
f 1295//1295 1286//1286 1297//1297
f 1298//1298 1297//1297 1296//1296
f 1301//1301 1300//1300 1299//1299
f 1299//1299 1300//1300 1290//1290
f 1288//1288 1299//1299 1290//1290
f 1302//1302 1299//1299 1288//1288
f 1303//1303 1288//1288 1291//1291
f 1302//1302 1288//1288 1303//1303
f 1304//1304 1291//1291 1292//1292
f 1303//1303 1291//1291 1304//1304
f 1293//1293 1306//1306 1305//1305
f 1304//1304 1293//1293 1305//1305
f 1292//1292 1293//1293 1304//1304
f 1308//1308 1307//1307 1306//1306
f 1293//1293 1308//1308 1306//1306
f 1294//1294 1308//1308 1293//1293
f 1309//1309 1294//1294 1295//1295
f 1308//1308 1294//1294 1309//1309
f 1310//1310 1295//1295 1297//1297
f 1309//1309 1295//1295 1310//1310
f 1297//1297 1298//1298 1311//1311
f 1297//1297 1311//1311 1310//1310
f 1314//1314 1313//1313 1312//1312
f 1312//1312 1313//1313 1301//1301
f 1299//1299 1312//1312 1301//1301
f 1315//1315 1312//1312 1299//1299
f 1316//1316 1299//1299 1302//1302
f 1315//1315 1299//1299 1316//1316
f 1317//1317 1302//1302 1303//1303
f 1316//1316 1302//1302 1317//1317
f 1304//1304 1319//1319 1318//1318
f 1317//1317 1304//1304 1318//1318
f 1303//1303 1304//1304 1317//1317
f 1319//1319 1304//1304 1305//1305
f 1307//1307 1308//1308 1320//1320
f 1307//1307 1320//1320 1321//1321
f 1322//1322 1308//1308 1309//1309
f 1320//1320 1308//1308 1322//1322
f 1323//1323 1309//1309 1310//1310
f 1322//1322 1309//1309 1323//1323
f 1310//1310 1311//1311 1324//1324
f 1310//1310 1324//1324 1323//1323
f 1314//1314 1312//1312 1099//1099
f 1100//1100 1314//1314 1099//1099
f 1325//1325 1314//1314 1100//1100
f 1099//1099 1312//1312 1101//1101
f 1101//1101 1312//1312 1315//1315
f 1101//1101 1315//1315 1102//1102
f 1102//1102 1315//1315 1316//1316
f 1102//1102 1316//1316 1104//1104
f 1104//1104 1316//1316 1317//1317
f 1327//1327 1326//1326 1105//1105
f 1327//1327 1105//1105 1104//1104
f 1318//1318 1327//1327 1104//1104
f 1317//1317 1318//1318 1104//1104
f 1328//1328 1326//1326 1327//1327
f 1321//1321 1320//1320 1329//1329
f 1321//1321 1329//1329 1330//1330
f 1331//1331 1320//1320 1322//1322
f 1329//1329 1320//1320 1331//1331
f 1332//1332 1322//1322 1323//1323
f 1331//1331 1322//1322 1332//1332
f 1323//1323 1324//1324 1333//1333
f 1323//1323 1333//1333 1332//1332
f 1335//1335 1334//1334 1106//1106
f 1335//1335 1106//1106 1107//1107
f 1100//1100 1106//1106 1325//1325
f 1325//1325 1106//1106 1334//1334
f 1326//1326 1108//1108 1105//1105
f 1328//1328 1336//1336 1326//1326
f 1336//1336 1108//1108 1326//1326
f 1336//1336 1109//1109 1108//1108
f 1329//1329 1111//1111 1330//1330
f 1111//1111 1336//1336 1330//1330
f 1111//1111 1109//1109 1336//1336
f 1111//1111 1329//1329 1112//1112
f 1329//1329 1337//1337 1112//1112
f 1329//1329 1331//1331 1337//1337
f 1338//1338 1331//1331 1332//1332
f 1337//1337 1331//1331 1338//1338
f 1332//1332 1333//1333 1339//1339
f 1332//1332 1339//1339 1338//1338
f 1341//1341 1340//1340 1113//1113
f 1341//1341 1113//1113 1114//1114
f 1107//1107 1113//1113 1335//1335
f 1335//1335 1113//1113 1340//1340
f 1344//1344 1343//1343 1342//1342
f 1116//1116 1117//1117 1342//1342
f 1117//1117 1344//1344 1342//1342
f 1117//1117 1345//1345 1344//1344
f 1346//1346 1117//1117 1118//1118
f 1346//1346 1345//1345 1117//1117
f 1347//1347 1118//1118 1119//1119
f 1347//1347 1346//1346 1118//1118
f 1119//1119 1121//1121 1347//1347
f 1347//1347 1121//1121 1348//1348
f 1337//1337 1122//1122 1112//1112
f 1122//1122 1337//1337 1123//1123
f 1123//1123 1337//1337 1338//1338
f 1124//1124 1123//1123 1338//1338
f 1339//1339 1124//1124 1338//1338
f 1349//1349 1124//1124 1339//1339
f 1351//1351 1350//1350 1125//1125
f 1351//1351 1125//1125 1126//1126
f 1114//1114 1125//1125 1341//1341
f 1341//1341 1125//1125 1350//1350
f 1354//1354 1353//1353 1352//1352
f 1354//1354 1352//1352 1343//1343
f 1343//1343 1352//1352 1342//1342
f 1352//1352 1127//1127 1342//1342
f 1127//1127 1128//1128 1342//1342
f 1342//1342 1128//1128 1116//1116
f 1355//1355 1348//1348 1121//1121
f 1355//1355 1121//1121 1129//1129
f 1356//1356 1129//1129 1130//1130
f 1356//1356 1355//1355 1129//1129
f 1357//1357 1130//1130 1131//1131
f 1357//1357 1356//1356 1130//1130
f 1131//1131 1133//1133 1357//1357
f 1357//1357 1133//1133 1358//1358
f 1349//1349 1359//1359 1124//1124
f 1124//1124 1359//1359 1134//1134
f 1135//1135 1134//1134 1359//1359
f 1135//1135 1359//1359 1360//1360
f 1136//1136 1351//1351 1126//1126
f 1136//1136 1361//1361 1351//1351
f 1364//1364 1363//1363 1362//1362
f 1364//1364 1362//1362 1353//1353
f 1353//1353 1362//1362 1352//1352
f 1362//1362 1137//1137 1352//1352
f 1137//1137 1138//1138 1352//1352
f 1352//1352 1138//1138 1127//1127
f 1365//1365 1358//1358 1133//1133
f 1365//1365 1133//1133 1139//1139
f 1139//1139 1140//1140 1365//1365
f 1365//1365 1140//1140 1366//1366
f 1360//1360 1141//1141 1135//1135
f 1367//1367 1141//1141 1360//1360
f 1142//1142 1361//1361 1136//1136
f 1142//1142 1368//1368 1361//1361
f 1362//1362 1363//1363 1144//1144
f 1363//1363 1143//1143 1144//1144
f 1363//1363 1369//1369 1143//1143
f 1362//1362 1144//1144 1137//1137
f 1370//1370 1366//1366 1140//1140
f 1370//1370 1140//1140 1145//1145
f 1145//1145 1147//1147 1370//1370
f 1370//1370 1147//1147 1371//1371
f 1367//1367 1148//1148 1141//1141
f 1372//1372 1148//1148 1367//1367
f 1149//1149 1368//1368 1142//1142
f 1149//1149 1373//1373 1368//1368
f 1369//1369 1150//1150 1143//1143
f 1374//1374 1150//1150 1369//1369
f 1151//1151 1371//1371 1147//1147
f 1151//1151 1375//1375 1371//1371
f 1377//1377 1152//1152 1376//1376
f 1152//1152 1372//1372 1376//1376
f 1152//1152 1148//1148 1372//1372
f 1378//1378 1377//1377 1376//1376
f 1153//1153 1373//1373 1149//1149
f 1153//1153 1379//1379 1373//1373
f 1374//1374 1154//1154 1150//1150
f 1380//1380 1154//1154 1374//1374
f 1155//1155 1375//1375 1151//1151
f 1155//1155 1381//1381 1375//1375
f 1377//1377 1156//1156 1152//1152
f 1157//1157 1156//1156 1377//1377
f 1378//1378 1157//1157 1377//1377
f 1382//1382 1157//1157 1378//1378
f 1158//1158 1379//1379 1153//1153
f 1158//1158 1383//1383 1379//1379
f 1380//1380 1159//1159 1154//1154
f 1384//1384 1159//1159 1380//1380
f 1160//1160 1381//1381 1155//1155
f 1160//1160 1385//1385 1381//1381
f 1387//1387 1161//1161 1386//1386
f 1161//1161 1382//1382 1386//1386
f 1161//1161 1157//1157 1382//1382
f 1389//1389 1388//1388 1387//1387
f 1389//1389 1387//1387 1386//1386
f 1390//1390 1388//1388 1389//1389
f 1162//1162 1383//1383 1158//1158
f 1162//1162 1391//1391 1383//1383
f 1384//1384 1163//1163 1159//1159
f 1392//1392 1163//1163 1384//1384
f 1164//1164 1385//1385 1160//1160
f 1164//1164 1393//1393 1385//1385
f 1387//1387 1165//1165 1161//1161
f 1165//1165 1387//1387 1168//1168
f 1168//1168 1387//1387 1388//1388
f 1169//1169 1168//1168 1388//1388
f 1390//1390 1169//1169 1388//1388
f 1394//1394 1169//1169 1390//1390
f 1170//1170 1391//1391 1162//1162
f 1170//1170 1395//1395 1391//1391
f 1392//1392 1171//1171 1163//1163
f 1396//1396 1171//1171 1392//1392
f 1172//1172 1398//1398 1397//1397
f 1393//1393 1172//1172 1397//1397
f 1164//1164 1172//1172 1393//1393
f 1398//1398 1399//1399 1397//1397
f 1394//1394 1175//1175 1169//1169
f 1400//1400 1175//1175 1394//1394
f 1176//1176 1395//1395 1170//1170
f 1176//1176 1401//1401 1395//1395
f 1396//1396 1177//1177 1171//1171
f 1402//1402 1177//1177 1396//1396
f 1404//1404 1403//1403 1398//1398
f 1172//1172 1404//1404 1398//1398
f 1178//1178 1404//1404 1172//1172
f 1398//1398 1403//1403 1399//1399
f 1400//1400 1181//1181 1175//1175
f 1405//1405 1181//1181 1400//1400
f 1182//1182 1401//1401 1176//1176
f 1182//1182 1406//1406 1401//1401
f 1402//1402 1183//1183 1177//1177
f 1407//1407 1183//1183 1402//1402
f 1184//1184 1404//1404 1178//1178
f 1184//1184 1408//1408 1404//1404
f 1409//1409 1185//1185 1186//1186
f 1187//1187 1410//1410 1186//1186
f 1186//1186 1410//1410 1409//1409
f 1411//1411 1410//1410 1187//1187
f 1181//1181 1411//1411 1187//1187
f 1405//1405 1411//1411 1181//1181
f 1188//1188 1406//1406 1182//1182
f 1188//1188 1412//1412 1406//1406
f 1407//1407 1189//1189 1183//1183
f 1413//1413 1189//1189 1407//1407
f 1190//1190 1408//1408 1184//1184
f 1190//1190 1414//1414 1408//1408
f 1416//1416 1415//1415 1409//1409
f 1415//1415 1185//1185 1409//1409
f 1415//1415 1191//1191 1185//1185
f 1416//1416 1409//1409 1410//1410
f 1416//1416 1410//1410 1417//1417
f 1417//1417 1410//1410 1411//1411
f 1192//1192 1412//1412 1188//1188
f 1192//1192 1418//1418 1412//1412
f 1413//1413 1193//1193 1189//1189
f 1419//1419 1193//1193 1413//1413
f 1194//1194 1414//1414 1190//1190
f 1194//1194 1420//1420 1414//1414
f 1415//1415 1196//1196 1191//1191
f 1421//1421 1196//1196 1415//1415
f 1197//1197 1418//1418 1192//1192
f 1197//1197 1422//1422 1418//1418
f 1419//1419 1198//1198 1193//1193
f 1423//1423 1198//1198 1419//1419
f 1200//1200 1420//1420 1194//1194
f 1200//1200 1424//1424 1420//1420
f 1426//1426 1425//1425 1202//1202
f 1202//1202 1425//1425 1201//1201
f 1202//1202 1196//1196 1421//1421
f 1202//1202 1421//1421 1426//1426
f 1203//1203 1422//1422 1197//1197
f 1203//1203 1427//1427 1422//1422
f 1204//1204 1198//1198 1428//1428
f 1198//1198 1429//1429 1428//1428
f 1198//1198 1423//1423 1429//1429
f 1428//1428 1205//1205 1204//1204
f 1431//1431 1430//1430 1206//1206
f 1431//1431 1206//1206 1207//1207
f 1200//1200 1206//1206 1424//1424
f 1424//1424 1206//1206 1430//1430
f 1425//1425 1208//1208 1201//1201
f 1432//1432 1208//1208 1425//1425
f 1209//1209 1427//1427 1203//1203
f 1209//1209 1433//1433 1427//1427
f 1429//1429 1434//1434 1428//1428
f 1205//1205 1428//1428 1434//1434
f 1435//1435 1205//1205 1434//1434
f 1211//1211 1205//1205 1435//1435
f 1213//1213 1436//1436 1214//1214
f 1436//1436 1437//1437 1214//1214
f 1437//1437 1207//1207 1214//1214
f 1437//1437 1431//1431 1207//1207
f 1432//1432 1215//1215 1208//1208
f 1438//1438 1215//1215 1432//1432
f 1439//1439 1433//1433 1209//1209
f 1439//1439 1209//1209 1216//1216
f 1216//1216 1217//1217 1439//1439
f 1439//1439 1217//1217 1440//1440
f 1435//1435 1441//1441 1211//1211
f 1211//1211 1441//1441 1218//1218
f 1218//1218 1442//1442 1219//1219
f 1441//1441 1442//1442 1218//1218
f 1219//1219 1443//1443 1220//1220
f 1442//1442 1443//1443 1219//1219
f 1443//1443 1445//1445 1444//1444
f 1221//1221 1443//1443 1444//1444
f 1220//1220 1443//1443 1221//1221
f 1221//1221 1444//1444 1446//1446
f 1447//1447 1221//1221 1446//1446
f 1223//1223 1221//1221 1447//1447
f 1223//1223 1448//1448 1224//1224
f 1447//1447 1448//1448 1223//1223
f 1224//1224 1449//1449 1225//1225
f 1448//1448 1449//1449 1224//1224
f 1225//1225 1450//1450 1226//1226
f 1449//1449 1450//1450 1225//1225
f 1213//1213 1226//1226 1436//1436
f 1226//1226 1451//1451 1436//1436
f 1226//1226 1450//1450 1451//1451
f 1436//1436 1451//1451 1437//1437
f 1438//1438 1228//1228 1215//1215
f 1452//1452 1228//1228 1438//1438
f 1453//1453 1440//1440 1217//1217
f 1453//1453 1217//1217 1229//1229
f 1229//1229 1230//1230 1453//1453
f 1453//1453 1230//1230 1454//1454
f 1445//1445 1455//1455 1444//1444
f 1444//1444 1455//1455 1446//1446
f 1456//1456 1231//1231 1232//1232
f 1456//1456 1232//1232 1457//1457
f 1232//1232 1458//1458 1457//1457
f 1232//1232 1233//1233 1458//1458
f 1459//1459 1233//1233 1234//1234
f 1459//1459 1458//1458 1233//1233
f 1234//1234 1228//1228 1452//1452
f 1234//1234 1452//1452 1459//1459
f 1460//1460 1454//1454 1230//1230
f 1460//1460 1230//1230 1235//1235
f 1235//1235 1236//1236 1460//1460
f 1460//1460 1236//1236 1461//1461
f 1463//1463 1462//1462 1240//1240
f 1240//1240 1462//1462 1239//1239
f 1464//1464 1240//1240 1241//1241
f 1464//1464 1463//1463 1240//1240
f 1241//1241 1231//1231 1456//1456
f 1465//1465 1241//1241 1456//1456
f 1464//1464 1241//1241 1465//1465
f 1465//1465 1456//1456 1457//1457
f 1236//1236 1242//1242 1466//1466
f 1467//1467 1236//1236 1466//1466
f 1461//1461 1236//1236 1467//1467
f 1244//1244 1466//1466 1242//1242
f 1470//1470 1469//1469 1468//1468
f 1468//1468 1471//1471 1470//1470
f 1462//1462 1472//1472 1239//1239
f 1239//1239 1472//1472 1248//1248
f 1250//1250 1248//1248 1472//1472
f 1250//1250 1472//1472 1473//1473
f 1474//1474 1467//1467 1466//1466
f 1466//1466 1244//1244 1474//1474
f 1244//1244 1475//1475 1474//1474
f 1244//1244 1252//1252 1475//1475
f 1469//1469 1476//1476 1468//1468
f 1468//1468 1476//1476 1471//1471
f 1473//1473 1477//1477 1250//1250
f 1250//1250 1477//1477 1257//1257
f 1479//1479 1478//1478 1259//1259
f 1257//1257 1479//1479 1259//1259
f 1477//1477 1479//1479 1257//1257
f 1481//1481 1480//1480 1478//1478
f 1481//1481 1478//1478 1479//1479
f 1482//1482 1480//1480 1481//1481
f 1483//1483 1475//1475 1252//1252
f 1483//1483 1252//1252 1260//1260
f 1485//1485 1483//1483 1484//1484
f 1483//1483 1261//1261 1484//1484
f 1483//1483 1260//1260 1261//1261
f 1262//1262 1484//1484 1261//1261
f 1486//1486 1267//1267 1478//1478
f 1478//1478 1267//1267 1259//1259
f 1487//1487 1478//1478 1480//1480
f 1486//1486 1478//1478 1487//1487
f 1480//1480 1482//1482 1488//1488
f 1489//1489 1480//1480 1488//1488
f 1487//1487 1480//1480 1489//1489
f 1490//1490 1489//1489 1488//1488
f 1491//1491 1485//1485 1484//1484
f 1491//1491 1484//1484 1262//1262
f 1268//1268 1491//1491 1262//1262
f 1492//1492 1491//1491 1268//1268
f 1493//1493 1268//1268 1269//1269
f 1493//1493 1492//1492 1268//1268
f 1495//1495 1493//1493 1494//1494
f 1493//1493 1270//1270 1494//1494
f 1493//1493 1269//1269 1270//1270
f 1271//1271 1496//1496 1270//1270
f 1270//1270 1496//1496 1494//1494
f 1267//1267 1486//1486 1271//1271
f 1486//1486 1496//1496 1271//1271
f 1486//1486 1497//1497 1496//1496
f 1498//1498 1486//1486 1487//1487
f 1497//1497 1486//1486 1498//1498
f 1499//1499 1487//1487 1489//1489
f 1498//1498 1487//1487 1499//1499
f 1489//1489 1490//1490 1500//1500
f 1489//1489 1500//1500 1499//1499
f 1501//1501 1495//1495 1494//1494
f 1501//1501 1494//1494 1496//1496
f 1501//1501 1496//1496 1502//1502
f 1504//1504 1503//1503 1502//1502
f 1496//1496 1504//1504 1502//1502
f 1497//1497 1504//1504 1496//1496
f 1505//1505 1497//1497 1498//1498
f 1504//1504 1497//1497 1505//1505
f 1506//1506 1498//1498 1499//1499
f 1505//1505 1498//1498 1506//1506
f 1499//1499 1500//1500 1507//1507
f 1499//1499 1507//1507 1506//1506
f 1508//1508 1503//1503 1504//1504
f 1510//1510 1509//1509 1508//1508
f 1504//1504 1510//1510 1508//1508
f 1505//1505 1510//1510 1504//1504
f 1511//1511 1505//1505 1506//1506
f 1510//1510 1505//1505 1511//1511
f 1506//1506 1507//1507 1512//1512
f 1506//1506 1512//1512 1511//1511
f 1513//1513 1509//1509 1510//1510
f 1515//1515 1514//1514 1513//1513
f 1510//1510 1515//1515 1513//1513
f 1511//1511 1515//1515 1510//1510
f 1511//1511 1512//1512 1516//1516
f 1511//1511 1516//1516 1515//1515
f 1517//1517 1514//1514 1515//1515
f 1517//1517 1515//1515 1516//1516
f 1520//1520 1519//1519 1518//1518
f 1273//1273 1274//1274 1518//1518
f 1519//1519 1273//1273 1518//1518
f 1521//1521 1273//1273 1519//1519
f 1273//1273 1522//1522 1276//1276
f 1521//1521 1522//1522 1273//1273
f 1524//1524 1523//1523 1277//1277
f 1276//1276 1524//1524 1277//1277
f 1522//1522 1524//1524 1276//1276
f 1525//1525 1523//1523 1524//1524
f 1527//1527 1526//1526 1279//1279
f 1527//1527 1279//1279 1280//1280
f 1518//1518 1282//1282 1520//1520
f 1282//1282 1526//1526 1520//1520
f 1282//1282 1279//1279 1526//1526
f 1282//1282 1518//1518 1274//1274
f 1523//1523 1285//1285 1277//1277
f 1529//1529 1528//1528 1287//1287
f 1529//1529 1287//1287 1285//1285
f 1525//1525 1529//1529 1285//1285
f 1523//1523 1525//1525 1285//1285
f 1530//1530 1528//1528 1529//1529
f 1532//1532 1531//1531 1289//1289
f 1532//1532 1289//1289 1290//1290
f 1280//1280 1289//1289 1527//1527
f 1527//1527 1289//1289 1531//1531
f 1528//1528 1296//1296 1287//1287
f 1298//1298 1296//1296 1528//1528
f 1530//1530 1298//1298 1528//1528
f 1533//1533 1298//1298 1530//1530
f 1535//1535 1534//1534 1300//1300
f 1535//1535 1300//1300 1301//1301
f 1290//1290 1300//1300 1532//1532
f 1532//1532 1300//1300 1534//1534
f 1536//1536 1305//1305 1306//1306
f 1307//1307 1536//1536 1306//1306
f 1533//1533 1311//1311 1298//1298
f 1537//1537 1311//1311 1533//1533
f 1539//1539 1538//1538 1313//1313
f 1539//1539 1313//1313 1314//1314
f 1301//1301 1313//1313 1535//1535
f 1535//1535 1313//1313 1538//1538
f 1541//1541 1540//1540 1319//1319
f 1319//1319 1540//1540 1318//1318
f 1319//1319 1305//1305 1536//1536
f 1542//1542 1319//1319 1536//1536
f 1541//1541 1319//1319 1542//1542
f 1536//1536 1307//1307 1542//1542
f 1307//1307 1543//1543 1542//1542
f 1307//1307 1321//1321 1543//1543
f 1537//1537 1324//1324 1311//1311
f 1544//1544 1324//1324 1537//1537
f 1325//1325 1539//1539 1314//1314
f 1325//1325 1545//1545 1539//1539
f 1540//1540 1546//1546 1318//1318
f 1318//1318 1546//1546 1327//1327
f 1328//1328 1327//1327 1546//1546
f 1328//1328 1546//1546 1547//1547
f 1330//1330 1543//1543 1321//1321
f 1330//1330 1548//1548 1543//1543
f 1544//1544 1333//1333 1324//1324
f 1549//1549 1333//1333 1544//1544
f 1551//1551 1550//1550 1334//1334
f 1551//1551 1334//1334 1335//1335
f 1325//1325 1334//1334 1545//1545
f 1545//1545 1334//1334 1550//1550
f 1547//1547 1552//1552 1328//1328
f 1328//1328 1552//1552 1336//1336
f 1330//1330 1336//1336 1548//1548
f 1548//1548 1336//1336 1552//1552
f 1549//1549 1339//1339 1333//1333
f 1553//1553 1339//1339 1549//1549
f 1555//1555 1554//1554 1340//1340
f 1555//1555 1340//1340 1341//1341
f 1335//1335 1340//1340 1551//1551
f 1551//1551 1340//1340 1554//1554
f 1557//1557 1556//1556 1344//1344
f 1344//1344 1556//1556 1343//1343
f 1558//1558 1344//1344 1345//1345
f 1558//1558 1557//1557 1344//1344
f 1559//1559 1345//1345 1346//1346
f 1559//1559 1558//1558 1345//1345
f 1560//1560 1346//1346 1347//1347
f 1560//1560 1559//1559 1346//1346
f 1562//1562 1561//1561 1348//1348
f 1561//1561 1347//1347 1348//1348
f 1561//1561 1560//1560 1347//1347
f 1562//1562 1563//1563 1561//1561
f 1553//1553 1349//1349 1339//1339
f 1564//1564 1349//1349 1553//1553
f 1566//1566 1565//1565 1350//1350
f 1566//1566 1350//1350 1351//1351
f 1341//1341 1350//1350 1555//1555
f 1555//1555 1350//1350 1565//1565
f 1568//1568 1567//1567 1354//1354
f 1354//1354 1567//1567 1353//1353
f 1354//1354 1343//1343 1556//1556
f 1354//1354 1556//1556 1568//1568
f 1355//1355 1562//1562 1348//1348
f 1569//1569 1563//1563 1562//1562
f 1355//1355 1569//1569 1562//1562
f 1356//1356 1569//1569 1355//1355
f 1570//1570 1356//1356 1357//1357
f 1570//1570 1569//1569 1356//1356
f 1357//1357 1358//1358 1570//1570
f 1570//1570 1358//1358 1571//1571
f 1564//1564 1572//1572 1349//1349
f 1349//1349 1572//1572 1359//1359
f 1360//1360 1359//1359 1572//1572
f 1360//1360 1572//1572 1573//1573
f 1361//1361 1566//1566 1351//1351
f 1361//1361 1574//1574 1566//1566
f 1576//1576 1575//1575 1364//1364
f 1364//1364 1575//1575 1363//1363
f 1364//1364 1353//1353 1567//1567
f 1364//1364 1567//1567 1576//1576
f 1577//1577 1571//1571 1358//1358
f 1577//1577 1358//1358 1365//1365
f 1365//1365 1366//1366 1577//1577
f 1577//1577 1366//1366 1578//1578
f 1573//1573 1367//1367 1360//1360
f 1579//1579 1367//1367 1573//1573
f 1368//1368 1574//1574 1361//1361
f 1368//1368 1580//1580 1574//1574
f 1575//1575 1369//1369 1363//1363
f 1581//1581 1369//1369 1575//1575
f 1582//1582 1578//1578 1366//1366
f 1582//1582 1366//1366 1370//1370
f 1370//1370 1371//1371 1582//1582
f 1582//1582 1371//1371 1583//1583
f 1579//1579 1372//1372 1367//1367
f 1584//1584 1372//1372 1579//1579
f 1373//1373 1580//1580 1368//1368
f 1373//1373 1585//1585 1580//1580
f 1581//1581 1374//1374 1369//1369
f 1586//1586 1374//1374 1581//1581
f 1375//1375 1583//1583 1371//1371
f 1375//1375 1587//1587 1583//1583
f 1584//1584 1588//1588 1372//1372
f 1372//1372 1588//1588 1376//1376
f 1378//1378 1376//1376 1588//1588
f 1378//1378 1588//1588 1589//1589
f 1379//1379 1585//1585 1373//1373
f 1379//1379 1590//1590 1585//1585
f 1586//1586 1380//1380 1374//1374
f 1591//1591 1380//1380 1586//1586
f 1381//1381 1587//1587 1375//1375
f 1381//1381 1592//1592 1587//1587
f 1589//1589 1382//1382 1378//1378
f 1593//1593 1382//1382 1589//1589
f 1383//1383 1590//1590 1379//1379
f 1383//1383 1594//1594 1590//1590
f 1591//1591 1384//1384 1380//1380
f 1595//1595 1384//1384 1591//1591
f 1385//1385 1592//1592 1381//1381
f 1385//1385 1596//1596 1592//1592
f 1593//1593 1597//1597 1382//1382
f 1382//1382 1597//1597 1386//1386
f 1386//1386 1598//1598 1389//1389
f 1597//1597 1598//1598 1386//1386
f 1390//1390 1389//1389 1598//1598
f 1390//1390 1598//1598 1599//1599
f 1391//1391 1594//1594 1383//1383
f 1391//1391 1600//1600 1594//1594
f 1595//1595 1392//1392 1384//1384
f 1601//1601 1392//1392 1595//1595
f 1393//1393 1603//1603 1602//1602
f 1596//1596 1393//1393 1602//1602
f 1385//1385 1393//1393 1596//1596
f 1603//1603 1604//1604 1602//1602
f 1599//1599 1394//1394 1390//1390
f 1605//1605 1394//1394 1599//1599
f 1395//1395 1600//1600 1391//1391
f 1395//1395 1606//1606 1600//1600
f 1601//1601 1396//1396 1392//1392
f 1607//1607 1396//1396 1601//1601
f 1397//1397 1603//1603 1393//1393
f 1397//1397 1399//1399 1603//1603
f 1399//1399 1604//1604 1603//1603
f 1399//1399 1608//1608 1604//1604
f 1605//1605 1400//1400 1394//1394
f 1609//1609 1400//1400 1605//1605
f 1401//1401 1606//1606 1395//1395
f 1401//1401 1610//1610 1606//1606
f 1607//1607 1402//1402 1396//1396
f 1611//1611 1402//1402 1607//1607
f 1404//1404 1612//1612 1403//1403
f 1612//1612 1613//1613 1403//1403
f 1613//1613 1399//1399 1403//1403
f 1613//1613 1608//1608 1399//1399
f 1609//1609 1405//1405 1400//1400
f 1614//1614 1405//1405 1609//1609
f 1406//1406 1610//1610 1401//1401
f 1406//1406 1615//1615 1610//1610
f 1611//1611 1407//1407 1402//1402
f 1616//1616 1407//1407 1611//1611
f 1618//1618 1617//1617 1612//1612
f 1404//1404 1618//1618 1612//1612
f 1408//1408 1618//1618 1404//1404
f 1612//1612 1617//1617 1613//1613
f 1614//1614 1411//1411 1405//1405
f 1619//1619 1411//1411 1614//1614
f 1412//1412 1615//1615 1406//1406
f 1412//1412 1620//1620 1615//1615
f 1616//1616 1413//1413 1407//1407
f 1621//1621 1413//1413 1616//1616
f 1414//1414 1618//1618 1408//1408
f 1414//1414 1622//1622 1618//1618
f 1624//1624 1623//1623 1416//1416
f 1416//1416 1623//1623 1415//1415
f 1625//1625 1416//1416 1417//1417
f 1625//1625 1624//1624 1416//1416
f 1417//1417 1411//1411 1619//1619
f 1417//1417 1619//1619 1625//1625
f 1418//1418 1620//1620 1412//1412
f 1418//1418 1626//1626 1620//1620
f 1621//1621 1419//1419 1413//1413
f 1627//1627 1419//1419 1621//1621
f 1420//1420 1622//1622 1414//1414
f 1420//1420 1628//1628 1622//1622
f 1623//1623 1421//1421 1415//1415
f 1629//1629 1421//1421 1623//1623
f 1422//1422 1626//1626 1418//1418
f 1422//1422 1630//1630 1626//1626
f 1627//1627 1423//1423 1419//1419
f 1631//1631 1423//1423 1627//1627
f 1424//1424 1628//1628 1420//1420
f 1424//1424 1632//1632 1628//1628
f 1634//1634 1633//1633 1426//1426
f 1426//1426 1633//1633 1425//1425
f 1426//1426 1421//1421 1629//1629
f 1426//1426 1629//1629 1634//1634
f 1427//1427 1630//1630 1422//1422
f 1427//1427 1635//1635 1630//1630
f 1631//1631 1429//1429 1423//1423
f 1636//1636 1429//1429 1631//1631
f 1638//1638 1637//1637 1430//1430
f 1638//1638 1430//1430 1431//1431
f 1424//1424 1430//1430 1632//1632
f 1632//1632 1430//1430 1637//1637
f 1633//1633 1432//1432 1425//1425
f 1639//1639 1432//1432 1633//1633
f 1433//1433 1635//1635 1427//1427
f 1433//1433 1640//1640 1635//1635
f 1636//1636 1641//1641 1429//1429
f 1429//1429 1641//1641 1434//1434
f 1435//1435 1434//1434 1641//1641
f 1435//1435 1641//1641 1642//1642
f 1437//1437 1638//1638 1431//1431
f 1437//1437 1643//1643 1638//1638
f 1639//1639 1438//1438 1432//1432
f 1644//1644 1438//1438 1639//1639
f 1645//1645 1640//1640 1433//1433
f 1645//1645 1433//1433 1439//1439
f 1439//1439 1440//1440 1645//1645
f 1645//1645 1440//1440 1646//1646
f 1642//1642 1647//1647 1435//1435
f 1435//1435 1647//1647 1441//1441
f 1441//1441 1648//1648 1442//1442
f 1647//1647 1648//1648 1441//1441
f 1648//1648 1650//1650 1649//1649
f 1443//1443 1648//1648 1649//1649
f 1442//1442 1648//1648 1443//1443
f 1649//1649 1445//1445 1443//1443
f 1446//1446 1651//1651 1447//1447
f 1447//1447 1651//1651 1652//1652
f 1653//1653 1447//1447 1652//1652
f 1448//1448 1447//1447 1653//1653
f 1653//1653 1655//1655 1654//1654
f 1449//1449 1653//1653 1654//1654
f 1448//1448 1653//1653 1449//1449
f 1449//1449 1654//1654 1656//1656
f 1657//1657 1449//1449 1656//1656
f 1450//1450 1449//1449 1657//1657
f 1450//1450 1658//1658 1451//1451
f 1657//1657 1658//1658 1450//1450
f 1437//1437 1451//1451 1643//1643
f 1643//1643 1451//1451 1658//1658
f 1644//1644 1452//1452 1438//1438
f 1659//1659 1452//1452 1644//1644
f 1660//1660 1646//1646 1440//1440
f 1660//1660 1440//1440 1453//1453
f 1453//1453 1454//1454 1660//1660
f 1660//1660 1454//1454 1661//1661
f 1650//1650 1662//1662 1649//1649
f 1649//1649 1662//1662 1445//1445
f 1662//1662 1455//1455 1445//1445
f 1662//1662 1663//1663 1455//1455
f 1446//1446 1455//1455 1651//1651
f 1455//1455 1664//1664 1651//1651
f 1455//1455 1663//1663 1664//1664
f 1651//1651 1664//1664 1652//1652
f 1655//1655 1665//1665 1654//1654
f 1654//1654 1665//1665 1656//1656
f 1667//1667 1666//1666 1458//1458
f 1458//1458 1666//1666 1457//1457
f 1668//1668 1458//1458 1459//1459
f 1668//1668 1667//1667 1458//1458
f 1459//1459 1452//1452 1659//1659
f 1459//1459 1659//1659 1668//1668
f 1669//1669 1661//1661 1454//1454
f 1669//1669 1454//1454 1460//1460
f 1460//1460 1461//1461 1669//1669
f 1669//1669 1461//1461 1670//1670
f 1672//1672 1671//1671 1463//1463
f 1463//1463 1671//1671 1462//1462
f 1673//1673 1463//1463 1464//1464
f 1673//1673 1672//1672 1463//1463
f 1674//1674 1464//1464 1465//1465
f 1674//1674 1673//1673 1464//1464
f 1465//1465 1457//1457 1666//1666
f 1465//1465 1666//1666 1674//1674
f 1467//1467 1670//1670 1461//1461
f 1467//1467 1675//1675 1670//1670
f 1678//1678 1677//1677 1676//1676
f 1469//1469 1470//1470 1676//1676
f 1470//1470 1678//1678 1676//1676
f 1470//1470 1679//1679 1678//1678
f 1470//1470 1471//1471 1679//1679
f 1679//1679 1471//1471 1680//1680
f 1671//1671 1681//1681 1462//1462
f 1462//1462 1681//1681 1472//1472
f 1683//1683 1682//1682 1473//1473
f 1472//1472 1683//1683 1473//1473
f 1681//1681 1683//1683 1472//1472
f 1684//1684 1682//1682 1683//1683
f 1685//1685 1675//1675 1467//1467
f 1685//1685 1467//1467 1474//1474
f 1474//1474 1475//1475 1685//1685
f 1685//1685 1475//1475 1686//1686
f 1677//1677 1687//1687 1676//1676
f 1676//1676 1687//1687 1469//1469
f 1687//1687 1476//1476 1469//1469
f 1687//1687 1688//1688 1476//1476
f 1471//1471 1689//1689 1680//1680
f 1689//1689 1471//1471 1690//1690
f 1476//1476 1690//1690 1471//1471
f 1690//1690 1476//1476 1691//1691
f 1688//1688 1691//1691 1476//1476
f 1690//1690 1692//1692 1689//1689
f 1682//1682 1477//1477 1473//1473
f 1684//1684 1693//1693 1682//1682
f 1693//1693 1477//1477 1682//1682
f 1693//1693 1479//1479 1477//1477
f 1479//1479 1694//1694 1481//1481
f 1693//1693 1694//1694 1479//1479
f 1482//1482 1481//1481 1694//1694
f 1482//1482 1694//1694 1695//1695
f 1696//1696 1686//1686 1475//1475
f 1696//1696 1475//1475 1483//1483
f 1483//1483 1485//1485 1696//1696
f 1696//1696 1485//1485 1697//1697
f 1691//1691 1698//1698 1690//1690
f 1690//1690 1698//1698 1692//1692
f 1695//1695 1699//1699 1482//1482
f 1482//1482 1699//1699 1488//1488
f 1490//1490 1488//1488 1699//1699
f 1490//1490 1699//1699 1700//1700
f 1701//1701 1697//1697 1485//1485
f 1701//1701 1485//1485 1491//1491
f 1702//1702 1491//1491 1492//1492
f 1702//1702 1701//1701 1491//1491
f 1703//1703 1492//1492 1493//1493
f 1703//1703 1702//1702 1492//1492
f 1493//1493 1495//1495 1703//1703
f 1703//1703 1495//1495 1704//1704
f 1700//1700 1500//1500 1490//1490
f 1705//1705 1500//1500 1700//1700
f 1706//1706 1704//1704 1495//1495
f 1706//1706 1495//1495 1501//1501
f 1707//1707 1501//1501 1502//1502
f 1707//1707 1706//1706 1501//1501
f 1502//1502 1503//1503 1707//1707
f 1707//1707 1503//1503 1708//1708
f 1705//1705 1507//1507 1500//1500
f 1709//1709 1507//1507 1705//1705
f 1710//1710 1708//1708 1503//1503
f 1710//1710 1503//1503 1508//1508
f 1508//1508 1509//1509 1710//1710
f 1710//1710 1509//1509 1711//1711
f 1709//1709 1512//1512 1507//1507
f 1712//1712 1512//1512 1709//1709
f 1713//1713 1711//1711 1509//1509
f 1713//1713 1509//1509 1513//1513
f 1513//1513 1514//1514 1713//1713
f 1713//1713 1514//1514 1714//1714
f 1712//1712 1516//1516 1512//1512
f 1715//1715 1516//1516 1712//1712
f 1716//1716 1714//1714 1514//1514
f 1716//1716 1514//1514 1517//1517
f 1517//1517 1516//1516 1715//1715
f 1517//1517 1715//1715 1716//1716
f 1520//1520 1717//1717 1519//1519
f 1519//1519 1717//1717 1718//1718
f 1719//1719 1519//1519 1718//1718
f 1521//1521 1519//1519 1719//1719
f 1521//1521 1720//1720 1522//1522
f 1719//1719 1720//1720 1521//1521
f 1720//1720 1722//1722 1721//1721
f 1524//1524 1720//1720 1721//1721
f 1522//1522 1720//1720 1524//1524
f 1721//1721 1525//1525 1524//1524
f 1724//1724 1723//1723 1526//1526
f 1724//1724 1526//1526 1527//1527
f 1520//1520 1526//1526 1717//1717
f 1526//1526 1725//1725 1717//1717
f 1526//1526 1723//1723 1725//1725
f 1717//1717 1725//1725 1718//1718
f 1722//1722 1726//1726 1721//1721
f 1726//1726 1728//1728 1727//1727
f 1726//1726 1727//1727 1529//1529
f 1721//1721 1726//1726 1529//1529
f 1525//1525 1721//1721 1529//1529
f 1727//1727 1530//1530 1529//1529
f 1730//1730 1729//1729 1531//1531
f 1730//1730 1531//1531 1532//1532
f 1527//1527 1531//1531 1724//1724
f 1724//1724 1531//1531 1729//1729
f 1728//1728 1731//1731 1727//1727
f 1530//1530 1727//1727 1731//1731
f 1732//1732 1530//1530 1731//1731
f 1533//1533 1530//1530 1732//1732
f 1734//1734 1733//1733 1534//1534
f 1734//1734 1534//1534 1535//1535
f 1532//1532 1534//1534 1730//1730
f 1730//1730 1534//1534 1733//1733
f 1737//1737 1736//1736 1735//1735
f 1735//1735 1738//1738 1737//1737
f 1732//1732 1537//1537 1533//1533
f 1739//1739 1537//1537 1732//1732
f 1741//1741 1740//1740 1538//1538
f 1741//1741 1538//1538 1539//1539
f 1535//1535 1538//1538 1734//1734
f 1734//1734 1538//1538 1740//1740
f 1743//1743 1742//1742 1541//1541
f 1541//1541 1742//1742 1540//1540
f 1542//1542 1735//1735 1736//1736
f 1743//1743 1542//1542 1736//1736
f 1541//1541 1542//1542 1743//1743
f 1542//1542 1543//1543 1735//1735
f 1543//1543 1738//1738 1735//1735
f 1543//1543 1744//1744 1738//1738
f 1739//1739 1544//1544 1537//1537
f 1745//1745 1544//1544 1739//1739
f 1545//1545 1741//1741 1539//1539
f 1545//1545 1746//1746 1741//1741
f 1742//1742 1747//1747 1540//1540
f 1540//1540 1747//1747 1546//1546
f 1547//1547 1546//1546 1747//1747
f 1547//1547 1747//1747 1748//1748
f 1548//1548 1744//1744 1543//1543
f 1548//1548 1749//1749 1744//1744
f 1745//1745 1549//1549 1544//1544
f 1750//1750 1549//1549 1745//1745
f 1752//1752 1751//1751 1550//1550
f 1752//1752 1550//1550 1551//1551
f 1545//1545 1550//1550 1746//1746
f 1746//1746 1550//1550 1751//1751
f 1748//1748 1753//1753 1547//1547
f 1547//1547 1753//1753 1552//1552
f 1548//1548 1552//1552 1749//1749
f 1749//1749 1552//1552 1753//1753
f 1750//1750 1553//1553 1549//1549
f 1754//1754 1553//1553 1750//1750
f 1756//1756 1755//1755 1554//1554
f 1756//1756 1554//1554 1555//1555
f 1551//1551 1554//1554 1752//1752
f 1752//1752 1554//1554 1755//1755
f 1758//1758 1757//1757 1557//1557
f 1557//1557 1757//1757 1556//1556
f 1759//1759 1557//1557 1558//1558
f 1759//1759 1758//1758 1557//1557
f 1760//1760 1558//1558 1559//1559
f 1760//1760 1759//1759 1558//1558
f 1761//1761 1559//1559 1560//1560
f 1761//1761 1760//1760 1559//1559
f 1763//1763 1761//1761 1762//1762
f 1761//1761 1561//1561 1762//1762
f 1761//1761 1560//1560 1561//1561
f 1563//1563 1762//1762 1561//1561
f 1754//1754 1564//1564 1553//1553
f 1764//1764 1564//1564 1754//1754
f 1766//1766 1765//1765 1565//1565
f 1766//1766 1565//1565 1566//1566
f 1555//1555 1565//1565 1756//1756
f 1756//1756 1565//1565 1765//1765
f 1768//1768 1767//1767 1568//1568
f 1568//1568 1767//1767 1567//1567
f 1568//1568 1556//1556 1757//1757
f 1568//1568 1757//1757 1768//1768
f 1769//1769 1763//1763 1762//1762
f 1769//1769 1762//1762 1563//1563
f 1569//1569 1769//1769 1563//1563
f 1770//1770 1769//1769 1569//1569
f 1771//1771 1569//1569 1570//1570
f 1771//1771 1770//1770 1569//1569
f 1570//1570 1571//1571 1771//1771
f 1771//1771 1571//1571 1772//1772
f 1764//1764 1773//1773 1564//1564
f 1564//1564 1773//1773 1572//1572
f 1573//1573 1572//1572 1773//1773
f 1573//1573 1773//1773 1774//1774
f 1574//1574 1766//1766 1566//1566
f 1574//1574 1775//1775 1766//1766
f 1777//1777 1776//1776 1576//1576
f 1576//1576 1776//1776 1575//1575
f 1576//1576 1567//1567 1767//1767
f 1576//1576 1767//1767 1777//1777
f 1778//1778 1772//1772 1571//1571
f 1778//1778 1571//1571 1577//1577
f 1577//1577 1578//1578 1778//1778
f 1778//1778 1578//1578 1779//1779
f 1774//1774 1579//1579 1573//1573
f 1780//1780 1579//1579 1774//1774
f 1580//1580 1775//1775 1574//1574
f 1580//1580 1781//1781 1775//1775
f 1776//1776 1581//1581 1575//1575
f 1782//1782 1581//1581 1776//1776
f 1783//1783 1779//1779 1578//1578
f 1783//1783 1578//1578 1582//1582
f 1582//1582 1583//1583 1783//1783
f 1783//1783 1583//1583 1784//1784
f 1780//1780 1584//1584 1579//1579
f 1785//1785 1584//1584 1780//1780
f 1585//1585 1781//1781 1580//1580
f 1585//1585 1786//1786 1781//1781
f 1782//1782 1586//1586 1581//1581
f 1787//1787 1586//1586 1782//1782
f 1587//1587 1784//1784 1583//1583
f 1587//1587 1788//1788 1784//1784
f 1785//1785 1789//1789 1584//1584
f 1584//1584 1789//1789 1588//1588
f 1589//1589 1588//1588 1789//1789
f 1589//1589 1789//1789 1790//1790
f 1590//1590 1786//1786 1585//1585
f 1590//1590 1791//1791 1786//1786
f 1787//1787 1591//1591 1586//1586
f 1792//1792 1591//1591 1787//1787
f 1592//1592 1788//1788 1587//1587
f 1592//1592 1793//1793 1788//1788
f 1790//1790 1593//1593 1589//1589
f 1794//1794 1593//1593 1790//1790
f 1594//1594 1791//1791 1590//1590
f 1594//1594 1795//1795 1791//1791
f 1792//1792 1595//1595 1591//1591
f 1796//1796 1595//1595 1792//1792
f 1596//1596 1793//1793 1592//1592
f 1596//1596 1797//1797 1793//1793
f 1794//1794 1798//1798 1593//1593
f 1593//1593 1798//1798 1597//1597
f 1597//1597 1799//1799 1598//1598
f 1798//1798 1799//1799 1597//1597
f 1599//1599 1598//1598 1799//1799
f 1599//1599 1799//1799 1800//1800
f 1600//1600 1795//1795 1594//1594
f 1600//1600 1801//1801 1795//1795
f 1796//1796 1601//1601 1595//1595
f 1802//1802 1601//1601 1796//1796
f 1596//1596 1602//1602 1803//1803
f 1804//1804 1596//1596 1803//1803
f 1797//1797 1596//1596 1804//1804
f 1604//1604 1803//1803 1602//1602
f 1800//1800 1605//1605 1599//1599
f 1805//1805 1605//1605 1800//1800
f 1606//1606 1801//1801 1600//1600
f 1606//1606 1806//1806 1801//1801
f 1802//1802 1607//1607 1601//1601
f 1807//1807 1607//1607 1802//1802
f 1808//1808 1804//1804 1803//1803
f 1803//1803 1604//1604 1808//1808
f 1604//1604 1809//1809 1808//1808
f 1604//1604 1608//1608 1809//1809
f 1805//1805 1609//1609 1605//1605
f 1810//1810 1609//1609 1805//1805
f 1610//1610 1806//1806 1606//1606
f 1610//1610 1811//1811 1806//1806
f 1807//1807 1611//1611 1607//1607
f 1812//1812 1611//1611 1807//1807
f 1815//1815 1814//1814 1813//1813
f 1814//1814 1809//1809 1813//1813
f 1809//1809 1613//1613 1813//1813
f 1809//1809 1608//1608 1613//1613
f 1810//1810 1614//1614 1609//1609
f 1816//1816 1614//1614 1810//1810
f 1615//1615 1811//1811 1610//1610
f 1615//1615 1817//1817 1811//1811
f 1812//1812 1616//1616 1611//1611
f 1818//1818 1616//1616 1812//1812
f 1815//1815 1813//1813 1617//1617
f 1618//1618 1815//1815 1617//1617
f 1819//1819 1815//1815 1618//1618
f 1617//1617 1813//1813 1613//1613
f 1816//1816 1619//1619 1614//1614
f 1820//1820 1619//1619 1816//1816
f 1620//1620 1817//1817 1615//1615
f 1620//1620 1821//1821 1817//1817
f 1818//1818 1621//1621 1616//1616
f 1822//1822 1621//1621 1818//1818
f 1622//1622 1819//1819 1618//1618
f 1622//1622 1823//1823 1819//1819
f 1825//1825 1824//1824 1624//1624
f 1624//1624 1824//1824 1623//1623
f 1826//1826 1624//1624 1625//1625
f 1826//1826 1825//1825 1624//1624
f 1625//1625 1619//1619 1820//1820
f 1625//1625 1820//1820 1826//1826
f 1626//1626 1821//1821 1620//1620
f 1626//1626 1827//1827 1821//1821
f 1822//1822 1627//1627 1621//1621
f 1828//1828 1627//1627 1822//1822
f 1628//1628 1823//1823 1622//1622
f 1628//1628 1829//1829 1823//1823
f 1824//1824 1629//1629 1623//1623
f 1830//1830 1629//1629 1824//1824
f 1630//1630 1827//1827 1626//1626
f 1630//1630 1831//1831 1827//1827
f 1828//1828 1631//1631 1627//1627
f 1832//1832 1631//1631 1828//1828
f 1632//1632 1829//1829 1628//1628
f 1632//1632 1833//1833 1829//1829
f 1835//1835 1834//1834 1634//1634
f 1634//1634 1834//1834 1633//1633
f 1634//1634 1629//1629 1830//1830
f 1634//1634 1830//1830 1835//1835
f 1635//1635 1831//1831 1630//1630
f 1635//1635 1836//1836 1831//1831
f 1832//1832 1636//1636 1631//1631
f 1837//1837 1636//1636 1832//1832
f 1839//1839 1838//1838 1637//1637
f 1839//1839 1637//1637 1638//1638
f 1632//1632 1637//1637 1833//1833
f 1833//1833 1637//1637 1838//1838
f 1834//1834 1639//1639 1633//1633
f 1840//1840 1639//1639 1834//1834
f 1640//1640 1836//1836 1635//1635
f 1640//1640 1841//1841 1836//1836
f 1837//1837 1842//1842 1636//1636
f 1636//1636 1842//1842 1641//1641
f 1642//1642 1641//1641 1842//1842
f 1642//1642 1842//1842 1843//1843
f 1846//1846 1845//1845 1844//1844
f 1845//1845 1839//1839 1844//1844
f 1839//1839 1643//1643 1844//1844
f 1839//1839 1638//1638 1643//1643
f 1840//1840 1644//1644 1639//1639
f 1847//1847 1644//1644 1840//1840
f 1848//1848 1841//1841 1640//1640
f 1848//1848 1640//1640 1645//1645
f 1645//1645 1646//1646 1848//1848
f 1848//1848 1646//1646 1849//1849
f 1843//1843 1850//1850 1642//1642
f 1642//1642 1850//1850 1647//1647
f 1647//1647 1851//1851 1648//1648
f 1850//1850 1851//1851 1647//1647
f 1853//1853 1852//1852 1650//1650
f 1648//1648 1853//1853 1650//1650
f 1851//1851 1853//1853 1648//1648
f 1854//1854 1852//1852 1853//1853
f 1857//1857 1856//1856 1855//1855
f 1653//1653 1652//1652 1855//1855
f 1856//1856 1653//1653 1855//1855
f 1858//1858 1653//1653 1856//1856
f 1860//1860 1859//1859 1655//1655
f 1653//1653 1860//1860 1655//1655
f 1858//1858 1860//1860 1653//1653
f 1657//1657 1656//1656 1859//1859
f 1860//1860 1657//1657 1859//1859
f 1861//1861 1657//1657 1860//1860
f 1844//1844 1658//1658 1846//1846
f 1658//1658 1861//1861 1846//1846
f 1658//1658 1657//1657 1861//1861
f 1658//1658 1844//1844 1643//1643
f 1847//1847 1659//1659 1644//1644
f 1862//1862 1659//1659 1847//1847
f 1863//1863 1849//1849 1646//1646
f 1863//1863 1646//1646 1660//1660
f 1660//1660 1661//1661 1863//1863
f 1863//1863 1661//1661 1864//1864
f 1852//1852 1662//1662 1650//1650
f 1854//1854 1865//1865 1852//1852
f 1865//1865 1662//1662 1852//1852
f 1865//1865 1663//1663 1662//1662
f 1855//1855 1664//1664 1857//1857
f 1664//1664 1865//1865 1857//1857
f 1664//1664 1663//1663 1865//1865
f 1664//1664 1855//1855 1652//1652
f 1859//1859 1665//1665 1655//1655
f 1665//1665 1859//1859 1656//1656
f 1867//1867 1866//1866 1667//1667
f 1667//1667 1866//1866 1666//1666
f 1868//1868 1667//1667 1668//1668
f 1868//1868 1867//1867 1667//1667
f 1668//1668 1659//1659 1862//1862
f 1668//1668 1862//1862 1868//1868
f 1869//1869 1864//1864 1661//1661
f 1869//1869 1661//1661 1669//1669
f 1669//1669 1670//1670 1869//1869
f 1869//1869 1670//1670 1870//1870
f 1872//1872 1871//1871 1672//1672
f 1672//1672 1871//1871 1671//1671
f 1873//1873 1672//1672 1673//1673
f 1873//1873 1872//1872 1672//1672
f 1874//1874 1673//1673 1674//1674
f 1874//1874 1873//1873 1673//1673
f 1674//1674 1666//1666 1866//1866
f 1674//1674 1866//1866 1874//1874
f 1675//1675 1870//1870 1670//1670
f 1675//1675 1875//1875 1870//1870
f 1876//1876 1677//1677 1678//1678
f 1876//1876 1678//1678 1877//1877
f 1678//1678 1878//1878 1877//1877
f 1678//1678 1679//1679 1878//1878
f 1679//1679 1680//1680 1878//1878
f 1878//1878 1680//1680 1879//1879
f 1871//1871 1880//1880 1671//1671
f 1671//1671 1880//1880 1681//1681
f 1880//1880 1882//1882 1881//1881
f 1683//1683 1880//1880 1881//1881
f 1681//1681 1880//1880 1683//1683
f 1881//1881 1684//1684 1683//1683
f 1883//1883 1875//1875 1675//1675
f 1883//1883 1675//1675 1685//1685
f 1685//1685 1686//1686 1883//1883
f 1883//1883 1686//1686 1884//1884
f 1876//1876 1687//1687 1677//1677
f 1877//1877 1885//1885 1876//1876
f 1885//1885 1687//1687 1876//1876
f 1885//1885 1688//1688 1687//1687
f 1680//1680 1689//1689 1879//1879
f 1886//1886 1879//1879 1689//1689
f 1879//1879 1886//1886 1885//1885
f 1691//1691 1885//1885 1886//1886
f 1885//1885 1691//1691 1688//1688
f 1692//1692 1886//1886 1689//1689
f 1882//1882 1887//1887 1881//1881
f 1881//1881 1887//1887 1684//1684
f 1887//1887 1693//1693 1684//1684
f 1887//1887 1888//1888 1693//1693
f 1693//1693 1889//1889 1694//1694
f 1888//1888 1889//1889 1693//1693
f 1695//1695 1694//1694 1889//1889
f 1695//1695 1889//1889 1890//1890
f 1891//1891 1884//1884 1686//1686
f 1891//1891 1686//1686 1696//1696
f 1696//1696 1697//1697 1891//1891
f 1891//1891 1697//1697 1892//1892
f 1886//1886 1698//1698 1691//1691
f 1698//1698 1886//1886 1692//1692
f 1890//1890 1893//1893 1695//1695
f 1695//1695 1893//1893 1699//1699
f 1700//1700 1699//1699 1893//1893
f 1700//1700 1893//1893 1894//1894
f 1895//1895 1892//1892 1697//1697
f 1895//1895 1697//1697 1701//1701
f 1896//1896 1701//1701 1702//1702
f 1896//1896 1895//1895 1701//1701
f 1897//1897 1702//1702 1703//1703
f 1897//1897 1896//1896 1702//1702
f 1703//1703 1704//1704 1897//1897
f 1897//1897 1704//1704 1898//1898
f 1894//1894 1705//1705 1700//1700
f 1899//1899 1705//1705 1894//1894
f 1900//1900 1898//1898 1704//1704
f 1900//1900 1704//1704 1706//1706
f 1901//1901 1706//1706 1707//1707
f 1901//1901 1900//1900 1706//1706
f 1707//1707 1708//1708 1901//1901
f 1901//1901 1708//1708 1902//1902
f 1899//1899 1709//1709 1705//1705
f 1903//1903 1709//1709 1899//1899
f 1904//1904 1902//1902 1708//1708
f 1904//1904 1708//1708 1710//1710
f 1710//1710 1711//1711 1904//1904
f 1904//1904 1711//1711 1905//1905
f 1903//1903 1712//1712 1709//1709
f 1906//1906 1712//1712 1903//1903
f 1907//1907 1905//1905 1711//1711
f 1907//1907 1711//1711 1713//1713
f 1713//1713 1714//1714 1907//1907
f 1907//1907 1714//1714 1908//1908
f 1906//1906 1715//1715 1712//1712
f 1909//1909 1715//1715 1906//1906
f 1910//1910 1908//1908 1714//1714
f 1910//1910 1714//1714 1716//1716
f 1716//1716 1715//1715 1909//1909
f 1716//1716 1909//1909 1910//1910
f 1718//1718 1911//1911 1719//1719
f 1912//1912 1720//1720 1719//1719
f 1912//1912 1719//1719 1911//1911
f 1912//1912 1722//1722 1720//1720
f 1724//1724 1913//1913 1723//1723
f 1914//1914 1725//1725 1723//1723
f 1914//1914 1723//1723 1913//1913
f 1911//1911 1718//1718 1725//1725
f 1914//1914 1911//1911 1725//1725
f 1915//1915 1911//1911 1914//1914
f 1911//1911 1916//1916 1912//1912
f 1911//1911 1915//1915 1916//1916
f 1917//1917 1726//1726 1722//1722
f 1912//1912 1917//1917 1722//1722
f 1916//1916 1917//1917 1912//1912
f 1917//1917 1728//1728 1726//1726
f 1730//1730 1918//1918 1729//1729
f 1913//1913 1724//1724 1729//1729
f 1918//1918 1913//1913 1729//1729
f 1919//1919 1913//1913 1918//1918
f 1913//1913 1920//1920 1914//1914
f 1913//1913 1919//1919 1920//1920
f 1914//1914 1921//1921 1915//1915
f 1914//1914 1920//1920 1921//1921
f 1915//1915 1922//1922 1916//1916
f 1915//1915 1921//1921 1922//1922
f 1916//1916 1923//1923 1917//1917
f 1916//1916 1922//1922 1923//1923
f 1924//1924 1731//1731 1728//1728
f 1917//1917 1924//1924 1728//1728
f 1923//1923 1924//1924 1917//1917
f 1924//1924 1732//1732 1731//1731
f 1734//1734 1925//1925 1733//1733
f 1918//1918 1730//1730 1733//1733
f 1925//1925 1918//1918 1733//1733
f 1926//1926 1918//1918 1925//1925
f 1918//1918 1927//1927 1919//1919
f 1918//1918 1926//1926 1927//1927
f 1919//1919 1928//1928 1920//1920
f 1919//1919 1927//1927 1928//1928
f 1928//1928 1736//1736 1737//1737
f 1921//1921 1928//1928 1737//1737
f 1920//1920 1928//1928 1921//1921
f 1921//1921 1737//1737 1738//1738
f 1929//1929 1921//1921 1738//1738
f 1922//1922 1921//1921 1929//1929
f 1922//1922 1930//1930 1923//1923
f 1922//1922 1929//1929 1930//1930
f 1923//1923 1931//1931 1924//1924
f 1923//1923 1930//1930 1931//1931
f 1931//1931 1739//1739 1732//1732
f 1931//1931 1732//1732 1924//1924
f 1741//1741 1932//1932 1740//1740
f 1925//1925 1734//1734 1740//1740
f 1932//1932 1925//1925 1740//1740
f 1933//1933 1925//1925 1932//1932
f 1925//1925 1934//1934 1926//1926
f 1925//1925 1933//1933 1934//1934
f 1926//1926 1935//1935 1927//1927
f 1926//1926 1934//1934 1935//1935
f 1935//1935 1742//1742 1743//1743
f 1928//1928 1935//1935 1743//1743
f 1927//1927 1935//1935 1928//1928
f 1928//1928 1743//1743 1736//1736
f 1744//1744 1936//1936 1929//1929
f 1744//1744 1929//1929 1738//1738
f 1929//1929 1937//1937 1930//1930
f 1929//1929 1936//1936 1937//1937
f 1930//1930 1938//1938 1931//1931
f 1930//1930 1937//1937 1938//1938
f 1938//1938 1745//1745 1739//1739
f 1938//1938 1739//1739 1931//1931
f 1940//1940 1939//1939 1932//1932
f 1741//1741 1940//1940 1932//1932
f 1746//1746 1940//1940 1741//1741
f 1932//1932 1939//1939 1933//1933
f 1933//1933 1939//1939 1941//1941
f 1933//1933 1941//1941 1934//1934
f 1934//1934 1941//1941 1942//1942
f 1934//1934 1942//1942 1935//1935
f 1935//1935 1942//1942 1943//1943
f 1943//1943 1945//1945 1944//1944
f 1943//1943 1944//1944 1747//1747
f 1935//1935 1943//1943 1747//1747
f 1742//1742 1935//1935 1747//1747
f 1944//1944 1748//1748 1747//1747
f 1749//1749 1946//1946 1936//1936
f 1749//1749 1936//1936 1744//1744
f 1936//1936 1947//1947 1937//1937
f 1936//1936 1946//1946 1947//1947
f 1937//1937 1948//1948 1938//1938
f 1937//1937 1947//1947 1948//1948
f 1948//1948 1750//1750 1745//1745
f 1948//1948 1745//1745 1938//1938
f 1950//1950 1949//1949 1751//1751
f 1950//1950 1751//1751 1752//1752
f 1746//1746 1751//1751 1940//1940
f 1940//1940 1751//1751 1949//1949
f 1945//1945 1951//1951 1944//1944
f 1944//1944 1951//1951 1748//1748
f 1951//1951 1753//1753 1748//1748
f 1951//1951 1952//1952 1753//1753
f 1749//1749 1753//1753 1946//1946
f 1753//1753 1953//1953 1946//1946
f 1753//1753 1952//1952 1953//1953
f 1955//1955 1954//1954 1953//1953
f 1954//1954 1946//1946 1953//1953
f 1954//1954 1947//1947 1946//1946
f 1947//1947 1956//1956 1948//1948
f 1947//1947 1954//1954 1956//1956
f 1956//1956 1754//1754 1750//1750
f 1956//1956 1750//1750 1948//1948
f 1958//1958 1957//1957 1755//1755
f 1958//1958 1755//1755 1756//1756
f 1752//1752 1755//1755 1950//1950
f 1950//1950 1755//1755 1957//1957
f 1959//1959 1757//1757 1758//1758
f 1959//1959 1758//1758 1960//1960
f 1758//1758 1961//1961 1960//1960
f 1758//1758 1759//1759 1961//1961
f 1962//1962 1759//1759 1760//1760
f 1962//1962 1961//1961 1759//1759
f 1963//1963 1760//1760 1761//1761
f 1963//1963 1962//1962 1760//1760
f 1761//1761 1763//1763 1963//1963
f 1963//1963 1763//1763 1964//1964
f 1955//1955 1965//1965 1954//1954
f 1954//1954 1965//1965 1956//1956
f 1956//1956 1965//1965 1966//1966
f 1754//1754 1956//1956 1966//1966
f 1967//1967 1754//1754 1966//1966
f 1764//1764 1754//1754 1967//1967
f 1969//1969 1968//1968 1765//1765
f 1969//1969 1765//1765 1766//1766
f 1756//1756 1765//1765 1958//1958
f 1958//1958 1765//1765 1968//1968
f 1970//1970 1767//1767 1768//1768
f 1971//1971 1970//1970 1768//1768
f 1971//1971 1768//1768 1757//1757
f 1972//1972 1971//1971 1757//1757
f 1959//1959 1972//1972 1757//1757
f 1972//1972 1959//1959 1960//1960
f 1973//1973 1964//1964 1763//1763
f 1973//1973 1763//1763 1769//1769
f 1974//1974 1769//1769 1770//1770
f 1974//1974 1973//1973 1769//1769
f 1975//1975 1770//1770 1771//1771
f 1975//1975 1974//1974 1770//1770
f 1771//1771 1772//1772 1975//1975
f 1975//1975 1772//1772 1976//1976
f 1967//1967 1977//1977 1764//1764
f 1764//1764 1977//1977 1773//1773
f 1774//1774 1773//1773 1977//1977
f 1774//1774 1977//1977 1978//1978
f 1775//1775 1969//1969 1766//1766
f 1775//1775 1979//1979 1969//1969
f 1980//1980 1776//1776 1777//1777
f 1981//1981 1980//1980 1777//1777
f 1981//1981 1777//1777 1767//1767
f 1982//1982 1981//1981 1767//1767
f 1970//1970 1982//1982 1767//1767
f 1982//1982 1970//1970 1971//1971
f 1983//1983 1976//1976 1772//1772
f 1983//1983 1772//1772 1778//1778
f 1778//1778 1779//1779 1983//1983
f 1983//1983 1779//1779 1984//1984
f 1978//1978 1780//1780 1774//1774
f 1985//1985 1780//1780 1978//1978
f 1781//1781 1979//1979 1775//1775
f 1781//1781 1986//1986 1979//1979
f 1988//1988 1987//1987 1980//1980
f 1987//1987 1776//1776 1980//1980
f 1987//1987 1782//1782 1776//1776
f 1988//1988 1980//1980 1981//1981
f 1989//1989 1984//1984 1779//1779
f 1989//1989 1779//1779 1783//1783
f 1783//1783 1784//1784 1989//1989
f 1989//1989 1784//1784 1990//1990
f 1985//1985 1785//1785 1780//1780
f 1991//1991 1785//1785 1985//1985
f 1786//1786 1986//1986 1781//1781
f 1786//1786 1992//1992 1986//1986
f 1987//1987 1787//1787 1782//1782
f 1993//1993 1787//1787 1987//1987
f 1788//1788 1990//1990 1784//1784
f 1788//1788 1994//1994 1990//1990
f 1789//1789 1785//1785 1995//1995
f 1785//1785 1996//1996 1995//1995
f 1785//1785 1991//1991 1996//1996
f 1995//1995 1790//1790 1789//1789
f 1791//1791 1992//1992 1786//1786
f 1791//1791 1997//1997 1992//1992
f 1993//1993 1792//1792 1787//1787
f 1998//1998 1792//1792 1993//1993
f 1793//1793 1994//1994 1788//1788
f 1793//1793 1999//1999 1994//1994
f 1996//1996 2000//2000 1995//1995
f 1790//1790 1995//1995 2000//2000
f 2001//2001 1790//1790 2000//2000
f 1794//1794 1790//1790 2001//2001
f 1795//1795 1997//1997 1791//1791
f 1795//1795 2002//2002 1997//1997
f 1998//1998 1796//1796 1792//1792
f 2003//2003 1796//1796 1998//1998
f 1797//1797 1999//1999 1793//1793
f 1797//1797 2004//2004 1999//1999
f 1798//1798 1794//1794 2005//2005
f 1794//1794 2006//2006 2005//2005
f 1794//1794 2001//2001 2006//2006
f 2007//2007 1799//1799 1798//1798
f 2007//2007 1798//1798 2005//2005
f 2007//2007 1800//1800 1799//1799
f 1801//1801 2002//2002 1795//1795
f 1801//1801 2008//2008 2002//2002
f 2003//2003 1802//1802 1796//1796
f 2009//2009 1802//1802 2003//2003
f 1804//1804 2004//2004 1797//1797
f 1804//1804 2010//2010 2004//2004
f 2006//2006 2011//2011 2005//2005
f 2005//2005 2011//2011 2007//2007
f 2007//2007 2011//2011 2012//2012
f 1800//1800 2007//2007 2012//2012
f 2013//2013 1800//1800 2012//2012
f 1805//1805 1800//1800 2013//2013
f 1806//1806 2008//2008 1801//1801
f 1806//1806 2014//2014 2008//2008
f 2009//2009 1807//1807 1802//1802
f 2015//2015 1807//1807 2009//2009
f 1804//1804 1808//1808 2016//2016
f 2017//2017 1804//1804 2016//2016
f 2010//2010 1804//1804 2017//2017
f 1809//1809 2016//2016 1808//1808
f 2013//2013 1810//1810 1805//1805
f 2018//2018 1810//1810 2013//2013
f 1811//1811 2014//2014 1806//1806
f 1811//1811 2019//2019 2014//2014
f 2015//2015 1812//1812 1807//1807
f 2020//2020 1812//1812 2015//2015
f 2017//2017 2016//2016 1814//1814
f 1815//1815 2017//2017 1814//1814
f 2021//2021 2017//2017 1815//1815
f 1814//1814 2016//2016 1809//1809
f 2018//2018 1816//1816 1810//1810
f 2022//2022 1816//1816 2018//2018
f 1817//1817 2019//2019 1811//1811
f 1817//1817 2023//2023 2019//2019
f 2020//2020 1818//1818 1812//1812
f 2024//2024 1818//1818 2020//2020
f 1819//1819 2021//2021 1815//1815
f 1819//1819 2025//2025 2021//2021
f 2028//2028 2027//2027 2026//2026
f 2030//2030 2029//2029 2026//2026
f 2026//2026 2029//2029 2028//2028
f 2022//2022 2029//2029 2030//2030
f 1820//1820 2022//2022 2030//2030
f 1816//1816 2022//2022 1820//1820
f 1821//1821 2023//2023 1817//1817
f 1821//1821 2031//2031 2023//2023
f 2024//2024 1822//1822 1818//1818
f 2032//2032 1822//1822 2024//2024
f 1823//1823 2025//2025 1819//1819
f 1823//1823 2033//2033 2025//2025
f 2026//2026 2027//2027 1825//1825
f 2027//2027 1824//1824 1825//1825
f 2027//2027 2034//2034 1824//1824
f 2026//2026 1825//1825 1826//1826
f 2026//2026 1826//1826 2030//2030
f 2030//2030 1826//1826 1820//1820
f 1827//1827 2031//2031 1821//1821
f 1827//1827 2035//2035 2031//2031
f 2032//2032 1828//1828 1822//1822
f 2036//2036 1828//1828 2032//2032
f 1829//1829 2033//2033 1823//1823
f 1829//1829 2037//2037 2033//2033
f 2034//2034 1830//1830 1824//1824
f 2038//2038 1830//1830 2034//2034
f 1831//1831 2035//2035 1827//1827
f 1831//1831 2039//2039 2035//2035
f 2036//2036 1832//1832 1828//1828
f 2040//2040 1832//1832 2036//2036
f 1833//1833 2037//2037 1829//1829
f 1833//1833 2041//2041 2037//2037
f 2043//2043 2042//2042 1835//1835
f 1835//1835 2042//2042 1834//1834
f 1835//1835 1830//1830 2038//2038
f 1835//1835 2038//2038 2043//2043
f 1836//1836 2039//2039 1831//1831
f 1836//1836 2044//2044 2039//2039
f 2046//2046 1837//1837 2045//2045
f 1837//1837 2040//2040 2045//2045
f 1837//1837 1832//1832 2040//2040
f 2047//2047 2046//2046 2045//2045
f 2049//2049 2048//2048 1838//1838
f 2049//2049 1838//1838 1839//1839
f 1833//1833 1838//1838 2041//2041
f 2041//2041 1838//1838 2048//2048
f 2042//2042 1840//1840 1834//1834
f 2050//2050 1840//1840 2042//2042
f 1841//1841 2044//2044 1836//1836
f 1841//1841 2051//2051 2044//2044
f 2046//2046 1842//1842 1837//1837
f 2053//2053 2052//2052 1843//1843
f 2053//2053 1843//1843 1842//1842
f 2047//2047 2053//2053 1842//1842
f 2046//2046 2047//2047 1842//1842
f 2054//2054 2052//2052 2053//2053
f 2056//2056 2055//2055 1845//1845
f 2056//2056 1845//1845 1846//1846
f 1839//1839 1845//1845 2049//2049
f 2049//2049 1845//1845 2055//2055
f 2050//2050 1847//1847 1840//1840
f 2057//2057 1847//1847 2050//2050
f 2058//2058 2051//2051 1841//1841
f 2058//2058 1841//1841 1848//1848
f 1848//1848 1849//1849 2058//2058
f 2058//2058 1849//1849 2059//2059
f 2052//2052 1850//1850 1843//1843
f 2054//2054 2060//2060 2052//2052
f 2060//2060 1850//1850 2052//2052
f 2060//2060 1851//1851 1850//1850
f 1851//1851 2061//2061 1853//1853
f 2060//2060 2061//2061 1851//1851
f 2063//2063 2062//2062 1854//1854
f 1853//1853 2063//2063 1854//1854
f 2061//2061 2063//2063 1853//1853
f 1856//1856 1857//1857 2062//2062
f 2063//2063 1856//1856 2062//2062
f 2064//2064 1856//1856 2063//2063
f 1856//1856 2065//2065 1858//1858
f 2064//2064 2065//2065 1856//1856
f 1858//1858 2066//2066 1860//1860
f 2065//2065 2066//2066 1858//1858
f 1860//1860 2067//2067 1861//1861
f 2066//2066 2067//2067 1860//1860
f 1846//1846 1861//1861 2056//2056
f 2056//2056 1861//1861 2067//2067
f 2057//2057 1862//1862 1847//1847
f 2068//2068 1862//1862 2057//2057
f 2069//2069 2059//2059 1849//1849
f 2069//2069 1849//1849 1863//1863
f 1863//1863 1864//1864 2069//2069
f 2069//2069 1864//1864 2070//2070
f 2062//2062 1865//1865 1854//1854
f 1865//1865 2062//2062 1857//1857
f 2073//2073 2072//2072 2071//2071
f 1866//1866 1867//1867 2071//2071
f 1867//1867 2073//2073 2071//2071
f 1867//1867 2074//2074 2073//2073
f 2075//2075 1867//1867 1868//1868
f 2075//2075 2074//2074 1867//1867
f 1868//1868 1862//1862 2068//2068
f 1868//1868 2068//2068 2075//2075
f 2076//2076 2070//2070 1864//1864
f 2076//2076 1864//1864 1869//1869
f 1869//1869 1870//1870 2076//2076
f 2076//2076 1870//1870 2077//2077
f 2079//2079 2078//2078 1872//1872
f 1872//1872 2078//2078 1871//1871
f 2080//2080 1872//1872 1873//1873
f 2080//2080 2079//2079 1872//1872
f 1874//1874 2071//2071 2072//2072
f 2080//2080 1874//1874 2072//2072
f 1873//1873 1874//1874 2080//2080
f 2071//2071 1874//1874 1866//1866
f 1875//1875 2082//2082 2081//2081
f 2077//2077 1875//1875 2081//2081
f 1870//1870 1875//1875 2077//2077
f 2082//2082 2083//2083 2081//2081
f 2084//2084 1877//1877 1878//1878
f 1879//1879 2084//2084 1878//1878
f 2078//2078 2085//2085 1871//1871
f 1871//1871 2085//2085 1880//1880
f 1882//1882 1880//1880 2085//2085
f 1882//1882 2085//2085 2086//2086
f 1883//1883 2082//2082 1875//1875
f 1883//1883 1884//1884 2082//2082
f 1884//1884 2083//2083 2082//2082
f 1884//1884 2087//2087 2083//2083
f 2084//2084 1885//1885 1877//1877
f 1885//1885 2084//2084 1879//1879
f 2086//2086 2088//2088 1882//1882
f 1882//1882 2088//2088 1887//1887
f 2088//2088 2090//2090 2089//2089
f 1888//1888 2088//2088 2089//2089
f 1887//1887 2088//2088 1888//1888
f 2091//2091 1889//1889 1888//1888
f 2091//2091 1888//1888 2089//2089
f 2091//2091 1890//1890 1889//1889
f 2092//2092 2087//2087 1884//1884
f 2092//2092 1884//1884 1891//1891
f 2094//2094 2093//2093 1892//1892
f 2093//2093 1891//1891 1892//1892
f 2093//2093 2092//2092 1891//1891
f 2094//2094 2095//2095 2093//2093
f 2089//2089 2090//2090 2096//2096
f 2096//2096 2090//2090 2097//2097
f 2089//2089 2098//2098 2091//2091
f 2089//2089 2096//2096 2098//2098
f 2099//2099 1893//1893 1890//1890
f 2091//2091 2099//2099 1890//1890
f 2098//2098 2099//2099 2091//2091
f 2099//2099 1894//1894 1893//1893
f 1895//1895 2094//2094 1892//1892
f 2100//2100 2095//2095 2094//2094
f 1895//1895 2100//2100 2094//2094
f 1896//1896 2100//2100 1895//1895
f 2101//2101 1896//1896 1897//1897
f 2101//2101 2100//2100 1896//1896
f 2103//2103 2102//2102 1898//1898
f 2102//2102 1897//1897 1898//1898
f 2102//2102 2101//2101 1897//1897
f 2105//2105 2104//2104 2103//2103
f 2103//2103 2104//2104 2102//2102
f 2104//2104 2105//2105 2097//2097
f 2105//2105 2096//2096 2097//2097
f 2105//2105 2106//2106 2096//2096
f 2096//2096 2107//2107 2098//2098
f 2096//2096 2106//2106 2107//2107
f 2098//2098 2108//2108 2099//2099
f 2098//2098 2107//2107 2108//2108
f 2108//2108 1899//1899 1894//1894
f 2108//2108 1894//1894 2099//2099
f 1900//1900 2103//2103 1898//1898
f 2103//2103 1900//1900 1901//1901
f 2103//2103 1901//1901 2105//2105
f 2105//2105 1901//1901 1902//1902
f 2109//2109 2105//2105 1902//1902
f 2106//2106 2105//2105 2109//2109
f 2106//2106 2110//2110 2107//2107
f 2106//2106 2109//2109 2110//2110
f 2107//2107 2111//2111 2108//2108
f 2107//2107 2110//2110 2111//2111
f 2111//2111 1903//1903 1899//1899
f 2111//2111 1899//1899 2108//2108
f 1904//1904 2109//2109 1902//1902
f 2109//2109 1904//1904 1905//1905
f 2112//2112 2109//2109 1905//1905
f 2110//2110 2109//2109 2112//2112
f 2110//2110 2113//2113 2111//2111
f 2110//2110 2112//2112 2113//2113
f 2113//2113 1906//1906 1903//1903
f 2113//2113 1903//1903 2111//2111
f 1907//1907 2112//2112 1905//1905
f 2112//2112 1907//1907 1908//1908
f 2114//2114 2112//2112 1908//1908
f 2113//2113 2112//2112 2114//2114
f 2114//2114 1909//1909 1906//1906
f 2114//2114 1906//1906 2113//2113
f 1910//1910 2114//2114 1908//1908
f 2114//2114 1910//1910 1909//1909
f 2116//2116 2115//2115 1939//1939
f 2116//2116 1939//1939 1940//1940
f 1939//1939 2117//2117 1941//1941
f 2115//2115 2117//2117 1939//1939
f 1941//1941 2118//2118 1942//1942
f 2117//2117 2118//2118 1941//1941
f 2118//2118 2120//2120 2119//2119
f 1943//1943 2118//2118 2119//2119
f 1942//1942 2118//2118 1943//1943
f 2119//2119 1945//1945 1943//1943
f 2122//2122 2121//2121 1949//1949
f 2122//2122 1949//1949 1950//1950
f 1940//1940 1949//1949 2116//2116
f 2116//2116 1949//1949 2121//2121
f 2120//2120 2123//2123 2119//2119
f 2119//2119 2123//2123 1945//1945
f 2123//2123 1951//1951 1945//1945
f 2123//2123 2124//2124 1951//1951
f 1951//1951 2125//2125 1952//1952
f 2124//2124 2125//2125 1951//1951
f 2125//2125 2127//2127 2126//2126
f 1953//1953 2125//2125 2126//2126
f 1952//1952 2125//2125 1953//1953
f 2126//2126 1955//1955 1953//1953
f 2129//2129 2128//2128 1957//1957
f 2129//2129 1957//1957 1958//1958
f 1950//1950 1957//1957 2122//2122
f 2122//2122 1957//1957 2128//2128
f 2130//2130 1960//1960 1961//1961
f 2130//2130 1961//1961 2131//2131
f 1961//1961 2132//2132 2131//2131
f 1961//1961 1962//1962 2132//2132
f 2134//2134 2132//2132 2133//2133
f 2132//2132 1963//1963 2133//2133
f 2132//2132 1962//1962 1963//1963
f 1964//1964 2133//2133 1963//1963
f 2127//2127 2135//2135 2126//2126
f 2126//2126 2135//2135 1955//1955
f 2135//2135 1965//1965 1955//1955
f 2135//2135 2136//2136 1965//1965
f 1965//1965 2137//2137 1966//1966
f 2136//2136 2137//2137 1965//1965
f 1967//1967 1966//1966 2137//2137
f 1967//1967 2137//2137 2138//2138
f 2140//2140 2139//2139 1968//1968
f 2140//2140 1968//1968 1969//1969
f 1958//1958 1968//1968 2129//2129
f 2129//2129 1968//1968 2139//2139
f 2142//2142 2141//2141 1972//1972
f 1972//1972 2141//2141 1971//1971
f 1972//1972 1960//1960 2130//2130
f 2143//2143 1972//1972 2130//2130
f 2142//2142 1972//1972 2143//2143
f 2143//2143 2130//2130 2131//2131
f 2144//2144 2134//2134 2133//2133
f 2144//2144 2133//2133 1964//1964
f 1973//1973 2144//2144 1964//1964
f 2145//2145 2144//2144 1973//1973
f 2146//2146 1973//1973 1974//1974
f 2146//2146 2145//2145 1973//1973
f 2148//2148 2146//2146 2147//2147
f 2146//2146 1975//1975 2147//2147
f 2146//2146 1974//1974 1975//1975
f 1976//1976 2147//2147 1975//1975
f 2138//2138 2149//2149 1967//1967
f 1967//1967 2149//2149 1977//1977
f 1978//1978 1977//1977 2149//2149
f 1978//1978 2149//2149 2150//2150
f 1979//1979 2140//2140 1969//1969
f 1979//1979 2151//2151 2140//2140
f 2153//2153 2152//2152 1982//1982
f 1982//1982 2152//2152 1981//1981
f 1982//1982 1971//1971 2141//2141
f 1982//1982 2141//2141 2153//2153
f 2154//2154 2148//2148 2147//2147
f 2154//2154 2147//2147 1976//1976
f 1983//1983 2154//2154 1976//1976
f 2155//2155 2154//2154 1983//1983
f 1983//1983 1984//1984 2155//2155
f 2155//2155 1984//1984 2156//2156
f 2150//2150 1985//1985 1978//1978
f 2157//2157 1985//1985 2150//2150
f 1986//1986 2151//2151 1979//1979
f 1986//1986 2158//2158 2151//2151
f 2160//2160 2159//2159 1988//1988
f 1988//1988 2159//2159 1987//1987
f 1988//1988 1981//1981 2152//2152
f 1988//1988 2152//2152 2160//2160
f 1984//1984 1989//1989 2161//2161
f 2162//2162 1984//1984 2161//2161
f 2156//2156 1984//1984 2162//2162
f 1990//1990 2161//2161 1989//1989
f 2157//2157 1991//1991 1985//1985
f 2163//2163 1991//1991 2157//2157
f 1992//1992 2158//2158 1986//1986
f 1992//1992 2164//2164 2158//2158
f 2159//2159 1993//1993 1987//1987
f 2165//2165 1993//1993 2159//2159
f 2166//2166 2162//2162 2161//2161
f 2161//2161 1990//1990 2166//2166
f 1990//1990 2167//2167 2166//2166
f 1990//1990 1994//1994 2167//2167
f 2163//2163 1996//1996 1991//1991
f 2168//2168 1996//1996 2163//2163
f 1997//1997 2164//2164 1992//1992
f 1997//1997 2169//2169 2164//2164
f 2165//2165 1998//1998 1993//1993
f 2170//2170 1998//1998 2165//2165
f 1999//1999 2167//2167 1994//1994
f 1999//1999 2171//2171 2167//2167
f 2168//2168 2172//2172 1996//1996
f 1996//1996 2172//2172 2000//2000
f 2001//2001 2000//2000 2172//2172
f 2001//2001 2172//2172 2173//2173
f 2002//2002 2169//2169 1997//1997
f 2002//2002 2174//2174 2169//2169
f 2170//2170 2003//2003 1998//1998
f 2175//2175 2003//2003 2170//2170
f 2004//2004 2171//2171 1999//1999
f 2004//2004 2176//2176 2171//2171
f 2173//2173 2006//2006 2001//2001
f 2177//2177 2006//2006 2173//2173
f 2008//2008 2174//2174 2002//2002
f 2008//2008 2178//2178 2174//2174
f 2175//2175 2009//2009 2003//2003
f 2179//2179 2009//2009 2175//2175
f 2010//2010 2176//2176 2004//2004
f 2010//2010 2180//2180 2176//2176
f 2011//2011 2006//2006 2181//2181
f 2006//2006 2182//2182 2181//2181
f 2006//2006 2177//2177 2182//2182
f 2183//2183 2012//2012 2011//2011
f 2183//2183 2011//2011 2181//2181
f 2183//2183 2013//2013 2012//2012
f 2014//2014 2178//2178 2008//2008
f 2014//2014 2184//2184 2178//2178
f 2179//2179 2015//2015 2009//2009
f 2185//2185 2015//2015 2179//2179
f 2017//2017 2180//2180 2010//2010
f 2017//2017 2186//2186 2180//2180
f 2181//2181 2182//2182 2187//2187
f 2187//2187 2182//2182 2188//2188
f 2181//2181 2189//2189 2183//2183
f 2181//2181 2187//2187 2189//2189
f 2189//2189 2018//2018 2013//2013
f 2189//2189 2013//2013 2183//2183
f 2019//2019 2184//2184 2014//2014
f 2019//2019 2190//2190 2184//2184
f 2185//2185 2020//2020 2015//2015
f 2191//2191 2020//2020 2185//2185
f 2021//2021 2186//2186 2017//2017
f 2021//2021 2192//2192 2186//2186
f 2187//2187 2188//2188 2193//2193
f 2193//2193 2188//2188 2194//2194
f 2187//2187 2195//2195 2189//2189
f 2187//2187 2193//2193 2195//2195
f 2195//2195 2022//2022 2018//2018
f 2195//2195 2018//2018 2189//2189
f 2023//2023 2190//2190 2019//2019
f 2023//2023 2196//2196 2190//2190
f 2191//2191 2024//2024 2020//2020
f 2197//2197 2024//2024 2191//2191
f 2025//2025 2192//2192 2021//2021
f 2025//2025 2198//2198 2192//2192
f 2193//2193 2194//2194 2028//2028
f 2194//2194 2027//2027 2028//2028
f 2194//2194 2199//2199 2027//2027
f 2193//2193 2028//2028 2029//2029
f 2193//2193 2029//2029 2195//2195
f 2195//2195 2029//2029 2022//2022
f 2031//2031 2196//2196 2023//2023
f 2031//2031 2200//2200 2196//2196
f 2197//2197 2032//2032 2024//2024
f 2201//2201 2032//2032 2197//2197
f 2033//2033 2198//2198 2025//2025
f 2033//2033 2202//2202 2198//2198
f 2199//2199 2034//2034 2027//2027
f 2203//2203 2034//2034 2199//2199
f 2035//2035 2200//2200 2031//2031
f 2035//2035 2204//2204 2200//2200
f 2201//2201 2036//2036 2032//2032
f 2205//2205 2036//2036 2201//2201
f 2037//2037 2202//2202 2033//2033
f 2037//2037 2206//2206 2202//2202
f 2209//2209 2208//2208 2207//2207
f 2203//2203 2209//2209 2207//2207
f 2038//2038 2203//2203 2207//2207
f 2034//2034 2203//2203 2038//2038
f 2039//2039 2204//2204 2035//2035
f 2039//2039 2210//2210 2204//2204
f 2205//2205 2040//2040 2036//2036
f 2211//2211 2040//2040 2205//2205
f 2214//2214 2213//2213 2212//2212
f 2213//2213 2206//2206 2212//2212
f 2206//2206 2041//2041 2212//2212
f 2206//2206 2037//2037 2041//2041
f 2207//2207 2208//2208 2043//2043
f 2208//2208 2042//2042 2043//2043
f 2208//2208 2215//2215 2042//2042
f 2207//2207 2043//2043 2038//2038
f 2044//2044 2210//2210 2039//2039
f 2044//2044 2216//2216 2210//2210
f 2211//2211 2217//2217 2040//2040
f 2040//2040 2217//2217 2045//2045
f 2047//2047 2045//2045 2217//2217
f 2047//2047 2217//2217 2218//2218
f 2214//2214 2212//2212 2048//2048
f 2049//2049 2214//2214 2048//2048
f 2219//2219 2214//2214 2049//2049
f 2048//2048 2212//2212 2041//2041
f 2215//2215 2050//2050 2042//2042
f 2220//2220 2050//2050 2215//2215
f 2051//2051 2216//2216 2044//2044
f 2051//2051 2221//2221 2216//2216
f 2218//2218 2222//2222 2047//2047
f 2047//2047 2222//2222 2053//2053
f 2054//2054 2053//2053 2222//2222
f 2054//2054 2222//2222 2223//2223
f 2226//2226 2225//2225 2224//2224
f 2055//2055 2056//2056 2224//2224
f 2225//2225 2055//2055 2224//2224
f 2227//2227 2055//2055 2225//2225
f 2049//2049 2055//2055 2219//2219
f 2219//2219 2055//2055 2227//2227
f 2220//2220 2057//2057 2050//2050
f 2228//2228 2057//2057 2220//2220
f 2229//2229 2221//2221 2051//2051
f 2229//2229 2051//2051 2058//2058
f 2058//2058 2059//2059 2229//2229
f 2229//2229 2059//2059 2230//2230
f 2223//2223 2231//2231 2054//2054
f 2054//2054 2231//2231 2060//2060
f 2060//2060 2232//2232 2061//2061
f 2231//2231 2232//2232 2060//2060
f 2061//2061 2233//2233 2063//2063
f 2232//2232 2233//2233 2061//2061
f 2233//2233 2235//2235 2234//2234
f 2064//2064 2233//2233 2234//2234
f 2063//2063 2233//2233 2064//2064
f 2064//2064 2234//2234 2236//2236
f 2237//2237 2064//2064 2236//2236
f 2065//2065 2064//2064 2237//2237
f 2065//2065 2238//2238 2066//2066
f 2237//2237 2238//2238 2065//2065
f 2224//2224 2067//2067 2226//2226
f 2067//2067 2238//2238 2226//2226
f 2067//2067 2066//2066 2238//2238
f 2067//2067 2224//2224 2056//2056
f 2241//2241 2240//2240 2239//2239
f 2228//2228 2241//2241 2239//2239
f 2068//2068 2228//2228 2239//2239
f 2057//2057 2228//2228 2068//2068
f 2242//2242 2230//2230 2059//2059
f 2242//2242 2059//2059 2069//2069
f 2069//2069 2070//2070 2242//2242
f 2242//2242 2070//2070 2243//2243
f 2235//2235 2244//2244 2234//2234
f 2234//2234 2244//2244 2236//2236
f 2246//2246 2245//2245 2073//2073
f 2073//2073 2245//2245 2072//2072
f 2247//2247 2073//2073 2074//2074
f 2247//2247 2246//2246 2073//2073
f 2075//2075 2239//2239 2240//2240
f 2247//2247 2075//2075 2240//2240
f 2074//2074 2075//2075 2247//2247
f 2239//2239 2075//2075 2068//2068
f 2248//2248 2243//2243 2070//2070
f 2248//2248 2070//2070 2076//2076
f 2076//2076 2077//2077 2248//2248
f 2248//2248 2077//2077 2249//2249
f 2252//2252 2251//2251 2250//2250
f 2254//2254 2253//2253 2250//2250
f 2250//2250 2253//2253 2252//2252
f 2078//2078 2079//2079 2254//2254
f 2079//2079 2253//2253 2254//2254
f 2079//2079 2255//2255 2253//2253
f 2256//2256 2079//2079 2080//2080
f 2256//2256 2255//2255 2079//2079
f 2080//2080 2072//2072 2245//2245
f 2080//2080 2245//2245 2256//2256
f 2257//2257 2249//2249 2077//2077
f 2257//2257 2077//2077 2081//2081
f 2259//2259 2258//2258 2083//2083
f 2258//2258 2081//2081 2083//2083
f 2258//2258 2257//2257 2081//2081
f 2261//2261 2260//2260 2259//2259
f 2259//2259 2260//2260 2258//2258
f 2260//2260 2261//2261 2251//2251
f 2261//2261 2250//2250 2251//2251
f 2261//2261 2262//2262 2250//2250
f 2250//2250 2263//2263 2254//2254
f 2250//2250 2262//2262 2263//2263
f 2264//2264 2085//2085 2078//2078
f 2254//2254 2264//2264 2078//2078
f 2263//2263 2264//2264 2254//2254
f 2264//2264 2086//2086 2085//2085
f 2087//2087 2265//2265 2259//2259
f 2087//2087 2259//2259 2083//2083
f 2259//2259 2266//2266 2261//2261
f 2259//2259 2265//2265 2266//2266
f 2261//2261 2267//2267 2262//2262
f 2261//2261 2266//2266 2267//2267
f 2262//2262 2268//2268 2263//2263
f 2262//2262 2267//2267 2268//2268
f 2263//2263 2269//2269 2264//2264
f 2263//2263 2268//2268 2269//2269
f 2270//2270 2088//2088 2086//2086
f 2264//2264 2270//2270 2086//2086
f 2269//2269 2270//2270 2264//2264
f 2270//2270 2090//2090 2088//2088
f 2092//2092 2265//2265 2087//2087
f 2265//2265 2092//2092 2093//2093
f 2265//2265 2093//2093 2266//2266
f 2266//2266 2093//2093 2095//2095
f 2271//2271 2266//2266 2095//2095
f 2267//2267 2266//2266 2271//2271
f 2267//2267 2272//2272 2268//2268
f 2267//2267 2271//2271 2272//2272
f 2268//2268 2273//2273 2269//2269
f 2268//2268 2272//2272 2273//2273
f 2269//2269 2274//2274 2270//2270
f 2269//2269 2273//2273 2274//2274
f 2274//2274 2097//2097 2090//2090
f 2274//2274 2090//2090 2270//2270
f 2100//2100 2271//2271 2095//2095
f 2271//2271 2100//2100 2101//2101
f 2271//2271 2101//2101 2272//2272
f 2272//2272 2101//2101 2102//2102
f 2272//2272 2102//2102 2273//2273
f 2273//2273 2102//2102 2104//2104
f 2273//2273 2104//2104 2274//2274
f 2274//2274 2104//2104 2097//2097
f 2116//2116 2275//2275 2115//2115
f 2276//2276 2117//2117 2115//2115
f 2276//2276 2115//2115 2275//2275
f 2277//2277 2118//2118 2117//2117
f 2277//2277 2117//2117 2276//2276
f 2277//2277 2120//2120 2118//2118
f 2122//2122 2278//2278 2121//2121
f 2278//2278 2279//2279 2121//2121
f 2121//2121 2279//2279 2116//2116
f 2279//2279 2280//2280 2116//2116
f 2280//2280 2275//2275 2116//2116
f 2275//2275 2280//2280 2276//2276
f 2276//2276 2280//2280 2281//2281
f 2276//2276 2281//2281 2277//2277
f 2277//2277 2281//2281 2282//2282
f 2277//2277 2282//2282 2120//2120
f 2282//2282 2123//2123 2120//2120
f 2282//2282 2283//2283 2123//2123
f 2123//2123 2284//2284 2124//2124
f 2283//2283 2284//2284 2123//2123
f 2284//2284 2286//2286 2285//2285
f 2125//2125 2284//2284 2285//2285
f 2124//2124 2284//2284 2125//2125
f 2285//2285 2127//2127 2125//2125
f 2288//2288 2287//2287 2128//2128
f 2288//2288 2128//2128 2129//2129
f 2122//2122 2128//2128 2278//2278
f 2128//2128 2289//2289 2278//2278
f 2128//2128 2287//2287 2289//2289
f 2278//2278 2289//2289 2279//2279
f 2290//2290 2131//2131 2132//2132
f 2134//2134 2290//2290 2132//2132
f 2286//2286 2291//2291 2285//2285
f 2285//2285 2291//2291 2127//2127
f 2291//2291 2135//2135 2127//2127
f 2291//2291 2292//2292 2135//2135
f 2135//2135 2293//2293 2136//2136
f 2292//2292 2293//2293 2135//2135
f 2293//2293 2295//2295 2294//2294
f 2137//2137 2293//2293 2294//2294
f 2136//2136 2293//2293 2137//2137
f 2294//2294 2138//2138 2137//2137
f 2140//2140 2296//2296 2139//2139
f 2296//2296 2297//2297 2139//2139
f 2297//2297 2129//2129 2139//2139
f 2297//2297 2288//2288 2129//2129
f 2299//2299 2298//2298 2142//2142
f 2142//2142 2298//2298 2141//2141
f 2300//2300 2142//2142 2143//2143
f 2300//2300 2299//2299 2142//2142
f 2143//2143 2131//2131 2290//2290
f 2301//2301 2143//2143 2290//2290
f 2300//2300 2143//2143 2301//2301
f 2301//2301 2290//2290 2134//2134
f 2144//2144 2301//2301 2134//2134
f 2302//2302 2301//2301 2144//2144
f 2304//2304 2302//2302 2303//2303
f 2302//2302 2145//2145 2303//2303
f 2302//2302 2144//2144 2145//2145
f 2146//2146 2305//2305 2145//2145
f 2145//2145 2305//2305 2303//2303
f 2148//2148 2305//2305 2146//2146
f 2295//2295 2306//2306 2294//2294
f 2294//2294 2306//2306 2138//2138
f 2306//2306 2149//2149 2138//2138
f 2306//2306 2307//2307 2149//2149
f 2150//2150 2149//2149 2307//2307
f 2150//2150 2307//2307 2308//2308
f 2310//2310 2309//2309 2296//2296
f 2140//2140 2310//2310 2296//2296
f 2151//2151 2310//2310 2140//2140
f 2296//2296 2309//2309 2297//2297
f 2311//2311 2152//2152 2153//2153
f 2312//2312 2311//2311 2153//2153
f 2141//2141 2312//2312 2153//2153
f 2298//2298 2312//2312 2141//2141
f 2313//2313 2304//2304 2303//2303
f 2313//2313 2303//2303 2305//2305
f 2313//2313 2305//2305 2314//2314
f 2314//2314 2305//2305 2148//2148
f 2154//2154 2314//2314 2148//2148
f 2315//2315 2314//2314 2154//2154
f 2317//2317 2315//2315 2316//2316
f 2315//2315 2155//2155 2316//2316
f 2315//2315 2154//2154 2155//2155
f 2156//2156 2316//2316 2155//2155
f 2308//2308 2157//2157 2150//2150
f 2318//2318 2157//2157 2308//2308
f 2158//2158 2310//2310 2151//2151
f 2158//2158 2319//2319 2310//2310
f 2320//2320 2159//2159 2160//2160
f 2321//2321 2320//2320 2160//2160
f 2321//2321 2160//2160 2152//2152
f 2322//2322 2321//2321 2152//2152
f 2311//2311 2322//2322 2152//2152
f 2322//2322 2311//2311 2312//2312
f 2323//2323 2317//2317 2316//2316
f 2316//2316 2156//2156 2323//2323
f 2156//2156 2324//2324 2323//2323
f 2156//2156 2162//2162 2324//2324
f 2318//2318 2163//2163 2157//2157
f 2325//2325 2163//2163 2318//2318
f 2164//2164 2319//2319 2158//2158
f 2164//2164 2326//2326 2319//2319
f 2328//2328 2327//2327 2320//2320
f 2327//2327 2159//2159 2320//2320
f 2327//2327 2165//2165 2159//2159
f 2328//2328 2320//2320 2321//2321
f 2162//2162 2166//2166 2329//2329
f 2330//2330 2162//2162 2329//2329
f 2324//2324 2162//2162 2330//2330
f 2167//2167 2329//2329 2166//2166
f 2325//2325 2168//2168 2163//2163
f 2331//2331 2168//2168 2325//2325
f 2169//2169 2326//2326 2164//2164
f 2169//2169 2332//2332 2326//2326
f 2327//2327 2170//2170 2165//2165
f 2333//2333 2170//2170 2327//2327
f 2334//2334 2330//2330 2329//2329
f 2329//2329 2167//2167 2334//2334
f 2167//2167 2335//2335 2334//2334
f 2167//2167 2171//2171 2335//2335
f 2172//2172 2168//2168 2336//2336
f 2168//2168 2337//2337 2336//2336
f 2168//2168 2331//2331 2337//2337
f 2336//2336 2173//2173 2172//2172
f 2174//2174 2332//2332 2169//2169
f 2174//2174 2338//2338 2332//2332
f 2333//2333 2175//2175 2170//2170
f 2339//2339 2175//2175 2333//2333
f 2176//2176 2335//2335 2171//2171
f 2176//2176 2340//2340 2335//2335
f 2336//2336 2337//2337 2341//2341
f 2341//2341 2337//2337 2342//2342
f 2341//2341 2177//2177 2173//2173
f 2341//2341 2173//2173 2336//2336
f 2178//2178 2338//2338 2174//2174
f 2178//2178 2343//2343 2338//2338
f 2339//2339 2179//2179 2175//2175
f 2344//2344 2179//2179 2339//2339
f 2180//2180 2340//2340 2176//2176
f 2180//2180 2345//2345 2340//2340
f 2342//2342 2346//2346 2341//2341
f 2177//2177 2341//2341 2346//2346
f 2347//2347 2177//2177 2346//2346
f 2182//2182 2177//2177 2347//2347
f 2184//2184 2343//2343 2178//2178
f 2184//2184 2348//2348 2343//2343
f 2344//2344 2185//2185 2179//2179
f 2349//2349 2185//2185 2344//2344
f 2186//2186 2345//2345 2180//2180
f 2186//2186 2350//2350 2345//2345
f 2347//2347 2188//2188 2182//2182
f 2351//2351 2188//2188 2347//2347
f 2190//2190 2348//2348 2184//2184
f 2190//2190 2352//2352 2348//2348
f 2349//2349 2191//2191 2185//2185
f 2353//2353 2191//2191 2349//2349
f 2192//2192 2350//2350 2186//2186
f 2192//2192 2354//2354 2350//2350
f 2351//2351 2194//2194 2188//2188
f 2355//2355 2194//2194 2351//2351
f 2196//2196 2352//2352 2190//2190
f 2196//2196 2356//2356 2352//2352
f 2353//2353 2197//2197 2191//2191
f 2357//2357 2197//2197 2353//2353
f 2198//2198 2354//2354 2192//2192
f 2198//2198 2358//2358 2354//2354
f 2361//2361 2360//2360 2359//2359
f 2355//2355 2361//2361 2359//2359
f 2199//2199 2355//2355 2359//2359
f 2194//2194 2355//2355 2199//2199
f 2200//2200 2356//2356 2196//2196
f 2200//2200 2362//2362 2356//2356
f 2357//2357 2201//2201 2197//2197
f 2363//2363 2201//2201 2357//2357
f 2202//2202 2358//2358 2198//2198
f 2202//2202 2364//2364 2358//2358
f 2359//2359 2360//2360 2365//2365
f 2365//2365 2360//2360 2366//2366
f 2365//2365 2203//2203 2199//2199
f 2365//2365 2199//2199 2359//2359
f 2204//2204 2362//2362 2200//2200
f 2204//2204 2367//2367 2362//2362
f 2363//2363 2205//2205 2201//2201
f 2368//2368 2205//2205 2363//2363
f 2371//2371 2370//2370 2369//2369
f 2370//2370 2364//2364 2369//2369
f 2364//2364 2206//2206 2369//2369
f 2364//2364 2202//2202 2206//2206
f 2365//2365 2366//2366 2209//2209
f 2366//2366 2208//2208 2209//2209
f 2366//2366 2372//2372 2208//2208
f 2365//2365 2209//2209 2203//2203
f 2210//2210 2367//2367 2204//2204
f 2210//2210 2373//2373 2367//2367
f 2375//2375 2211//2211 2374//2374
f 2211//2211 2368//2368 2374//2374
f 2211//2211 2205//2205 2368//2368
f 2376//2376 2375//2375 2374//2374
f 2371//2371 2369//2369 2213//2213
f 2214//2214 2371//2371 2213//2213
f 2377//2377 2371//2371 2214//2214
f 2213//2213 2369//2369 2206//2206
f 2372//2372 2215//2215 2208//2208
f 2378//2378 2215//2215 2372//2372
f 2216//2216 2373//2373 2210//2210
f 2216//2216 2379//2379 2373//2373
f 2375//2375 2217//2217 2211//2211
f 2218//2218 2217//2217 2375//2375
f 2376//2376 2218//2218 2375//2375
f 2380//2380 2218//2218 2376//2376
f 2383//2383 2382//2382 2381//2381
f 2382//2382 2377//2377 2381//2381
f 2377//2377 2219//2219 2381//2381
f 2377//2377 2214//2214 2219//2219
f 2378//2378 2220//2220 2215//2215
f 2384//2384 2220//2220 2378//2378
f 2221//2221 2379//2379 2216//2216
f 2221//2221 2385//2385 2379//2379
f 2380//2380 2386//2386 2218//2218
f 2218//2218 2386//2386 2222//2222
f 2223//2223 2222//2222 2386//2386
f 2223//2223 2386//2386 2387//2387
f 2390//2390 2389//2389 2388//2388
f 2225//2225 2226//2226 2388//2388
f 2389//2389 2225//2225 2388//2388
f 2391//2391 2225//2225 2389//2389
f 2381//2381 2227//2227 2383//2383
f 2227//2227 2391//2391 2383//2383
f 2227//2227 2225//2225 2391//2391
f 2227//2227 2381//2381 2219//2219
f 2384//2384 2228//2228 2220//2220
f 2392//2392 2228//2228 2384//2384
f 2393//2393 2385//2385 2221//2221
f 2393//2393 2221//2221 2229//2229
f 2229//2229 2230//2230 2393//2393
f 2393//2393 2230//2230 2394//2394
f 2387//2387 2395//2395 2223//2223
f 2223//2223 2395//2395 2231//2231
f 2231//2231 2396//2396 2232//2232
f 2395//2395 2396//2396 2231//2231
f 2232//2232 2397//2397 2233//2233
f 2396//2396 2397//2397 2232//2232
f 2399//2399 2398//2398 2235//2235
f 2233//2233 2399//2399 2235//2235
f 2397//2397 2399//2399 2233//2233
f 2237//2237 2236//2236 2398//2398
f 2399//2399 2237//2237 2398//2398
f 2400//2400 2237//2237 2399//2399
f 2388//2388 2238//2238 2390//2390
f 2238//2238 2400//2400 2390//2390
f 2238//2238 2237//2237 2400//2400
f 2238//2238 2388//2388 2226//2226
f 2403//2403 2402//2402 2401//2401
f 2240//2240 2241//2241 2401//2401
f 2241//2241 2403//2403 2401//2401
f 2241//2241 2404//2404 2403//2403
f 2241//2241 2228//2228 2392//2392
f 2241//2241 2392//2392 2404//2404
f 2405//2405 2394//2394 2230//2230
f 2405//2405 2230//2230 2242//2242
f 2242//2242 2243//2243 2405//2405
f 2405//2405 2243//2243 2406//2406
f 2398//2398 2244//2244 2235//2235
f 2244//2244 2398//2398 2236//2236
f 2409//2409 2408//2408 2407//2407
f 2245//2245 2246//2246 2407//2407
f 2246//2246 2409//2409 2407//2407
f 2246//2246 2410//2410 2409//2409
f 2247//2247 2401//2401 2402//2402
f 2410//2410 2247//2247 2402//2402
f 2246//2246 2247//2247 2410//2410
f 2401//2401 2247//2247 2240//2240
f 2411//2411 2406//2406 2243//2243
f 2411//2411 2243//2243 2248//2248
f 2413//2413 2412//2412 2249//2249
f 2412//2412 2248//2248 2249//2249
f 2412//2412 2411//2411 2248//2248
f 2415//2415 2414//2414 2413//2413
f 2413//2413 2414//2414 2412//2412
f 2417//2417 2416//2416 2415//2415
f 2415//2415 2416//2416 2414//2414
f 2251//2251 2252//2252 2417//2417
f 2252//2252 2416//2416 2417//2417
f 2252//2252 2418//2418 2416//2416
f 2419//2419 2252//2252 2253//2253
f 2419//2419 2418//2418 2252//2252
f 2420//2420 2253//2253 2255//2255
f 2420//2420 2419//2419 2253//2253
f 2256//2256 2407//2407 2408//2408
f 2420//2420 2256//2256 2408//2408
f 2255//2255 2256//2256 2420//2420
f 2407//2407 2256//2256 2245//2245
f 2257//2257 2413//2413 2249//2249
f 2413//2413 2257//2257 2258//2258
f 2413//2413 2258//2258 2415//2415
f 2415//2415 2258//2258 2260//2260
f 2415//2415 2260//2260 2417//2417
f 2417//2417 2260//2260 2251//2251
f 2422//2422 2421//2421 2280//2280
f 2422//2422 2280//2280 2279//2279
f 2280//2280 2423//2423 2281//2281
f 2421//2421 2423//2423 2280//2280
f 2281//2281 2424//2424 2282//2282
f 2423//2423 2424//2424 2281//2281
f 2282//2282 2425//2425 2283//2283
f 2424//2424 2425//2425 2282//2282
f 2425//2425 2427//2427 2426//2426
f 2284//2284 2425//2425 2426//2426
f 2283//2283 2425//2425 2284//2284
f 2426//2426 2286//2286 2284//2284
f 2288//2288 2428//2428 2287//2287
f 2287//2287 2428//2428 2429//2429
f 2430//2430 2287//2287 2429//2429
f 2289//2289 2287//2287 2430//2430
f 2279//2279 2289//2289 2422//2422
f 2422//2422 2289//2289 2430//2430
f 2427//2427 2431//2431 2426//2426
f 2426//2426 2431//2431 2286//2286
f 2431//2431 2291//2291 2286//2286
f 2431//2431 2432//2432 2291//2291
f 2291//2291 2433//2433 2292//2292
f 2432//2432 2433//2433 2291//2291
f 2433//2433 2435//2435 2434//2434
f 2293//2293 2433//2433 2434//2434
f 2292//2292 2433//2433 2293//2293
f 2434//2434 2295//2295 2293//2293
f 2437//2437 2436//2436 2428//2428
f 2288//2288 2437//2437 2428//2428
f 2297//2297 2437//2437 2288//2288
f 2428//2428 2436//2436 2429//2429
f 2438//2438 2298//2298 2299//2299
f 2300//2300 2439//2439 2299//2299
f 2299//2299 2439//2439 2438//2438
f 2301//2301 2440//2440 2300//2300
f 2300//2300 2440//2440 2439//2439
f 2302//2302 2441//2441 2301//2301
f 2301//2301 2441//2441 2440//2440
f 2304//2304 2441//2441 2302//2302
f 2435//2435 2442//2442 2434//2434
f 2434//2434 2442//2442 2295//2295
f 2442//2442 2306//2306 2295//2295
f 2442//2442 2443//2443 2306//2306
f 2443//2443 2445//2445 2444//2444
f 2307//2307 2443//2443 2444//2444
f 2306//2306 2443//2443 2307//2307
f 2444//2444 2308//2308 2307//2307
f 2447//2447 2446//2446 2309//2309
f 2447//2447 2309//2309 2310//2310
f 2297//2297 2309//2309 2437//2437
f 2437//2437 2309//2309 2446//2446
f 2449//2449 2448//2448 2438//2438
f 2448//2448 2298//2298 2438//2438
f 2448//2448 2312//2312 2298//2298
f 2449//2449 2438//2438 2439//2439
f 2449//2449 2439//2439 2450//2450
f 2450//2450 2439//2439 2440//2440
f 2450//2450 2440//2440 2451//2451
f 2451//2451 2440//2440 2441//2441
f 2451//2451 2441//2441 2452//2452
f 2452//2452 2441//2441 2304//2304
f 2313//2313 2452//2452 2304//2304
f 2453//2453 2452//2452 2313//2313
f 2455//2455 2453//2453 2454//2454
f 2453//2453 2314//2314 2454//2454
f 2453//2453 2313//2313 2314//2314
f 2315//2315 2456//2456 2314//2314
f 2314//2314 2456//2456 2454//2454
f 2317//2317 2456//2456 2315//2315
f 2445//2445 2457//2457 2444//2444
f 2308//2308 2444//2444 2457//2457
f 2458//2458 2308//2308 2457//2457
f 2318//2318 2308//2308 2458//2458
f 2319//2319 2447//2447 2310//2310
f 2319//2319 2459//2459 2447//2447
f 2460//2460 2321//2321 2322//2322
f 2461//2461 2460//2460 2322//2322
f 2312//2312 2461//2461 2322//2322
f 2448//2448 2461//2461 2312//2312
f 2462//2462 2455//2455 2454//2454
f 2462//2462 2454//2454 2456//2456
f 2462//2462 2456//2456 2463//2463
f 2465//2465 2463//2463 2464//2464
f 2464//2464 2463//2463 2323//2323
f 2463//2463 2456//2456 2323//2323
f 2456//2456 2317//2317 2323//2323
f 2324//2324 2464//2464 2323//2323
f 2458//2458 2325//2325 2318//2318
f 2466//2466 2325//2325 2458//2458
f 2326//2326 2459//2459 2319//2319
f 2326//2326 2467//2467 2459//2459
f 2468//2468 2327//2327 2328//2328
f 2469//2469 2468//2468 2328//2328
f 2469//2469 2328//2328 2321//2321
f 2470//2470 2469//2469 2321//2321
f 2460//2460 2470//2470 2321//2321
f 2470//2470 2460//2460 2461//2461
f 2471//2471 2465//2465 2464//2464
f 2464//2464 2324//2324 2471//2471
f 2324//2324 2472//2472 2471//2471
f 2324//2324 2330//2330 2472//2472
f 2466//2466 2331//2331 2325//2325
f 2473//2473 2331//2331 2466//2466
f 2332//2332 2467//2467 2326//2326
f 2332//2332 2474//2474 2467//2467
f 2476//2476 2475//2475 2468//2468
f 2475//2475 2327//2327 2468//2468
f 2475//2475 2333//2333 2327//2327
f 2476//2476 2468//2468 2469//2469
f 2330//2330 2334//2334 2477//2477
f 2478//2478 2330//2330 2477//2477
f 2472//2472 2330//2330 2478//2478
f 2335//2335 2477//2477 2334//2334
f 2473//2473 2337//2337 2331//2331
f 2479//2479 2337//2337 2473//2473
f 2338//2338 2474//2474 2332//2332
f 2338//2338 2480//2480 2474//2474
f 2475//2475 2339//2339 2333//2333
f 2481//2481 2339//2339 2475//2475
f 2482//2482 2478//2478 2477//2477
f 2477//2477 2335//2335 2482//2482
f 2335//2335 2483//2483 2482//2482
f 2335//2335 2340//2340 2483//2483
f 2479//2479 2342//2342 2337//2337
f 2484//2484 2342//2342 2479//2479
f 2343//2343 2480//2480 2338//2338
f 2343//2343 2485//2485 2480//2480
f 2481//2481 2344//2344 2339//2339
f 2486//2486 2344//2344 2481//2481
f 2345//2345 2483//2483 2340//2340
f 2345//2345 2487//2487 2483//2483
f 2346//2346 2342//2342 2488//2488
f 2342//2342 2489//2489 2488//2488
f 2342//2342 2484//2484 2489//2489
f 2488//2488 2347//2347 2346//2346
f 2348//2348 2485//2485 2343//2343
f 2348//2348 2490//2490 2485//2485
f 2486//2486 2349//2349 2344//2344
f 2491//2491 2349//2349 2486//2486
f 2350//2350 2487//2487 2345//2345
f 2350//2350 2492//2492 2487//2487
f 2488//2488 2489//2489 2493//2493
f 2493//2493 2489//2489 2494//2494
f 2493//2493 2351//2351 2347//2347
f 2493//2493 2347//2347 2488//2488
f 2352//2352 2490//2490 2348//2348
f 2352//2352 2495//2495 2490//2490
f 2491//2491 2353//2353 2349//2349
f 2496//2496 2353//2353 2491//2491
f 2354//2354 2492//2492 2350//2350
f 2354//2354 2497//2497 2492//2492
f 2493//2493 2494//2494 2498//2498
f 2498//2498 2494//2494 2499//2499
f 2498//2498 2355//2355 2351//2351
f 2498//2498 2351//2351 2493//2493
f 2356//2356 2495//2495 2352//2352
f 2356//2356 2500//2500 2495//2495
f 2496//2496 2357//2357 2353//2353
f 2501//2501 2357//2357 2496//2496
f 2358//2358 2497//2497 2354//2354
f 2358//2358 2502//2502 2497//2497
f 2498//2498 2499//2499 2361//2361
f 2499//2499 2360//2360 2361//2361
f 2499//2499 2503//2503 2360//2360
f 2498//2498 2361//2361 2355//2355
f 2362//2362 2500//2500 2356//2356
f 2362//2362 2504//2504 2500//2500
f 2501//2501 2363//2363 2357//2357
f 2505//2505 2363//2363 2501//2501
f 2508//2508 2507//2507 2506//2506
f 2507//2507 2502//2502 2506//2506
f 2502//2502 2364//2364 2506//2506
f 2502//2502 2358//2358 2364//2364
f 2503//2503 2366//2366 2360//2360
f 2509//2509 2366//2366 2503//2503
f 2367//2367 2504//2504 2362//2362
f 2367//2367 2510//2510 2504//2504
f 2512//2512 2368//2368 2511//2511
f 2368//2368 2505//2505 2511//2511
f 2368//2368 2363//2363 2505//2505
f 2513//2513 2512//2512 2511//2511
f 2508//2508 2506//2506 2370//2370
f 2371//2371 2508//2508 2370//2370
f 2514//2514 2508//2508 2371//2371
f 2370//2370 2506//2506 2364//2364
f 2509//2509 2372//2372 2366//2366
f 2515//2515 2372//2372 2509//2509
f 2373//2373 2510//2510 2367//2367
f 2373//2373 2516//2516 2510//2510
f 2512//2512 2374//2374 2368//2368
f 2376//2376 2374//2374 2512//2512
f 2513//2513 2376//2376 2512//2512
f 2517//2517 2376//2376 2513//2513
f 2520//2520 2519//2519 2518//2518
f 2519//2519 2514//2514 2518//2518
f 2514//2514 2377//2377 2518//2518
f 2514//2514 2371//2371 2377//2377
f 2515//2515 2378//2378 2372//2372
f 2521//2521 2378//2378 2515//2515
f 2379//2379 2516//2516 2373//2373
f 2379//2379 2522//2522 2516//2516
f 2524//2524 2380//2380 2523//2523
f 2380//2380 2517//2517 2523//2523
f 2380//2380 2376//2376 2517//2517
f 2525//2525 2524//2524 2523//2523
f 2528//2528 2527//2527 2526//2526
f 2530//2530 2529//2529 2526//2526
f 2530//2530 2526//2526 2527//2527
f 2529//2529 2530//2530 2520//2520
f 2529//2529 2520//2520 2518//2518
f 2383//2383 2529//2529 2518//2518
f 2382//2382 2383//2383 2518//2518
f 2382//2382 2518//2518 2377//2377
f 2521//2521 2384//2384 2378//2378
f 2531//2531 2384//2384 2521//2521
f 2385//2385 2533//2533 2532//2532
f 2522//2522 2385//2385 2532//2532
f 2379//2379 2385//2385 2522//2522
f 2533//2533 2534//2534 2532//2532
f 2524//2524 2386//2386 2380//2380
f 2536//2536 2535//2535 2387//2387
f 2536//2536 2387//2387 2386//2386
f 2525//2525 2536//2536 2386//2386
f 2524//2524 2525//2525 2386//2386
f 2537//2537 2535//2535 2536//2536
f 2540//2540 2539//2539 2538//2538
f 2542//2542 2541//2541 2538//2538
f 2542//2542 2538//2538 2539//2539
f 2541//2541 2542//2542 2528//2528
f 2541//2541 2528//2528 2526//2526
f 2390//2390 2541//2541 2526//2526
f 2389//2389 2390//2390 2526//2526
f 2389//2389 2526//2526 2391//2391
f 2391//2391 2526//2526 2529//2529
f 2391//2391 2529//2529 2383//2383
f 2545//2545 2544//2544 2543//2543
f 2531//2531 2545//2545 2543//2543
f 2392//2392 2531//2531 2543//2543
f 2384//2384 2531//2531 2392//2392
f 2393//2393 2533//2533 2385//2385
f 2547//2547 2546//2546 2394//2394
f 2394//2394 2546//2546 2393//2393
f 2546//2546 2534//2534 2393//2393
f 2534//2534 2533//2533 2393//2393
f 2547//2547 2548//2548 2546//2546
f 2535//2535 2395//2395 2387//2387
f 2537//2537 2549//2549 2535//2535
f 2549//2549 2395//2395 2535//2535
f 2549//2549 2396//2396 2395//2395
f 2396//2396 2550//2550 2397//2397
f 2549//2549 2550//2550 2396//2396
f 2538//2538 2399//2399 2540//2540
f 2399//2399 2550//2550 2540//2540
f 2399//2399 2397//2397 2550//2550
f 2399//2399 2538//2538 2400//2400
f 2400//2400 2538//2538 2541//2541
f 2400//2400 2541//2541 2390//2390
f 2553//2553 2552//2552 2551//2551
f 2402//2402 2403//2403 2551//2551
f 2403//2403 2553//2553 2551//2551
f 2403//2403 2554//2554 2553//2553
f 2404//2404 2543//2543 2544//2544
f 2554//2554 2404//2404 2544//2544
f 2403//2403 2404//2404 2554//2554
f 2543//2543 2404//2404 2392//2392
f 2405//2405 2547//2547 2394//2394
f 2556//2556 2555//2555 2406//2406
f 2406//2406 2555//2555 2405//2405
f 2555//2555 2548//2548 2405//2405
f 2548//2548 2547//2547 2405//2405
f 2556//2556 2557//2557 2555//2555
f 2560//2560 2559//2559 2558//2558
f 2408//2408 2409//2409 2558//2558
f 2409//2409 2560//2560 2558//2558
f 2409//2409 2561//2561 2560//2560
f 2410//2410 2551//2551 2552//2552
f 2561//2561 2410//2410 2552//2552
f 2409//2409 2410//2410 2561//2561
f 2551//2551 2410//2410 2402//2402
f 2411//2411 2556//2556 2406//2406
f 2562//2562 2557//2557 2556//2556
f 2411//2411 2562//2562 2556//2556
f 2412//2412 2562//2562 2411//2411
f 2563//2563 2412//2412 2414//2414
f 2563//2563 2562//2562 2412//2412
f 2564//2564 2414//2414 2416//2416
f 2564//2564 2563//2563 2414//2414
f 2565//2565 2416//2416 2418//2418
f 2565//2565 2564//2564 2416//2416
f 2566//2566 2418//2418 2419//2419
f 2566//2566 2565//2565 2418//2418
f 2420//2420 2558//2558 2559//2559
f 2566//2566 2420//2420 2559//2559
f 2419//2419 2420//2420 2566//2566
f 2558//2558 2420//2420 2408//2408
f 2422//2422 2567//2567 2421//2421
f 2568//2568 2423//2423 2421//2421
f 2568//2568 2421//2421 2567//2567
f 2569//2569 2424//2424 2423//2423
f 2569//2569 2423//2423 2568//2568
f 2570//2570 2425//2425 2424//2424
f 2570//2570 2424//2424 2569//2569
f 2570//2570 2427//2427 2425//2425
f 2429//2429 2571//2571 2430//2430
f 2571//2571 2572//2572 2430//2430
f 2430//2430 2572//2572 2422//2422
f 2572//2572 2573//2573 2422//2422
f 2573//2573 2567//2567 2422//2422
f 2567//2567 2573//2573 2568//2568
f 2568//2568 2573//2573 2574//2574
f 2568//2568 2574//2574 2569//2569
f 2569//2569 2574//2574 2575//2575
f 2569//2569 2575//2575 2570//2570
f 2570//2570 2575//2575 2576//2576
f 2570//2570 2576//2576 2427//2427
f 2576//2576 2431//2431 2427//2427
f 2576//2576 2577//2577 2431//2431
f 2577//2577 2579//2579 2578//2578
f 2432//2432 2577//2577 2578//2578
f 2431//2431 2577//2577 2432//2432
f 2580//2580 2433//2433 2432//2432
f 2580//2580 2432//2432 2578//2578
f 2580//2580 2435//2435 2433//2433
f 2437//2437 2581//2581 2436//2436
f 2581//2581 2582//2582 2436//2436
f 2436//2436 2582//2582 2429//2429
f 2582//2582 2583//2583 2429//2429
f 2583//2583 2571//2571 2429//2429
f 2571//2571 2583//2583 2572//2572
f 2579//2579 2584//2584 2578//2578
f 2578//2578 2584//2584 2580//2580
f 2580//2580 2584//2584 2585//2585
f 2585//2585 2587//2587 2586//2586
f 2585//2585 2586//2586 2442//2442
f 2580//2580 2585//2585 2442//2442
f 2435//2435 2580//2580 2442//2442
f 2588//2588 2443//2443 2442//2442
f 2588//2588 2442//2442 2586//2586
f 2588//2588 2445//2445 2443//2443
f 2447//2447 2589//2589 2446//2446
f 2589//2589 2590//2590 2446//2446
f 2446//2446 2590//2590 2437//2437
f 2590//2590 2591//2591 2437//2437
f 2591//2591 2581//2581 2437//2437
f 2581//2581 2591//2591 2582//2582
f 2592//2592 2448//2448 2449//2449
f 2592//2592 2449//2449 2593//2593
f 2449//2449 2594//2594 2593//2593
f 2449//2449 2450//2450 2594//2594
f 2595//2595 2450//2450 2451//2451
f 2595//2595 2594//2594 2450//2450
f 2597//2597 2595//2595 2596//2596
f 2595//2595 2452//2452 2596//2596
f 2595//2595 2451//2451 2452//2452
f 2453//2453 2598//2598 2452//2452
f 2452//2452 2598//2598 2596//2596
f 2455//2455 2598//2598 2453//2453
f 2587//2587 2599//2599 2586//2586
f 2586//2586 2599//2599 2588//2588
f 2588//2588 2599//2599 2600//2600
f 2600//2600 2602//2602 2601//2601
f 2600//2600 2601//2601 2457//2457
f 2588//2588 2600//2600 2457//2457
f 2445//2445 2588//2588 2457//2457
f 2601//2601 2458//2458 2457//2457
f 2604//2604 2603//2603 2589//2589
f 2447//2447 2604//2604 2589//2589
f 2459//2459 2604//2604 2447//2447
f 2589//2589 2603//2603 2590//2590
f 2606//2606 2605//2605 2592//2592
f 2605//2605 2448//2448 2592//2592
f 2605//2605 2461//2461 2448//2448
f 2606//2606 2592//2592 2593//2593
f 2607//2607 2597//2597 2596//2596
f 2607//2607 2596//2596 2598//2598
f 2607//2607 2598//2598 2608//2608
f 2610//2610 2608//2608 2609//2609
f 2609//2609 2608//2608 2462//2462
f 2608//2608 2598//2598 2462//2462
f 2598//2598 2455//2455 2462//2462
f 2463//2463 2611//2611 2462//2462
f 2462//2462 2611//2611 2609//2609
f 2465//2465 2611//2611 2463//2463
f 2602//2602 2612//2612 2601//2601
f 2458//2458 2601//2601 2612//2612
f 2613//2613 2458//2458 2612//2612
f 2466//2466 2458//2458 2613//2613
f 2467//2467 2604//2604 2459//2459
f 2467//2467 2614//2614 2604//2604
f 2615//2615 2469//2469 2470//2470
f 2616//2616 2615//2615 2470//2470
f 2461//2461 2616//2616 2470//2470
f 2605//2605 2616//2616 2461//2461
f 2617//2617 2610//2610 2609//2609
f 2617//2617 2609//2609 2611//2611
f 2617//2617 2611//2611 2618//2618
f 2620//2620 2618//2618 2619//2619
f 2619//2619 2618//2618 2471//2471
f 2618//2618 2611//2611 2471//2471
f 2611//2611 2465//2465 2471//2471
f 2472//2472 2619//2619 2471//2471
f 2613//2613 2473//2473 2466//2466
f 2621//2621 2473//2473 2613//2613
f 2474//2474 2614//2614 2467//2467
f 2474//2474 2622//2622 2614//2614
f 2623//2623 2475//2475 2476//2476
f 2624//2624 2623//2623 2476//2476
f 2624//2624 2476//2476 2469//2469
f 2625//2625 2624//2624 2469//2469
f 2615//2615 2625//2625 2469//2469
f 2625//2625 2615//2615 2616//2616
f 2626//2626 2620//2620 2619//2619
f 2619//2619 2472//2472 2626//2626
f 2472//2472 2627//2627 2626//2626
f 2472//2472 2478//2478 2627//2627
f 2621//2621 2479//2479 2473//2473
f 2628//2628 2479//2479 2621//2621
f 2480//2480 2622//2622 2474//2474
f 2480//2480 2629//2629 2622//2622
f 2630//2630 2481//2481 2623//2623
f 2623//2623 2481//2481 2475//2475
f 2623//2623 2624//2624 2631//2631
f 2623//2623 2631//2631 2630//2630
f 2478//2478 2482//2482 2632//2632
f 2633//2633 2478//2478 2632//2632
f 2627//2627 2478//2478 2633//2633
f 2483//2483 2632//2632 2482//2482
f 2628//2628 2484//2484 2479//2479
f 2634//2634 2484//2484 2628//2628
f 2485//2485 2629//2629 2480//2480
f 2485//2485 2635//2635 2629//2629
f 2637//2637 2636//2636 2630//2630
f 2636//2636 2481//2481 2630//2630
f 2636//2636 2486//2486 2481//2481
f 2637//2637 2630//2630 2631//2631
f 2633//2633 2632//2632 2638//2638
f 2633//2633 2638//2638 2639//2639
f 2487//2487 2638//2638 2483//2483
f 2483//2483 2638//2638 2632//2632
f 2634//2634 2489//2489 2484//2484
f 2640//2640 2489//2489 2634//2634
f 2490//2490 2635//2635 2485//2485
f 2490//2490 2641//2641 2635//2635
f 2636//2636 2491//2491 2486//2486
f 2642//2642 2491//2491 2636//2636
f 2639//2639 2638//2638 2643//2643
f 2639//2639 2643//2643 2644//2644
f 2492//2492 2643//2643 2487//2487
f 2487//2487 2643//2643 2638//2638
f 2640//2640 2494//2494 2489//2489
f 2645//2645 2494//2494 2640//2640
f 2495//2495 2641//2641 2490//2490
f 2495//2495 2646//2646 2641//2641
f 2642//2642 2496//2496 2491//2491
f 2647//2647 2496//2496 2642//2642
f 2644//2644 2643//2643 2648//2648
f 2644//2644 2648//2648 2649//2649
f 2497//2497 2648//2648 2492//2492
f 2492//2492 2648//2648 2643//2643
f 2645//2645 2499//2499 2494//2494
f 2650//2650 2499//2499 2645//2645
f 2500//2500 2646//2646 2495//2495
f 2500//2500 2651//2651 2646//2646
f 2653//2653 2501//2501 2652//2652
f 2501//2501 2647//2647 2652//2652
f 2501//2501 2496//2496 2647//2647
f 2654//2654 2653//2653 2652//2652
f 2649//2649 2648//2648 2655//2655
f 2649//2649 2655//2655 2656//2656
f 2502//2502 2655//2655 2497//2497
f 2497//2497 2655//2655 2648//2648
f 2650//2650 2503//2503 2499//2499
f 2657//2657 2503//2503 2650//2650
f 2504//2504 2651//2651 2500//2500
f 2504//2504 2658//2658 2651//2651
f 2659//2659 2505//2505 2653//2653
f 2653//2653 2505//2505 2501//2501
f 2653//2653 2654//2654 2660//2660
f 2653//2653 2660//2660 2659//2659
f 2656//2656 2655//2655 2507//2507
f 2508//2508 2656//2656 2507//2507
f 2661//2661 2656//2656 2508//2508
f 2507//2507 2655//2655 2502//2502
f 2657//2657 2509//2509 2503//2503
f 2662//2662 2509//2509 2657//2657
f 2510//2510 2658//2658 2504//2504
f 2510//2510 2663//2663 2658//2658
f 2659//2659 2511//2511 2505//2505
f 2513//2513 2511//2511 2659//2659
f 2660//2660 2513//2513 2659//2659
f 2664//2664 2513//2513 2660//2660
f 2667//2667 2666//2666 2665//2665
f 2666//2666 2661//2661 2665//2665
f 2661//2661 2514//2514 2665//2665
f 2661//2661 2508//2508 2514//2514
f 2662//2662 2515//2515 2509//2509
f 2668//2668 2515//2515 2662//2662
f 2516//2516 2663//2663 2510//2510
f 2516//2516 2669//2669 2663//2663
f 2671//2671 2517//2517 2670//2670
f 2517//2517 2664//2664 2670//2670
f 2517//2517 2513//2513 2664//2664
f 2672//2672 2671//2671 2670//2670
f 2675//2675 2674//2674 2673//2673
f 2673//2673 2674//2674 2667//2667
f 2673//2673 2667//2667 2665//2665
f 2520//2520 2673//2673 2665//2665
f 2519//2519 2520//2520 2665//2665
f 2519//2519 2665//2665 2514//2514
f 2668//2668 2521//2521 2515//2515
f 2676//2676 2521//2521 2668//2668
f 2522//2522 2678//2678 2677//2677
f 2669//2669 2522//2522 2677//2677
f 2516//2516 2522//2522 2669//2669
f 2678//2678 2679//2679 2677//2677
f 2671//2671 2523//2523 2517//2517
f 2681//2681 2680//2680 2525//2525
f 2681//2681 2525//2525 2523//2523
f 2672//2672 2681//2681 2523//2523
f 2671//2671 2672//2672 2523//2523
f 2682//2682 2680//2680 2681//2681
f 2685//2685 2684//2684 2683//2683
f 2527//2527 2528//2528 2683//2683
f 2684//2684 2527//2527 2683//2683
f 2686//2686 2527//2527 2684//2684
f 2673//2673 2530//2530 2675//2675
f 2530//2530 2686//2686 2675//2675
f 2530//2530 2527//2527 2686//2686
f 2530//2530 2673//2673 2520//2520
f 2689//2689 2688//2688 2687//2687
f 2676//2676 2689//2689 2687//2687
f 2531//2531 2676//2676 2687//2687
f 2521//2521 2676//2676 2531//2531
f 2532//2532 2678//2678 2522//2522
f 2691//2691 2690//2690 2534//2534
f 2534//2534 2690//2690 2532//2532
f 2690//2690 2679//2679 2532//2532
f 2679//2679 2678//2678 2532//2532
f 2691//2691 2692//2692 2690//2690
f 2680//2680 2536//2536 2525//2525
f 2694//2694 2693//2693 2537//2537
f 2694//2694 2537//2537 2536//2536
f 2682//2682 2694//2694 2536//2536
f 2680//2680 2682//2682 2536//2536
f 2696//2696 2695//2695 2693//2693
f 2696//2696 2693//2693 2694//2694
f 2539//2539 2540//2540 2695//2695
f 2696//2696 2539//2539 2695//2695
f 2697//2697 2539//2539 2696//2696
f 2683//2683 2542//2542 2685//2685
f 2542//2542 2697//2697 2685//2685
f 2542//2542 2539//2539 2697//2697
f 2542//2542 2683//2683 2528//2528
f 2700//2700 2699//2699 2698//2698
f 2702//2702 2701//2701 2698//2698
f 2698//2698 2701//2701 2700//2700
f 2701//2701 2702//2702 2688//2688
f 2688//2688 2702//2702 2687//2687
f 2702//2702 2544//2544 2687//2687
f 2544//2544 2545//2545 2687//2687
f 2687//2687 2545//2545 2531//2531
f 2546//2546 2691//2691 2534//2534
f 2546//2546 2548//2548 2691//2691
f 2548//2548 2692//2692 2691//2691
f 2548//2548 2703//2703 2692//2692
f 2693//2693 2549//2549 2537//2537
f 2549//2549 2693//2693 2550//2550
f 2550//2550 2693//2693 2695//2695
f 2550//2550 2695//2695 2540//2540
f 2706//2706 2705//2705 2704//2704
f 2706//2706 2704//2704 2699//2699
f 2699//2699 2704//2704 2698//2698
f 2704//2704 2552//2552 2698//2698
f 2552//2552 2553//2553 2698//2698
f 2698//2698 2553//2553 2554//2554
f 2698//2698 2554//2554 2702//2702
f 2702//2702 2554//2554 2544//2544
f 2707//2707 2703//2703 2548//2548
f 2707//2707 2548//2548 2555//2555
f 2709//2709 2708//2708 2557//2557
f 2708//2708 2555//2555 2557//2557
f 2708//2708 2707//2707 2555//2555
f 2711//2711 2710//2710 2709//2709
f 2709//2709 2710//2710 2708//2708
f 2713//2713 2712//2712 2711//2711
f 2711//2711 2712//2712 2710//2710
f 2715//2715 2714//2714 2713//2713
f 2713//2713 2714//2714 2712//2712
f 2717//2717 2716//2716 2715//2715
f 2715//2715 2716//2716 2714//2714
f 2559//2559 2560//2560 2717//2717
f 2560//2560 2716//2716 2717//2717
f 2560//2560 2718//2718 2716//2716
f 2561//2561 2704//2704 2705//2705
f 2718//2718 2561//2561 2705//2705
f 2560//2560 2561//2561 2718//2718
f 2704//2704 2561//2561 2552//2552
f 2562//2562 2709//2709 2557//2557
f 2709//2709 2562//2562 2563//2563
f 2709//2709 2563//2563 2711//2711
f 2711//2711 2563//2563 2564//2564
f 2711//2711 2564//2564 2713//2713
f 2713//2713 2564//2564 2565//2565
f 2713//2713 2565//2565 2715//2715
f 2715//2715 2565//2565 2566//2566
f 2715//2715 2566//2566 2717//2717
f 2717//2717 2566//2566 2559//2559
f 2572//2572 2719//2719 2573//2573
f 2720//2720 2574//2574 2573//2573
f 2720//2720 2573//2573 2719//2719
f 2721//2721 2575//2575 2574//2574
f 2721//2721 2574//2574 2720//2720
f 2722//2722 2576//2576 2575//2575
f 2722//2722 2575//2575 2721//2721
f 2723//2723 2577//2577 2576//2576
f 2723//2723 2576//2576 2722//2722
f 2723//2723 2579//2579 2577//2577
f 2725//2725 2724//2724 2583//2583
f 2725//2725 2583//2583 2582//2582
f 2572//2572 2583//2583 2719//2719
f 2583//2583 2726//2726 2719//2719
f 2583//2583 2724//2724 2726//2726
f 2719//2719 2726//2726 2720//2720
f 2720//2720 2726//2726 2727//2727
f 2720//2720 2727//2727 2721//2721
f 2721//2721 2727//2727 2728//2728
f 2721//2721 2728//2728 2722//2722
f 2722//2722 2728//2728 2729//2729
f 2722//2722 2729//2729 2723//2723
f 2723//2723 2729//2729 2730//2730
f 2723//2723 2730//2730 2579//2579
f 2730//2730 2584//2584 2579//2579
f 2730//2730 2731//2731 2584//2584
f 2731//2731 2733//2733 2732//2732
f 2585//2585 2731//2731 2732//2732
f 2584//2584 2731//2731 2585//2585
f 2732//2732 2587//2587 2585//2585
f 2590//2590 2734//2734 2591//2591
f 2734//2734 2735//2735 2591//2591
f 2735//2735 2582//2582 2591//2591
f 2735//2735 2725//2725 2582//2582
f 2736//2736 2593//2593 2594//2594
f 2595//2595 2737//2737 2594//2594
f 2594//2594 2737//2737 2736//2736
f 2597//2597 2737//2737 2595//2595
f 2733//2733 2738//2738 2732//2732
f 2738//2738 2740//2740 2739//2739
f 2738//2738 2739//2739 2599//2599
f 2732//2732 2738//2738 2599//2599
f 2587//2587 2732//2732 2599//2599
f 2741//2741 2600//2600 2599//2599
f 2741//2741 2599//2599 2739//2739
f 2741//2741 2602//2602 2600//2600
f 2604//2604 2742//2742 2603//2603
f 2742//2742 2743//2743 2603//2603
f 2603//2603 2743//2743 2590//2590
f 2743//2743 2744//2744 2590//2590
f 2744//2744 2734//2734 2590//2590
f 2734//2734 2744//2744 2735//2735
f 2745//2745 2605//2605 2606//2606
f 2593//2593 2736//2736 2606//2606
f 2736//2736 2745//2745 2606//2606
f 2736//2736 2746//2746 2745//2745
f 2747//2747 2736//2736 2737//2737
f 2746//2746 2736//2736 2747//2747
f 2607//2607 2748//2748 2597//2597
f 2748//2748 2737//2737 2597//2597
f 2748//2748 2747//2747 2737//2737
f 2608//2608 2749//2749 2607//2607
f 2607//2607 2749//2749 2748//2748
f 2610//2610 2749//2749 2608//2608
f 2740//2740 2750//2750 2739//2739
f 2739//2739 2750//2750 2741//2741
f 2741//2741 2750//2750 2751//2751
f 2751//2751 2753//2753 2752//2752
f 2751//2751 2752//2752 2612//2612
f 2741//2741 2751//2751 2612//2612
f 2602//2602 2741//2741 2612//2612
f 2752//2752 2613//2613 2612//2612
f 2755//2755 2754//2754 2742//2742
f 2604//2604 2755//2755 2742//2742
f 2614//2614 2755//2755 2604//2604
f 2742//2742 2754//2754 2743//2743
f 2756//2756 2616//2616 2745//2745
f 2745//2745 2616//2616 2605//2605
f 2746//2746 2758//2758 2757//2757
f 2756//2756 2746//2746 2757//2757
f 2745//2745 2746//2746 2756//2756
f 2758//2758 2746//2746 2747//2747
f 2758//2758 2747//2747 2759//2759
f 2759//2759 2747//2747 2748//2748
f 2759//2759 2748//2748 2760//2760
f 2762//2762 2761//2761 2760//2760
f 2748//2748 2762//2762 2760//2760
f 2749//2749 2762//2762 2748//2748
f 2617//2617 2763//2763 2610//2610
f 2763//2763 2749//2749 2610//2610
f 2763//2763 2762//2762 2749//2749
f 2618//2618 2764//2764 2617//2617
f 2617//2617 2764//2764 2763//2763
f 2620//2620 2764//2764 2618//2618
f 2753//2753 2765//2765 2752//2752
f 2613//2613 2752//2752 2765//2765
f 2766//2766 2613//2613 2765//2765
f 2621//2621 2613//2613 2766//2766
f 2622//2622 2755//2755 2614//2614
f 2622//2622 2767//2767 2755//2755
f 2768//2768 2624//2624 2625//2625
f 2769//2769 2768//2768 2625//2625
f 2769//2769 2625//2625 2616//2616
f 2770//2770 2769//2769 2616//2616
f 2756//2756 2770//2770 2616//2616
f 2770//2770 2756//2756 2757//2757
f 2771//2771 2761//2761 2762//2762
f 2771//2771 2762//2762 2763//2763
f 2771//2771 2763//2763 2772//2772
f 2774//2774 2773//2773 2772//2772
f 2763//2763 2774//2774 2772//2772
f 2764//2764 2774//2774 2763//2763
f 2626//2626 2775//2775 2620//2620
f 2775//2775 2764//2764 2620//2620
f 2775//2775 2774//2774 2764//2764
f 2627//2627 2775//2775 2626//2626
f 2766//2766 2628//2628 2621//2621
f 2776//2776 2628//2628 2766//2766
f 2629//2629 2767//2767 2622//2622
f 2629//2629 2777//2777 2767//2767
f 2778//2778 2631//2631 2768//2768
f 2768//2768 2631//2631 2624//2624
f 2768//2768 2769//2769 2779//2779
f 2768//2768 2779//2779 2778//2778
f 2780//2780 2773//2773 2774//2774
f 2782//2782 2781//2781 2780//2780
f 2774//2774 2782//2782 2780//2780
f 2775//2775 2782//2782 2774//2774
f 2633//2633 2782//2782 2627//2627
f 2627//2627 2782//2782 2775//2775
f 2776//2776 2634//2634 2628//2628
f 2783//2783 2634//2634 2776//2776
f 2635//2635 2777//2777 2629//2629
f 2635//2635 2784//2784 2777//2777
f 2785//2785 2636//2636 2637//2637
f 2786//2786 2785//2785 2637//2637
f 2786//2786 2637//2637 2631//2631
f 2787//2787 2786//2786 2631//2631
f 2778//2778 2787//2787 2631//2631
f 2787//2787 2778//2778 2779//2779
f 2781//2781 2782//2782 2788//2788
f 2781//2781 2788//2788 2789//2789
f 2639//2639 2788//2788 2633//2633
f 2633//2633 2788//2788 2782//2782
f 2783//2783 2640//2640 2634//2634
f 2790//2790 2640//2640 2783//2783
f 2641//2641 2784//2784 2635//2635
f 2641//2641 2791//2791 2784//2784
f 2792//2792 2642//2642 2785//2785
f 2785//2785 2642//2642 2636//2636
f 2785//2785 2786//2786 2793//2793
f 2785//2785 2793//2793 2792//2792
f 2789//2789 2788//2788 2794//2794
f 2789//2789 2794//2794 2795//2795
f 2644//2644 2794//2794 2639//2639
f 2639//2639 2794//2794 2788//2788
f 2790//2790 2645//2645 2640//2640
f 2796//2796 2645//2645 2790//2790
f 2646//2646 2791//2791 2641//2641
f 2646//2646 2797//2797 2791//2791
f 2798//2798 2647//2647 2792//2792
f 2792//2792 2647//2647 2642//2642
f 2792//2792 2793//2793 2799//2799
f 2792//2792 2799//2799 2798//2798
f 2795//2795 2794//2794 2800//2800
f 2795//2795 2800//2800 2801//2801
f 2649//2649 2800//2800 2644//2644
f 2644//2644 2800//2800 2794//2794
f 2796//2796 2650//2650 2645//2645
f 2802//2802 2650//2650 2796//2796
f 2651//2651 2797//2797 2646//2646
f 2651//2651 2803//2803 2797//2797
f 2798//2798 2652//2652 2647//2647
f 2805//2805 2804//2804 2654//2654
f 2805//2805 2654//2654 2652//2652
f 2799//2799 2805//2805 2652//2652
f 2798//2798 2799//2799 2652//2652
f 2806//2806 2804//2804 2805//2805
f 2801//2801 2800//2800 2807//2807
f 2801//2801 2807//2807 2808//2808
f 2656//2656 2807//2807 2649//2649
f 2649//2649 2807//2807 2800//2800
f 2802//2802 2657//2657 2650//2650
f 2809//2809 2657//2657 2802//2802
f 2658//2658 2803//2803 2651//2651
f 2658//2658 2810//2810 2803//2803
f 2811//2811 2660//2660 2804//2804
f 2804//2804 2660//2660 2654//2654
f 2804//2804 2806//2806 2812//2812
f 2804//2804 2812//2812 2811//2811
f 2815//2815 2814//2814 2813//2813
f 2813//2813 2814//2814 2808//2808
f 2807//2807 2813//2813 2808//2808
f 2816//2816 2813//2813 2807//2807
f 2661//2661 2816//2816 2656//2656
f 2656//2656 2816//2816 2807//2807
f 2809//2809 2662//2662 2657//2657
f 2817//2817 2662//2662 2809//2809
f 2663//2663 2810//2810 2658//2658
f 2663//2663 2818//2818 2810//2810
f 2819//2819 2664//2664 2811//2811
f 2811//2811 2664//2664 2660//2660
f 2811//2811 2812//2812 2820//2820
f 2811//2811 2820//2820 2819//2819
f 2823//2823 2822//2822 2821//2821
f 2825//2825 2824//2824 2821//2821
f 2825//2825 2821//2821 2822//2822
f 2824//2824 2825//2825 2815//2815
f 2813//2813 2824//2824 2815//2815
f 2826//2826 2824//2824 2813//2813
f 2667//2667 2826//2826 2666//2666
f 2826//2826 2816//2816 2666//2666
f 2826//2826 2813//2813 2816//2816
f 2666//2666 2816//2816 2661//2661
f 2817//2817 2668//2668 2662//2662
f 2827//2827 2668//2668 2817//2817
f 2669//2669 2829//2829 2828//2828
f 2818//2818 2669//2669 2828//2828
f 2663//2663 2669//2669 2818//2818
f 2829//2829 2830//2830 2828//2828
f 2819//2819 2670//2670 2664//2664
f 2832//2832 2831//2831 2672//2672
f 2832//2832 2672//2672 2670//2670
f 2820//2820 2832//2832 2670//2670
f 2819//2819 2820//2820 2670//2670
f 2833//2833 2831//2831 2832//2832
f 2836//2836 2835//2835 2834//2834
f 2834//2834 2835//2835 2823//2823
f 2821//2821 2834//2834 2823//2823
f 2837//2837 2834//2834 2821//2821
f 2838//2838 2821//2821 2824//2824
f 2837//2837 2821//2821 2838//2838
f 2675//2675 2838//2838 2674//2674
f 2838//2838 2826//2826 2674//2674
f 2838//2838 2824//2824 2826//2826
f 2674//2674 2826//2826 2667//2667
f 2841//2841 2840//2840 2839//2839
f 2827//2827 2841//2841 2839//2839
f 2676//2676 2827//2827 2839//2839
f 2668//2668 2827//2827 2676//2676
f 2677//2677 2829//2829 2669//2669
f 2677//2677 2679//2679 2829//2829
f 2679//2679 2830//2830 2829//2829
f 2679//2679 2842//2842 2830//2830
f 2831//2831 2681//2681 2672//2672
f 2844//2844 2843//2843 2682//2682
f 2844//2844 2682//2682 2681//2681
f 2833//2833 2844//2844 2681//2681
f 2831//2831 2833//2833 2681//2681
f 2846//2846 2845//2845 2843//2843
f 2846//2846 2843//2843 2844//2844
f 2845//2845 2846//2846 2836//2836
f 2834//2834 2845//2845 2836//2836
f 2847//2847 2845//2845 2834//2834
f 2685//2685 2847//2847 2684//2684
f 2847//2847 2837//2837 2684//2684
f 2847//2847 2834//2834 2837//2837
f 2684//2684 2837//2837 2686//2686
f 2686//2686 2837//2837 2838//2838
f 2686//2686 2838//2838 2675//2675
f 2850//2850 2849//2849 2848//2848
f 2852//2852 2851//2851 2848//2848
f 2848//2848 2851//2851 2850//2850
f 2851//2851 2852//2852 2840//2840
f 2840//2840 2852//2852 2839//2839
f 2852//2852 2688//2688 2839//2839
f 2688//2688 2689//2689 2839//2839
f 2839//2839 2689//2689 2676//2676
f 2853//2853 2842//2842 2679//2679
f 2853//2853 2679//2679 2690//2690
f 2690//2690 2692//2692 2853//2853
f 2853//2853 2692//2692 2854//2854
f 2843//2843 2694//2694 2682//2682
f 2694//2694 2843//2843 2696//2696
f 2696//2696 2843//2843 2845//2845
f 2696//2696 2845//2845 2697//2697
f 2697//2697 2845//2845 2847//2847
f 2697//2697 2847//2847 2685//2685
f 2857//2857 2856//2856 2855//2855
f 2857//2857 2855//2855 2849//2849
f 2849//2849 2855//2855 2848//2848
f 2855//2855 2699//2699 2848//2848
f 2699//2699 2700//2700 2848//2848
f 2848//2848 2700//2700 2701//2701
f 2848//2848 2701//2701 2852//2852
f 2852//2852 2701//2701 2688//2688
f 2703//2703 2859//2859 2858//2858
f 2854//2854 2703//2703 2858//2858
f 2692//2692 2703//2703 2854//2854
f 2859//2859 2860//2860 2858//2858
f 2863//2863 2862//2862 2861//2861
f 2865//2865 2864//2864 2861//2861
f 2861//2861 2864//2864 2863//2863
f 2864//2864 2865//2865 2856//2856
f 2856//2856 2865//2865 2855//2855
f 2865//2865 2705//2705 2855//2855
f 2705//2705 2706//2706 2855//2855
f 2855//2855 2706//2706 2699//2699
f 2707//2707 2859//2859 2703//2703
f 2866//2866 2860//2860 2859//2859
f 2707//2707 2866//2866 2859//2859
f 2708//2708 2866//2866 2707//2707
f 2867//2867 2708//2708 2710//2710
f 2867//2867 2866//2866 2708//2708
f 2868//2868 2710//2710 2712//2712
f 2868//2868 2867//2867 2710//2710
f 2869//2869 2712//2712 2714//2714
f 2869//2869 2868//2868 2712//2712
f 2716//2716 2861//2861 2862//2862
f 2869//2869 2716//2716 2862//2862
f 2714//2714 2716//2716 2869//2869
f 2861//2861 2716//2716 2718//2718
f 2861//2861 2718//2718 2865//2865
f 2865//2865 2718//2718 2705//2705
f 2725//2725 2870//2870 2724//2724
f 2871//2871 2726//2726 2724//2724
f 2871//2871 2724//2724 2870//2870
f 2872//2872 2727//2727 2726//2726
f 2872//2872 2726//2726 2871//2871
f 2873//2873 2728//2728 2727//2727
f 2873//2873 2727//2727 2872//2872
f 2874//2874 2729//2729 2728//2728
f 2874//2874 2728//2728 2873//2873
f 2875//2875 2730//2730 2729//2729
f 2875//2875 2729//2729 2874//2874
f 2876//2876 2731//2731 2730//2730
f 2876//2876 2730//2730 2875//2875
f 2876//2876 2733//2733 2731//2731
f 2735//2735 2877//2877 2870//2870
f 2735//2735 2870//2870 2725//2725
f 2879//2879 2871//2871 2878//2878
f 2871//2871 2877//2877 2878//2878
f 2871//2871 2870//2870 2877//2877
f 2871//2871 2879//2879 2872//2872
f 2872//2872 2879//2879 2880//2880
f 2872//2872 2880//2880 2873//2873
f 2873//2873 2880//2880 2881//2881
f 2873//2873 2881//2881 2874//2874
f 2874//2874 2881//2881 2882//2882
f 2874//2874 2882//2882 2875//2875
f 2875//2875 2882//2882 2883//2883
f 2885//2885 2884//2884 2883//2883
f 2884//2884 2875//2875 2883//2883
f 2884//2884 2876//2876 2875//2875
f 2886//2886 2738//2738 2733//2733
f 2876//2876 2886//2886 2733//2733
f 2884//2884 2886//2886 2876//2876
f 2886//2886 2740//2740 2738//2738
f 2743//2743 2887//2887 2744//2744
f 2887//2887 2888//2888 2744//2744
f 2744//2744 2888//2888 2735//2735
f 2888//2888 2889//2889 2735//2735
f 2889//2889 2877//2877 2735//2735
f 2877//2877 2889//2889 2878//2878
f 2885//2885 2890//2890 2884//2884
f 2884//2884 2890//2890 2886//2886
f 2886//2886 2890//2890 2891//2891
f 2891//2891 2893//2893 2892//2892
f 2891//2891 2892//2892 2750//2750
f 2886//2886 2891//2891 2750//2750
f 2740//2740 2886//2886 2750//2750
f 2894//2894 2751//2751 2750//2750
f 2894//2894 2750//2750 2892//2892
f 2894//2894 2753//2753 2751//2751
f 2755//2755 2895//2895 2754//2754
f 2895//2895 2896//2896 2754//2754
f 2754//2754 2896//2896 2743//2743
f 2896//2896 2897//2897 2743//2743
f 2897//2897 2887//2887 2743//2743
f 2887//2887 2897//2897 2888//2888
f 2898//2898 2757//2757 2758//2758
f 2759//2759 2899//2899 2758//2758
f 2758//2758 2899//2899 2898//2898
f 2760//2760 2900//2900 2759//2759
f 2759//2759 2900//2900 2899//2899
f 2761//2761 2900//2900 2760//2760
f 2893//2893 2901//2901 2892//2892
f 2903//2903 2902//2902 2901//2901
f 2902//2902 2892//2892 2901//2901
f 2902//2902 2894//2894 2892//2892
f 2904//2904 2765//2765 2753//2753
f 2894//2894 2904//2904 2753//2753
f 2902//2902 2904//2904 2894//2894
f 2904//2904 2766//2766 2765//2765
f 2767//2767 2905//2905 2895//2895
f 2767//2767 2895//2895 2755//2755
f 2896//2896 2895//2895 2906//2906
f 2906//2906 2895//2895 2905//2905
f 2907//2907 2769//2769 2770//2770
f 2908//2908 2907//2907 2770//2770
f 2908//2908 2770//2770 2757//2757
f 2909//2909 2908//2908 2757//2757
f 2898//2898 2909//2909 2757//2757
f 2909//2909 2898//2898 2899//2899
f 2909//2909 2899//2899 2910//2910
f 2910//2910 2899//2899 2900//2900
f 2910//2910 2900//2900 2911//2911
f 2913//2913 2911//2911 2912//2912
f 2912//2912 2911//2911 2771//2771
f 2911//2911 2900//2900 2771//2771
f 2900//2900 2761//2761 2771//2771
f 2772//2772 2914//2914 2771//2771
f 2771//2771 2914//2914 2912//2912
f 2773//2773 2914//2914 2772//2772
f 2903//2903 2915//2915 2902//2902
f 2917//2917 2916//2916 2915//2915
f 2916//2916 2902//2902 2915//2915
f 2916//2916 2904//2904 2902//2902
f 2916//2916 2776//2776 2766//2766
f 2916//2916 2766//2766 2904//2904
f 2777//2777 2918//2918 2905//2905
f 2777//2777 2905//2905 2767//2767
f 2906//2906 2905//2905 2919//2919
f 2919//2919 2905//2905 2918//2918
f 2920//2920 2779//2779 2907//2907
f 2907//2907 2779//2779 2769//2769
f 2907//2907 2908//2908 2921//2921
f 2907//2907 2921//2921 2920//2920
f 2922//2922 2913//2913 2912//2912
f 2924//2924 2923//2923 2922//2922
f 2912//2912 2924//2924 2922//2922
f 2914//2914 2924//2924 2912//2912
f 2780//2780 2925//2925 2773//2773
f 2925//2925 2914//2914 2773//2773
f 2925//2925 2924//2924 2914//2914
f 2781//2781 2925//2925 2780//2780
f 2916//2916 2917//2917 2926//2926
f 2926//2926 2917//2917 2927//2927
f 2926//2926 2783//2783 2776//2776
f 2926//2926 2776//2776 2916//2916
f 2784//2784 2928//2928 2918//2918
f 2784//2784 2918//2918 2777//2777
f 2919//2919 2918//2918 2929//2929
f 2929//2929 2918//2918 2928//2928
f 2930//2930 2786//2786 2787//2787
f 2931//2931 2930//2930 2787//2787
f 2931//2931 2787//2787 2779//2779
f 2932//2932 2931//2931 2779//2779
f 2920//2920 2932//2932 2779//2779
f 2932//2932 2920//2920 2921//2921
f 2923//2923 2924//2924 2933//2933
f 2923//2923 2933//2933 2934//2934
f 2935//2935 2924//2924 2925//2925
f 2933//2933 2924//2924 2935//2935
f 2789//2789 2935//2935 2781//2781
f 2781//2781 2935//2935 2925//2925
f 2926//2926 2927//2927 2936//2936
f 2936//2936 2927//2927 2937//2937
f 2936//2936 2790//2790 2783//2783
f 2936//2936 2783//2783 2926//2926
f 2791//2791 2938//2938 2928//2928
f 2791//2791 2928//2928 2784//2784
f 2929//2929 2928//2928 2939//2939
f 2939//2939 2928//2928 2938//2938
f 2940//2940 2793//2793 2930//2930
f 2930//2930 2793//2793 2786//2786
f 2930//2930 2931//2931 2941//2941
f 2930//2930 2941//2941 2940//2940
f 2934//2934 2933//2933 2942//2942
f 2934//2934 2942//2942 2943//2943
f 2944//2944 2933//2933 2935//2935
f 2942//2942 2933//2933 2944//2944
f 2795//2795 2944//2944 2789//2789
f 2789//2789 2944//2944 2935//2935
f 2936//2936 2937//2937 2945//2945
f 2945//2945 2937//2937 2946//2946
f 2945//2945 2796//2796 2790//2790
f 2945//2945 2790//2790 2936//2936
f 2797//2797 2947//2947 2938//2938
f 2797//2797 2938//2938 2791//2791
f 2939//2939 2938//2938 2948//2948
f 2948//2948 2938//2938 2947//2947
f 2949//2949 2799//2799 2940//2940
f 2940//2940 2799//2799 2793//2793
f 2940//2940 2941//2941 2950//2950
f 2940//2940 2950//2950 2949//2949
f 2943//2943 2942//2942 2951//2951
f 2943//2943 2951//2951 2952//2952
f 2953//2953 2942//2942 2944//2944
f 2951//2951 2942//2942 2953//2953
f 2801//2801 2953//2953 2795//2795
f 2795//2795 2953//2953 2944//2944
f 2945//2945 2946//2946 2954//2954
f 2954//2954 2946//2946 2955//2955
f 2954//2954 2802//2802 2796//2796
f 2954//2954 2796//2796 2945//2945
f 2803//2803 2956//2956 2947//2947
f 2803//2803 2947//2947 2797//2797
f 2948//2948 2947//2947 2957//2957
f 2957//2957 2947//2947 2956//2956
f 2949//2949 2805//2805 2799//2799
f 2959//2959 2958//2958 2806//2806
f 2959//2959 2806//2806 2805//2805
f 2950//2950 2959//2959 2805//2805
f 2949//2949 2950//2950 2805//2805
f 2960//2960 2958//2958 2959//2959
f 2952//2952 2951//2951 2961//2961
f 2952//2952 2961//2961 2962//2962
f 2963//2963 2951//2951 2953//2953
f 2961//2961 2951//2951 2963//2963
f 2808//2808 2963//2963 2801//2801
f 2801//2801 2963//2963 2953//2953
f 2954//2954 2955//2955 2964//2964
f 2964//2964 2955//2955 2965//2965
f 2964//2964 2809//2809 2802//2802
f 2964//2964 2802//2802 2954//2954
f 2810//2810 2966//2966 2956//2956
f 2810//2810 2956//2956 2803//2803
f 2957//2957 2956//2956 2967//2967
f 2967//2967 2956//2956 2966//2966
f 2968//2968 2812//2812 2958//2958
f 2958//2958 2812//2812 2806//2806
f 2958//2958 2960//2960 2969//2969
f 2958//2958 2969//2969 2968//2968
f 2972//2972 2971//2971 2970//2970
f 2970//2970 2971//2971 2962//2962
f 2961//2961 2970//2970 2962//2962
f 2973//2973 2970//2970 2961//2961
f 2815//2815 2973//2973 2814//2814
f 2973//2973 2963//2963 2814//2814
f 2973//2973 2961//2961 2963//2963
f 2814//2814 2963//2963 2808//2808
f 2964//2964 2965//2965 2974//2974
f 2974//2974 2965//2965 2975//2975
f 2974//2974 2817//2817 2809//2809
f 2974//2974 2809//2809 2964//2964
f 2818//2818 2976//2976 2966//2966
f 2818//2818 2966//2966 2810//2810
f 2967//2967 2966//2966 2977//2977
f 2977//2977 2966//2966 2976//2976
f 2978//2978 2820//2820 2968//2968
f 2968//2968 2820//2820 2812//2812
f 2968//2968 2969//2969 2979//2979
f 2980//2980 2968//2968 2979//2979
f 2978//2978 2968//2968 2980//2980
f 2982//2982 2981//2981 2980//2980
f 2982//2982 2980//2980 2979//2979
f 2984//2984 2983//2983 2981//2981
f 2984//2984 2981//2981 2982//2982
f 2983//2983 2984//2984 2972//2972
f 2983//2983 2972//2972 2970//2970
f 2823//2823 2983//2983 2970//2970
f 2822//2822 2823//2823 2970//2970
f 2822//2822 2970//2970 2825//2825
f 2825//2825 2970//2970 2973//2973
f 2825//2825 2973//2973 2815//2815
f 2987//2987 2986//2986 2985//2985
f 2987//2987 2985//2985 2975//2975
f 2985//2985 2974//2974 2975//2975
f 2985//2985 2988//2988 2974//2974
f 2988//2988 2827//2827 2817//2817
f 2988//2988 2817//2817 2974//2974
f 2828//2828 2976//2976 2818//2818
f 2990//2990 2989//2989 2830//2830
f 2830//2830 2989//2989 2828//2828
f 2989//2989 2977//2977 2828//2828
f 2977//2977 2976//2976 2828//2828
f 2990//2990 2991//2991 2989//2989
f 2978//2978 2832//2832 2820//2820
f 2832//2832 2978//2978 2833//2833
f 2978//2978 2992//2992 2833//2833
f 2978//2978 2980//2980 2992//2992
f 2993//2993 2980//2980 2981//2981
f 2992//2992 2980//2980 2993//2993
f 2836//2836 2993//2993 2835//2835
f 2993//2993 2983//2983 2835//2835
f 2993//2993 2981//2981 2983//2983
f 2835//2835 2983//2983 2823//2823
f 2996//2996 2995//2995 2994//2994
f 2996//2996 2994//2994 2986//2986
f 2994//2994 2985//2985 2986//2986
f 2994//2994 2997//2997 2985//2985
f 2997//2997 2840//2840 2841//2841
f 2988//2988 2997//2997 2841//2841
f 2985//2985 2997//2997 2988//2988
f 2988//2988 2841//2841 2827//2827
f 2842//2842 2998//2998 2990//2990
f 2842//2842 2990//2990 2830//2830
f 2991//2991 2990//2990 2999//2999
f 2990//2990 3000//3000 2999//2999
f 2990//2990 2998//2998 3000//3000
f 3000//3000 3001//3001 2999//2999
f 2992//2992 2844//2844 2833//2833
f 2844//2844 2992//2992 2846//2846
f 2846//2846 2992//2992 2993//2993
f 2846//2846 2993//2993 2836//2836
f 3004//3004 3003//3003 3002//3002
f 3006//3006 3005//3005 3002//3002
f 3002//3002 3005//3005 3004//3004
f 3005//3005 3006//3006 2995//2995
f 2995//2995 3006//3006 2994//2994
f 3006//3006 2849//2849 2994//2994
f 2849//2849 2850//2850 2994//2994
f 2994//2994 2850//2850 2851//2851
f 2994//2994 2851//2851 2997//2997
f 2997//2997 2851//2851 2840//2840
f 2853//2853 2998//2998 2842//2842
f 2998//2998 2853//2853 2854//2854
f 3007//3007 2998//2998 2854//2854
f 3000//3000 2998//2998 3007//3007
f 3001//3001 3000//3000 3008//3008
f 3000//3000 3009//3009 3008//3008
f 3000//3000 3007//3007 3009//3009
f 3011//3011 3010//3010 3009//3009
f 3009//3009 3010//3010 3008//3008
f 3013//3013 3012//3012 3011//3011
f 3011//3011 3012//3012 3010//3010
f 3015//3015 3014//3014 3013//3013
f 3013//3013 3014//3014 3012//3012
f 3017//3017 3016//3016 3015//3015
f 3015//3015 3016//3016 3014//3014
f 3016//3016 3017//3017 3003//3003
f 3017//3017 3002//3002 3003//3003
f 3017//3017 3018//3018 3002//3002
f 3018//3018 2856//2856 2857//2857
f 3006//3006 3018//3018 2857//2857
f 3002//3002 3018//3018 3006//3006
f 3006//3006 2857//2857 2849//2849
f 2858//2858 3007//3007 2854//2854
f 3007//3007 2858//2858 2860//2860
f 3019//3019 3007//3007 2860//2860
f 3009//3009 3007//3007 3019//3019
f 3009//3009 3020//3020 3011//3011
f 3009//3009 3019//3019 3020//3020
f 3011//3011 3021//3021 3013//3013
f 3011//3011 3020//3020 3021//3021
f 3013//3013 3022//3022 3015//3015
f 3013//3013 3021//3021 3022//3022
f 3022//3022 2862//2862 2863//2863
f 3017//3017 3022//3022 2863//2863
f 3015//3015 3022//3022 3017//3017
f 3017//3017 2863//2863 2864//2864
f 3017//3017 2864//2864 3018//3018
f 3018//3018 2864//2864 2856//2856
f 2866//2866 3019//3019 2860//2860
f 3019//3019 2866//2866 2867//2867
f 3019//3019 2867//2867 3020//3020
f 3020//3020 2867//2867 2868//2868
f 3020//3020 2868//2868 3021//3021
f 3021//3021 2868//2868 2869//2869
f 3021//3021 2869//2869 3022//3022
f 3022//3022 2869//2869 2862//2862
f 2878//2878 3023//3023 2879//2879
f 3024//3024 2880//2880 2879//2879
f 3024//3024 2879//2879 3023//3023
f 3025//3025 2881//2881 2880//2880
f 3025//3025 2880//2880 3024//3024
f 3026//3026 2882//2882 2881//2881
f 3026//3026 2881//2881 3025//3025
f 3027//3027 2883//2883 2882//2882
f 3027//3027 2882//2882 3026//3026
f 3027//3027 2885//2885 2883//2883
f 2888//2888 3028//3028 2889//2889
f 3028//3028 3029//3029 2889//2889
f 2889//2889 3029//3029 2878//2878
f 3029//3029 3030//3030 2878//2878
f 3030//3030 3023//3023 2878//2878
f 3023//3023 3030//3030 3024//3024
f 3024//3024 3030//3030 3031//3031
f 3024//3024 3031//3031 3025//3025
f 3025//3025 3031//3031 3032//3032
f 3025//3025 3032//3032 3026//3026
f 3026//3026 3032//3032 3033//3033
f 3035//3035 3034//3034 3033//3033
f 3034//3034 3026//3026 3033//3033
f 3034//3034 3027//3027 3026//3026
f 3036//3036 2890//2890 2885//2885
f 3027//3027 3036//3036 2885//2885
f 3034//3034 3036//3036 3027//3027
f 3037//3037 2891//2891 2890//2890
f 3037//3037 2890//2890 3036//3036
f 3037//3037 2893//2893 2891//2891
f 2896//2896 3038//3038 2897//2897
f 3038//3038 3039//3039 2897//2897
f 2897//2897 3039//3039 2888//2888
f 3039//3039 3040//3040 2888//2888
f 3040//3040 3028//3028 2888//2888
f 3028//3028 3040//3040 3029//3029
f 3035//3035 3041//3041 3034//3034
f 3034//3034 3041//3041 3036//3036
f 3036//3036 3041//3041 3042//3042
f 3044//3044 3043//3043 3042//3042
f 3043//3043 3036//3036 3042//3042
f 3043//3043 3037//3037 3036//3036
f 3045//3045 2901//2901 2893//2893
f 3037//3037 3045//3045 2893//2893
f 3043//3043 3045//3045 3037//3037
f 3045//3045 2903//2903 2901//2901
f 2906//2906 3046//3046 3038//3038
f 2906//2906 3038//3038 2896//2896
f 3039//3039 3038//3038 3047//3047
f 3047//3047 3038//3038 3046//3046
f 3048//3048 2908//2908 2909//2909
f 2910//2910 3049//3049 2909//2909
f 2909//2909 3049//3049 3048//3048
f 2911//2911 3050//3050 2910//2910
f 2910//2910 3050//3050 3049//3049
f 2913//2913 3050//3050 2911//2911
f 3044//3044 3051//3051 3043//3043
f 3053//3053 3052//3052 3051//3051
f 3052//3052 3043//3043 3051//3051
f 3052//3052 3045//3045 3043//3043
f 3054//3054 2915//2915 2903//2903
f 3045//3045 3054//3054 2903//2903
f 3052//3052 3054//3054 3045//3045
f 3054//3054 2917//2917 2915//2915
f 2919//2919 3055//3055 3046//3046
f 2919//2919 3046//3046 2906//2906
f 3047//3047 3046//3046 3056//3056
f 3056//3056 3046//3046 3055//3055
f 3057//3057 2921//2921 3048//3048
f 3048//3048 2921//2921 2908//2908
f 3058//3058 3048//3048 3049//3049
f 3057//3057 3048//3048 3058//3058
f 3059//3059 3049//3049 3050//3050
f 3058//3058 3049//3049 3059//3059
f 2922//2922 3060//3060 2913//2913
f 3060//3060 3050//3050 2913//2913
f 3060//3060 3059//3059 3050//3050
f 2923//2923 3060//3060 2922//2922
f 3052//3052 3053//3053 3061//3061
f 3061//3061 3053//3053 3062//3062
f 3052//3052 3063//3063 3054//3054
f 3052//3052 3061//3061 3063//3063
f 3063//3063 2927//2927 2917//2917
f 3063//3063 2917//2917 3054//3054
f 2929//2929 3064//3064 3055//3055
f 2929//2929 3055//3055 2919//2919
f 3056//3056 3055//3055 3065//3065
f 3065//3065 3055//3055 3064//3064
f 3066//3066 2931//2931 2932//2932
f 2921//2921 3057//3057 2932//2932
f 3057//3057 3066//3066 2932//2932
f 3057//3057 3067//3067 3066//3066
f 3068//3068 3057//3057 3058//3058
f 3067//3067 3057//3057 3068//3068
f 3069//3069 3058//3058 3059//3059
f 3068//3068 3058//3058 3069//3069
f 3070//3070 3059//3059 3060//3060
f 3069//3069 3059//3059 3070//3070
f 2934//2934 3070//3070 2923//2923
f 2923//2923 3070//3070 3060//3060
f 3062//3062 3071//3071 3061//3061
f 3073//3073 3072//3072 3071//3071
f 3072//3072 3061//3061 3071//3071
f 3072//3072 3063//3063 3061//3061
f 3072//3072 2937//2937 2927//2927
f 3072//3072 2927//2927 3063//3063
f 2939//2939 3074//3074 3064//3064
f 2939//2939 3064//3064 2929//2929
f 3065//3065 3064//3064 3075//3075
f 3075//3075 3064//3064 3074//3074
f 3076//3076 2941//2941 3066//3066
f 3066//3066 2941//2941 2931//2931
f 3077//3077 3066//3066 3067//3067
f 3076//3076 3066//3066 3077//3077
f 3078//3078 3067//3067 3068//3068
f 3077//3077 3067//3067 3078//3078
f 3079//3079 3068//3068 3069//3069
f 3078//3078 3068//3068 3079//3079
f 3080//3080 3069//3069 3070//3070
f 3079//3079 3069//3069 3080//3080
f 2943//2943 3080//3080 2934//2934
f 2934//2934 3080//3080 3070//3070
f 3072//3072 3073//3073 3081//3081
f 3081//3081 3073//3073 3082//3082
f 3081//3081 2946//2946 2937//2937
f 3081//3081 2937//2937 3072//3072
f 2948//2948 3083//3083 3074//3074
f 2948//2948 3074//3074 2939//2939
f 3075//3075 3074//3074 3084//3084
f 3084//3084 3074//3074 3083//3083
f 3085//3085 2950//2950 3076//3076
f 3076//3076 2950//2950 2941//2941
f 3086//3086 3076//3076 3077//3077
f 3085//3085 3076//3076 3086//3086
f 3087//3087 3077//3077 3078//3078
f 3086//3086 3077//3077 3087//3087
f 3088//3088 3078//3078 3079//3079
f 3087//3087 3078//3078 3088//3088
f 3089//3089 3079//3079 3080//3080
f 3088//3088 3079//3079 3089//3089
f 2952//2952 3089//3089 2943//2943
f 2943//2943 3089//3089 3080//3080
f 3081//3081 3082//3082 3090//3090
f 3090//3090 3082//3082 3091//3091
f 3090//3090 2955//2955 2946//2946
f 3090//3090 2946//2946 3081//3081
f 2957//2957 3092//3092 3083//3083
f 2957//2957 3083//3083 2948//2948
f 3084//3084 3083//3083 3093//3093
f 3093//3093 3083//3083 3092//3092
f 3085//3085 2959//2959 2950//2950
f 2959//2959 3085//3085 2960//2960
f 3085//3085 3094//3094 2960//2960
f 3085//3085 3086//3086 3094//3094
f 3095//3095 3086//3086 3087//3087
f 3094//3094 3086//3086 3095//3095
f 3096//3096 3087//3087 3088//3088
f 3095//3095 3087//3087 3096//3096
f 3097//3097 3088//3088 3089//3089
f 3096//3096 3088//3088 3097//3097
f 2962//2962 3097//3097 2952//2952
f 2952//2952 3097//3097 3089//3089
f 3100//3100 3099//3099 3098//3098
f 3100//3100 3098//3098 3091//3091
f 3098//3098 3090//3090 3091//3091
f 3098//3098 3101//3101 3090//3090
f 3101//3101 2965//2965 2955//2955
f 3101//3101 2955//2955 3090//3090
f 2967//2967 3102//3102 3092//3092
f 2967//2967 3092//3092 2957//2957
f 3093//3093 3092//3092 3103//3103
f 3103//3103 3092//3092 3102//3102
f 3104//3104 2969//2969 3094//3094
f 3094//3094 2969//2969 2960//2960
f 3105//3105 3094//3094 3095//3095
f 3104//3104 3094//3094 3105//3105
f 3106//3106 3095//3095 3096//3096
f 3105//3105 3095//3095 3106//3106
f 2972//2972 3106//3106 2971//2971
f 3106//3106 3097//3097 2971//2971
f 3106//3106 3096//3096 3097//3097
f 2971//2971 3097//3097 2962//2962
f 3098//3098 3099//3099 3107//3107
f 3107//3107 3099//3099 3108//3108
f 3098//3098 3109//3109 3101//3101
f 3098//3098 3107//3107 3109//3109
f 3109//3109 2975//2975 2965//2965
f 3109//3109 2965//2965 3101//3101
f 2977//2977 3110//3110 3102//3102
f 2977//2977 3102//3102 2967//2967
f 3103//3103 3102//3102 3111//3111
f 3111//3111 3102//3102 3110//3110
f 3104//3104 2979//2979 2969//2969
f 2979//2979 3104//3104 2982//2982
f 2982//2982 3104//3104 3105//3105
f 2982//2982 3105//3105 2984//2984
f 2984//2984 3105//3105 3106//3106
f 2984//2984 3106//3106 2972//2972
f 3114//3114 3113//3113 3112//3112
f 3114//3114 3112//3112 3108//3108
f 3112//3112 3107//3107 3108//3108
f 3112//3112 3115//3115 3107//3107
f 3115//3115 2986//2986 2987//2987
f 3109//3109 3115//3115 2987//2987
f 3107//3107 3115//3115 3109//3109
f 3109//3109 2987//2987 2975//2975
f 2989//2989 3110//3110 2977//2977
f 3117//3117 3116//3116 2991//2991
f 2991//2991 3116//3116 2989//2989
f 3116//3116 3111//3111 2989//2989
f 3111//3111 3110//3110 2989//2989
f 3117//3117 3118//3118 3116//3116
f 3121//3121 3120//3120 3119//3119
f 3121//3121 3119//3119 3113//3113
f 3119//3119 3112//3112 3113//3113
f 3119//3119 3122//3122 3112//3112
f 3122//3122 2995//2995 2996//2996
f 3115//3115 3122//3122 2996//2996
f 3112//3112 3122//3122 3115//3115
f 3115//3115 2996//2996 2986//2986
f 2999//2999 3117//3117 2991//2991
f 3124//3124 3123//3123 3001//3001
f 3001//3001 3123//3123 2999//2999
f 3123//3123 3118//3118 2999//2999
f 3118//3118 3117//3117 2999//2999
f 3126//3126 3125//3125 3124//3124
f 3124//3124 3125//3125 3123//3123
f 3128//3128 3127//3127 3126//3126
f 3126//3126 3127//3127 3125//3125
f 3130//3130 3129//3129 3128//3128
f 3128//3128 3129//3129 3127//3127
f 3132//3132 3131//3131 3130//3130
f 3130//3130 3131//3131 3129//3129
f 3131//3131 3132//3132 3120//3120
f 3120//3120 3132//3132 3119//3119
f 3132//3132 3003//3003 3119//3119
f 3003//3003 3004//3004 3119//3119
f 3119//3119 3004//3004 3005//3005
f 3119//3119 3005//3005 3122//3122
f 3122//3122 3005//3005 2995//2995
f 3008//3008 3124//3124 3001//3001
f 3124//3124 3008//3008 3010//3010
f 3124//3124 3010//3010 3126//3126
f 3126//3126 3010//3010 3012//3012
f 3126//3126 3012//3012 3128//3128
f 3128//3128 3012//3012 3014//3014
f 3128//3128 3014//3014 3130//3130
f 3130//3130 3014//3014 3016//3016
f 3130//3130 3016//3016 3132//3132
f 3132//3132 3016//3016 3003//3003
f 3029//3029 3133//3133 3030//3030
f 3134//3134 3031//3031 3030//3030
f 3134//3134 3030//3030 3133//3133
f 3135//3135 3032//3032 3031//3031
f 3135//3135 3031//3031 3134//3134
f 3136//3136 3033//3033 3032//3032
f 3136//3136 3032//3032 3135//3135
f 3136//3136 3035//3035 3033//3033
f 3039//3039 3137//3137 3040//3040
f 3133//3133 3029//3029 3040//3040
f 3137//3137 3133//3133 3040//3040
f 3138//3138 3133//3133 3137//3137
f 3133//3133 3139//3139 3134//3134
f 3133//3133 3138//3138 3139//3139
f 3134//3134 3140//3140 3135//3135
f 3134//3134 3139//3139 3140//3140
f 3135//3135 3141//3141 3136//3136
f 3135//3135 3140//3140 3141//3141
f 3142//3142 3041//3041 3035//3035
f 3136//3136 3142//3142 3035//3035
f 3141//3141 3142//3142 3136//3136
f 3143//3143 3042//3042 3041//3041
f 3143//3143 3041//3041 3142//3142
f 3143//3143 3044//3044 3042//3042
f 3047//3047 3144//3144 3137//3137
f 3047//3047 3137//3137 3039//3039
f 3137//3137 3145//3145 3138//3138
f 3137//3137 3144//3144 3145//3145
f 3147//3147 3139//3139 3146//3146
f 3139//3139 3145//3145 3146//3146
f 3139//3139 3138//3138 3145//3145
f 3139//3139 3147//3147 3140//3140
f 3140//3140 3147//3147 3148//3148
f 3150//3150 3149//3149 3148//3148
f 3149//3149 3140//3140 3148//3148
f 3149//3149 3141//3141 3140//3140
f 3141//3141 3151//3151 3142//3142
f 3141//3141 3149//3149 3151//3151
f 3142//3142 3152//3152 3143//3143
f 3142//3142 3151//3151 3152//3152
f 3153//3153 3051//3051 3044//3044
f 3143//3143 3153//3153 3044//3044
f 3152//3152 3153//3153 3143//3143
f 3153//3153 3053//3053 3051//3051
f 3056//3056 3154//3154 3144//3144
f 3056//3056 3144//3144 3047//3047
f 3156//3156 3145//3145 3155//3155
f 3145//3145 3154//3154 3155//3155
f 3145//3145 3144//3144 3154//3154
f 3145//3145 3156//3156 3146//3146
f 3150//3150 3157//3157 3149//3149
f 3159//3159 3158//3158 3157//3157
f 3158//3158 3149//3149 3157//3157
f 3158//3158 3151//3151 3149//3149
f 3151//3151 3160//3160 3152//3152
f 3151//3151 3158//3158 3160//3160
f 3152//3152 3161//3161 3153//3153
f 3152//3152 3160//3160 3161//3161
f 3161//3161 3062//3062 3053//3053
f 3161//3161 3053//3053 3153//3153
f 3065//3065 3162//3162 3154//3154
f 3065//3065 3154//3154 3056//3056
f 3155//3155 3154//3154 3163//3163
f 3163//3163 3154//3154 3162//3162
f 3159//3159 3164//3164 3158//3158
f 3166//3166 3165//3165 3164//3164
f 3165//3165 3158//3158 3164//3164
f 3165//3165 3160//3160 3158//3158
f 3160//3160 3167//3167 3161//3161
f 3160//3160 3165//3165 3167//3167
f 3168//3168 3071//3071 3062//3062
f 3161//3161 3168//3168 3062//3062
f 3167//3167 3168//3168 3161//3161
f 3168//3168 3073//3073 3071//3071
f 3075//3075 3169//3169 3162//3162
f 3075//3075 3162//3162 3065//3065
f 3163//3163 3162//3162 3170//3170
f 3170//3170 3162//3162 3169//3169
f 3165//3165 3166//3166 3171//3171
f 3171//3171 3166//3166 3172//3172
f 3165//3165 3173//3173 3167//3167
f 3165//3165 3171//3171 3173//3173
f 3167//3167 3174//3174 3168//3168
f 3167//3167 3173//3173 3174//3174
f 3174//3174 3082//3082 3073//3073
f 3174//3174 3073//3073 3168//3168
f 3084//3084 3175//3175 3169//3169
f 3084//3084 3169//3169 3075//3075
f 3170//3170 3169//3169 3176//3176
f 3176//3176 3169//3169 3175//3175
f 3171//3171 3172//3172 3177//3177
f 3177//3177 3172//3172 3178//3178
f 3171//3171 3179//3179 3173//3173
f 3171//3171 3177//3177 3179//3179
f 3173//3173 3180//3180 3174//3174
f 3173//3173 3179//3179 3180//3180
f 3180//3180 3091//3091 3082//3082
f 3180//3180 3082//3082 3174//3174
f 3093//3093 3181//3181 3175//3175
f 3093//3093 3175//3175 3084//3084
f 3176//3176 3175//3175 3182//3182
f 3182//3182 3175//3175 3181//3181
f 3185//3185 3184//3184 3183//3183
f 3185//3185 3183//3183 3178//3178
f 3183//3183 3177//3177 3178//3178
f 3183//3183 3186//3186 3177//3177
f 3177//3177 3187//3187 3179//3179
f 3177//3177 3186//3186 3187//3187
f 3187//3187 3099//3099 3100//3100
f 3180//3180 3187//3187 3100//3100
f 3179//3179 3187//3187 3180//3180
f 3180//3180 3100//3100 3091//3091
f 3103//3103 3188//3188 3181//3181
f 3103//3103 3181//3181 3093//3093
f 3182//3182 3181//3181 3189//3189
f 3189//3189 3181//3181 3188//3188
f 3192//3192 3191//3191 3190//3190
f 3192//3192 3190//3190 3184//3184
f 3190//3190 3183//3183 3184//3184
f 3190//3190 3193//3193 3183//3183
f 3183//3183 3194//3194 3186//3186
f 3183//3183 3193//3193 3194//3194
f 3186//3186 3195//3195 3187//3187
f 3186//3186 3194//3194 3195//3195
f 3195//3195 3108//3108 3099//3099
f 3195//3195 3099//3099 3187//3187
f 3111//3111 3196//3196 3188//3188
f 3111//3111 3188//3188 3103//3103
f 3189//3189 3188//3188 3197//3197
f 3188//3188 3198//3198 3197//3197
f 3188//3188 3196//3196 3198//3198
f 3200//3200 3199//3199 3198//3198
f 3198//3198 3199//3199 3197//3197
f 3202//3202 3201//3201 3200//3200
f 3200//3200 3201//3201 3199//3199
f 3201//3201 3202//3202 3191//3191
f 3202//3202 3190//3190 3191//3191
f 3202//3202 3203//3203 3190//3190
f 3190//3190 3204//3204 3193//3193
f 3190//3190 3203//3203 3204//3204
f 3193//3193 3205//3205 3194//3194
f 3193//3193 3204//3204 3205//3205
f 3205//3205 3113//3113 3114//3114
f 3195//3195 3205//3205 3114//3114
f 3194//3194 3205//3205 3195//3195
f 3195//3195 3114//3114 3108//3108
f 3116//3116 3196//3196 3111//3111
f 3196//3196 3116//3116 3118//3118
f 3206//3206 3196//3196 3118//3118
f 3198//3198 3196//3196 3206//3206
f 3198//3198 3207//3207 3200//3200
f 3198//3198 3206//3206 3207//3207
f 3200//3200 3208//3208 3202//3202
f 3200//3200 3207//3207 3208//3208
f 3202//3202 3209//3209 3203//3203
f 3202//3202 3208//3208 3209//3209
f 3203//3203 3210//3210 3204//3204
f 3203//3203 3209//3209 3210//3210
f 3210//3210 3120//3120 3121//3121
f 3205//3205 3210//3210 3121//3121
f 3204//3204 3210//3210 3205//3205
f 3205//3205 3121//3121 3113//3113
f 3123//3123 3206//3206 3118//3118
f 3206//3206 3123//3123 3125//3125
f 3206//3206 3125//3125 3207//3207
f 3207//3207 3125//3125 3127//3127
f 3207//3207 3127//3127 3208//3208
f 3208//3208 3127//3127 3129//3129
f 3208//3208 3129//3129 3209//3209
f 3209//3209 3129//3129 3131//3131
f 3209//3209 3131//3131 3210//3210
f 3210//3210 3131//3131 3120//3120
f 3146//3146 3211//3211 3147//3147
f 3212//3212 3148//3148 3147//3147
f 3212//3212 3147//3147 3211//3211
f 3212//3212 3150//3150 3148//3148
f 3155//3155 3213//3213 3156//3156
f 3211//3211 3146//3146 3156//3156
f 3213//3213 3211//3211 3156//3156
f 3214//3214 3211//3211 3213//3213
f 3211//3211 3215//3215 3212//3212
f 3211//3211 3214//3214 3215//3215
f 3216//3216 3157//3157 3150//3150
f 3212//3212 3216//3216 3150//3150
f 3215//3215 3216//3216 3212//3212
f 3216//3216 3159//3159 3157//3157
f 3163//3163 3217//3217 3213//3213
f 3163//3163 3213//3213 3155//3155
f 3213//3213 3218//3218 3214//3214
f 3213//3213 3217//3217 3218//3218
f 3214//3214 3219//3219 3215//3215
f 3214//3214 3218//3218 3219//3219
f 3215//3215 3220//3220 3216//3216
f 3215//3215 3219//3219 3220//3220
f 3221//3221 3164//3164 3159//3159
f 3216//3216 3221//3221 3159//3159
f 3220//3220 3221//3221 3216//3216
f 3221//3221 3166//3166 3164//3164
f 3170//3170 3222//3222 3217//3217
f 3170//3170 3217//3217 3163//3163
f 3217//3217 3223//3223 3218//3218
f 3217//3217 3222//3222 3223//3223
f 3218//3218 3224//3224 3219//3219
f 3218//3218 3223//3223 3224//3224
f 3219//3219 3225//3225 3220//3220
f 3219//3219 3224//3224 3225//3225
f 3220//3220 3226//3226 3221//3221
f 3220//3220 3225//3225 3226//3226
f 3226//3226 3172//3172 3166//3166
f 3226//3226 3166//3166 3221//3221
f 3176//3176 3227//3227 3222//3222
f 3176//3176 3222//3222 3170//3170
f 3222//3222 3228//3228 3223//3223
f 3222//3222 3227//3227 3228//3228
f 3223//3223 3229//3229 3224//3224
f 3223//3223 3228//3228 3229//3229
f 3224//3224 3230//3230 3225//3225
f 3224//3224 3229//3229 3230//3230
f 3225//3225 3231//3231 3226//3226
f 3225//3225 3230//3230 3231//3231
f 3231//3231 3178//3178 3172//3172
f 3231//3231 3172//3172 3226//3226
f 3182//3182 3232//3232 3227//3227
f 3182//3182 3227//3227 3176//3176
f 3227//3227 3233//3233 3228//3228
f 3227//3227 3232//3232 3233//3233
f 3228//3228 3234//3234 3229//3229
f 3228//3228 3233//3233 3234//3234
f 3229//3229 3235//3235 3230//3230
f 3229//3229 3234//3234 3235//3235
f 3235//3235 3184//3184 3185//3185
f 3231//3231 3235//3235 3185//3185
f 3230//3230 3235//3235 3231//3231
f 3231//3231 3185//3185 3178//3178
f 3189//3189 3236//3236 3232//3232
f 3189//3189 3232//3232 3182//3182
f 3232//3232 3237//3237 3233//3233
f 3232//3232 3236//3236 3237//3237
f 3233//3233 3238//3238 3234//3234
f 3233//3233 3237//3237 3238//3238
f 3238//3238 3191//3191 3192//3192
f 3235//3235 3238//3238 3192//3192
f 3234//3234 3238//3238 3235//3235
f 3235//3235 3192//3192 3184//3184
f 3197//3197 3236//3236 3189//3189
f 3236//3236 3197//3197 3199//3199
f 3236//3236 3199//3199 3237//3237
f 3237//3237 3199//3199 3201//3201
f 3237//3237 3201//3201 3238//3238
f 3238//3238 3201//3201 3191//3191

