{
  "thr_low": 0.18165747407078742,
  "thr_high": 0.1928940188586712,
  "ema_thr": 0.1872757464647293,
  "mean_prob": 0.21528370678424835,
  "J_min": 0.999998927116394,
  "J_mean": 0.9999998807907104,
  "J_frac_lt_Jmin": 0.0,
  "ema_thr_next": 0.1872757464647293,
  "ema_ratio_next": null
}